,t_199,t_198,t_197,t_196,t_195,t_194,t_193,t_192,t_191,t_190,t_189,t_188,t_187,t_186,t_185,t_184,t_183,t_182,t_181,t_180,t_179,t_178,t_177,t_176,t_175,t_174,t_173,t_172,t_171,t_170,t_169,t_168,t_167,t_166,t_165,t_164,t_163,t_162,t_161,t_160,t_159,t_158,t_157,t_156,t_155,t_154,t_153,t_152,t_151,t_150,t_149,t_148,t_147,t_146,t_145,t_144,t_143,t_142,t_141,t_140,t_139,t_138,t_137,t_136,t_135,t_134,t_133,t_132,t_131,t_130,t_129,t_128,t_127,t_126,t_125,t_124,t_123,t_122,t_121,t_120,t_119,t_118,t_117,t_116,t_115,t_114,t_113,t_112,t_111,t_110,t_109,t_108,t_107,t_106,t_105,t_104,t_103,t_102,t_101,t_100,t_99,t_98,t_97,t_96,t_95,t_94,t_93,t_92,t_91,t_90,t_89,t_88,t_87,t_86,t_85,t_84,t_83,t_82,t_81,t_80,t_79,t_78,t_77,t_76,t_75,t_74,t_73,t_72,t_71,t_70,t_69,t_68,t_67,t_66,t_65,t_64,t_63,t_62,t_61,t_60,t_59,t_58,t_57,t_56,t_55,t_54,t_53,t_52,t_51,t_50,t_49,t_48,t_47,t_46,t_45,t_44,t_43,t_42,t_41,t_40,t_39,t_38,t_37,t_36,t_35,t_34,t_33,t_32,t_31,t_30,t_29,t_28,t_27,t_26,t_25,t_24,t_23,t_22,t_21,t_20,t_19,t_18,t_17,t_16,t_15,t_14,t_13,t_12,t_11,t_10,t_9,t_8,t_7,t_6,t_5,t_4,t_3,t_2,t_1,t_0
t_199,0.0,0.04792133010923862,0.04799754451960325,0.05746152456849814,0.06571317799389362,0.07882895730435849,0.10252068303525448,0.12555249482393266,0.15254798382520676,0.16624680683016776,0.18814945444464684,0.21343818604946135,0.22138033881783487,0.25282830074429513,0.2706210002303123,0.30240362882614136,0.33088814914226533,0.36064696311950684,0.3736943930387497,0.4053142085671425,0.4379510939121246,0.44829927682876586,0.4748303726315498,0.5052675306797028,0.5275302261114121,0.5445512413978577,0.5661384165287018,0.5945473045110703,0.6145101219415665,0.6350929945707321,0.6632604479789734,0.6748047918081284,0.7032668590545654,0.7147348433732986,0.7386737674474716,0.7589764416217804,0.7673173904418945,0.7866701602935791,0.7997416466474533,0.8152111500501633,0.8254624664783478,0.8411074310541153,0.856361785531044,0.8626450210809707,0.8797322243452073,0.8884479701519012,0.9006054848432541,0.9105993181467056,0.9240241587162018,0.9334687769412995,0.9431991815567017,0.953607302904129,0.9635232418775559,0.9740992039442062,0.9830550968647003,0.9943512320518494,1.0033093333244323,1.012771087884903,1.0212112843990326,1.0273603558540345,1.0387067556381226,1.0455817699432373,1.0542761862277985,1.0610080063343048,1.070324605703354,1.0772656619548797,1.084995436668396,1.0906947731971741,1.0971895098686217,1.102310484647751,1.1074289321899413,1.114968341588974,1.1218878149986267,1.1264685988426208,1.1315591633319855,1.1351148068904877,1.1397015750408173,1.1473611652851106,1.1553384721279145,1.157328051328659,1.161875033378601,1.1681263267993927,1.1730409204959868,1.17734654545784,1.1822380900382996,1.1838278234004975,1.190906673669815,1.1934267640113831,1.19659783244133,1.2003294110298157,1.2060205280780791,1.2082051455974578,1.2111739814281464,1.2130004346370697,1.2190605878829956,1.219369149208069,1.2212314784526825,1.2256675839424134,1.2315167725086211,1.2337206840515136,1.2372944414615632,1.2379245698451995,1.2402320146560668,1.2466900110244752,1.2492250621318817,1.247282862663269,1.2501979887485504,1.2558821439743042,1.2568220973014832,1.2577811241149903,1.2593304455280303,1.265711283683777,1.265610158443451,1.2658047437667848,1.2710085213184357,1.2716956913471222,1.2723549842834472,1.2734914004802704,1.2794090569019319,1.2823508143424989,1.284955197572708,1.2810405135154723,1.2823341608047485,1.2836079239845275,1.2857804894447327,1.2871064841747284,1.2890280961990357,1.2905135989189147,1.291755086183548,1.2938145101070404,1.293788981437683,1.295469158887863,1.2961600959300994,1.3020267188549042,1.2987968385219575,1.3018665134906768,1.3019379734992982,1.3026241421699525,1.3046845734119414,1.3054547905921936,1.3064530193805695,1.308767944574356,1.3094094455242158,1.3093898594379425,1.3103757977485657,1.3104921519756316,1.314139723777771,1.3142075181007384,1.313120925426483,1.3148684680461884,1.3146314859390258,1.3158263504505157,1.3153350472450256,1.3167373836040497,1.3178975939750672,1.3177146315574646,1.3196484744548798,1.319501167535782,1.3202468812465669,1.3221492648124695,1.3210267961025237,1.3214787185192107,1.3227151691913606,1.3254185497760773,1.3232610702514649,1.325692880153656,1.326526951789856,1.3265867948532104,1.3260033965110778,1.3270644545555115,1.3281262159347533,1.3279752910137177,1.3294198274612428,1.331076455116272,1.3292048573493958,1.3300178170204162,1.3299671292304993,1.3311766147613526,1.329780602455139,1.3316571474075318,1.3313587307929993,1.3306391775608062,1.3316521167755127,1.3319409787654877,1.3342279314994812,1.3333151578903197,1.3320621609687806,1.333439874649048,1.3349020302295684,1.3338501453399658,1.333565104007721,1.3345472872257234,1.3351679921150208,1.3352405250072479,1.3377359747886657,1.3346945583820342,1.3355263471603394,1.3347680211067199,1.335645180940628,1.3371129095554353
t_198,0.04792133010923862,0.0,0.04520716872066259,0.044852645322680476,0.052870891988277435,0.06344881244003772,0.08616731092333793,0.10894399248063565,0.13499141559004785,0.1482451595366001,0.17026228681206704,0.19574389979243279,0.20316569954156877,0.23442895859479904,0.25277502834796906,0.2851166069507599,0.3137988939881325,0.34308515191078187,0.35622011572122575,0.3878585323691368,0.42137984186410904,0.43154755383729937,0.4582742914557457,0.48914314061403275,0.5115727692842483,0.5287747621536255,0.5507047653198243,0.579330450296402,0.5994268178939819,0.6204468756914139,0.6488081842660904,0.6603136777877807,0.6894591838121414,0.7006332308053971,0.7248709112405777,0.7455461263656616,0.7539063513278961,0.7735757380723953,0.7869228899478913,0.8025658875703812,0.8130429446697235,0.8287912487983704,0.8442449033260345,0.8507057875394821,0.8682531744241715,0.8769240260124207,0.8891802281141281,0.8994777113199234,0.9130909442901611,0.9229511767625809,0.9326084792613983,0.9431667625904083,0.9533795416355133,0.9641215801239014,0.9733506828546524,0.9848168551921844,0.9940277814865113,1.0036647289991378,1.0122461915016174,1.0185323536396027,1.0301769971847534,1.0371793329715728,1.0460087954998016,1.0531169474124908,1.062446790933609,1.0696075022220612,1.0774737775325776,1.0833708107471467,1.0900055110454558,1.095350295305252,1.1005394518375398,1.108322060108185,1.1154149651527405,1.119990873336792,1.1252741158008575,1.1291149437427521,1.1338387191295625,1.141358733177185,1.1495346248149871,1.1517611265182495,1.1563535451889038,1.1627522885799408,1.167692631483078,1.1722308576107026,1.1770742118358613,1.1788598597049713,1.1859281539916993,1.1885177135467528,1.191910022497177,1.1956655502319335,1.2014099836349488,1.2036650598049163,1.2068186402320862,1.208858346939087,1.2148016035556792,1.215400266647339,1.217301332950592,1.2218134939670562,1.2275450885295869,1.229812252521515,1.2335055649280549,1.2343001127243043,1.2366913378238678,1.2430765151977539,1.2456160604953765,1.2439445555210114,1.2468473076820374,1.2524634957313538,1.2534380376338958,1.25458722114563,1.2562263488769532,1.2624060571193696,1.2625392258167267,1.262778067588806,1.2679043114185333,1.268724948167801,1.2694562256336213,1.2706914484500884,1.2763767838478088,1.2793636620044708,1.2820428729057312,1.278285276889801,1.2796790957450868,1.2810096323490143,1.283142340183258,1.2845552623271943,1.2864950537681579,1.28800767660141,1.2892725229263307,1.2912352621555327,1.2913275599479674,1.2930211186408997,1.2937647163867951,1.2994153201580048,1.2964407682418824,1.2995358228683471,1.2995981216430663,1.3003142774105072,1.3024195313453675,1.3031639635562897,1.3042142868041993,1.3064888179302216,1.3072002112865448,1.3071797370910645,1.3082092642784118,1.3083163917064666,1.3118673086166381,1.311960369348526,1.3109835386276245,1.312723594903946,1.3125316441059112,1.313724982738495,1.3132739186286926,1.3146535873413085,1.315831220149994,1.315683478116989,1.3175702571868897,1.3174533128738404,1.318233060836792,1.3200566351413727,1.3190132081508636,1.3194774985313416,1.3207288265228272,1.3233674705028533,1.321281945705414,1.323644232749939,1.3245330154895782,1.3245646715164185,1.324027955532074,1.325045645236969,1.3260947346687317,1.3260079622268677,1.3274029850959779,1.3290661931037904,1.3271949410438537,1.328006237745285,1.3280387699604035,1.329134500026703,1.3278621137142181,1.3297271609306336,1.3294097900390625,1.3287130832672118,1.3296885788440704,1.330027848482132,1.3323099076747895,1.3313803791999816,1.330144226551056,1.3315012216567994,1.3329306960105896,1.3319339215755464,1.3316447854042053,1.3325975298881532,1.3332065284252166,1.3332960903644562,1.3356844365596772,1.332741928100586,1.333581656217575,1.3328523695468903,1.3337149918079376,1.3351416528224944
t_197,0.04799754451960325,0.04520716872066259,0.0,0.0467683469876647,0.05379290301352739,0.062450526468455794,0.08581570275127888,0.10833385139703751,0.13532225415110588,0.1486584059894085,0.17098390385508538,0.19629236087203025,0.2039191357791424,0.23497463166713714,0.25293151661753654,0.28505360782146455,0.3137455314397812,0.3435568749904633,0.35665129125118256,0.388378968834877,0.421468748152256,0.43178572952747346,0.45855335891246796,0.48937413841485977,0.511822497844696,0.528975760936737,0.5508113741874695,0.5795707434415818,0.5997398674488068,0.6206248104572296,0.6490838259458542,0.6607546955347061,0.6896173447370529,0.7012719839811326,0.7255222350358963,0.7461851567029953,0.7546096980571747,0.7743362784385681,0.7876324504613876,0.8033626347780227,0.813859149813652,0.829779714345932,0.8453367978334427,0.8517658919095993,0.8692824274301529,0.8781081050634384,0.8905522495508194,0.9008040875196457,0.9145438611507416,0.9242466449737549,0.9341957956552506,0.9449075788259507,0.9551048576831818,0.9658889085054397,0.975100788474083,0.9867045551538467,0.9959193080663681,1.0055852681398392,1.0141851127147674,1.0205945312976836,1.0322096645832062,1.0392869710922241,1.0481567144393922,1.0550750017166137,1.0646178245544433,1.0717449903488159,1.0796453535556794,1.0855384111404418,1.0921793460845948,1.097463643550873,1.1026923775672912,1.110410177707672,1.117477935552597,1.12214497923851,1.1273923635482788,1.13103449344635,1.1357462584972382,1.143548059463501,1.1517140090465545,1.1537161469459534,1.1583516716957092,1.1646953701972962,1.1697407841682435,1.1741509199142457,1.1791119158267975,1.1807691991329192,1.1879242360591888,1.1905104696750641,1.193751621246338,1.1975897133350373,1.203332430124283,1.2055889904499053,1.2086497724056244,1.2104527473449707,1.2166308999061584,1.2169945776462554,1.2188585460186006,1.2233830392360687,1.2293017864227296,1.2315253555774688,1.235135841369629,1.2358301401138305,1.2381852090358734,1.244716513156891,1.247283971309662,1.2453516483306886,1.2483003735542297,1.254076063632965,1.2550015509128571,1.2559766054153443,1.2575437903404236,1.264008927345276,1.263910323381424,1.2641292691230774,1.2693750619888307,1.2700813829898834,1.2707581162452697,1.2719335198402404,1.2778977036476136,1.2808869361877442,1.283561074733734,1.2795625388622285,1.2808635413646698,1.2821844875812531,1.2843714594841003,1.285725510120392,1.287646722793579,1.2891517460346222,1.2904066860675811,1.2924865007400512,1.2924920439720153,1.294174587726593,1.2948830664157867,1.3008102536201478,1.2975539863109589,1.300662636756897,1.300736403465271,1.3014281749725343,1.3034991800785065,1.3042865991592407,1.3052829802036285,1.3076418876647948,1.3082852602005004,1.3082634925842285,1.3092569530010223,1.3093819856643676,1.3130557000637055,1.3131451845169066,1.3120508790016174,1.3137850403785705,1.313576328754425,1.314762830734253,1.3143112719058991,1.315697395801544,1.316859346628189,1.3166950941085815,1.3186256289482117,1.3184751212596892,1.319241964817047,1.3211746096611023,1.3200251281261444,1.320484310388565,1.3217136561870575,1.324469769001007,1.3222792148590088,1.324711138010025,1.3255706310272217,1.325634664297104,1.325041502714157,1.3261038959026337,1.327164214849472,1.327019464969635,1.3284657418727874,1.3301468670368195,1.3282583951950073,1.3290625274181367,1.3290368735790252,1.3302316844463349,1.3288346469402312,1.3307285070419312,1.3303916692733764,1.3296755194664,1.3306855261325836,1.3309811711311341,1.3333080112934113,1.3323472380638122,1.331084167957306,1.3324739158153533,1.3339537858963013,1.3328713417053222,1.3325814604759216,1.333581119775772,1.3341969132423401,1.334270703792572,1.336799567937851,1.3337159276008606,1.3345493614673614,1.333766233921051,1.3346433222293854,1.3361348092556
t_196,0.05746152456849814,0.044852645322680476,0.0467683469876647,0.0,0.04525428619235754,0.05081965085119009,0.07258268259465694,0.0940670233219862,0.11988023370504379,0.13267542347311972,0.15462576597929,0.180342385917902,0.18755943104624748,0.2189202733337879,0.23704024031758308,0.2695759892463684,0.29853845983743665,0.3280520737171173,0.3413378491997719,0.37305718958377837,0.4067988350987434,0.417105732858181,0.44402206093072893,0.4751293361186981,0.4978205606341362,0.5151896864175797,0.5372663587331772,0.5662635743618012,0.586589229106903,0.607826879620552,0.6365119606256485,0.6482277810573578,0.6776089668273926,0.6890985488891601,0.7136531561613083,0.7346274197101593,0.7431662172079087,0.7631423026323318,0.7766572922468186,0.7925524085760116,0.8032418251037597,0.8193250328302384,0.8350608468055725,0.8416128486394883,0.8594541847705841,0.8683635503053665,0.880912184715271,0.8914082199335098,0.9053265661001205,0.9153227418661117,0.9252994000911713,0.9361588597297669,0.9465625196695328,0.9575064212083817,0.966953131556511,0.9786861449480057,0.988086599111557,0.9978961557149887,1.0066812872886657,1.0132248133420945,1.0250445246696471,1.0322578012943269,1.0412356317043305,1.0484281122684478,1.0580700099468232,1.0653185725212098,1.073346334695816,1.0794174790382385,1.086142247915268,1.0915953814983368,1.096922367811203,1.1048267185688019,1.1119744241237641,1.1167145907878875,1.1220906913280486,1.1259512305259705,1.1307635068893434,1.1385312974452972,1.1468037247657776,1.1490005016326905,1.1536787509918214,1.160135692358017,1.1652328073978424,1.1697653114795685,1.1747369468212128,1.176529860496521,1.1837241291999816,1.1863679587841034,1.1897476434707641,1.1936354100704194,1.199411803483963,1.2017501533031463,1.2049107432365418,1.2068647742271423,1.212993961572647,1.2135284662246704,1.2154607951641083,1.2200302064418793,1.2259031534194946,1.2281988084316253,1.2318815767765046,1.2326870203018188,1.235087013244629,1.2415644347667694,1.2441532135009765,1.2424127817153932,1.2453724503517152,1.2510966181755065,1.2520772397518158,1.2531800806522368,1.2547924995422364,1.2611651420593262,1.2611895024776458,1.2614644169807434,1.266675353050232,1.2674618422985078,1.2682015419006347,1.2694433093070985,1.275279039144516,1.2782733917236329,1.280983418226242,1.277118879556656,1.2784790337085723,1.279847228527069,1.2820238053798676,1.2834219336509705,1.2853416204452515,1.2868722259998322,1.2881668567657472,1.2901957213878632,1.2902652680873872,1.291957253217697,1.2927088975906371,1.2985050618648528,1.2953996241092682,1.2985138773918152,1.2985954225063323,1.2993134677410125,1.301406854391098,1.3021997690200806,1.3032327711582183,1.305548721551895,1.3062454760074615,1.3062308132648468,1.307248091697693,1.3073761284351348,1.3109803676605225,1.3110909402370452,1.31005916595459,1.3117880523204803,1.311626797914505,1.3128096044063569,1.312368506193161,1.3137362480163575,1.31490758061409,1.3147845208644866,1.3166817903518677,1.3165689527988433,1.3173406839370727,1.319226288795471,1.3181327283382416,1.3186030507087707,1.3198513090610504,1.3225464344024658,1.3204072058200835,1.3228015303611755,1.3236899852752686,1.3237438440322875,1.3231817126274108,1.324224591255188,1.3252900660037994,1.3251710414886475,1.3265882670879363,1.3282630681991576,1.3263865292072297,1.3271897971630096,1.327195554971695,1.3283462882041932,1.3270140528678893,1.328897660970688,1.3285575568675996,1.3278710126876831,1.3288575291633606,1.3291786313056946,1.3314818918704987,1.330532479286194,1.32929470539093,1.3306698024272918,1.3321148574352264,1.3310810983181,1.3307840764522552,1.3317732572555543,1.332396185398102,1.3324628293514251,1.3349341690540313,1.3319089770317079,1.332739269733429,1.3319824039936066,1.3328460812568665,1.3343124389648438
t_195,0.06571317799389362,0.052870891988277435,0.05379290301352739,0.04525428619235754,0.0,0.043416138365864755,0.06081457883119583,0.08031155616044998,0.1065272819250822,0.11980985328555108,0.141492035984993,0.16662726327776908,0.17424971461296082,0.20554535761475562,0.22336602658033372,0.2556291550397873,0.28435325622558594,0.31455816626548766,0.32782207429409027,0.35993325263261794,0.3932725191116333,0.40378872603178023,0.4309343099594116,0.4621685728430748,0.4849950298666954,0.5024508908390999,0.524648728966713,0.553928691148758,0.5744702935218811,0.5957185178995132,0.6247594147920609,0.636694946885109,0.6661142498254776,0.6780655384063721,0.7028434336185455,0.7239462822675705,0.7326109766960144,0.7528156697750091,0.7664111226797103,0.7825323909521102,0.7933263003826141,0.8096934497356415,0.8256706863641738,0.8322626620531082,0.8502031445503235,0.8594135880470276,0.8722490191459655,0.8828120052814483,0.8969817787408829,0.9069317758083344,0.9173153370618821,0.9284501224756241,0.9389715254306793,0.9500991433858872,0.9596335500478744,0.9716320514678956,0.981168019771576,0.9911639273166657,1.000101512670517,1.0068667620420455,1.0188199996948242,1.0262215852737426,1.0353979349136353,1.0425159752368927,1.0525245070457458,1.0598643660545348,1.0680571973323822,1.074226713180542,1.0810989677906035,1.0865619897842407,1.092059028148651,1.1000233352184297,1.107275402545929,1.1122163951396942,1.1176543295383454,1.1214070856571197,1.1263056993484497,1.1344987809658051,1.142873078584671,1.1449265718460082,1.149735724925995,1.1562480211257935,1.1615631401538848,1.166054230928421,1.1712421953678132,1.1729649543762206,1.1803727328777314,1.1831069231033324,1.1863814532756805,1.1904403746128083,1.1963294565677642,1.1987415313720704,1.2018605709075927,1.203650027513504,1.2101057171821594,1.2104381918907166,1.2124128937721252,1.21706782579422,1.223236221075058,1.2255616366863251,1.2292014420032502,1.2299585700035096,1.232371801137924,1.2390940368175507,1.2417748391628265,1.239780879020691,1.2428401052951812,1.2488276660442352,1.2498032867908477,1.250757086277008,1.2523408949375152,1.259108304977417,1.2589024543762206,1.2591976344585418,1.2646010875701905,1.265310937166214,1.2660270154476165,1.2672420561313629,1.273448544740677,1.27649005651474,1.2792440354824066,1.2751111090183258,1.2764088988304139,1.2778050541877746,1.2800866186618804,1.2814458012580872,1.2833787858486176,1.2849288642406465,1.2862413287162782,1.288449865579605,1.2884420692920684,1.290153008699417,1.2908947706222533,1.2970537900924684,1.2936328172683715,1.296796315908432,1.2969126284122467,1.2976257264614106,1.2997040510177613,1.30057834982872,1.3015612185001373,1.3039941132068633,1.3046425342559815,1.3046462893486024,1.3056441128253937,1.3058042347431182,1.3095804095268249,1.3097008883953094,1.3085311651229858,1.3102730453014373,1.3101283192634583,1.311308640241623,1.3108789503574372,1.3122800707817077,1.3134354591369628,1.3133079290390015,1.3152689218521119,1.3151304364204406,1.315909194946289,1.3179368197917938,1.3167148649692535,1.3171863973140716,1.318422830104828,1.3212805569171906,1.319025957584381,1.321493536233902,1.3223567008972168,1.3224767744541168,1.3218458592891693,1.322958517074585,1.3240339756011963,1.3238701283931733,1.325346291065216,1.3270626425743104,1.3251591205596924,1.325967013835907,1.3259059131145476,1.3271853744983673,1.3257072687149047,1.3276373863220214,1.327265202999115,1.326563286781311,1.3276082754135132,1.3278637647628784,1.3302473604679108,1.3292513251304627,1.3279770016670227,1.3294111430644988,1.3309124827384948,1.3297868490219116,1.3294857263565063,1.330532044172287,1.331174612045288,1.3312242090702058,1.3338797330856322,1.3306762337684632,1.3314979434013368,1.3306659042835236,1.3315464079380035,1.3331394970417023
t_194,0.07882895730435849,0.06344881244003772,0.062450526468455794,0.05081965085119009,0.043416138365864755,0.0,0.05090936347842216,0.06955131106078624,0.09470537081360816,0.10768858753144742,0.12947849482297896,0.1547500543296337,0.1620161473751068,0.19277969151735305,0.2108450025320053,0.24333164989948272,0.27210031896829606,0.3024936616420746,0.31564634293317795,0.3478488028049469,0.38155119568109513,0.3921194151043892,0.4194741904735565,0.4509322360157967,0.4739670351147652,0.491591639816761,0.5139334797859192,0.5435213536024094,0.5642037838697433,0.5857553452253341,0.6150259673595428,0.6270797222852706,0.6568006575107574,0.6688661873340607,0.6939061969518662,0.7153013259172439,0.7240126520395279,0.7445326507091522,0.7583120554685593,0.774576848745346,0.7855791240930557,0.8021355032920837,0.8182998716831207,0.8250314861536026,0.843257948756218,0.8525378495454788,0.8655511617660523,0.8763142347335815,0.8906757354736328,0.9008209079504013,0.9113238155841827,0.9226346760988235,0.9333347678184509,0.9445800244808197,0.9543000906705856,0.9664725452661515,0.9761857837438583,0.9862941086292267,0.9952978104352951,1.002263829112053,1.0143524050712585,1.0218863189220428,1.0311635911464692,1.0384112894535065,1.0485551476478576,1.0559961199760437,1.0642809629440309,1.0705930948257447,1.0775415480136872,1.083111035823822,1.088676929473877,1.0967639803886413,1.10408296585083,1.1090739846229554,1.1146101117134095,1.1184296190738678,1.1234031975269319,1.1316727459430695,1.1401664733886718,1.1422274231910705,1.14708172082901,1.1536370515823364,1.1590439796447753,1.1635897934436799,1.1688223361968995,1.1706020414829255,1.1780258536338806,1.1808164536952972,1.184123122692108,1.1882573425769807,1.194154304265976,1.1966410219669341,1.199821311235428,1.2015776097774507,1.2081159055233002,1.2084988117218018,1.2104705691337585,1.2151776254177094,1.22136909365654,1.2237186968326568,1.2273691534996032,1.2281826198101045,1.2306206047534942,1.237368780374527,1.240068829059601,1.238103985786438,1.2411884486675262,1.247222328186035,1.2481889188289643,1.2491451740264892,1.250738114118576,1.2575530648231505,1.2573487639427186,1.2576598882675172,1.2630889177322389,1.2638140320777893,1.2645426273345948,1.2657886445522308,1.2720249116420745,1.275079494714737,1.277894240617752,1.273715889453888,1.2750112771987916,1.2764461040496826,1.2787379384040833,1.2801199316978455,1.282040399312973,1.2836034297943115,1.2849293768405914,1.2871490180492402,1.2871676445007325,1.2888817191123962,1.2896369695663452,1.2958215773105621,1.2923985123634338,1.2955779731273651,1.2956940114498139,1.2964175999164582,1.2985019564628602,1.2993867337703704,1.3003691196441651,1.3028306186199188,1.3034828364849091,1.3034902036190033,1.3044900119304657,1.3046605288982391,1.3084444761276246,1.3085858225822449,1.3074076235294343,1.30913547873497,1.3090252816677093,1.310189664363861,1.3097965478897096,1.3111750602722168,1.3123291850090026,1.3122291088104248,1.3141880452632904,1.314047396183014,1.3148503422737121,1.3168889999389648,1.3156605541706086,1.316131865978241,1.3173643052577972,1.3202508389949799,1.3179867327213288,1.320438379049301,1.3213200509548186,1.3214495241642,1.320805162191391,1.3219247162342072,1.32299844622612,1.3228432714939118,1.324319076538086,1.3260458886623383,1.32414168715477,1.324946641921997,1.3249045729637146,1.3261705935001373,1.3246967136859893,1.3266384959220887,1.3262348175048828,1.325547307729721,1.3265893280506134,1.3268416285514832,1.3292642891407014,1.3282334148883819,1.3269609570503236,1.3283934414386749,1.3299105048179627,1.328769212961197,1.3284627974033356,1.3295287787914276,1.3301620483398438,1.3302163064479828,1.332895928621292,1.329671674966812,1.3304911196231841,1.3296424984931945,1.3305184602737428,1.3321399092674255
t_193,0.10252068303525448,0.08616731092333793,0.08581570275127888,0.07258268259465694,0.06081457883119583,0.05090936347842216,0.0,0.04929654318839312,0.0696378368884325,0.08264303989708424,0.10294428579509259,0.1279568798840046,0.13518852293491362,0.1657979480922222,0.18415560200810432,0.21644021868705748,0.2453739494085312,0.275725282728672,0.28898065388202665,0.32146021276712416,0.35566181391477586,0.36629210114479066,0.39394534975290296,0.42577631324529647,0.4491709187626839,0.46707837134599683,0.48973060846328736,0.5197336733341217,0.540704283118248,0.5626580357551575,0.5924016445875168,0.6045904099941254,0.6350192576646805,0.647068077325821,0.6725813060998916,0.6944104433059692,0.7033582985401153,0.7242713779211044,0.7383467644453049,0.754956915974617,0.7662299484014511,0.7831602960824966,0.7996592730283737,0.8065685629844666,0.8252501875162125,0.8348247021436691,0.8481132596731186,0.8592120945453644,0.8739498436450959,0.8844357132911682,0.8952052354812622,0.9068515986204148,0.9178754985332489,0.9294202625751495,0.9394809633493424,0.9519661068916321,0.9619906693696976,0.9724070221185684,0.9817194998264313,0.988981157541275,1.0013976395130157,1.0092180252075196,1.01873676776886,1.0262824892997742,1.036760723590851,1.0444089412689208,1.0529594242572784,1.0595529437065125,1.0667129635810852,1.0725062668323517,1.078312611579895,1.086644357442856,1.0941403567790986,1.099359118938446,1.105093491077423,1.1091304957866668,1.114281952381134,1.1227651715278626,1.1314543306827545,1.133689171075821,1.1386679112911224,1.145407509803772,1.1510166227817535,1.1556932926177979,1.1610762774944305,1.1629868865013122,1.1705892980098724,1.1735034167766571,1.176933801174164,1.1812304496765136,1.187243688106537,1.1898704171180725,1.193161803483963,1.1950177669525146,1.2016841053962708,1.2021548748016357,1.204235887527466,1.209054321050644,1.215368515253067,1.2178280889987945,1.2215371966361999,1.2224638402462005,1.224982339143753,1.2318053662776947,1.2345916271209716,1.2327221393585206,1.2358760356903076,1.2420154750347137,1.2430396318435668,1.2440709173679352,1.2457062363624574,1.2526363372802733,1.252455711364746,1.2528459668159484,1.2583397150039672,1.2591235995292664,1.259919935464859,1.261237907409668,1.2675306856632234,1.2706292629241944,1.2735186040401458,1.269337421655655,1.2706709802150726,1.272198349237442,1.2745274543762206,1.2759419202804565,1.2778681755065917,1.279480093717575,1.2808671593666077,1.2831254422664642,1.283190417289734,1.2849283456802367,1.2857366621494293,1.2919748961925506,1.2885437607765198,1.2917606770992278,1.2919021844863892,1.2926507890224457,1.2947587311267852,1.2956990599632263,1.2966982662677764,1.299177211523056,1.2998742878437042,1.2998902916908264,1.3009133040904999,1.3011120200157165,1.3049089431762695,1.3050854206085205,1.3039101302623748,1.3056333124637605,1.3055939316749572,1.3067529261112214,1.30638330578804,1.307765793800354,1.3089182078838348,1.3088662683963777,1.3108190298080444,1.3107133746147155,1.311529165506363,1.313590157032013,1.3123543798923492,1.312841010093689,1.3140857577323914,1.3170096039772035,1.3147291660308837,1.3171746373176574,1.3180800259113312,1.318238878250122,1.3175963163375854,1.31872997879982,1.3198047578334808,1.3196616768836975,1.3211335480213164,1.3228791236877442,1.3209682643413543,1.3217799186706543,1.3217362761497498,1.3230237305164336,1.321543961763382,1.3235022366046905,1.323066234588623,1.3224112212657928,1.3234593272209167,1.3237058758735656,1.3261524319648743,1.3251027047634125,1.3238380014896394,1.325286054611206,1.32679226398468,1.3256586194038391,1.325331801176071,1.3264218151569367,1.3270763337612153,1.3271119892597198,1.3298349142074586,1.3265607416629792,1.3273787558078767,1.3265103280544281,1.3273874402046204,1.329061758518219
t_192,0.12555249482393266,0.10894399248063565,0.10833385139703751,0.0940670233219862,0.08031155616044998,0.06955131106078624,0.04929654318839312,0.0,0.05050340350717306,0.06187430676072836,0.08080640807747841,0.10434612855315209,0.11211499907076358,0.14231932461261748,0.15997177809476854,0.19189173802733422,0.2208379939198494,0.2515585422515869,0.2649994224309921,0.2977582708001137,0.33172801584005357,0.34253963381052016,0.3704857438802719,0.40259760320186616,0.4261973053216934,0.44425237476825713,0.46716605573892594,0.49761351495981215,0.5189296215772629,0.5410230875015258,0.5712874680757523,0.5837845742702484,0.6144319921731949,0.627106910943985,0.6530161738395691,0.6751443415880203,0.6843410313129425,0.7056231468915939,0.719905149936676,0.7369143277406692,0.7483825266361237,0.7657653480768204,0.7826888263225555,0.7897108346223831,0.8087233573198318,0.8186465352773666,0.8323957592248916,0.8436776280403138,0.8588598519563675,0.8694040834903717,0.8807417452335358,0.8928147405385971,0.9041011333465576,0.915954801440239,0.9262496799230575,0.9391682922840119,0.9494643688201905,0.9601893931627273,0.9697968363761902,0.9773956507444381,0.9901131063699722,0.9982458591461182,1.0080695480108262,1.015638965368271,1.0266480207443238,1.0344945192337036,1.0433165669441222,1.0501338005065919,1.0575170755386352,1.0634446322917939,1.0694870233535767,1.0779875993728638,1.085692423582077,1.0911635041236878,1.0970654368400574,1.1010508954524993,1.1063640475273133,1.1153757691383361,1.1242863178253173,1.1264076232910156,1.1315836966037751,1.1384603202342987,1.1443736851215363,1.149078768491745,1.1547449767589568,1.1566251337528228,1.1645223438739776,1.1675656616687775,1.1709410965442657,1.1754871785640717,1.1816728055477141,1.1844230532646178,1.1877369463443757,1.1894424617290498,1.1965136349201202,1.1968120694160462,1.198964774608612,1.2039412617683412,1.2105965912342072,1.2131244122982026,1.216823559999466,1.2177549302577972,1.2203135192394257,1.2274390280246734,1.2303441643714905,1.228246623277664,1.2315335690975189,1.237984037399292,1.2390178740024567,1.2399431407451629,1.2415595710277558,1.2489448070526123,1.2485460102558137,1.2489831387996673,1.25472052693367,1.2554342925548554,1.25623317360878,1.2575564444065095,1.264239501953125,1.2674123108386994,1.2703853368759155,1.2659225940704346,1.2672191441059113,1.2688121736049651,1.2712516605854034,1.272650557756424,1.2745920538902282,1.2762427866458892,1.2776803851127625,1.2801198661327362,1.2801198363304138,1.2819014966487885,1.2827113330364228,1.2893394351005554,1.2855882167816162,1.288889181613922,1.2890659749507904,1.2898159861564635,1.2919274389743804,1.2929602026939393,1.2939302980899812,1.2965326309204102,1.2972037971019745,1.2972266018390655,1.298248863220215,1.2984850347042083,1.3024560332298278,1.3026520133018493,1.3013481020927429,1.3030928075313568,1.3030976474285125,1.3042513728141785,1.303897786140442,1.305304515361786,1.3064622044563294,1.3064134061336516,1.3084236681461334,1.3083047807216643,1.3091298460960388,1.3113398373126983,1.3099808931350707,1.3104739964008332,1.3117251574993134,1.3148121297359467,1.3124095976352692,1.3149329245090484,1.3158452033996582,1.3160607814788818,1.3153552293777466,1.3165461242198944,1.3176578044891358,1.3174623250961304,1.319005650281906,1.3207944571971892,1.3188450932502747,1.3196658372879029,1.3195688009262085,1.320982700586319,1.3193541407585143,1.3213668763637543,1.3208883166313172,1.320239281654358,1.3213389813899994,1.3215393006801606,1.3240639925003053,1.3229637682437896,1.321662539243698,1.323180091381073,1.324747133255005,1.3235244631767273,1.3231851518154145,1.3243377745151519,1.3250277280807494,1.3250449359416963,1.327955138683319,1.3244833767414093,1.325290024280548,1.324363785982132,1.325258630514145,1.327063834667206
t_191,0.15254798382520676,0.13499141559004785,0.13532225415110588,0.11988023370504379,0.1065272819250822,0.09470537081360816,0.0696378368884325,0.05050340350717306,0.0,0.04396338202059269,0.05707193184643984,0.07861048318445682,0.08602649942040444,0.1153755284845829,0.13329742178320886,0.16507107838988305,0.19392188638448715,0.2243700698018074,0.23778435066342354,0.2706589370965958,0.30525951087474823,0.31613523364067075,0.3442760080099106,0.3767882212996483,0.40072919279336927,0.4191029444336891,0.44233259111642836,0.4732230082154274,0.49481008052825926,0.5174187928438186,0.5481344401836395,0.5608020782470703,0.5921629011631012,0.6048437267541885,0.6312770783901215,0.6538838684558869,0.6633135110139847,0.6850256383419037,0.6996476203203201,0.7169730335474014,0.728759765625,0.7465110063552857,0.7637786597013474,0.7710459262132645,0.7905879408121109,0.8006826370954514,0.8147306472063065,0.8263830184936524,0.8419536113739013,0.8528728246688843,0.8644449502229691,0.8768432289361954,0.8884686172008515,0.900613009929657,0.9112787961959838,0.9245356768369675,0.9351645231246948,0.946174043416977,0.9560287058353424,0.9639455437660217,0.9770034432411194,0.9854245036840439,0.9954752326011658,1.0033578753471375,1.0146718502044678,1.0227414548397065,1.031827026605606,1.0389358282089234,1.0465128421783447,1.0527020812034606,1.058939516544342,1.067705112695694,1.075601977109909,1.0812400341033936,1.087366908788681,1.091568148136139,1.0970760464668274,1.1062707304954529,1.1154226422309876,1.11768296957016,1.1229811429977417,1.130030530691147,1.136143434047699,1.1410123586654664,1.1467968940734863,1.1488346219062806,1.15686137676239,1.160036712884903,1.1635424494743347,1.168252032995224,1.174543696641922,1.1774380087852478,1.1809028327465056,1.182670533657074,1.1898752570152282,1.190318375825882,1.1925475656986237,1.1976555407047271,1.2043806195259095,1.2070061624050141,1.2107723474502563,1.2118610858917236,1.2145013093948365,1.2216958403587341,1.2246749341487884,1.2227056801319123,1.226055246591568,1.2326072931289673,1.2336665391921997,1.2346892356872559,1.236350154876709,1.2438232064247132,1.2434743285179137,1.2439904153347014,1.2497808992862702,1.2505692720413208,1.2514360427856446,1.2528487145900726,1.2595464169979096,1.262772661447525,1.2658656418323517,1.261390745639801,1.2627377927303314,1.2644254207611083,1.266888016462326,1.2683506608009338,1.270291817188263,1.2719812273979187,1.2734859108924865,1.27594034075737,1.276014620065689,1.2778123795986176,1.278680008649826,1.2853361248970032,1.281615686416626,1.2849712312221526,1.285160517692566,1.285935825109482,1.2880820751190185,1.289155751466751,1.2901490330696106,1.292783409357071,1.2934961378574372,1.293526792526245,1.2945757389068604,1.294833517074585,1.2988053560256958,1.2990512132644654,1.2977633357048035,1.2994962751865387,1.299584823846817,1.3007266342639923,1.3004180848598481,1.3018072962760925,1.3029695928096772,1.3029828071594238,1.3049765944480896,1.3048933565616607,1.3057437777519225,1.3079702317714692,1.3066086947917939,1.307118159532547,1.308386319875717,1.3115092813968658,1.3091018795967102,1.311605829000473,1.3125585556030273,1.3128006100654601,1.3120912253856658,1.3132877111434937,1.314406269788742,1.314227247238159,1.315765231847763,1.3175787210464478,1.31562020778656,1.3164409756660462,1.3163728356361388,1.3177762389183045,1.3161718130111695,1.3181999385356904,1.3176740109920502,1.3170649528503418,1.3181633651256561,1.3183762669563293,1.3209379315376282,1.319799119234085,1.3185115516185761,1.320045953989029,1.3216117858886718,1.3203929543495179,1.3200318574905396,1.321221899986267,1.3219253361225127,1.3219401478767394,1.3248795926570893,1.3213740408420562,1.322181409597397,1.3212477147579194,1.3221525132656098,1.324016171693802
t_190,0.16624680683016776,0.1482451595366001,0.1486584059894085,0.13267542347311972,0.11980985328555108,0.10768858753144742,0.08264303989708424,0.06187430676072836,0.04396338202059269,0.0,0.04756586290895939,0.06681543178856372,0.07399165518581867,0.10317585989832878,0.1199467945843935,0.15222172513604165,0.18110842779278755,0.21114492788910866,0.2248307339847088,0.2575574666261673,0.2924420922994614,0.3034846618771553,0.33168256282806396,0.36435462683439257,0.38849438428878785,0.4069822460412979,0.4303212285041809,0.4615252584218979,0.48322648257017137,0.5061293676495552,0.5370785444974899,0.5498846918344498,0.5814784675836563,0.5943838000297547,0.6210720211267471,0.6439626812934875,0.6535436302423477,0.6754946738481522,0.6902943253517151,0.7078038424253463,0.7197817414999008,0.7377714455127716,0.7552549511194229,0.7626405775547027,0.782506862282753,0.7927052915096283,0.8069711774587631,0.8188057333230973,0.8346129685640336,0.8457105994224549,0.8574704676866531,0.8700885206460953,0.8818837255239487,0.8941826701164246,0.905049392580986,0.9185022681951522,0.9293104082345962,0.9404458940029145,0.9504354417324066,0.9585567235946655,0.9717796295881271,0.9803686738014221,0.9905134409666061,0.9985270261764526,1.0100510001182557,1.0182111799716949,1.0274185240268707,1.0346926391124724,1.0423544585704803,1.048670333623886,1.0549989581108092,1.0638851821422577,1.0718386590480804,1.0775762021541595,1.08381587266922,1.088083553314209,1.0936793625354766,1.1029961943626403,1.1122655034065247,1.1145470499992371,1.119904363155365,1.1270137965679168,1.1332396984100341,1.1381560385227203,1.1440124452114104,1.1461027443408967,1.1541952788829803,1.1574233710765838,1.1609625160694121,1.1657645046710967,1.1720880627632142,1.175057715177536,1.178577905893326,1.1803147554397584,1.1876237094402313,1.188098031282425,1.1903440713882447,1.1955158412456512,1.2022896349430083,1.2049472630023956,1.2087139248847962,1.2098640382289887,1.212527185678482,1.2197579383850097,1.2227642238140106,1.220819354057312,1.2241955816745758,1.230805218219757,1.231869202852249,1.2329070568084717,1.2345738172531129,1.2421155989170074,1.2417440295219422,1.2423057734966279,1.2481284081935882,1.248925220966339,1.2498107433319092,1.2512550413608552,1.2579814195632935,1.2612223088741303,1.264359951019287,1.25985067486763,1.2611991167068481,1.2629370927810668,1.2654109656810761,1.2668900668621064,1.268812072277069,1.2705216884613038,1.2720541596412658,1.2745189249515534,1.274609386920929,1.276404905319214,1.277293747663498,1.283997893333435,1.2802507162094117,1.2836310863494873,1.2838221609592437,1.2846058905124664,1.2867534518241883,1.287857323884964,1.2888622522354125,1.2915019690990448,1.292234045267105,1.292264848947525,1.2933137714862823,1.2935848772525786,1.2975681364536285,1.29783793091774,1.2965341210365295,1.298251849412918,1.298385202884674,1.2995192170143128,1.2992214500904082,1.3005938410758973,1.301769071817398,1.301803708076477,1.303787314891815,1.303715980052948,1.3045742154121398,1.306817626953125,1.3054428339004516,1.3059545934200287,1.3072326064109803,1.310373741388321,1.3079519391059875,1.310452163219452,1.3114238440990449,1.311674952507019,1.310959380865097,1.3121578514575958,1.3132876396179198,1.3131056606769562,1.3146470963954926,1.3164728701114654,1.3145033061504363,1.3153230786323546,1.315259438753128,1.3166664719581604,1.3150536835193634,1.3170959115028382,1.3165438771247864,1.315945667028427,1.3170478880405425,1.3172640264034272,1.3198300421237945,1.3186747252941131,1.317395532131195,1.3189414143562317,1.320499175786972,1.3192771077156067,1.3188995659351348,1.3201104938983916,1.320827841758728,1.32083198428154,1.3237961828708649,1.3202592134475708,1.3210637271404266,1.3201237320899963,1.3210265278816222,1.3229215919971467
t_189,0.18814945444464684,0.17026228681206704,0.17098390385508538,0.15462576597929,0.141492035984993,0.12947849482297896,0.10294428579509259,0.08080640807747841,0.05707193184643984,0.04756586290895939,0.0,0.05098307840526104,0.0565168634057045,0.0828629344701767,0.09950808696448803,0.13056703358888627,0.15946220457553864,0.18896590918302536,0.2027403622865677,0.23544540777802467,0.2706701889634132,0.28163631856441496,0.30997793674468993,0.342865464091301,0.3672317355871201,0.38594270348548887,0.4095464751124382,0.44102490693330765,0.462948440015316,0.4861482247710228,0.5174329459667206,0.5303436636924743,0.5625385463237762,0.5753572911024094,0.602448147535324,0.6256978750228882,0.6354615032672882,0.6577634990215302,0.6728105545043945,0.6906384140253067,0.7028359413146973,0.72114477455616,0.7389340609312057,0.7464488953351974,0.7666688293218613,0.7771830409765244,0.7917079776525497,0.8038196116685867,0.819939860701561,0.8313212513923645,0.8433359771966934,0.8562565058469772,0.8683230608701706,0.8809206068515778,0.8920862883329391,0.9058092057704925,0.9168797492980957,0.9282959669828414,0.938588148355484,0.946960860490799,0.9604718238115311,0.9693029999732972,0.9796929806470871,0.9879476308822632,0.9997891694307327,1.0081348270177841,1.0175812304019929,1.0250848650932312,1.032929742336273,1.0394210994243622,1.0459720134735107,1.0550775408744812,1.0631807923316956,1.0691393077373506,1.0755323588848114,1.0799917459487915,1.085740578174591,1.0952669084072113,1.1046901166439056,1.1071259677410126,1.1126106679439545,1.1198810160160064,1.1262827038764953,1.1312995731830597,1.1372974216938019,1.1394848942756652,1.1477662384510041,1.15110182762146,1.1547391653060912,1.1596821427345276,1.166123104095459,1.1691977083683014,1.1727878212928773,1.1746360421180726,1.1820539236068726,1.1825782716274262,1.1849400043487548,1.190200960636139,1.1971046447753906,1.199863600730896,1.2036933958530427,1.2049311459064485,1.2076562881469726,1.214969938993454,1.2180572271347045,1.2161750376224518,1.2196240067481994,1.2263235747814178,1.2274501025676727,1.228552895784378,1.230259758234024,1.237918245792389,1.2375578343868257,1.2381825387477874,1.2440719664096833,1.2449147880077363,1.2458528637886048,1.2473506093025208,1.2541563272476197,1.2574346303939818,1.2606122493743896,1.2561103224754333,1.2574918150901795,1.2592892289161681,1.2618046820163726,1.263309806585312,1.2652429699897767,1.2670005142688752,1.2685797095298768,1.271099454164505,1.2712152540683745,1.2730411767959595,1.273966896533966,1.2807294368743896,1.2769745945930482,1.2803753793239594,1.280604475736618,1.2814098000526428,1.2835692286491394,1.2847198307514192,1.2857372164726257,1.288399237394333,1.2891530871391297,1.2892004013061524,1.2902766287326812,1.2905663907527924,1.2945691406726838,1.294870913028717,1.2935571789741516,1.2952806174755096,1.2954681754112243,1.2966004610061646,1.2963217973709107,1.2977028667926789,1.2988823473453521,1.2989465355873109,1.3009350955486298,1.3008894085884095,1.3017515957355499,1.3040298223495483,1.3026442527770996,1.3031713247299195,1.3044609904289246,1.30763059258461,1.3052009642124176,1.3077070593833924,1.3086878120899201,1.30896954536438,1.308247345685959,1.3094570457935333,1.3105987548828124,1.3104141414165498,1.3119657278060912,1.3138045787811279,1.311830645799637,1.3126566648483275,1.3125917792320252,1.3140234529972077,1.3123959362506867,1.3144437789916992,1.3138802826404572,1.3133128941059113,1.3144164264202118,1.3146274507045745,1.3172036707401276,1.316036093235016,1.3147637486457824,1.3163286745548248,1.3178874909877778,1.3166607916355133,1.3162772059440613,1.3175000965595245,1.31823188662529,1.3182294845581055,1.321234780550003,1.317653739452362,1.3184525609016418,1.3174994349479676,1.318400490283966,1.3203276693820953
t_188,0.21343818604946135,0.19574389979243279,0.19629236087203025,0.180342385917902,0.16662726327776908,0.1547500543296337,0.1279568798840046,0.10434612855315209,0.07861048318445682,0.06681543178856372,0.05098307840526104,0.0,0.04396222475916147,0.06418183967471122,0.07622673511505126,0.10643643662333488,0.1340879075229168,0.16385399028658867,0.17748354598879815,0.2104678399860859,0.2450790211558342,0.25634111016988753,0.2848257005214691,0.3179164662957191,0.3425274297595024,0.361382494866848,0.3851246178150177,0.41700809448957443,0.4392753943800926,0.4626022130250931,0.494491808116436,0.5077364832162857,0.5401566505432129,0.5536459118127823,0.5811804831027985,0.6047211825847626,0.6147772967815399,0.6374427437782287,0.6527301728725433,0.6709627419710159,0.6833994656801223,0.7022285521030426,0.7204733490943909,0.7281473487615585,0.7487696409225464,0.7596276253461838,0.7746394395828247,0.7870008647441864,0.8036321371793747,0.8151085346937179,0.8277264028787613,0.841130718588829,0.8535215109586716,0.8664489209651947,0.8778802961111069,0.8920914977788925,0.9034767597913742,0.915239205956459,0.9258131057024002,0.9345799177885056,0.9484351575374603,0.9576196551322937,0.9683158755302429,0.9766177296638489,0.9890398710966111,0.9975998848676682,1.007348781824112,1.0151179611682892,1.0232021391391755,1.0298570811748504,1.0366575121879578,1.0459425568580627,1.0542799890041352,1.0604935526847838,1.0670843362808227,1.0715044558048248,1.0774371802806855,1.0874951601028442,1.0971823692321778,1.0995023131370545,1.1051676630973817,1.1125943839550019,1.1193231463432312,1.1243772149085998,1.1306642651557923,1.132837849855423,1.1414110481739044,1.1448789894580842,1.1484670519828797,1.1536693453788758,1.1602804362773895,1.1635025203227998,1.1671448826789856,1.1688008666038514,1.1766419291496277,1.17702876329422,1.1794483244419098,1.1848916292190552,1.1921190202236176,1.194948947429657,1.198761624097824,1.2000266551971435,1.2028057634830476,1.2104166865348815,1.213622945547104,1.2115347981452942,1.2151104986667634,1.22212615609169,1.2232610285282135,1.2242605805397033,1.2259502232074737,1.234053486585617,1.2334801495075225,1.234156036376953,1.2402819991111755,1.241063165664673,1.2420063138008117,1.2435308337211608,1.2507047414779664,1.2540591955184937,1.2573473274707794,1.252548450231552,1.2538975715637206,1.2557863533496856,1.258407509326935,1.2598976612091064,1.261834704875946,1.2636323153972626,1.2652643978595735,1.2679591476917267,1.2680262446403503,1.269882208108902,1.270819103717804,1.2779634177684784,1.273890620470047,1.2773712694644928,1.2776373744010925,1.2784404754638672,1.2806108057498933,1.2818479180335998,1.2828363835811616,1.2856206059455872,1.2863604307174683,1.28640416264534,1.2874742090702056,1.2878093123435974,1.291983610391617,1.292314350605011,1.2908788323402405,1.2926129698753357,1.2928562104701995,1.2939811289310454,1.2937239468097688,1.2951177954673767,1.2962974309921265,1.2963902235031128,1.2984280645847321,1.2983775734901428,1.2992476224899292,1.3016715168952941,1.3001638531684876,1.3007006525993348,1.3019943356513977,1.3053382754325866,1.3027845978736878,1.3053513050079346,1.3063483893871308,1.306686383485794,1.305896407365799,1.3071668088436126,1.3083387613296509,1.3081006705760956,1.3097194671630858,1.311606764793396,1.3095874071121216,1.310417240858078,1.3102988421916961,1.3118432939052582,1.3100825369358062,1.3121907711029053,1.3115707755088806,1.3110041618347168,1.3121616780757903,1.312324982881546,1.3149953126907348,1.313762331008911,1.3124529063701629,1.3140831589698792,1.3156941413879395,1.314389133453369,1.313983428478241,1.3152780055999755,1.3160446524620055,1.3160210132598877,1.3192104399204254,1.3154265582561493,1.316220659017563,1.3152056515216828,1.3161284387111665,1.3181940257549285
t_187,0.22138033881783487,0.20316569954156877,0.2039191357791424,0.18755943104624748,0.17424971461296082,0.1620161473751068,0.13518852293491362,0.11211499907076358,0.08602649942040444,0.07399165518581867,0.0565168634057045,0.04396222475916147,0.0,0.05602941513061523,0.06900000534951686,0.09950986988842488,0.1274006672203541,0.15631486251950263,0.17001721933484076,0.2025971531867981,0.23805906400084495,0.24908473044633866,0.2776006400585175,0.31086294651031493,0.335618095099926,0.3545628383755684,0.37845888882875445,0.4104811280965805,0.4327823996543884,0.4564401373267174,0.48835133016109467,0.5015837907791137,0.5344158768653869,0.5476957559585571,0.5754268527030945,0.59926278591156,0.6093361020088196,0.6322490125894547,0.6476858735084534,0.6660259306430817,0.678659874200821,0.6975771158933639,0.7159396588802338,0.7237178415060044,0.7446253448724747,0.755506232380867,0.7706023216247558,0.7831471353769303,0.799901482462883,0.8116388529539108,0.8242342084646225,0.8377436429262162,0.8502791523933411,0.863291335105896,0.8749060541391372,0.8892024338245392,0.9007245540618897,0.9125506728887558,0.9232035577297211,0.9320707887411117,0.9460352063179016,0.9552931129932404,0.9660315841436387,0.9745307564735413,0.986957111954689,0.9955802440643311,1.005395320057869,1.013262391090393,1.0213817954063416,1.0281333029270172,1.034973031282425,1.0443656206130982,1.052720421552658,1.0589508831501007,1.0656046628952027,1.0701725363731385,1.0761627197265624,1.0861244916915893,1.0958531618118286,1.0982975125312806,1.1039652884006501,1.1114257454872132,1.1181512653827668,1.1232796728610992,1.1295262038707734,1.1317879199981689,1.1403191804885864,1.1438037693500518,1.1474823474884033,1.1526859283447266,1.159265923500061,1.1625196933746338,1.1662240326404572,1.1679808795452118,1.175737589597702,1.1762558817863464,1.1786861062049865,1.184127539396286,1.1912772238254548,1.1941256880760194,1.197967392206192,1.1993134558200835,1.202118980884552,1.2096339762210846,1.2128307461738586,1.2108933866024016,1.2144528687000276,1.221388965845108,1.2225330889225006,1.223630005121231,1.2253444135189056,1.2333216965198517,1.232843166589737,1.2335509121418,1.239599597454071,1.240442007780075,1.2414183914661407,1.2429759621620178,1.2500183641910554,1.2533657193183898,1.2566707491874696,1.2519749760627747,1.2533516943454743,1.2552618861198426,1.2578502297401428,1.2593734920024873,1.2613031148910523,1.263099616765976,1.2647446155548097,1.267370355129242,1.2674941539764404,1.269346499443054,1.2703084111213685,1.2773172557353973,1.2733780920505524,1.2768541157245636,1.2771169066429138,1.277927953004837,1.280102390050888,1.281328272819519,1.2823394238948822,1.285085541009903,1.285857892036438,1.2858991503715516,1.2869783580303191,1.2873108208179473,1.291421127319336,1.291762512922287,1.2903814971446992,1.2921008884906768,1.2923603415489198,1.2934805154800415,1.293242198228836,1.2946209609508514,1.2957980155944824,1.2959093749523163,1.2979170739650727,1.2978812098503112,1.2987606227397919,1.3011389374732971,1.2996771097183228,1.3002147614955901,1.301510512828827,1.304807758331299,1.3022998094558715,1.3048283338546753,1.3058386027812958,1.3061660706996918,1.3054019212722778,1.306649249792099,1.3078108131885529,1.3076005041599275,1.3091907620429992,1.3110705077648164,1.3090676844120026,1.3098828077316285,1.3098044872283936,1.3112986922264098,1.3095957398414613,1.3116892457008362,1.3110617041587829,1.3105072021484374,1.311641526222229,1.3118273556232452,1.3144760012626648,1.3132398188114167,1.3119499325752257,1.3135634005069732,1.3151526868343353,1.313864666223526,1.3134649097919464,1.3147402703762054,1.3154972612857818,1.3154792726039886,1.3186104834079742,1.3148881137371062,1.3156785786151886,1.3146792352199554,1.3155866980552673,1.317622470855713
t_186,0.25282830074429513,0.23442895859479904,0.23497463166713714,0.2189202733337879,0.20554535761475562,0.19277969151735305,0.1657979480922222,0.14231932461261748,0.1153755284845829,0.10317585989832878,0.0828629344701767,0.06418183967471122,0.05602941513061523,0.0,0.05227503590285778,0.07205182649195194,0.09890638999640941,0.12676205597817897,0.13932325765490533,0.17158498093485833,0.20768324807286262,0.21843233034014703,0.2472383998334408,0.2807876646518707,0.3058254957199097,0.3249963954091072,0.3492692098021507,0.3817540526390076,0.4043456792831421,0.42856242805719375,0.46090362370014193,0.47428990006446836,0.5079509899020195,0.5212975680828095,0.5495786637067794,0.5740416467189788,0.5842965006828308,0.6078510522842407,0.6236942648887634,0.6424664676189422,0.6555146366357804,0.674901208281517,0.6937560319900513,0.7018084406852723,0.7233617067337036,0.7345482289791108,0.7501073688268661,0.7631028085947037,0.7803688704967499,0.7925535887479782,0.8055449962615967,0.8195265889167785,0.8325024217367172,0.8458988904953003,0.8579742521047592,0.8727437794208527,0.8846940398216248,0.8968750149011612,0.9078394651412964,0.9171653360128402,0.9315508365631103,0.9411750257015228,0.9522324651479721,0.9610566318035125,0.9739169150590896,0.9828334122896194,0.9929625570774079,1.0011918932199477,1.0095668405294418,1.0165934443473816,1.0237040102481842,1.0334068298339845,1.041993498802185,1.0484463691711425,1.0553600251674653,1.0601356744766235,1.0663514375686645,1.076604038476944,1.0866089820861817,1.0891603112220765,1.0950010776519776,1.102641725540161,1.10963773727417,1.114929437637329,1.1213448643684387,1.1237452268600463,1.1324683129787445,1.1361112356185914,1.1398903906345368,1.1453146576881408,1.15201935172081,1.1554402112960815,1.159285271167755,1.1610658466815948,1.1690489828586579,1.1696572124958038,1.1721724092960357,1.1777604877948762,1.1850872576236724,1.188034427165985,1.191929531097412,1.1934131622314452,1.19630064368248,1.2039514124393462,1.2072427332401277,1.2053570985794066,1.2090002179145813,1.2161125421524048,1.2172897934913636,1.2184300601482392,1.2201975166797638,1.2283595979213715,1.2278653621673583,1.2286600291728973,1.2348056793212892,1.2356962621212007,1.2367282211780548,1.2383622407913208,1.2455314457416535,1.2489489555358886,1.2523650169372558,1.247583907842636,1.2489920377731323,1.2509954035282136,1.2536398589611053,1.2552078187465667,1.2571418106555938,1.2589874625205995,1.2606921017169952,1.263379317522049,1.2635538280010223,1.265424942970276,1.2664376199245453,1.2735592246055603,1.2695733964443208,1.273099958896637,1.273391842842102,1.2742241203784943,1.2764133155345916,1.2777074158191681,1.2787217199802399,1.2815286695957184,1.2823185682296754,1.2823737978935241,1.2834682226181031,1.2838370144367217,1.2879948318004608,1.288385933637619,1.286981350183487,1.288685292005539,1.289022868871689,1.290127944946289,1.289954459667206,1.291315144300461,1.2924926042556764,1.2926555335521699,1.2946619808673858,1.2946412861347198,1.295554757118225,1.2979878783226013,1.296486258506775,1.2970381021499633,1.2983350932598114,1.3017157554626464,1.2991708159446715,1.3016903519630432,1.3027358770370483,1.30310218334198,1.302323180437088,1.3035910069942473,1.3047639667987823,1.3045511722564698,1.306158822774887,1.3080771923065186,1.3060624182224274,1.3068772792816161,1.3068123161792755,1.3083172619342804,1.3066006898880005,1.308719164133072,1.3080490112304688,1.3075190246105195,1.3086725413799285,1.3088504433631898,1.3115476012229919,1.3102636516094208,1.3089766263961793,1.3106143295764923,1.3122239708900452,1.3109020113945007,1.3104999125003816,1.3118176698684691,1.3125776648521423,1.312558662891388,1.3157621920108795,1.3119731187820434,1.3127505004405975,1.311722856760025,1.3126274347305298,1.3147333920001985
t_185,0.2706210002303123,0.25277502834796906,0.25293151661753654,0.23704024031758308,0.22336602658033372,0.2108450025320053,0.18415560200810432,0.15997177809476854,0.13329742178320886,0.1199467945843935,0.09950808696448803,0.07622673511505126,0.06900000534951686,0.05227503590285778,0.0,0.0588664723560214,0.08205998986959458,0.10872657634317875,0.12246922999620438,0.1546116940677166,0.18903497681021691,0.2005694255232811,0.2292278975248337,0.26292035132646563,0.28800551444292066,0.30730432868003843,0.3315462529659271,0.3645349219441414,0.3874265506863594,0.41157407611608504,0.4444692760705948,0.45842733383178713,0.4917684763669968,0.5062669724225998,0.5349633574485779,0.5596137344837189,0.5702383041381835,0.5940767407417298,0.6100688695907592,0.6292538851499557,0.6425274103879929,0.6624894440174103,0.6818036019802094,0.6899515599012375,0.7118148803710938,0.7234382927417755,0.7395566076040268,0.7527081370353699,0.7704626619815826,0.7825863510370255,0.796309494972229,0.8108337968587875,0.8240272015333175,0.837704211473465,0.8500042170286178,0.8652257710695267,0.8773737102746964,0.8898420035839081,0.9011032491922378,0.9108312785625458,0.925438642501831,0.9353878140449524,0.9466882646083832,0.9553991377353668,0.9689029693603516,0.9778961420059205,0.988262927532196,0.996693778038025,1.0052167177200317,1.0123292207717896,1.0196506083011627,1.0294406354427337,1.0380955457687377,1.044849044084549,1.0518696665763856,1.0564666867256165,1.0627822637557984,1.0736203730106353,1.0837584018707276,1.0860815346240997,1.0920706510543823,1.0997693359851837,1.1070693135261536,1.1122497379779817,1.1189534366130829,1.1212433338165284,1.1302343249320983,1.133954256772995,1.1375780761241914,1.1432360649108886,1.1500430524349212,1.1535630226135254,1.1573588132858277,1.1588487505912781,1.1672533810138703,1.1675853550434112,1.1701441526412963,1.1758502304553986,1.1834890246391296,1.186466211080551,1.1902790367603302,1.1917097687721252,1.1945763647556304,1.2024989247322082,1.2058803260326385,1.2036957085132598,1.2074461102485656,1.2148517072200775,1.2160163640975952,1.2169832468032837,1.2186552166938782,1.2273060023784637,1.2265000879764556,1.2273312032222747,1.233704036474228,1.2344671368598938,1.2354770302772522,1.2370813727378844,1.2446513712406158,1.2480995297431945,1.2515549182891845,1.2464594066143035,1.2477786481380462,1.2498399078845979,1.2525755882263183,1.2540861427783967,1.2559951663017273,1.2578587353229522,1.2596060037612915,1.2624752879142762,1.2625509679317475,1.2644281268119812,1.2654248297214508,1.2729667961597442,1.2685913503170014,1.2721718728542328,1.2724957644939423,1.273312783241272,1.2754785299301148,1.2768658459186555,1.277835726737976,1.2807456314563752,1.2814958155155183,1.2815461993217467,1.282619935274124,1.283013266324997,1.2873469650745393,1.2877658665180207,1.2861990690231324,1.287906962633133,1.2882923007011413,1.2893830358982086,1.2891908288002014,1.290569794178009,1.2917362332344056,1.2919171810150147,1.2939632475376128,1.2939406394958497,1.2948196530342102,1.29741889834404,1.295773631334305,1.296329379081726,1.2976262629032136,1.3011646628379823,1.2984723925590516,1.3010819733142853,1.3021148085594176,1.302546900510788,1.3016745030879975,1.3030075073242187,1.3042159676551819,1.303923499584198,1.3056056201457977,1.3075579285621644,1.3055002093315125,1.306309276819229,1.3061607956886292,1.3078132808208465,1.305924391746521,1.3080878674983978,1.307375979423523,1.306843489408493,1.3080477595329285,1.3081762433052062,1.3109281361103058,1.3095976769924165,1.308272010087967,1.309979546070099,1.3116280376911162,1.3102277755737304,1.309796816110611,1.3111749053001405,1.3119841396808625,1.3119250535964966,1.315324854850769,1.3113120317459106,1.312071865797043,1.310966718196869,1.3118893086910248,1.3141084671020509
t_184,0.30240362882614136,0.2851166069507599,0.28505360782146455,0.2695759892463684,0.2556291550397873,0.24333164989948272,0.21644021868705748,0.19189173802733422,0.16507107838988305,0.15222172513604165,0.13056703358888627,0.10643643662333488,0.09950986988842488,0.07205182649195194,0.0588664723560214,0.0,0.05571149419993162,0.08062492683529854,0.09185398407280446,0.12322378382086754,0.15660567358136177,0.1680956266820431,0.1969839632511139,0.2306133694946766,0.25594200789928434,0.27539077401161194,0.29986348301172255,0.3333071544766426,0.35660429000854493,0.38099328577518465,0.4144639417529106,0.4287082150578499,0.462601238489151,0.4775469973683357,0.5067719385027886,0.5319249212741852,0.5428722977638245,0.5672767937183381,0.5835622519254684,0.6032869160175324,0.6168641090393067,0.6374534606933594,0.65730040371418,0.6656303465366363,0.6879481911659241,0.7001504808664322,0.716850683093071,0.7303145557641983,0.7486807018518448,0.7610031932592392,0.775434073805809,0.7905197203159332,0.8040718555450439,0.818211841583252,0.830886709690094,0.8466660380363464,0.8592068374156951,0.8721032500267029,0.8837789028882981,0.8939899712800979,0.9090010315179825,0.9193998008966446,0.9310970783233643,0.939950117468834,0.9541313767433166,0.9633869498968124,0.974159774184227,0.9829164057970047,0.9917524784803391,0.9990723431110382,1.0067552715539931,1.0168031632900238,1.025710541009903,1.0328452110290527,1.04009850025177,1.0447583556175233,1.0513105392456055,1.0627517402172089,1.0731516063213349,1.0754647433757782,1.0816990435123444,1.089601957798004,1.0972764253616334,1.1025359392166139,1.109578114748001,1.1119015872478486,1.1212616384029388,1.125160777568817,1.1287947118282318,1.1347589671611786,1.1417789876461029,1.1454632043838502,1.1493185579776763,1.1507305026054382,1.1595744848251344,1.1597735643386842,1.1624586820602416,1.1683480978012084,1.1763887286186219,1.1794824242591857,1.1833122372627258,1.1847960352897644,1.1877303063869475,1.195966649055481,1.1994908630847931,1.1971594870090485,1.2010722041130066,1.2087889730930328,1.2100111365318298,1.2109108030796052,1.2126013815402985,1.2217069625854493,1.2207121014595033,1.2216284155845643,1.2282415270805358,1.2289749026298522,1.2300139784812927,1.231667160987854,1.2396225035190582,1.2431583464145661,1.2467051148414612,1.2413796722888946,1.2426824867725372,1.2448456346988679,1.2477011740207673,1.249217677116394,1.2511412441730498,1.2530641555786133,1.2548809945583344,1.2579369008541108,1.2579819500446319,1.259904718399048,1.2609252274036407,1.2688324570655822,1.264176857471466,1.2678336441516875,1.268216460943222,1.269041746854782,1.2712161123752594,1.2727150917053223,1.2736617803573609,1.276694804430008,1.2774347960948944,1.2775028049945831,1.2785811245441436,1.279028707742691,1.2835228502750398,1.283978933095932,1.2823035061359405,1.2840233325958252,1.2844705820083617,1.28556569814682,1.2854108393192292,1.2868014395236969,1.2879749417304993,1.2881892323493958,1.2902763426303863,1.2902606189250947,1.2911544144153595,1.2938970446586608,1.2921462595462798,1.2927157044410706,1.29401815533638,1.297717022895813,1.2949258387088776,1.2975862920284271,1.2986357927322387,1.2991383790969848,1.2982086181640624,1.2996049284934998,1.3008427143096923,1.300505143404007,1.302253657579422,1.3042556524276734,1.3021730959415436,1.3029898822307586,1.3028003096580505,1.3045695006847382,1.3025543689727783,1.3047721266746521,1.3040092647075654,1.3034973382949828,1.3047504365444182,1.3048349440097808,1.307663768529892,1.3062899649143218,1.304944235086441,1.3067177951335907,1.3084174931049346,1.306935966014862,1.3065025448799132,1.3079479336738586,1.308788573741913,1.3087143540382384,1.3122981429100036,1.3081045866012573,1.3088467955589294,1.307685488462448,1.3086256861686707,1.310979813337326
t_183,0.33088814914226533,0.3137988939881325,0.3137455314397812,0.29853845983743665,0.28435325622558594,0.27210031896829606,0.2453739494085312,0.2208379939198494,0.19392188638448715,0.18110842779278755,0.15946220457553864,0.1340879075229168,0.1274006672203541,0.09890638999640941,0.08205998986959458,0.05571149419993162,0.0,0.06033994946628809,0.06871067695319652,0.0982634473592043,0.12850326895713807,0.14039014503359795,0.16915029436349868,0.2025511547923088,0.22813257724046707,0.24770009219646455,0.27210201025009156,0.30603554993867876,0.32961599081754683,0.3542307421565056,0.3883828714489937,0.40296040624380114,0.4370684638619423,0.45280479490756986,0.48255706429481504,0.5080946013331413,0.5193455457687378,0.5443023324012757,0.5608983486890793,0.5810475289821625,0.595006188750267,0.6162170231342315,0.6365937203168869,0.6451600700616836,0.6679762691259384,0.6806176275014877,0.6979024708271027,0.7117228239774704,0.7306779116392136,0.7431876361370087,0.7583164930343628,0.7739697933197022,0.7879109025001526,0.8024310678243637,0.8154769003391266,0.8317990839481354,0.8447266727685928,0.8579991519451141,0.8699694186449051,0.8807278096675872,0.8961006164550781,0.9069251656532288,0.9189669489860535,0.9279081404209137,0.9427529811859131,0.9522207587957382,0.9633262425661087,0.9724151194095612,0.9815132558345795,0.9890189528465271,0.9969944715499878,1.007267364859581,1.0163770139217376,1.0238233864307404,1.0312911868095398,1.0359406054019928,1.0426925420761108,1.0546878099441528,1.0653492152690887,1.0675645887851715,1.0739898324012755,1.082022875547409,1.0900646030902863,1.0953599333763122,1.102684873342514,1.105031383037567,1.114645528793335,1.1187116205692291,1.1222990453243256,1.1285431623458861,1.1357097148895263,1.1395716071128845,1.143483817577362,1.1446969926357269,1.1539763152599334,1.1540513396263123,1.1568238139152527,1.1628842949867249,1.1712540209293365,1.1744322657585144,1.1782329380512238,1.1797721564769745,1.1827612161636352,1.1912657380104066,1.194920003414154,1.1924180746078492,1.1964582204818726,1.2044979512691498,1.2057210862636567,1.2065147757530212,1.2081817924976348,1.217733871936798,1.2165288090705872,1.2175232529640199,1.2243479669094086,1.2250268101692199,1.2260818600654602,1.227766615152359,1.2360947906970978,1.2396873533725739,1.243353694677353,1.2377487599849701,1.2390038669109344,1.241264420747757,1.2442254543304443,1.2457296252250671,1.2476362884044647,1.2496022641658784,1.2514760136604308,1.2547089457511902,1.2547263324260711,1.2566581428050996,1.2577000617980958,1.265971451997757,1.2610201478004455,1.2647345960140228,1.2651624083518982,1.2659972786903382,1.2681574523448944,1.2697665631771087,1.2706754505634308,1.2738263726234436,1.274556189775467,1.2746279299259187,1.2756978392601013,1.2761962413787842,1.280839991569519,1.281330907344818,1.2795389533042907,1.2812519669532776,1.2817698478698731,1.2828458487987517,1.28273406624794,1.2841344773769379,1.285285323858261,1.2855387508869172,1.2876633882522583,1.2876467287540436,1.2885571539402008,1.291433757543564,1.2895629942417144,1.290139526128769,1.2914399027824401,1.2953063607215882,1.2924041032791138,1.2951041519641877,1.2961647629737854,1.2967395544052125,1.2957415461540223,1.297204500436783,1.2984538435935975,1.2980731904506684,1.299876970052719,1.3019228994846344,1.299812912940979,1.3006297647953033,1.3003799378871919,1.3022690117359161,1.3001227736473084,1.3023943722248077,1.3015664160251617,1.301073783636093,1.3023710548877716,1.3024027705192567,1.3053296566009522,1.303887563943863,1.3025176227092743,1.3043458461761475,1.3060913562774659,1.3045324206352233,1.3040881514549256,1.3056009888648987,1.3064553141593933,1.3063608050346374,1.310136181116104,1.3057508766651154,1.306474906206131,1.30523641705513,1.3061901152133941,1.308688795566559
t_182,0.36064696311950684,0.34308515191078187,0.3435568749904633,0.3280520737171173,0.31455816626548766,0.3024936616420746,0.275725282728672,0.2515585422515869,0.2243700698018074,0.21114492788910866,0.18896590918302536,0.16385399028658867,0.15631486251950263,0.12676205597817897,0.10872657634317875,0.08062492683529854,0.06033994946628809,0.0,0.04842937085777521,0.0701770581305027,0.10030499249696731,0.11043479815125465,0.13829538449645043,0.17195868864655495,0.19720480293035508,0.21673110723495484,0.24178553223609925,0.2757561981678009,0.2992247104644775,0.32467839419841765,0.3588349387049675,0.37335671931505204,0.4086839139461517,0.4237927123904228,0.45413188487291334,0.48035418838262556,0.4919106334447861,0.5173110455274582,0.5344059765338898,0.5550000756978989,0.5693485319614411,0.5909129440784454,0.6117424488067627,0.6206095904111862,0.6443589597940445,0.6570844560861587,0.6747102916240693,0.6890565484762192,0.7085123091936112,0.7217209458351135,0.7369502931833267,0.7530257493257523,0.7674663364887238,0.7824035614728928,0.79602912068367,0.8127506285905838,0.8261367172002793,0.8397888153791427,0.8521876841783523,0.863293445110321,0.8792199701070785,0.8903869599103927,0.9026901364326477,0.9122324347496032,0.9273710936307907,0.9371713906526565,0.9486154675483703,0.9581184715032578,0.9674540072679519,0.97537821829319,0.983597818017006,0.9942701905965805,1.0036468833684922,1.0112595438957215,1.0190629005432128,1.0241495788097381,1.0311656951904298,1.0431767404079437,1.0541412889957429,1.056741362810135,1.0632932960987092,1.0716062426567077,1.07980996966362,1.0854093253612518,1.092799925804138,1.0954230010509491,1.1051849246025085,1.1093917191028595,1.1132799685001373,1.1196643471717835,1.1269661605358123,1.130975568294525,1.1351543009281158,1.136660397052765,1.1458964586257934,1.1463134646415711,1.1492269933223724,1.1554467499256134,1.1637637972831727,1.167092889547348,1.1710455298423768,1.1728444814682006,1.1759551882743835,1.1844188749790192,1.188111460208893,1.1859901130199433,1.1900570571422577,1.1980554938316346,1.199374830722809,1.20043705701828,1.2022087931632996,1.2116268217563628,1.2106601178646088,1.211762046813965,1.2185535192489625,1.2194017171859741,1.2205795049667358,1.222430056333542,1.2305234670639038,1.2341842353343964,1.2379469633102418,1.2325589299201964,1.2339461743831635,1.236336600780487,1.2392611443996429,1.2408783078193664,1.2428003430366517,1.244826513528824,1.2467931151390075,1.2499249577522278,1.2501032888889312,1.2520619869232177,1.2531925916671753,1.2612570941448211,1.2565805435180664,1.2603424310684204,1.260772132873535,1.2616606593132018,1.2638716518878936,1.2654993891716004,1.2664994418621063,1.2695833265781402,1.2704253971576691,1.270501583814621,1.2716262996196748,1.2721372067928314,1.2766584694385528,1.2772175550460816,1.275551587343216,1.2772563695907593,1.2778739094734193,1.2789581298828125,1.2788712203502655,1.2802498638629913,1.2814374148845673,1.2817679584026336,1.2838083267211915,1.2838806688785553,1.2847889721393586,1.2875978231430054,1.285830318927765,1.286423033475876,1.2877753496170044,1.2915555655956268,1.2887254416942597,1.2913531124591828,1.2924971997737884,1.2930586218833924,1.292108291387558,1.2935259222984314,1.2947988092899323,1.2944686949253081,1.2962222278118134,1.298282527923584,1.2961672306060792,1.2969938695430756,1.2968188226222992,1.2986115753650664,1.2965875208377837,1.2988531172275544,1.2980032742023468,1.297569316625595,1.2988284587860108,1.2989255666732789,1.3018079996109009,1.3003740072250367,1.2990465939044953,1.3008731484413147,1.302557897567749,1.30108402967453,1.3006158828735352,1.302115833759308,1.3029958486557007,1.3029052913188934,1.306562900543213,1.3022714376449585,1.302995753288269,1.3018119513988495,1.3027598679065704,1.3052376985549927
t_181,0.3736943930387497,0.35622011572122575,0.35665129125118256,0.3413378491997719,0.32782207429409027,0.31564634293317795,0.28898065388202665,0.2649994224309921,0.23778435066342354,0.2248307339847088,0.2027403622865677,0.17748354598879815,0.17001721933484076,0.13932325765490533,0.12246922999620438,0.09185398407280446,0.06871067695319652,0.04842937085777521,0.0,0.05813985392451286,0.08704389184713364,0.09676919914782048,0.1246294267475605,0.15805132165551186,0.18350814878940583,0.20322649478912352,0.22825571969151498,0.2622079193592072,0.28591946959495546,0.31150770634412767,0.3459374323487282,0.3604862779378891,0.3962677285075188,0.4112677097320557,0.4418940290808678,0.4683734834194183,0.47994225174188615,0.5056984066963196,0.5229751139879226,0.5437492907047272,0.5583265721797943,0.5801235437393188,0.6012017041444778,0.6102297961711883,0.6342041730880738,0.6471373438835144,0.664984405040741,0.6795603632926941,0.6992614954710007,0.7126634657382965,0.7281331598758698,0.7444396913051605,0.7590854197740555,0.7742032021284103,0.7880208045244217,0.8050015777349472,0.818605723977089,0.8324396014213562,0.8449460119009018,0.856291976571083,0.8723869472742081,0.8837527483701706,0.896214684844017,0.9058586865663528,0.9212290555238724,0.9311544746160507,0.9427601903676986,0.9524073153734207,0.961890721321106,0.9699020206928253,0.9782635569572449,0.9890681207180023,0.9985570102930069,1.0062815248966217,1.0141886949539185,1.0193496763706207,1.0264710664749146,1.0386687576770783,1.0497626543045044,1.0523730397224427,1.0590269565582275,1.0674146711826324,1.0757591485977174,1.081427174806595,1.0889222502708436,1.0915939450263976,1.1014551639556884,1.1057354509830475,1.1096580922603607,1.1161566257476807,1.1235221087932588,1.1276079416275024,1.1318412721157074,1.1333282351493836,1.142707347869873,1.1431413412094116,1.1460846662521362,1.1523719906806946,1.1608023762702941,1.1641753017902374,1.1681336402893066,1.1699853122234345,1.1731377720832825,1.1816990792751312,1.1854488015174867,1.1833039760589599,1.18741917014122,1.1955402553081513,1.1968574523925781,1.1979178369045258,1.199705469608307,1.2092644095420837,1.2082579016685486,1.2093969881534576,1.21626535654068,1.2171220123767852,1.2183196306228639,1.22019105553627,1.228414887189865,1.2321113467216491,1.2359332382678985,1.2304538488388062,1.231845885515213,1.234272336959839,1.2372427582740784,1.238876175880432,1.2408061087131501,1.2428500056266785,1.2448274135589599,1.2480228304862977,1.2482071757316588,1.2501809358596803,1.2513222754001618,1.259501761198044,1.2547452926635743,1.2585418701171875,1.2589909791946412,1.2598839163780213,1.2620927453041078,1.2637490630149841,1.2647510945796967,1.2678870141506196,1.2687213838100433,1.268798404932022,1.2699334561824798,1.2704593896865846,1.2750356018543243,1.2756175935268401,1.273914486169815,1.2756134510040282,1.2762517988681794,1.2773362159729005,1.2772835552692414,1.278657066822052,1.2798405647277833,1.2801860213279723,1.2822430551052093,1.2823133647441864,1.283242928981781,1.286090910434723,1.2842936396598816,1.2848885536193848,1.2862261593341828,1.2900794327259064,1.287218576669693,1.289852547645569,1.2910018265247345,1.2915878415107727,1.2906245946884156,1.2920615255832673,1.293338942527771,1.2930046141147613,1.294778287410736,1.2968548953533172,1.2947441518306733,1.2955609798431396,1.2953911542892456,1.2972081899642944,1.2951523959636688,1.2974422752857209,1.2965590953826904,1.2961351215839385,1.297405833005905,1.2974833786487578,1.3004091560840607,1.2989404439926147,1.2976042747497558,1.2994467556476592,1.3011583089828491,1.299646520614624,1.299184376001358,1.3007081151008606,1.3015771865844727,1.3014893352985382,1.305213165283203,1.3008609473705293,1.3015818297863007,1.3003744959831238,1.3013274848461152,1.3038537800312042
t_180,0.4053142085671425,0.3878585323691368,0.388378968834877,0.37305718958377837,0.35993325263261794,0.3478488028049469,0.32146021276712416,0.2977582708001137,0.2706589370965958,0.2575574666261673,0.23544540777802467,0.2104678399860859,0.2025971531867981,0.17158498093485833,0.1546116940677166,0.12322378382086754,0.0982634473592043,0.0701770581305027,0.05813985392451286,0.0,0.0639520563185215,0.07032571285963059,0.09437160305678845,0.12680048830807208,0.15200709104537963,0.1717199333012104,0.1966160036623478,0.23070526048541068,0.25437360182404517,0.28069211542606354,0.31519908607006075,0.3299206480383873,0.3664946049451828,0.3814416483044624,0.41264377236366273,0.43989451974630356,0.45180569142103194,0.4781738564372063,0.49590146243572236,0.5171426221728325,0.5322358638048172,0.5546287715435028,0.5762503504753113,0.585616597533226,0.6104628086090088,0.6236941307783127,0.6420878499746323,0.6572210669517518,0.6775622308254242,0.691528144478798,0.7074365943670273,0.7243293583393097,0.7394642144441604,0.7550312995910644,0.7694521009922027,0.786962628364563,0.801063871383667,0.8153039693832398,0.8282523185014725,0.8401517421007156,0.8567268759012222,0.8685497969388962,0.881332266330719,0.8914103239774704,0.907321834564209,0.9175238519906997,0.9295017212629318,0.9396083414554596,0.949327266216278,0.9577019602060318,0.9663677126169204,0.9775281101465225,0.9872253268957139,0.9952387392520905,1.0034628599882125,1.0089017808437348,1.0162708818912507,1.0287415027618407,1.040114289522171,1.04292134642601,1.0497327864170074,1.0583291053771973,1.0669612050056458,1.0728100895881654,1.0804722607135773,1.083335131406784,1.0933897614479064,1.097825711965561,1.1019047737121581,1.1086377680301667,1.1161235332489015,1.120400470495224,1.1248018383979796,1.1263741493225097,1.1359270513057709,1.1365090966224671,1.1395644426345826,1.146010684967041,1.1545563340187073,1.1580665111541748,1.1620789051055909,1.1641280233860016,1.1673581302165985,1.1759945154190063,1.1798166632652283,1.177834677696228,1.1820330262184142,1.1902500987052917,1.1916348874568938,1.1928042590618133,1.194630467891693,1.2043081939220428,1.2033321976661682,1.2045916080474854,1.211510580778122,1.212442409992218,1.213729703426361,1.215711134672165,1.223938947916031,1.2276885509490967,1.231601995229721,1.226149845123291,1.2275924503803253,1.2301417410373687,1.2331313133239745,1.234814816713333,1.236726886034012,1.2388266682624818,1.2408887147903442,1.2440963327884673,1.244362759590149,1.246349388360977,1.2475531280040741,1.2557619750499724,1.2510320901870728,1.2548744440078736,1.2553456246852874,1.256273227930069,1.2584945797920226,1.2602168917655945,1.26125066280365,1.264391928911209,1.2652835071086883,1.265364122390747,1.2665274620056153,1.2670870482921601,1.2716527163982392,1.2722952365875244,1.2706119239330291,1.2722932815551757,1.2730326414108277,1.2741033554077148,1.2740919411182403,1.2754460632801057,1.2766405045986176,1.2770477473735808,1.279068785905838,1.2791905522346496,1.2801300704479217,1.2829929828643798,1.281200760602951,1.281817615032196,1.2831785082817078,1.2870442748069764,1.2841801524162293,1.286788284778595,1.2879827737808227,1.2885957837104798,1.2876354992389678,1.289070326089859,1.2903660416603089,1.2900335967540741,1.2917969286441804,1.2938929855823518,1.2917809963226319,1.2925913989543916,1.2924417436122895,1.2942598342895508,1.2922196984291077,1.294514387845993,1.293594777584076,1.2932236790657043,1.294483381509781,1.2945792198181152,1.297504371404648,1.29600710272789,1.294701761007309,1.2965597689151764,1.2982502281665802,1.2967532753944397,1.2962730407714844,1.2978196442127228,1.298705768585205,1.29860959649086,1.3023304998874665,1.2979687929153443,1.2986672461032867,1.297462421655655,1.2984135925769806,1.3009688913822175
t_179,0.4379510939121246,0.42137984186410904,0.421468748152256,0.4067988350987434,0.3932725191116333,0.38155119568109513,0.35566181391477586,0.33172801584005357,0.30525951087474823,0.2924420922994614,0.2706701889634132,0.2450790211558342,0.23805906400084495,0.20768324807286262,0.18903497681021691,0.15660567358136177,0.12850326895713807,0.10030499249696731,0.08704389184713364,0.0639520563185215,0.0,0.04631663635373116,0.06476232521235943,0.09290162064135074,0.11717293038964272,0.13650673478841782,0.16076890975236893,0.19551446959376334,0.2196607284247875,0.24539887383580208,0.2810168445110321,0.2966604232788086,0.33230252265930177,0.3496495887637138,0.38139539361000063,0.4087554633617401,0.4212677612900734,0.44821134954690933,0.4660945817828178,0.48808127343654634,0.5035140514373779,0.5269865214824676,0.5494379460811615,0.5589518785476685,0.5841601550579071,0.5983424752950668,0.6178061753511429,0.6331491231918335,0.6544214278459549,0.6681501179933548,0.6855528652667999,0.7034237831830978,0.7189148455858231,0.7350389212369919,0.7498211205005646,0.7682295173406601,0.7827314227819443,0.797527614235878,0.8109602808952332,0.8236526697874069,0.8406351655721664,0.853109946846962,0.8663891583681107,0.8761982470750809,0.8933635115623474,0.9037576228380203,0.9162352412939072,0.9267116546630859,0.9367865025997162,0.9452956557273865,0.9544291764497757,0.9657577544450759,0.9757051497697831,0.9842970699071885,0.9927303820848465,0.9978408217430115,1.0054513335227966,1.0191258847713471,1.0308140158653258,1.0331739604473114,1.040328025817871,1.0490586280822753,1.058334743976593,1.0640285015106201,1.0722908914089202,1.074970304965973,1.0855964720249176,1.0902499675750732,1.0940484523773193,1.1012628734111787,1.1090296149253844,1.1135184049606324,1.1178459644317627,1.1188989222049712,1.1293546676635742,1.1293951153755188,1.1325719475746154,1.1392722427845001,1.1485685467720033,1.152160358428955,1.1560420632362365,1.1580039799213409,1.1612628400325775,1.1705215454101563,1.1745735287666321,1.171983402967453,1.1764431178569794,1.1853021085262299,1.1866848945617676,1.1875104427337646,1.189228117465973,1.1999019026756286,1.1983481168746948,1.199684202671051,1.2070983409881593,1.2078012824058533,1.209048068523407,1.2109976589679718,1.2201000452041626,1.2239548861980438,1.2279828846454621,1.22189302444458,1.2231781303882598,1.2258522152900695,1.2290652573108674,1.2306624948978424,1.2325700521469116,1.234722727537155,1.2368617951869965,1.2404786705970765,1.24056276679039,1.242586600780487,1.243773728609085,1.2528455257415771,1.2473511219024658,1.2513126671314239,1.2518550336360932,1.252764058113098,1.2549540758132935,1.2568754971027374,1.2578109562397004,1.2612067401409148,1.262013304233551,1.2620954632759094,1.263215959072113,1.2638582289218903,1.2688063323497771,1.2694860756397248,1.2674948990345,1.2691996455192567,1.2700124561786652,1.27106654047966,1.2710664510726928,1.2724745631217957,1.2736551821231843,1.2740774035453797,1.2762086927890777,1.2763030350208282,1.2772288084030152,1.2804129481315614,1.2783466219902038,1.2789721310138702,1.2803291201591491,1.284539133310318,1.2814082503318787,1.2841831922531128,1.28536114692688,1.2861032366752625,1.2849890351295472,1.286563915014267,1.2879324078559875,1.2874497950077057,1.2893659710884093,1.2915449142456055,1.2893665611743927,1.290180790424347,1.2898934125900268,1.2919894218444825,1.289622527360916,1.2920342206954956,1.2910191774368287,1.2906517386436462,1.2920222342014314,1.2920038640499114,1.2950885951519013,1.2934978604316711,1.2921175956726074,1.2941165328025819,1.2959214508533479,1.2942357122898103,1.2937275826931,1.2954107344150543,1.2963733851909638,1.2962123572826385,1.3003577768802643,1.2955638945102692,1.2962359130382537,1.2948812782764434,1.2958701848983765,1.2986945867538453
t_178,0.44829927682876586,0.43154755383729937,0.43178572952747346,0.417105732858181,0.40378872603178023,0.3921194151043892,0.36629210114479066,0.34253963381052016,0.31613523364067075,0.3034846618771553,0.28163631856441496,0.25634111016988753,0.24908473044633866,0.21843233034014703,0.2005694255232811,0.1680956266820431,0.14039014503359795,0.11043479815125465,0.09676919914782048,0.07032571285963059,0.04631663635373116,0.0,0.05526590533554554,0.08241789005696773,0.10583903416991233,0.12459981143474579,0.14947600439190864,0.1836880050599575,0.20775016620755196,0.23364268317818643,0.26903379857540133,0.2843396306037903,0.3209777683019638,0.33747368305921555,0.36939962208271027,0.3970799341797829,0.4095522999763489,0.43673565834760664,0.45482533425092697,0.47700712233781817,0.4925730794668198,0.5161169975996017,0.5387362867593766,0.5483536511659622,0.5739441156387329,0.5881750106811523,0.6077519148588181,0.6233061134815217,0.6448043197393417,0.6588576853275299,0.676247450709343,0.6942661017179489,0.7100240528583527,0.7263548314571381,0.7413492947816849,0.7599568039178848,0.7746754109859466,0.7896791845560074,0.8032900035381317,0.8160965204238891,0.8333605736494064,0.8459529548883438,0.8593961656093597,0.8694950878620148,0.8867247372865676,0.8973335564136505,0.9099738299846649,0.9205938756465912,0.9308133274316788,0.9394776880741119,0.9487247377634048,0.9602445244789124,0.9703708827495575,0.9789874106645584,0.9875644356012344,0.9929045408964157,1.0006382882595062,1.0142700672149658,1.0261075496673584,1.028667652606964,1.035885715484619,1.0447663068771362,1.0540857136249542,1.059951388835907,1.0682106494903565,1.0710182666778565,1.081712681055069,1.0864209055900573,1.090388971567154,1.097639548778534,1.1054933667182922,1.1100268721580506,1.1144836962223053,1.1157273173332214,1.1261241674423217,1.1263475835323333,1.129578745365143,1.1363345444202424,1.1456094801425933,1.1492724955081939,1.1532521784305572,1.1553150713443756,1.1586393892765046,1.1678879022598267,1.1719476640224458,1.1695243060588836,1.173998373746872,1.182827001810074,1.1842527568340302,1.1852123737335205,1.187002855539322,1.1975771844387055,1.1961652398109437,1.1975307524204255,1.2049205958843232,1.2057105123996734,1.2070063650608063,1.2090261995792388,1.2180162370204926,1.221915078163147,1.2259698152542113,1.2199923038482665,1.2213570833206178,1.2240536987781525,1.227260845899582,1.2289085865020752,1.2308500468730927,1.2330232501029967,1.2351818025112151,1.2387423098087311,1.238891100883484,1.2409399628639222,1.2421555876731873,1.2511086583137512,1.2457610309123992,1.2497440934181214,1.2502936601638794,1.2512246429920197,1.253445279598236,1.255351710319519,1.2563197255134582,1.2596992194652556,1.2605339229106902,1.2606272041797637,1.2617789030075073,1.2624188601970672,1.2673191845417022,1.2680181622505189,1.2660927176475525,1.2678008675575256,1.268626344203949,1.2696953058242797,1.2697109401226043,1.2711167335510254,1.2723116636276246,1.2727447211742402,1.274850344657898,1.2749683380126953,1.2759004473686217,1.27904914021492,1.2770338892936706,1.2776624798774718,1.2790256321430207,1.2832017719745636,1.2801133275032044,1.2828599095344544,1.2840555489063263,1.2847882330417633,1.2837083518505097,1.285255455970764,1.2866225779056548,1.2861683189868927,1.2880669832229614,1.2902451872825622,1.288072806596756,1.2888857781887055,1.2886373341083526,1.2906713902950286,1.288377320766449,1.2907711386680603,1.289766252040863,1.289407354593277,1.2907649755477906,1.2907697021961213,1.293837022781372,1.2922442734241486,1.2908784747123718,1.2928689956665038,1.2946536540985107,1.292996209859848,1.2924955904483795,1.2941583156585694,1.2951117634773255,1.2949629604816437,1.2990530729293823,1.2943104565143586,1.2949800848960877,1.2936587929725647,1.2946427941322327,1.2974264740943908
t_177,0.4748303726315498,0.4582742914557457,0.45855335891246796,0.44402206093072893,0.4309343099594116,0.4194741904735565,0.39394534975290296,0.3704857438802719,0.3442760080099106,0.33168256282806396,0.30997793674468993,0.2848257005214691,0.2776006400585175,0.2472383998334408,0.2292278975248337,0.1969839632511139,0.16915029436349868,0.13829538449645043,0.1246294267475605,0.09437160305678845,0.06476232521235943,0.05526590533554554,0.0,0.05778653472661972,0.07922201678156852,0.09710040092468261,0.12118607684969902,0.1549727849662304,0.17885557562112808,0.20517873540520667,0.24062855094671248,0.2562360167503357,0.29322593957185744,0.30989944487810134,0.34239889979362487,0.3705255061388016,0.38343109041452406,0.4110154613852501,0.42943607419729235,0.45210222750902174,0.4680841609835625,0.4922238290309906,0.5153945699334145,0.5252999931573867,0.5515974134206771,0.5661758005619049,0.5863419771194458,0.6023411005735397,0.6244546175003052,0.6389057368040085,0.6568821132183075,0.6755145490169525,0.6916763961315155,0.7084253251552581,0.7239482879638672,0.7431111603975296,0.7582400679588318,0.7736450791358948,0.7876759350299836,0.8010109066963196,0.8187230348587036,0.8317709296941758,0.8455053240060806,0.8558856844902039,0.8737404942512512,0.8845659404993057,0.8975811332464219,0.9086048245429993,0.9190523236989975,0.9280253559350967,0.93757743537426,0.9493880659341812,0.9597003251314163,0.9686221837997436,0.9774760842323303,0.9829770058393479,0.9909468978643418,1.0049727976322174,1.01706503033638,1.019715017080307,1.0271128594875336,1.0361758589744567,1.045798021554947,1.0517741978168487,1.0602575421333313,1.0631815850734712,1.074127745628357,1.0789804995059966,1.08303302526474,1.0905374050140382,1.0985336601734161,1.1032265424728394,1.1078153908252717,1.109058827161789,1.1197260022163391,1.119985443353653,1.1233414590358735,1.1302550852298736,1.1397233843803405,1.1434990644454956,1.147506868839264,1.149714368581772,1.1531108617782593,1.162503683567047,1.1666540920734405,1.1642849743366241,1.1688572824001313,1.1778422176837922,1.1793284475803376,1.180347776412964,1.182143896818161,1.1929562389850616,1.1914972722530366,1.1929661333560944,1.2004734933376313,1.2012858510017395,1.202650010585785,1.2047607362270356,1.2138713657855988,1.2178248584270477,1.2219731032848358,1.215929889678955,1.21731436252594,1.2201443493366242,1.2233825504779816,1.2250726103782654,1.2270133912563324,1.2292361974716186,1.2314749002456664,1.2350965440273285,1.2352905929088593,1.2373581290245057,1.2386203169822694,1.2477184057235717,1.242295742034912,1.246336394548416,1.246910524368286,1.2478684842586518,1.2501010179519654,1.2520827651023865,1.253077220916748,1.2564845561981202,1.2573574304580688,1.257449984550476,1.2586187601089478,1.2592957079410554,1.2642328858375549,1.2649876952171326,1.2630408942699431,1.2647385776042939,1.2656579852104186,1.2667164862155915,1.2667581677436828,1.2681528985500337,1.26936177611351,1.2698547482490539,1.2719347178936005,1.2721018016338348,1.2730269610881806,1.2762324631214141,1.2741926193237305,1.2748319029808044,1.2762282907962799,1.2804465293884277,1.2773284375667573,1.2800796926021576,1.2813240468502045,1.2820907175540923,1.2809884190559386,1.2825500190258026,1.2839499711990356,1.2834791243076324,1.2853909075260161,1.2875924050807952,1.2854153394699097,1.2862221837043761,1.2859739005565642,1.2880395531654358,1.285719984769821,1.2881368577480317,1.287088578939438,1.2867661833763122,1.2881282210350036,1.288147622346878,1.2912276804447174,1.2896140575408936,1.2882578372955322,1.2902861833572388,1.2920638740062713,1.2904082119464875,1.289882880449295,1.291585236787796,1.2925714552402496,1.2924128770828247,1.296557766199112,1.2917505741119384,1.2923996090888976,1.2910687148571014,1.2920672237873077,1.2949131429195404
t_176,0.5052675306797028,0.48914314061403275,0.48937413841485977,0.4751293361186981,0.4621685728430748,0.4509322360157967,0.42577631324529647,0.40259760320186616,0.3767882212996483,0.36435462683439257,0.342865464091301,0.3179164662957191,0.31086294651031493,0.2807876646518707,0.26292035132646563,0.2306133694946766,0.2025511547923088,0.17195868864655495,0.15805132165551186,0.12680048830807208,0.09290162064135074,0.08241789005696773,0.05778653472661972,0.0,0.05380629170686006,0.06828072965145111,0.08948342502117157,0.1222125083208084,0.1459965117275715,0.17206405103206635,0.2075968123972416,0.22352678924798966,0.26053220927715304,0.2778700694441795,0.3107312247157097,0.33935811519622805,0.3526418790221214,0.38084232807159424,0.39956714808940885,0.42272511273622515,0.4391894221305847,0.4641267478466034,0.4879228487610817,0.49810543060302737,0.5250129520893096,0.5402196377515793,0.5611538559198379,0.5776044011116028,0.6004705488681793,0.6151945948600769,0.6340586960315704,0.653424134850502,0.670027494430542,0.6872888684272767,0.7033509850502014,0.7231907457113266,0.738832688331604,0.7547026365995407,0.769179356098175,0.7832268983125686,0.8013656258583068,0.8149764537811279,0.8291290462017059,0.8396820396184921,0.8583912193775177,0.8694679975509644,0.8829259485006332,0.8943940907716751,0.9051510483026505,0.9143985688686371,0.924355760216713,0.9364787250757217,0.9470110267400742,0.9563668668270111,0.9654986143112183,0.9710873752832413,0.9793072819709778,0.993992418050766,1.0063744843006135,1.009002500772476,1.016654634475708,1.0258999824523927,1.0359657883644104,1.0419902861118318,1.0508244931697845,1.0538172245025634,1.0651143968105317,1.0701655149459839,1.074222242832184,1.082068681716919,1.090255320072174,1.0951634049415588,1.0998310387134551,1.100961399078369,1.1120798647403718,1.1122450232505798,1.1157363653182983,1.1228372275829315,1.1326778709888459,1.1365891695022583,1.1405904829502105,1.142897868156433,1.1463664412498473,1.1560454785823822,1.1603399872779847,1.157857495546341,1.1625950574874877,1.1718883752822875,1.1734277665615083,1.1743967354297637,1.1761923789978028,1.1874603867530822,1.1858100235462188,1.1873966455459595,1.1951294720172883,1.1959172129631042,1.1973312020301818,1.199497002363205,1.2089608371257783,1.2129900932312012,1.2172427237033845,1.2109864711761475,1.2123492240905762,1.2152959525585174,1.2186570942401886,1.2203442096710204,1.2222833931446075,1.224558299779892,1.2268861413002015,1.230675858259201,1.2308611929416657,1.2329519271850586,1.2342519223690034,1.2437021732330322,1.2380181550979614,1.2421187877655029,1.2427581369876861,1.2437363505363463,1.2459605038166046,1.2480622768402099,1.2490375936031342,1.2525571048259736,1.2534256458282471,1.2535379469394683,1.2547080874443055,1.2554408252239226,1.2605138838291168,1.2613301932811738,1.2592736184597015,1.2609691321849823,1.2619827806949615,1.263026136159897,1.2631037175655364,1.2645120322704315,1.2657196998596192,1.266254085302353,1.2683601319789886,1.2685558497905731,1.269483995437622,1.2728256642818452,1.2706838190555572,1.2713420569896698,1.2727404534816742,1.2771065771579742,1.273897498846054,1.2766851365566254,1.2779505789279937,1.2787910044193267,1.2776366412639617,1.2792507767677308,1.2806832313537597,1.2801696479320526,1.2821272134780883,1.2843787491321563,1.2821860313415527,1.2829912543296813,1.2827077805995941,1.2848772943019866,1.282450544834137,1.2849186658859253,1.2838104486465454,1.2835156619548798,1.284929519891739,1.2849020481109619,1.2880555093288422,1.286391657590866,1.2850299060344696,1.2871130526065826,1.2889269232749938,1.2872156381607056,1.2866781175136566,1.2884410202503205,1.2894700169563293,1.2892838060855865,1.2935928285121918,1.288627314567566,1.289252942800522,1.2878678739070892,1.2888845086097718,1.2918594896793365
t_175,0.5275302261114121,0.5115727692842483,0.511822497844696,0.4978205606341362,0.4849950298666954,0.4739670351147652,0.4491709187626839,0.4261973053216934,0.40072919279336927,0.38849438428878785,0.3672317355871201,0.3425274297595024,0.335618095099926,0.3058254957199097,0.28800551444292066,0.25594200789928434,0.22813257724046707,0.19720480293035508,0.18350814878940583,0.15200709104537963,0.11717293038964272,0.10583903416991233,0.07922201678156852,0.05380629170686006,0.0,0.04899704046547413,0.06786336489021778,0.09782966151833535,0.12108795382082463,0.1466927595436573,0.18198811188340186,0.19810123965144158,0.23513679802417756,0.2528271682560444,0.2860121428966522,0.31482920944690707,0.32840198576450347,0.356904336810112,0.3758788570761681,0.3995070576667786,0.41624711006879805,0.4416813164949417,0.46599126160144805,0.47636368721723554,0.5038719892501831,0.5194180250167847,0.5409448981285095,0.5576757729053498,0.5811520874500274,0.5960982888936996,0.6155886381864548,0.6355383962392807,0.6525392591953277,0.6702190220355988,0.6866974651813507,0.7071342915296555,0.7231263667345047,0.7394091218709946,0.7542823791503906,0.7688064217567444,0.7874040961265564,0.801412969827652,0.81590815782547,0.8266386687755585,0.8459637850522995,0.8572992026805878,0.8711253732442856,0.882933896780014,0.8939376443624496,0.9034359097480774,0.9136873215436936,0.926082992553711,0.9368588536977768,0.9464925944805145,0.9558809936046601,0.9615444570779801,0.9699837684631347,0.9851345658302307,0.9977900117635727,1.0004194229841232,1.00828737616539,1.0177308559417724,1.028095155954361,1.0342349708080292,1.0433068752288819,1.046372550725937,1.057966125011444,1.0631551384925841,1.0672724187374114,1.075366485118866,1.083740085363388,1.0887763738632201,1.0935570418834686,1.0946654021739959,1.1060980081558227,1.1062231719493867,1.1098324358463287,1.1171114325523377,1.1272004425525666,1.1312232077121736,1.1352685928344726,1.1376635670661925,1.141207182407379,1.1511207163333892,1.155514234304428,1.1529881358146667,1.1578313887119294,1.1673495948314667,1.1689289271831513,1.1699191868305205,1.1717360317707062,1.1832951784133912,1.181577467918396,1.183227390050888,1.1911256968975068,1.1919245898723603,1.193382239341736,1.1956117510795594,1.205271154642105,1.2093811511993409,1.2137137174606323,1.2073334276676178,1.2087165296077729,1.2117584466934204,1.215179169178009,1.2168974339962007,1.2188663125038146,1.2211828231811523,1.2235722303390504,1.2274516224861145,1.2276462376117707,1.22977774143219,1.2310984790325166,1.2407602667808533,1.2349330484867096,1.2391087472438813,1.2397777438163757,1.2407703340053557,1.2430139124393462,1.2451848804950714,1.2461770594120025,1.2497620701789856,1.2506428360939026,1.2507585048675538,1.2519512474536896,1.2527144312858582,1.2578761100769043,1.258738136291504,1.2566382050514222,1.2583528935909272,1.2594175457954406,1.2604731380939485,1.2605719149112702,1.2619853496551514,1.263221126794815,1.2637853741645813,1.2658894598484038,1.2661209285259247,1.2670456409454345,1.2704652488231658,1.2682825326919556,1.2689511179924011,1.2703726887702942,1.2748198568820954,1.2715571641921997,1.2743747413158417,1.2756676495075225,1.2765407800674438,1.2753597140312194,1.2770005941390992,1.2784606218338013,1.2779257655143739,1.279918509721756,1.2822046816349029,1.2799921989440919,1.2807903349399568,1.2805102825164796,1.2827146530151368,1.2802405297756194,1.2827379941940307,1.2816100478172303,1.2813215494155883,1.282752227783203,1.2827294707298278,1.2859168887138366,1.2842194199562074,1.2828490793704987,1.2849827408790588,1.2868076741695404,1.2850700974464417,1.284518402814865,1.2863171339035033,1.287367695569992,1.2871752560138703,1.291574615240097,1.2865103781223297,1.2871262967586516,1.28572478890419,1.2867544412612915,1.2897841811180115
t_174,0.5445512413978577,0.5287747621536255,0.528975760936737,0.5151896864175797,0.5024508908390999,0.491591639816761,0.46707837134599683,0.44425237476825713,0.4191029444336891,0.4069822460412979,0.38594270348548887,0.361382494866848,0.3545628383755684,0.3249963954091072,0.30730432868003843,0.27539077401161194,0.24770009219646455,0.21673110723495484,0.20322649478912352,0.1717199333012104,0.13650673478841782,0.12459981143474579,0.09710040092468261,0.06828072965145111,0.04899704046547413,0.0,0.054145770892500875,0.08035938143730163,0.10208916291594505,0.12730774879455567,0.16234104558825493,0.17847524657845498,0.21544143036007882,0.23379844278097153,0.2670627936720848,0.2960317596793175,0.30986113399267196,0.3386733904480934,0.35779635012149813,0.3817913979291916,0.398756842315197,0.4246751993894577,0.4494283139705658,0.4599146917462349,0.48789210617542267,0.5037719249725342,0.5258443057537079,0.5428056865930557,0.5668295681476593,0.5818966537714004,0.6019886910915375,0.6224491953849792,0.6397567480802536,0.6577710300683975,0.6745568156242371,0.6954864919185638,0.7118041753768921,0.7284058779478073,0.7435758948326111,0.7585237741470336,0.7774606853723526,0.7918164968490601,0.806559544801712,0.8173921763896942,0.8372480481863022,0.8487675696611404,0.8628790348768234,0.8749502837657929,0.886151272058487,0.8958177864551544,0.9062963873147964,0.9188748627901078,0.9298299282789231,0.9396843463182449,0.9492555111646652,0.9549381315708161,0.9635360151529312,0.979087871313095,0.9919379413127899,0.9945311397314072,1.0025517225265503,1.0121319770812989,1.0227539539337158,1.0289475798606873,1.038230401277542,1.0413181722164153,1.0531314373016358,1.058436745405197,1.0625516176223755,1.0708574056625366,1.079359668493271,1.0845035314559937,1.0893441677093505,1.0903695821762085,1.102084708213806,1.1021437287330627,1.105813103914261,1.1132205307483674,1.1235265493392945,1.1276203513145446,1.1316713213920593,1.1341060817241668,1.1376976132392884,1.1477960348129272,1.152267861366272,1.1496521353721618,1.1545914590358735,1.1642948031425475,1.1659044742584228,1.1668648540973663,1.1686879992485046,1.1805084109306336,1.1786851286888123,1.1803899824619293,1.1884264945983887,1.1892044126987458,1.1906868100166321,1.1929485380649567,1.2028212904930116,1.20698162317276,1.2113682985305787,1.2048467338085174,1.2062220871448517,1.2093315780162812,1.2128130078315735,1.2145311415195466,1.216509997844696,1.2188494563102723,1.2212904930114745,1.2252663910388946,1.225446766614914,1.2275928914546967,1.2289298117160796,1.2387992143630981,1.232815432548523,1.2370418965816499,1.2377310156822205,1.2387343764305114,1.2409809350967407,1.2432125687599183,1.2441906809806824,1.2478363156318664,1.2487194001674653,1.2488390743732452,1.250034248828888,1.2508259057998656,1.256074732542038,1.25697301030159,1.2548011243343353,1.256517481803894,1.2576325118541718,1.2586875259876251,1.2587905406951905,1.2602229058742522,1.2614553987979888,1.2620398283004761,1.2641612470149994,1.2644018411636353,1.2653227388858794,1.2688252449035644,1.2665788054466247,1.2672587871551513,1.2686772048473358,1.273217749595642,1.269890707731247,1.2727376341819763,1.274044495820999,1.2749511122703552,1.2737410724163056,1.2754071474075317,1.2768966376781463,1.2763244688510895,1.2783551156520843,1.2806668400764465,1.2784370839595796,1.2792401015758514,1.278940111398697,1.2811974704265594,1.2786635637283326,1.2811777472496033,1.2800220131874085,1.2797452330589294,1.2812007665634155,1.281155377626419,1.284382665157318,1.2826574265956878,1.2812737345695495,1.2834522306919098,1.2852993190288544,1.283522790670395,1.2829633891582488,1.2847941160202025,1.2858696937561036,1.2856642186641694,1.2901537120342255,1.28498917222023,1.28558651804924,1.284165048599243,1.2852052628993988,1.288291186094284
t_173,0.5661384165287018,0.5507047653198243,0.5508113741874695,0.5372663587331772,0.524648728966713,0.5139334797859192,0.48973060846328736,0.46716605573892594,0.44233259111642836,0.4303212285041809,0.4095464751124382,0.3851246178150177,0.37845888882875445,0.3492692098021507,0.3315462529659271,0.29986348301172255,0.27210201025009156,0.24178553223609925,0.22825571969151498,0.1966160036623478,0.16076890975236893,0.14947600439190864,0.12118607684969902,0.08948342502117157,0.06786336489021778,0.054145770892500875,0.0,0.060797658190131186,0.08075286187231541,0.10435388572514057,0.1393476888537407,0.15586308836936952,0.1915789783000946,0.21131401285529136,0.24470282793045045,0.27382794171571734,0.28810340762138364,0.31725464314222335,0.33643102645874023,0.36078835725784303,0.3780709579586983,0.40475086122751236,0.42994459718465805,0.4406609505414963,0.4691000238060951,0.48544470965862274,0.5081654757261276,0.5254622429609299,0.550124529004097,0.565283152461052,0.5861865937709808,0.6073070019483566,0.6248817652463913,0.6432244300842285,0.660453987121582,0.6819005221128464,0.6985693633556366,0.7154930979013443,0.7309857368469238,0.746583440899849,0.7657643556594849,0.7805869668722153,0.7955799013376236,0.8064888894557953,0.8270812511444092,0.8387030690908432,0.8531198561191559,0.8655670076608658,0.8769542932510376,0.8868135392665863,0.8975973665714264,0.9103665351867676,0.9214257687330246,0.9316348820924759,0.94142344892025,0.947098234295845,0.9558756589889527,0.9719732493162155,0.985020101070404,0.987527796626091,0.9957195580005646,1.0053943514823913,1.0163853764533997,1.0225618422031402,1.032134437561035,1.0352524638175964,1.0473166406154633,1.0527879774570466,1.0568451046943665,1.0654297828674317,1.0740424156188966,1.0793742895126344,1.0842605590820313,1.0850948631763457,1.097220742702484,1.0971506595611573,1.1009220480918884,1.1084735810756683,1.1190832197666167,1.1232675969600678,1.127255803346634,1.1297664940357208,1.1333897590637207,1.1436997294425963,1.148281031847,1.145546019077301,1.1505996227264403,1.1605661273002625,1.1621976315975189,1.163073831796646,1.1648502409458161,1.1770730853080749,1.1750418841838837,1.1768394589424134,1.1850571572780608,1.1857839107513428,1.1872886180877686,1.1895903646945953,1.199766117334366,1.2039631843566894,1.2084294199943542,1.201696801185608,1.2030272603034973,1.20624937415123,1.2098067104816437,1.2115106582641602,1.213450026512146,1.2158403635025024,1.2183478355407715,1.2224686563014984,1.2226293623447417,1.2247806131839751,1.2261427283287047,1.2363069176673889,1.2300793945789337,1.2343559384346008,1.235073870420456,1.2360917508602143,1.2383209228515626,1.240656566619873,1.2416178166866303,1.24534769654274,1.2462243437767029,1.2463550567626953,1.2475380957126618,1.2483747482299805,1.2537297010421753,1.2546728074550628,1.2523981153964996,1.2541055142879487,1.2553122222423554,1.2563466668128966,1.256468802690506,1.2579046726226806,1.2591298699378968,1.2597606897354126,1.2618941605091094,1.2621556758880614,1.2630745053291321,1.266689795255661,1.2643475651741027,1.2650368690490723,1.2664702653884887,1.2711305797100068,1.2677189111709595,1.2705956637859344,1.2719164609909057,1.2728812217712402,1.271619063615799,1.2733355045318604,1.2748563945293427,1.2742380380630494,1.2763082563877106,1.2786548674106597,1.2764078617095946,1.277209460735321,1.2768586456775666,1.2792216122150422,1.276582956314087,1.2791439890861511,1.2779290676116943,1.2776881158351898,1.2791821718215943,1.2790873229503632,1.282368105649948,1.2806115865707397,1.2792206525802612,1.2814488232135772,1.2833155870437623,1.281497448682785,1.2809120893478394,1.2828062415122985,1.2839196562767028,1.2836857855319976,1.2883297860622407,1.2830104231834412,1.2836015462875365,1.2821235597133636,1.283180558681488,1.2864130556583404
t_172,0.5945473045110703,0.579330450296402,0.5795707434415818,0.5662635743618012,0.553928691148758,0.5435213536024094,0.5197336733341217,0.49761351495981215,0.4732230082154274,0.4615252584218979,0.44102490693330765,0.41700809448957443,0.4104811280965805,0.3817540526390076,0.3645349219441414,0.3333071544766426,0.30603554993867876,0.2757561981678009,0.2622079193592072,0.23070526048541068,0.19551446959376334,0.1836880050599575,0.1549727849662304,0.1222125083208084,0.09782966151833535,0.08035938143730163,0.060797658190131186,0.0,0.055482909083366394,0.07256135866045951,0.10491315498948098,0.12080821022391319,0.15722854807972908,0.1756627768278122,0.20919149592518807,0.2385471560060978,0.2530340038239956,0.2824664250016212,0.3020054191350937,0.3268409758806229,0.3445421323180199,0.3717399939894676,0.39756721407175066,0.4085968852043152,0.43773974031209945,0.4546269401907921,0.47801052778959274,0.4958293095231056,0.5212403625249863,0.5369373559951782,0.5585535854101181,0.5803863793611527,0.5985692203044891,0.6175331443548202,0.6353811740875244,0.6576067179441452,0.6748557478189469,0.6924008101224899,0.7084839075803757,0.7246943086385726,0.74456407725811,0.7599535912275315,0.7754515081644058,0.786767515540123,0.8081069558858871,0.8201520889997482,0.835119315981865,0.848041319847107,0.8598225027322769,0.870066499710083,0.8812982499599457,0.8944865435361862,0.905925065279007,0.916509610414505,0.9266743928194046,0.9326520174741745,0.941753602027893,0.9583268374204635,0.971736216545105,0.9744538128376007,0.9829411029815673,0.992926436662674,1.0042934119701385,1.0107083678245545,1.0205667316913605,1.023853749036789,1.036317777633667,1.0419736742973327,1.046236628293991,1.0551320135593414,1.0640032708644866,1.0695141434669495,1.0745877504348755,1.0755924999713897,1.0879845798015595,1.0879951179027558,1.0919541656970977,1.0997207403182983,1.1106065154075622,1.1149751782417296,1.119083869457245,1.1217655897140504,1.1255270659923553,1.1360542058944703,1.140769511461258,1.138127326965332,1.1433232069015502,1.1534631490707397,1.155218815803528,1.156227743625641,1.158094471693039,1.1705329179763795,1.1685511767864227,1.1704530537128448,1.1788096129894257,1.1796252965927123,1.181220644712448,1.1836383581161498,1.1939402043819427,1.1982537269592286,1.2028127193450928,1.1960715770721435,1.1974796652793884,1.200810617208481,1.204446691274643,1.2062062978744508,1.2082144141197204,1.2106591165065765,1.213241070508957,1.217434787750244,1.2176583528518676,1.2198595464229585,1.221264946460724,1.231567919254303,1.2253096640110015,1.2296477496623992,1.2304267108440399,1.2314734876155853,1.2337481260299683,1.2361551702022553,1.2371452033519745,1.2409209907054901,1.2418416798114777,1.241988378763199,1.2432160139083863,1.2440888166427613,1.249497926235199,1.2505043148994446,1.2482332766056061,1.249953705072403,1.2512281358242034,1.252285885810852,1.252434903383255,1.2538908421993256,1.2551469027996063,1.255805456638336,1.2579310953617096,1.2582437455654145,1.2591594099998473,1.2628319203853606,1.2604836642742157,1.2611895501613617,1.2626412749290465,1.2673560619354247,1.2639290988445282,1.2668094336986542,1.268171054124832,1.2691724956035615,1.267905056476593,1.2696285188198089,1.2711803138256073,1.2705539762973785,1.2726512849330902,1.275019931793213,1.272769021987915,1.2735772907733918,1.2732443451881408,1.2756155729293823,1.272973096370697,1.275552862882614,1.2743168473243713,1.274098414182663,1.2756076514720918,1.2755260944366456,1.2788249373435974,1.2770444095134734,1.275664496421814,1.2779289126396178,1.2798025846481322,1.277977204322815,1.2773946225643158,1.279301828145981,1.2804433286190033,1.2802048742771148,1.2848981022834778,1.2795308768749236,1.2800975859165191,1.278633826971054,1.2797075808048248,1.2829736411571502
t_171,0.6145101219415665,0.5994268178939819,0.5997398674488068,0.586589229106903,0.5744702935218811,0.5642037838697433,0.540704283118248,0.5189296215772629,0.49481008052825926,0.48322648257017137,0.462948440015316,0.4392753943800926,0.4327823996543884,0.4043456792831421,0.3874265506863594,0.35660429000854493,0.32961599081754683,0.2992247104644775,0.28591946959495546,0.25437360182404517,0.2196607284247875,0.20775016620755196,0.17885557562112808,0.1459965117275715,0.12108795382082463,0.10208916291594505,0.08075286187231541,0.055482909083366394,0.0,0.057702118158340455,0.08387710712850094,0.09812102690339089,0.13411351591348647,0.15193177089095117,0.18546743169426919,0.2149092212319374,0.22970574721693993,0.2593851640820503,0.2791560187935829,0.30416104197502136,0.3222469002008438,0.3498750001192093,0.3760268673300743,0.38733852505683897,0.41729068458080293,0.4342226982116699,0.45804265290498736,0.47635396420955656,0.5022834673523903,0.5184419959783554,0.5404011398553848,0.5627500236034393,0.5813382804393769,0.6006289392709732,0.6190339207649231,0.6416796386241913,0.6593532085418701,0.6771913886070251,0.6935743063688278,0.7103616178035737,0.7305858701467514,0.746379941701889,0.7620853543281555,0.7737811803817749,0.7956053704023361,0.8078427761793137,0.8231081455945969,0.8364694505929947,0.8484269142150879,0.858992663025856,0.8704824090003968,0.8839953958988189,0.895583626627922,0.9064219146966934,0.9168654680252075,0.9230822533369064,0.932391357421875,0.9492198079824448,0.9628673285245896,0.9657431721687317,0.9743593156337738,0.9845167547464371,0.9961721748113632,1.0027271956205368,1.0127532720565795,1.0162298440933228,1.0288278579711914,1.0346439003944397,1.0390393316745759,1.0481464326381684,1.0571074306964874,1.0628149449825286,1.0680478274822236,1.0690991282463074,1.0816563606262206,1.0818111896514893,1.0858987092971801,1.0938027441501617,1.1047640144824982,1.1092681884765625,1.1134055137634278,1.1162838816642762,1.1201261639595033,1.1307011485099792,1.1354920744895936,1.1330119848251343,1.1382777988910675,1.1485162198543548,1.1503304541110992,1.1514356136322021,1.1533385932445526,1.1658765077590942,1.1639360547065736,1.1659460246562958,1.1743565440177917,1.1752571284770965,1.1769246399402618,1.1794491231441497,1.1897688508033752,1.1941262483596802,1.1987790048122406,1.192054522037506,1.1935094952583314,1.1969591856002808,1.20061736702919,1.202419376373291,1.204411518573761,1.206909614801407,1.2095649123191834,1.2137759566307067,1.21407151222229,1.2162800312042237,1.217750108242035,1.2280746042728423,1.2218559026718139,1.2262362837791443,1.2270294964313506,1.22811661362648,1.230401986837387,1.232860267162323,1.2338798582553863,1.237661874294281,1.238641369342804,1.2387983620166778,1.2400476098060609,1.2409495055675506,1.2463407039642334,1.2473959743976593,1.2451455891132355,1.24686319231987,1.2482271671295166,1.2492762923240661,1.249457323551178,1.2509071588516236,1.2521654844284058,1.2528839766979218,1.2549955368041992,1.2553498864173889,1.2562800347805023,1.2599645674228668,1.2576233088970183,1.258345127105713,1.2598208129405974,1.2645484626293182,1.2611324906349182,1.2639824807643891,1.2653885424137115,1.2664139091968536,1.265155738592148,1.2668837785720826,1.2684480249881744,1.267833662033081,1.269917368888855,1.2723055720329284,1.2700585842132568,1.2708701968193055,1.2705496430397034,1.2729211270809173,1.2703024327754975,1.2728933215141296,1.2716138780117034,1.271447217464447,1.272959691286087,1.2728815615177154,1.2761962711811066,1.274401557445526,1.2730482757091521,1.275318431854248,1.2771793127059936,1.2753785490989684,1.274769800901413,1.2767006576061248,1.2778666317462921,1.277619367837906,1.2823278725147247,1.2769469380378724,1.277514672279358,1.2760564386844635,1.2771329939365388,1.2804625451564788
t_170,0.6350929945707321,0.6204468756914139,0.6206248104572296,0.607826879620552,0.5957185178995132,0.5857553452253341,0.5626580357551575,0.5410230875015258,0.5174187928438186,0.5061293676495552,0.4861482247710228,0.4626022130250931,0.4564401373267174,0.42856242805719375,0.41157407611608504,0.38099328577518465,0.3542307421565056,0.32467839419841765,0.31150770634412767,0.28069211542606354,0.24539887383580208,0.23364268317818643,0.20517873540520667,0.17206405103206635,0.1466927595436573,0.12730774879455567,0.10435388572514057,0.07256135866045951,0.057702118158340455,0.0,0.06294955015182495,0.07723510377109051,0.10859909243881702,0.12944250293076037,0.1619594320654869,0.190420763194561,0.20570215955376625,0.2351384110748768,0.254587733745575,0.28032644987106325,0.29831214249134064,0.3268044650554657,0.35367288291454313,0.3648811340332031,0.3949641063809395,0.41283866167068484,0.43761058449745177,0.45591506361961365,0.4827099785208702,0.4984845757484436,0.5218972235918045,0.5451091200113296,0.5640775620937347,0.5838773548603058,0.6025170981884003,0.6260002166032791,0.6440004706382751,0.6624491274356842,0.6793600589036941,0.6967326670885086,0.7174317061901092,0.7337147980928421,0.7499389231204987,0.7614337652921677,0.7842971473932266,0.7967967033386231,0.8125160515308381,0.826157209277153,0.8384742021560669,0.8491351157426834,0.8610310167074203,0.8747026413679123,0.8865996181964875,0.8978836894035339,0.9085268408060074,0.9145257264375687,0.9240442603826523,0.9417866051197052,0.9556957870721817,0.9583185940980912,0.9672294437885285,0.9775813847780228,0.9896968901157379,0.9962103188037872,1.006676384806633,1.0100073307752608,1.0231283068656922,1.029098242521286,1.0333380162715913,1.042786467075348,1.0520357191562653,1.0578612685203552,1.0630560040473938,1.0638548851013183,1.0770153760910035,1.076781189441681,1.0810010850429534,1.0891106247901916,1.1006316065788269,1.1052303552627563,1.1093257904052733,1.1121242105960847,1.1159985780715942,1.127060168981552,1.1320052862167358,1.1291183412075043,1.134566420316696,1.1452327787876129,1.1470887959003448,1.1480068027973176,1.1498788475990296,1.1630611956119536,1.1607985079288483,1.1628277242183684,1.1715835928916931,1.1723688662052154,1.1740246653556823,1.1765202939510346,1.187410444021225,1.1918600857257844,1.1965639472007752,1.1894584000110626,1.1908523440361023,1.1943714499473572,1.1981823801994325,1.1999184668064118,1.2019795536994935,1.204503697156906,1.2072060525417327,1.211686724424362,1.2118559241294862,1.214118081331253,1.2155500292778014,1.2264433920383453,1.219735223054886,1.2241983890533448,1.2250573813915253,1.2261316895484924,1.2284215271472931,1.2309856176376344,1.2319566488265992,1.235901838541031,1.2368276596069336,1.2369947493076325,1.2382343888282776,1.2391797006130219,1.24483380317688,1.2459023952484132,1.2434722781181335,1.2452374935150146,1.2466270565986632,1.2476853132247925,1.2478457331657409,1.2493661999702455,1.2506216645240784,1.2513226747512818,1.25350661277771,1.2538496553897858,1.2547572553157806,1.2586495876312256,1.2561401844024658,1.2568713903427124,1.2583382308483124,1.2632845997810365,1.2597043216228485,1.2626756250858306,1.2640664994716644,1.265164977312088,1.2638123035430908,1.2656210005283355,1.2672361969947814,1.2665233492851258,1.2687090635299683,1.2711462259292603,1.268853449821472,1.2696808874607086,1.2692542970180511,1.271797811985016,1.268974280357361,1.2716305017471314,1.270327478647232,1.2701428830623627,1.2717287361621856,1.27158579826355,1.2749800086021423,1.2731429100036622,1.2717305779457093,1.2741032600402833,1.2760238885879516,1.2741223573684692,1.2734998703002929,1.2754901468753814,1.2767164289951325,1.2764222145080566,1.2813879668712616,1.2757400929927827,1.2762835681438447,1.274749118089676,1.2758566558361053,1.2793062031269073
t_169,0.6632604479789734,0.6488081842660904,0.6490838259458542,0.6365119606256485,0.6247594147920609,0.6150259673595428,0.5924016445875168,0.5712874680757523,0.5481344401836395,0.5370785444974899,0.5174329459667206,0.494491808116436,0.48835133016109467,0.46090362370014193,0.4444692760705948,0.4144639417529106,0.3883828714489937,0.3588349387049675,0.3459374323487282,0.31519908607006075,0.2810168445110321,0.26903379857540133,0.24062855094671248,0.2075968123972416,0.18198811188340186,0.16234104558825493,0.1393476888537407,0.10491315498948098,0.08387710712850094,0.06294955015182495,0.0,0.05264212377369404,0.07754291743040084,0.09468167684972287,0.12602618858218192,0.15458294227719308,0.17015499398112297,0.1996389739215374,0.21941667944192886,0.24543425664305688,0.26393603831529616,0.29289623349905014,0.32024253755807874,0.331820847094059,0.3629220321774483,0.38111258000135423,0.40659313052892687,0.4254977211356163,0.45305499732494353,0.46954952329397204,0.493490831553936,0.5175037860870362,0.5370502233505249,0.5574291914701461,0.5768853336572647,0.6011266857385635,0.6197555810213089,0.6386994659900666,0.6561802357435227,0.6743427813053131,0.6956625252962112,0.7125480443239212,0.7291784763336182,0.7412408471107483,0.7648452460765839,0.7777022033929825,0.793956258893013,0.8081874877214432,0.8208277255296708,0.8319655269384384,0.8443006783723831,0.8584740728139877,0.870649802684784,0.882320585846901,0.8933876037597657,0.8997981369495391,0.9096653997898102,0.9277972221374512,0.9420694500207901,0.9449761569499969,0.9541569501161575,0.9648097544908524,0.9773099809885025,0.9840685665607453,0.9947750806808472,0.9983850210905075,1.011814358830452,1.0180009722709655,1.0225026547908782,1.0322795331478118,1.0416959881782533,1.0477528512477874,1.0532014667987823,1.0541982710361482,1.0675717890262604,1.0675586462020874,1.0719726502895355,1.0802756190299987,1.0919656991958617,1.096758908033371,1.1009619891643525,1.1040150105953217,1.1080303609371185,1.1191840052604676,1.1242376804351806,1.121609091758728,1.127179205417633,1.1379510641098023,1.13992600440979,1.141037744283676,1.14300337433815,1.156298565864563,1.1541359722614288,1.1563229739665986,1.165146577358246,1.1660586833953857,1.1678410112857818,1.1704873442649841,1.1813742756843566,1.1859237372875213,1.1907290279865266,1.1837132275104523,1.1852072477340698,1.1888618052005768,1.1927160739898681,1.19453045129776,1.1966188788414,1.1992086946964264,1.2020044565200805,1.2064890205860137,1.2067752003669738,1.2090651094913483,1.210571789741516,1.221470332145691,1.2148558974266053,1.219373607635498,1.2202885806560517,1.2214135766029357,1.223732775449753,1.2263535380363464,1.2273744344711304,1.2313279926776886,1.2323148787021636,1.232508021593094,1.2337932229042052,1.2347662270069122,1.240391057729721,1.2415437161922456,1.239165186882019,1.240926945209503,1.2424049913883208,1.2434785485267639,1.2436863422393798,1.2451900780200957,1.2464756846427918,1.2472437500953675,1.2493906021118164,1.2498001754283905,1.2507126808166504,1.2546156644821167,1.252140599489212,1.252891856431961,1.254381960630417,1.2593296885490417,1.2557790935039521,1.2587125480175019,1.2601712882518767,1.2612914621829987,1.25995215177536,1.2617558121681214,1.2633926928043366,1.2627058565616607,1.264877688884735,1.267333745956421,1.265064638853073,1.26588574051857,1.2655033767223358,1.2680181741714478,1.2652516484260559,1.2679043233394622,1.2665831208229066,1.2664454996585846,1.2680213689804076,1.2679069638252258,1.2712982773780823,1.2694483399391174,1.26807382106781,1.270467209815979,1.2723661422729493,1.2704916715621948,1.2698659539222716,1.2718824446201324,1.2731196641921998,1.2728342175483705,1.277785414457321,1.2721667528152465,1.2726981043815613,1.2711914241313935,1.2723153233528137,1.2757960498332976
t_168,0.6748047918081284,0.6603136777877807,0.6607546955347061,0.6482277810573578,0.636694946885109,0.6270797222852706,0.6045904099941254,0.5837845742702484,0.5608020782470703,0.5498846918344498,0.5303436636924743,0.5077364832162857,0.5015837907791137,0.47428990006446836,0.45842733383178713,0.4287082150578499,0.40296040624380114,0.37335671931505204,0.3604862779378891,0.3299206480383873,0.2966604232788086,0.2843396306037903,0.2562360167503357,0.22352678924798966,0.19810123965144158,0.17847524657845498,0.15586308836936952,0.12080821022391319,0.09812102690339089,0.07723510377109051,0.05264212377369404,0.0,0.07043003141880036,0.07825425341725349,0.10828533619642258,0.13724315464496611,0.15225780159235,0.18214825615286828,0.20217656642198562,0.22812588810920714,0.24680375903844834,0.27558211535215377,0.3029482915997505,0.3147916913032532,0.3464784622192383,0.3645802944898605,0.3899762511253357,0.409391938149929,0.43716508746147154,0.4543966457247734,0.4781076401472092,0.5022613227367401,0.5222477227449417,0.542896842956543,0.5628124058246613,0.5871980458498001,0.6062392652034759,0.6254353314638138,0.6431702762842179,0.6615675836801529,0.6832595318555832,0.7003641337156296,0.7171997040510177,0.7298330754041672,0.7534754753112793,0.7666473299264908,0.7831273823976517,0.797662889957428,0.8105206787586212,0.8219150632619858,0.8344393640756607,0.848924645781517,0.8613410025835038,0.8730725377798081,0.8843790680170059,0.8912264198064804,0.9012859404087067,0.9192732244729995,0.9337610065937042,0.9370703369379043,0.946327143907547,0.9571871966123581,0.969767588376999,0.9768275499343873,0.9875248372554779,0.9913914769887924,1.00485200881958,1.0111595392227173,1.015945988893509,1.0257543563842773,1.0352769076824189,1.0414475977420807,1.047093439102173,1.0484383940696715,1.0616773188114166,1.0619780659675597,1.0665161192417145,1.0748939037322998,1.0865082144737244,1.0914330899715423,1.0957788050174713,1.0990305125713349,1.1031582355499268,1.1142297446727754,1.119314330816269,1.1170169115066528,1.1225915849208832,1.1332924008369445,1.135344809293747,1.1366798400878906,1.1387665450572968,1.1518563389778138,1.1499622762203217,1.152211445569992,1.160949808359146,1.162045156955719,1.1639130890369416,1.1666813731193542,1.17734237909317,1.1819328546524048,1.1867993652820588,1.18000385761261,1.181625235080719,1.1853288769721986,1.1891613066196443,1.1910640954971314,1.193195778131485,1.1958209037780763,1.1986465394496917,1.2030464649200439,1.2034691512584685,1.2057741284370422,1.2073486030101777,1.2180123388767243,1.211678010225296,1.2161925673484801,1.217117691040039,1.2182836890220643,1.2206514775753021,1.2232676923274994,1.2243258655071259,1.2282415628433228,1.229300719499588,1.2295116066932679,1.2308402001857757,1.2318391025066375,1.2373551428318024,1.2385461151599884,1.2362647235393525,1.2380359768867493,1.2395632147789002,1.2406464040279388,1.240889298915863,1.242399424314499,1.2436982989311218,1.2444870889186859,1.2466121673583985,1.2470527589321136,1.2479937851428986,1.2518222033977509,1.249444943666458,1.2502029180526733,1.2517103850841522,1.256583172082901,1.2531335651874542,1.2559976279735565,1.2574883699417114,1.258600151538849,1.257322323322296,1.2590837121009826,1.2607092678546905,1.2600759863853455,1.2622075855731965,1.2646653175354003,1.2624180138111114,1.263240534067154,1.2629154741764068,1.265345048904419,1.262692540884018,1.2653316855430603,1.264002764225006,1.2638984262943267,1.2654542088508607,1.2653623044490814,1.2687417209148406,1.2668997645378113,1.265562403202057,1.2679190576076507,1.2698022067546844,1.267986536026001,1.2673666596412658,1.2693498849868774,1.270581418275833,1.2703151166439057,1.2751616954803466,1.2696555972099304,1.2701947450637818,1.2687262535095214,1.2698465168476105,1.2733218789100647
t_167,0.7032668590545654,0.6894591838121414,0.6896173447370529,0.6776089668273926,0.6661142498254776,0.6568006575107574,0.6350192576646805,0.6144319921731949,0.5921629011631012,0.5814784675836563,0.5625385463237762,0.5401566505432129,0.5344158768653869,0.5079509899020195,0.4917684763669968,0.462601238489151,0.4370684638619423,0.4086839139461517,0.3962677285075188,0.3664946049451828,0.33230252265930177,0.3209777683019638,0.29322593957185744,0.26053220927715304,0.23513679802417756,0.21544143036007882,0.1915789783000946,0.15722854807972908,0.13411351591348647,0.10859909243881702,0.07754291743040084,0.07043003141880036,0.0,0.06832763627171516,0.08781526982784271,0.11012210063636303,0.12601547315716743,0.15361639633774757,0.17203676253557204,0.1980715237557888,0.2166294775903225,0.24690974578261377,0.2749881535768509,0.28667388260364535,0.3182800203561783,0.3373171463608742,0.36446982324123384,0.38367508798837663,0.41256763190031054,0.42873055338859556,0.45490633249282836,0.4804926156997681,0.5005897536873818,0.5217018365859986,0.5420211285352707,0.5676221072673797,0.5870265394449234,0.6066901475191117,0.6249259084463119,0.6446147054433823,0.6665944665670395,0.6845302313566208,0.7018547475337982,0.7139187335968018,0.7393571943044662,0.7525498479604721,0.769548749923706,0.7846342176198959,0.7977762728929519,0.8093471348285675,0.8223741114139557,0.8370404660701751,0.8495718449354172,0.8620874911546708,0.8736936062574386,0.8799458622932435,0.8902627736330032,0.9098877847194672,0.9246982097625732,0.9273277223110199,0.9370078057050705,0.9479502409696579,0.96138776242733,0.9681410312652587,0.9796147465705871,0.9832382500171661,0.9973990738391876,1.0039542376995088,1.008341094851494,1.018799614906311,1.0285856306552887,1.0350463032722472,1.040617859363556,1.0411956310272217,1.055590170621872,1.05522780418396,1.0599232912063599,1.0686239182949067,1.0810722351074218,1.086117398738861,1.0902501404285432,1.0934194386005402,1.097543966770172,1.109334146976471,1.1146734178066253,1.111677098274231,1.1175685286521913,1.1290157735347748,1.1310679376125337,1.1319860458374023,1.1339137494564056,1.148198240995407,1.145588034391403,1.1479535520076751,1.1572647094726562,1.1580868005752563,1.1599278330802918,1.162657916545868,1.174302577972412,1.1789853692054748,1.1839866638183594,1.176465630531311,1.177891105413437,1.1817829608917236,1.1858538210391998,1.1876347839832306,1.189723640680313,1.1924145758152007,1.195351666212082,1.2002050518989562,1.2004197239875793,1.2027577102184295,1.2042963564395905,1.215938663482666,1.2087385177612304,1.2133951246738435,1.2144009292125701,1.2155603110790252,1.2178652822971343,1.2207203328609466,1.2216962218284606,1.2258575677871704,1.2268403887748718,1.2270525217056274,1.2283337116241455,1.2294087290763855,1.2353316724300385,1.2365657567977906,1.2339644253253936,1.2357580065727234,1.2373928606510163,1.2384483218193054,1.2386824309825897,1.2402426660060883,1.241522991657257,1.2423510670661926,1.2445807456970215,1.2450184047222137,1.2459221124649047,1.2500916004180909,1.2474184691905976,1.248192059993744,1.2497019112110137,1.2549320697784423,1.2511965572834014,1.2542338728904725,1.2557203114032744,1.2569747507572173,1.2555253505706787,1.2574284076690674,1.2591448426246643,1.258349859714508,1.2606416821479798,1.2631776690483094,1.260862797498703,1.2617035806179047,1.261203145980835,1.2639557778835298,1.2609400272369384,1.2636994123458862,1.2622856378555298,1.2621874988079071,1.2638658225536346,1.2636606395244598,1.2671872079372406,1.2652618050575257,1.2638563632965087,1.2663763105869292,1.2683572947978974,1.2663778424263001,1.265706729888916,1.2678524136543274,1.2691828191280365,1.268838632106781,1.2741309583187104,1.2681795060634613,1.268684881925583,1.2670770943164826,1.2682486295700073,1.2719902575016022
t_166,0.7147348433732986,0.7006332308053971,0.7012719839811326,0.6890985488891601,0.6780655384063721,0.6688661873340607,0.647068077325821,0.627106910943985,0.6048437267541885,0.5943838000297547,0.5753572911024094,0.5536459118127823,0.5476957559585571,0.5212975680828095,0.5062669724225998,0.4775469973683357,0.45280479490756986,0.4237927123904228,0.4112677097320557,0.3814416483044624,0.3496495887637138,0.33747368305921555,0.30989944487810134,0.2778700694441795,0.2528271682560444,0.23379844278097153,0.21131401285529136,0.1756627768278122,0.15193177089095117,0.12944250293076037,0.09468167684972287,0.07825425341725349,0.06832763627171516,0.0,0.05995237864553928,0.08528148382902145,0.09933505803346634,0.12782334610819818,0.1476343534886837,0.17334459573030472,0.1926949627697468,0.2213149167597294,0.24906077235937119,0.2615018606185913,0.29445773661136626,0.31293709129095076,0.3390156447887421,0.3594775214791298,0.38814140409231185,0.4067188993096352,0.430960051715374,0.4562070220708847,0.477110356092453,0.4986601799726486,0.5198849856853485,0.5452857255935669,0.565348768234253,0.5853734821081161,0.6040443450212478,0.6236859768629074,0.6463271170854569,0.6643681645393371,0.6819093286991119,0.6955888241529464,0.7203281790018081,0.7341231197118759,0.7514384418725968,0.7669575601816178,0.7803738862276077,0.7925203979015351,0.8057956367731094,0.8211258888244629,0.8340040624141694,0.8464007526636124,0.8583812803030014,0.8660333067178726,0.8766403347253799,0.8951621532440186,0.9102038234472275,0.9141406893730164,0.9238332122564316,0.9352113604545593,0.9484004110097886,0.9559067368507386,0.9669805467128754,0.971319729089737,0.9853308886289597,0.9920097112655639,0.9972628653049469,1.0075526356697082,1.0174101293087006,1.0239637196063995,1.0300119400024415,1.0318312346935272,1.0453245997428895,1.0460220932960511,1.0509632885456086,1.0596492886543274,1.0715095162391663,1.076807677745819,1.081377339363098,1.0850454807281493,1.0894212186336518,1.1006297051906586,1.1059064507484435,1.1040830969810487,1.1098591268062592,1.120713973045349,1.1230004966259002,1.124684637784958,1.1269661724567412,1.1401620268821717,1.1385113954544068,1.1410000145435333,1.1498330533504486,1.1511855125427246,1.1532576382160187,1.1562741696834564,1.1668989062309265,1.1716398179531098,1.1766580998897553,1.1700829803943633,1.1718872368335724,1.175813227891922,1.179717755317688,1.1817429602146148,1.1839480698108673,1.1866915225982666,1.189663302898407,1.1940746784210206,1.1946942508220673,1.197062623500824,1.198757714033127,1.2093767821788788,1.2032706201076508,1.2078487813472747,1.2088660955429078,1.2101322710514069,1.2125529170036315,1.2152732610702515,1.2164150476455688,1.2203407347202302,1.2215101182460786,1.2217746257781983,1.223179864883423,1.2242426455020905,1.2296931147575378,1.2310004353523254,1.228833943605423,1.2306235671043395,1.2322926640510559,1.233396488428116,1.2337146043777465,1.2352400422096252,1.2365749537944795,1.2374483346939087,1.2395329892635345,1.240085196495056,1.2410482227802277,1.2448705434799194,1.2425719320774078,1.2433770954608918,1.244923973083496,1.249773383140564,1.2464048743247986,1.2492213189601897,1.2508005201816559,1.2519426584243774,1.2507154405117036,1.252463310956955,1.2541193306446075,1.2535395085811616,1.2556405246257782,1.2581189453601838,1.2559117436408997,1.2567489326000214,1.2564812541007995,1.2588718295097352,1.2563120126724243,1.2589487433433533,1.2576098322868348,1.2575815677642823,1.2591266930103302,1.2590843200683595,1.2624377727508544,1.2606091022491455,1.2593323647975923,1.2617086231708527,1.263550066947937,1.261809414625168,1.261184698343277,1.2631914556026458,1.2644522190093994,1.2641917407512664,1.2689996361732483,1.263550841808319,1.2640871286392212,1.262675553560257,1.2638146817684173,1.2673177301883698
t_165,0.7386737674474716,0.7248709112405777,0.7255222350358963,0.7136531561613083,0.7028434336185455,0.6939061969518662,0.6725813060998916,0.6530161738395691,0.6312770783901215,0.6210720211267471,0.602448147535324,0.5811804831027985,0.5754268527030945,0.5495786637067794,0.5349633574485779,0.5067719385027886,0.48255706429481504,0.45413188487291334,0.4418940290808678,0.41264377236366273,0.38139539361000063,0.36939962208271027,0.34239889979362487,0.3107312247157097,0.2860121428966522,0.2670627936720848,0.24470282793045045,0.20919149592518807,0.18546743169426919,0.1619594320654869,0.12602618858218192,0.10828533619642258,0.08781526982784271,0.05995237864553928,0.0,0.05876170415431261,0.07053259015083313,0.09647803194820881,0.11576571799814701,0.14083531722426415,0.16008591800928115,0.18882328346371652,0.2167818784713745,0.22944710552692413,0.26293722093105315,0.28184779137372973,0.3085849121212959,0.3294770300388336,0.35886319875717165,0.37780310213565826,0.4029239386320114,0.4289733588695526,0.45043541938066484,0.4724854573607445,0.4943811148405075,0.520544809103012,0.5412355303764343,0.5617578446865081,0.5809792578220367,0.6014861345291138,0.6246820211410522,0.6433706372976303,0.6614072412252426,0.6754377037286758,0.7010569304227829,0.715232428908348,0.7330623239278793,0.7491753667593002,0.7629846304655075,0.7755163699388504,0.7892562001943588,0.8050091743469239,0.8182255029678345,0.8310830682516098,0.8434575200080872,0.8513334274291993,0.8622707903385163,0.8814082324504853,0.8968168318271637,0.9008715838193894,0.9108665764331818,0.9225249081850052,0.936179232597351,0.9438868761062622,0.9553057909011841,0.959815388917923,0.9742132693529129,0.9811379462480545,0.9865310162305831,0.9971803694963455,1.0072619885206222,1.0140691339969634,1.020301714539528,1.0221671402454375,1.0360390305519105,1.0367738425731658,1.0419215381145477,1.0508344352245331,1.0630210936069489,1.0685074031352997,1.073146402835846,1.0769849956035613,1.0814971327781677,1.0929625034332275,1.098393976688385,1.096602773666382,1.1025411248207093,1.1136621475219726,1.1160414278507234,1.1177858412265778,1.1201345026493073,1.133653998374939,1.1319771111011505,1.134584653377533,1.1435957372188568,1.1450190484523772,1.1471669375896454,1.1502973198890687,1.1611519694328307,1.16598898768425,1.1711257994174957,1.1644636332988738,1.1663183689117431,1.1703745067119598,1.1743720591068267,1.176447820663452,1.1786946892738341,1.181509792804718,1.1845580339431763,1.1890887320041656,1.1897532761096954,1.1921643555164336,1.1939127087593078,1.2047432482242584,1.1985365986824035,1.2031760036945343,1.2042564868927002,1.2055657088756562,1.208005028963089,1.2108210504055024,1.2119691610336303,1.2159758746623992,1.2171739757061004,1.217470532655716,1.2189103960990906,1.2200177431106567,1.2255468487739563,1.2269240736961364,1.2247242867946624,1.2265479743480683,1.228284192085266,1.2293953359127046,1.2297564148902893,1.2313173294067383,1.2326542496681214,1.233578509092331,1.235678219795227,1.2362704277038574,1.2372551441192627,1.2411510467529296,1.2388255536556243,1.2396443009376525,1.241196608543396,1.2461469531059266,1.2427566468715667,1.2455818772315979,1.247196114063263,1.2483916699886322,1.2471437633037568,1.248920851945877,1.2506008088588714,1.2500086426734924,1.2521444380283355,1.2546646296977997,1.2524514734745025,1.2533012807369233,1.2530225396156311,1.2554622054100038,1.2528600096702576,1.2555335462093353,1.254175490140915,1.2541734874248505,1.255747252702713,1.255698996782303,1.259095162153244,1.2572396457195283,1.2559589385986327,1.2583809435367583,1.260243195295334,1.2584922194480896,1.2578643620014192,1.2599121034145355,1.2612011551856994,1.2609245717525481,1.2658256411552429,1.260297679901123,1.260831743478775,1.259402972459793,1.2605573236942291,1.2641636371612548
t_164,0.7589764416217804,0.7455461263656616,0.7461851567029953,0.7346274197101593,0.7239462822675705,0.7153013259172439,0.6944104433059692,0.6751443415880203,0.6538838684558869,0.6439626812934875,0.6256978750228882,0.6047211825847626,0.59926278591156,0.5740416467189788,0.5596137344837189,0.5319249212741852,0.5080946013331413,0.48035418838262556,0.4683734834194183,0.43989451974630356,0.4087554633617401,0.3970799341797829,0.3705255061388016,0.33935811519622805,0.31482920944690707,0.2960317596793175,0.27382794171571734,0.2385471560060978,0.2149092212319374,0.190420763194561,0.15458294227719308,0.13724315464496611,0.11012210063636303,0.08528148382902145,0.05876170415431261,0.0,0.05403937883675099,0.06949835009872914,0.08707195557653905,0.1119656078517437,0.13036828562617303,0.15937710255384446,0.18761767894029618,0.20007384046912194,0.23366836309432984,0.2531138703227043,0.2806896954774857,0.30155384093523024,0.3317256152629852,0.3503402888774872,0.3768262520432472,0.4037462055683136,0.4255919694900513,0.4481390997767448,0.4704359382390976,0.49743725508451464,0.5185065984725952,0.5396035969257355,0.5594147175550461,0.5806557387113571,0.6044132381677627,0.6237367212772369,0.6422445714473725,0.6562839299440384,0.6830161213874817,0.6975031614303588,0.7158750057220459,0.732470765709877,0.7466597616672516,0.7594677656888962,0.7737027287483216,0.7897662073373795,0.8033371090888977,0.8166966617107392,0.8294249564409256,0.8372632652521134,0.8485343039035798,0.8685631692409516,0.884340164065361,0.8883251458406448,0.8986638486385345,0.9106181532144546,0.9248167276382446,0.9326206773519516,0.9444924890995026,0.9490432053804397,0.963967478275299,0.9711187809705735,0.9765271306037903,0.9875811517238617,0.9979736268520355,1.0049903452396394,1.0113364040851593,1.0131060183048248,1.0275399088859558,1.0280991613864898,1.0334602177143097,1.0426283180713654,1.0553133070468903,1.0609763264656067,1.0656555712223053,1.069556176662445,1.0741735219955444,1.086062878370285,1.091678363084793,1.0897070348262787,1.0958438992500306,1.1073463261127472,1.1098158836364747,1.111516410112381,1.113902109861374,1.1279573500156403,1.1260944247245788,1.1287866830825806,1.1380986452102662,1.139499980211258,1.1417073011398315,1.1448965132236482,1.1561659276485443,1.1611260533332826,1.1663649320602416,1.159471768140793,1.1613331615924836,1.1655308246612548,1.1696482479572297,1.1717245221138,1.1740280151367188,1.176908004283905,1.1800334632396698,1.1847671568393707,1.1853939473628998,1.187860268354416,1.1896155178546906,1.2008508145809174,1.194349467754364,1.1990858256816863,1.2002265274524688,1.201554775238037,1.2040205657482148,1.2069433391094209,1.2080854296684265,1.2122062385082244,1.2134061396121978,1.2137129068374635,1.2151809096336366,1.2163281083106994,1.2220322906970977,1.2234595179557801,1.221153438091278,1.2230216205120086,1.2248178660869598,1.2259402871131897,1.226305466890335,1.227921974658966,1.229280126094818,1.2302101492881774,1.2323592066764832,1.2329778969287872,1.23395117521286,1.2379964888095856,1.235581284761429,1.2364192008972168,1.2379892230033875,1.243078362941742,1.239598923921585,1.2425026059150697,1.2441393196582795,1.2453957319259643,1.2440987825393677,1.245925360918045,1.2476637065410614,1.2470115661621093,1.2492170453071594,1.2517863273620606,1.2495311498641968,1.2504058361053467,1.2500707864761353,1.2526253640651703,1.2499003112316132,1.2526348114013672,1.251245027780533,1.251253342628479,1.2528827965259552,1.252800953388214,1.256263130903244,1.2543750286102295,1.2530631303787232,1.2555731892585755,1.257469767332077,1.255665624141693,1.2550310850143434,1.257124525308609,1.2584589540958404,1.2581636607646942,1.2632273316383362,1.2575343191623687,1.2580503582954408,1.2565994560718536,1.2577835619449615,1.2614962995052337
t_163,0.7673173904418945,0.7539063513278961,0.7546096980571747,0.7431662172079087,0.7326109766960144,0.7240126520395279,0.7033582985401153,0.6843410313129425,0.6633135110139847,0.6535436302423477,0.6354615032672882,0.6147772967815399,0.6093361020088196,0.5842965006828308,0.5702383041381835,0.5428722977638245,0.5193455457687378,0.4919106334447861,0.47994225174188615,0.45180569142103194,0.4212677612900734,0.4095522999763489,0.38343109041452406,0.3526418790221214,0.32840198576450347,0.30986113399267196,0.28810340762138364,0.2530340038239956,0.22970574721693993,0.20570215955376625,0.17015499398112297,0.15225780159235,0.12601547315716743,0.09933505803346634,0.07053259015083313,0.05403937883675099,0.0,0.06143651455640793,0.0770627163350582,0.09906066954135895,0.117335519567132,0.14508674591779708,0.17315956130623816,0.18573384657502173,0.21917630806565286,0.23866684287786483,0.2661460891366005,0.2873301520943642,0.3173785150051117,0.336684288084507,0.36282073706388474,0.3898958772420883,0.4121232032775879,0.43483389616012574,0.4574551939964294,0.4846926435828209,0.5061565041542053,0.52745261490345,0.5473413974046707,0.5689652800559998,0.5929908007383347,0.6124498903751373,0.6312795519828797,0.6457538187503815,0.6725820004940033,0.687368243932724,0.7059222161769867,0.7227621644735336,0.7371919691562653,0.7501615345478058,0.7645985126495362,0.7809935808181763,0.7947951942682266,0.8082408756017685,0.8211603105068207,0.8293478280305863,0.8407860040664673,0.8608242362737656,0.8768208026885986,0.8810842722654343,0.8915561586618423,0.903673842549324,0.9180030435323715,0.9260424047708511,0.9379627376794815,0.9426935702562332,0.9577072501182556,0.9649995237588882,0.9706270009279251,0.9817577421665191,0.992256560921669,0.9993933379650116,1.0058826684951783,1.0079089283943177,1.0223230510950088,1.0231032729148866,1.0285783469676972,1.0378172039985656,1.0505184292793275,1.0563070893287658,1.0610985696315764,1.065139901638031,1.0698607981204986,1.081772130727768,1.087450498342514,1.0856574892997741,1.0918406426906586,1.103372049331665,1.1059019088745117,1.1077304422855376,1.1102402448654174,1.124215877056122,1.122536826133728,1.1252663552761077,1.1345716714859009,1.136110121011734,1.1383624136447907,1.141634500026703,1.1528671026229858,1.1578779697418213,1.1631761968135834,1.1563874006271362,1.1583308279514313,1.162560087442398,1.1667023301124573,1.1688386738300323,1.1711894929409028,1.1741015136241912,1.1772381007671355,1.181961041688919,1.1826843857765197,1.1851633667945862,1.1869645535945892,1.1981245756149292,1.1917687952518463,1.196510946750641,1.1976773679256438,1.1990521252155304,1.2015427649021149,1.2044796228408814,1.2056247115135192,1.209770005941391,1.2109872281551362,1.2113281667232514,1.2128228783607482,1.2139944016933442,1.219670444726944,1.2211130380630493,1.218853223323822,1.2207453429698945,1.2225434005260467,1.223681491613388,1.224094921350479,1.2257263720035554,1.2270769000053405,1.2280153155326843,1.2301807761192323,1.230803084373474,1.231816041469574,1.235834926366806,1.2334607183933257,1.2343075096607208,1.235862821340561,1.2409589886665344,1.2375290036201476,1.2403934478759766,1.2420500993728638,1.2433144271373748,1.2420435965061187,1.2438645124435426,1.2455820500850678,1.2449808359146117,1.2471677899360656,1.2497423470020295,1.2475149154663085,1.24839226603508,1.2480972826480865,1.2506102085113526,1.2479309737682343,1.2506742417812347,1.2492856979370117,1.2493016719818115,1.2509301722049713,1.250855678319931,1.2543443322181702,1.2524470031261443,1.2511490821838378,1.2536388635635376,1.2555480360984803,1.2537561535835267,1.253142672777176,1.2552322745323181,1.2565371990203857,1.2562563121318817,1.2613005101680757,1.2556564807891846,1.256186991930008,1.2547453045845032,1.2559327125549316,1.2596596002578735
t_162,0.7866701602935791,0.7735757380723953,0.7743362784385681,0.7631423026323318,0.7528156697750091,0.7445326507091522,0.7242713779211044,0.7056231468915939,0.6850256383419037,0.6754946738481522,0.6577634990215302,0.6374427437782287,0.6322490125894547,0.6078510522842407,0.5940767407417298,0.5672767937183381,0.5443023324012757,0.5173110455274582,0.5056984066963196,0.4781738564372063,0.44821134954690933,0.43673565834760664,0.4110154613852501,0.38084232807159424,0.356904336810112,0.3386733904480934,0.31725464314222335,0.2824664250016212,0.2593851640820503,0.2351384110748768,0.1996389739215374,0.18214825615286828,0.15361639633774757,0.12782334610819818,0.09647803194820881,0.06949835009872914,0.06143651455640793,0.0,0.05371727682650089,0.07178278751671315,0.08729588016867637,0.11440813317894935,0.1423519767820835,0.15471235886216164,0.1887719951570034,0.20800021290779114,0.2359779991209507,0.25726712197065355,0.28801140934228897,0.30726078152656555,0.334336094558239,0.36213978976011274,0.3847754880785942,0.4080034613609314,0.43110851347446444,0.45910589545965197,0.48095320612192155,0.5028448432683945,0.5234752804040909,0.5456486910581588,0.5703638732433319,0.5904514521360398,0.6097178995609284,0.6244176685810089,0.6522287100553512,0.6673689365386963,0.6865041583776474,0.7038839936256409,0.7186809957027436,0.7320764392614365,0.7469926595687866,0.7637734532356262,0.777961653470993,0.7918669044971466,0.8052118480205536,0.8135694295167923,0.8253852874040604,0.8460675835609436,0.8624725431203842,0.8668854326009751,0.8776670902967453,0.8901724576950073,0.9049617260694504,0.9132114619016647,0.9254965901374816,0.93038811981678,0.9459176629781723,0.9533976793289185,0.9592005163431168,0.9706986606121063,0.9815159171819687,0.9888568609952927,0.995569258928299,0.9977115631103516,1.0124999672174453,1.0132941454648972,1.0190131843090058,1.0285227358341218,1.0415591835975646,1.0475615978240966,1.0524733006954192,1.0566803872585298,1.061535608768463,1.0737535774707794,1.0795745849609375,1.077853548526764,1.0841928005218506,1.0959740102291107,1.0986324965953826,1.100596696138382,1.1031830430030822,1.1174614369869231,1.115787810087204,1.1186379551887513,1.1281537532806396,1.1297496140003205,1.1321195900440215,1.1355061113834382,1.1468970417976379,1.1520342111587525,1.15743528008461,1.1506220996379852,1.1526423275470734,1.157017081975937,1.1612319886684417,1.1634198665618896,1.1658574163913726,1.168839257955551,1.1720719695091248,1.176885539293289,1.1776447296142578,1.180201816558838,1.1820424616336822,1.1933775424957276,1.1869589626789092,1.1917918264865874,1.1930103957653047,1.194417381286621,1.196969097852707,1.199967873096466,1.2011724591255188,1.2053573310375214,1.206642985343933,1.2069867253303528,1.208537721633911,1.2097316980361938,1.2154751777648927,1.2169803619384765,1.214729017019272,1.216672122478485,1.2185461163520812,1.2196983397006989,1.2201203405857086,1.221782201528549,1.2231881320476532,1.2241540670394897,1.2263196170330048,1.227010142803192,1.2280083477497101,1.2320901215076447,1.2297160863876342,1.2305851876735687,1.2321910321712495,1.237321811914444,1.2338729798793793,1.2367803454399109,1.238492351770401,1.2397728562355042,1.2385018408298492,1.2403251111507416,1.2420989573001862,1.241486656665802,1.2437002658843994,1.2463099539279938,1.244058257341385,1.2449565291404725,1.2446566104888916,1.247198122739792,1.2445101499557496,1.2472859919071198,1.245885169506073,1.245933598279953,1.247573983669281,1.247526717185974,1.2510250151157378,1.2491264820098877,1.247825264930725,1.2503686606884004,1.2522757649421692,1.250506591796875,1.2498743653297424,1.2519914865493775,1.2533543527126312,1.2530619144439696,1.258159774541855,1.252453202009201,1.2529846131801605,1.2515723884105683,1.2527950942516326,1.2565656304359436
t_161,0.7997416466474533,0.7869228899478913,0.7876324504613876,0.7766572922468186,0.7664111226797103,0.7583120554685593,0.7383467644453049,0.719905149936676,0.6996476203203201,0.6902943253517151,0.6728105545043945,0.6527301728725433,0.6476858735084534,0.6236942648887634,0.6100688695907592,0.5835622519254684,0.5608983486890793,0.5344059765338898,0.5229751139879226,0.49590146243572236,0.4660945817828178,0.45482533425092697,0.42943607419729235,0.39956714808940885,0.3758788570761681,0.35779635012149813,0.33643102645874023,0.3020054191350937,0.2791560187935829,0.254587733745575,0.21941667944192886,0.20217656642198562,0.17203676253557204,0.1476343534886837,0.11576571799814701,0.08707195557653905,0.0770627163350582,0.05371727682650089,0.0,0.05845761224627495,0.07127368077635765,0.09622349068522454,0.12390168681740761,0.13578567057847976,0.1689761310815811,0.18894323110580444,0.21756812781095505,0.23846104890108108,0.2697597980499268,0.28850779086351397,0.31668895334005354,0.3451999187469482,0.36792600750923155,0.3914362624287605,0.4147651523351669,0.4433626770973206,0.4654486507177353,0.4877076342701912,0.5087395995855332,0.5315391153097153,0.5564778268337249,0.577022859454155,0.5966262221336365,0.6112915068864823,0.6399285882711411,0.6552317112684249,0.6747528791427613,0.6924375176429749,0.7074900984764099,0.7210527718067169,0.7363155215978623,0.7533118277788162,0.767712938785553,0.7820132911205292,0.7955946207046509,0.8039344847202301,0.8159608036279679,0.837322810292244,0.8539476156234741,0.8582971304655075,0.8693406581878662,0.882019829750061,0.8972066938877106,0.9054744750261307,0.9181225746870041,0.9230020821094513,0.9389416575431824,0.9465766072273254,0.9523720264434814,0.9641644388437272,0.9751889765262604,0.9826864123344421,0.9894432216882706,0.9915068566799163,1.0067271322011948,1.0073540300130843,1.0132223188877105,1.0229081213474274,1.0363088309764863,1.042439615726471,1.0473772883415222,1.0516059219837188,1.0565207421779632,1.0690390467643738,1.0749827861785888,1.0731150269508363,1.0796027660369873,1.091663122177124,1.0943781852722168,1.096302479505539,1.0988929331302644,1.1135689556598662,1.1117479026317596,1.1146614015102387,1.1243828237056732,1.1259576857089997,1.1283508002758027,1.131776851415634,1.143479722738266,1.1486931920051575,1.154141938686371,1.1471568107604981,1.149169498682022,1.1536153197288512,1.1579301953315735,1.1601072788238525,1.1625750184059143,1.1656004965305329,1.1688890159130096,1.1738496780395509,1.174572366476059,1.1771696388721467,1.1790152072906495,1.1906495690345764,1.1840044021606446,1.1888962626457213,1.1901642262935639,1.191589081287384,1.194145518541336,1.197234922647476,1.1984157860279083,1.2026878893375397,1.203969007730484,1.2043275892734528,1.20589137673378,1.2071142971515656,1.2129869997501372,1.2145272254943849,1.2121901869773866,1.2141613781452179,1.2160665929317473,1.217223858833313,1.2176548480987548,1.2193564832210542,1.2207613229751586,1.2217416524887086,1.2239418387413026,1.224647831916809,1.2256370544433595,1.229829376935959,1.227379858493805,1.22825945019722,1.2298695206642152,1.2351191520690918,1.2315907895565033,1.234558206796646,1.2362810730934144,1.2376113414764405,1.2362977206707,1.2381646394729615,1.2399720072746276,1.2393258094787598,1.2415915966033935,1.2442312598228455,1.2419643342494964,1.242880392074585,1.2425313532352447,1.2451684534549714,1.2423816561698913,1.2451968967914582,1.243787372112274,1.2438393592834474,1.2455158174037932,1.2454445540905,1.2489889442920685,1.2470620632171632,1.245755910873413,1.2483506143093108,1.2502903282642364,1.2484778761863708,1.247844934463501,1.2500012338161468,1.251403307914734,1.251096260547638,1.2563250064849854,1.2504962146282197,1.251022845506668,1.2495835423469543,1.2508334577083589,1.254689985513687
t_160,0.8152111500501633,0.8025658875703812,0.8033626347780227,0.7925524085760116,0.7825323909521102,0.774576848745346,0.754956915974617,0.7369143277406692,0.7169730335474014,0.7078038424253463,0.6906384140253067,0.6709627419710159,0.6660259306430817,0.6424664676189422,0.6292538851499557,0.6032869160175324,0.5810475289821625,0.5550000756978989,0.5437492907047272,0.5171426221728325,0.48808127343654634,0.47700712233781817,0.45210222750902174,0.42272511273622515,0.3995070576667786,0.3817913979291916,0.36078835725784303,0.3268409758806229,0.30416104197502136,0.28032644987106325,0.24543425664305688,0.22812588810920714,0.1980715237557888,0.17334459573030472,0.14083531722426415,0.1119656078517437,0.09906066954135895,0.07178278751671315,0.05845761224627495,0.0,0.05456172078847885,0.07554914206266403,0.10006014108657837,0.11151871532201767,0.14448087885975838,0.1635305851697922,0.19210899099707604,0.21365754753351213,0.244918579608202,0.2643527895212173,0.292412531375885,0.32127077132463455,0.3443127766251564,0.3679955616593361,0.39197839945554735,0.42096802592277527,0.4436523914337158,0.46604865193367007,0.4873365446925163,0.5109332874417305,0.5362150073051453,0.5572984397411347,0.5771568536758422,0.5923932373523713,0.6215305387973785,0.6371280550956726,0.6570024371147156,0.6753079801797867,0.6906270980834961,0.704603835940361,0.7202256739139556,0.7376838892698288,0.7522877126932144,0.7669197112321854,0.7808953404426575,0.7896462261676789,0.8019904524087906,0.8236067801713943,0.84056735932827,0.845219936966896,0.8564713329076767,0.8693889170885086,0.8849305719137192,0.8934785902500153,0.906307402253151,0.9115007430315017,0.9276254951953888,0.9355099678039551,0.9415781289339066,0.9536468029022217,0.9647974699735642,0.9725723564624786,0.9795921593904495,0.9818486392498016,0.9972370386123657,0.9981560975313186,1.004208531975746,1.0140777349472045,1.0275883674621582,1.0339122831821441,1.0389617085456848,1.0434860646724702,1.0485470712184906,1.0611297249794007,1.0671841740608214,1.0656002700328826,1.072200059890747,1.0843597114086152,1.0871806263923645,1.089294785261154,1.0919918179512025,1.1067273497581482,1.1050430119037629,1.1081081688404084,1.1178755581378936,1.1196116864681245,1.122118479013443,1.125698584318161,1.1373785078525542,1.1426673412322998,1.14825137257576,1.1413539052009583,1.1434639692306519,1.1480458855628968,1.152394664287567,1.15466827750206,1.157168334722519,1.1602586805820465,1.1636202156543731,1.1685967683792113,1.1694440066814422,1.1720640778541564,1.1739881098270417,1.1855870544910432,1.1790830433368682,1.1840144455432893,1.185316902399063,1.1868040919303895,1.189398968219757,1.1925388336181642,1.1937595725059509,1.198053526878357,1.1993906795978546,1.1997852623462677,1.2013928532600402,1.2026586055755615,1.2084945499897004,1.210098397731781,1.207831370830536,1.2098053872585297,1.2117865443229676,1.212957215309143,1.2134587645530701,1.2151489973068237,1.2165587842464447,1.2176054060459136,1.2197977721691131,1.2205512344837188,1.2215843319892883,1.2257612943649292,1.2233657658100128,1.2242603361606599,1.2258921563625336,1.2311481833457947,1.2276680231094361,1.230592030286789,1.2323746979236603,1.23372340798378,1.2324403762817382,1.2343177437782287,1.2361164808273315,1.2355254411697387,1.237768566608429,1.2404290914535523,1.2381838142871857,1.2391104578971863,1.2388081490993499,1.2414084672927856,1.238687527179718,1.241521805524826,1.240082424879074,1.240182238817215,1.2418512403964996,1.2418052911758424,1.2453709721565247,1.2434286892414093,1.2421524167060851,1.2447548270225526,1.2466886341571808,1.244916206598282,1.244272094964981,1.2464578926563263,1.24786696434021,1.2475757420063018,1.2527814269065858,1.2469975888729095,1.247541218996048,1.2461246371269226,1.2473886489868165,1.2512975752353668
t_159,0.8254624664783478,0.8130429446697235,0.813859149813652,0.8032418251037597,0.7933263003826141,0.7855791240930557,0.7662299484014511,0.7483825266361237,0.728759765625,0.7197817414999008,0.7028359413146973,0.6833994656801223,0.678659874200821,0.6555146366357804,0.6425274103879929,0.6168641090393067,0.595006188750267,0.5693485319614411,0.5583265721797943,0.5322358638048172,0.5035140514373779,0.4925730794668198,0.4680841609835625,0.4391894221305847,0.41624711006879805,0.398756842315197,0.3780709579586983,0.3445421323180199,0.3222469002008438,0.29831214249134064,0.26393603831529616,0.24680375903844834,0.2166294775903225,0.1926949627697468,0.16008591800928115,0.13036828562617303,0.117335519567132,0.08729588016867637,0.07127368077635765,0.05456172078847885,0.0,0.0602550582960248,0.08330277130007743,0.09274035207927227,0.12531803101301192,0.14436155930161476,0.17328877821564675,0.19396078810095788,0.2258197121322155,0.24456458911299706,0.27361669689416884,0.30297106355428693,0.3261038139462471,0.35013357400894163,0.37417889535427096,0.40368652939796446,0.42647590637207033,0.44939895868301394,0.47115185856819153,0.4950346708297729,0.5207675695419312,0.5420995861291885,0.5623790293931961,0.5775867015123367,0.6074522763490677,0.6232874482870102,0.6435647666454315,0.6621056199073792,0.6777267843484879,0.6918630063533783,0.7078132122755051,0.7255157887935638,0.7404758512973786,0.7554235547780991,0.7696310967206955,0.7784106731414795,0.7909648269414902,0.8131749361753464,0.8304227381944657,0.8351227760314941,0.8466196835041047,0.8598433047533035,0.8757269531488419,0.8843952178955078,0.8975545257329941,0.9027568489313126,0.9193358242511749,0.927360936999321,0.9334998250007629,0.9458173334598541,0.9572666823863983,0.965148189663887,0.9722678899765015,0.9746173232793808,0.9903124660253525,0.9911345183849335,0.9973879754543304,1.0074499875307084,1.0212816655635835,1.0277708411216735,1.0329180896282195,1.0374699354171752,1.0426244199275971,1.055522859096527,1.0617067158222198,1.0600394666194917,1.0667745471000671,1.0791732490062713,1.0820955634117126,1.0842345595359801,1.0870059788227082,1.1020403921604156,1.1003209471702575,1.1034147799015046,1.1133930027484893,1.1151594817638397,1.1177049160003663,1.1213485956192017,1.133261001110077,1.1386579692363739,1.1442922353744507,1.1373136341571808,1.139475905895233,1.1441224694252015,1.1485632181167602,1.1508521676063537,1.1534263968467713,1.1565848171710968,1.159986788034439,1.1650842249393463,1.1659254014492035,1.168605637550354,1.1705495953559875,1.1823753535747528,1.1757414638996124,1.180743271112442,1.1820820569992065,1.1836033046245575,1.1862399280071259,1.1894309878349305,1.190660446882248,1.195021516084671,1.1963826775550843,1.196787989139557,1.1984317362308503,1.1997199833393097,1.2056683540344237,1.207292813062668,1.2049844861030579,1.2070263624191284,1.2090262115001678,1.2102215349674226,1.2107116281986237,1.2124615848064422,1.21391042470932,1.2149407804012298,1.2171757698059082,1.2179537177085877,1.2189771294593812,1.2232318758964538,1.2208008766174316,1.2217127084732056,1.2233657836914062,1.2286917448043824,1.2251814663410188,1.228162133693695,1.229958963394165,1.2313390374183655,1.23002849817276,1.2319347858428955,1.2337734043598174,1.2331593215465546,1.235451912879944,1.2381466984748841,1.2358660221099853,1.2368249475955964,1.23648721575737,1.2391527831554412,1.23636794090271,1.2392375648021698,1.237806260585785,1.2379004061222076,1.2396164059638977,1.2395525813102721,1.243163925409317,1.2412127554416656,1.2399178326129914,1.2425710260868073,1.2445332944393157,1.242747414112091,1.2421113133430481,1.2443138241767884,1.245764571428299,1.2454648435115814,1.2507539629936217,1.2448963880538941,1.2454429626464845,1.244036716222763,1.2453339040279388,1.2493149757385253
t_158,0.8411074310541153,0.8287912487983704,0.829779714345932,0.8193250328302384,0.8096934497356415,0.8021355032920837,0.7831602960824966,0.7657653480768204,0.7465110063552857,0.7377714455127716,0.72114477455616,0.7022285521030426,0.6975771158933639,0.674901208281517,0.6624894440174103,0.6374534606933594,0.6162170231342315,0.5909129440784454,0.5801235437393188,0.5546287715435028,0.5269865214824676,0.5161169975996017,0.4922238290309906,0.4641267478466034,0.4416813164949417,0.4246751993894577,0.40475086122751236,0.3717399939894676,0.3498750001192093,0.3268044650554657,0.29289623349905014,0.27558211535215377,0.24690974578261377,0.2213149167597294,0.18882328346371652,0.15937710255384446,0.14508674591779708,0.11440813317894935,0.09622349068522454,0.07554914206266403,0.0602550582960248,0.0,0.057884037122130395,0.06736249476671219,0.09789191782474518,0.11486856676638127,0.14220999106764792,0.16338703259825707,0.1947392553091049,0.21495729088783264,0.24299243092536926,0.27247253954410555,0.29626675844192507,0.32059911340475084,0.3453535005450249,0.37517558336257933,0.39861237853765485,0.4219163581728935,0.44411473274230956,0.46851706355810163,0.49490462243556976,0.5166930824518203,0.5374036639928818,0.5535247683525085,0.5836546927690506,0.6000706076622009,0.6208399921655655,0.6399751454591751,0.6560508519411087,0.6707172095775604,0.6871302723884583,0.7054512828588486,0.7208924412727356,0.7360757529735565,0.7507879078388214,0.7603276282548904,0.7733055591583252,0.7955205172300339,0.8132355779409408,0.818578714132309,0.8303547620773315,0.844034132361412,0.8601676613092423,0.869385051727295,0.8826455622911453,0.8883069097995758,0.9051575303077698,0.9134360730648041,0.9200849235057831,0.9326129496097565,0.9443152159452438,0.9524411946535111,0.9599414885044097,0.9628822654485703,0.9785087257623672,0.9798430681228638,0.9863589107990265,0.9966380387544632,1.0104762315750122,1.0172386556863784,1.0226593643426896,1.0275600373744964,1.032945466041565,1.0458517730236054,1.0521418869495391,1.0509907126426696,1.057803249359131,1.0701875269412995,1.073289042711258,1.075815886259079,1.0788095057010652,1.0936550080776215,1.0923310101032258,1.0955589890480042,1.1055090129375458,1.107560497522354,1.1102616608142852,1.1141260147094727,1.1257993638515473,1.1313124001026154,1.1370640397071838,1.1304165601730347,1.132781410217285,1.1375613868236543,1.1419924736022948,1.1444270431995391,1.147109180688858,1.1503429114818573,1.153818243741989,1.1588259041309357,1.1598737716674805,1.1626148223876953,1.164656835794449,1.1762125551700593,1.169974446296692,1.1750072538852692,1.176400011777878,1.1780047953128814,1.1807217478752137,1.1839212477207184,1.1852415025234222,1.1895640015602111,1.1910353004932404,1.1914790332317353,1.1932206451892853,1.194525307416916,1.200363391637802,1.2020573496818543,1.1999208331108093,1.2019961595535278,1.2040424525737763,1.2052756249904633,1.2058286666870117,1.2075968623161315,1.2090830147266387,1.2101561665534972,1.2123549342155457,1.2132113456726075,1.2142759084701538,1.2184390723705292,1.216145771741867,1.217080783843994,1.2187669456005097,1.2240168511867524,1.2206335067749023,1.2235391855239868,1.225411295890808,1.226771354675293,1.2255447566509248,1.2274126052856444,1.229245311021805,1.2287326455116272,1.2309616386890412,1.2336677491664887,1.2314180731773376,1.2323948323726654,1.2321480453014373,1.2346979439258576,1.2320725262165069,1.2349334001541137,1.2335170388221741,1.2336548924446107,1.2353358507156371,1.2353428959846497,1.2389325439929961,1.2369917511940003,1.2357505083084106,1.238384622335434,1.2403021931648255,1.2386168360710144,1.2379860997200012,1.2401667475700378,1.2416077435016633,1.2413445949554442,1.246498942375183,1.2408020198345184,1.2413748919963836,1.2400472819805146,1.2413404166698456,1.2452847182750701
t_157,0.856361785531044,0.8442449033260345,0.8453367978334427,0.8350608468055725,0.8256706863641738,0.8182998716831207,0.7996592730283737,0.7826888263225555,0.7637786597013474,0.7552549511194229,0.7389340609312057,0.7204733490943909,0.7159396588802338,0.6937560319900513,0.6818036019802094,0.65730040371418,0.6365937203168869,0.6117424488067627,0.6012017041444778,0.5762503504753113,0.5494379460811615,0.5387362867593766,0.5153945699334145,0.4879228487610817,0.46599126160144805,0.4494283139705658,0.42994459718465805,0.39756721407175066,0.3760268673300743,0.35367288291454313,0.32024253755807874,0.3029482915997505,0.2749881535768509,0.24906077235937119,0.2167818784713745,0.18761767894029618,0.17315956130623816,0.1423519767820835,0.12390168681740761,0.10006014108657837,0.08330277130007743,0.057884037122130395,0.0,0.05220850855112076,0.0770165704190731,0.09024737104773521,0.11488650329411029,0.1361773982644081,0.16705162078142166,0.18837446048855783,0.21567493230104445,0.24516648873686792,0.26927668899297713,0.2938215538859367,0.3193878397345543,0.34941937029361725,0.3733313739299774,0.39684510231018066,0.41945588439702985,0.444601833820343,0.47140767574310305,0.4936732679605484,0.5146929204463959,0.5315602093935012,0.5621605515480042,0.5789185494184494,0.6001106947660446,0.6198933035135269,0.6362561672925949,0.6514120787382126,0.6682523101568222,0.687110286951065,0.7028090804815292,0.7183501452207566,0.733507764339447,0.7436599403619766,0.7569766819477082,0.7793409675359726,0.7973970085382461,0.80323486328125,0.8152325183153153,0.8292134761810303,0.8457068532705307,0.8552796244621277,0.868695291876793,0.8747687369585038,0.8918287307024002,0.9003758937120437,0.9073998361825943,0.9201843291521072,0.9320777863264084,0.9404833495616913,0.9482900470495224,0.9516210615634918,0.9673133134841919,0.9690234869718551,0.9758087158203125,0.9862756341695785,1.0001735717058182,1.0071932911872863,1.0127861201763153,1.0180151432752609,1.023586741089821,1.0365087628364562,1.0429084837436675,1.0421832621097564,1.0490983486175538,1.061526745557785,1.0647790729999542,1.0675917446613312,1.0707338213920594,1.0855480551719665,1.0844794809818268,1.0878671646118163,1.0978182315826417,1.1000926196575165,1.1029420733451842,1.106989586353302,1.1185451567173004,1.1241443753242493,1.1300294756889344,1.123603218793869,1.1261094212532043,1.1310205578804016,1.1354838609695435,1.1380339860916138,1.1407627999782561,1.1440813839435577,1.147648775577545,1.15262730717659,1.153831660747528,1.1566279530525208,1.1587620675563812,1.1701817572116853,1.1641922891139984,1.1692575752735137,1.170702987909317,1.1723788022994994,1.1751495957374574,1.1783913373947144,1.1797796189785004,1.184091317653656,1.185652357339859,1.1861367762088775,1.1879291713237763,1.189284658432007,1.195042324066162,1.1968014001846314,1.1947750627994538,1.1968684375286103,1.1990002036094665,1.2002553462982177,1.2008710861206056,1.2026387214660645,1.2041437387466432,1.2052801609039308,1.207464474439621,1.2083826601505279,1.2094918847084046,1.2136029243469237,1.2114062011241913,1.2123625516891479,1.2140765964984894,1.219286859035492,1.2159937620162964,1.2188422083854675,1.2207695186138152,1.2221446633338928,1.2209669351577759,1.2228275895118714,1.2246618092060089,1.2242131769657134,1.2264133930206298,1.2291350364685059,1.2269078195095062,1.227903240919113,1.2277172923088073,1.2301997065544128,1.2276756703853606,1.230548971891403,1.2291183650493622,1.2293192923069,1.2309801280498505,1.2310270965099335,1.234621798992157,1.2326892793178559,1.2315008699893952,1.2341222763061523,1.2360202252864838,1.2344002664089202,1.2337736666202546,1.2359658658504487,1.2374090671539306,1.237170433998108,1.2422663033008576,1.2366613149642944,1.2372564494609832,1.2359711587429048,1.2372905731201171,1.2412780582904817
t_156,0.8626450210809707,0.8507057875394821,0.8517658919095993,0.8416128486394883,0.8322626620531082,0.8250314861536026,0.8065685629844666,0.7897108346223831,0.7710459262132645,0.7626405775547027,0.7464488953351974,0.7281473487615585,0.7237178415060044,0.7018084406852723,0.6899515599012375,0.6656303465366363,0.6451600700616836,0.6206095904111862,0.6102297961711883,0.585616597533226,0.5589518785476685,0.5483536511659622,0.5252999931573867,0.49810543060302737,0.47636368721723554,0.4599146917462349,0.4406609505414963,0.4085968852043152,0.38733852505683897,0.3648811340332031,0.331820847094059,0.3147916913032532,0.28667388260364535,0.2615018606185913,0.22944710552692413,0.20007384046912194,0.18573384657502173,0.15471235886216164,0.13578567057847976,0.11151871532201767,0.09274035207927227,0.06736249476671219,0.05220850855112076,0.0,0.06567357666790485,0.07861299179494381,0.10438877046108246,0.12390043959021568,0.15516408234834672,0.1753276214003563,0.20349066853523254,0.23351332992315293,0.2575840145349503,0.28231766670942304,0.3077020853757858,0.3381015434861183,0.3620202511548996,0.3859167918562889,0.4089989885687828,0.4342356964945793,0.4613316893577576,0.48375364392995834,0.5050663009285927,0.5218128353357315,0.5530022799968719,0.5698800921440125,0.5913570612668991,0.6112563014030457,0.6278341978788375,0.643003311753273,0.6601045429706573,0.6790816307067871,0.6950055897235871,0.7108278393745422,0.7260964781045913,0.7361899882555007,0.749647930264473,0.7725029647350311,0.7907342284917831,0.7965403258800506,0.8087306022644043,0.8229079455137253,0.8396374851465225,0.8492280513048172,0.8629228860139847,0.8689130961894989,0.8863835513591767,0.8949852406978607,0.9020301908254623,0.9149924516677856,0.9271012097597122,0.93556227684021,0.9433888077735901,0.9467426627874375,0.9627049505710602,0.9642590880393982,0.9711953997612,0.9817846685647964,0.9959850937128067,1.0031055390834809,1.0087787568569184,1.0139607727527618,1.0195732206106185,1.032782781124115,1.0392848670482635,1.038409459590912,1.0454435467720031,1.0580916464328767,1.0614091753959656,1.0641988337039947,1.0673806607723235,1.082469993829727,1.0813174843788147,1.0847224831581115,1.0948536098003387,1.097117292881012,1.0999808251857757,1.1040407776832581,1.1158481597900392,1.1215213239192963,1.127413910627365,1.1208819568157196,1.1234072208404542,1.1283531129360198,1.1328994572162627,1.1354469239711762,1.1382333159446716,1.1415921092033385,1.1451851427555084,1.150281149148941,1.151439905166626,1.1542824149131774,1.1564194858074188,1.1680594742298127,1.1619198620319366,1.1670276939868927,1.1685078859329223,1.1702013194561005,1.1730041265487672,1.1762817084789277,1.177667385339737,1.1820455551147462,1.1836075901985168,1.1841053068637848,1.1859236896038055,1.187290996313095,1.1931531131267548,1.1949267208576202,1.1928407311439515,1.1949918925762177,1.1971227824687958,1.1984008491039275,1.1989998996257782,1.2008253812789917,1.2023524224758149,1.203465038537979,1.2057000756263734,1.2066242039203643,1.2077300131320954,1.211915707588196,1.209677517414093,1.2106450557708741,1.2123720407485963,1.217650717496872,1.2143159329891204,1.2172228872776032,1.2191549777984618,1.2205565333366395,1.2193594038486482,1.2212613224983215,1.2231131851673127,1.2226415038108827,1.2248863875865936,1.227632313966751,1.2253837406635284,1.2264040350914,1.2261776328086853,1.2287353873252869,1.2261376798152923,1.2290369153022767,1.227627193927765,1.2278157413005828,1.2295099139213561,1.2295394718647004,1.233158814907074,1.2312261283397674,1.2300202071666717,1.2326809108257293,1.2346061706542968,1.2329633414745331,1.2323408246040344,1.2345386922359467,1.2360150873661042,1.2357639789581298,1.2409483253955842,1.2352553009986877,1.2358439445495606,1.2345538675785064,1.2358838737010955,1.2399123787879944
t_155,0.8797322243452073,0.8682531744241715,0.8692824274301529,0.8594541847705841,0.8502031445503235,0.843257948756218,0.8252501875162125,0.8087233573198318,0.7905879408121109,0.782506862282753,0.7666688293218613,0.7487696409225464,0.7446253448724747,0.7233617067337036,0.7118148803710938,0.6879481911659241,0.6679762691259384,0.6443589597940445,0.6342041730880738,0.6104628086090088,0.5841601550579071,0.5739441156387329,0.5515974134206771,0.5250129520893096,0.5038719892501831,0.48789210617542267,0.4691000238060951,0.43773974031209945,0.41729068458080293,0.3949641063809395,0.3629220321774483,0.3464784622192383,0.3182800203561783,0.29445773661136626,0.26293722093105315,0.23366836309432984,0.21917630806565286,0.1887719951570034,0.1689761310815811,0.14448087885975838,0.12531803101301192,0.09789191782474518,0.0770165704190731,0.06567357666790485,0.0,0.06120164580643177,0.08153248913586139,0.09628234803676605,0.12518200129270554,0.14245133101940155,0.173117733001709,0.20352458506822585,0.22680585235357284,0.2518996000289917,0.27678620666265485,0.3079126104712486,0.33201794773340226,0.3564148560166359,0.3801847666501999,0.4061735525727272,0.4333796322345734,0.45658359229564666,0.4786745339632034,0.49502197206020354,0.5275766104459763,0.5448187947273254,0.5670293271541595,0.5872800797224045,0.6044300556182861,0.6197288244962692,0.6376192182302475,0.6568864971399307,0.6732465595006942,0.6898966550827026,0.7054719626903534,0.715577706694603,0.7294415056705474,0.7536189615726471,0.7721598386764527,0.7779465615749359,0.7906950563192368,0.8052584707736969,0.8226695597171784,0.8323726922273635,0.8467614054679871,0.8527686864137649,0.8710727393627167,0.8799858570098877,0.8870966315269471,0.9005846202373504,0.9131527125835419,0.9218821167945862,0.9297548711299897,0.9332068979740142,0.9498812139034272,0.9511439502239227,0.9584416598081589,0.9693093746900558,0.9842966020107269,0.9916885375976563,0.9974734604358673,1.002688494324684,1.0084784299135208,1.0222802460193634,1.0290589660406113,1.027941745519638,1.0352896273136138,1.0484373569488525,1.0519402742385864,1.054690569639206,1.057979905605316,1.0737701177597045,1.0724171161651612,1.075958788394928,1.086481362581253,1.0887569844722749,1.0916771948337556,1.0958084166049957,1.108248805999756,1.1140975117683412,1.1200493931770326,1.113312876224518,1.1158530831336975,1.1208967447280884,1.1256631135940551,1.1282138347625732,1.1311439752578736,1.1345959663391114,1.1382534503936768,1.1436574280261993,1.1447601735591888,1.1477083384990692,1.149864959716797,1.1620477437973022,1.155540108680725,1.1607382118701934,1.1623525083065034,1.164091545343399,1.16692413687706,1.1703433752059937,1.171698272228241,1.1762764990329742,1.177796983718872,1.1783599138259888,1.1802188515663148,1.181654542684555,1.1877777814865111,1.1896074652671813,1.187393182516098,1.1896227955818177,1.1917692422866821,1.1930923581123352,1.1937272727489472,1.1956410229206085,1.1971864461898805,1.1983013093471526,1.2006374061107636,1.201583170890808,1.2026845574378968,1.207074385881424,1.2047289788722992,1.2057165324687957,1.2074306309223175,1.2129319608211517,1.2094875395298004,1.2125290274620055,1.2144430220127105,1.2159425139427185,1.2146846115589143,1.216676837205887,1.2185815095901489,1.218058842420578,1.2204030334949494,1.2232040166854858,1.2209498047828675,1.2220030009746552,1.221701729297638,1.2244382202625275,1.221672910451889,1.2246345937252046,1.2232498943805694,1.2234304249286652,1.2251994013786316,1.2251846075057984,1.2288942217826844,1.2269451379776002,1.2257048308849334,1.2284593641757966,1.2304726243019104,1.2287302613258362,1.2281476736068726,1.2304223358631134,1.2319287538528443,1.2316785991191863,1.2370909452438354,1.2312230110168456,1.2318063497543335,1.2304886817932128,1.2318694233894347,1.2360519528388978
t_154,0.8884479701519012,0.8769240260124207,0.8781081050634384,0.8683635503053665,0.8594135880470276,0.8525378495454788,0.8348247021436691,0.8186465352773666,0.8006826370954514,0.7927052915096283,0.7771830409765244,0.7596276253461838,0.755506232380867,0.7345482289791108,0.7234382927417755,0.7001504808664322,0.6806176275014877,0.6570844560861587,0.6471373438835144,0.6236941307783127,0.5983424752950668,0.5881750106811523,0.5661758005619049,0.5402196377515793,0.5194180250167847,0.5037719249725342,0.48544470965862274,0.4546269401907921,0.4342226982116699,0.41283866167068484,0.38111258000135423,0.3645802944898605,0.3373171463608742,0.31293709129095076,0.28184779137372973,0.2531138703227043,0.23866684287786483,0.20800021290779114,0.18894323110580444,0.1635305851697922,0.14436155930161476,0.11486856676638127,0.09024737104773521,0.07861299179494381,0.06120164580643177,0.0,0.06182044763118029,0.07750461250543594,0.1051815140992403,0.12453732676804066,0.1513245590031147,0.18175230771303177,0.20551345497369766,0.23027587682008743,0.2561639055609703,0.2874255672097206,0.31205718517303466,0.33633137941360475,0.3599420949816704,0.38644812554121016,0.41428563594818113,0.4376582071185112,0.45968004912137983,0.4771513491868973,0.5096142753958702,0.5272082597017288,0.549606055021286,0.5705416262149811,0.5878319919109345,0.6038314402103424,0.6217322766780853,0.6416595160961152,0.6583656162023545,0.6748720884323121,0.6910508573055267,0.701791626214981,0.7160316586494446,0.739825251698494,0.758938467502594,0.765251824259758,0.7780869126319885,0.7929918199777604,0.8105817109346389,0.820860567688942,0.8351526319980621,0.8416993588209152,0.8599183738231659,0.8690518438816071,0.8766780644655228,0.8903080284595489,0.9029747694730759,0.9119625180959702,0.9203711897134781,0.9241964489221572,0.9407267987728118,0.9427011013031006,0.9501071006059647,0.961210522055626,0.9758819490671158,0.9834769606590271,0.9894856542348862,0.9951546788215637,1.0011331409215927,1.0147962659597396,1.021595948934555,1.0211072862148285,1.0284415394067765,1.0414989352226258,1.045068347454071,1.0482197403907776,1.0516856968402863,1.0671104073524476,1.0662258982658386,1.0698859989643097,1.0802780628204345,1.0828351378440857,1.0859175086021424,1.0902896344661712,1.1022767126560211,1.1082031667232513,1.1143726646900176,1.1079328536987305,1.1106744408607483,1.1158721446990967,1.1205440878868103,1.1232798874378205,1.126237392425537,1.1297549962997437,1.1334979116916657,1.1386936843395232,1.1400637567043304,1.1430229842662811,1.1452933073043823,1.1570664286613463,1.1510649263858794,1.1563144683837892,1.1578974306583405,1.159719455242157,1.1626408100128174,1.1660209536552428,1.1675021588802337,1.1719853043556214,1.1736621975898742,1.174221360683441,1.1761621236801147,1.1775993585586548,1.1835258781909943,1.1854116559028625,1.1834243655204773,1.1856452465057372,1.1878841519355774,1.1892232179641724,1.1899265944957733,1.1917989134788514,1.1933790028095246,1.1945802211761474,1.1968398094177246,1.1978650271892548,1.199021977186203,1.2032537579536438,1.201081597805023,1.2020869135856629,1.2038659811019898,1.209233009815216,1.2059396803379059,1.2088413476943969,1.2108890950679778,1.2123305678367615,1.2111663818359375,1.2130940675735473,1.2149860620498658,1.2145853698253632,1.2168358623981477,1.2196557581424714,1.2174166023731232,1.2184710204601288,1.218317347764969,1.2208469331264495,1.2183286368846893,1.2212830483913422,1.2198627173900605,1.2201105415821076,1.2218274772167206,1.221901971101761,1.2256087720394135,1.2236470580101013,1.2224750697612763,1.2251869678497314,1.2271404981613159,1.225546658039093,1.224933910369873,1.2271898150444032,1.228692990541458,1.2284789860248566,1.2336922883987427,1.2280448973178864,1.2286723256111145,1.2274527966976165,1.2288521230220795,1.2330136060714723
t_153,0.9006054848432541,0.8891802281141281,0.8905522495508194,0.880912184715271,0.8722490191459655,0.8655511617660523,0.8481132596731186,0.8323957592248916,0.8147306472063065,0.8069711774587631,0.7917079776525497,0.7746394395828247,0.7706023216247558,0.7501073688268661,0.7395566076040268,0.716850683093071,0.6979024708271027,0.6747102916240693,0.664984405040741,0.6420878499746323,0.6178061753511429,0.6077519148588181,0.5863419771194458,0.5611538559198379,0.5409448981285095,0.5258443057537079,0.5081654757261276,0.47801052778959274,0.45804265290498736,0.43761058449745177,0.40659313052892687,0.3899762511253357,0.36446982324123384,0.3390156447887421,0.3085849121212959,0.2806896954774857,0.2661460891366005,0.2359779991209507,0.21756812781095505,0.19210899099707604,0.17328877821564675,0.14220999106764792,0.11488650329411029,0.10438877046108246,0.08153248913586139,0.06182044763118029,0.0,0.05918032415211201,0.07886130064725876,0.10189428068697452,0.12331684492528439,0.15223707780241966,0.17670118138194085,0.20141677781939507,0.2282605729997158,0.25888915061950685,0.2842489004135132,0.3087968587875366,0.33280120640993116,0.3595265582203865,0.3880205795168877,0.41171723902225493,0.43396868407726286,0.45282590985298155,0.48502631187438966,0.5032181948423385,0.5260153457522392,0.5475918978452683,0.5652524381875992,0.5818638324737548,0.6001789569854736,0.620749619603157,0.6379213333129883,0.6545580208301545,0.6712521463632584,0.6830843150615692,0.6976963549852371,0.7210705906152726,0.740581825375557,0.7478801965713501,0.7608967036008835,0.7762865543365478,0.7939995646476745,0.8049558728933335,0.8192048400640488,0.8263603776693345,0.8447057336568833,0.8541041821241379,0.8624176770448685,0.8761368155479431,0.8890256851911544,0.8982612133026123,0.907129368185997,0.9118004411458969,0.927989861369133,0.9306971371173859,0.9384334534406662,0.9496965169906616,0.9641929239034652,0.9721046626567841,0.9784378260374069,0.98455411195755,0.9907857716083527,1.0042803943157197,1.0111466288566588,1.011420601606369,1.018793413043022,1.0316736817359924,1.035460877418518,1.0391304433345794,1.0428693354129792,1.0578318953514099,1.0575496971607208,1.061346071958542,1.0715708434581757,1.0745256423950196,1.0778016030788422,1.0824337363243104,1.0939431846141816,1.099960321187973,1.1062381148338318,1.1003292739391326,1.1033389031887055,1.1086644589900971,1.113293570280075,1.116209238767624,1.1192690789699555,1.1228790760040284,1.1266852080821992,1.1316987991333007,1.133345103263855,1.1363648295402526,1.1387650549411774,1.1500487685203553,1.1446558475494384,1.1499181032180785,1.1515283346176148,1.1534482061862945,1.1564671516418457,1.1598218381404877,1.161420428752899,1.1658035874366761,1.1676440417766571,1.1682382941246032,1.1702828764915467,1.1717512130737304,1.1774480760097503,1.1793996751308442,1.1776591062545776,1.179910624027252,1.182219660282135,1.1835900127887726,1.1843717038631438,1.1862430810928344,1.187866884469986,1.1891252994537354,1.1913241267204284,1.192438530921936,1.1936508417129517,1.197708386182785,1.1957526624202728,1.1967875123023988,1.1986069679260254,1.2038049221038818,1.2007105767726898,1.203488528728485,1.2056140005588531,1.2070213973522186,1.2059808433055879,1.2078367054462433,1.2097070217132568,1.209440541267395,1.2116004705429078,1.214414244890213,1.2122123897075654,1.2132947087287902,1.2132608473300934,1.2156213641166687,1.2133354604244233,1.2162770330905914,1.2148650586605072,1.2151905238628387,1.216847401857376,1.2170021116733551,1.2206685304641725,1.2187495410442353,1.2176522612571716,1.220299905538559,1.2222016274929046,1.2207522690296173,1.2201443672180177,1.2223569333553315,1.2238489627838134,1.2236735045909881,1.228663158416748,1.2232710480690003,1.2239394724369048,1.2228213727474213,1.2242180109024048,1.2283399820327758
t_152,0.9105993181467056,0.8994777113199234,0.9008040875196457,0.8914082199335098,0.8828120052814483,0.8763142347335815,0.8592120945453644,0.8436776280403138,0.8263830184936524,0.8188057333230973,0.8038196116685867,0.7870008647441864,0.7831471353769303,0.7631028085947037,0.7527081370353699,0.7303145557641983,0.7117228239774704,0.6890565484762192,0.6795603632926941,0.6572210669517518,0.6331491231918335,0.6233061134815217,0.6023411005735397,0.5776044011116028,0.5576757729053498,0.5428056865930557,0.5254622429609299,0.4958293095231056,0.47635396420955656,0.45591506361961365,0.4254977211356163,0.409391938149929,0.38367508798837663,0.3594775214791298,0.3294770300388336,0.30155384093523024,0.2873301520943642,0.25726712197065355,0.23846104890108108,0.21365754753351213,0.19396078810095788,0.16338703259825707,0.1361773982644081,0.12390043959021568,0.09628234803676605,0.07750461250543594,0.05918032415211201,0.0,0.06113703325390816,0.07835836559534073,0.10239747241139412,0.13133778646588326,0.15513347536325456,0.179915215075016,0.2058861419558525,0.23750293105840684,0.2624205738306046,0.28749529719352723,0.3120390549302101,0.33897358924150467,0.36779326647520066,0.39184516817331316,0.41463972479104994,0.4328316554427147,0.4662997707724571,0.484716434776783,0.5080264180898666,0.5297573447227478,0.5478185892105103,0.5644838392734528,0.5832579761743546,0.6040312796831131,0.621663898229599,0.6388056933879852,0.6557650625705719,0.6673694252967834,0.6822999656200409,0.7067781656980514,0.7266910761594773,0.7337801486253739,0.7472094088792801,0.7629796952009201,0.7812327235937119,0.7922543972730637,0.8070565104484558,0.8141262322664261,0.8332124650478363,0.8427874684333801,0.8511062294244767,0.8652421981096268,0.8785731881856919,0.8879471212625504,0.8969094187021256,0.901529285311699,0.918346980214119,0.9207645535469056,0.9287404268980026,0.940288069844246,0.955400288105011,0.9635060787200928,0.9699600160121917,0.976039582490921,0.9823928356170655,0.9964593708515167,1.0035372138023377,1.0035302251577378,1.0111352741718291,1.0244817435741425,1.0283759176731109,1.031995278596878,1.0357997357845306,1.0513732075691222,1.0508992969989777,1.0547633230686189,1.0653636753559113,1.0682751715183259,1.0715878069400788,1.0762540757656098,1.0882830679416657,1.0944750964641572,1.1008256256580353,1.0946565747261048,1.0976945221424104,1.1031004071235657,1.107891446352005,1.1108115494251252,1.1140024662017822,1.1176820874214173,1.1215505838394164,1.12680344581604,1.1283815562725068,1.1315013766288757,1.1338932812213898,1.145655220746994,1.1399267971515656,1.1452933490276336,1.1469740867614746,1.14892720580101,1.1519926905632019,1.1554277420043946,1.1570320427417755,1.1615715444087982,1.1633968949317932,1.1640110611915588,1.1660972237586975,1.16759495139122,1.1735333442687987,1.1755208551883698,1.1736733198165894,1.1760028779506684,1.1783189833164216,1.1797251164913178,1.1805103480815888,1.182457685470581,1.1841237664222717,1.1853635668754579,1.1876532435417175,1.188772314786911,1.189989548921585,1.1942163109779358,1.1921619772911072,1.1932099401950835,1.1950471580028534,1.2004225313663484,1.1972243070602417,1.2001145243644715,1.2022567510604858,1.2037269532680512,1.2026281356811523,1.2045645356178283,1.2064879298210145,1.206174224615097,1.20842804312706,1.2113024711608886,1.2090618312358856,1.2101738929748536,1.2100886404514313,1.212582540512085,1.2101554870605469,1.2131646156311036,1.2117655098438262,1.212068146467209,1.2137902140617371,1.2139221847057342,1.217675644159317,1.215728861093521,1.2145977914333344,1.2173394203186034,1.2193017244338988,1.2177918195724486,1.2171988487243652,1.2194786727428437,1.221003270149231,1.2208306193351746,1.2260130584239959,1.220461255311966,1.2211378276348115,1.2200069367885589,1.2214578092098236,1.2256896018981933
t_151,0.9240241587162018,0.9130909442901611,0.9145438611507416,0.9053265661001205,0.8969817787408829,0.8906757354736328,0.8739498436450959,0.8588598519563675,0.8419536113739013,0.8346129685640336,0.819939860701561,0.8036321371793747,0.799901482462883,0.7803688704967499,0.7704626619815826,0.7486807018518448,0.7306779116392136,0.7085123091936112,0.6992614954710007,0.6775622308254242,0.6544214278459549,0.6448043197393417,0.6244546175003052,0.6004705488681793,0.5811520874500274,0.5668295681476593,0.550124529004097,0.5212403625249863,0.5022834673523903,0.4827099785208702,0.45305499732494353,0.43716508746147154,0.41256763190031054,0.38814140409231185,0.35886319875717165,0.3317256152629852,0.3173785150051117,0.28801140934228897,0.2697597980499268,0.244918579608202,0.2258197121322155,0.1947392553091049,0.16705162078142166,0.15516408234834672,0.12518200129270554,0.1051815140992403,0.07886130064725876,0.06113703325390816,0.0,0.061330958269536495,0.07483649253845215,0.10039500556886197,0.12380639091134071,0.14802958816289902,0.17486201226711273,0.2056581996381283,0.23106921538710595,0.25620682537555695,0.2811425432562828,0.3084746733307838,0.3377786085009575,0.3620959401130676,0.3853424444794655,0.40459352880716326,0.43818149715662,0.45710418075323106,0.48087248802185056,0.5032540306448936,0.5217440143227577,0.5389406502246856,0.558247247338295,0.5797144204378128,0.5977638959884644,0.6152808189392089,0.6327633440494538,0.6453124076128006,0.6606815963983536,0.6851612895727157,0.7055269658565522,0.7134508669376374,0.7272406131029129,0.7435053318738938,0.7620796650648117,0.7736936539411545,0.7886732906103134,0.796290734410286,0.8157101303339005,0.825609689950943,0.8345357477664948,0.8489332675933838,0.8625507354736328,0.8722631216049195,0.8815972685813904,0.886967995762825,0.9037211537361145,0.9067130565643311,0.9150769948959351,0.9268374443054199,0.942010098695755,0.9504689455032349,0.9572370082139969,0.9637199878692627,0.9703449100255966,0.984435287117958,0.9916512548923493,0.9922466188669204,0.9999824821949005,1.0133160680532456,1.017461496591568,1.0215070247650146,1.0255724102258683,1.040961891412735,1.040935218334198,1.0449862837791444,1.0555525958538055,1.0588066101074218,1.0623162865638733,1.067219227552414,1.079047644138336,1.0853548705577851,1.0918312609195708,1.0860663414001466,1.089329755306244,1.0948782742023468,1.0997025668621063,1.1027880489826203,1.106093031167984,1.1098772764205933,1.11383495926857,1.119021725654602,1.1208276867866516,1.1240162432193757,1.1265451967716218,1.1380346715450287,1.1327328503131866,1.1381281197071076,1.1398885786533355,1.1419421136379242,1.1450912594795226,1.148557198047638,1.150250792503357,1.1547619879245759,1.156710422039032,1.157389235496521,1.1595709681510926,1.1611159086227416,1.166934472322464,1.1689944446086884,1.1673241078853607,1.1697006404399872,1.1720787107944488,1.1735302269458772,1.174391156435013,1.1763644754886626,1.1780618906021119,1.1793643414974213,1.1816307485103608,1.1828351259231566,1.1840932011604308,1.1882325470447541,1.186330783367157,1.1874144554138184,1.1892829835414886,1.1945735812187195,1.1915245831012726,1.1943427205085755,1.1965528190135957,1.1980202555656434,1.1970110952854156,1.1989189267158509,1.2008316814899445,1.200626587867737,1.202820062637329,1.2057135224342346,1.2035099744796753,1.204652374982834,1.2046561419963837,1.2070403814315795,1.2047860026359558,1.2077913582324982,1.2064123392105102,1.206776851415634,1.208473402261734,1.20866556763649,1.2124004721641541,1.210490620136261,1.2094227731227876,1.2121308505535127,1.2140705466270447,1.212657243013382,1.2120817959308625,1.2143441438674927,1.2158737659454346,1.2157431602478028,1.2207958817481994,1.2154211342334746,1.2161249935626983,1.215081912279129,1.216547465324402,1.2207896709442139
t_150,0.9334687769412995,0.9229511767625809,0.9242466449737549,0.9153227418661117,0.9069317758083344,0.9008209079504013,0.8844357132911682,0.8694040834903717,0.8528728246688843,0.8457105994224549,0.8313212513923645,0.8151085346937179,0.8116388529539108,0.7925535887479782,0.7825863510370255,0.7610031932592392,0.7431876361370087,0.7217209458351135,0.7126634657382965,0.691528144478798,0.6681501179933548,0.6588576853275299,0.6389057368040085,0.6151945948600769,0.5960982888936996,0.5818966537714004,0.565283152461052,0.5369373559951782,0.5184419959783554,0.4984845757484436,0.46954952329397204,0.4543966457247734,0.42873055338859556,0.4067188993096352,0.37780310213565826,0.3503402888774872,0.336684288084507,0.30726078152656555,0.28850779086351397,0.2643527895212173,0.24456458911299706,0.21495729088783264,0.18837446048855783,0.1753276214003563,0.14245133101940155,0.12453732676804066,0.10189428068697452,0.07835836559534073,0.061330958269536495,0.0,0.07017530351877213,0.09338287599384784,0.11190210804343223,0.13501662909984588,0.15848468467593194,0.1906997174024582,0.2148047260940075,0.24018907323479652,0.2655220225453377,0.29322714656591414,0.32223508059978484,0.3470947742462158,0.3708744302392006,0.38803795874118807,0.4238628000020981,0.44263934791088105,0.46693750470876694,0.489283362030983,0.5081396892666816,0.5250560849905014,0.5448711663484573,0.5661460757255554,0.584562611579895,0.6028991132974625,0.6204914927482605,0.6318818777799606,0.6475269794464111,0.6741249650716782,0.6948379665613175,0.7017621666193008,0.716097041964531,0.7325658231973649,0.7520172774791718,0.7632771641016006,0.779216468334198,0.7863268047571182,0.8067922115325927,0.8168787032365799,0.8253363281488418,0.8403712928295135,0.8545059502124787,0.8643733769655227,0.8735662400722504,0.8782278060913086,0.8962835758924484,0.8983331561088562,0.9069244861602783,0.9190344601869583,0.93530493080616,0.9438963055610656,0.9505692481994629,0.9567911952733994,0.9634378552436829,0.978523564338684,0.9860221743583679,0.9857170045375824,0.9938090205192566,1.008003655076027,1.0121723055839538,1.0157933741807939,1.0197707563638687,1.0364370882511138,1.0357035100460052,1.0397896468639374,1.0510421395301819,1.0540130257606506,1.0574570953845979,1.0622860431671142,1.0752278804779052,1.081693834066391,1.0882444560527802,1.081738144159317,1.0848439514636994,1.0904819786548614,1.0955869376659393,1.0985497891902924,1.1019436836242675,1.105787169933319,1.1098163604736329,1.115496701002121,1.1170334458351134,1.1203155159950255,1.122771954536438,1.13530832529068,1.1290939211845399,1.134650355577469,1.1365061104297638,1.1385417342185975,1.141699993610382,1.1453324735164643,1.1469431817531586,1.1517464637756347,1.153585934638977,1.1542797923088073,1.1564459323883056,1.1580336570739747,1.1643404841423035,1.1664168953895568,1.1644111633300782,1.1668747544288636,1.1692661464214325,1.1707377135753632,1.1715575516223908,1.1736345529556274,1.175362366437912,1.1766172409057618,1.1790472745895386,1.1802148878574372,1.1814386188983916,1.1859333634376525,1.1837540447711945,1.1848415732383728,1.1867104113101958,1.1923819780349731,1.1890374839305877,1.192088967561722,1.1942731320858002,1.1958655655384063,1.1946950018405915,1.1967685759067535,1.1987725079059601,1.1984034955501557,1.2007929325103759,1.2037748634815215,1.201495110988617,1.202668309211731,1.2024966299533844,1.205209743976593,1.202581024169922,1.2057127892971038,1.2043174266815186,1.2046292304992676,1.2064675748348237,1.2065543413162232,1.2104480564594269,1.2084774196147918,1.20731942653656,1.2101894438266754,1.2122586369514465,1.2106714248657227,1.210079437494278,1.2124775767326355,1.2140932619571685,1.2139114439487457,1.2194206893444062,1.213613998889923,1.2142993330955505,1.2131541073322296,1.2146946609020233,1.219169807434082
t_149,0.9431991815567017,0.9326084792613983,0.9341957956552506,0.9252994000911713,0.9173153370618821,0.9113238155841827,0.8952052354812622,0.8807417452335358,0.8644449502229691,0.8574704676866531,0.8433359771966934,0.8277264028787613,0.8242342084646225,0.8055449962615967,0.796309494972229,0.775434073805809,0.7583164930343628,0.7369502931833267,0.7281331598758698,0.7074365943670273,0.6855528652667999,0.676247450709343,0.6568821132183075,0.6340586960315704,0.6155886381864548,0.6019886910915375,0.5861865937709808,0.5585535854101181,0.5404011398553848,0.5218972235918045,0.493490831553936,0.4781076401472092,0.45490633249282836,0.430960051715374,0.4029239386320114,0.3768262520432472,0.36282073706388474,0.334336094558239,0.31668895334005354,0.292412531375885,0.27361669689416884,0.24299243092536926,0.21567493230104445,0.20349066853523254,0.173117733001709,0.1513245590031147,0.12331684492528439,0.10239747241139412,0.07483649253845215,0.07017530351877213,0.0,0.06184805631637573,0.08033148497343064,0.10284596420824528,0.12797794491052628,0.1584027476608753,0.18354746848344802,0.2087215378880501,0.23435474187135696,0.2617397353053093,0.29174165427684784,0.3163730055093765,0.34018137902021406,0.3604606658220291,0.39459040462970735,0.4142429783940315,0.43878957629203796,0.4619504317641258,0.4811137467622757,0.49904842376708985,0.519076144695282,0.5415050730109214,0.5604432195425033,0.5784689903259277,0.5968034118413925,0.6103121906518936,0.6264105916023255,0.6513294577598572,0.6725932240486145,0.6813944756984711,0.6957542359828949,0.7128930002450943,0.7321120381355286,0.7445713818073273,0.7599771291017532,0.7682348906993866,0.7884260892868042,0.7987816393375397,0.8085214108228683,0.823415431380272,0.8376511484384537,0.847800663113594,0.8578003853559494,0.8640254527330399,0.8810037732124328,0.8846160292625427,0.8935382157564163,0.9057639300823211,0.921231460571289,0.9302232265472412,0.9374850243330002,0.9444713443517685,0.9514881253242493,0.965904614329338,0.9733856230974197,0.9746058613061905,0.9825903445482254,0.9961687177419662,1.0006060153245926,1.0052055239677429,1.0096383035182952,1.0250452548265456,1.0255247503519058,1.0297896981239318,1.040518593788147,1.0441971123218536,1.047958290576935,1.0532016813755036,1.0649458467960358,1.0715115666389465,1.07821524143219,1.072804194688797,1.0763807833194732,1.0821377217769623,1.0870649218559265,1.0903668105602264,1.0938863635063172,1.0978348433971405,1.10193874835968,1.1071174919605256,1.109192395210266,1.112520730495453,1.115189689397812,1.1265607714653014,1.1216533660888672,1.1271751821041107,1.1290232181549071,1.1312229692935944,1.134538584947586,1.1380442082881927,1.1398764073848724,1.1444123029708861,1.1465289294719696,1.147270953655243,1.1496006190776824,1.1511955440044404,1.1569740056991578,1.159139084815979,1.1576623737812042,1.1601341187953949,1.1625943601131439,1.1641193568706512,1.1650736629962921,1.1671008348464966,1.1688796043395997,1.1702396273612976,1.1725215554237365,1.1738290429115295,1.1751541495323181,1.1792395174503327,1.1774943888187408,1.178623777627945,1.180561178922653,1.1858184099197389,1.1829086899757386,1.1856745541095735,1.1880097270011902,1.189480447769165,1.1885617136955262,1.1904649674892425,1.1923903048038482,1.1923000931739807,1.1944777548313141,1.197423619031906,1.1952431976795197,1.1964343547821046,1.1965396344661712,1.1988479733467101,1.1967454552650452,1.1997923970222473,1.198434966802597,1.1988586246967317,1.2005621492862701,1.2008318543434142,1.2046053886413575,1.20271754860878,1.2017128944396973,1.2044286251068115,1.206359612941742,1.2050758957862855,1.2045125722885133,1.2067968130111695,1.2083466410636903,1.2082703351974486,1.2132447183132171,1.2080386281013489,1.2087978959083556,1.2078741550445558,1.209404981136322,1.213710254430771
t_148,0.953607302904129,0.9431667625904083,0.9449075788259507,0.9361588597297669,0.9284501224756241,0.9226346760988235,0.9068515986204148,0.8928147405385971,0.8768432289361954,0.8700885206460953,0.8562565058469772,0.841130718588829,0.8377436429262162,0.8195265889167785,0.8108337968587875,0.7905197203159332,0.7739697933197022,0.7530257493257523,0.7444396913051605,0.7243293583393097,0.7034237831830978,0.6942661017179489,0.6755145490169525,0.653424134850502,0.6355383962392807,0.6224491953849792,0.6073070019483566,0.5803863793611527,0.5627500236034393,0.5451091200113296,0.5175037860870362,0.5022613227367401,0.4804926156997681,0.4562070220708847,0.4289733588695526,0.4037462055683136,0.3898958772420883,0.36213978976011274,0.3451999187469482,0.32127077132463455,0.30297106355428693,0.27247253954410555,0.24516648873686792,0.23351332992315293,0.20352458506822585,0.18175230771303177,0.15223707780241966,0.13133778646588326,0.10039500556886197,0.09338287599384784,0.06184805631637573,0.0,0.058657214790582654,0.07658287920057774,0.10159307494759559,0.12856952026486396,0.15418009012937545,0.17878284081816673,0.20449539944529532,0.23132815733551979,0.26196298748254776,0.2864917814731598,0.3106421083211899,0.3323588892817497,0.36585306078195573,0.38615780770778657,0.41103997081518173,0.434746527671814,0.4543161511421204,0.4728076383471489,0.49328665137290956,0.5164277106523514,0.5359538525342942,0.5540355563163757,0.5728934466838836,0.5876147240400315,0.6041501581668853,0.6285805463790893,0.6503525495529174,0.6602611541748047,0.674829724431038,0.6925382494926453,0.7119206249713897,0.7251786321401597,0.7405491799116135,0.7495026618242264,0.7698655068874359,0.7805329263210297,0.7910528838634491,0.8060766786336899,0.8206190913915634,0.8310606807470322,0.8415775030851365,0.848779946565628,0.8654470145702362,0.8698487102985382,0.8791416019201279,0.8915786266326904,0.9069307982921601,0.9162908285856247,0.9239514350891114,0.9314254283905029,0.9387711614370347,0.9530921459197998,0.9606841593980789,0.9626989305019379,0.9707613438367844,0.9842240750789643,0.9888884872198105,0.9940713316202163,0.9988456398248673,1.0138019651174546,1.014941245317459,1.0193820267915725,1.029993373155594,1.0340987622737885,1.0380765080451966,1.0435940265655517,1.0549155175685883,1.0616370737552643,1.0685040831565857,1.0636211276054381,1.0674954295158385,1.0733741402626038,1.078286337852478,1.081815093755722,1.0854887425899507,1.0895452201366425,1.0937208175659179,1.0987475156784057,1.101119977235794,1.1045220851898194,1.1073473989963531,1.1182593405246735,1.1139697432518005,1.1195281267166137,1.121420282125473,1.1237354218959807,1.127175086736679,1.1306574285030364,1.1326206505298615,1.1371035635471345,1.1393680632114411,1.1401683032512664,1.1426187098026275,1.144247305393219,1.1498322784900665,1.1520874440670013,1.1508589744567872,1.1533805787563325,1.1558921396732331,1.157473438978195,1.158517187833786,1.1605631947517394,1.1623899519443512,1.163811844587326,1.1660658597946167,1.1674545288085938,1.1688567996025085,1.1727912068367004,1.1712613224983215,1.172424030303955,1.1744024991989135,1.179537159204483,1.1768329799175263,1.1794794201850891,1.181923794746399,1.1833551585674287,1.1825677573680877,1.184426975250244,1.1863234400749207,1.1863906264305115,1.18848415017128,1.1914491653442383,1.1893227875232697,1.1905404686927796,1.1907978773117065,1.192918336391449,1.1910704910755157,1.1941173315048217,1.1927854597568512,1.1932764410972596,1.1949377954006195,1.195305770635605,1.199072152376175,1.1972140431404115,1.1962775945663453,1.1989401936531068,1.200856363773346,1.1997044563293457,1.1991784691810607,1.2014293015003203,1.202950006723404,1.202946799993515,1.2077190697193145,1.2027786254882813,1.2036001563072205,1.2027944803237915,1.2043372213840484,1.2086183249950408
t_147,0.9635232418775559,0.9533795416355133,0.9551048576831818,0.9465625196695328,0.9389715254306793,0.9333347678184509,0.9178754985332489,0.9041011333465576,0.8884686172008515,0.8818837255239487,0.8683230608701706,0.8535215109586716,0.8502791523933411,0.8325024217367172,0.8240272015333175,0.8040718555450439,0.7879109025001526,0.7674663364887238,0.7590854197740555,0.7394642144441604,0.7189148455858231,0.7100240528583527,0.6916763961315155,0.670027494430542,0.6525392591953277,0.6397567480802536,0.6248817652463913,0.5985692203044891,0.5813382804393769,0.5640775620937347,0.5370502233505249,0.5222477227449417,0.5005897536873818,0.477110356092453,0.45043541938066484,0.4255919694900513,0.4121232032775879,0.3847754880785942,0.36792600750923155,0.3443127766251564,0.3261038139462471,0.29626675844192507,0.26927668899297713,0.2575840145349503,0.22680585235357284,0.20551345497369766,0.17670118138194085,0.15513347536325456,0.12380639091134071,0.11190210804343223,0.08033148497343064,0.058657214790582654,0.0,0.05797646604478359,0.07988120801746845,0.10522044934332371,0.12976929992437364,0.15338902026414872,0.1795940265059471,0.2069760151207447,0.23702632635831833,0.26218470856547355,0.28640946447849275,0.3078393504023552,0.34248625487089157,0.3626248002052307,0.38808719962835314,0.4121471419930458,0.4319289565086365,0.4506880477070808,0.4716943144798279,0.49514498114585875,0.5148347198963166,0.5335883885622025,0.5528143882751465,0.5676864713430405,0.584589245915413,0.6099801510572433,0.6320623636245728,0.6420447796583175,0.6570462256669998,0.6750959128141403,0.6950754910707474,0.7084799170494079,0.7243761658668518,0.7334763675928115,0.7544832020998001,0.7654336214065551,0.7761152565479279,0.7916480451822281,0.8065280616283417,0.8172550946474075,0.8279578477144242,0.8352953344583511,0.8525198936462403,0.8569052040576934,0.8665207505226136,0.8792371690273285,0.8951013922691345,0.904739397764206,0.9125320672988891,0.9201908022165298,0.9277053266763687,0.9424040019512177,0.9502111941576004,0.9522675603628159,0.9605850726366043,0.9743753582239151,0.979205185174942,0.9844996511936188,0.9893665432929992,1.0047930538654328,1.0058677911758422,1.0104977548122407,1.0213712334632874,1.025561186671257,1.0296526402235031,1.0353034079074859,1.046949315071106,1.053819513320923,1.0607851266860961,1.0558531761169434,1.0598033964633942,1.065820825099945,1.0708792567253114,1.0744659543037414,1.0782194435596466,1.0823711276054382,1.086654895544052,1.0918399214744567,1.0942615509033202,1.0977400302886964,1.1006242632865906,1.111806172132492,1.1074117600917817,1.1130529761314392,1.1150417447090148,1.1174159049987793,1.1208983659744263,1.1244813561439515,1.1264849722385406,1.1310818195343018,1.1333615362644196,1.1342111229896545,1.1367034673690797,1.1383901536464691,1.1440965950489044,1.1464226722717286,1.1451754450798035,1.1477364778518677,1.150303691625595,1.151926338672638,1.1530210494995117,1.1551002740859986,1.1569629669189454,1.158436691761017,1.1607308447360993,1.1621721863746644,1.1635930955410003,1.1676182568073272,1.1660622894763946,1.1672689259052276,1.1692698419094085,1.1745091319084167,1.1717743277549744,1.174473339319229,1.1769492626190186,1.178446251153946,1.1776433646678925,1.1795529127120972,1.1815018594264983,1.1815657019615173,1.1837162613868712,1.1867152214050294,1.1846030354499817,1.1858438670635223,1.1860899031162262,1.1883049488067627,1.186412250995636,1.1894971907138825,1.1881631851196288,1.1886917293071746,1.1903950572013855,1.1907572805881501,1.1945834159851074,1.192715573310852,1.1918070614337921,1.1945218682289123,1.1964784026145936,1.1953147649765015,1.1948025465011596,1.1971246719360351,1.198683738708496,1.19869264960289,1.2035860955715179,1.1985947489738464,1.1994349181652069,1.1986469089984895,1.2002493262290954,1.2046533346176147
t_146,0.9740992039442062,0.9641215801239014,0.9658889085054397,0.9575064212083817,0.9500991433858872,0.9445800244808197,0.9294202625751495,0.915954801440239,0.900613009929657,0.8941826701164246,0.8809206068515778,0.8664489209651947,0.863291335105896,0.8458988904953003,0.837704211473465,0.818211841583252,0.8024310678243637,0.7824035614728928,0.7742032021284103,0.7550312995910644,0.7350389212369919,0.7263548314571381,0.7084253251552581,0.6872888684272767,0.6702190220355988,0.6577710300683975,0.6432244300842285,0.6175331443548202,0.6006289392709732,0.5838773548603058,0.5574291914701461,0.542896842956543,0.5217018365859986,0.4986601799726486,0.4724854573607445,0.4481390997767448,0.43483389616012574,0.4080034613609314,0.3914362624287605,0.3679955616593361,0.35013357400894163,0.32059911340475084,0.2938215538859367,0.28231766670942304,0.2518996000289917,0.23027587682008743,0.20141677781939507,0.179915215075016,0.14802958816289902,0.13501662909984588,0.10284596420824528,0.07658287920057774,0.05797646604478359,0.0,0.06523223910480738,0.08380470648407937,0.10735124982893467,0.1297699324786663,0.15481167063117027,0.1828568734228611,0.21280153542757035,0.23823142573237419,0.26229758858680724,0.28428165465593336,0.3192477971315384,0.3395377293229103,0.36519622057676315,0.3900017485022545,0.409952338039875,0.4292134866118431,0.45055051147937775,0.474459046125412,0.49443330615758896,0.5134447991847992,0.5332334935665131,0.5486121624708176,0.5659218937158584,0.5915908873081207,0.6141279906034469,0.6244914650917053,0.6397726625204087,0.6581515341997146,0.6786083400249481,0.6924168229103088,0.7085565239191055,0.718062287569046,0.7393172472715378,0.7506056398153305,0.7616804093122482,0.7775812357664108,0.7926594227552414,0.8037511229515075,0.814850801229477,0.8224782317876815,0.8399256378412246,0.8447390526533127,0.8545948714017868,0.8675891429185867,0.8835702568292618,0.8934881538152695,0.9014767348766327,0.909506556391716,0.9172415912151337,0.9320489019155502,0.9400058686733246,0.9424371927976608,0.9509078592061997,0.9648510813713074,0.9698122978210449,0.9753630548715592,0.9803858995437622,0.9958696305751801,0.9971743911504746,1.0019738703966141,1.0129233300685883,1.017327857017517,1.0215723514556885,1.0274341106414795,1.039046972990036,1.046039229631424,1.0531933069229127,1.0483958721160889,1.0524892270565034,1.058670598268509,1.0637770414352417,1.0674989700317383,1.0713073194026947,1.0755536317825318,1.0799373388290405,1.0851328194141387,1.0877272844314576,1.0912530243396759,1.094248080253601,1.105378222465515,1.101178413629532,1.1068819344043732,1.1089187026023866,1.1113671243190766,1.114925366640091,1.118560403585434,1.1206274569034576,1.1252538442611695,1.1276305139064788,1.1285109102725983,1.13106849193573,1.1328045845031738,1.1384868025779724,1.1408799171447754,1.139716637134552,1.142303651571274,1.1449581563472748,1.1465959787368774,1.1477684497833252,1.149851280450821,1.1517426431179048,1.1532826542854309,1.1555864691734314,1.157080352306366,1.158550751209259,1.1625612795352935,1.161067396402359,1.1623058140277862,1.1643339693546295,1.1695874214172364,1.166916662454605,1.1695612788200378,1.1721175193786622,1.1736311495304108,1.1728629410266875,1.1747790157794953,1.1767248332500457,1.1768584370613098,1.1789874970912932,1.1820253014564515,1.1799180924892425,1.1811777114868165,1.1814901173114776,1.18365581035614,1.1818508684635163,1.1849743247032165,1.1836026847362517,1.1841874420642853,1.1858929574489594,1.1862736761569976,1.190147829055786,1.1882718622684478,1.1873943507671356,1.1901149690151214,1.1920710444450378,1.1909635365009308,1.1904400765895844,1.1927894949913025,1.1943617045879364,1.19439355134964,1.1992565631866454,1.1943365037441254,1.1952121138572693,1.1944524347782135,1.1960826218128204,1.200570285320282
t_145,0.9830550968647003,0.9733506828546524,0.975100788474083,0.966953131556511,0.9596335500478744,0.9543000906705856,0.9394809633493424,0.9262496799230575,0.9112787961959838,0.905049392580986,0.8920862883329391,0.8778802961111069,0.8749060541391372,0.8579742521047592,0.8500042170286178,0.830886709690094,0.8154769003391266,0.79602912068367,0.7880208045244217,0.7694521009922027,0.7498211205005646,0.7413492947816849,0.7239482879638672,0.7033509850502014,0.6866974651813507,0.6745568156242371,0.660453987121582,0.6353811740875244,0.6190339207649231,0.6025170981884003,0.5768853336572647,0.5628124058246613,0.5420211285352707,0.5198849856853485,0.4943811148405075,0.4704359382390976,0.4574551939964294,0.43110851347446444,0.4147651523351669,0.39197839945554735,0.37417889535427096,0.3453535005450249,0.3193878397345543,0.3077020853757858,0.27678620666265485,0.2561639055609703,0.2282605729997158,0.2058861419558525,0.17486201226711273,0.15848468467593194,0.12797794491052628,0.10159307494759559,0.07988120801746845,0.06523223910480738,0.0,0.06781900636851787,0.08614477850496768,0.10658768974244595,0.13107902631163598,0.15796540230512618,0.18713930621743202,0.21278036534786224,0.2375674456357956,0.25831658244132993,0.2940635159611702,0.3149238437414169,0.341196508705616,0.3656952828168869,0.3864216297864914,0.4055003717541695,0.4274099662899971,0.45135549902915956,0.47216758131980896,0.49165672808885574,0.5116813212633133,0.5268260985612869,0.5445440247654915,0.5714772641658783,0.594522750377655,0.6047086179256439,0.6205559074878693,0.6394709289073944,0.6604877173900604,0.6745907425880432,0.691356235742569,0.7008059829473495,0.7229599863290787,0.7345054149627686,0.7457108348608017,0.7620361238718033,0.7777166426181793,0.788979458808899,0.8002651691436767,0.808029854297638,0.8261282116174697,0.8307289123535156,0.8408962070941925,0.8542423367500305,0.8709517180919647,0.8811307162046432,0.889348241686821,0.8973746955394745,0.9053423136472702,0.9208362460136413,0.9290413200855255,0.9312222182750702,0.9399602353572846,0.9544394135475158,0.9595315545797348,0.9651132494211196,0.9703212767839432,0.9863911420106888,0.9876235038042068,0.9924878120422364,1.0038436025381088,1.0082950294017792,1.012603935599327,1.018531620502472,1.0306892812252044,1.0378987729549407,1.04518364071846,1.0401452422142028,1.0443262875080108,1.0505961239337922,1.0558806896209716,1.0596594750881194,1.0636747121810912,1.0680061995983123,1.0724311292171478,1.0778792202472687,1.0804397702217101,1.0840986788272857,1.0870951175689698,1.0987057089805603,1.0942169606685639,1.1000638127326965,1.1021944344043733,1.1046809792518615,1.1083329677581788,1.1120344042778014,1.1141210854053498,1.1189263582229614,1.1212923288345338,1.1222079038619994,1.1248369097709656,1.1265943765640258,1.1325339019298553,1.134955596923828,1.1337100088596344,1.1364034712314606,1.1390379309654235,1.1407385289669036,1.14194558262825,1.144104242324829,1.1460557222366332,1.1475621581077575,1.149967795610428,1.1514757931232453,1.1529748916625977,1.1571474611759185,1.1555723547935486,1.1568345785140992,1.158876472711563,1.1643292129039764,1.161573189496994,1.1643188357353211,1.166916197538376,1.1684725046157838,1.167662101984024,1.169666862487793,1.17164244055748,1.1717692196369172,1.1739888668060303,1.1771000921726227,1.174968922138214,1.1762568295001983,1.1765492498874663,1.1788298904895782,1.1769100546836853,1.1801126956939698,1.1787595450878143,1.1793186843395234,1.1810939610004425,1.1814696431159972,1.1854650020599364,1.1835555911064148,1.182634526491165,1.1854328095912934,1.187489926815033,1.1863192319869995,1.185831755399704,1.1882438361644745,1.189842128753662,1.189884638786316,1.1949424862861633,1.1898964643478394,1.1907877922058105,1.1900247573852538,1.191711163520813,1.1963293135166169
t_144,0.9943512320518494,0.9848168551921844,0.9867045551538467,0.9786861449480057,0.9716320514678956,0.9664725452661515,0.9519661068916321,0.9391682922840119,0.9245356768369675,0.9185022681951522,0.9058092057704925,0.8920914977788925,0.8892024338245392,0.8727437794208527,0.8652257710695267,0.8466660380363464,0.8317990839481354,0.8127506285905838,0.8050015777349472,0.786962628364563,0.7682295173406601,0.7599568039178848,0.7431111603975296,0.7231907457113266,0.7071342915296555,0.6954864919185638,0.6819005221128464,0.6576067179441452,0.6416796386241913,0.6260002166032791,0.6011266857385635,0.5871980458498001,0.5676221072673797,0.5452857255935669,0.520544809103012,0.49743725508451464,0.4846926435828209,0.45910589545965197,0.4433626770973206,0.42096802592277527,0.40368652939796446,0.37517558336257933,0.34941937029361725,0.3381015434861183,0.3079126104712486,0.2874255672097206,0.25888915061950685,0.23750293105840684,0.2056581996381283,0.1906997174024582,0.1584027476608753,0.12856952026486396,0.10522044934332371,0.08380470648407937,0.06781900636851787,0.0,0.06467882692813873,0.07922827489674092,0.10245459862053394,0.1271082155406475,0.15586575567722322,0.18094562292098998,0.2057787500321865,0.2287043087184429,0.2632475733757019,0.2844448536634445,0.3107941046357155,0.33611896336078645,0.35707745850086214,0.37682642340660094,0.3992632284760475,0.42395624816417693,0.4451311230659485,0.4648587092757225,0.4854636624455452,0.50224539488554,0.52034892141819,0.5464952126145363,0.5698822319507599,0.5816199451684951,0.5976048946380615,0.6171078354120254,0.6382825762033463,0.6531900852918625,0.6699401706457138,0.6802364438772202,0.7025111794471741,0.7144541323184967,0.7265757262706757,0.7430067390203476,0.7589316159486771,0.7706166297197342,0.782428577542305,0.7913899183273315,0.8090033680200577,0.8145668208599091,0.8252500802278518,0.8387605011463165,0.85526722073555,0.8658973634243011,0.874542635679245,0.8831718444824219,0.8914602845907211,0.9066973090171814,0.9150463372468949,0.9182540744543075,0.9270688503980636,0.9413275599479676,0.9467485576868058,0.9529753178358078,0.9585515826940536,0.9740540832281113,0.9760359078645706,0.9811220228672027,0.9922848075628281,0.997248986363411,1.0018349826335906,1.00811368227005,1.0197146594524384,1.0270111501216888,1.0344719648361207,1.0301444113254548,1.0346440553665162,1.0410920798778533,1.0463640868663788,1.0503618538379669,1.0544896066188811,1.058969008922577,1.0635108828544617,1.0687664270401,1.0716816186904907,1.0754068970680237,1.0786024332046509,1.0896221101284027,1.085897868871689,1.0917373895645142,1.0939148724079133,1.096546870470047,1.1003226697444917,1.104032951593399,1.1062598407268525,1.11094873547554,1.1135201334953309,1.1145123898983003,1.1172608852386474,1.1190896153450012,1.1247466564178468,1.1272597074508668,1.1263141334056854,1.129049813747406,1.1317939519882203,1.1335426449775696,1.134828895330429,1.137019407749176,1.139011061191559,1.1405928313732148,1.142970234155655,1.144578605890274,1.146158266067505,1.1501238703727723,1.148815655708313,1.1501253306865693,1.152224165201187,1.1574655413627624,1.154995173215866,1.1575808703899384,1.1602539539337158,1.1618083119392395,1.1611560463905335,1.1630971550941467,1.1650433719158173,1.165337508916855,1.167436534166336,1.1705434441566467,1.168480682373047,1.1698189437389375,1.1702261209487914,1.1723383367061615,1.1707004308700562,1.173888921737671,1.1725464820861817,1.1732150256633758,1.1749462187290192,1.1753938376903534,1.1793479919433594,1.1774962723255158,1.1766942381858825,1.1794135570526123,1.1814006328582765,1.1804165065288543,1.1799533665180206,1.1823082447052002,1.1839176177978517,1.1840089738368988,1.188819569349289,1.1840803503990174,1.1850400686264038,1.1843912482261658,1.1860906779766083,1.1906917810440063
t_143,1.0033093333244323,0.9940277814865113,0.9959193080663681,0.988086599111557,0.981168019771576,0.9761857837438583,0.9619906693696976,0.9494643688201905,0.9351645231246948,0.9293104082345962,0.9168797492980957,0.9034767597913742,0.9007245540618897,0.8846940398216248,0.8773737102746964,0.8592068374156951,0.8447266727685928,0.8261367172002793,0.818605723977089,0.801063871383667,0.7827314227819443,0.7746754109859466,0.7582400679588318,0.738832688331604,0.7231263667345047,0.7118041753768921,0.6985693633556366,0.6748557478189469,0.6593532085418701,0.6440004706382751,0.6197555810213089,0.6062392652034759,0.5870265394449234,0.565348768234253,0.5412355303764343,0.5185065984725952,0.5061565041542053,0.48095320612192155,0.4654486507177353,0.4436523914337158,0.42647590637207033,0.39861237853765485,0.3733313739299774,0.3620202511548996,0.33201794773340226,0.31205718517303466,0.2842489004135132,0.2624205738306046,0.23106921538710595,0.2148047260940075,0.18354746848344802,0.15418009012937545,0.12976929992437364,0.10735124982893467,0.08614477850496768,0.06467882692813873,0.0,0.06450836472213269,0.08568914122879505,0.10429603531956673,0.13394539654254914,0.1579519473016262,0.18253634721040726,0.20389678254723548,0.23980364575982094,0.2607815906405449,0.28758587688207626,0.31280309706926346,0.3339816480875015,0.35385580360889435,0.3767369851469994,0.401571187376976,0.42323494255542754,0.4434666857123375,0.46440238803625106,0.48126457184553145,0.49973185658454894,0.5266750991344452,0.5504471033811569,0.5623582661151886,0.5787651062011718,0.598804259300232,0.620431536436081,0.6355909794569016,0.6528341889381408,0.6632759034633636,0.686323669552803,0.6984697192907333,0.7108557015657425,0.7277014642953873,0.7441468238830566,0.7559992432594299,0.768060564994812,0.7773791730403901,0.7953821688890457,0.8009415298700333,0.8120281785726547,0.8258447468280792,0.8428433299064636,0.853797173500061,0.8626923948526383,0.8714394360780716,0.8799516558647156,0.8956270426511764,0.9041871130466461,0.9074837803840637,0.916527333855629,0.9310907751321793,0.9367258995771408,0.9431530475616455,0.9488994091749191,0.9647520691156387,0.9668170899152756,0.9720259219408035,0.983461543917656,0.9885432064533234,0.9932460844516754,0.9996714532375336,1.011516973376274,1.0190125048160552,1.0265425443649292,1.0222616255283357,1.0268913626670837,1.0334640145301819,1.0388494610786438,1.042940354347229,1.0472355425357818,1.051811683177948,1.0564497649669646,1.0618317365646361,1.0647899389266968,1.0686459004878999,1.0718810737133027,1.0831233620643617,1.0793559551239014,1.0853043019771575,1.0875663995742797,1.09025719165802,1.094127082824707,1.0978995978832244,1.1001952171325684,1.1049541234970093,1.1075871229171752,1.108615380525589,1.111449557542801,1.1132930636405944,1.1190708041191102,1.1216276168823243,1.1207086861133575,1.123523437976837,1.1262932896614075,1.128094482421875,1.1294030725955964,1.1316623568534852,1.1337136209011078,1.1353046536445617,1.1377183675765992,1.1393900334835052,1.1409698665142058,1.1450099050998688,1.143715399503708,1.1450581908226014,1.1471947729587555,1.1525062382221223,1.1500247418880463,1.1526756167411805,1.1553967714309692,1.1569831013679504,1.1563263535499573,1.1583124339580535,1.160302460193634,1.1605961740016937,1.162758821249008,1.165905737876892,1.1638349056243897,1.1652067005634308,1.1656147599220277,1.1677749097347259,1.1661262452602386,1.1693457782268524,1.168046420812607,1.1687299311161041,1.1704933881759643,1.170957976579666,1.1749361515045167,1.1731173038482665,1.1723137199878693,1.1750863134860992,1.1771054446697236,1.1761431038379668,1.1756938636302947,1.1780836284160614,1.1797402262687684,1.1798502385616303,1.1847254753112793,1.1799673855304718,1.1809499323368073,1.1803532183170318,1.1821041107177734,1.1867737770080566
t_142,1.012771087884903,1.0036647289991378,1.0055852681398392,0.9978961557149887,0.9911639273166657,0.9862941086292267,0.9724070221185684,0.9601893931627273,0.946174043416977,0.9404458940029145,0.9282959669828414,0.915239205956459,0.9125506728887558,0.8968750149011612,0.8898420035839081,0.8721032500267029,0.8579991519451141,0.8397888153791427,0.8324396014213562,0.8153039693832398,0.797527614235878,0.7896791845560074,0.7736450791358948,0.7547026365995407,0.7394091218709946,0.7284058779478073,0.7154930979013443,0.6924008101224899,0.6771913886070251,0.6624491274356842,0.6386994659900666,0.6254353314638138,0.6066901475191117,0.5853734821081161,0.5617578446865081,0.5396035969257355,0.52745261490345,0.5028448432683945,0.4877076342701912,0.46604865193367007,0.44939895868301394,0.4219163581728935,0.39684510231018066,0.3859167918562889,0.3564148560166359,0.33633137941360475,0.3087968587875366,0.28749529719352723,0.25620682537555695,0.24018907323479652,0.2087215378880501,0.17878284081816673,0.15338902026414872,0.1297699324786663,0.10658768974244595,0.07922827489674092,0.06450836472213269,0.0,0.0652613153681159,0.08312032297253609,0.10729854218661786,0.13230858519673347,0.15547670871019365,0.1786525994539261,0.2138938345015049,0.2344680592417717,0.2613693684339523,0.2876995772123337,0.30867013335227966,0.3292951792478561,0.3524904578924179,0.3779809907078743,0.39952345937490463,0.42014279812574384,0.4417152270674706,0.4593098908662796,0.47829514890909197,0.5054195061326027,0.5296552777290344,0.5420294642448426,0.5587898135185242,0.5790773451328277,0.6012934923171998,0.6169010549783707,0.6343634605407715,0.6454852640628814,0.6686569601297379,0.6812393546104432,0.6941310226917267,0.7114326030015945,0.7279644280672073,0.7403565317392349,0.7528514713048935,0.7625408798456192,0.7807952225208282,0.786931625008583,0.798309999704361,0.812418395280838,0.8294623911380767,0.8407380789518356,0.8498382776975631,0.8591136157512664,0.867862805724144,0.8835575312376023,0.8922972261905671,0.8961543411016464,0.9053610742092133,0.9200438976287841,0.925823312997818,0.9325836002826691,0.9385032385587693,0.9543640941381455,0.9567057132720947,0.9622026562690735,0.9736514955759048,0.9790065377950669,0.9839260250329971,0.9905941545963287,1.0023450255393982,1.009948554635048,1.0176960289478303,1.0136439859867097,1.0184256255626678,1.0251945197582244,1.0306438982486725,1.0348958849906922,1.039219230413437,1.043905371427536,1.0486747980117799,1.054039204120636,1.0572343468666077,1.0611107707023621,1.0645010411739348,1.075623917579651,1.0721468925476074,1.0781443655490874,1.0804724216461181,1.0832698464393615,1.0871865272521972,1.0910414278507232,1.0934159994125365,1.0982082962989808,1.100934886932373,1.1020222306251526,1.1049106061458587,1.1068272709846496,1.1125249207019805,1.1151977598667144,1.1143993020057679,1.1172002494335174,1.1200896978378296,1.1219170689582825,1.123342126607895,1.125569862127304,1.1276372253894806,1.129355150461197,1.131745660305023,1.1334904432296753,1.1351444840431213,1.1391371250152589,1.1379359304904937,1.139322292804718,1.1414961695671082,1.146785020828247,1.144405621290207,1.1469795942306518,1.149796485900879,1.1514094769954681,1.1508033990859985,1.1527960002422333,1.1547859370708466,1.1551814019680022,1.1573027133941651,1.1604707539081573,1.1584620535373689,1.1598406255245208,1.1603513300418853,1.16244335770607,1.1609230637550354,1.1641667485237122,1.1628352284431458,1.1636111855506897,1.165343689918518,1.1658687233924865,1.1698924541473388,1.1680447518825532,1.1673214614391327,1.1700841248035432,1.172099483013153,1.1712145388126374,1.1707622289657593,1.1732076942920684,1.1748587310314178,1.175010895729065,1.179833608865738,1.1752127707004547,1.1762430965900421,1.1756950855255126,1.1774770081043244,1.182223951816559
t_141,1.0212112843990326,1.0122461915016174,1.0141851127147674,1.0066812872886657,1.000101512670517,0.9952978104352951,0.9817194998264313,0.9697968363761902,0.9560287058353424,0.9504354417324066,0.938588148355484,0.9258131057024002,0.9232035577297211,0.9078394651412964,0.9011032491922378,0.8837789028882981,0.8699694186449051,0.8521876841783523,0.8449460119009018,0.8282523185014725,0.8109602808952332,0.8032900035381317,0.7876759350299836,0.769179356098175,0.7542823791503906,0.7435758948326111,0.7309857368469238,0.7084839075803757,0.6935743063688278,0.6793600589036941,0.6561802357435227,0.6431702762842179,0.6249259084463119,0.6040443450212478,0.5809792578220367,0.5594147175550461,0.5473413974046707,0.5234752804040909,0.5087395995855332,0.4873365446925163,0.47115185856819153,0.44411473274230956,0.41945588439702985,0.4089989885687828,0.3801847666501999,0.3599420949816704,0.33280120640993116,0.3120390549302101,0.2811425432562828,0.2655220225453377,0.23435474187135696,0.20449539944529532,0.1795940265059471,0.15481167063117027,0.13107902631163598,0.10245459862053394,0.08568914122879505,0.0652613153681159,0.0,0.06911052577197552,0.08669108524918556,0.10998305417597294,0.131864245980978,0.15471140444278716,0.1890325665473938,0.20961146727204322,0.2362898677587509,0.26318566501140594,0.28451923429965975,0.3053729236125946,0.32863809168338776,0.35464065372943876,0.3764548316597939,0.3969896867871284,0.4191192761063576,0.43727484792470933,0.45665437877178194,0.4839472100138664,0.5088747844099999,0.5213812589645386,0.5383854597806931,0.5589022219181061,0.5816922187805176,0.5978737294673919,0.615553104877472,0.6272234290838241,0.650378942489624,0.6634846597909927,0.6767765581607819,0.694519829750061,0.7112073779106141,0.7241149395704269,0.7371811300516129,0.7469875454902649,0.7656176030635834,0.7723772972822189,0.7838866114616394,0.7983485400676728,0.8155243456363678,0.8270839810371399,0.8363383054733277,0.8461269259452819,0.8551806300878525,0.8710278868675232,0.879964166879654,0.8841860234737396,0.8935730427503585,0.9085547119379044,0.9143791407346725,0.9213718473911285,0.9274974346160889,0.9434977471828461,0.946068263053894,0.9517659455537796,0.9633205980062485,0.9689457565546036,0.9739992648363114,0.9809244364500046,0.9927180886268616,1.0004983782768249,1.008574202656746,1.0044898867607117,1.0094181984663009,1.0163799434900285,1.0219090700149536,1.0263324499130249,1.0307276129722596,1.0355102479457856,1.0403611779212951,1.0457741916179657,1.0491884112358094,1.0531046688556671,1.0566222429275514,1.067773813009262,1.0644559025764466,1.070563906431198,1.0729348719120027,1.0758186757564545,1.0798017621040343,1.0837335228919982,1.0861618101596833,1.0910628974437713,1.0938527286052704,1.094979500770569,1.097942841053009,1.0999269008636474,1.1056407928466796,1.1083999752998352,1.1076624155044557,1.110468477010727,1.1134331822395325,1.115284764766693,1.1168756425380706,1.1190869450569152,1.1211532354354858,1.1229741513729095,1.1254085540771483,1.1271669149398804,1.1289413273334503,1.1329414606094361,1.1317741096019744,1.133187621831894,1.1353735148906707,1.1407731235027314,1.1384271442890168,1.1409395456314086,1.1438657462596893,1.1455041110515594,1.1449211180210113,1.146946281194687,1.1489141702651977,1.1494178116321563,1.1515171468257903,1.1547561705112457,1.1527584195137024,1.1541477382183074,1.1547449469566344,1.1568027973175048,1.1553466081619264,1.1586773812770843,1.1572610318660737,1.158094596862793,1.1598442554473878,1.1603719651699067,1.164557731151581,1.162628960609436,1.1619324386119843,1.1646933376789093,1.1667731881141663,1.165898621082306,1.1654478192329407,1.1679653525352478,1.1695934891700746,1.1698037266731263,1.1746507167816163,1.1700781166553498,1.1711756050586701,1.1706295490264893,1.1724470496177672,1.1773650288581847
t_140,1.0273603558540345,1.0185323536396027,1.0205945312976836,1.0132248133420945,1.0068667620420455,1.002263829112053,0.988981157541275,0.9773956507444381,0.9639455437660217,0.9585567235946655,0.946960860490799,0.9345799177885056,0.9320707887411117,0.9171653360128402,0.9108312785625458,0.8939899712800979,0.8807278096675872,0.863293445110321,0.856291976571083,0.8401517421007156,0.8236526697874069,0.8160965204238891,0.8010109066963196,0.7832268983125686,0.7688064217567444,0.7585237741470336,0.746583440899849,0.7246943086385726,0.7103616178035737,0.6967326670885086,0.6743427813053131,0.6615675836801529,0.6446147054433823,0.6236859768629074,0.6014861345291138,0.5806557387113571,0.5689652800559998,0.5456486910581588,0.5315391153097153,0.5109332874417305,0.4950346708297729,0.46851706355810163,0.444601833820343,0.4342356964945793,0.4061735525727272,0.38644812554121016,0.3595265582203865,0.33897358924150467,0.3084746733307838,0.29322714656591414,0.2617397353053093,0.23132815733551979,0.2069760151207447,0.1828568734228611,0.15796540230512618,0.1271082155406475,0.10429603531956673,0.08312032297253609,0.06911052577197552,0.0,0.06824110597372054,0.08368914164602756,0.1052508819848299,0.12800911255180836,0.1598804108798504,0.18147784247994422,0.20848711505532264,0.23439778834581376,0.25657719895243647,0.27750198543071747,0.3010074898600578,0.3273046314716339,0.3506610617041588,0.3707018196582794,0.39318767786026,0.41255259364843366,0.4323307365179062,0.4587990969419479,0.48426938951015475,0.498174723982811,0.5154669642448425,0.5370400816202163,0.5594680964946747,0.5767323821783066,0.5943284511566163,0.6064442783594132,0.6303211033344269,0.6434473335742951,0.6577625125646591,0.6753811061382293,0.6928078591823578,0.7056323617696763,0.7192320555448533,0.7305324256420136,0.7485907137393951,0.7560344994068146,0.7680377781391143,0.7827368080615997,0.7999571144580842,0.8118905633687973,0.8218513667583466,0.8318686336278915,0.8413185238838196,0.8573330044746399,0.8664011657238007,0.8712945997714996,0.8807735621929169,0.8956516027450562,0.9018050700426101,0.9094846487045288,0.9160773158073425,0.9316101670265198,0.934969088435173,0.9407012462615967,0.9522748202085495,0.9583122998476028,0.9635785192251205,0.9707478374242783,0.9821732997894287,0.9901992738246918,0.9983616709709168,0.994860178232193,1.0001855105161668,1.0071882635354996,1.0127167224884033,1.0173868775367736,1.0221212387084961,1.0270143508911134,1.0319027483463288,1.0371693789958953,1.040797233581543,1.044913250207901,1.0485145926475525,1.0592744767665863,1.056549608707428,1.0627581655979157,1.0651698887348175,1.0681588411331178,1.0723610937595367,1.0761908173561097,1.0787970125675201,1.0836336374282838,1.0865814507007598,1.0877438247203828,1.0908745527267456,1.0928505957126617,1.0984562993049622,1.1012445986270905,1.1007924258708954,1.103737199306488,1.106658113002777,1.1086182594299316,1.110235971212387,1.1125265657901764,1.114725685119629,1.1165046572685242,1.1189264476299285,1.1207910418510436,1.12258842587471,1.1264600992202758,1.125526922941208,1.1269794166088105,1.1292173147201539,1.1344870328903198,1.1323364794254303,1.1348049879074096,1.1378278851509094,1.1393941521644593,1.138945710659027,1.1409104108810424,1.1429013192653656,1.1435139000415802,1.1455846726894379,1.1488546848297119,1.1468756914138794,1.1483121752738952,1.1490655660629272,1.150926548242569,1.1497182846069336,1.1530373990535736,1.1517210066318513,1.1525568187236785,1.1542788922786713,1.1549418807029723,1.159083789587021,1.1572201073169708,1.1565603375434876,1.1593006193637847,1.1613749086856842,1.1606368899345398,1.1602388441562652,1.1626771092414856,1.1643038153648377,1.1646039187908173,1.1692302227020264,1.16491339802742,1.1660676777362824,1.1656879782676697,1.1675512194633484,1.172347629070282
t_139,1.0387067556381226,1.0301769971847534,1.0322096645832062,1.0250445246696471,1.0188199996948242,1.0143524050712585,1.0013976395130157,0.9901131063699722,0.9770034432411194,0.9717796295881271,0.9604718238115311,0.9484351575374603,0.9460352063179016,0.9315508365631103,0.925438642501831,0.9090010315179825,0.8961006164550781,0.8792199701070785,0.8723869472742081,0.8567268759012222,0.8406351655721664,0.8333605736494064,0.8187230348587036,0.8013656258583068,0.7874040961265564,0.7774606853723526,0.7657643556594849,0.74456407725811,0.7305858701467514,0.7174317061901092,0.6956625252962112,0.6832595318555832,0.6665944665670395,0.6463271170854569,0.6246820211410522,0.6044132381677627,0.5929908007383347,0.5703638732433319,0.5564778268337249,0.5362150073051453,0.5207675695419312,0.49490462243556976,0.47140767574310305,0.4613316893577576,0.4333796322345734,0.41428563594818113,0.3880205795168877,0.36779326647520066,0.3377786085009575,0.32223508059978484,0.29174165427684784,0.26196298748254776,0.23702632635831833,0.21280153542757035,0.18713930621743202,0.15586575567722322,0.13394539654254914,0.10729854218661786,0.08669108524918556,0.06824110597372054,0.0,0.06269789319485426,0.07820726670324803,0.10071653313934803,0.13026805296540261,0.15081933736801148,0.17810861393809319,0.20444981679320334,0.22678273394703866,0.24776187315583229,0.27217245995998385,0.29847371727228167,0.3215524896979332,0.3427113935351372,0.36554808765649793,0.3854562252759933,0.40573847740888597,0.43322613537311555,0.45885106474161147,0.4729894310235977,0.490785638988018,0.5125562071800231,0.535921061038971,0.5533789873123169,0.5716706812381744,0.5842811673879623,0.60859534740448,0.6223662793636322,0.6369473814964295,0.6552601873874664,0.6729286521673202,0.6863956838846207,0.7003333389759063,0.7118514955043793,0.7305733919143677,0.7383092194795609,0.7507389485836029,0.7657693415880203,0.7835024148225784,0.7958591133356094,0.8059417992830277,0.8164448142051697,0.8261588037014007,0.8424222111701966,0.8517880439758301,0.8570025950670243,0.8668054878711701,0.8820373237133026,0.8884221345186234,0.8962795317173005,0.9030445367097855,0.9189916461706161,0.9223867028951644,0.928460818529129,0.9402125924825668,0.9464655846357346,0.9519167423248291,0.959314587712288,0.9710183560848236,0.9791991353034973,0.9875591278076172,0.9841157227754593,0.9895349681377411,0.996743506193161,1.0024546176195144,1.007233703136444,1.0120119631290436,1.0170503556728363,1.022077476978302,1.0275340139865876,1.0313151359558106,1.0354764461517334,1.0392269670963288,1.0501711308956145,1.047472321987152,1.0537265539169312,1.056278020143509,1.0593652427196503,1.0636102497577666,1.0676043331623077,1.0702261090278626,1.0751974821090697,1.0781881988048554,1.0794456720352172,1.0826196432113648,1.0847024738788604,1.0903817117214203,1.0932865560054779,1.0928309857845306,1.0957832157611846,1.0988237142562867,1.1007986664772034,1.1025579631328584,1.1048567354679109,1.1070489645004273,1.1089551746845245,1.1114385366439818,1.1133371770381928,1.1152257561683654,1.1191645741462708,1.1182313144207001,1.119730496406555,1.1219847798347473,1.1273646652698517,1.125234454870224,1.12770317196846,1.1307713270187378,1.1324410140514374,1.1319864749908448,1.1340417385101318,1.1360364854335785,1.1367091298103333,1.1388000547885895,1.142116641998291,1.140192461013794,1.1416531026363372,1.1424223721027373,1.144364446401596,1.1431526005268098,1.14652938246727,1.145188045501709,1.1461147367954254,1.1478662967681885,1.1485033929347992,1.1527537941932677,1.1508719205856324,1.1502732813358307,1.1530340015888214,1.155165159702301,1.1544303953647614,1.1540534734725951,1.1565988302230834,1.158243089914322,1.1585687339305877,1.163309919834137,1.1589995205402375,1.1601923406124115,1.1598120212554932,1.161726987361908,1.166719561815262
t_138,1.0455817699432373,1.0371793329715728,1.0392869710922241,1.0322578012943269,1.0262215852737426,1.0218863189220428,1.0092180252075196,0.9982458591461182,0.9854245036840439,0.9803686738014221,0.9693029999732972,0.9576196551322937,0.9552931129932404,0.9411750257015228,0.9353878140449524,0.9193998008966446,0.9069251656532288,0.8903869599103927,0.8837527483701706,0.8685497969388962,0.853109946846962,0.8459529548883438,0.8317709296941758,0.8149764537811279,0.801412969827652,0.7918164968490601,0.7805869668722153,0.7599535912275315,0.746379941701889,0.7337147980928421,0.7125480443239212,0.7003641337156296,0.6845302313566208,0.6643681645393371,0.6433706372976303,0.6237367212772369,0.6124498903751373,0.5904514521360398,0.577022859454155,0.5572984397411347,0.5420995861291885,0.5166930824518203,0.4936732679605484,0.48375364392995834,0.45658359229564666,0.4376582071185112,0.41171723902225493,0.39184516817331316,0.3620959401130676,0.3470947742462158,0.3163730055093765,0.2864917814731598,0.26218470856547355,0.23823142573237419,0.21278036534786224,0.18094562292098998,0.1579519473016262,0.13230858519673347,0.10998305417597294,0.08368914164602756,0.06269789319485426,0.0,0.063521346449852,0.08471854664385318,0.10709711760282517,0.1273560632020235,0.1535397745668888,0.17894867658615113,0.20191406160593034,0.2226174771785736,0.24699263721704484,0.27422805279493334,0.29800661355257035,0.318797741830349,0.34194902926683424,0.3631171241402626,0.3836000174283981,0.4100917249917984,0.4362963080406189,0.4518065243959427,0.46978953033685683,0.49224602729082106,0.5155853003263473,0.5338622570037842,0.5520702630281449,0.5652037560939789,0.5899159729480743,0.6038667291402817,0.6193707466125489,0.6376569956541062,0.6557692676782608,0.6694172203540802,0.6838868647813797,0.6965996146202087,0.7148492187261581,0.7233754009008407,0.73625528216362,0.7514951467514038,0.7691222697496414,0.7819006562232971,0.7925337463617325,0.8033530294895173,0.8134179711341858,0.8297244310379028,0.8392316460609436,0.8451674491167068,0.8550400048494339,0.8702146142721177,0.8768542408943176,0.8853017091751099,0.8924434661865235,0.9079881370067596,0.9120947241783142,0.9182495981454849,0.9299753576517105,0.9366752296686173,0.9423158586025238,0.9499902993440628,0.9613577991724014,0.969718074798584,0.9782173931598663,0.9752789527177811,0.9810369968414306,0.9883403539657593,0.9940749645233155,0.9990613132715225,1.0040589660406112,1.0092051655054093,1.0142890125513078,1.0196239650249481,1.0236680805683136,1.0279434204101563,1.031812447309494,1.0423807859420777,1.0402631759643555,1.0465686738491058,1.0491656422615052,1.0523852050304412,1.056773728132248,1.0607217609882356,1.0634829938411712,1.0684162318706512,1.0715494692325591,1.0728626370429992,1.0761779725551606,1.078282743692398,1.0838284373283387,1.0867762625217439,1.0865682661533356,1.0896276950836181,1.092671763896942,1.0947264909744263,1.096534538269043,1.0989103078842164,1.10116605758667,1.1030802726745605,1.1055729806423187,1.1075437128543855,1.1094897031784057,1.1133070826530456,1.1125761687755584,1.114102977514267,1.116406399011612,1.1216772437095641,1.1197455525398254,1.1221345782279968,1.125283521413803,1.1269180595874786,1.1265908122062682,1.1286081552505494,1.1305792450904846,1.1313924074172974,1.1334249794483184,1.1367669343948363,1.1348767101764679,1.136389696598053,1.1372683346271515,1.139069139957428,1.138055408000946,1.1414422154426576,1.1401445150375367,1.141110110282898,1.1428496539592743,1.1435617208480835,1.1478171169757843,1.1459793984889983,1.1454305768013,1.148153978586197,1.1502746522426606,1.1496639549732208,1.149330919981003,1.1518315374851227,1.1534618854522705,1.1538490533828736,1.158419919013977,1.1543420195579528,1.1556081652641297,1.1553391098976136,1.1572779655456542,1.1622483849525451
t_137,1.0542761862277985,1.0460087954998016,1.0481567144393922,1.0412356317043305,1.0353979349136353,1.0311635911464692,1.01873676776886,1.0080695480108262,0.9954752326011658,0.9905134409666061,0.9796929806470871,0.9683158755302429,0.9660315841436387,0.9522324651479721,0.9466882646083832,0.9310970783233643,0.9189669489860535,0.9026901364326477,0.896214684844017,0.881332266330719,0.8663891583681107,0.8593961656093597,0.8455053240060806,0.8291290462017059,0.81590815782547,0.806559544801712,0.7955799013376236,0.7754515081644058,0.7620853543281555,0.7499389231204987,0.7291784763336182,0.7171997040510177,0.7018547475337982,0.6819093286991119,0.6614072412252426,0.6422445714473725,0.6312795519828797,0.6097178995609284,0.5966262221336365,0.5771568536758422,0.5623790293931961,0.5374036639928818,0.5146929204463959,0.5050663009285927,0.4786745339632034,0.45968004912137983,0.43396868407726286,0.41463972479104994,0.3853424444794655,0.3708744302392006,0.34018137902021406,0.3106421083211899,0.28640946447849275,0.26229758858680724,0.2375674456357956,0.2057787500321865,0.18253634721040726,0.15547670871019365,0.131864245980978,0.1052508819848299,0.07820726670324803,0.063521346449852,0.0,0.07254300974309444,0.08630116991698741,0.10337656550109386,0.12937136441469194,0.15635424852371216,0.17750780358910562,0.1996675707399845,0.22389327958226204,0.25117669105529783,0.2747058361768723,0.2951243966817856,0.3191256314516068,0.341539591550827,0.36253620535135267,0.38826841562986375,0.4149082526564598,0.43115793019533155,0.44914447218179704,0.4719218075275421,0.49563875049352646,0.5145191356539727,0.5327360063791275,0.5467256069183349,0.571304714679718,0.5856642723083496,0.6018342912197113,0.6205106556415558,0.6387051850557327,0.6528133392333985,0.6679541587829589,0.681170865893364,0.699420377612114,0.7088145285844802,0.7219411551952362,0.737480515241623,0.7549211591482162,0.7680703997612,0.7789139419794082,0.7904454618692398,0.8007839679718017,0.8169086635112762,0.826532182097435,0.8333107978105545,0.8432902783155442,0.8584329873323441,0.865234836935997,0.8741891622543335,0.8815372824668884,0.8968558251857758,0.9014075398445129,0.9078526943922043,0.919478851556778,0.9265323877334595,0.9324362218379975,0.9404171407222748,0.9514138042926789,0.9599035978317261,0.9686508059501648,0.9660862535238266,0.9720530122518539,0.9796009689569474,0.9853102058172226,0.9905098706483841,0.995541563630104,1.0008072823286056,1.0060427516698838,1.011252871155739,1.0155960738658905,1.0199141085147858,1.0239441335201263,1.0342167615890503,1.032570344209671,1.038949680328369,1.041573590040207,1.0448991656303406,1.0493716597557068,1.0533602595329286,1.0562666356563568,1.061139839887619,1.0644264578819276,1.065777850151062,1.0691739797592164,1.071328341960907,1.0767024040222168,1.0797720193862914,1.0797659814357758,1.0827961325645448,1.0859819173812866,1.088055580854416,1.0899831354618073,1.0923060536384583,1.0945888996124267,1.096656185388565,1.0990777015686035,1.10115846991539,1.1031668841838838,1.1068697094917297,1.106292623281479,1.1078670740127563,1.1102438390254974,1.115414959192276,1.1136230051517486,1.1158988773822784,1.1191801309585572,1.120814949274063,1.1205715894699098,1.122548109292984,1.1245361804962157,1.1254621207714082,1.1274304747581483,1.1307933986186982,1.1289524137973785,1.1304685354232789,1.131482446193695,1.133156657218933,1.1323470890522003,1.135749626159668,1.1343985438346862,1.135481244325638,1.1371641397476195,1.1379655420780181,1.1422397553920747,1.1403949975967407,1.139935165643692,1.1426374077796937,1.1447241365909577,1.1442423582077026,1.1438913941383362,1.1464233934879302,1.148065334558487,1.1484978199005127,1.1529239594936371,1.149047416448593,1.150371915102005,1.150183266401291,1.1521609127521515,1.1571897625923158
t_136,1.0610080063343048,1.0531169474124908,1.0550750017166137,1.0484281122684478,1.0425159752368927,1.0384112894535065,1.0262824892997742,1.015638965368271,1.0033578753471375,0.9985270261764526,0.9879476308822632,0.9766177296638489,0.9745307564735413,0.9610566318035125,0.9553991377353668,0.939950117468834,0.9279081404209137,0.9122324347496032,0.9058586865663528,0.8914103239774704,0.8761982470750809,0.8694950878620148,0.8558856844902039,0.8396820396184921,0.8266386687755585,0.8173921763896942,0.8064888894557953,0.786767515540123,0.7737811803817749,0.7614337652921677,0.7412408471107483,0.7298330754041672,0.7139187335968018,0.6955888241529464,0.6754377037286758,0.6562839299440384,0.6457538187503815,0.6244176685810089,0.6112915068864823,0.5923932373523713,0.5775867015123367,0.5535247683525085,0.5315602093935012,0.5218128353357315,0.49502197206020354,0.4771513491868973,0.45282590985298155,0.4328316554427147,0.40459352880716326,0.38803795874118807,0.3604606658220291,0.3323588892817497,0.3078393504023552,0.28428165465593336,0.25831658244132993,0.2287043087184429,0.20389678254723548,0.1786525994539261,0.15471140444278716,0.12800911255180836,0.10071653313934803,0.08471854664385318,0.07254300974309444,0.0,0.08050218410789967,0.08923988789319992,0.11317043341696262,0.13698787800967693,0.1587701864540577,0.17754453644156457,0.20255224034190178,0.22783709019422532,0.2520722016692162,0.27428118586540223,0.2978590115904808,0.3167543292045593,0.3378947049379349,0.3687184527516365,0.3956316769123077,0.4091073557734489,0.4281975418329239,0.45115243047475817,0.4764384254813194,0.49444361329078673,0.5144989162683486,0.5273714438080788,0.5538728088140488,0.5685157269239426,0.5836094290018081,0.603483036160469,0.6226146906614304,0.6369448632001877,0.6517246693372727,0.6636261373758316,0.6842518031597138,0.6919945299625396,0.7054536134004593,0.7216372191905975,0.7410875797271729,0.7544010311365128,0.7651164919137955,0.7762172102928162,0.7866743803024292,0.8045074999332428,0.8146714895963669,0.8199312567710877,0.8305559098720551,0.8471773445606232,0.8540471941232681,0.8623170226812362,0.8695545256137848,0.8870442152023316,0.8904474407434464,0.8970087110996247,0.9097962439060211,0.9163946270942688,0.9222348839044571,0.9301166474819184,0.9429630041122437,0.9517597019672394,0.9606842666864395,0.9569248169660568,0.9626989156007767,0.9703890353441238,0.9765808671712876,0.9816446989774704,0.9868805080652236,0.9922304034233094,0.9975867539644241,1.0035953164100646,1.0075610429048538,1.0120533108711243,1.0160047352313994,1.02791588306427,1.0248687744140625,1.0315222501754762,1.0343132615089417,1.0376169621944427,1.0421108186244965,1.0463801324367523,1.0491700291633606,1.0545248210430145,1.0576515853405,1.0590181052684784,1.0624120473861693,1.0646582067012786,1.0707963049411773,1.073900181055069,1.0733872711658479,1.076555746793747,1.0797460436820985,1.0818651735782623,1.083767968416214,1.0862420320510864,1.0885773956775666,1.0905904948711396,1.0932677149772645,1.0952911972999573,1.0972655713558197,1.101533591747284,1.10051748752594,1.1021260499954224,1.1044847309589385,1.110264825820923,1.1080355644226074,1.1106747031211852,1.113919848203659,1.1157387495040894,1.1152492940425873,1.117485022544861,1.119606864452362,1.1203085780143738,1.1225764274597168,1.126081520318985,1.1241359412670135,1.1256892323493957,1.1264783918857575,1.1286356389522552,1.127292627096176,1.130877387523651,1.129514956474304,1.1305307686328887,1.1324134349822998,1.1330774784088136,1.1376078069210052,1.1356645464897155,1.1350690066814422,1.1380127310752868,1.1403262495994568,1.1395670473575592,1.1392148852348327,1.1419530987739563,1.1437202274799347,1.1440975844860077,1.149198842048645,1.1447039246559143,1.1460219204425812,1.1456651926040649,1.147768247127533,1.1531358122825623
t_135,1.070324605703354,1.062446790933609,1.0646178245544433,1.0580700099468232,1.0525245070457458,1.0485551476478576,1.036760723590851,1.0266480207443238,1.0146718502044678,1.0100510001182557,0.9997891694307327,0.9890398710966111,0.986957111954689,0.9739169150590896,0.9689029693603516,0.9541313767433166,0.9427529811859131,0.9273710936307907,0.9212290555238724,0.907321834564209,0.8933635115623474,0.8867247372865676,0.8737404942512512,0.8583912193775177,0.8459637850522995,0.8372480481863022,0.8270812511444092,0.8081069558858871,0.7956053704023361,0.7842971473932266,0.7648452460765839,0.7534754753112793,0.7393571943044662,0.7203281790018081,0.7010569304227829,0.6830161213874817,0.6725820004940033,0.6522287100553512,0.6399285882711411,0.6215305387973785,0.6074522763490677,0.5836546927690506,0.5621605515480042,0.5530022799968719,0.5275766104459763,0.5096142753958702,0.48502631187438966,0.4662997707724571,0.43818149715662,0.4238628000020981,0.39459040462970735,0.36585306078195573,0.34248625487089157,0.3192477971315384,0.2940635159611702,0.2632475733757019,0.23980364575982094,0.2138938345015049,0.1890325665473938,0.1598804108798504,0.13026805296540261,0.10709711760282517,0.08630116991698741,0.08050218410789967,0.0,0.06394478343427182,0.08277998827397823,0.10243632234632968,0.12473223842680455,0.14481397122144699,0.16915349960327147,0.1954017274081707,0.2212583214044571,0.24076431393623351,0.26516822427511216,0.28885889798402786,0.31055518835783,0.33616399616003034,0.3637205883860588,0.3810786888003349,0.399889200925827,0.4239217236638069,0.44797937721014025,0.468462797999382,0.48714175522327424,0.5019739136099816,0.5275873884558677,0.5426795572042465,0.5600759863853455,0.5792596846818924,0.5986036956310272,0.6132232576608658,0.6293709874153137,0.6441246747970581,0.6626618504524231,0.6730242788791656,0.6869318336248398,0.7031594544649125,0.7212937355041504,0.7351763755083084,0.7468917489051818,0.7590649724006653,0.7701823234558105,0.7870540738105773,0.7972044467926025,0.8046802550554275,0.8151013940572739,0.8308134227991104,0.838058078289032,0.8477472871541977,0.8558362156152726,0.8713174790143967,0.8766541212797165,0.8833986759185791,0.8954222857952118,0.9030850470066071,0.909328818321228,0.9177750021219253,0.9289817899465561,0.93796808719635,0.9471502840518952,0.9449196755886078,0.9513743937015533,0.9591676890850067,0.965131226181984,0.9707268655300141,0.9762373834848403,0.9817283421754837,0.9870939165353775,0.9924591481685638,0.9971581697463989,1.0017519146203995,1.0059712201356887,1.0163187712430954,1.0150760650634765,1.0216957092285157,1.0245014548301696,1.0280125498771668,1.0327606081962586,1.0368034303188325,1.0398760199546815,1.0449783444404601,1.0484019756317138,1.0498723685741425,1.0535142183303834,1.0557617783546447,1.0612720847129822,1.0644746005535126,1.0646644532680511,1.0678686022758483,1.0710754811763763,1.0733127474784852,1.0754401803016662,1.0778845965862274,1.0802989065647126,1.082404410839081,1.0849547028541564,1.0871220648288726,1.0892952740192414,1.0930369555950166,1.0925964653491973,1.094258564710617,1.0966671645641326,1.1020044267177582,1.1003402173519135,1.102626121044159,1.106059056520462,1.107729572057724,1.1075837790966034,1.1096219360828399,1.1116218388080596,1.1127112448215484,1.114724373817444,1.118219518661499,1.1164147198200225,1.1179948210716248,1.1191909670829774,1.120786052942276,1.1201155722141265,1.1236375629901887,1.1223296999931336,1.1234550297260284,1.1251885294914246,1.1260880649089813,1.1305478274822236,1.1286719739437103,1.1282485544681549,1.1309859693050384,1.1332115054130554,1.1327838242053985,1.1325201570987702,1.1351084768772126,1.1367391705513001,1.1372921884059906,1.141743540763855,1.1380168497562408,1.1394563674926759,1.1393836319446564,1.1414661288261414,1.1466395735740662
t_134,1.0772656619548797,1.0696075022220612,1.0717449903488159,1.0653185725212098,1.0598643660545348,1.0559961199760437,1.0444089412689208,1.0344945192337036,1.0227414548397065,1.0182111799716949,1.0081348270177841,0.9975998848676682,0.9955802440643311,0.9828334122896194,0.9778961420059205,0.9633869498968124,0.9522207587957382,0.9371713906526565,0.9311544746160507,0.9175238519906997,0.9037576228380203,0.8973335564136505,0.8845659404993057,0.8694679975509644,0.8572992026805878,0.8487675696611404,0.8387030690908432,0.8201520889997482,0.8078427761793137,0.7967967033386231,0.7777022033929825,0.7666473299264908,0.7525498479604721,0.7341231197118759,0.715232428908348,0.6975031614303588,0.687368243932724,0.6673689365386963,0.6552317112684249,0.6371280550956726,0.6232874482870102,0.6000706076622009,0.5789185494184494,0.5698800921440125,0.5448187947273254,0.5272082597017288,0.5032181948423385,0.484716434776783,0.45710418075323106,0.44263934791088105,0.4142429783940315,0.38615780770778657,0.3626248002052307,0.3395377293229103,0.3149238437414169,0.2844448536634445,0.2607815906405449,0.2344680592417717,0.20961146727204322,0.18147784247994422,0.15081933736801148,0.1273560632020235,0.10337656550109386,0.08923988789319992,0.06394478343427182,0.0,0.062355493754148485,0.08237848319113254,0.10175596885383129,0.12155331261456012,0.1459591843187809,0.171940191835165,0.19618241414427756,0.21697270795702933,0.24168546199798585,0.2655381388962269,0.2874417811632156,0.31426241993904114,0.34187726825475695,0.35905432254076003,0.3781417295336723,0.40223569571971896,0.42735433429479597,0.4475781977176666,0.4670035630464554,0.48220463693141935,0.5083369567990303,0.5238544791936874,0.5413557648658752,0.5613485187292099,0.5808322131633759,0.5960505783557892,0.6124325126409531,0.6271060615777969,0.6464444696903229,0.6568836450576783,0.6712144941091538,0.687816607952118,0.7064511507749558,0.7207322180271148,0.7324843823909759,0.7451218664646149,0.7564236998558045,0.7735558599233627,0.7839895457029342,0.7917415291070938,0.8024797677993775,0.8185662299394607,0.826027798652649,0.835887786746025,0.8440036624670029,0.8600681036710739,0.8652852594852447,0.8723799616098404,0.8846605241298675,0.8924404084682465,0.8989054560661316,0.9075518637895584,0.9190635263919831,0.9281658470630646,0.9375143408775329,0.935280728340149,0.9417878955602645,0.949839499592781,0.9559458285570145,0.9616262793540955,0.967123806476593,0.9727528631687165,0.9783290833234787,0.9838391155004501,0.9886504083871841,0.9932880371809005,0.9976404964923858,1.0082523614168166,1.0069289326667785,1.0136302888393403,1.0165274530649184,1.0201220571994782,1.0248971581459045,1.0291368067264557,1.032260525226593,1.0374295592308045,1.0409319460392,1.0424668848514558,1.0461279273033142,1.0484804809093475,1.0540517687797546,1.0573770165443421,1.0575427889823914,1.0607597768306731,1.0641221225261688,1.0663660943508149,1.0685547113418579,1.0710071504116059,1.0734349250793458,1.075675106048584,1.0782369017601012,1.0804864764213562,1.0826773166656494,1.0864940643310548,1.0860523998737335,1.087758046388626,1.090232640504837,1.0956295132637024,1.0939636409282685,1.0962674379348756,1.099756556749344,1.1015011548995972,1.1013514816761016,1.1034509003162385,1.1055064916610717,1.10661461353302,1.1086476624011994,1.112167727947235,1.1103918433189393,1.1120054304599762,1.1131840527057648,1.114887011051178,1.1141976296901703,1.1177637815475463,1.1164181709289551,1.1176415383815765,1.1194068670272828,1.1202943086624146,1.1248063266277313,1.1229329764842988,1.122571587562561,1.1253511369228364,1.1275655448436737,1.1271811783313752,1.1268953680992126,1.1295664608478546,1.1312815487384795,1.1318199276924132,1.136378562450409,1.132615512609482,1.1340960919857026,1.1340170204639435,1.1361512660980224,1.141484832763672
t_133,1.084995436668396,1.0774737775325776,1.0796453535556794,1.073346334695816,1.0680571973323822,1.0642809629440309,1.0529594242572784,1.0433165669441222,1.031827026605606,1.0274185240268707,1.0175812304019929,1.007348781824112,1.005395320057869,0.9929625570774079,0.988262927532196,0.974159774184227,0.9633262425661087,0.9486154675483703,0.9427601903676986,0.9295017212629318,0.9162352412939072,0.9099738299846649,0.8975811332464219,0.8829259485006332,0.8711253732442856,0.8628790348768234,0.8531198561191559,0.835119315981865,0.8231081455945969,0.8125160515308381,0.793956258893013,0.7831273823976517,0.769548749923706,0.7514384418725968,0.7330623239278793,0.7158750057220459,0.7059222161769867,0.6865041583776474,0.6747528791427613,0.6570024371147156,0.6435647666454315,0.6208399921655655,0.6001106947660446,0.5913570612668991,0.5670293271541595,0.549606055021286,0.5260153457522392,0.5080264180898666,0.48087248802185056,0.46693750470876694,0.43878957629203796,0.41103997081518173,0.38808719962835314,0.36519622057676315,0.341196508705616,0.3107941046357155,0.28758587688207626,0.2613693684339523,0.2362898677587509,0.20848711505532264,0.17810861393809319,0.1535397745668888,0.12937136441469194,0.11317043341696262,0.08277998827397823,0.062355493754148485,0.0,0.0664006568491459,0.08104415200650691,0.09865008369088173,0.12137096002697945,0.14728910401463507,0.17077603787183762,0.19116166010499,0.21642422378063203,0.24174779802560806,0.2635531187057495,0.28922145813703537,0.3172213092446327,0.3355183869600296,0.3545877143740654,0.3788993448019028,0.40437053292989733,0.4252942934632301,0.4446843206882477,0.4608049333095551,0.48678181767463685,0.5028535157442093,0.5211042106151581,0.5413639903068542,0.5609693974256516,0.5768673866987228,0.5938172221183777,0.6092301130294799,0.62845558822155,0.6398930281400681,0.6546396225690841,0.6715406060218811,0.6900162309408188,0.7047685623168946,0.7168465971946716,0.7301620155572891,0.7418059527873992,0.7588777035474777,0.7695204585790634,0.7781131356954575,0.7889806091785431,0.8051417618989944,0.8128293097019196,0.8231778115034103,0.8315992802381516,0.8474646896123886,0.8532293736934662,0.8606126934289933,0.8728727668523788,0.8810836642980575,0.8878132075071334,0.8968013048171997,0.9080511093139648,0.9172775745391846,0.9269429683685303,0.9250892162322998,0.9318494975566864,0.9401462346315383,0.9463025331497192,0.9521905511617661,0.9577659666538239,0.9635352820158005,0.969257041811943,0.9747046202421188,0.9798298925161362,0.9845213562250137,0.9890569567680358,0.9993907302618027,0.9985620141029358,1.0053080052137375,1.008258455991745,1.011997538805008,1.0168915271759034,1.0211704790592193,1.0244062781333922,1.0295621275901794,1.033227699995041,1.0348261296749115,1.0386016249656678,1.0410243213176726,1.046468448638916,1.0498759329319,1.050230324268341,1.0534775316715241,1.056977778673172,1.059246987104416,1.0615468680858613,1.0640233397483825,1.066458821296692,1.0688133716583252,1.0713826060295104,1.0737027108669281,1.075995296239853,1.0797104716300965,1.0794404089450835,1.0811777353286742,1.083701890707016,1.0890526294708252,1.0875454783439635,1.0897376775741576,1.0933394610881806,1.095095843076706,1.0950334906578063,1.0971378803253173,1.0991703927516938,1.100408709049225,1.1023825466632844,1.1059545159339905,1.1042143106460571,1.1058670938014985,1.1071465194225312,1.108754527568817,1.1082332670688628,1.1118510067462921,1.1104696929454803,1.1117907345294953,1.1135489106178285,1.114479923248291,1.1190533995628358,1.1171800196170807,1.1168851912021638,1.119631177186966,1.1218473613262177,1.1215797245502472,1.1213054478168487,1.1239908993244172,1.1257169246673584,1.1262998044490815,1.1307461977005004,1.127162790298462,1.128729808330536,1.1287181556224823,1.1308833599090575,1.1363089859485627
t_132,1.0906947731971741,1.0833708107471467,1.0855384111404418,1.0794174790382385,1.074226713180542,1.0705930948257447,1.0595529437065125,1.0501338005065919,1.0389358282089234,1.0346926391124724,1.0250848650932312,1.0151179611682892,1.013262391090393,1.0011918932199477,0.996693778038025,0.9829164057970047,0.9724151194095612,0.9581184715032578,0.9524073153734207,0.9396083414554596,0.9267116546630859,0.9205938756465912,0.9086048245429993,0.8943940907716751,0.882933896780014,0.8749502837657929,0.8655670076608658,0.848041319847107,0.8364694505929947,0.826157209277153,0.8081874877214432,0.797662889957428,0.7846342176198959,0.7669575601816178,0.7491753667593002,0.732470765709877,0.7227621644735336,0.7038839936256409,0.6924375176429749,0.6753079801797867,0.6621056199073792,0.6399751454591751,0.6198933035135269,0.6112563014030457,0.5872800797224045,0.5705416262149811,0.5475918978452683,0.5297573447227478,0.5032540306448936,0.489283362030983,0.4619504317641258,0.434746527671814,0.4121471419930458,0.3900017485022545,0.3656952828168869,0.33611896336078645,0.31280309706926346,0.2876995772123337,0.26318566501140594,0.23439778834581376,0.20444981679320334,0.17894867658615113,0.15635424852371216,0.13698787800967693,0.10243632234632968,0.08237848319113254,0.0664006568491459,0.0,0.06642945185303688,0.0753543883562088,0.09706495255231858,0.12050607576966285,0.1460388794541359,0.16555558070540427,0.18950724527239798,0.215119306743145,0.23697201535105705,0.2629089243710041,0.29114132970571516,0.30986097306013105,0.3294801667332649,0.35472951233386996,0.38007321059703825,0.4016013786196709,0.42149423658847807,0.43744547516107557,0.46462489664554596,0.48077801764011385,0.4995423659682274,0.5199733406305314,0.540524598956108,0.5563196301460266,0.5736260026693344,0.5900433003902436,0.6094164729118348,0.6209408491849899,0.6361516922712326,0.6533726423978805,0.6725819528102874,0.6877287060022355,0.7003897696733474,0.7136952131986618,0.7257488489151,0.7434931308031082,0.754458612203598,0.7630814552307129,0.7742423325777054,0.790775141119957,0.7987525463104248,0.8094496041536331,0.8182933866977692,0.8344214290380478,0.8405072182416916,0.847920760512352,0.8605670422315598,0.8690240949392318,0.8758670270442963,0.8849912703037262,0.896621635556221,0.9061830580234528,0.9159326642751694,0.9141642808914184,0.9211919456720352,0.929510560631752,0.9358672678470612,0.9419072479009628,0.947881942987442,0.9537429451942444,0.959482055902481,0.965114313364029,0.9702915191650391,0.9751981258392334,0.979767182469368,0.9903506189584732,0.9895357042551041,0.9964292883872986,0.9995115906000137,1.0033246785402299,1.008367159962654,1.0126667410135268,1.0159757077693938,1.0213063895702361,1.024980366230011,1.0266435384750365,1.0305577397346497,1.033008086681366,1.0386448740959167,1.0420921087265014,1.0424941897392273,1.0459040343761443,1.0493026614189147,1.0516946017742157,1.0540493071079253,1.056648075580597,1.0591906607151031,1.0614798188209533,1.0641717553138732,1.0665143013000489,1.0688588619232178,1.0726809322834014,1.0724279761314393,1.0742091715335846,1.076745581626892,1.0822256207466125,1.080738353729248,1.0830247163772584,1.086667424440384,1.0884378969669342,1.0884106576442718,1.0905700623989105,1.092620700597763,1.0939221143722535,1.0959737300872803,1.0995988249778748,1.097874891757965,1.0995642006397248,1.1008989214897156,1.1025386989116668,1.1020140826702118,1.1056745946407318,1.1043801128864288,1.105666834115982,1.1074799060821534,1.1084463834762572,1.1131091117858887,1.1112417876720428,1.110934352874756,1.1137414753437043,1.1160554945468903,1.1157675206661224,1.1155646800994874,1.1182656347751618,1.1199944198131562,1.120643573999405,1.125173181295395,1.1215891540050507,1.1231923222541809,1.123250538110733,1.1254794120788574,1.1309544146060944
t_131,1.0971895098686217,1.0900055110454558,1.0921793460845948,1.086142247915268,1.0810989677906035,1.0775415480136872,1.0667129635810852,1.0575170755386352,1.0465128421783447,1.0423544585704803,1.032929742336273,1.0232021391391755,1.0213817954063416,1.0095668405294418,1.0052167177200317,0.9917524784803391,0.9815132558345795,0.9674540072679519,0.961890721321106,0.949327266216278,0.9367865025997162,0.9308133274316788,0.9190523236989975,0.9051510483026505,0.8939376443624496,0.886151272058487,0.8769542932510376,0.8598225027322769,0.8484269142150879,0.8384742021560669,0.8208277255296708,0.8105206787586212,0.7977762728929519,0.7803738862276077,0.7629846304655075,0.7466597616672516,0.7371919691562653,0.7186809957027436,0.7074900984764099,0.6906270980834961,0.6777267843484879,0.6560508519411087,0.6362561672925949,0.6278341978788375,0.6044300556182861,0.5878319919109345,0.5652524381875992,0.5478185892105103,0.5217440143227577,0.5081396892666816,0.4811137467622757,0.4543161511421204,0.4319289565086365,0.409952338039875,0.3864216297864914,0.35707745850086214,0.3339816480875015,0.30867013335227966,0.28451923429965975,0.25657719895243647,0.22678273394703866,0.20191406160593034,0.17750780358910562,0.1587701864540577,0.12473223842680455,0.10175596885383129,0.08104415200650691,0.06642945185303688,0.0,0.06794262230396271,0.08160001523792744,0.10433178320527077,0.12495174258947372,0.14442523792386056,0.1692628763616085,0.19561082422733306,0.21765027865767478,0.24262397214770318,0.27098591476678846,0.29023966044187544,0.30977879613637926,0.33507356345653533,0.3609216079115868,0.38257639706134794,0.40249849408864974,0.41923741102218626,0.4464519515633583,0.4628713548183441,0.48222198486328127,0.5031157806515694,0.5236579641699791,0.5399639904499054,0.5577769100666046,0.5745885133743286,0.5940836638212204,0.6062907636165619,0.6218420922756195,0.6393567591905593,0.6584581226110459,0.674006524682045,0.6868560999631882,0.7008269697427749,0.7130792140960693,0.7307175099849701,0.7418074011802673,0.7512431383132935,0.7625454366207123,0.7790912210941314,0.7872761100530624,0.7984408855438232,0.8074110120534896,0.8235058546066284,0.8298963457345963,0.8376570224761963,0.85028136074543,0.8590334892272949,0.8661490201950073,0.8755811512470245,0.8869654566049576,0.8966213375329971,0.9065605133771897,0.9051627010107041,0.9123694509267807,0.9209376990795135,0.927307304739952,0.9335396647453308,0.9394984871149064,0.9454954862594604,0.9514243602752686,0.9569791197776795,0.9624284416437149,0.9673570454120636,0.9721077799797058,0.982485568523407,0.9820504426956177,0.9890002250671387,0.9921355247497559,0.9960659801959991,1.0011700242757797,1.0055529862642287,1.0089949697256089,1.0142799079418183,1.0180914014577866,1.019814556837082,1.0237915694713593,1.0263070464134216,1.0318092465400697,1.0353869140148162,1.035942405462265,1.039329433441162,1.0428905606269836,1.0453017711639405,1.0477361679077148,1.05030415058136,1.0528758943080903,1.055315625667572,1.0579446852207184,1.0603915572166442,1.062783658504486,1.0665277540683746,1.0663971602916718,1.0682321071624756,1.0708437502384185,1.07623433470726,1.0748585641384125,1.0770781695842744,1.080825638771057,1.0826116800308228,1.082651174068451,1.0848019480705262,1.0868837416172028,1.088267344236374,1.0902684330940247,1.0939079403877259,1.0922308087348938,1.0939328014850616,1.0953637301921844,1.0969535887241364,1.0965743899345397,1.1002419650554658,1.0989173591136931,1.1003206431865693,1.1021085858345032,1.1031424701213837,1.1077842473983766,1.1059435188770295,1.1057276606559754,1.1085305094718934,1.1107944011688233,1.1106299579143524,1.1104113340377808,1.113161313533783,1.1149316489696504,1.1156041383743287,1.1200505495071411,1.1166232526302338,1.1182745456695558,1.118407016992569,1.1206848800182343,1.1262107491493225
t_130,1.102310484647751,1.095350295305252,1.097463643550873,1.0915953814983368,1.0865619897842407,1.083111035823822,1.0725062668323517,1.0634446322917939,1.0527020812034606,1.048670333623886,1.0394210994243622,1.0298570811748504,1.0281333029270172,1.0165934443473816,1.0123292207717896,0.9990723431110382,0.9890189528465271,0.97537821829319,0.9699020206928253,0.9577019602060318,0.9452956557273865,0.9394776880741119,0.9280253559350967,0.9143985688686371,0.9034359097480774,0.8958177864551544,0.8868135392665863,0.870066499710083,0.858992663025856,0.8491351157426834,0.8319655269384384,0.8219150632619858,0.8093471348285675,0.7925203979015351,0.7755163699388504,0.7594677656888962,0.7501615345478058,0.7320764392614365,0.7210527718067169,0.704603835940361,0.6918630063533783,0.6707172095775604,0.6514120787382126,0.643003311753273,0.6197288244962692,0.6038314402103424,0.5818638324737548,0.5644838392734528,0.5389406502246856,0.5250560849905014,0.49904842376708985,0.4728076383471489,0.4506880477070808,0.4292134866118431,0.4055003717541695,0.37682642340660094,0.35385580360889435,0.3292951792478561,0.3053729236125946,0.27750198543071747,0.24776187315583229,0.2226174771785736,0.1996675707399845,0.17754453644156457,0.14481397122144699,0.12155331261456012,0.09865008369088173,0.0753543883562088,0.06794262230396271,0.0,0.06620516832917929,0.08113355375826359,0.10443137027323246,0.12353059090673923,0.14602505788207054,0.17215703949332237,0.19359395951032637,0.220334043353796,0.2484607368707657,0.2674228988587856,0.2874763160943985,0.3130571603775024,0.33957639038562776,0.361162331700325,0.38200352489948275,0.3982347548007965,0.4266955807805061,0.44344462603330614,0.4627339616417885,0.4840076506137848,0.5053252145648003,0.5217376962304116,0.5394799530506134,0.5567121237516404,0.5769479036331177,0.5887081891298294,0.6047771751880646,0.6225731492042541,0.6427425146102905,0.6586997181177139,0.6718231022357941,0.6856782346963882,0.698220381140709,0.7166835457086563,0.728151512145996,0.7372349172830581,0.7489173352718353,0.7661284774541854,0.7745568722486496,0.7856920480728149,0.7949060797691345,0.8117798060178757,0.8180763840675354,0.8258914142847061,0.8390433818101883,0.847886148095131,0.8550616770982742,0.86455939412117,0.8767525374889373,0.8866605550050736,0.896708932518959,0.8950723826885223,0.9023775398731232,0.9109914392232895,0.9176884979009629,0.9239460706710816,0.9301761418581009,0.9362860918045044,0.9422658145427704,0.948194608092308,0.9536035478115081,0.9586936593055725,0.9634718924760819,0.9744474351406097,0.9736678540706635,0.9807368069887161,0.9840294033288955,0.9880252480506897,0.9932317763566971,0.9977451920509338,1.001160776615143,1.0067106932401657,1.0104793161153793,1.0122989505529403,1.016357383131981,1.0189391314983367,1.0247665375471116,1.0283705234527587,1.0288123607635498,1.0323525249958039,1.035865318775177,1.038358610868454,1.0408524572849274,1.0435649394989013,1.046184277534485,1.048571413755417,1.0513836205005647,1.0538229942321777,1.0562654197216035,1.0602190017700195,1.0599939405918122,1.0618591070175172,1.064454162120819,1.070105290412903,1.0686538159847259,1.071008950471878,1.0747376739978791,1.0766213297843934,1.076630461215973,1.0789075136184691,1.0810162842273712,1.0823863446712494,1.0845049023628235,1.0882310628890992,1.0865427315235139,1.0883043825626373,1.0896674633026122,1.0914321541786194,1.0908868193626404,1.0946566700935363,1.0933806359767915,1.0947533130645752,1.0966491758823396,1.097619754076004,1.1024381279945374,1.1005596756935119,1.1003029644489288,1.103181540966034,1.1055924355983735,1.1053198754787446,1.1051765263080597,1.1079909443855285,1.109778356552124,1.1104782402515412,1.11518292427063,1.111589217185974,1.1132770419120788,1.1133684396743775,1.1157058596611023,1.1214191377162934
t_129,1.1074289321899413,1.1005394518375398,1.1026923775672912,1.096922367811203,1.092059028148651,1.088676929473877,1.078312611579895,1.0694870233535767,1.058939516544342,1.0549989581108092,1.0459720134735107,1.0366575121879578,1.034973031282425,1.0237040102481842,1.0196506083011627,1.0067552715539931,0.9969944715499878,0.983597818017006,0.9782635569572449,0.9663677126169204,0.9544291764497757,0.9487247377634048,0.93757743537426,0.924355760216713,0.9136873215436936,0.9062963873147964,0.8975973665714264,0.8812982499599457,0.8704824090003968,0.8610310167074203,0.8443006783723831,0.8344393640756607,0.8223741114139557,0.8057956367731094,0.7892562001943588,0.7737027287483216,0.7645985126495362,0.7469926595687866,0.7363155215978623,0.7202256739139556,0.7078132122755051,0.6871302723884583,0.6682523101568222,0.6601045429706573,0.6376192182302475,0.6217322766780853,0.6001789569854736,0.5832579761743546,0.558247247338295,0.5448711663484573,0.519076144695282,0.49328665137290956,0.4716943144798279,0.45055051147937775,0.4274099662899971,0.3992632284760475,0.3767369851469994,0.3524904578924179,0.32863809168338776,0.3010074898600578,0.27217245995998385,0.24699263721704484,0.22389327958226204,0.20255224034190178,0.16915349960327147,0.1459591843187809,0.12137096002697945,0.09706495255231858,0.08160001523792744,0.06620516832917929,0.0,0.06975405067205429,0.08755117133259774,0.10247453190386295,0.12493653520941735,0.15121371522545815,0.17204937487840652,0.19686611592769623,0.22587581723928452,0.24496169090270997,0.26499362140893934,0.29098321944475175,0.3172358512878418,0.3397677272558212,0.36026816368103026,0.3772163286805153,0.4055424138903618,0.4225087374448776,0.4426485985517502,0.4640968099236488,0.48563663214445113,0.5024620980024338,0.5210107952356339,0.538836732506752,0.558963742852211,0.5718387246131897,0.588051900267601,0.6063026428222656,0.6261557579040528,0.6424803704023361,0.6560623288154602,0.6705331116914749,0.6834628313779831,0.7020020127296448,0.7136165589094162,0.7234624713659287,0.73524611890316,0.7525765269994735,0.7611298650503159,0.7728080302476883,0.7823670864105224,0.7990201115608215,0.8059105545282363,0.8139334976673126,0.8271322518587112,0.836357119679451,0.8437800467014313,0.8536054968833924,0.8655133903026581,0.8756506890058517,0.8860422372817993,0.8846629172563553,0.8922774493694305,0.9011214047670364,0.9078131139278411,0.9143507808446885,0.9207231312990188,0.9269441545009613,0.9330388844013214,0.9388373732566834,0.9445589274168015,0.9497276395559311,0.9546655654907227,0.9653895854949951,0.9650878578424453,0.9723015815019608,0.9755971282720566,0.9797172337770462,0.9850714921951294,0.9895715415477753,0.9931523680686951,0.99869225025177,1.0026309877634048,1.004467785358429,1.008645012974739,1.0112654209136962,1.0169993788003922,1.0206967145204544,1.0213436931371689,1.0249312043190002,1.0285218060016632,1.0310689568519593,1.0336802184581757,1.036379623413086,1.039065682888031,1.0415557444095611,1.0443510949611663,1.0468789994716645,1.049404501914978,1.0532659769058228,1.0532085061073304,1.0551019251346587,1.0577700555324554,1.063407200574875,1.0620628595352173,1.0643327414989472,1.0682402551174164,1.0700805187225342,1.0701699256896973,1.072434675693512,1.0745393753051757,1.0760671734809875,1.0781339406967163,1.0819264769554138,1.0802489578723908,1.0820350229740143,1.0835839331150054,1.0851909577846528,1.0848491311073303,1.0886624217033387,1.0873622059822083,1.088800883293152,1.09067645072937,1.0917579233646393,1.0966474831104278,1.094735723733902,1.0945265412330627,1.0974020600318908,1.0998268723487854,1.099659365415573,1.0995137870311738,1.1023582875728608,1.1041472136974335,1.1049110770225525,1.1094922482967378,1.1060892045497894,1.107855534553528,1.1080333471298218,1.1104101836681366,1.1161690294742583
t_128,1.114968341588974,1.108322060108185,1.110410177707672,1.1048267185688019,1.1000233352184297,1.0967639803886413,1.086644357442856,1.0779875993728638,1.067705112695694,1.0638851821422577,1.0550775408744812,1.0459425568580627,1.0443656206130982,1.0334068298339845,1.0294406354427337,1.0168031632900238,1.007267364859581,0.9942701905965805,0.9890681207180023,0.9775281101465225,0.9657577544450759,0.9602445244789124,0.9493880659341812,0.9364787250757217,0.926082992553711,0.9188748627901078,0.9103665351867676,0.8944865435361862,0.8839953958988189,0.8747026413679123,0.8584740728139877,0.848924645781517,0.8370404660701751,0.8211258888244629,0.8050091743469239,0.7897662073373795,0.7809935808181763,0.7637734532356262,0.7533118277788162,0.7376838892698288,0.7255157887935638,0.7054512828588486,0.687110286951065,0.6790816307067871,0.6568864971399307,0.6416595160961152,0.620749619603157,0.6040312796831131,0.5797144204378128,0.5661460757255554,0.5415050730109214,0.5164277106523514,0.49514498114585875,0.474459046125412,0.45135549902915956,0.42395624816417693,0.401571187376976,0.3779809907078743,0.35464065372943876,0.3273046314716339,0.29847371727228167,0.27422805279493334,0.25117669105529783,0.22783709019422532,0.1954017274081707,0.171940191835165,0.14728910401463507,0.12050607576966285,0.10433178320527077,0.08113355375826359,0.06975405067205429,0.0,0.06956059969961643,0.07829056531190873,0.0982881523668766,0.1232521053403616,0.1432304337620735,0.17014948204159736,0.1983632706105709,0.21640949547290803,0.23670077472925186,0.2630356803536415,0.2900872528553009,0.3126606449484825,0.3342634305357933,0.35091610848903654,0.38045018166303635,0.3978117987513542,0.41779179126024246,0.43999124467372897,0.4624276697635651,0.47943684458732605,0.49819906055927277,0.5161085516214371,0.5373269140720367,0.549814122915268,0.5665480405092239,0.585271355509758,0.6063638210296631,0.6230585545301437,0.6368521690368653,0.6515075415372849,0.6647766500711441,0.6841766923666001,0.6962632805109024,0.7058602213859558,0.7181222110986709,0.7361931741237641,0.7450223505496979,0.7567834705114365,0.7666066586971283,0.7841434478759766,0.7909136533737182,0.7991500347852707,0.8129363536834717,0.8222536563873291,0.8298363745212555,0.8398252129554749,0.8524845004081726,0.8629174202680587,0.8735195815563201,0.8719562649726867,0.8796797275543213,0.8887160450220108,0.8956865787506103,0.9023329883813858,0.908950898051262,0.9153337687253952,0.9215648740530014,0.9277531445026398,0.9334887236356735,0.9388347417116165,0.9438422381877899,0.9552029073238373,0.9545664578676224,0.9619463562965394,0.9654006689786911,0.9695845425128937,0.9750457763671875,0.9797227770090103,0.9833485394716263,0.9891087085008621,0.9930808305740356,0.9949807763099671,0.9992462038993836,1.0019693225622177,1.0080049693584443,1.0117928624153136,1.0123382806777954,1.0160278022289275,1.0196788758039474,1.0222888320684433,1.0249779522418976,1.0277867496013642,1.0305257797241212,1.0330401957035065,1.0359579265117644,1.038533091545105,1.0410983443260193,1.0451800763607024,1.0450298726558684,1.046979546546936,1.0496793627738952,1.0555624306201934,1.054134875535965,1.0565271019935607,1.0604649305343627,1.062416398525238,1.0624712765216828,1.0648423910140992,1.0670181572437287,1.068526816368103,1.0707055151462554,1.0745870232582093,1.072897744178772,1.07473663687706,1.0762473583221435,1.0780296921730042,1.0775479078292847,1.0814717650413512,1.0801657021045685,1.0816176295280457,1.0835970103740693,1.0846513628959655,1.0896835327148438,1.0877546131610871,1.087526124715805,1.0905117571353913,1.0930411279201508,1.0928240597248078,1.0927049815654755,1.0956437289714813,1.0974921882152557,1.0982758581638337,1.1031007289886474,1.0995374739170074,1.101340913772583,1.101507019996643,1.1039765655994416,1.109916615486145
t_127,1.1218878149986267,1.1154149651527405,1.117477935552597,1.1119744241237641,1.107275402545929,1.10408296585083,1.0941403567790986,1.085692423582077,1.075601977109909,1.0718386590480804,1.0631807923316956,1.0542799890041352,1.052720421552658,1.041993498802185,1.0380955457687377,1.025710541009903,1.0163770139217376,1.0036468833684922,0.9985570102930069,0.9872253268957139,0.9757051497697831,0.9703708827495575,0.9597003251314163,0.9470110267400742,0.9368588536977768,0.9298299282789231,0.9214257687330246,0.905925065279007,0.895583626627922,0.8865996181964875,0.870649802684784,0.8613410025835038,0.8495718449354172,0.8340040624141694,0.8182255029678345,0.8033371090888977,0.7947951942682266,0.777961653470993,0.767712938785553,0.7522877126932144,0.7404758512973786,0.7208924412727356,0.7028090804815292,0.6950055897235871,0.6732465595006942,0.6583656162023545,0.6379213333129883,0.621663898229599,0.5977638959884644,0.584562611579895,0.5604432195425033,0.5359538525342942,0.5148347198963166,0.49443330615758896,0.47216758131980896,0.4451311230659485,0.42323494255542754,0.39952345937490463,0.3764548316597939,0.3506610617041588,0.3215524896979332,0.29800661355257035,0.2747058361768723,0.2520722016692162,0.2212583214044571,0.19618241414427756,0.17077603787183762,0.1460388794541359,0.12495174258947372,0.10443137027323246,0.08755117133259774,0.06956059969961643,0.0,0.06821046508848667,0.08247633427381515,0.10645671784877778,0.12320617772638798,0.15090502202510833,0.17683868035674094,0.19462966322898864,0.21477569043636321,0.24003973603248596,0.2685477316379547,0.2898026183247566,0.3123002201318741,0.329599617421627,0.3592586532235146,0.3771547943353653,0.3972930237650871,0.42048442363739014,0.4423225551843643,0.4604995295405388,0.47932844907045363,0.4972723662853241,0.5191205114126205,0.5321464568376542,0.549440011382103,0.5683865457773208,0.5895886689424514,0.6068720579147339,0.6206539213657379,0.6361195117235183,0.6495668143033981,0.6687839806079865,0.6811538904905319,0.6916076600551605,0.7041560381650924,0.7223579347133636,0.7314963817596436,0.7436181098222733,0.7534520596265792,0.771341872215271,0.7780958592891694,0.7869651705026627,0.8007772445678711,0.8103683352470398,0.8183185696601868,0.8285898804664612,0.8412931561470032,0.8517497599124908,0.8625156819820404,0.8613149136304855,0.8691062986850738,0.8784645080566407,0.8855910956859588,0.8923346310853958,0.8988452345132828,0.9054026871919632,0.9119098037481308,0.9181522995233535,0.9241523891687393,0.9294917553663253,0.9347496211528779,0.9460595130920411,0.9456656098365783,0.9530113756656646,0.9566401600837707,0.9609632462263107,0.9664196252822876,0.97130266726017,0.9750077962875366,0.9807729184627533,0.9848419308662415,0.9868795216083527,0.9911678552627563,0.9940105736255646,0.999955689907074,1.0039100855588914,1.0045493990182877,1.0081813484430313,1.0120688855648041,1.0146624326705933,1.01747065782547,1.0202358156442641,1.022970473766327,1.025710827112198,1.0285917401313782,1.0312625408172607,1.0338987827301025,1.037982839345932,1.0378920018672944,1.0399170219898224,1.0426746726036071,1.0485137343406676,1.0471991658210755,1.049531477689743,1.0535196602344512,1.0555738925933837,1.0556706488132477,1.0580913364887237,1.0602895796298981,1.0618639707565307,1.064017617702484,1.067887020111084,1.066305011510849,1.0681597769260407,1.0696850061416625,1.0715441524982452,1.071124893426895,1.0750430464744567,1.07370867729187,1.075332099199295,1.077284222841263,1.0783398568630218,1.0833661735057831,1.0814627349376678,1.0813718616962433,1.0843473851680756,1.08681823015213,1.0867070972919464,1.0865626394748689,1.089603638648987,1.0915179789066314,1.0922865748405457,1.097121775150299,1.0936620652675628,1.0955010652542114,1.095695298910141,1.0982166826725006,1.1042839646339417
t_126,1.1264685988426208,1.119990873336792,1.12214497923851,1.1167145907878875,1.1122163951396942,1.1090739846229554,1.099359118938446,1.0911635041236878,1.0812400341033936,1.0775762021541595,1.0691393077373506,1.0604935526847838,1.0589508831501007,1.0484463691711425,1.044849044084549,1.0328452110290527,1.0238233864307404,1.0112595438957215,1.0062815248966217,0.9952387392520905,0.9842970699071885,0.9789874106645584,0.9686221837997436,0.9563668668270111,0.9464925944805145,0.9396843463182449,0.9316348820924759,0.916509610414505,0.9064219146966934,0.8978836894035339,0.882320585846901,0.8730725377798081,0.8620874911546708,0.8464007526636124,0.8310830682516098,0.8166966617107392,0.8082408756017685,0.7918669044971466,0.7820132911205292,0.7669197112321854,0.7554235547780991,0.7360757529735565,0.7183501452207566,0.7108278393745422,0.6898966550827026,0.6748720884323121,0.6545580208301545,0.6388056933879852,0.6152808189392089,0.6028991132974625,0.5784689903259277,0.5540355563163757,0.5335883885622025,0.5134447991847992,0.49165672808885574,0.4648587092757225,0.4434666857123375,0.42014279812574384,0.3969896867871284,0.3707018196582794,0.3427113935351372,0.318797741830349,0.2951243966817856,0.27428118586540223,0.24076431393623351,0.21697270795702933,0.19116166010499,0.16555558070540427,0.14442523792386056,0.12353059090673923,0.10247453190386295,0.07829056531190873,0.06821046508848667,0.0,0.06567471399903298,0.09257079958915711,0.10889440402388573,0.1249572779983282,0.1532839484512806,0.17403481230139733,0.1927463337779045,0.2191697247326374,0.24581404775381088,0.27000286132097245,0.2903715714812279,0.3094674304127693,0.33778845965862275,0.3558011516928673,0.3778235986828804,0.40043588280677794,0.4226938635110855,0.4407765299081802,0.4611521676182747,0.4808821976184845,0.5013539403676986,0.5164883941411972,0.5337191224098206,0.5530101418495178,0.5732463628053666,0.590839970111847,0.605389603972435,0.6217094868421554,0.635742899775505,0.6545818954706192,0.6669333517551422,0.6787471622228622,0.691176813840866,0.7090785831212998,0.718286469578743,0.7313870429992676,0.7418464004993439,0.7585703670978546,0.7667053133249283,0.7755584239959716,0.7890830755233764,0.7993629425764084,0.8075513720512391,0.8182686686515808,0.8300119757652282,0.8407909572124481,0.8519767582416534,0.8514004468917846,0.8597135782241822,0.8692027688026428,0.8761719286441803,0.8833676278591156,0.8901541113853455,0.8967920899391174,0.9033016443252564,0.9091594398021698,0.9156518250703811,0.9210946410894394,0.9265085875988006,0.9370415270328522,0.9376474618911743,0.945162433385849,0.9487159639596939,0.9531726270914078,0.9588603407144547,0.9635788530111313,0.9675200343132019,0.9731929987668991,0.9774909824132919,0.9795106172561645,0.9839974939823151,0.9868437111377716,0.9925052106380463,0.9965310394763947,0.9975746244192123,1.0012727797031402,1.005145925283432,1.007846662402153,1.010829597711563,1.0135737717151643,1.0163962930440902,1.0191869169473649,1.0220098525285721,1.0247728645801544,1.0275358647108077,1.031353133916855,1.0315777778625488,1.0336333870887757,1.0364450931549072,1.0421365559101106,1.0410827696323395,1.0432113707065582,1.0474294185638429,1.0493370413780212,1.049621546268463,1.0519313633441925,1.0540729820728303,1.0559037387371064,1.057940912246704,1.0618770003318787,1.060313844680786,1.0621808469295502,1.0640365540981294,1.0654914200305938,1.0654951691627503,1.0694487869739533,1.0680848002433776,1.069741851091385,1.0716298639774322,1.0728729128837586,1.0779725074768067,1.0760260939598083,1.07597536444664,1.0788842678070067,1.0813682854175568,1.081424242258072,1.0813185691833496,1.084299474954605,1.0861173927783967,1.0870302677154542,1.0915120601654054,1.088456267118454,1.0903968870639802,1.090739518404007,1.093272864818573,1.0992588639259337
t_125,1.1315591633319855,1.1252741158008575,1.1273923635482788,1.1220906913280486,1.1176543295383454,1.1146101117134095,1.105093491077423,1.0970654368400574,1.087366908788681,1.08381587266922,1.0755323588848114,1.0670843362808227,1.0656046628952027,1.0553600251674653,1.0518696665763856,1.04009850025177,1.0312911868095398,1.0190629005432128,1.0141886949539185,1.0034628599882125,0.9927303820848465,0.9875644356012344,0.9774760842323303,0.9654986143112183,0.9558809936046601,0.9492555111646652,0.94142344892025,0.9266743928194046,0.9168654680252075,0.9085268408060074,0.8933876037597657,0.8843790680170059,0.8736936062574386,0.8583812803030014,0.8434575200080872,0.8294249564409256,0.8211603105068207,0.8052118480205536,0.7955946207046509,0.7808953404426575,0.7696310967206955,0.7507879078388214,0.733507764339447,0.7260964781045913,0.7054719626903534,0.6910508573055267,0.6712521463632584,0.6557650625705719,0.6327633440494538,0.6204914927482605,0.5968034118413925,0.5728934466838836,0.5528143882751465,0.5332334935665131,0.5116813212633133,0.4854636624455452,0.46440238803625106,0.4417152270674706,0.4191192761063576,0.39318767786026,0.36554808765649793,0.34194902926683424,0.3191256314516068,0.2978590115904808,0.26516822427511216,0.24168546199798585,0.21642422378063203,0.18950724527239798,0.1692628763616085,0.14602505788207054,0.12493653520941735,0.0982881523668766,0.08247633427381515,0.06567471399903298,0.0,0.07935700677335263,0.0893119502812624,0.10280561968684196,0.1285800438374281,0.14919821545481682,0.16774914264678956,0.19424312710762023,0.22088675275444986,0.2448376551270485,0.26582613587379456,0.2847010865807533,0.3140078455209732,0.3323013365268707,0.35446987450122835,0.37727937400341033,0.4001974895596504,0.41836967766284944,0.4387466087937355,0.4593997374176979,0.480164623260498,0.4952609658241272,0.513086973130703,0.532600399851799,0.5536481529474259,0.5717393308877945,0.5866753190755845,0.6031235694885254,0.6175241619348526,0.636884331703186,0.6496416330337524,0.6615823388099671,0.6743698209524155,0.6926866382360458,0.702260035276413,0.7156345784664154,0.7264566719532013,0.7436232656240463,0.7519301831722259,0.7609977275133133,0.7748958349227906,0.7854341089725494,0.7938023895025254,0.8046947330236435,0.8169346898794174,0.8279812932014465,0.8392473548650742,0.8388138324022293,0.8473445057868958,0.856926041841507,0.8641765415668488,0.8715004920959473,0.8785516828298569,0.8853439390659332,0.8919720917940139,0.8980841636657715,0.904659453034401,0.9102746427059174,0.9157878816127777,0.9266406625509263,0.9272292166948318,0.9348372787237167,0.9385759055614471,0.9431301653385162,0.9489331483840943,0.9537841081619263,0.9577691346406937,0.9636317521333695,0.9679326385259628,0.9700884908437729,0.9746752500534057,0.9776037931442261,0.9834459483623504,0.9875599920749665,0.9886005461215973,0.9924341917037964,0.9962995260953903,0.9990965992212295,1.0021530926227569,1.005034875869751,1.0079119384288788,1.010709896683693,1.0136553347110748,1.0164574027061462,1.0192935109138488,1.0232322216033936,1.0234622418880464,1.0255811512470245,1.0284075915813446,1.0342354595661163,1.0332203686237336,1.0354357063770294,1.0396523237228394,1.041651076078415,1.0419578969478607,1.0443640172481536,1.046529471874237,1.0484181642532349,1.050512582063675,1.0545027017593385,1.05298193693161,1.0549069583415984,1.0567710459232331,1.0583245575428009,1.0582830488681794,1.0623037755489348,1.060999047756195,1.0626758337020874,1.0646380662918091,1.0658670365810394,1.0710634648799897,1.0691321551799775,1.06909521818161,1.0720542430877686,1.0746257543563842,1.074656593799591,1.0746244490146637,1.0776481091976167,1.0795008897781373,1.080452573299408,1.0850717961788177,1.0819831669330597,1.0839641690254211,1.0843354165554047,1.08693328499794,1.0930510222911836
t_124,1.1351148068904877,1.1291149437427521,1.13103449344635,1.1259512305259705,1.1214070856571197,1.1184296190738678,1.1091304957866668,1.1010508954524993,1.091568148136139,1.088083553314209,1.0799917459487915,1.0715044558048248,1.0701725363731385,1.0601356744766235,1.0564666867256165,1.0447583556175233,1.0359406054019928,1.0241495788097381,1.0193496763706207,1.0089017808437348,0.9978408217430115,0.9929045408964157,0.9829770058393479,0.9710873752832413,0.9615444570779801,0.9549381315708161,0.947098234295845,0.9326520174741745,0.9230822533369064,0.9145257264375687,0.8997981369495391,0.8912264198064804,0.8799458622932435,0.8660333067178726,0.8513334274291993,0.8372632652521134,0.8293478280305863,0.8135694295167923,0.8039344847202301,0.7896462261676789,0.7784106731414795,0.7603276282548904,0.7436599403619766,0.7361899882555007,0.715577706694603,0.701791626214981,0.6830843150615692,0.6673694252967834,0.6453124076128006,0.6318818777799606,0.6103121906518936,0.5876147240400315,0.5676864713430405,0.5486121624708176,0.5268260985612869,0.50224539488554,0.48126457184553145,0.4593098908662796,0.43727484792470933,0.41255259364843366,0.3854562252759933,0.3631171241402626,0.341539591550827,0.3167543292045593,0.28885889798402786,0.2655381388962269,0.24174779802560806,0.215119306743145,0.19561082422733306,0.17215703949332237,0.15121371522545815,0.1232521053403616,0.10645671784877778,0.09257079958915711,0.07935700677335263,0.0,0.0661470029503107,0.10129625238478183,0.12448558248579503,0.12646682523190975,0.14926398918032646,0.1747048132121563,0.20482599809765817,0.22412291392683983,0.24965134263038635,0.264291076362133,0.2972163051366806,0.31529332250356673,0.334182596206665,0.35914260149002075,0.3833314448595047,0.40181613266468047,0.42139275670051574,0.4379947528243065,0.46360141783952713,0.4753417789936066,0.4933003067970276,0.5140352636575699,0.5381618231534958,0.5562365144491196,0.5706996917724609,0.5862681835889816,0.6006708770990372,0.6228772312402725,0.636368253827095,0.6455319941043853,0.6592512279748917,0.6800175249576569,0.6894176930189133,0.7014501124620438,0.7119617015123367,0.7325806468725204,0.7388776212930679,0.7480796188116073,0.763785669207573,0.7734436452388763,0.7816947549581528,0.7923805981874465,0.8073849320411682,0.8187845468521118,0.8304260313510895,0.8279641956090927,0.8360886216163635,0.8459720611572266,0.853817343711853,0.8609169065952301,0.8681691199541092,0.8750674307346344,0.8818688243627548,0.889103227853775,0.8951009243726731,0.9009098440408707,0.9062909185886383,0.9195550441741943,0.9180436789989471,0.926070150732994,0.9299794554710388,0.9344831466674804,0.9403040736913681,0.9455386430025101,0.9493752807378769,0.9558948814868927,0.9599776685237884,0.9621183902025223,0.966676339507103,0.9697070002555848,0.9766336888074875,0.9807777762413025,0.981104600429535,0.985090720653534,0.9890147417783737,0.9918439626693726,0.9948609501123429,0.9979006171226501,1.000833386182785,1.0036212235689164,1.0068765461444855,1.0096224159002305,1.012396252155304,1.0171174705028534,1.0167294472455979,1.0188631653785705,1.0217198580503464,1.0283933252096176,1.0267206668853759,1.0294221878051757,1.033634650707245,1.0358808040618896,1.0358246266841888,1.038566380739212,1.0409152567386628,1.042512732744217,1.0450036585330964,1.0492162108421326,1.0475097477436066,1.0494753241539,1.0510550022125245,1.053237533569336,1.0524797558784484,1.0567725121974945,1.0553683817386628,1.0569696247577667,1.059199821949005,1.0602511763572693,1.065833532810211,1.0637350857257843,1.0634948194026947,1.0668121993541717,1.0696892619132996,1.0693444430828094,1.069266664981842,1.0726113975048066,1.07463196516037,1.0755013525485992,1.081040382385254,1.0770849227905273,1.0790714979171754,1.0792089343070983,1.081987315416336,1.0885895490646362
t_123,1.1397015750408173,1.1338387191295625,1.1357462584972382,1.1307635068893434,1.1263056993484497,1.1234031975269319,1.114281952381134,1.1063640475273133,1.0970760464668274,1.0936793625354766,1.085740578174591,1.0774371802806855,1.0761627197265624,1.0663514375686645,1.0627822637557984,1.0513105392456055,1.0426925420761108,1.0311656951904298,1.0264710664749146,1.0162708818912507,1.0054513335227966,1.0006382882595062,0.9909468978643418,0.9793072819709778,0.9699837684631347,0.9635360151529312,0.9558756589889527,0.941753602027893,0.932391357421875,0.9240442603826523,0.9096653997898102,0.9012859404087067,0.8902627736330032,0.8766403347253799,0.8622707903385163,0.8485343039035798,0.8407860040664673,0.8253852874040604,0.8159608036279679,0.8019904524087906,0.7909648269414902,0.7733055591583252,0.7569766819477082,0.749647930264473,0.7294415056705474,0.7160316586494446,0.6976963549852371,0.6822999656200409,0.6606815963983536,0.6475269794464111,0.6264105916023255,0.6041501581668853,0.584589245915413,0.5659218937158584,0.5445440247654915,0.52034892141819,0.49973185658454894,0.47829514890909197,0.45665437877178194,0.4323307365179062,0.40573847740888597,0.3836000174283981,0.36253620535135267,0.3378947049379349,0.31055518835783,0.2874417811632156,0.2635531187057495,0.23697201535105705,0.21765027865767478,0.19359395951032637,0.17204937487840652,0.1432304337620735,0.12320617772638798,0.10889440402388573,0.0893119502812624,0.0661470029503107,0.0,0.089765390381217,0.1069948509335518,0.10602769665420056,0.12861665152013302,0.1526143305003643,0.18276853039860724,0.2021484889090061,0.22776987925171852,0.2420343980193138,0.27570953220129013,0.2940327122807503,0.31278054863214494,0.3380507618188858,0.362637297809124,0.38140335083007815,0.40101924240589143,0.4180931955575943,0.44406619668006897,0.4558910921216011,0.4744196906685829,0.49541718810796737,0.520071855187416,0.5386231929063797,0.5533790946006775,0.5692081034183503,0.5839312106370926,0.6065402209758759,0.6203733295202255,0.6298259615898132,0.6438503384590148,0.6649836540222168,0.6746967136859894,0.6870478451251983,0.6978311210870742,0.7188209444284439,0.7253282755613327,0.7347827196121216,0.750781911611557,0.7607160121202469,0.7691736966371536,0.7801098614931107,0.7954066008329391,0.8070198267698288,0.8188606828451157,0.8165350168943405,0.8248701393604279,0.8349565744400025,0.8430073440074921,0.8502483546733857,0.8576699167490005,0.8647320538759231,0.8716843158006669,0.8790939718484878,0.8852344125509262,0.8911676794290543,0.8966865360736846,0.9101268589496613,0.9087002992630004,0.9168197602033615,0.920859107375145,0.9254701137542725,0.9314157128334045,0.936758753657341,0.9406705170869827,0.947293296456337,0.951465180516243,0.9536893844604493,0.9583457440137864,0.9614557445049285,0.9684740841388703,0.9726918041706085,0.9730699360370636,0.9771595388650894,0.9811424642801285,0.9840287387371063,0.987112945318222,0.990241876244545,0.9932210147380829,0.9960450053215026,0.9993910223245621,1.0021812528371812,1.0050219029188157,1.0098031669855119,1.0094508528709412,1.0116466730833054,1.014531782269478,1.0212878197431565,1.0196652293205262,1.0223958045244217,1.0266663581132889,1.0289626389741897,1.028931474685669,1.0317495584487915,1.0341128647327422,1.0357758581638337,1.0382905781269074,1.0425601303577423,1.0408643007278442,1.042892462015152,1.044489896297455,1.0467264711856843,1.045966351032257,1.050328892469406,1.048951369524002,1.0506050825119018,1.052881121635437,1.0539282202720641,1.0595996022224425,1.0575168073177337,1.0572981357574462,1.0606495320796967,1.0635756254196167,1.0632734775543213,1.0632273077964782,1.0666040003299713,1.068675422668457,1.0695777595043183,1.0751835405826569,1.0712269365787506,1.073280894756317,1.0734517455101014,1.0762872874736786,1.0830176293849945
t_122,1.1473611652851106,1.141358733177185,1.143548059463501,1.1385312974452972,1.1344987809658051,1.1316727459430695,1.1227651715278626,1.1153757691383361,1.1062707304954529,1.1029961943626403,1.0952669084072113,1.0874951601028442,1.0861244916915893,1.076604038476944,1.0736203730106353,1.0627517402172089,1.0546878099441528,1.0431767404079437,1.0386687576770783,1.0287415027618407,1.0191258847713471,1.0142700672149658,1.0049727976322174,0.993992418050766,0.9851345658302307,0.979087871313095,0.9719732493162155,0.9583268374204635,0.9492198079824448,0.9417866051197052,0.9277972221374512,0.9192732244729995,0.9098877847194672,0.8951621532440186,0.8814082324504853,0.8685631692409516,0.8608242362737656,0.8460675835609436,0.837322810292244,0.8236067801713943,0.8131749361753464,0.7955205172300339,0.7793409675359726,0.7725029647350311,0.7536189615726471,0.739825251698494,0.7210705906152726,0.7067781656980514,0.6851612895727157,0.6741249650716782,0.6513294577598572,0.6285805463790893,0.6099801510572433,0.5915908873081207,0.5714772641658783,0.5464952126145363,0.5266750991344452,0.5054195061326027,0.4839472100138664,0.4587990969419479,0.43322613537311555,0.4100917249917984,0.38826841562986375,0.3687184527516365,0.33616399616003034,0.31426241993904114,0.28922145813703537,0.2629089243710041,0.24262397214770318,0.220334043353796,0.19686611592769623,0.17014948204159736,0.15090502202510833,0.1249572779983282,0.10280561968684196,0.10129625238478183,0.089765390381217,0.0,0.06853994391858578,0.09382652454078197,0.10379313863813877,0.13029275946319102,0.15090471506118774,0.1779500313103199,0.19517579078674316,0.21658498644828797,0.2443727359175682,0.26268467903137205,0.2879877254366875,0.3099438726902008,0.33393516540527346,0.35256025195121765,0.37530075162649157,0.3997100591659546,0.41850735396146777,0.43709190338850024,0.45593961477279665,0.47632730305194854,0.4965283155441284,0.5159562319517136,0.5326245337724685,0.5508800119161605,0.5665695130825043,0.5859466075897217,0.5992927312850952,0.6139966577291489,0.6270992904901505,0.6455387443304061,0.6558991819620132,0.6713027119636535,0.6835115075111389,0.6996390789747238,0.7102260768413544,0.719881072640419,0.7338868200778961,0.7459134995937348,0.7551204919815063,0.7670587867498397,0.778458422422409,0.79025239944458,0.8024039179086685,0.8033342868089676,0.8129714995622634,0.8231693387031556,0.8305618524551391,0.8387313634157181,0.8464621484279633,0.8536985963582993,0.8606880456209183,0.8665613532066345,0.8740838885307312,0.8800998210906983,0.8861202329397202,0.8961641550064087,0.8983675390481949,0.9063193053007126,0.9102478623390198,0.915229418873787,0.9215582519769668,0.9264107584953308,0.9308990746736526,0.9367754399776459,0.9415735363960266,0.9439093053340912,0.9489543348550796,0.9520337224006653,0.9576107740402222,0.9619892716407776,0.9637079387903214,0.9678121894598007,0.9718556970357894,0.9748934239149094,0.9782636314630508,0.9812852919101716,0.9843749731779099,0.98735870718956,0.9903573989868164,0.9934217393398285,0.9965433001518249,1.0002083629369736,1.0009871244430542,1.0032487481832504,1.0062457621097565,1.0119620651006698,1.0114173412322998,1.0134225726127624,1.0180199325084687,1.019965809583664,1.0205963879823685,1.0229589194059372,1.02511870265007,1.0274648666381836,1.0294357001781465,1.0335972130298614,1.032158863544464,1.0342255890369416,1.0365191638469695,1.0376713573932648,1.0382165014743805,1.0423806607723236,1.0410962879657746,1.042958563566208,1.0449154853820801,1.0463833570480348,1.0517913818359375,1.0498699128627778,1.049986481666565,1.0529150426387788,1.0555518090724945,1.0559148371219635,1.0559662520885467,1.059003049135208,1.0608526527881623,1.0620095908641816,1.0662936985492706,1.0637711703777313,1.0660021901130676,1.0666592419147491,1.0693870842456819,1.075595647096634
t_121,1.1553384721279145,1.1495346248149871,1.1517140090465545,1.1468037247657776,1.142873078584671,1.1401664733886718,1.1314543306827545,1.1242863178253173,1.1154226422309876,1.1122655034065247,1.1046901166439056,1.0971823692321778,1.0958531618118286,1.0866089820861817,1.0837584018707276,1.0731516063213349,1.0653492152690887,1.0541412889957429,1.0497626543045044,1.040114289522171,1.0308140158653258,1.0261075496673584,1.01706503033638,1.0063744843006135,0.9977900117635727,0.9919379413127899,0.985020101070404,0.971736216545105,0.9628673285245896,0.9556957870721817,0.9420694500207901,0.9337610065937042,0.9246982097625732,0.9102038234472275,0.8968168318271637,0.884340164065361,0.8768208026885986,0.8624725431203842,0.8539476156234741,0.84056735932827,0.8304227381944657,0.8132355779409408,0.7973970085382461,0.7907342284917831,0.7721598386764527,0.758938467502594,0.740581825375557,0.7266910761594773,0.7055269658565522,0.6948379665613175,0.6725932240486145,0.6503525495529174,0.6320623636245728,0.6141279906034469,0.594522750377655,0.5698822319507599,0.5504471033811569,0.5296552777290344,0.5088747844099999,0.48426938951015475,0.45885106474161147,0.4362963080406189,0.4149082526564598,0.3956316769123077,0.3637205883860588,0.34187726825475695,0.3172213092446327,0.29114132970571516,0.27098591476678846,0.2484607368707657,0.22587581723928452,0.1983632706105709,0.17683868035674094,0.1532839484512806,0.1285800438374281,0.12448558248579503,0.1069948509335518,0.06853994391858578,0.0,0.08212299011647702,0.08519438914954662,0.10763058848679066,0.12432818599045277,0.1507806047797203,0.167474939674139,0.18939417824149132,0.21734238490462304,0.23582673072814941,0.2618511222302914,0.283635675907135,0.30769441425800326,0.3267244592308998,0.34925891309976576,0.3758470624685287,0.3938117355108261,0.41313170939683913,0.43304071128368377,0.453210087120533,0.47381209433078764,0.4940339043736458,0.511128269135952,0.5300031632184983,0.5461209356784821,0.5652931660413743,0.5790868818759918,0.5948890745639801,0.6083354860544204,0.6266321241855621,0.6376800030469895,0.6537994891405106,0.6664612919092179,0.682515898346901,0.6936313271522522,0.7038152992725373,0.7178191423416138,0.7303561985492706,0.7399821758270264,0.7522395521402359,0.7635863125324249,0.7755874276161194,0.7877417206764221,0.7895120948553085,0.7994817942380905,0.8098446488380432,0.8174748092889785,0.8258291006088256,0.8337853670120239,0.841228911280632,0.8484303653240204,0.8544230073690414,0.8622075319290161,0.8683707982301712,0.8746407955884934,0.8844831675291062,0.8871621131896973,0.8950670808553696,0.8992809474468231,0.9044324636459351,0.9108477920293808,0.9158485203981399,0.920451819896698,0.9263439506292344,0.9312627017498016,0.9337918102741242,0.9389445900917053,0.9421690225601196,0.9476657420396805,0.9521867305040359,0.9540985524654388,0.9582841753959656,0.9624113887548447,0.9655353009700776,0.9689983814954758,0.9721291542053223,0.9752606838941574,0.9783388465642929,0.9813750505447387,0.9845554411411286,0.9877335458993912,0.9913900464773178,0.9923146665096283,0.9946700304746627,0.9977053344249726,1.0033410400152207,1.003017383813858,1.00500026345253,1.0095973819494248,1.0116448670625686,1.0123955637216568,1.0147958606481553,1.016979593038559,1.019436204433441,1.0213830709457397,1.0255192816257477,1.0242212742567063,1.0263528913259505,1.0286829888820648,1.0298677444458009,1.0305302917957306,1.0346663177013398,1.033498901128769,1.0354630529880524,1.037431037425995,1.038928484916687,1.0442865550518037,1.042496657371521,1.0427112936973573,1.045634686946869,1.0482555627822876,1.0487374901771545,1.0488617479801179,1.0519114911556244,1.0537835717201234,1.0549863040447236,1.0592223942279815,1.0568998813629151,1.0591665029525756,1.0599090874195098,1.062699156999588,1.0689384579658507
t_120,1.157328051328659,1.1517611265182495,1.1537161469459534,1.1490005016326905,1.1449265718460082,1.1422274231910705,1.133689171075821,1.1264076232910156,1.11768296957016,1.1145470499992371,1.1071259677410126,1.0995023131370545,1.0982975125312806,1.0891603112220765,1.0860815346240997,1.0754647433757782,1.0675645887851715,1.056741362810135,1.0523730397224427,1.04292134642601,1.0331739604473114,1.028667652606964,1.019715017080307,1.009002500772476,1.0004194229841232,0.9945311397314072,0.987527796626091,0.9744538128376007,0.9657431721687317,0.9583185940980912,0.9449761569499969,0.9370703369379043,0.9273277223110199,0.9141406893730164,0.9008715838193894,0.8883251458406448,0.8810842722654343,0.8668854326009751,0.8582971304655075,0.845219936966896,0.8351227760314941,0.818578714132309,0.80323486328125,0.7965403258800506,0.7779465615749359,0.765251824259758,0.7478801965713501,0.7337801486253739,0.7134508669376374,0.7017621666193008,0.6813944756984711,0.6602611541748047,0.6420447796583175,0.6244914650917053,0.6047086179256439,0.5816199451684951,0.5623582661151886,0.5420294642448426,0.5213812589645386,0.498174723982811,0.4729894310235977,0.4518065243959427,0.43115793019533155,0.4091073557734489,0.3810786888003349,0.35905432254076003,0.3355183869600296,0.30986097306013105,0.29023966044187544,0.2674228988587856,0.24496169090270997,0.21640949547290803,0.19462966322898864,0.17403481230139733,0.14919821545481682,0.12646682523190975,0.10602769665420056,0.09382652454078197,0.08212299011647702,0.0,0.07121474891901017,0.08608445264399052,0.10957380868494511,0.12851073406636715,0.15158456638455392,0.1676542989909649,0.1997101679444313,0.21844746246933938,0.23924157544970512,0.26466762870550153,0.28975979089736936,0.3095809265971184,0.3311770439147949,0.3513914614915848,0.37643631994724275,0.39161806702613833,0.41113696843385694,0.4329924464225769,0.45737662315368655,0.47739494144916533,0.4935347154736519,0.5116170287132263,0.5277454137802124,0.5502219527959824,0.5648508757352829,0.577203780412674,0.5918285757303238,0.613207322359085,0.6237712264060974,0.6381607800722122,0.6502736628055572,0.6706232070922852,0.6791542589664459,0.6895945042371749,0.7056838005781174,0.7171121329069138,0.7265693366527557,0.7386028319597244,0.7532898962497712,0.7656558901071548,0.7783958703279495,0.7775249391794204,0.7868970632553101,0.7976620405912399,0.8060001790523529,0.8141314178705216,0.8221553504467011,0.8297052323818207,0.8371324390172958,0.8444199532270431,0.8515959113836289,0.8579070508480072,0.8640227824449539,0.876763316988945,0.8769194334745407,0.8853392422199249,0.8897180885076523,0.8947822391986847,0.9011790722608566,0.9066692650318146,0.911056837439537,0.9177870959043503,0.9223951935768128,0.9249038368463516,0.929982528090477,0.9333293288946152,0.9400981217622757,0.9447147637605667,0.9457308322191238,0.9499942541122437,0.954226416349411,0.9573627561330795,0.9608803987503052,0.9640920102596283,0.9672493726015091,0.9703924477100372,0.9737618207931519,0.9768397331237793,0.9800098687410355,0.9845867961645126,0.9847414195537567,0.9871177047491073,0.9901631832122803,0.9968376636505127,0.9957383066415787,0.9982310444116592,1.0028710544109345,1.0051982522010803,1.0054936707019806,1.0083160072565078,1.0106731355190277,1.0128191709518433,1.0152102828025817,1.0196101903915404,1.018108892440796,1.0202460139989853,1.0223059147596358,1.0242054432630538,1.0240263253450395,1.0285030961036683,1.027126309275627,1.0290301501750947,1.0312853455543518,1.0325703978538514,1.0384413182735444,1.0363619685173036,1.036357295513153,1.0396791636943816,1.042671310901642,1.0426720261573792,1.0427396655082704,1.046200293302536,1.048229342699051,1.049363100528717,1.0546710729598998,1.0513402342796325,1.0535997688770293,1.0540291488170623,1.0570186913013457,1.0638920843601227
t_119,1.161875033378601,1.1563535451889038,1.1583516716957092,1.1536787509918214,1.149735724925995,1.14708172082901,1.1386679112911224,1.1315836966037751,1.1229811429977417,1.119904363155365,1.1126106679439545,1.1051676630973817,1.1039652884006501,1.0950010776519776,1.0920706510543823,1.0816990435123444,1.0739898324012755,1.0632932960987092,1.0590269565582275,1.0497327864170074,1.040328025817871,1.035885715484619,1.0271128594875336,1.016654634475708,1.00828737616539,1.0025517225265503,0.9957195580005646,0.9829411029815673,0.9743593156337738,0.9672294437885285,0.9541569501161575,0.946327143907547,0.9370078057050705,0.9238332122564316,0.9108665764331818,0.8986638486385345,0.8915561586618423,0.8776670902967453,0.8693406581878662,0.8564713329076767,0.8466196835041047,0.8303547620773315,0.8152325183153153,0.8087306022644043,0.7906950563192368,0.7780869126319885,0.7608967036008835,0.7472094088792801,0.7272406131029129,0.716097041964531,0.6957542359828949,0.674829724431038,0.6570462256669998,0.6397726625204087,0.6205559074878693,0.5976048946380615,0.5787651062011718,0.5587898135185242,0.5383854597806931,0.5154669642448425,0.490785638988018,0.46978953033685683,0.44914447218179704,0.4281975418329239,0.399889200925827,0.3781417295336723,0.3545877143740654,0.3294801667332649,0.30977879613637926,0.2874763160943985,0.26499362140893934,0.23670077472925186,0.21477569043636321,0.1927463337779045,0.16774914264678956,0.14926398918032646,0.12861665152013302,0.10379313863813877,0.08519438914954662,0.07121474891901017,0.0,0.06929921582341195,0.08979322910308837,0.10808862820267677,0.12827472090721131,0.14656273499131203,0.17635185047984123,0.19525321200489998,0.2172323301434517,0.24254408702254296,0.26750465482473373,0.2877175405621529,0.31032278686761855,0.3322379320859909,0.35582852363586426,0.3728352412581444,0.3927234560251236,0.41472558975219725,0.43820552378892896,0.45880464315414426,0.47535194754600524,0.49456769973039627,0.5110944867134094,0.5329576313495636,0.5477219879627228,0.561636883020401,0.5762402266263962,0.5972865551710129,0.6081392049789429,0.6234760463237763,0.6360368937253952,0.6556112378835678,0.6651481240987778,0.6758665353059768,0.6917367100715637,0.7038645356893539,0.7136639446020127,0.7261814385652542,0.7401526063680649,0.7527234733104706,0.765786874294281,0.7656218767166137,0.7754362642765045,0.7864863514900208,0.7947829216718674,0.8032205760478973,0.8113723665475845,0.8190838605165481,0.8267127066850662,0.8337674766778946,0.8414275616407394,0.8478029549121857,0.8541803866624832,0.8663170307874679,0.8673156350851059,0.8757722228765488,0.880184930562973,0.8854384541511535,0.8920014441013336,0.8975030094385147,0.9020984798669816,0.9087108552455903,0.9135771751403808,0.9161566078662873,0.9213751912117004,0.9248032480478287,0.931288093328476,0.9360266774892807,0.9373638510704041,0.941684702038765,0.9460635751485824,0.9492405772209167,0.9528710067272186,0.9561198025941848,0.9593356788158417,0.9625969648361206,0.9659307509660721,0.9691193401813507,0.9723993480205536,0.9767846912145615,0.9772140502929687,0.9796417713165283,0.982753935456276,0.9892761915922165,0.9884393334388732,0.9907665431499482,0.9955341279506683,0.9978539824485779,0.998317888379097,1.0010879188776016,1.003429225087166,1.0057750821113587,1.0080482691526413,1.0124908447265626,1.0110368490219117,1.0132354736328124,1.0154554545879364,1.0171695202589035,1.017276555299759,1.021786242723465,1.0203758895397186,1.0224145144224166,1.0246499985456468,1.0260044395923615,1.0319271326065063,1.0298636436462403,1.0299610495567322,1.033212459087372,1.036160832643509,1.0363757073879243,1.0364334404468536,1.0398828506469726,1.0419123649597168,1.043098384141922,1.0482044398784638,1.045169848203659,1.04752317070961,1.0480632424354552,1.0510683894157409,1.0579779863357544
t_118,1.1681263267993927,1.1627522885799408,1.1646953701972962,1.160135692358017,1.1562480211257935,1.1536370515823364,1.145407509803772,1.1384603202342987,1.130030530691147,1.1270137965679168,1.1198810160160064,1.1125943839550019,1.1114257454872132,1.102641725540161,1.0997693359851837,1.089601957798004,1.082022875547409,1.0716062426567077,1.0674146711826324,1.0583291053771973,1.0490586280822753,1.0447663068771362,1.0361758589744567,1.0258999824523927,1.0177308559417724,1.0121319770812989,1.0053943514823913,0.992926436662674,0.9845167547464371,0.9775813847780228,0.9648097544908524,0.9571871966123581,0.9479502409696579,0.9352113604545593,0.9225249081850052,0.9106181532144546,0.903673842549324,0.8901724576950073,0.882019829750061,0.8693889170885086,0.8598433047533035,0.844034132361412,0.8292134761810303,0.8229079455137253,0.8052584707736969,0.7929918199777604,0.7762865543365478,0.7629796952009201,0.7435053318738938,0.7325658231973649,0.7128930002450943,0.6925382494926453,0.6750959128141403,0.6581515341997146,0.6394709289073944,0.6171078354120254,0.598804259300232,0.5790773451328277,0.5589022219181061,0.5370400816202163,0.5125562071800231,0.49224602729082106,0.4719218075275421,0.45115243047475817,0.4239217236638069,0.40223569571971896,0.3788993448019028,0.35472951233386996,0.33507356345653533,0.3130571603775024,0.29098321944475175,0.2630356803536415,0.24003973603248596,0.2191697247326374,0.19424312710762023,0.1747048132121563,0.1526143305003643,0.13029275946319102,0.10763058848679066,0.08608445264399052,0.06929921582341195,0.0,0.07454322166740894,0.08728192262351513,0.10653717033565044,0.12451938576996327,0.15187932923436165,0.1720515415072441,0.1926467962563038,0.21921114027500152,0.24302834123373032,0.26468050181865693,0.28729020804166794,0.30794100612401965,0.3332070395350456,0.35052022635936736,0.3706462472677231,0.3930221989750862,0.417122058570385,0.4381718337535858,0.4544194594025612,0.47455944269895556,0.4914294555783272,0.5135072410106659,0.5287545084953308,0.5430509120225906,0.558156180381775,0.579921668767929,0.5909332156181335,0.6063265651464462,0.6189353346824646,0.6394665122032166,0.6488154053688049,0.6601568937301636,0.6763673186302185,0.6887519508600235,0.6988604575395584,0.7116919815540313,0.7262800753116607,0.7390111207962036,0.7525129795074463,0.7522189557552338,0.7620675563812256,0.7735331892967224,0.782112842798233,0.7907350927591323,0.7988328546285629,0.8067782163619995,0.8146729111671448,0.8220338940620422,0.8299394935369492,0.8363401174545289,0.8429521948099137,0.8555003345012665,0.8564177095890045,0.8649673193693161,0.8695610761642456,0.8749679207801819,0.881559419631958,0.8873347908258438,0.8919636636972428,0.8987884789705276,0.9037047773599625,0.9064357191324234,0.9116928249597549,0.9152890712022781,0.9218990474939346,0.9268198281526565,0.9281181573867798,0.9324108481407165,0.9370034813880921,0.9401932388544083,0.9440318435430527,0.9472529709339141,0.9504339605569839,0.953945979475975,0.957318103313446,0.9605759829282761,0.9639836698770523,0.9685036092996597,0.9688968867063522,0.971391761302948,0.9745318531990051,0.9812619745731354,0.980429470539093,0.9827377945184708,0.98758365213871,0.9900551736354828,0.990495628118515,0.9933798223733902,0.9957459241151809,0.998154827952385,1.0004750967025757,1.0049733906984328,1.0035896360874177,1.0058150500059129,1.0080605775117875,1.0099090486764908,1.009970411658287,1.0145743638277054,1.0130761116743088,1.015250912308693,1.0175362139940263,1.0188592284917832,1.024940350651741,1.0228076517581939,1.0229755103588105,1.0262703776359559,1.029298448562622,1.029493498802185,1.029567950963974,1.0331668913364411,1.0352298200130463,1.0364514231681823,1.0417213022708893,1.038654738664627,1.0410658836364746,1.0415546953678132,1.044645404815674,1.0518316328525543
t_117,1.1730409204959868,1.167692631483078,1.1697407841682435,1.1652328073978424,1.1615631401538848,1.1590439796447753,1.1510166227817535,1.1443736851215363,1.136143434047699,1.1332396984100341,1.1262827038764953,1.1193231463432312,1.1181512653827668,1.10963773727417,1.1070693135261536,1.0972764253616334,1.0900646030902863,1.07980996966362,1.0757591485977174,1.0669612050056458,1.058334743976593,1.0540857136249542,1.045798021554947,1.0359657883644104,1.028095155954361,1.0227539539337158,1.0163853764533997,1.0042934119701385,0.9961721748113632,0.9896968901157379,0.9773099809885025,0.969767588376999,0.96138776242733,0.9484004110097886,0.936179232597351,0.9248167276382446,0.9180030435323715,0.9049617260694504,0.8972066938877106,0.8849305719137192,0.8757269531488419,0.8601676613092423,0.8457068532705307,0.8396374851465225,0.8226695597171784,0.8105817109346389,0.7939995646476745,0.7812327235937119,0.7620796650648117,0.7520172774791718,0.7321120381355286,0.7119206249713897,0.6950754910707474,0.6786083400249481,0.6604877173900604,0.6382825762033463,0.620431536436081,0.6012934923171998,0.5816922187805176,0.5594680964946747,0.535921061038971,0.5155853003263473,0.49563875049352646,0.4764384254813194,0.44797937721014025,0.42735433429479597,0.40437053292989733,0.38007321059703825,0.3609216079115868,0.33957639038562776,0.3172358512878418,0.2900872528553009,0.2685477316379547,0.24581404775381088,0.22088675275444986,0.20482599809765817,0.18276853039860724,0.15090471506118774,0.12432818599045277,0.10957380868494511,0.08979322910308837,0.07454322166740894,0.0,0.07600427642464638,0.08103032782673836,0.10211059488356114,0.1246373314410448,0.14281109049916269,0.16780567094683646,0.1905341349542141,0.21489982083439826,0.23516399636864663,0.2592665940523148,0.28576512932777404,0.30595050305128096,0.32711686939001083,0.34766431152820587,0.3695455864071846,0.3917570039629936,0.4133259803056717,0.43129981905221937,0.45231305807828903,0.4700564697384834,0.49107717275619506,0.5063490107655525,0.5231634885072708,0.5380399763584137,0.5586681663990021,0.5703325361013413,0.5875325828790665,0.6013696312904357,0.6195872545242309,0.6313379645347595,0.6427663326263428,0.6583527028560638,0.6718469202518463,0.6824878275394439,0.6958664208650589,0.708905377984047,0.7220322012901306,0.7357187360525131,0.7371973723173142,0.7479092657566071,0.7594145983457565,0.7678689062595367,0.777090099453926,0.7857752084732056,0.7938798874616623,0.8017969459295273,0.8085928827524185,0.8171520859003067,0.8238326489925385,0.8306826472282409,0.8418585002422333,0.8445069581270218,0.8531184107065201,0.857830411195755,0.8634207785129547,0.8703555434942245,0.8759076595306396,0.8808693081140518,0.8875048398971558,0.8927051693201065,0.8955642014741898,0.9011231988668442,0.9047288596630096,0.910863596200943,0.9158651173114777,0.917855966091156,0.9223170518875122,0.9268286019563675,0.9302276402711869,0.934203252196312,0.9375132411718369,0.9408610314130783,0.9443596690893173,0.9476613700389862,0.9510860204696655,0.9546213030815125,0.9587407678365707,0.9596716910600662,0.9622347176074981,0.9654545098543167,0.9717727094888687,0.9714536547660828,0.9735652565956116,0.9785876274108887,0.980885699391365,0.9816569238901138,0.9843754678964615,0.9866879403591156,0.9894429326057435,0.9915889024734497,0.9960898876190185,0.994843715429306,0.9971078991889953,0.9997384518384933,1.0011042475700378,1.0017638713121415,1.006289741396904,1.0049684792757034,1.007179668545723,1.009351223707199,1.010951754450798,1.0169164448976518,1.0149105578660964,1.0151973903179168,1.0183744251728057,1.0213501542806624,1.0218315929174424,1.0220295459032058,1.0254527091979981,1.027421587705612,1.0288212180137635,1.0335424542427063,1.0311518251895904,1.0336539208889008,1.0344423711299897,1.0375455796718598,1.0444490671157838
t_116,1.17734654545784,1.1722308576107026,1.1741509199142457,1.1697653114795685,1.166054230928421,1.1635897934436799,1.1556932926177979,1.149078768491745,1.1410123586654664,1.1381560385227203,1.1312995731830597,1.1243772149085998,1.1232796728610992,1.114929437637329,1.1122497379779817,1.1025359392166139,1.0953599333763122,1.0854093253612518,1.081427174806595,1.0728100895881654,1.0640285015106201,1.059951388835907,1.0517741978168487,1.0419902861118318,1.0342349708080292,1.0289475798606873,1.0225618422031402,1.0107083678245545,1.0027271956205368,0.9962103188037872,0.9840685665607453,0.9768275499343873,0.9681410312652587,0.9559067368507386,0.9438868761062622,0.9326206773519516,0.9260424047708511,0.9132114619016647,0.9054744750261307,0.8934785902500153,0.8843952178955078,0.869385051727295,0.8552796244621277,0.8492280513048172,0.8323726922273635,0.820860567688942,0.8049558728933335,0.7922543972730637,0.7736936539411545,0.7632771641016006,0.7445713818073273,0.7251786321401597,0.7084799170494079,0.6924168229103088,0.6745907425880432,0.6531900852918625,0.6355909794569016,0.6169010549783707,0.5978737294673919,0.5767323821783066,0.5533789873123169,0.5338622570037842,0.5145191356539727,0.49444361329078673,0.468462797999382,0.4475781977176666,0.4252942934632301,0.4016013786196709,0.38257639706134794,0.361162331700325,0.3397677272558212,0.3126606449484825,0.2898026183247566,0.27000286132097245,0.2448376551270485,0.22412291392683983,0.2021484889090061,0.1779500313103199,0.1507806047797203,0.12851073406636715,0.10808862820267677,0.08728192262351513,0.07600427642464638,0.0,0.07444152534008026,0.0798618320375681,0.10820596143603325,0.12394321449100971,0.1421884149312973,0.16891983896493912,0.19263570979237557,0.21431657373905183,0.23650488257408142,0.2589175432920456,0.2839618340134621,0.30161457061767577,0.32298989295959474,0.3457119554281235,0.3706644237041473,0.39277292490005494,0.41008131504058837,0.43084717690944674,0.44846307933330537,0.47126525193452834,0.4872822105884552,0.5026911675930024,0.5185854375362396,0.5409209817647934,0.5529035687446594,0.5693559557199478,0.5827917098999024,0.6039632678031921,0.6140019834041596,0.6261010587215423,0.6429949134588242,0.6560431867837906,0.6668828576803207,0.6802945137023926,0.6954530894756317,0.7087632477283478,0.722598996758461,0.723095852136612,0.7335483521223068,0.7454643905162811,0.7545389771461487,0.7635980099439621,0.7722695678472519,0.7806128948926926,0.7889347404241562,0.7966382086277009,0.8049264818429946,0.8117203146219254,0.8186861962080002,0.831528440117836,0.8328544199466705,0.8416296631097794,0.8466672211885452,0.8523482769727707,0.8592424929141999,0.8652899086475372,0.8701918542385101,0.877225723862648,0.8823546737432479,0.8853718876838684,0.8909000992774964,0.8946873813867569,0.901475676894188,0.9066475093364715,0.9081831365823746,0.9127180814743042,0.9174546450376511,0.9208533376455307,0.9248427957296371,0.9282836675643921,0.9316436737775803,0.9352957546710968,0.9387918263673782,0.942260566353798,0.9457615911960602,0.9504369348287582,0.9509991049766541,0.9536348044872284,0.9569176524877548,0.9637085646390915,0.9630697220563889,0.9654872357845307,0.9704591006040573,0.9730636447668075,0.9736280918121338,0.9766436159610749,0.9791114658117295,0.9816756755113601,0.9840827465057373,0.9886630654335022,0.9874109297990799,0.9897480458021164,0.9920998871326446,0.9940567016601562,0.9942235320806503,0.9988798081874848,0.9975326389074326,0.9998332589864731,1.0021943300962448,1.0036162048578263,1.0097578436136245,1.0077491313219071,1.0080239653587342,1.0114092409610749,1.0145061880350112,1.0148346245288848,1.0150125086307527,1.0186825960874557,1.0208449870347978,1.0221622705459594,1.0275082230567931,1.0246094584465026,1.0271074533462525,1.027748739719391,1.030982679128647,1.038284307718277
t_115,1.1822380900382996,1.1770742118358613,1.1791119158267975,1.1747369468212128,1.1712421953678132,1.1688223361968995,1.1610762774944305,1.1547449767589568,1.1467968940734863,1.1440124452114104,1.1372974216938019,1.1306642651557923,1.1295262038707734,1.1213448643684387,1.1189534366130829,1.109578114748001,1.102684873342514,1.092799925804138,1.0889222502708436,1.0804722607135773,1.0722908914089202,1.0682106494903565,1.0602575421333313,1.0508244931697845,1.0433068752288819,1.038230401277542,1.032134437561035,1.0205667316913605,1.0127532720565795,1.006676384806633,0.9947750806808472,0.9875248372554779,0.9796147465705871,0.9669805467128754,0.9553057909011841,0.9444924890995026,0.9379627376794815,0.9254965901374816,0.9181225746870041,0.906307402253151,0.8975545257329941,0.8826455622911453,0.868695291876793,0.8629228860139847,0.8467614054679871,0.8351526319980621,0.8192048400640488,0.8070565104484558,0.7886732906103134,0.779216468334198,0.7599771291017532,0.7405491799116135,0.7243761658668518,0.7085565239191055,0.691356235742569,0.6699401706457138,0.6528341889381408,0.6343634605407715,0.615553104877472,0.5943284511566163,0.5716706812381744,0.5520702630281449,0.5327360063791275,0.5144989162683486,0.48714175522327424,0.4670035630464554,0.4446843206882477,0.42149423658847807,0.40249849408864974,0.38200352489948275,0.36026816368103026,0.3342634305357933,0.3123002201318741,0.2903715714812279,0.26582613587379456,0.24965134263038635,0.22776987925171852,0.19517579078674316,0.167474939674139,0.15158456638455392,0.12827472090721131,0.10653717033565044,0.08103032782673836,0.07444152534008026,0.0,0.07565450631082057,0.0848742350935936,0.09997262619435787,0.12471019625663757,0.1462189696729183,0.1690981298685074,0.1900874748826027,0.21511093452572821,0.24352062344551087,0.26224167793989184,0.28542329668998717,0.30669342279434203,0.3287599295377731,0.3501885414123535,0.3728827714920044,0.39133491069078447,0.41406978368759156,0.43247466534376144,0.453043968975544,0.4687748923897743,0.48782679438591003,0.5031153976917266,0.5238058209419251,0.5360947757959366,0.5546737551689148,0.5691342949867249,0.5872568368911744,0.6000030636787415,0.6123192191123963,0.6280336529016495,0.6424895316362381,0.6538408011198044,0.6679819017648697,0.6807902961969375,0.6943523526191712,0.7085555553436279,0.7110026329755783,0.7223225653171539,0.7343886315822601,0.7431002229452133,0.7528446078300476,0.7618178009986878,0.7702704668045044,0.7786712259054184,0.7854931443929672,0.7947008639574051,0.8015855550765991,0.8089044630527497,0.8198250591754913,0.8233327955007553,0.8320899188518525,0.8371150732040405,0.8430370420217514,0.8502237558364868,0.855990645289421,0.8612755477428437,0.8679788529872894,0.8734698563814163,0.8765676647424698,0.8823776811361312,0.8861795365810394,0.8921905249357224,0.8975068211555481,0.8998509377241135,0.904418221116066,0.9091899007558822,0.9127237379550934,0.9169430494308471,0.9203317523002624,0.9237851977348328,0.9275680661201477,0.9308717876672745,0.9345236569643021,0.9382146716117858,0.9423040509223938,0.9435027837753296,0.946209853887558,0.9495565712451934,0.9558378309011459,0.9558176696300507,0.957835566997528,0.9630571633577347,0.9654608547687531,0.9664050310850143,0.9691830277442932,0.9715468227863312,0.9745397657155991,0.9766596734523774,0.9812155365943909,0.9801174193620682,0.9824723601341248,0.9853140771389007,0.9866075992584229,0.9875524312257766,0.9921320706605912,0.990832370519638,0.9932658523321152,0.9954469084739686,0.9971583008766174,1.003211709856987,1.0012524753808976,1.0017049878835678,1.004889965057373,1.0078858077526092,1.008571633696556,1.0088311463594437,1.0123513728380202,1.014365804195404,1.0158770591020585,1.0205049872398377,1.0184506744146347,1.0210610210895539,1.0219950467348098,1.0252158761024475,1.0322615206241608
t_114,1.1838278234004975,1.1788598597049713,1.1807691991329192,1.176529860496521,1.1729649543762206,1.1706020414829255,1.1629868865013122,1.1566251337528228,1.1488346219062806,1.1461027443408967,1.1394848942756652,1.132837849855423,1.1317879199981689,1.1237452268600463,1.1212433338165284,1.1119015872478486,1.105031383037567,1.0954230010509491,1.0915939450263976,1.083335131406784,1.074970304965973,1.0710182666778565,1.0631815850734712,1.0538172245025634,1.046372550725937,1.0413181722164153,1.0352524638175964,1.023853749036789,1.0162298440933228,1.0100073307752608,0.9983850210905075,0.9913914769887924,0.9832382500171661,0.971319729089737,0.959815388917923,0.9490432053804397,0.9426935702562332,0.93038811981678,0.9230020821094513,0.9115007430315017,0.9027568489313126,0.8883069097995758,0.8747687369585038,0.8689130961894989,0.8527686864137649,0.8416993588209152,0.8263603776693345,0.8141262322664261,0.796290734410286,0.7863268047571182,0.7682348906993866,0.7495026618242264,0.7334763675928115,0.718062287569046,0.7008059829473495,0.6802364438772202,0.6632759034633636,0.6454852640628814,0.6272234290838241,0.6064442783594132,0.5842811673879623,0.5652037560939789,0.5467256069183349,0.5273714438080788,0.5019739136099816,0.48220463693141935,0.4608049333095551,0.43744547516107557,0.41923741102218626,0.3982347548007965,0.3772163286805153,0.35091610848903654,0.329599617421627,0.3094674304127693,0.2847010865807533,0.264291076362133,0.2420343980193138,0.21658498644828797,0.18939417824149132,0.1676542989909649,0.14656273499131203,0.12451938576996327,0.10211059488356114,0.0798618320375681,0.07565450631082057,0.0,0.08436729051172734,0.09049505367875099,0.10599769651889801,0.1289900042116642,0.1537118136882782,0.17245190516114234,0.19503590390086173,0.21994976177811623,0.24326317757368088,0.2614960938692093,0.2832315877079964,0.306277360022068,0.3314186707139015,0.3541452020406723,0.37276279330253603,0.3936488315463066,0.41210793554782865,0.4358511880040169,0.45224523842334746,0.4683232232928276,0.4846150308847427,0.5073825523257256,0.519881109893322,0.5375277876853943,0.5519480884075165,0.5730693638324738,0.5842685699462891,0.596552038192749,0.6139858096837998,0.627817553281784,0.6391025751829147,0.6530332297086716,0.6683221846818924,0.6823928505182266,0.6966262012720108,0.6976809233427048,0.7088940471410752,0.7210478365421296,0.7304097831249237,0.7399478107690811,0.749398621916771,0.7580081045627594,0.7665232926607132,0.774345064163208,0.7830582022666931,0.7902615606784821,0.7974429547786712,0.8103822886943817,0.8122306942939759,0.821345654129982,0.8266692698001862,0.8325592964887619,0.8398784786462784,0.8459316253662109,0.8511325895786286,0.8583913505077362,0.8636891841888428,0.8668647408485413,0.8727526366710663,0.8766063332557679,0.883560311794281,0.8888879209756851,0.8907352030277252,0.8955628007650376,0.9002461671829224,0.9038973599672318,0.9080308586359024,0.911693063378334,0.9152788937091827,0.9189201146364212,0.9225505799055099,0.926187789440155,0.9297966241836548,0.9345477253198624,0.9353285759687424,0.938054820895195,0.9414372593164444,0.9483445823192597,0.9478837192058563,0.9503804236650467,0.9555557340383529,0.9581484735012055,0.958878031373024,0.9619324207305908,0.9644726336002349,0.9672426581382751,0.9697250068187714,0.9744427889585495,0.9732127159833908,0.9756518989801407,0.9782395273447037,0.980078649520874,0.9804505944252014,0.9851988941431046,0.9840029597282409,0.98631392121315,0.9887178778648377,0.9903262466192245,0.9966030478477478,0.9946260839700699,0.9949235081672668,0.9984060108661652,1.001632621884346,1.002069091796875,1.0023419469594956,1.0060499548912047,1.0082185089588165,1.0096903771162034,1.0150263249874114,1.012338751554489,1.0149432599544526,1.0157808840274811,1.0191813349723815,1.0265636026859284
t_113,1.190906673669815,1.1859281539916993,1.1879242360591888,1.1837241291999816,1.1803727328777314,1.1780258536338806,1.1705892980098724,1.1645223438739776,1.15686137676239,1.1541952788829803,1.1477662384510041,1.1414110481739044,1.1403191804885864,1.1324683129787445,1.1302343249320983,1.1212616384029388,1.114645528793335,1.1051849246025085,1.1014551639556884,1.0933897614479064,1.0855964720249176,1.081712681055069,1.074127745628357,1.0651143968105317,1.057966125011444,1.0531314373016358,1.0473166406154633,1.036317777633667,1.0288278579711914,1.0231283068656922,1.011814358830452,1.00485200881958,0.9973990738391876,0.9853308886289597,0.9742132693529129,0.963967478275299,0.9577072501182556,0.9459176629781723,0.9389416575431824,0.9276254951953888,0.9193358242511749,0.9051575303077698,0.8918287307024002,0.8863835513591767,0.8710727393627167,0.8599183738231659,0.8447057336568833,0.8332124650478363,0.8157101303339005,0.8067922115325927,0.7884260892868042,0.7698655068874359,0.7544832020998001,0.7393172472715378,0.7229599863290787,0.7025111794471741,0.686323669552803,0.6686569601297379,0.650378942489624,0.6303211033344269,0.60859534740448,0.5899159729480743,0.571304714679718,0.5538728088140488,0.5275873884558677,0.5083369567990303,0.48678181767463685,0.46462489664554596,0.4464519515633583,0.4266955807805061,0.4055424138903618,0.38045018166303635,0.3592586532235146,0.33778845965862275,0.3140078455209732,0.2972163051366806,0.27570953220129013,0.2443727359175682,0.21734238490462304,0.1997101679444313,0.17635185047984123,0.15187932923436165,0.1246373314410448,0.10820596143603325,0.0848742350935936,0.08436729051172734,0.0,0.06874651610851287,0.0873387560248375,0.10388941317796707,0.12200392708182335,0.14441874176263808,0.17024028301239014,0.19834022521972655,0.21581813246011733,0.2417777545750141,0.2625575378537178,0.28472847789525985,0.3052789956331253,0.3286703035235405,0.34738054424524306,0.3719036102294922,0.3911521315574646,0.4116552397608757,0.4280851408839226,0.44859916120767596,0.4642852783203125,0.48579112589359286,0.49831419736146926,0.5177334785461426,0.5329413056373596,0.5513860434293747,0.5650908946990967,0.5780944585800171,0.594217112660408,0.6095690846443176,0.6215331971645355,0.6365101546049118,0.6496103495359421,0.6637284904718399,0.6789873510599136,0.6816239416599273,0.693479523062706,0.7062576413154602,0.7153351962566376,0.7256738007068634,0.7349309772253036,0.7438156634569169,0.7526253491640091,0.7596825271844864,0.7695860952138901,0.7766737639904022,0.7844569653272628,0.7955829620361328,0.7996040850877761,0.8086902260780334,0.8139507740736007,0.8202114552259445,0.8277059972286225,0.8337463825941086,0.8392714828252792,0.8462897926568985,0.8520467191934585,0.8553659498691559,0.8614196658134461,0.8654753029346466,0.8716095060110092,0.8771929234266281,0.8797631561756134,0.8844548642635346,0.8895032286643982,0.893160954117775,0.897758013010025,0.9012225955724716,0.9047557711601257,0.9088257431983948,0.9122766762971878,0.9160651654005051,0.9200514256954193,0.9242355346679687,0.9255822241306305,0.9283946931362153,0.9318343669176101,0.9383997231721878,0.9385424017906189,0.9404618799686432,0.945950385928154,0.9484771072864533,0.9495421379804612,0.9524596333503723,0.9548216164112091,0.9580942004919052,0.9602126240730285,0.9649674206972122,0.9639334142208099,0.9663853228092194,0.9694477587938308,0.9707178205251694,0.9718403130769729,0.9766232013702393,0.9751899182796478,0.9777954369783401,0.9800665467977524,0.9818210929632187,0.988254600763321,0.9861786603927613,0.9867285937070847,0.9899496048688888,0.9931098729372024,0.9938968658447266,0.9941946387290954,0.9978852450847626,0.9999131619930267,1.0015551656484605,1.0062837719917297,1.0043609231710433,1.0071404486894608,1.0081293493509293,1.0114809364080428,1.0189335227012635
t_112,1.1934267640113831,1.1885177135467528,1.1905104696750641,1.1863679587841034,1.1831069231033324,1.1808164536952972,1.1735034167766571,1.1675656616687775,1.160036712884903,1.1574233710765838,1.15110182762146,1.1448789894580842,1.1438037693500518,1.1361112356185914,1.133954256772995,1.125160777568817,1.1187116205692291,1.1093917191028595,1.1057354509830475,1.097825711965561,1.0902499675750732,1.0864209055900573,1.0789804995059966,1.0701655149459839,1.0631551384925841,1.058436745405197,1.0527879774570466,1.0419736742973327,1.0346439003944397,1.029098242521286,1.0180009722709655,1.0111595392227173,1.0039542376995088,0.9920097112655639,0.9811379462480545,0.9711187809705735,0.9649995237588882,0.9533976793289185,0.9465766072273254,0.9355099678039551,0.927360936999321,0.9134360730648041,0.9003758937120437,0.8949852406978607,0.8799858570098877,0.8690518438816071,0.8541041821241379,0.8427874684333801,0.825609689950943,0.8168787032365799,0.7987816393375397,0.7805329263210297,0.7654336214065551,0.7506056398153305,0.7345054149627686,0.7144541323184967,0.6984697192907333,0.6812393546104432,0.6634846597909927,0.6434473335742951,0.6223662793636322,0.6038667291402817,0.5856642723083496,0.5685157269239426,0.5426795572042465,0.5238544791936874,0.5028535157442093,0.48077801764011385,0.4628713548183441,0.44344462603330614,0.4225087374448776,0.3978117987513542,0.3771547943353653,0.3558011516928673,0.3323013365268707,0.31529332250356673,0.2940327122807503,0.26268467903137205,0.23582673072814941,0.21844746246933938,0.19525321200489998,0.1720515415072441,0.14281109049916269,0.12394321449100971,0.09997262619435787,0.09049505367875099,0.06874651610851287,0.0,0.07340334504842758,0.08553868904709816,0.1039000827819109,0.12189411260187626,0.14897607564926146,0.17978849187493323,0.1948141135275364,0.2211565800011158,0.2418305106461048,0.26430517584085467,0.28434372544288633,0.30806331932544706,0.32800464034080506,0.35240362882614135,0.37192130982875826,0.3927799925208092,0.4092482939362526,0.4303973227739334,0.44627208560705184,0.4676424741744995,0.48058112114667895,0.5009772926568985,0.5167079538106918,0.534948107600212,0.5493706911802292,0.5624852031469345,0.578865921497345,0.5946329534053802,0.6069426357746124,0.6221424758434295,0.6351392805576325,0.6496950685977936,0.6650073975324631,0.6681973725557327,0.6805348962545394,0.6933753192424774,0.702579739689827,0.7131785154342651,0.7229603558778763,0.7319648712873459,0.7409065395593644,0.7479247897863388,0.7580317318439483,0.7654119521379471,0.7732797294855118,0.7843722343444824,0.7887611985206604,0.798035541176796,0.8034687042236328,0.8098484754562378,0.8175853282213211,0.8236088395118714,0.8293550819158554,0.8364102751016617,0.8422987222671509,0.8456922888755798,0.851960101723671,0.855996721982956,0.8621825098991394,0.8678691387176514,0.8706655353307724,0.875526049733162,0.8805081456899643,0.8843445479869843,0.8889313638210297,0.892522320151329,0.8962445318698883,0.900277516245842,0.9037590682506561,0.907677149772644,0.911646181344986,0.9158520132303238,0.9173600643873214,0.9202344059944153,0.9237610906362533,0.9302699953317642,0.9305354297161103,0.9325466275215148,0.9381284326314926,0.9406256794929504,0.9418026685714722,0.9447040826082229,0.9471525847911835,0.9505096226930618,0.952686932682991,0.9574803411960602,0.9564645886421204,0.9589770078659058,0.9621563702821732,0.9633672326803208,0.9646268963813782,0.9693996906280518,0.9681420207023621,0.9707416236400604,0.9730092227458954,0.974928417801857,0.9813089460134506,0.9793240159749985,0.9798931032419205,0.983186811208725,0.986363810300827,0.987250593304634,0.9876059859991073,0.9912669271230697,0.9933354824781417,0.9950443297624588,0.9997072488069534,0.9979520887136459,1.0007730305194855,1.0019304871559143,1.0053808569908143,1.0127575606107713
t_111,1.19659783244133,1.191910022497177,1.193751621246338,1.1897476434707641,1.1863814532756805,1.184123122692108,1.176933801174164,1.1709410965442657,1.1635424494743347,1.1609625160694121,1.1547391653060912,1.1484670519828797,1.1474823474884033,1.1398903906345368,1.1375780761241914,1.1287947118282318,1.1222990453243256,1.1132799685001373,1.1096580922603607,1.1019047737121581,1.0940484523773193,1.090388971567154,1.08303302526474,1.074222242832184,1.0672724187374114,1.0625516176223755,1.0568451046943665,1.046236628293991,1.0390393316745759,1.0333380162715913,1.0225026547908782,1.015945988893509,1.008341094851494,0.9972628653049469,0.9865310162305831,0.9765271306037903,0.9706270009279251,0.9592005163431168,0.9523720264434814,0.9415781289339066,0.9334998250007629,0.9200849235057831,0.9073998361825943,0.9020301908254623,0.8870966315269471,0.8766780644655228,0.8624176770448685,0.8511062294244767,0.8345357477664948,0.8253363281488418,0.8085214108228683,0.7910528838634491,0.7761152565479279,0.7616804093122482,0.7457108348608017,0.7265757262706757,0.7108557015657425,0.6941310226917267,0.6767765581607819,0.6577625125646591,0.6369473814964295,0.6193707466125489,0.6018342912197113,0.5836094290018081,0.5600759863853455,0.5413557648658752,0.5211042106151581,0.4995423659682274,0.48222198486328127,0.4627339616417885,0.4426485985517502,0.41779179126024246,0.3972930237650871,0.3778235986828804,0.35446987450122835,0.334182596206665,0.31278054863214494,0.2879877254366875,0.2618511222302914,0.23924157544970512,0.2172323301434517,0.1926467962563038,0.16780567094683646,0.1421884149312973,0.12471019625663757,0.10599769651889801,0.0873387560248375,0.07340334504842758,0.0,0.07280793637037278,0.08868606984615326,0.10691614001989365,0.12822831571102142,0.14850395247340203,0.17269104942679406,0.19184596464037895,0.21282165721058846,0.23694561272859574,0.2617777317762375,0.2854822352528572,0.30360249131917955,0.32723812013864517,0.34671491086483003,0.37082873582839965,0.38840903639793395,0.4061907812952995,0.42335047423839567,0.44780323654413223,0.46068858057260514,0.47937108427286146,0.4945977419614792,0.5173205867409706,0.5290629744529725,0.5427532881498337,0.5612136900424958,0.5760943531990051,0.5883793920278549,0.603548389673233,0.6197993487119675,0.6347179651260376,0.6504577726125718,0.6515565544366837,0.663490679860115,0.6768526345491409,0.6868602156639099,0.6972205877304077,0.7070933818817139,0.7163093477487564,0.7256890714168549,0.7340629965066909,0.7436763226985932,0.7512461125850678,0.7591416031122208,0.7728268891572952,0.7750386625528336,0.78469919860363,0.7904453873634338,0.7968558460474015,0.8046069115400314,0.8112013936042786,0.816805973649025,0.8245827317237854,0.8302923291921616,0.8337816685438156,0.8400412261486053,0.8442940145730973,0.851541131734848,0.8573582649230957,0.8594478964805603,0.8644515484571457,0.8696395576000213,0.8734718888998032,0.8780938595533371,0.8818959087133408,0.8856317222118377,0.8897689998149871,0.893557670712471,0.8974863141775131,0.9014405697584152,0.906464371085167,0.9073514133691788,0.9103013426065445,0.9138629496097564,0.9212164014577866,0.920917135477066,0.923364844918251,0.9289209008216858,0.9317689418792725,0.9326187998056412,0.9359083533287048,0.9385391473770142,0.9416361153125763,0.9441906630992889,0.9491789668798447,0.948037788271904,0.9506412595510483,0.9534745007753372,0.9554103046655655,0.9559595704078674,0.9610017210245132,0.9596315264701843,0.9622603237628937,0.9648217707872391,0.9664966523647308,0.9732709556818009,0.9711505502462388,0.971592029929161,0.9752139955759048,0.9786523640155792,0.9792461156845093,0.9795591115951539,0.9835545420646667,0.9858450949192047,0.9874708741903305,0.993056446313858,0.990480723977089,0.993316376209259,0.9942236244678497,0.9978634744882584,1.0058446556329728
t_110,1.2003294110298157,1.1956655502319335,1.1975897133350373,1.1936354100704194,1.1904403746128083,1.1882573425769807,1.1812304496765136,1.1754871785640717,1.168252032995224,1.1657645046710967,1.1596821427345276,1.1536693453788758,1.1526859283447266,1.1453146576881408,1.1432360649108886,1.1347589671611786,1.1285431623458861,1.1196643471717835,1.1161566257476807,1.1086377680301667,1.1012628734111787,1.097639548778534,1.0905374050140382,1.082068681716919,1.075366485118866,1.0708574056625366,1.0654297828674317,1.0551320135593414,1.0481464326381684,1.042786467075348,1.0322795331478118,1.0257543563842773,1.018799614906311,1.0075526356697082,0.9971803694963455,0.9875811517238617,0.9817577421665191,0.9706986606121063,0.9641644388437272,0.9536468029022217,0.9458173334598541,0.9326129496097565,0.9201843291521072,0.9149924516677856,0.9005846202373504,0.8903080284595489,0.8761368155479431,0.8652421981096268,0.8489332675933838,0.8403712928295135,0.823415431380272,0.8060766786336899,0.7916480451822281,0.7775812357664108,0.7620361238718033,0.7430067390203476,0.7277014642953873,0.7114326030015945,0.694519829750061,0.6753811061382293,0.6552601873874664,0.6376569956541062,0.6205106556415558,0.603483036160469,0.5792596846818924,0.5613485187292099,0.5413639903068542,0.5199733406305314,0.5031157806515694,0.4840076506137848,0.4640968099236488,0.43999124467372897,0.42048442363739014,0.40043588280677794,0.37727937400341033,0.35914260149002075,0.3380507618188858,0.3099438726902008,0.283635675907135,0.26466762870550153,0.24254408702254296,0.21921114027500152,0.1905341349542141,0.16891983896493912,0.1462189696729183,0.1289900042116642,0.10388941317796707,0.08553868904709816,0.07280793637037278,0.0,0.07393322587013244,0.08070238791406155,0.10327419564127922,0.13382496908307076,0.14661893546581267,0.17064185589551925,0.19212262853980064,0.2142687201499939,0.23588297963142396,0.26028243601322176,0.2804205611348152,0.3043877437710762,0.324703574180603,0.3474898785352707,0.36491173058748244,0.38543522655963897,0.402045302093029,0.4251249894499779,0.43869596272706984,0.4593040689826012,0.4759477287530899,0.4958275809884071,0.5104332268238068,0.5238997340202332,0.5416656583547592,0.5578905761241912,0.5706232070922852,0.5863582134246826,0.6010257542133332,0.6163495510816575,0.6323399245738983,0.6352546334266662,0.6481543511152268,0.6615238457918167,0.6714261591434478,0.6824059933423996,0.6929518222808838,0.7023938030004502,0.7117624580860138,0.7195943683385849,0.7298885405063629,0.7377687841653824,0.7459384888410568,0.7582541823387146,0.7622602164745331,0.7719591945409775,0.7777867794036866,0.7844720125198364,0.7926412343978881,0.7990087985992431,0.8049355983734131,0.8125167578458786,0.818583732843399,0.8222163408994675,0.828815221786499,0.8331047415733337,0.8399081707000733,0.845766019821167,0.8485324710607529,0.853805074095726,0.8588970810174942,0.8629562675952911,0.8676915258169174,0.8716738611459732,0.875579297542572,0.8796481311321258,0.8834759384393692,0.8875342309474945,0.8916684418916703,0.8962738394737244,0.8977375745773315,0.9007617503404617,0.9043722540140152,0.9113720864057541,0.9116144388914108,0.9138894647359848,0.9195653766393661,0.9222911030054093,0.9235028445720672,0.9266477108001709,0.9292099893093109,0.9326528072357178,0.9350386738777161,0.9400741279125213,0.9390275061130524,0.9417373746633529,0.9448807835578918,0.9463937252759933,0.9474970579147339,0.9525172173976898,0.9513325273990632,0.9539755851030349,0.9564844906330109,0.9583675235509872,0.9651075839996338,0.9631220817565918,0.9636681944131851,0.9671719163656235,0.9705882430076599,0.9714515060186386,0.9719150751829148,0.9757093280553818,0.9779279917478562,0.9797372847795487,0.9848342537879944,0.9828526914119721,0.9858147174119949,0.9870043933391571,0.9906596392393112,0.9984518051147461
t_109,1.2060205280780791,1.2014099836349488,1.203332430124283,1.199411803483963,1.1963294565677642,1.194154304265976,1.187243688106537,1.1816728055477141,1.174543696641922,1.1720880627632142,1.166123104095459,1.1602804362773895,1.159265923500061,1.15201935172081,1.1500430524349212,1.1417789876461029,1.1357097148895263,1.1269661605358123,1.1235221087932588,1.1161235332489015,1.1090296149253844,1.1054933667182922,1.0985336601734161,1.090255320072174,1.083740085363388,1.079359668493271,1.0740424156188966,1.0640032708644866,1.0571074306964874,1.0520357191562653,1.0416959881782533,1.0352769076824189,1.0285856306552887,1.0174101293087006,1.0072619885206222,0.9979736268520355,0.992256560921669,0.9815159171819687,0.9751889765262604,0.9647974699735642,0.9572666823863983,0.9443152159452438,0.9320777863264084,0.9271012097597122,0.9131527125835419,0.9029747694730759,0.8890256851911544,0.8785731881856919,0.8625507354736328,0.8545059502124787,0.8376511484384537,0.8206190913915634,0.8065280616283417,0.7926594227552414,0.7777166426181793,0.7589316159486771,0.7441468238830566,0.7279644280672073,0.7112073779106141,0.6928078591823578,0.6729286521673202,0.6557692676782608,0.6387051850557327,0.6226146906614304,0.5986036956310272,0.5808322131633759,0.5609693974256516,0.540524598956108,0.5236579641699791,0.5053252145648003,0.48563663214445113,0.4624276697635651,0.4423225551843643,0.4226938635110855,0.4001974895596504,0.3833314448595047,0.362637297809124,0.33393516540527346,0.30769441425800326,0.28975979089736936,0.26750465482473373,0.24302834123373032,0.21489982083439826,0.19263570979237557,0.1690981298685074,0.1537118136882782,0.12200392708182335,0.1039000827819109,0.08868606984615326,0.07393322587013244,0.0,0.07422325126826763,0.09298567622900009,0.11936437711119652,0.1271601054817438,0.1571371525526047,0.17620728462934493,0.19752562940120696,0.21439949944615364,0.2391262359917164,0.25900487750768664,0.2859742373228073,0.3065035715699196,0.32652570158243177,0.34405294209718706,0.3676896557211876,0.3842900514602661,0.40660533457994463,0.4202241823077202,0.4418207213282585,0.45854432284832003,0.4775786116719246,0.4929791584610939,0.5077104896306992,0.524646332859993,0.5417924284934997,0.5552320957183838,0.5716597825288773,0.5853592395782471,0.6005823493003846,0.6172719240188599,0.6211352735757828,0.6342510879039764,0.6482326865196228,0.6581281393766403,0.6695368885993958,0.6797493517398834,0.6894398599863052,0.699202623963356,0.7067914724349975,0.7178796708583832,0.7255896508693696,0.7342654049396515,0.74577676653862,0.7508997559547425,0.7605244040489196,0.7665431588888169,0.7734903484582901,0.7816530495882035,0.7882462710142135,0.7943353950977325,0.8018737077713013,0.8081490427255631,0.8120270282030105,0.8186765998601914,0.8231636941432953,0.8295306414365768,0.8356845796108245,0.8387998580932617,0.8438876956701279,0.8493784219026566,0.8533832222223282,0.8585079282522201,0.862276378273964,0.8661136448383331,0.8706365644931793,0.8743363708257675,0.8785277783870697,0.8828972756862641,0.8873028844594956,0.8890258014202118,0.8921203315258026,0.8958113640546799,0.9026485413312912,0.9032330214977264,0.9051931828260422,0.9110452622175217,0.9138565212488174,0.9152237892150878,0.9183755099773407,0.9208722531795501,0.9245953321456909,0.9268201857805252,0.9318366527557373,0.9310052871704102,0.9337039768695832,0.9370751470327378,0.9384352058172226,0.93989317715168,0.9448977082967758,0.9435833871364594,0.9465220212936402,0.9489284783601761,0.9508781373500824,0.957678958773613,0.9556465685367584,0.9564384013414383,0.9598068565130233,0.9631478279829025,0.9642366826534271,0.9646764993667603,0.9686078995466232,0.9707898259162903,0.9726651191711426,0.9775416374206543,0.9759887665510177,0.9790397375822067,0.9802656203508378,0.9839426517486572,0.9918967813253403
t_108,1.2082051455974578,1.2036650598049163,1.2055889904499053,1.2017501533031463,1.1987415313720704,1.1966410219669341,1.1898704171180725,1.1844230532646178,1.1774380087852478,1.175057715177536,1.1691977083683014,1.1635025203227998,1.1625196933746338,1.1554402112960815,1.1535630226135254,1.1454632043838502,1.1395716071128845,1.130975568294525,1.1276079416275024,1.120400470495224,1.1135184049606324,1.1100268721580506,1.1032265424728394,1.0951634049415588,1.0887763738632201,1.0845035314559937,1.0793742895126344,1.0695141434669495,1.0628149449825286,1.0578612685203552,1.0477528512477874,1.0414475977420807,1.0350463032722472,1.0239637196063995,1.0140691339969634,1.0049903452396394,0.9993933379650116,0.9888568609952927,0.9826864123344421,0.9725723564624786,0.965148189663887,0.9524411946535111,0.9404833495616913,0.93556227684021,0.9218821167945862,0.9119625180959702,0.8982612133026123,0.8879471212625504,0.8722631216049195,0.8643733769655227,0.847800663113594,0.8310606807470322,0.8172550946474075,0.8037511229515075,0.788979458808899,0.7706166297197342,0.7559992432594299,0.7403565317392349,0.7241149395704269,0.7056323617696763,0.6863956838846207,0.6694172203540802,0.6528133392333985,0.6369448632001877,0.6132232576608658,0.5960505783557892,0.5768673866987228,0.5563196301460266,0.5399639904499054,0.5217376962304116,0.5024620980024338,0.47943684458732605,0.4604995295405388,0.4407765299081802,0.41836967766284944,0.40181613266468047,0.38140335083007815,0.35256025195121765,0.3267244592308998,0.3095809265971184,0.2877175405621529,0.26468050181865693,0.23516399636864663,0.21431657373905183,0.1900874748826027,0.17245190516114234,0.14441874176263808,0.12189411260187626,0.10691614001989365,0.08070238791406155,0.07422325126826763,0.0,0.07409585155546665,0.1087123055011034,0.10699869580566883,0.13599944934248925,0.15498570278286933,0.17450355738401413,0.1912827230989933,0.21615013107657433,0.23775806427001953,0.26348677277565,0.2844199314713478,0.305180986225605,0.32263402044773104,0.3464517965912819,0.3631004452705383,0.38500113040208817,0.3992416873574257,0.42219127863645556,0.4399514809250832,0.4582021728157997,0.4749775007367134,0.48916376531124117,0.506488399207592,0.5241996213793755,0.5378116190433502,0.5543662697076798,0.5680087894201279,0.5840349584817887,0.60051129758358,0.60512093603611,0.6190071731805802,0.6327569365501404,0.6428397804498672,0.6546091049909591,0.6657769441604614,0.6755730330944061,0.6852987885475159,0.6928730696439743,0.7040809392929077,0.7123078346252442,0.7209594160318374,0.7324968367815018,0.7380306601524353,0.7479593962430954,0.754173481464386,0.7612010419368744,0.7697868764400482,0.7762151211500168,0.7826103776693344,0.7902418702840805,0.7966257393360138,0.8005518227815628,0.8075436234474183,0.8119906306266784,0.8185366868972779,0.8247650653123856,0.8281533390283584,0.8335966318845749,0.8387876808643341,0.8431217104196549,0.8481902301311492,0.8522583842277527,0.8563726931810379,0.8606845766305924,0.8644884884357452,0.868814742565155,0.8731554538011551,0.877628755569458,0.8795417904853821,0.8827214270830155,0.8864827334880829,0.8933135062456131,0.8940154790878296,0.8961858123540878,0.902138152718544,0.9048380494117737,0.9063646197319031,0.9094999253749847,0.9121062219142914,0.9159215360879898,0.9182543337345124,0.9233372330665588,0.9225192934274673,0.9252825260162354,0.928841495513916,0.9300832569599151,0.9316972911357879,0.936706879734993,0.9356656908988953,0.9384862720966339,0.9409273833036422,0.9430899113416672,0.9498503059148788,0.9479356199502945,0.9486807286739349,0.9521615713834762,0.9555993527173996,0.956725350022316,0.9573248893022537,0.9611516714096069,0.9633378446102142,0.9653650164604187,0.9701726853847503,0.9687959611415863,0.9718880623579025,0.9733438193798065,0.9771496415138244,0.984954109787941
t_107,1.2111739814281464,1.2068186402320862,1.2086497724056244,1.2049107432365418,1.2018605709075927,1.199821311235428,1.193161803483963,1.1877369463443757,1.1809028327465056,1.178577905893326,1.1727878212928773,1.1671448826789856,1.1662240326404572,1.159285271167755,1.1573588132858277,1.1493185579776763,1.143483817577362,1.1351543009281158,1.1318412721157074,1.1248018383979796,1.1178459644317627,1.1144836962223053,1.1078153908252717,1.0998310387134551,1.0935570418834686,1.0893441677093505,1.0842605590820313,1.0745877504348755,1.0680478274822236,1.0630560040473938,1.0532014667987823,1.047093439102173,1.040617859363556,1.0300119400024415,1.020301714539528,1.0113364040851593,1.0058826684951783,0.995569258928299,0.9894432216882706,0.9795921593904495,0.9722678899765015,0.9599414885044097,0.9482900470495224,0.9433888077735901,0.9297548711299897,0.9203711897134781,0.907129368185997,0.8969094187021256,0.8815972685813904,0.8735662400722504,0.8578003853559494,0.8415775030851365,0.8279578477144242,0.814850801229477,0.8002651691436767,0.782428577542305,0.768060564994812,0.7528514713048935,0.7371811300516129,0.7192320555448533,0.7003333389759063,0.6838868647813797,0.6679541587829589,0.6517246693372727,0.6293709874153137,0.6124325126409531,0.5938172221183777,0.5736260026693344,0.5577769100666046,0.5394799530506134,0.5210107952356339,0.49819906055927277,0.47932844907045363,0.4611521676182747,0.4387466087937355,0.42139275670051574,0.40101924240589143,0.37530075162649157,0.34925891309976576,0.3311770439147949,0.31032278686761855,0.28729020804166794,0.2592665940523148,0.23650488257408142,0.21511093452572821,0.19503590390086173,0.17024028301239014,0.14897607564926146,0.12822831571102142,0.10327419564127922,0.09298567622900009,0.07409585155546665,0.0,0.095726503059268,0.08663786798715592,0.11114241443574428,0.1310629665851593,0.14758536964654922,0.16923399344086648,0.1942730166018009,0.21495003998279572,0.2383856952190399,0.2592041626572609,0.28189619183540343,0.30051372945308685,0.32230760604143144,0.3397765770554543,0.3631372556090355,0.3782787948846817,0.400339937210083,0.4181185305118561,0.4390339955687523,0.45446005910634996,0.4691417068243027,0.4877555951476097,0.5050733849406243,0.5188799381256104,0.5353651702404022,0.5513256192207336,0.5675258010625839,0.5838437557220459,0.5879907041788102,0.601836946606636,0.6157148271799088,0.6266315549612045,0.6382124572992325,0.6497313767671585,0.6597842693328857,0.6698454320430756,0.6783796340227127,0.6892800688743591,0.6977906554937363,0.7065584719181061,0.7195774376392364,0.7240572720766068,0.7340639173984528,0.7407695531845093,0.7479330241680145,0.7565359175205231,0.7634387344121933,0.7697540789842605,0.777828848361969,0.7841232478618622,0.7883204400539399,0.7953499406576157,0.8000152677297592,0.8072370380163193,0.8135410815477371,0.8165754914283753,0.8222707271575928,0.8275190532207489,0.8319555401802063,0.837012556195259,0.8413773894309997,0.8455558538436889,0.8498600870370865,0.8539531379938126,0.8583251297473907,0.8626539260149002,0.8676320612430573,0.8692914009094238,0.8725707560777665,0.8763200968503952,0.8835633635520935,0.8840874850749969,0.8866240561008454,0.8924136281013488,0.8954336076974869,0.8968421250581742,0.9002658754587174,0.9030159026384353,0.9066647917032242,0.9092515170574188,0.9144100427627564,0.9136224865913392,0.9165113300085068,0.9197813719511032,0.9215792119503021,0.9227817267179489,0.9278779983520508,0.9269872277975082,0.9298106968402863,0.9324687272310257,0.9344648331403732,0.9413303852081298,0.9395133048295975,0.9402445048093796,0.9439113736152649,0.9474995762109757,0.9484841465950012,0.9491797059774398,0.9531377047300339,0.9554819792509079,0.9574788361787796,0.962842372059822,0.9610634982585907,0.9641866266727448,0.9655626535415649,0.969489398598671,0.9776207864284515
t_106,1.2130004346370697,1.208858346939087,1.2104527473449707,1.2068647742271423,1.203650027513504,1.2015776097774507,1.1950177669525146,1.1894424617290498,1.182670533657074,1.1803147554397584,1.1746360421180726,1.1688008666038514,1.1679808795452118,1.1610658466815948,1.1588487505912781,1.1507305026054382,1.1446969926357269,1.136660397052765,1.1333282351493836,1.1263741493225097,1.1188989222049712,1.1157273173332214,1.109058827161789,1.100961399078369,1.0946654021739959,1.0903695821762085,1.0850948631763457,1.0755924999713897,1.0690991282463074,1.0638548851013183,1.0541982710361482,1.0484383940696715,1.0411956310272217,1.0318312346935272,1.0221671402454375,1.0131060183048248,1.0079089283943177,0.9977115631103516,0.9915068566799163,0.9818486392498016,0.9746173232793808,0.9628822654485703,0.9516210615634918,0.9467426627874375,0.9332068979740142,0.9241964489221572,0.9118004411458969,0.901529285311699,0.886967995762825,0.8782278060913086,0.8640254527330399,0.848779946565628,0.8352953344583511,0.8224782317876815,0.808029854297638,0.7913899183273315,0.7773791730403901,0.7625408798456192,0.7469875454902649,0.7305324256420136,0.7118514955043793,0.6965996146202087,0.681170865893364,0.6636261373758316,0.6441246747970581,0.6271060615777969,0.6092301130294799,0.5900433003902436,0.5745885133743286,0.5567121237516404,0.538836732506752,0.5161085516214371,0.4972723662853241,0.4808821976184845,0.4593997374176979,0.4379947528243065,0.4180931955575943,0.3997100591659546,0.3758470624685287,0.3513914614915848,0.3322379320859909,0.30794100612401965,0.28576512932777404,0.2589175432920456,0.24352062344551087,0.21994976177811623,0.19834022521972655,0.17978849187493323,0.14850395247340203,0.13382496908307076,0.11936437711119652,0.1087123055011034,0.095726503059268,0.0,0.09736072607338428,0.08988648355007171,0.10396303907036782,0.1270191825926304,0.15839487984776496,0.17981893122196196,0.19393013045191765,0.2160639338195324,0.2356017515063286,0.2653736941516399,0.2852726146578789,0.2984531417489052,0.31845070570707323,0.3488771110773087,0.3619574710726738,0.37916440069675444,0.39455766081809995,0.4251215815544128,0.4339633122086525,0.4498151779174805,0.4721982181072235,0.4870826631784439,0.5007008507847786,0.516966599225998,0.5388289093971252,0.5551579236984253,0.5729232579469681,0.5718626171350479,0.584212651848793,0.5994983643293381,0.6114401936531066,0.6225423067808151,0.6333528131246566,0.6436883777379989,0.6545120000839233,0.6652455568313599,0.6753214508295059,0.6836962133646012,0.6924803733825684,0.7102027177810669,0.7104952752590179,0.7212430208921432,0.7280953049659729,0.7352014541625976,0.7435851752758026,0.7515209406614304,0.7575172126293183,0.7667515069246292,0.7727505266666412,0.7769090741872787,0.7836602210998536,0.7886205524206161,0.7975879728794097,0.8041633695363999,0.8057654976844788,0.8113139718770981,0.8172105312347412,0.8214281350374222,0.8266369611024856,0.830927637219429,0.8350084602832795,0.839800676703453,0.8442543894052505,0.8485247701406479,0.8528636127710343,0.8591877490282058,0.8596557319164276,0.8629789501428604,0.8668095588684082,0.8755411267280578,0.8749072790145874,0.8780103415250778,0.8839061975479126,0.8874574214220047,0.8881603121757508,0.8922158896923065,0.89521464407444,0.8984036415815353,0.9015674650669098,0.9070494443178176,0.9059928297996521,0.9088994771242142,0.9116704255342484,0.9146186828613281,0.9145936042070388,0.9201996058225632,0.9187658190727234,0.9217721104621888,0.9248082101345062,0.9263984113931656,0.934050852060318,0.9317442059516907,0.9323148250579834,0.9364816069602966,0.9404620289802551,0.9409147948026657,0.9413425713777542,0.9460248827934266,0.9487232029438019,0.9504921853542327,0.9574045956134796,0.954179909825325,0.9573102980852127,0.9581371307373047,0.9623326092958451,0.9715761810541153
t_105,1.2190605878829956,1.2148016035556792,1.2166308999061584,1.212993961572647,1.2101057171821594,1.2081159055233002,1.2016841053962708,1.1965136349201202,1.1898752570152282,1.1876237094402313,1.1820539236068726,1.1766419291496277,1.175737589597702,1.1690489828586579,1.1672533810138703,1.1595744848251344,1.1539763152599334,1.1458964586257934,1.142707347869873,1.1359270513057709,1.1293546676635742,1.1261241674423217,1.1197260022163391,1.1120798647403718,1.1060980081558227,1.102084708213806,1.097220742702484,1.0879845798015595,1.0816563606262206,1.0770153760910035,1.0675717890262604,1.0616773188114166,1.055590170621872,1.0453245997428895,1.0360390305519105,1.0275399088859558,1.0223230510950088,1.0124999672174453,1.0067271322011948,0.9972370386123657,0.9903124660253525,0.9785087257623672,0.9673133134841919,0.9627049505710602,0.9498812139034272,0.9407267987728118,0.927989861369133,0.918346980214119,0.9037211537361145,0.8962835758924484,0.8810037732124328,0.8654470145702362,0.8525198936462403,0.8399256378412246,0.8261282116174697,0.8090033680200577,0.7953821688890457,0.7807952225208282,0.7656176030635834,0.7485907137393951,0.7305733919143677,0.7148492187261581,0.699420377612114,0.6842518031597138,0.6626618504524231,0.6464444696903229,0.62845558822155,0.6094164729118348,0.5940836638212204,0.5769479036331177,0.558963742852211,0.5373269140720367,0.5191205114126205,0.5013539403676986,0.480164623260498,0.46360141783952713,0.44406619668006897,0.41850735396146777,0.3938117355108261,0.37643631994724275,0.35582852363586426,0.3332070395350456,0.30595050305128096,0.2839618340134621,0.26224167793989184,0.24326317757368088,0.21581813246011733,0.1948141135275364,0.17269104942679406,0.14661893546581267,0.1271601054817438,0.10699869580566883,0.08663786798715592,0.09736072607338428,0.0,0.0912621058523655,0.10196183361113072,0.11304669417440891,0.12354441508650779,0.14826183170080184,0.16830384507775306,0.19391593858599662,0.21516722366213797,0.2354097470641136,0.2542754627764225,0.2790629714727402,0.29604221135377884,0.3191733255982399,0.3345488414168358,0.35800275951623917,0.37663100510835645,0.396752393245697,0.4136817708611488,0.4293674290180206,0.4479138717055321,0.46646556109189985,0.48122684210538863,0.49883905947208407,0.5141860842704773,0.5309687644243241,0.5486018806695938,0.5535009324550628,0.5681763678789139,0.5830587208271026,0.5941298872232437,0.6065317332744599,0.6183858066797256,0.6288948714733124,0.6395959705114365,0.6481422334909439,0.6600436478853225,0.6687984853982926,0.6782199770212174,0.6909779757261276,0.6965520709753037,0.7069296002388,0.7139034062623978,0.7215100705623627,0.7305597394704819,0.7377184242010116,0.7444640606641769,0.7526922911405564,0.7594898045063019,0.7639212191104889,0.7713194489479065,0.7762379586696625,0.7833722859621048,0.7900404781103134,0.7935651242733002,0.7994130164384842,0.8050881206989289,0.80965256690979,0.8151131212711334,0.8195510268211365,0.8238876074552536,0.8285856902599334,0.8327297240495681,0.8373701602220536,0.8419915437698364,0.8469300389289856,0.8489198356866836,0.8523639976978302,0.8563040882349015,0.863633444905281,0.8645058006048203,0.8668702602386474,0.8730159401893616,0.8761349290609359,0.8777794510126113,0.8812614470720291,0.884037408232689,0.8880579799413681,0.8905931085348129,0.8959247529506683,0.8952266305685044,0.8982520639896393,0.901835361123085,0.9034945249557496,0.9050808876752854,0.9103315591812133,0.9093494087457656,0.9124501138925553,0.9151476800441742,0.9172729432582856,0.9244234979152679,0.9225433647632599,0.9234647959470749,0.927147626876831,0.9307989776134491,0.932062166929245,0.9327569454908371,0.9368560910224915,0.9392808467149735,0.9414087146520614,0.9466999024152756,0.9452656775712966,0.9485795050859451,0.9501065820455551,0.9541916728019715,0.9626327127218246
t_104,1.219369149208069,1.215400266647339,1.2169945776462554,1.2135284662246704,1.2104381918907166,1.2084988117218018,1.2021548748016357,1.1968120694160462,1.190318375825882,1.188098031282425,1.1825782716274262,1.17702876329422,1.1762558817863464,1.1696572124958038,1.1675853550434112,1.1597735643386842,1.1540513396263123,1.1463134646415711,1.1431413412094116,1.1365090966224671,1.1293951153755188,1.1263475835323333,1.119985443353653,1.1122450232505798,1.1062231719493867,1.1021437287330627,1.0971506595611573,1.0879951179027558,1.0818111896514893,1.076781189441681,1.0675586462020874,1.0619780659675597,1.05522780418396,1.0460220932960511,1.0367738425731658,1.0280991613864898,1.0231032729148866,1.0132941454648972,1.0073540300130843,0.9981560975313186,0.9911345183849335,0.9798430681228638,0.9690234869718551,0.9642590880393982,0.9511439502239227,0.9427011013031006,0.9306971371173859,0.9207645535469056,0.9067130565643311,0.8983331561088562,0.8846160292625427,0.8698487102985382,0.8569052040576934,0.8447390526533127,0.8307289123535156,0.8145668208599091,0.8009415298700333,0.786931625008583,0.7723772972822189,0.7560344994068146,0.7383092194795609,0.7233754009008407,0.7088145285844802,0.6919945299625396,0.6730242788791656,0.6568836450576783,0.6398930281400681,0.6209408491849899,0.6062907636165619,0.5887081891298294,0.5718387246131897,0.549814122915268,0.5321464568376542,0.5164883941411972,0.4952609658241272,0.4753417789936066,0.4558910921216011,0.43709190338850024,0.41313170939683913,0.39161806702613833,0.3728352412581444,0.35052022635936736,0.32711686939001083,0.30161457061767577,0.28542329668998717,0.2614960938692093,0.2417777545750141,0.2211565800011158,0.19184596464037895,0.17064185589551925,0.1571371525526047,0.13599944934248925,0.11114241443574428,0.08988648355007171,0.0912621058523655,0.0,0.0689828384667635,0.08300342485308647,0.11881794184446334,0.13982748091220856,0.15353445038199426,0.1704495891928673,0.18954357430338858,0.2214893475174904,0.24171733781695365,0.253905662894249,0.2740404024720192,0.3042419388890266,0.31921314001083373,0.3377598151564598,0.3550045326352119,0.3850841671228409,0.39527300000190735,0.4108252912759781,0.4340993955731392,0.44984532445669173,0.46385172456502916,0.48041100949049,0.5029408082365989,0.5201666831970215,0.5372827649116516,0.5380331188440323,0.551578027009964,0.5666891574859619,0.5792698413133621,0.5906862318515778,0.6030875414609909,0.6137779027223587,0.6248581528663635,0.6360228896141052,0.6462031483650208,0.6554297536611557,0.6644482493400574,0.6823403716087342,0.6832365721464158,0.6941305339336395,0.7016571789979935,0.7091153174638748,0.7181159973144531,0.7261141985654831,0.7324468851089477,0.7418508380651474,0.7481106132268905,0.752623051404953,0.7599400609731675,0.7650463193655014,0.7742758452892303,0.780932143330574,0.7829573303461075,0.7892510116100311,0.7948823720216751,0.799554905295372,0.8046077847480774,0.8096606105566024,0.8141188710927963,0.8185517430305481,0.8233218312263488,0.8278760254383087,0.8321975618600845,0.8386576443910598,0.8394833564758301,0.8430012375116348,0.8469534426927566,0.8556225925683976,0.8553757339715957,0.8588329076766967,0.8646281450986862,0.8683290898799896,0.8693428665399552,0.8734700828790665,0.876644030213356,0.8799248665571213,0.8832529813051224,0.8888162642717361,0.8878600239753723,0.8910561591386795,0.8937862008810044,0.8968828916549683,0.8969800889492034,0.902560931444168,0.9016954779624939,0.9046345502138138,0.9078638345003128,0.9095342606306076,0.9170899987220764,0.9152062922716141,0.9157863199710846,0.9200915485620499,0.9241678327322006,0.924813860654831,0.9255285680294036,0.9300027400255203,0.9328498035669327,0.9347804009914398,0.9417037934064865,0.9386951118707657,0.9419372022151947,0.9431023806333542,0.9474900543689728,0.9566783487796784
t_103,1.2212314784526825,1.217301332950592,1.2188585460186006,1.2154607951641083,1.2124128937721252,1.2104705691337585,1.204235887527466,1.198964774608612,1.1925475656986237,1.1903440713882447,1.1849400043487548,1.1794483244419098,1.1786861062049865,1.1721724092960357,1.1701441526412963,1.1624586820602416,1.1568238139152527,1.1492269933223724,1.1460846662521362,1.1395644426345826,1.1325719475746154,1.129578745365143,1.1233414590358735,1.1157363653182983,1.1098324358463287,1.105813103914261,1.1009220480918884,1.0919541656970977,1.0858987092971801,1.0810010850429534,1.0719726502895355,1.0665161192417145,1.0599232912063599,1.0509632885456086,1.0419215381145477,1.0334602177143097,1.0285783469676972,1.0190131843090058,1.0132223188877105,1.004208531975746,0.9973879754543304,0.9863589107990265,0.9758087158203125,0.9711953997612,0.9584416598081589,0.9501071006059647,0.9384334534406662,0.9287404268980026,0.9150769948959351,0.9069244861602783,0.8935382157564163,0.8791416019201279,0.8665207505226136,0.8545948714017868,0.8408962070941925,0.8252500802278518,0.8120281785726547,0.798309999704361,0.7838866114616394,0.7680377781391143,0.7507389485836029,0.73625528216362,0.7219411551952362,0.7054536134004593,0.6869318336248398,0.6712144941091538,0.6546396225690841,0.6361516922712326,0.6218420922756195,0.6047771751880646,0.588051900267601,0.5665480405092239,0.549440011382103,0.5337191224098206,0.513086973130703,0.4933003067970276,0.4744196906685829,0.45593961477279665,0.43304071128368377,0.41113696843385694,0.3927234560251236,0.3706462472677231,0.34766431152820587,0.32298989295959474,0.30669342279434203,0.2832315877079964,0.2625575378537178,0.2418305106461048,0.21282165721058846,0.19212262853980064,0.17620728462934493,0.15498570278286933,0.1310629665851593,0.10396303907036782,0.10196183361113072,0.0689828384667635,0.0,0.07270229309797287,0.10328855104744435,0.11988106295466423,0.13207134678959848,0.14892788231372833,0.16759252175688744,0.20029910653829575,0.22008267268538476,0.23105387017130852,0.2515286847949028,0.28303311467170716,0.2969484433531761,0.31553118824958803,0.3328606501221657,0.3640873089432716,0.37402208149433136,0.38987007588148115,0.41377551704645155,0.4296609163284302,0.44394618421792986,0.460869075357914,0.4840033411979675,0.501802285015583,0.5198038384318352,0.519718685746193,0.5335717529058457,0.549036031961441,0.5618631780147553,0.5737487882375717,0.5863952249288559,0.5972744017839432,0.608581131696701,0.6199334055185318,0.630505257844925,0.6399260491132737,0.6491324424743652,0.667619651556015,0.6684435307979584,0.6797888964414597,0.6874264478683472,0.6949994295835495,0.7042600512504578,0.7123753666877747,0.7189321666955948,0.7287064969539643,0.7350711971521378,0.7396007537841797,0.7471098929643631,0.7522868931293487,0.7618335962295533,0.768747529387474,0.7708343505859375,0.7771620690822602,0.782888725399971,0.7876883983612061,0.7930549114942551,0.7980283886194229,0.8026382863521576,0.8072824299335479,0.8121145874261856,0.8167326748371124,0.8212556481361389,0.8279045730829239,0.8286829501390457,0.8322830885648728,0.8362999439239502,0.8453060209751129,0.8449919313192368,0.8484633356332779,0.8545500099658966,0.8582406580448151,0.8592556923627853,0.8634913325309753,0.8667024701833725,0.8701600760221482,0.8735654324293136,0.8792979180812835,0.8783347308635712,0.8815168082714081,0.8845348358154297,0.8875434100627899,0.8877607256174087,0.8934967309236527,0.8925074130296707,0.8955181032419205,0.8987537592649459,0.9005812913179397,0.908410906791687,0.9063200533390046,0.9069240540266037,0.911325392127037,0.9155672937631607,0.916176974773407,0.9168984889984131,0.9215834856033325,0.9244012355804443,0.9264388382434845,0.9334956347942353,0.930537486076355,0.9338537216186523,0.9350470751523972,0.9395657747983932,0.9489858567714691
t_102,1.2256675839424134,1.2218134939670562,1.2233830392360687,1.2200302064418793,1.21706782579422,1.2151776254177094,1.209054321050644,1.2039412617683412,1.1976555407047271,1.1955158412456512,1.190200960636139,1.1848916292190552,1.184127539396286,1.1777604877948762,1.1758502304553986,1.1683480978012084,1.1628842949867249,1.1554467499256134,1.1523719906806946,1.146010684967041,1.1392722427845001,1.1363345444202424,1.1302550852298736,1.1228372275829315,1.1171114325523377,1.1132205307483674,1.1084735810756683,1.0997207403182983,1.0938027441501617,1.0891106247901916,1.0802756190299987,1.0748939037322998,1.0686239182949067,1.0596492886543274,1.0508344352245331,1.0426283180713654,1.0378172039985656,1.0285227358341218,1.0229081213474274,1.0140777349472045,1.0074499875307084,0.9966380387544632,0.9862756341695785,0.9817846685647964,0.9693093746900558,0.961210522055626,0.9496965169906616,0.940288069844246,0.9268374443054199,0.9190344601869583,0.9057639300823211,0.8915786266326904,0.8792371690273285,0.8675891429185867,0.8542423367500305,0.8387605011463165,0.8258447468280792,0.812418395280838,0.7983485400676728,0.7827368080615997,0.7657693415880203,0.7514951467514038,0.737480515241623,0.7216372191905975,0.7031594544649125,0.687816607952118,0.6715406060218811,0.6533726423978805,0.6393567591905593,0.6225731492042541,0.6063026428222656,0.585271355509758,0.5683865457773208,0.5530101418495178,0.532600399851799,0.5140352636575699,0.49541718810796737,0.47632730305194854,0.453210087120533,0.4329924464225769,0.41472558975219725,0.3930221989750862,0.3695455864071846,0.3457119554281235,0.3287599295377731,0.306277360022068,0.28472847789525985,0.26430517584085467,0.23694561272859574,0.2142687201499939,0.19752562940120696,0.17450355738401413,0.14758536964654922,0.1270191825926304,0.11304669417440891,0.08300342485308647,0.07270229309797287,0.0,0.08842038400471211,0.1019901268184185,0.11170325912535191,0.12521798349916935,0.14442684575915338,0.1751539885997772,0.19570621475577354,0.20828004330396652,0.22806410863995552,0.258466637134552,0.27357247620821,0.29320992827415465,0.3115235805511475,0.3413442984223366,0.3527073964476585,0.3689397096633911,0.3922992616891861,0.409155847132206,0.42393005192279815,0.44123055785894394,0.4639752432703972,0.48203048259019854,0.4998534172773361,0.5014221385121346,0.5159201785922051,0.5313686668872833,0.5444834649562835,0.5567194104194642,0.5698754370212555,0.5809970110654831,0.5924554258584976,0.6038214355707169,0.6148666888475418,0.6245477944612503,0.6340772926807403,0.651928448677063,0.6538022786378861,0.6650321871042252,0.6731056898832322,0.6809149950742721,0.6903656125068665,0.6986148715019226,0.705348652601242,0.7151187658309937,0.7216383516788483,0.7265028268098831,0.7342255204916001,0.7395902574062347,0.7489251852035522,0.7560192614793777,0.758482638001442,0.7650081992149353,0.7707406371831894,0.7757108926773071,0.7812484920024871,0.7864164918661117,0.7911162406206131,0.7958101332187653,0.8007241040468216,0.8054927527904511,0.8101222395896912,0.8166749179363251,0.8177935034036636,0.8215002596378327,0.8255317568778991,0.8343735694885254,0.8344762235879898,0.8379082620143891,0.8439685940742493,0.8477622359991074,0.8490284591913223,0.853274267911911,0.8564903706312179,0.8601438730955124,0.8635027319192886,0.8692138463258743,0.8684672951698303,0.8717406034469605,0.8748664557933807,0.8778396546840668,0.8783102124929428,0.8839891463518142,0.883230447769165,0.8863307863473893,0.889577004313469,0.8914677619934082,0.8992205917835235,0.897323727607727,0.8980741977691651,0.9024153381586075,0.9066590666770935,0.9074339181184768,0.9083292752504348,0.9129461765289306,0.9157475978136063,0.9179195135831832,0.9248031109571457,0.9222225487232208,0.9256054490804673,0.9269695401191711,0.9315453886985778,0.9409561425447464
t_101,1.2315167725086211,1.2275450885295869,1.2293017864227296,1.2259031534194946,1.223236221075058,1.22136909365654,1.215368515253067,1.2105965912342072,1.2043806195259095,1.2022896349430083,1.1971046447753906,1.1921190202236176,1.1912772238254548,1.1850872576236724,1.1834890246391296,1.1763887286186219,1.1712540209293365,1.1637637972831727,1.1608023762702941,1.1545563340187073,1.1485685467720033,1.1456094801425933,1.1397233843803405,1.1326778709888459,1.1272004425525666,1.1235265493392945,1.1190832197666167,1.1106065154075622,1.1047640144824982,1.1006316065788269,1.0919656991958617,1.0865082144737244,1.0810722351074218,1.0715095162391663,1.0630210936069489,1.0553133070468903,1.0505184292793275,1.0415591835975646,1.0363088309764863,1.0275883674621582,1.0212816655635835,1.0104762315750122,1.0001735717058182,0.9959850937128067,0.9842966020107269,0.9758819490671158,0.9641929239034652,0.955400288105011,0.942010098695755,0.93530493080616,0.921231460571289,0.9069307982921601,0.8951013922691345,0.8835702568292618,0.8709517180919647,0.85526722073555,0.8428433299064636,0.8294623911380767,0.8155243456363678,0.7999571144580842,0.7835024148225784,0.7691222697496414,0.7549211591482162,0.7410875797271729,0.7212937355041504,0.7064511507749558,0.6900162309408188,0.6725819528102874,0.6584581226110459,0.6427425146102905,0.6261557579040528,0.6063638210296631,0.5895886689424514,0.5732463628053666,0.5536481529474259,0.5381618231534958,0.520071855187416,0.4965283155441284,0.47381209433078764,0.45737662315368655,0.43820552378892896,0.417122058570385,0.3917570039629936,0.3706644237041473,0.3501885414123535,0.3314186707139015,0.3052789956331253,0.28434372544288633,0.2617777317762375,0.23588297963142396,0.21439949944615364,0.1912827230989933,0.16923399344086648,0.15839487984776496,0.12354441508650779,0.11881794184446334,0.10328855104744435,0.08842038400471211,0.0,0.07290872819721698,0.08724403008818626,0.1110379483550787,0.12900737598538398,0.14407067969441414,0.16224186569452287,0.19072398245334626,0.2068120703101158,0.22926212400197982,0.2449964240193367,0.27111613750457764,0.29131359457969663,0.3109951362013817,0.32987829893827436,0.34702195078134535,0.3661853715777397,0.3866762176156044,0.40310607105493546,0.4222066566348076,0.43806632459163664,0.4562352329492569,0.4753828331828117,0.48172943741083146,0.4979622855782509,0.5140241324901581,0.5260725766420364,0.5397618412971497,0.5529838562011719,0.5643648982048035,0.5761911362409592,0.5853031128644943,0.5985975682735443,0.608235341310501,0.6186682134866714,0.6320045590400696,0.6388259917497635,0.649955403804779,0.657884806394577,0.6663036227226258,0.6762577295303345,0.6840017557144165,0.6915504813194275,0.7004515200853347,0.7078972935676575,0.7129467904567719,0.7211555689573288,0.7265600174665451,0.7341116756200791,0.7415323346853256,0.7457514554262161,0.752162691950798,0.7582797795534134,0.7633537739515305,0.7694453775882721,0.7742877393960953,0.779094198346138,0.7843202441930771,0.7887723088264466,0.7938977867364884,0.7989848464727402,0.8042707324028016,0.806694746017456,0.810502502322197,0.814787432551384,0.8224681079387665,0.823827812075615,0.826357364654541,0.8329593688249588,0.8363924980163574,0.8383964747190475,0.8422045826911926,0.8451759129762649,0.8497161060571671,0.8524339169263839,0.858075749874115,0.8576460212469101,0.8609506130218506,0.8649612218141556,0.8667348504066468,0.8687223672866822,0.8742247700691224,0.8734363347291947,0.8769260555505752,0.87977274954319,0.8821844100952149,0.8897521048784256,0.8879282057285309,0.8891343027353287,0.8930306017398835,0.8969377368688584,0.8985268384218216,0.8994518667459488,0.9038491547107697,0.9064431399106979,0.9088767141103744,0.9143876075744629,0.9133953481912613,0.9170112192630768,0.9188809961080551,0.9233702600002289,0.9323608756065369
t_100,1.2337206840515136,1.229812252521515,1.2315253555774688,1.2281988084316253,1.2255616366863251,1.2237186968326568,1.2178280889987945,1.2131244122982026,1.2070061624050141,1.2049472630023956,1.199863600730896,1.194948947429657,1.1941256880760194,1.188034427165985,1.186466211080551,1.1794824242591857,1.1744322657585144,1.167092889547348,1.1641753017902374,1.1580665111541748,1.152160358428955,1.1492724955081939,1.1434990644454956,1.1365891695022583,1.1312232077121736,1.1276203513145446,1.1232675969600678,1.1149751782417296,1.1092681884765625,1.1052303552627563,1.096758908033371,1.0914330899715423,1.086117398738861,1.076807677745819,1.0685074031352997,1.0609763264656067,1.0563070893287658,1.0475615978240966,1.042439615726471,1.0339122831821441,1.0277708411216735,1.0172386556863784,1.0071932911872863,1.0031055390834809,0.9916885375976563,0.9834769606590271,0.9721046626567841,0.9635060787200928,0.9504689455032349,0.9438963055610656,0.9302232265472412,0.9162908285856247,0.904739397764206,0.8934881538152695,0.8811307162046432,0.8658973634243011,0.853797173500061,0.8407380789518356,0.8270839810371399,0.8118905633687973,0.7958591133356094,0.7819006562232971,0.7680703997612,0.7544010311365128,0.7351763755083084,0.7207322180271148,0.7047685623168946,0.6877287060022355,0.674006524682045,0.6586997181177139,0.6424803704023361,0.6230585545301437,0.6068720579147339,0.590839970111847,0.5717393308877945,0.5562365144491196,0.5386231929063797,0.5159562319517136,0.4940339043736458,0.47739494144916533,0.45880464315414426,0.4381718337535858,0.4133259803056717,0.39277292490005494,0.3728827714920044,0.3541452020406723,0.3286703035235405,0.30806331932544706,0.2854822352528572,0.26028243601322176,0.2391262359917164,0.21615013107657433,0.1942730166018009,0.17981893122196196,0.14826183170080184,0.13982748091220856,0.11988106295466423,0.1019901268184185,0.07290872819721698,0.0,0.07795432582497597,0.09385724365711212,0.11136197112500668,0.125736840441823,0.14250708222389222,0.16946431398391723,0.1848165884613991,0.20769316777586938,0.22296903058886527,0.24869762510061263,0.2693615585565567,0.2895291730761528,0.30822166204452517,0.32550711184740067,0.3453203275799751,0.3658021047711372,0.3824589893221855,0.4017134666442871,0.41836763471364974,0.4369784966111183,0.45676233619451523,0.4626904040575027,0.4791587173938751,0.49561135917901994,0.5078591197729111,0.5219460934400558,0.5356057494878769,0.5471884936094285,0.5591901451349258,0.5686241775751114,0.5821180939674377,0.5920437932014465,0.6026175349950791,0.616651862859726,0.6233138471841813,0.634776571393013,0.6429333597421646,0.6514750748872757,0.6616806447505951,0.6696120768785476,0.677302086353302,0.686563304066658,0.6941032588481904,0.6992421954870224,0.7076563090085983,0.7131845504045486,0.7211116045713425,0.7287135392427444,0.7329225540161133,0.7394943535327911,0.745661249756813,0.7509073853492737,0.7571723401546478,0.7621090322732925,0.767072907090187,0.7724130392074585,0.7769615083932877,0.7822011828422546,0.7873890548944473,0.7928895503282547,0.7953258901834488,0.7992262691259384,0.8035590410232544,0.8115719050168991,0.8128703981637955,0.8155374169349671,0.8222908765077591,0.8257887095212937,0.8278198480606079,0.8317152619361877,0.8347756803035736,0.8394110798835754,0.8422448933124542,0.8480424731969833,0.8476408094167709,0.8509660512208939,0.8551425248384475,0.8569553136825562,0.8589677959680557,0.8645951539278031,0.8638006627559662,0.8673311352729798,0.870256495475769,0.8727532625198364,0.8805129706859589,0.8786337494850158,0.8798253029584885,0.8838571429252624,0.8879353493452072,0.8894797503948212,0.8904674768447876,0.8949801027774811,0.8976128071546554,0.9001499235630035,0.9058371603488922,0.9048334240913392,0.9085088104009629,0.9104431003332139,0.915073573589325,0.9242791682481766
t_99,1.2372944414615632,1.2335055649280549,1.235135841369629,1.2318815767765046,1.2292014420032502,1.2273691534996032,1.2215371966361999,1.216823559999466,1.2107723474502563,1.2087139248847962,1.2036933958530427,1.198761624097824,1.197967392206192,1.191929531097412,1.1902790367603302,1.1833122372627258,1.1782329380512238,1.1710455298423768,1.1681336402893066,1.1620789051055909,1.1560420632362365,1.1532521784305572,1.147506868839264,1.1405904829502105,1.1352685928344726,1.1316713213920593,1.127255803346634,1.119083869457245,1.1134055137634278,1.1093257904052733,1.1009619891643525,1.0957788050174713,1.0902501404285432,1.081377339363098,1.073146402835846,1.0656555712223053,1.0610985696315764,1.0524733006954192,1.0473772883415222,1.0389617085456848,1.0329180896282195,1.0226593643426896,1.0127861201763153,1.0087787568569184,0.9974734604358673,0.9894856542348862,0.9784378260374069,0.9699600160121917,0.9572370082139969,0.9505692481994629,0.9374850243330002,0.9239514350891114,0.9125320672988891,0.9014767348766327,0.889348241686821,0.874542635679245,0.8626923948526383,0.8498382776975631,0.8363383054733277,0.8218513667583466,0.8059417992830277,0.7925337463617325,0.7789139419794082,0.7651164919137955,0.7468917489051818,0.7324843823909759,0.7168465971946716,0.7003897696733474,0.6868560999631882,0.6718231022357941,0.6560623288154602,0.6368521690368653,0.6206539213657379,0.605389603972435,0.5866753190755845,0.5706996917724609,0.5533790946006775,0.5326245337724685,0.511128269135952,0.4935347154736519,0.47535194754600524,0.4544194594025612,0.43129981905221937,0.41008131504058837,0.39133491069078447,0.37276279330253603,0.34738054424524306,0.32800464034080506,0.30360249131917955,0.2804205611348152,0.25900487750768664,0.23775806427001953,0.21495003998279572,0.19393013045191765,0.16830384507775306,0.15353445038199426,0.13207134678959848,0.11170325912535191,0.08724403008818626,0.07795432582497597,0.0,0.08383717499673367,0.09631849527359009,0.1063560362905264,0.12378212511539459,0.14803796708583833,0.16402524709701538,0.19021424353122712,0.20357741862535478,0.22703491076827048,0.24632691964507103,0.2711938083171844,0.2864554822444916,0.30528067201375964,0.3264019101858139,0.34614392518997195,0.3629518374800682,0.38263377994298936,0.4018792435526848,0.42043698132038115,0.44101611226797105,0.4450619414448738,0.46096484214067457,0.4784296557307243,0.4913414344191551,0.5053559377789497,0.518498545885086,0.5304118424654007,0.5431513398885727,0.5536129921674728,0.5672046035528183,0.5769656032323838,0.5879529148340226,0.6038121968507767,0.6090462744235993,0.6206952512264252,0.6291636794805526,0.6378486394882202,0.6479209005832672,0.6566065371036529,0.6642512112855912,0.6739938586950303,0.6815562635660172,0.6868403285741806,0.6951640725135804,0.7010414570569992,0.7094810992479325,0.7174514412879944,0.7211743205785751,0.7276481330394745,0.7343579053878784,0.7394879549741745,0.7459985047578812,0.7509603679180146,0.7558575958013535,0.7615926653146744,0.7662648677825927,0.7715761095285416,0.7769011080265045,0.7829298198223114,0.7849528759717941,0.7889852225780487,0.7933562994003296,0.8019707530736924,0.8030110687017441,0.8057619035243988,0.8125729441642762,0.8164708197116852,0.8182967007160187,0.822511512041092,0.8257056534290313,0.8302182912826538,0.8332537114620209,0.8391726076602936,0.8387782990932464,0.8421847492456436,0.8461564540863037,0.8485037326812744,0.8501096665859222,0.8559561938047409,0.854914316534996,0.8586951583623886,0.8618098199367523,0.8640775173902512,0.8721810936927795,0.8701690316200257,0.8714299738407135,0.875625491142273,0.8798496752977372,0.8812732756137848,0.8822104275226593,0.8870567053556442,0.8898617655038834,0.8923497170209884,0.89863121509552,0.8971941322088242,0.9009074538946151,0.9026414215564728,0.9074188679456711,0.9172646433115006
t_98,1.2379245698451995,1.2343001127243043,1.2358301401138305,1.2326870203018188,1.2299585700035096,1.2281826198101045,1.2224638402462005,1.2177549302577972,1.2118610858917236,1.2098640382289887,1.2049311459064485,1.2000266551971435,1.1993134558200835,1.1934131622314452,1.1917097687721252,1.1847960352897644,1.1797721564769745,1.1728444814682006,1.1699853122234345,1.1641280233860016,1.1580039799213409,1.1553150713443756,1.149714368581772,1.142897868156433,1.1376635670661925,1.1341060817241668,1.1297664940357208,1.1217655897140504,1.1162838816642762,1.1121242105960847,1.1040150105953217,1.0990305125713349,1.0934194386005402,1.0850454807281493,1.0769849956035613,1.069556176662445,1.065139901638031,1.0566803872585298,1.0516059219837188,1.0434860646724702,1.0374699354171752,1.0275600373744964,1.0180151432752609,1.0139607727527618,1.002688494324684,0.9951546788215637,0.98455411195755,0.976039582490921,0.9637199878692627,0.9567911952733994,0.9444713443517685,0.9314254283905029,0.9201908022165298,0.909506556391716,0.8973746955394745,0.8831718444824219,0.8714394360780716,0.8591136157512664,0.8461269259452819,0.8318686336278915,0.8164448142051697,0.8033530294895173,0.7904454618692398,0.7762172102928162,0.7590649724006653,0.7451218664646149,0.7301620155572891,0.7136952131986618,0.7008269697427749,0.6856782346963882,0.6705331116914749,0.6515075415372849,0.6361195117235183,0.6217094868421554,0.6031235694885254,0.5862681835889816,0.5692081034183503,0.5508800119161605,0.5300031632184983,0.5116170287132263,0.49456769973039627,0.47455944269895556,0.45231305807828903,0.43084717690944674,0.41406978368759156,0.3936488315463066,0.3719036102294922,0.35240362882614135,0.32723812013864517,0.3043877437710762,0.2859742373228073,0.26348677277565,0.2383856952190399,0.2160639338195324,0.19391593858599662,0.1704495891928673,0.14892788231372833,0.12521798349916935,0.1110379483550787,0.09385724365711212,0.08383717499673367,0.0,0.07220200449228287,0.09884518384933472,0.11667163334786892,0.12114967107772827,0.1368790678679943,0.16945652589201926,0.18375539779663086,0.20249150916934014,0.2223758101463318,0.25323948487639425,0.26477390080690383,0.2819073811173439,0.3067640796303749,0.32458228468894956,0.3406760558485985,0.3593683525919914,0.3834939315915108,0.4028780162334442,0.42268855422735213,0.42471893280744555,0.4407325953245163,0.4576601624488831,0.4716865122318268,0.4852958157658577,0.499973464012146,0.5119519099593163,0.5245592832565308,0.5366917580366135,0.5491418778896332,0.5597561955451965,0.5703612416982651,0.589162066578865,0.5920891731977462,0.6042638778686523,0.6132563531398774,0.6219575434923172,0.6324020326137543,0.6413152098655701,0.6488345623016357,0.659431853890419,0.6667100787162781,0.6721542567014694,0.6807813525199891,0.6866572171449661,0.6965843558311462,0.7043760240077972,0.7075577288866043,0.7147310495376586,0.720994108915329,0.726480033993721,0.7327056050300598,0.7383231043815612,0.7435226827859879,0.7487866520881653,0.7540391564369202,0.7593466728925705,0.7645051002502441,0.771399849653244,0.7729966521263123,0.7770980656147003,0.7815010190010071,0.7908576846122741,0.7914176106452941,0.7949917525053024,0.8016255408525467,0.8057312518358231,0.8073666483163834,0.8119212985038757,0.815348944067955,0.8195890426635742,0.8231362760066986,0.829264298081398,0.8287326008081436,0.8323044031858444,0.8359531968832016,0.8389694184064865,0.8399186104536056,0.8459182351827621,0.8452813744544982,0.8487843841314315,0.8522325664758682,0.8544419556856155,0.862713846564293,0.8608420610427856,0.8618400812149047,0.8664440900087357,0.8710079550743103,0.8721114069223403,0.8732217818498611,0.8781292200088501,0.8811580121517182,0.883634141087532,0.8907471776008606,0.8886151611804962,0.8923587381839753,0.8940957546234131,0.8991202920675277,0.9092033356428146
t_97,1.2402320146560668,1.2366913378238678,1.2381852090358734,1.235087013244629,1.232371801137924,1.2306206047534942,1.224982339143753,1.2203135192394257,1.2145013093948365,1.212527185678482,1.2076562881469726,1.2028057634830476,1.202118980884552,1.19630064368248,1.1945763647556304,1.1877303063869475,1.1827612161636352,1.1759551882743835,1.1731377720832825,1.1673581302165985,1.1612628400325775,1.1586393892765046,1.1531108617782593,1.1463664412498473,1.141207182407379,1.1376976132392884,1.1333897590637207,1.1255270659923553,1.1201261639595033,1.1159985780715942,1.1080303609371185,1.1031582355499268,1.097543966770172,1.0894212186336518,1.0814971327781677,1.0741735219955444,1.0698607981204986,1.061535608768463,1.0565207421779632,1.0485470712184906,1.0426244199275971,1.032945466041565,1.023586741089821,1.0195732206106185,1.0084784299135208,1.0011331409215927,0.9907857716083527,0.9823928356170655,0.9703449100255966,0.9634378552436829,0.9514881253242493,0.9387711614370347,0.9277053266763687,0.9172415912151337,0.9053423136472702,0.8914602845907211,0.8799516558647156,0.867862805724144,0.8551806300878525,0.8413185238838196,0.8261588037014007,0.8134179711341858,0.8007839679718017,0.7866743803024292,0.7701823234558105,0.7564236998558045,0.7418059527873992,0.7257488489151,0.7130792140960693,0.698220381140709,0.6834628313779831,0.6647766500711441,0.6495668143033981,0.635742899775505,0.6175241619348526,0.6006708770990372,0.5839312106370926,0.5665695130825043,0.5461209356784821,0.5277454137802124,0.5110944867134094,0.4914294555783272,0.4700564697384834,0.44846307933330537,0.43247466534376144,0.41210793554782865,0.3911521315574646,0.37192130982875826,0.34671491086483003,0.324703574180603,0.3065035715699196,0.2844199314713478,0.2592041626572609,0.2356017515063286,0.21516722366213797,0.18954357430338858,0.16759252175688744,0.14442684575915338,0.12900737598538398,0.11136197112500668,0.09631849527359009,0.07220200449228287,0.0,0.08823580220341683,0.10272810980677605,0.10111358538269996,0.11703136414289475,0.15089844018220902,0.16464870870113374,0.1819900967180729,0.2000852070748806,0.23477501645684243,0.24357591047883034,0.2612578205764294,0.2871983960270882,0.30430215746164324,0.3207720503211021,0.3394517913460732,0.3654309332370758,0.3847956284880638,0.4047627389431,0.406092095375061,0.4219250619411469,0.43931183516979216,0.4538613647222519,0.46744575947523115,0.48217887729406356,0.4945268973708153,0.5076281145215035,0.5203234553337097,0.5327625334262848,0.5435562700033187,0.5543809831142426,0.5743934899568558,0.5766114145517349,0.5890404462814331,0.5982623636722565,0.6072146415710449,0.6177705228328705,0.6270889908075332,0.63477443754673,0.6455720663070679,0.6530354022979736,0.6586483538150787,0.6673450171947479,0.6734168887138366,0.6837368667125702,0.6917206436395645,0.6947787582874299,0.7020864814519883,0.708617627620697,0.7141942054033279,0.7204517632722854,0.7262046754360199,0.7315288305282592,0.7369674384593964,0.7423628479242325,0.7477946519851685,0.75300914645195,0.7602249413728714,0.7617385983467102,0.7659389019012451,0.7704662442207336,0.7800482332706451,0.7805393785238266,0.7843439787626266,0.790986567735672,0.7953419417142868,0.7969314873218536,0.8016929715871811,0.805277967453003,0.8094462037086487,0.8131754100322723,0.8193916887044906,0.8188876211643219,0.8225612103939056,0.8260893583297729,0.8294731259346009,0.8302329808473587,0.8363559871912003,0.8357299327850342,0.8393709182739257,0.8429472506046295,0.8451170325279236,0.8534880220890045,0.8516656279563903,0.8527357995510101,0.8574720233678818,0.8621118485927581,0.8632349371910095,0.8643558561801911,0.8694267034530639,0.8726286947727203,0.8751029819250107,0.8825532823801041,0.8802474290132523,0.8840516626834869,0.8858020782470704,0.8909674942493438,0.9013613760471344
t_96,1.2466900110244752,1.2430765151977539,1.244716513156891,1.2415644347667694,1.2390940368175507,1.237368780374527,1.2318053662776947,1.2274390280246734,1.2216958403587341,1.2197579383850097,1.214969938993454,1.2104166865348815,1.2096339762210846,1.2039514124393462,1.2024989247322082,1.195966649055481,1.1912657380104066,1.1844188749790192,1.1816990792751312,1.1759945154190063,1.1705215454101563,1.1678879022598267,1.162503683567047,1.1560454785823822,1.1511207163333892,1.1477960348129272,1.1436997294425963,1.1360542058944703,1.1307011485099792,1.127060168981552,1.1191840052604676,1.1142297446727754,1.109334146976471,1.1006297051906586,1.0929625034332275,1.086062878370285,1.081772130727768,1.0737535774707794,1.0690390467643738,1.0611297249794007,1.055522859096527,1.0458517730236054,1.0365087628364562,1.032782781124115,1.0222802460193634,1.0147962659597396,1.0042803943157197,0.9964593708515167,0.984435287117958,0.978523564338684,0.965904614329338,0.9530921459197998,0.9424040019512177,0.9320489019155502,0.9208362460136413,0.9066973090171814,0.8956270426511764,0.8835575312376023,0.8710278868675232,0.8573330044746399,0.8424222111701966,0.8297244310379028,0.8169086635112762,0.8045074999332428,0.7870540738105773,0.7735558599233627,0.7588777035474777,0.7434931308031082,0.7307175099849701,0.7166835457086563,0.7020020127296448,0.6841766923666001,0.6687839806079865,0.6545818954706192,0.636884331703186,0.6228772312402725,0.6065402209758759,0.5859466075897217,0.5652931660413743,0.5502219527959824,0.5329576313495636,0.5135072410106659,0.49107717275619506,0.47126525193452834,0.453043968975544,0.4358511880040169,0.4116552397608757,0.3927799925208092,0.37082873582839965,0.3474898785352707,0.32652570158243177,0.305180986225605,0.28189619183540343,0.2653736941516399,0.2354097470641136,0.2214893475174904,0.20029910653829575,0.1751539885997772,0.14407067969441414,0.125736840441823,0.1063560362905264,0.09884518384933472,0.08823580220341683,0.0,0.07006328254938125,0.10025114417076111,0.10602930150926113,0.12086100541055203,0.13628410026431084,0.16346207410097122,0.18272517397999763,0.20174832567572593,0.22063243314623832,0.24061851054430008,0.25914522260427475,0.2812519371509552,0.2999682232737541,0.32064605355262754,0.33796777576208115,0.3569059297442436,0.3774927705526352,0.38579151779413223,0.40335935801267625,0.4212185636162758,0.4348332181572914,0.4498661205172539,0.46407243311405183,0.4768375188112259,0.49053908735513685,0.5008039712905884,0.5158871293067933,0.526382440328598,0.5385380685329437,0.553143772482872,0.5610458433628083,0.5727914065122605,0.5822914689779282,0.5918876081705093,0.6026062965393066,0.6118099510669708,0.6202794045209885,0.6300083726644516,0.6383699178695679,0.6444907873868942,0.6534800469875336,0.6598597139120101,0.6679620027542115,0.6765378445386887,0.6813475400209427,0.6883655548095703,0.6954291671514511,0.7010652720928192,0.7080032706260682,0.7134225696325303,0.7187224954366684,0.7248657643795013,0.7297238647937775,0.735512301325798,0.7412176251411438,0.7471318721771241,0.750014790892601,0.7544209420681,0.7590790390968323,0.7673084735870361,0.7692985981702805,0.7720735043287277,0.7790511161088943,0.7832540661096573,0.7856566637754441,0.790017893910408,0.7933756798505783,0.7983835339546204,0.8014144420623779,0.8073498547077179,0.8074745744466781,0.811149463057518,0.8154542744159698,0.817836320400238,0.8201099008321762,0.8259155660867691,0.8253469705581665,0.8294979423284531,0.8326603770256042,0.8352237731218338,0.8432032316923141,0.841638806462288,0.8433445394039154,0.8475350588560104,0.8517230570316314,0.8537056565284729,0.854945495724678,0.859808349609375,0.8627863675355911,0.8655399948358535,0.8715577840805053,0.8710264831781387,0.874995619058609,0.8772088855504989,0.8822755008935929,0.8923357754945755
t_95,1.2492250621318817,1.2456160604953765,1.247283971309662,1.2441532135009765,1.2417748391628265,1.240068829059601,1.2345916271209716,1.2303441643714905,1.2246749341487884,1.2227642238140106,1.2180572271347045,1.213622945547104,1.2128307461738586,1.2072427332401277,1.2058803260326385,1.1994908630847931,1.194920003414154,1.188111460208893,1.1854488015174867,1.1798166632652283,1.1745735287666321,1.1719476640224458,1.1666540920734405,1.1603399872779847,1.155514234304428,1.152267861366272,1.148281031847,1.140769511461258,1.1354920744895936,1.1320052862167358,1.1242376804351806,1.119314330816269,1.1146734178066253,1.1059064507484435,1.098393976688385,1.091678363084793,1.087450498342514,1.0795745849609375,1.0749827861785888,1.0671841740608214,1.0617067158222198,1.0521418869495391,1.0429084837436675,1.0392848670482635,1.0290589660406113,1.021595948934555,1.0111466288566588,1.0035372138023377,0.9916512548923493,0.9860221743583679,0.9733856230974197,0.9606841593980789,0.9502111941576004,0.9400058686733246,0.9290413200855255,0.9150463372468949,0.9041871130466461,0.8922972261905671,0.879964166879654,0.8664011657238007,0.8517880439758301,0.8392316460609436,0.826532182097435,0.8146714895963669,0.7972044467926025,0.7839895457029342,0.7695204585790634,0.754458612203598,0.7418074011802673,0.728151512145996,0.7136165589094162,0.6962632805109024,0.6811538904905319,0.6669333517551422,0.6496416330337524,0.636368253827095,0.6203733295202255,0.5992927312850952,0.5790868818759918,0.5648508757352829,0.5477219879627228,0.5287545084953308,0.5063490107655525,0.4872822105884552,0.4687748923897743,0.45224523842334746,0.4280851408839226,0.4092482939362526,0.38840903639793395,0.36491173058748244,0.34405294209718706,0.32263402044773104,0.30051372945308685,0.2852726146578789,0.2542754627764225,0.24171733781695365,0.22008267268538476,0.19570621475577354,0.16224186569452287,0.14250708222389222,0.12378212511539459,0.11667163334786892,0.10272810980677605,0.07006328254938125,0.0,0.09668442346155644,0.0986340057104826,0.10436197593808175,0.1183270838111639,0.14863262549042702,0.1684957392513752,0.1817898154258728,0.20348602011799813,0.22362059652805327,0.2402816340327263,0.26398088932037356,0.2832215756177902,0.3045363873243332,0.31924493461847303,0.33838906437158583,0.3593796953558922,0.3693932667374611,0.38767898082733154,0.4058333083987236,0.41908436119556425,0.4347614958882332,0.44916209727525713,0.4621173784136772,0.47601892054080963,0.48558978736400604,0.5014931276440621,0.5121356844902039,0.5246192306280136,0.5379946231842041,0.5474964022636414,0.5593617886304856,0.5689570218324661,0.578825119137764,0.5898952931165695,0.5989800095558167,0.6078447997570038,0.6174127578735351,0.6260906994342804,0.6323486924171448,0.6416335284709931,0.6480346858501435,0.6557491600513459,0.6645411819219589,0.6699540346860886,0.677055811882019,0.6842221438884735,0.6900261044502258,0.6971598923206329,0.7025881558656693,0.7080550163984298,0.7143763929605484,0.7191456884145737,0.725141042470932,0.7310063004493713,0.736624351143837,0.7399601697921753,0.7444519639015198,0.7492240309715271,0.7571979850530625,0.7595746368169785,0.7621993213891983,0.7693947494029999,0.7735109150409698,0.7761819243431092,0.7804597586393356,0.7838496059179306,0.7891245692968368,0.7920458644628525,0.7980236232280731,0.7982582479715348,0.8019896030426026,0.8066154181957245,0.8086895257234573,0.8114280045032501,0.8172146081924438,0.8167264640331269,0.8209987848997116,0.8240804105997086,0.8268515110015869,0.8348116993904113,0.8333067238330841,0.8351634085178375,0.8393019914627076,0.8434600025415421,0.8456814676523209,0.846990418434143,0.8518287062644958,0.8547824740409851,0.8576759994029999,0.8633807957172394,0.8633432179689408,0.8674229413270951,0.8698567748069763,0.875005641579628,0.8850178241729736
t_94,1.247282862663269,1.2439445555210114,1.2453516483306886,1.2424127817153932,1.239780879020691,1.238103985786438,1.2327221393585206,1.228246623277664,1.2227056801319123,1.220819354057312,1.2161750376224518,1.2115347981452942,1.2108933866024016,1.2053570985794066,1.2036957085132598,1.1971594870090485,1.1924180746078492,1.1859901130199433,1.1833039760589599,1.177834677696228,1.171983402967453,1.1695243060588836,1.1642849743366241,1.157857495546341,1.1529881358146667,1.1496521353721618,1.145546019077301,1.138127326965332,1.1330119848251343,1.1291183412075043,1.121609091758728,1.1170169115066528,1.111677098274231,1.1040830969810487,1.096602773666382,1.0897070348262787,1.0856574892997741,1.077853548526764,1.0731150269508363,1.0656002700328826,1.0600394666194917,1.0509907126426696,1.0421832621097564,1.038409459590912,1.027941745519638,1.0211072862148285,1.011420601606369,1.0035302251577378,0.9922466188669204,0.9857170045375824,0.9746058613061905,0.9626989305019379,0.9522675603628159,0.9424371927976608,0.9312222182750702,0.9182540744543075,0.9074837803840637,0.8961543411016464,0.8841860234737396,0.8712945997714996,0.8570025950670243,0.8451674491167068,0.8333107978105545,0.8199312567710877,0.8046802550554275,0.7917415291070938,0.7781131356954575,0.7630814552307129,0.7512431383132935,0.7372349172830581,0.7234624713659287,0.7058602213859558,0.6916076600551605,0.6787471622228622,0.6615823388099671,0.6455319941043853,0.6298259615898132,0.6139966577291489,0.5948890745639801,0.577203780412674,0.561636883020401,0.5430509120225906,0.5231634885072708,0.5026911675930024,0.48782679438591003,0.4683232232928276,0.44859916120767596,0.4303973227739334,0.4061907812952995,0.38543522655963897,0.3676896557211876,0.3464517965912819,0.32230760604143144,0.2984531417489052,0.2790629714727402,0.253905662894249,0.23105387017130852,0.20828004330396652,0.19072398245334626,0.16946431398391723,0.14803796708583833,0.12114967107772827,0.10111358538269996,0.10025114417076111,0.09668442346155644,0.0,0.07258747480809688,0.10528550297021866,0.11057838909327984,0.11810295470058918,0.13646396175026893,0.176284509152174,0.17945339381694794,0.19685004279017448,0.2251470372080803,0.24161171093583106,0.2582445040345192,0.27657477408647535,0.30660061091184615,0.32658934146165847,0.34743951112031934,0.34725633561611174,0.3632748141884804,0.3815210372209549,0.3973097145557404,0.4115242391824722,0.4272104844450951,0.4403076857328415,0.4542246639728546,0.4682803899049759,0.4812442287802696,0.4926812246441841,0.5042206034064293,0.5264632761478424,0.5279955923557281,0.541156816482544,0.5512239038944244,0.5607915669679642,0.5719660967588425,0.5821233838796616,0.5902352511882782,0.6019784450531006,0.6097674548625946,0.6159617900848389,0.6251826137304306,0.6317627638578415,0.6430503368377686,0.6516119688749313,0.654709342122078,0.6625872015953064,0.6694494336843491,0.6754889845848083,0.6822286903858185,0.6884342104196548,0.6941476792097092,0.6999806344509125,0.7058370262384415,0.7115805268287658,0.7171623259782791,0.7250633865594864,0.7265999346971512,0.7311621844768524,0.7358816087245941,0.7462017208337783,0.7467667907476425,0.7509840190410614,0.7578982472419739,0.7626568973064423,0.7643966734409332,0.7695806741714477,0.7734547078609466,0.7778288543224334,0.7819311827421188,0.7884605646133422,0.7881517857313156,0.7920586466789246,0.7957612156867981,0.799618399143219,0.8003241717815399,0.8067544072866439,0.8062830001115799,0.8101790964603424,0.8140253871679306,0.8163014709949493,0.8250996172428131,0.8233363538980484,0.8245514780282974,0.829616379737854,0.8345811754465103,0.8357842653989792,0.8371036171913147,0.8425359904766083,0.8459715396165848,0.8486455261707306,0.8566919833421707,0.854368019104004,0.8584179759025574,0.8603406488895416,0.8659341990947723,0.8770624607801437
t_93,1.2501979887485504,1.2468473076820374,1.2483003735542297,1.2453724503517152,1.2428401052951812,1.2411884486675262,1.2358760356903076,1.2315335690975189,1.226055246591568,1.2241955816745758,1.2196240067481994,1.2151104986667634,1.2144528687000276,1.2090002179145813,1.2074461102485656,1.2010722041130066,1.1964582204818726,1.1900570571422577,1.18741917014122,1.1820330262184142,1.1764431178569794,1.173998373746872,1.1688572824001313,1.1625950574874877,1.1578313887119294,1.1545914590358735,1.1505996227264403,1.1433232069015502,1.1382777988910675,1.134566420316696,1.127179205417633,1.1225915849208832,1.1175685286521913,1.1098591268062592,1.1025411248207093,1.0958438992500306,1.0918406426906586,1.0841928005218506,1.0796027660369873,1.072200059890747,1.0667745471000671,1.057803249359131,1.0490983486175538,1.0454435467720031,1.0352896273136138,1.0284415394067765,1.018793413043022,1.0111352741718291,0.9999824821949005,0.9938090205192566,0.9825903445482254,0.9707613438367844,0.9605850726366043,0.9509078592061997,0.9399602353572846,0.9270688503980636,0.916527333855629,0.9053610742092133,0.8935730427503585,0.8807735621929169,0.8668054878711701,0.8550400048494339,0.8432902783155442,0.8305559098720551,0.8151013940572739,0.8024797677993775,0.7889806091785431,0.7742423325777054,0.7625454366207123,0.7489173352718353,0.73524611890316,0.7181222110986709,0.7041560381650924,0.691176813840866,0.6743698209524155,0.6592512279748917,0.6438503384590148,0.6270992904901505,0.6083354860544204,0.5918285757303238,0.5762402266263962,0.558156180381775,0.5380399763584137,0.5185854375362396,0.5031153976917266,0.4846150308847427,0.4642852783203125,0.44627208560705184,0.42335047423839567,0.402045302093029,0.3842900514602661,0.3631004452705383,0.3397765770554543,0.31845070570707323,0.29604221135377884,0.2740404024720192,0.2515286847949028,0.22806410863995552,0.2068120703101158,0.1848165884613991,0.16402524709701538,0.1368790678679943,0.11703136414289475,0.10602930150926113,0.0986340057104826,0.07258747480809688,0.0,0.08571783564984799,0.0912015400826931,0.10100045427680016,0.11872596517205239,0.1527598924934864,0.15951374769210816,0.17634110525250435,0.20300033912062646,0.220238496363163,0.2374316856265068,0.2568706676363945,0.28409872502088546,0.304664833843708,0.3258757770061493,0.32743783891201017,0.34503749907016756,0.3633292317390442,0.37876911610364916,0.3936225563287735,0.410019351541996,0.42317623645067215,0.4372198760509491,0.45062237828969953,0.4644908204674721,0.476251445710659,0.48818057477474214,0.5088957995176315,0.5123569130897522,0.5255684196949005,0.5358249455690384,0.5457109630107879,0.5572967320680619,0.5672724902629852,0.5757918059825897,0.5873881340026855,0.595608326792717,0.6019046366214752,0.6115580826997757,0.6181961536407471,0.6289841502904892,0.637744465470314,0.6415878176689148,0.6496852338314056,0.6565898209810257,0.6627830237150192,0.6697518467903137,0.6761263102293015,0.6820230722427368,0.6879179924726486,0.6937231957912445,0.6996731698513031,0.7054652273654938,0.713028883934021,0.7150665104389191,0.7197433561086655,0.7245880663394928,0.7346252053976059,0.7357439756393432,0.7396839648485184,0.7468460857868194,0.7515090197324753,0.7535939633846283,0.7586747735738755,0.762493422627449,0.7672644406557083,0.7712047874927521,0.7777992248535156,0.7775771170854568,0.7816052913665772,0.7856602281332016,0.7891212046146393,0.7904115349054337,0.7968121409416199,0.7964541107416153,0.8004703432321548,0.8042630046606064,0.8067578405141831,0.815579029917717,0.8139017820358276,0.8152427166700363,0.8202217519283295,0.8251652598381043,0.8266811847686768,0.8281278997659683,0.8334126681089401,0.8368299543857575,0.8396855235099793,0.847295942902565,0.8455603748559952,0.8497518688440323,0.8519450157880784,0.8575886696577072,0.8686796665191651
t_92,1.2558821439743042,1.2524634957313538,1.254076063632965,1.2510966181755065,1.2488276660442352,1.247222328186035,1.2420154750347137,1.237984037399292,1.2326072931289673,1.230805218219757,1.2263235747814178,1.22212615609169,1.221388965845108,1.2161125421524048,1.2148517072200775,1.2087889730930328,1.2044979512691498,1.1980554938316346,1.1955402553081513,1.1902500987052917,1.1853021085262299,1.182827001810074,1.1778422176837922,1.1718883752822875,1.1673495948314667,1.1642948031425475,1.1605661273002625,1.1534631490707397,1.1485162198543548,1.1452327787876129,1.1379510641098023,1.1332924008369445,1.1290157735347748,1.120713973045349,1.1136621475219726,1.1073463261127472,1.103372049331665,1.0959740102291107,1.091663122177124,1.0843597114086152,1.0791732490062713,1.0701875269412995,1.061526745557785,1.0580916464328767,1.0484373569488525,1.0414989352226258,1.0316736817359924,1.0244817435741425,1.0133160680532456,1.008003655076027,0.9961687177419662,0.9842240750789643,0.9743753582239151,0.9648510813713074,0.9544394135475158,0.9413275599479676,0.9310907751321793,0.9200438976287841,0.9085547119379044,0.8956516027450562,0.8820373237133026,0.8702146142721177,0.8584329873323441,0.8471773445606232,0.8308134227991104,0.8185662299394607,0.8051417618989944,0.790775141119957,0.7790912210941314,0.7661284774541854,0.7525765269994735,0.7361931741237641,0.7223579347133636,0.7090785831212998,0.6926866382360458,0.6800175249576569,0.6649836540222168,0.6455387443304061,0.6266321241855621,0.613207322359085,0.5972865551710129,0.579921668767929,0.5586681663990021,0.5409209817647934,0.5238058209419251,0.5073825523257256,0.48579112589359286,0.4676424741744995,0.44780323654413223,0.4251249894499779,0.40660533457994463,0.38500113040208817,0.3631372556090355,0.3488771110773087,0.3191733255982399,0.3042419388890266,0.28303311467170716,0.258466637134552,0.22926212400197982,0.20769316777586938,0.19021424353122712,0.16945652589201926,0.15089844018220902,0.12086100541055203,0.10436197593808175,0.10528550297021866,0.08571783564984799,0.0,0.07344209775328636,0.0992611065506935,0.11632417626678944,0.12129462212324142,0.14387140646576882,0.1602032005786896,0.17566992416977883,0.19933351799845694,0.21840279400348664,0.2393846370279789,0.25444082990288736,0.27527428716421126,0.2954982191324234,0.3068481728434563,0.32719832211732863,0.34470858722925185,0.35871791243553164,0.3750570178031921,0.39220413118600844,0.40552828758955,0.41963007748126985,0.4299758359789848,0.4462703078985214,0.45830285996198655,0.47116936445236207,0.48564159870147705,0.49556759297847747,0.5081418275833129,0.5187624216079711,0.5292109042406082,0.5413581907749176,0.5506976425647736,0.5602060943841934,0.5705421090126037,0.5796551316976547,0.5864111304283142,0.5966717422008514,0.6033815801143646,0.6120096534490586,0.621148732304573,0.6271212220191955,0.6352943181991577,0.6421945512294769,0.6487770915031433,0.6560598522424698,0.6624377578496933,0.6686190336942672,0.674709004163742,0.6800383716821671,0.6864827573299408,0.6925297170877457,0.6987060010433197,0.7023626327514648,0.7072348207235336,0.7122469663619995,0.7206995278596878,0.7234440445899963,0.7266380041837692,0.7340302467346191,0.7383974462747573,0.7414347261190415,0.745981314778328,0.7497121125459671,0.7552682816982269,0.7585965812206268,0.7649022042751312,0.7652747064828873,0.7693696051836014,0.7742518097162246,0.7765754848718643,0.7795020282268524,0.7854436695575714,0.7855625689029694,0.7898601919412613,0.793239849805832,0.7963134497404099,0.8044918119907379,0.8033121854066849,0.8051912099123001,0.8097013711929322,0.8142175227403641,0.8166200011968613,0.8183173060417175,0.8231869965791703,0.826361671090126,0.8295829921960831,0.835651296377182,0.8358052730560303,0.8401643842458725,0.8430487006902695,0.8486761659383774,0.859080109000206
t_91,1.2568220973014832,1.2534380376338958,1.2550015509128571,1.2520772397518158,1.2498032867908477,1.2481889188289643,1.2430396318435668,1.2390178740024567,1.2336665391921997,1.231869202852249,1.2274501025676727,1.2232610285282135,1.2225330889225006,1.2172897934913636,1.2160163640975952,1.2100111365318298,1.2057210862636567,1.199374830722809,1.1968574523925781,1.1916348874568938,1.1866848945617676,1.1842527568340302,1.1793284475803376,1.1734277665615083,1.1689289271831513,1.1659044742584228,1.1621976315975189,1.155218815803528,1.1503304541110992,1.1470887959003448,1.13992600440979,1.135344809293747,1.1310679376125337,1.1230004966259002,1.1160414278507234,1.1098158836364747,1.1059019088745117,1.0986324965953826,1.0943781852722168,1.0871806263923645,1.0820955634117126,1.073289042711258,1.0647790729999542,1.0614091753959656,1.0519402742385864,1.045068347454071,1.035460877418518,1.0283759176731109,1.017461496591568,1.0121723055839538,1.0006060153245926,0.9888884872198105,0.979205185174942,0.9698122978210449,0.9595315545797348,0.9467485576868058,0.9367258995771408,0.925823312997818,0.9143791407346725,0.9018050700426101,0.8884221345186234,0.8768542408943176,0.865234836935997,0.8540471941232681,0.838058078289032,0.826027798652649,0.8128293097019196,0.7987525463104248,0.7872761100530624,0.7745568722486496,0.7611298650503159,0.7450223505496979,0.7314963817596436,0.718286469578743,0.702260035276413,0.6894176930189133,0.6746967136859894,0.6558991819620132,0.6376800030469895,0.6237712264060974,0.6081392049789429,0.5909332156181335,0.5703325361013413,0.5529035687446594,0.5360947757959366,0.519881109893322,0.49831419736146926,0.48058112114667895,0.46068858057260514,0.43869596272706984,0.4202241823077202,0.3992416873574257,0.3782787948846817,0.3619574710726738,0.3345488414168358,0.31921314001083373,0.2969484433531761,0.27357247620821,0.2449964240193367,0.22296903058886527,0.20357741862535478,0.18375539779663086,0.16464870870113374,0.13628410026431084,0.1183270838111639,0.11057838909327984,0.0912015400826931,0.07344209775328636,0.0,0.08313047885894775,0.10095763206481934,0.10375797301530838,0.12380222491919994,0.1405697099864483,0.15737079232931137,0.18064335212111474,0.19973930418491365,0.2206440545618534,0.23700080141425134,0.25814859196543694,0.28036032170057296,0.2889902338385582,0.30902675092220305,0.32736666351556776,0.3414464592933655,0.3583548918366432,0.37543876469135284,0.388865752518177,0.40329908281564714,0.41387946009635923,0.4306207776069641,0.44261849373579026,0.4557333841919899,0.47140745371580123,0.48068066984415053,0.4938095659017563,0.5043828964233399,0.5150213688611984,0.5274159222841263,0.5369407206773757,0.5465451359748841,0.5574860781431198,0.5666552394628525,0.5733833760023117,0.5838311314582825,0.5906014025211335,0.5996939718723298,0.6091257005929946,0.6149523437023163,0.6231170237064362,0.6302608519792556,0.6369022637605667,0.6445736348628998,0.650836980342865,0.6571037262678147,0.6635132789611816,0.6689307957887649,0.6754000067710877,0.681734362244606,0.6881904810667038,0.6916822969913483,0.6966314107179642,0.7016874551773071,0.710722005367279,0.7132724761962891,0.7164833039045334,0.7241926968097687,0.7286527216434479,0.7316178351640701,0.7363332122564316,0.740060743689537,0.7457970708608628,0.749233266711235,0.7557879894971847,0.7560920625925064,0.7601883441209794,0.765300178527832,0.7676457941532135,0.7705429822206498,0.7767557799816132,0.7766216725111008,0.781046774983406,0.7845072746276855,0.7876130104064941,0.7962666094303131,0.7947892785072327,0.7966361522674561,0.8013134688138962,0.806056821346283,0.8083562821149826,0.8100432097911835,0.8151703208684922,0.8183793365955353,0.8216766536235809,0.8280489951372146,0.8280586272478103,0.8325127989053727,0.8353553652763367,0.8411180317401886,0.8519596815109253
t_90,1.2577811241149903,1.25458722114563,1.2559766054153443,1.2531800806522368,1.250757086277008,1.2491451740264892,1.2440709173679352,1.2399431407451629,1.2346892356872559,1.2329070568084717,1.228552895784378,1.2242605805397033,1.223630005121231,1.2184300601482392,1.2169832468032837,1.2109108030796052,1.2065147757530212,1.20043705701828,1.1979178369045258,1.1928042590618133,1.1875104427337646,1.1852123737335205,1.180347776412964,1.1743967354297637,1.1699191868305205,1.1668648540973663,1.163073831796646,1.156227743625641,1.1514356136322021,1.1480068027973176,1.141037744283676,1.1366798400878906,1.1319860458374023,1.124684637784958,1.1177858412265778,1.111516410112381,1.1077304422855376,1.100596696138382,1.096302479505539,1.089294785261154,1.0842345595359801,1.075815886259079,1.0675917446613312,1.0641988337039947,1.054690569639206,1.0482197403907776,1.0391304433345794,1.031995278596878,1.0215070247650146,1.0157933741807939,1.0052055239677429,0.9940713316202163,0.9844996511936188,0.9753630548715592,0.9651132494211196,0.9529753178358078,0.9431530475616455,0.9325836002826691,0.9213718473911285,0.9094846487045288,0.8962795317173005,0.8853017091751099,0.8741891622543335,0.8623170226812362,0.8477472871541977,0.835887786746025,0.8231778115034103,0.8094496041536331,0.7984408855438232,0.7856920480728149,0.7728080302476883,0.7567834705114365,0.7436181098222733,0.7313870429992676,0.7156345784664154,0.7014501124620438,0.6870478451251983,0.6713027119636535,0.6537994891405106,0.6381607800722122,0.6234760463237763,0.6063265651464462,0.5875325828790665,0.5693559557199478,0.5546737551689148,0.5375277876853943,0.5177334785461426,0.5009772926568985,0.47937108427286146,0.4593040689826012,0.4418207213282585,0.42219127863645556,0.400339937210083,0.37916440069675444,0.35800275951623917,0.3377598151564598,0.31553118824958803,0.29320992827415465,0.27111613750457764,0.24869762510061263,0.22703491076827048,0.20249150916934014,0.1819900967180729,0.16346207410097122,0.14863262549042702,0.11810295470058918,0.10100045427680016,0.0992611065506935,0.08313047885894775,0.0,0.07750100940465927,0.10372562929987908,0.0994619108736515,0.11389098092913627,0.14100087210536003,0.15709182545542716,0.1740199215710163,0.19282922074198722,0.2231064222753048,0.24297164157032966,0.26621792614459994,0.26593068391084673,0.28332024067640305,0.30290087312459946,0.3190813511610031,0.3350051775574684,0.3517487943172455,0.3656898126006126,0.3805881664156914,0.39482528120279314,0.4098902568221092,0.42197643369436266,0.4349538370966911,0.4570856228470802,0.46079404652118683,0.4746402963995934,0.48562789857387545,0.4963579118251801,0.5085522219538688,0.5193901658058167,0.528387376666069,0.540918892621994,0.5496225267648697,0.5566245019435883,0.5667938083410263,0.574085658788681,0.5854586571455002,0.5949318677186965,0.5990902066230774,0.6075482934713363,0.6151386111974716,0.6217308610677719,0.6294924557209015,0.636093458533287,0.6423442274332046,0.6489048272371292,0.6550791263580322,0.6613740116357804,0.6677423775196075,0.6757425308227539,0.6780668586492539,0.6831125497817994,0.6881495296955109,0.6988574892282486,0.7002948373556137,0.704348036646843,0.7118941962718963,0.7170371353626251,0.719378337264061,0.7248459368944168,0.728839099407196,0.7340247660875321,0.738168004155159,0.7451197773218154,0.7452196776866913,0.7494541555643082,0.7539066672325134,0.7576163023710251,0.7591621994972229,0.7659217238426208,0.7655147463083267,0.7699679106473922,0.7739820063114167,0.7766201496124268,0.7860098898410797,0.7842964112758637,0.7859175503253937,0.7911209851503372,0.7963760375976563,0.7980945408344269,0.799738985300064,0.8054327607154846,0.809006005525589,0.8121432900428772,0.8201669871807098,0.8187071740627289,0.8232245504856109,0.8256238907575607,0.8316888898611069,0.8436298847198487
t_89,1.2593304455280303,1.2562263488769532,1.2575437903404236,1.2547924995422364,1.2523408949375152,1.250738114118576,1.2457062363624574,1.2415595710277558,1.236350154876709,1.2345738172531129,1.230259758234024,1.2259502232074737,1.2253444135189056,1.2201975166797638,1.2186552166938782,1.2126013815402985,1.2081817924976348,1.2022087931632996,1.199705469608307,1.194630467891693,1.189228117465973,1.187002855539322,1.182143896818161,1.1761923789978028,1.1717360317707062,1.1686879992485046,1.1648502409458161,1.158094471693039,1.1533385932445526,1.1498788475990296,1.14300337433815,1.1387665450572968,1.1339137494564056,1.1269661724567412,1.1201345026493073,1.113902109861374,1.1102402448654174,1.1031830430030822,1.0988929331302644,1.0919918179512025,1.0870059788227082,1.0788095057010652,1.0707338213920594,1.0673806607723235,1.057979905605316,1.0516856968402863,1.0428693354129792,1.0357997357845306,1.0255724102258683,1.0197707563638687,1.0096383035182952,0.9988456398248673,0.9893665432929992,0.9803858995437622,0.9703212767839432,0.9585515826940536,0.9488994091749191,0.9385032385587693,0.9274974346160889,0.9160773158073425,0.9030445367097855,0.8924434661865235,0.8815372824668884,0.8695545256137848,0.8558362156152726,0.8440036624670029,0.8315992802381516,0.8182933866977692,0.8074110120534896,0.7949060797691345,0.7823670864105224,0.7666066586971283,0.7534520596265792,0.7418464004993439,0.7264566719532013,0.7119617015123367,0.6978311210870742,0.6835115075111389,0.6664612919092179,0.6502736628055572,0.6360368937253952,0.6189353346824646,0.6013696312904357,0.5827917098999024,0.5691342949867249,0.5519480884075165,0.5329413056373596,0.5167079538106918,0.4945977419614792,0.4759477287530899,0.45854432284832003,0.4399514809250832,0.4181185305118561,0.39455766081809995,0.37663100510835645,0.3550045326352119,0.3328606501221657,0.3115235805511475,0.29131359457969663,0.2693615585565567,0.24632691964507103,0.2223758101463318,0.2000852070748806,0.18272517397999763,0.1684957392513752,0.13646396175026893,0.11872596517205239,0.11632417626678944,0.10095763206481934,0.07750100940465927,0.0,0.108003643527627,0.08678727000951766,0.10404445789754391,0.13145303428173066,0.14124356657266618,0.1580631710588932,0.17614944279193878,0.2117795839905739,0.23069589734077453,0.25398970693349837,0.2491038389503956,0.26488643884658813,0.28583631068468096,0.30295017659664153,0.31799724251031875,0.3335732325911522,0.3478162378072739,0.36395633071660993,0.3795119717717171,0.394327874481678,0.40611812472343445,0.4194943934679031,0.44455966353416443,0.4456943839788437,0.4599043905735016,0.47118970155715945,0.4821333110332489,0.49399453997612,0.5058681190013885,0.5149012327194213,0.5278762221336365,0.5366472870111465,0.5437686026096344,0.5537664204835892,0.5613330781459809,0.5735700219869614,0.5834358423948288,0.5869306236505508,0.5951911509037018,0.6035275042057038,0.6099834322929383,0.6178552567958832,0.6243557125329972,0.6305847406387329,0.6377897799015045,0.6440444171428681,0.6504693180322647,0.6568883121013641,0.6655866593122483,0.6674080908298492,0.6725800663232804,0.677802124619484,0.6890937060117721,0.6901051312685013,0.6944192588329315,0.7020647615194321,0.7076592236757279,0.7097035557031631,0.7155487388372421,0.7198218762874603,0.7247720628976821,0.7291871130466461,0.7362359255552292,0.7363681852817535,0.7406446099281311,0.7448139905929565,0.7492752522230148,0.7502889603376388,0.7572460561990738,0.7566123485565186,0.7613872647285461,0.7655634343624115,0.7680296510457992,0.7776460319757461,0.7758081555366516,0.7775862514972687,0.7830447852611542,0.7883602529764175,0.7899858772754669,0.7915049403905868,0.7976386100053787,0.8015233844518661,0.8045278459787368,0.8132822185754776,0.8113055497407913,0.8158641964197159,0.818085566163063,0.8243269473314285,0.8369321972131729
t_88,1.265711283683777,1.2624060571193696,1.264008927345276,1.2611651420593262,1.259108304977417,1.2575530648231505,1.2526363372802733,1.2489448070526123,1.2438232064247132,1.2421155989170074,1.237918245792389,1.234053486585617,1.2333216965198517,1.2283595979213715,1.2273060023784637,1.2217069625854493,1.217733871936798,1.2116268217563628,1.2092644095420837,1.2043081939220428,1.1999019026756286,1.1975771844387055,1.1929562389850616,1.1874603867530822,1.1832951784133912,1.1805084109306336,1.1770730853080749,1.1705329179763795,1.1658765077590942,1.1630611956119536,1.156298565864563,1.1518563389778138,1.148198240995407,1.1401620268821717,1.133653998374939,1.1279573500156403,1.124215877056122,1.1174614369869231,1.1135689556598662,1.1067273497581482,1.1020403921604156,1.0936550080776215,1.0855480551719665,1.082469993829727,1.0737701177597045,1.0671104073524476,1.0578318953514099,1.0513732075691222,1.040961891412735,1.0364370882511138,1.0250452548265456,1.0138019651174546,1.0047930538654328,0.9958696305751801,0.9863911420106888,0.9740540832281113,0.9647520691156387,0.9543640941381455,0.9434977471828461,0.9316101670265198,0.9189916461706161,0.9079881370067596,0.8968558251857758,0.8870442152023316,0.8713174790143967,0.8600681036710739,0.8474646896123886,0.8344214290380478,0.8235058546066284,0.8117798060178757,0.7990201115608215,0.7841434478759766,0.771341872215271,0.7585703670978546,0.7436232656240463,0.7325806468725204,0.7188209444284439,0.6996390789747238,0.682515898346901,0.6706232070922852,0.6556112378835678,0.6394665122032166,0.6195872545242309,0.6039632678031921,0.5872568368911744,0.5730693638324738,0.5513860434293747,0.534948107600212,0.5173205867409706,0.4958275809884071,0.4775786116719246,0.4582021728157997,0.4390339955687523,0.4251215815544128,0.396752393245697,0.3850841671228409,0.3640873089432716,0.3413442984223366,0.3109951362013817,0.2895291730761528,0.2711938083171844,0.25323948487639425,0.23477501645684243,0.20174832567572593,0.1817898154258728,0.176284509152174,0.1527598924934864,0.12129462212324142,0.10375797301530838,0.10372562929987908,0.108003643527627,0.0,0.09430422112345696,0.09986721873283386,0.0980159979313612,0.1257074788212776,0.14497093334794045,0.1659964568912983,0.17075128182768823,0.19025507122278212,0.2147226572036743,0.22962684705853462,0.2511965624988079,0.270012891292572,0.28292295038700105,0.3018561750650406,0.31891668289899827,0.33302236050367356,0.3478436440229416,0.3564637705683708,0.3762316405773163,0.38836086392402647,0.40299913883209226,0.41481613367795944,0.4293422088027,0.44243317991495135,0.45345455706119536,0.46525314301252363,0.4784529790282249,0.48823740482330324,0.4988134205341339,0.5094947636127471,0.5198755383491516,0.5274400264024734,0.5386253088712692,0.5460730344057083,0.5540353208780289,0.5641545295715332,0.5716605126857758,0.5802230268716813,0.5880873143672943,0.5951960146427154,0.6037849068641663,0.6102562427520752,0.6168513864278793,0.6240045249462127,0.629505068063736,0.6364857494831085,0.6436251491308213,0.6494286000728607,0.6542357981204987,0.6595696628093719,0.6649322628974914,0.6735211104154587,0.6774313509464264,0.6800895005464553,0.688335245847702,0.692968127131462,0.6967812150716781,0.7015019863843918,0.7052094548940658,0.7118849873542785,0.7150283873081207,0.7217875957489014,0.7226326584815979,0.7270003318786621,0.7329149037599564,0.7347417324781418,0.7388917475938797,0.7452326238155365,0.7451979488134384,0.7501991212368011,0.7536578118801117,0.7571565330028533,0.7660172790288925,0.7647568970918656,0.7671683400869369,0.7716602861881257,0.7764277726411819,0.779477921128273,0.7814626127481461,0.7866222560405731,0.7898728579282761,0.7935972005128861,0.7993672668933869,0.8007011562585831,0.8055940210819245,0.8089807063341141,0.8150263905525208,0.8263370841741562
t_87,1.265610158443451,1.2625392258167267,1.263910323381424,1.2611895024776458,1.2589024543762206,1.2573487639427186,1.252455711364746,1.2485460102558137,1.2434743285179137,1.2417440295219422,1.2375578343868257,1.2334801495075225,1.232843166589737,1.2278653621673583,1.2265000879764556,1.2207121014595033,1.2165288090705872,1.2106601178646088,1.2082579016685486,1.2033321976661682,1.1983481168746948,1.1961652398109437,1.1914972722530366,1.1858100235462188,1.181577467918396,1.1786851286888123,1.1750418841838837,1.1685511767864227,1.1639360547065736,1.1607985079288483,1.1541359722614288,1.1499622762203217,1.145588034391403,1.1385113954544068,1.1319771111011505,1.1260944247245788,1.122536826133728,1.115787810087204,1.1117479026317596,1.1050430119037629,1.1003209471702575,1.0923310101032258,1.0844794809818268,1.0813174843788147,1.0724171161651612,1.0662258982658386,1.0575496971607208,1.0508992969989777,1.040935218334198,1.0357035100460052,1.0255247503519058,1.014941245317459,1.0058677911758422,0.9971743911504746,0.9876235038042068,0.9760359078645706,0.9668170899152756,0.9567057132720947,0.946068263053894,0.934969088435173,0.9223867028951644,0.9120947241783142,0.9014075398445129,0.8904474407434464,0.8766541212797165,0.8652852594852447,0.8532293736934662,0.8405072182416916,0.8298963457345963,0.8180763840675354,0.8059105545282363,0.7909136533737182,0.7780958592891694,0.7667053133249283,0.7519301831722259,0.7388776212930679,0.7253282755613327,0.7102260768413544,0.6936313271522522,0.6791542589664459,0.6651481240987778,0.6488154053688049,0.6313379645347595,0.6140019834041596,0.6000030636787415,0.5842685699462891,0.5650908946990967,0.5493706911802292,0.5290629744529725,0.5104332268238068,0.4929791584610939,0.4749775007367134,0.45446005910634996,0.4339633122086525,0.4136817708611488,0.39527300000190735,0.37402208149433136,0.3527073964476585,0.32987829893827436,0.30822166204452517,0.2864554822444916,0.26477390080690383,0.24357591047883034,0.22063243314623832,0.20348602011799813,0.17945339381694794,0.15951374769210816,0.14387140646576882,0.12380222491919994,0.0994619108736515,0.08678727000951766,0.09430422112345696,0.0,0.07834285721182824,0.09352237395942212,0.10217321403324604,0.12032918930053711,0.13828697577118873,0.16659357845783235,0.1845006600022316,0.2085319772362709,0.2075122907757759,0.22450991421937944,0.24612354189157487,0.26215347498655317,0.2784114509820938,0.29435454607009887,0.30881438553333285,0.32574696838855743,0.34009219259023665,0.3568496748805046,0.368741574883461,0.38326742947101594,0.40566698759794234,0.4102529644966125,0.42425402998924255,0.43633792251348497,0.4479372724890709,0.4603829950094223,0.4724585756659508,0.4821501985192299,0.4949645921587944,0.504450011253357,0.5121881872415542,0.5228369683027267,0.5307510524988175,0.5420356005430221,0.5526110976934433,0.5574237674474716,0.5658357292413712,0.5746278822422027,0.5813664674758912,0.589923033118248,0.5964810967445373,0.6030170172452927,0.6108428806066513,0.6169100612401962,0.6238406717777252,0.6307111769914627,0.6389590352773666,0.6416766196489334,0.647174870967865,0.6526317805051803,0.6634336769580841,0.6654701679944992,0.6694144636392594,0.6774157702922821,0.6831358760595322,0.6857954829931259,0.6915950417518616,0.6958580553531647,0.7015162706375122,0.7057164072990417,0.7127662807703018,0.7134136945009232,0.7178212136030198,0.7226173490285873,0.726675945520401,0.7286782681941986,0.7355177283287049,0.7351253241300583,0.74034463763237,0.7444034606218338,0.7472428202629089,0.7567861497402191,0.7551911890506744,0.7574217081069946,0.7627624630928039,0.7679719507694245,0.7702158361673355,0.7719289809465408,0.7780915826559067,0.7819977819919586,0.7853117913007737,0.7934701353311538,0.7926363170146942,0.7974186390638351,0.8001240164041519,0.806584146618843,0.8192816734313965
t_86,1.2658047437667848,1.262778067588806,1.2641292691230774,1.2614644169807434,1.2591976344585418,1.2576598882675172,1.2528459668159484,1.2489831387996673,1.2439904153347014,1.2423057734966279,1.2381825387477874,1.234156036376953,1.2335509121418,1.2286600291728973,1.2273312032222747,1.2216284155845643,1.2175232529640199,1.211762046813965,1.2093969881534576,1.2045916080474854,1.199684202671051,1.1975307524204255,1.1929661333560944,1.1873966455459595,1.183227390050888,1.1803899824619293,1.1768394589424134,1.1704530537128448,1.1659460246562958,1.1628277242183684,1.1563229739665986,1.152211445569992,1.1479535520076751,1.1410000145435333,1.134584653377533,1.1287866830825806,1.1252663552761077,1.1186379551887513,1.1146614015102387,1.1081081688404084,1.1034147799015046,1.0955589890480042,1.0878671646118163,1.0847224831581115,1.075958788394928,1.0698859989643097,1.061346071958542,1.0547633230686189,1.0449862837791444,1.0397896468639374,1.0297896981239318,1.0193820267915725,1.0104977548122407,1.0019738703966141,0.9924878120422364,0.9811220228672027,0.9720259219408035,0.9622026562690735,0.9517659455537796,0.9407012462615967,0.928460818529129,0.9182495981454849,0.9078526943922043,0.8970087110996247,0.8833986759185791,0.8723799616098404,0.8606126934289933,0.847920760512352,0.8376570224761963,0.8258914142847061,0.8139334976673126,0.7991500347852707,0.7869651705026627,0.7755584239959716,0.7609977275133133,0.7480796188116073,0.7347827196121216,0.719881072640419,0.7038152992725373,0.6895945042371749,0.6758665353059768,0.6601568937301636,0.6427663326263428,0.6261010587215423,0.6123192191123963,0.596552038192749,0.5780944585800171,0.5624852031469345,0.5427532881498337,0.5238997340202332,0.5077104896306992,0.48916376531124117,0.4691417068243027,0.4498151779174805,0.4293674290180206,0.4108252912759781,0.38987007588148115,0.3689397096633911,0.34702195078134535,0.32550711184740067,0.30528067201375964,0.2819073811173439,0.2612578205764294,0.24061851054430008,0.22362059652805327,0.19685004279017448,0.17634110525250435,0.1602032005786896,0.1405697099864483,0.11389098092913627,0.10404445789754391,0.09986721873283386,0.07834285721182824,0.0,0.08266469761729241,0.09008984081447124,0.09958361089229584,0.11690115146338939,0.14831840693950654,0.16712915748357773,0.19007683619856836,0.18621740266680717,0.20462235063314438,0.22464541122317314,0.2409397266805172,0.25765435099601747,0.2758078783750534,0.29015318751335145,0.3060541763901711,0.32065198868513106,0.33679674118757247,0.34979881793260575,0.3638105109333992,0.38723388165235517,0.39149551540613176,0.4063305363059044,0.41801906526088717,0.4298579767346382,0.443182110786438,0.4547180593013763,0.46475316137075423,0.4779797628521919,0.48761420994997023,0.4952868834137917,0.5065117448568344,0.5143493175506592,0.5263738304376602,0.5366334766149521,0.5416299253702164,0.5509741753339767,0.5591114521026611,0.566443708539009,0.5747205466032028,0.5821339756250381,0.5890830904245377,0.5961314082145691,0.602816891670227,0.6097608059644699,0.6167030930519104,0.6251383185386657,0.6280631363391876,0.6335978984832764,0.6391433894634246,0.6503058969974518,0.6523733526468277,0.6567393630743027,0.6648241132497787,0.6704323321580887,0.6732954949140548,0.6791238903999328,0.6835620611906051,0.6892664462327958,0.6937189012765884,0.7011059165000916,0.7014981508255005,0.7061867505311966,0.7110685557126999,0.7150777667760849,0.7170769035816192,0.7242257535457611,0.724143585562706,0.7290314495563507,0.7333983063697815,0.7363424122333526,0.7462150812149048,0.7447358399629593,0.7466903388500213,0.752233573794365,0.7578032732009887,0.7599884361028671,0.7619682580232621,0.7679068982601166,0.7718851447105408,0.7753887057304383,0.7837548315525055,0.7828008025884629,0.7877736151218414,0.7906891405582428,0.7973419964313507,0.810172837972641
t_85,1.2710085213184357,1.2679043114185333,1.2693750619888307,1.266675353050232,1.2646010875701905,1.2630889177322389,1.2583397150039672,1.25472052693367,1.2497808992862702,1.2481284081935882,1.2440719664096833,1.2402819991111755,1.239599597454071,1.2348056793212892,1.233704036474228,1.2282415270805358,1.2243479669094086,1.2185535192489625,1.21626535654068,1.211510580778122,1.2070983409881593,1.2049205958843232,1.2004734933376313,1.1951294720172883,1.1911256968975068,1.1884264945983887,1.1850571572780608,1.1788096129894257,1.1743565440177917,1.1715835928916931,1.165146577358246,1.160949808359146,1.1572647094726562,1.1498330533504486,1.1435957372188568,1.1380986452102662,1.1345716714859009,1.1281537532806396,1.1243828237056732,1.1178755581378936,1.1133930027484893,1.1055090129375458,1.0978182315826417,1.0948536098003387,1.086481362581253,1.0802780628204345,1.0715708434581757,1.0653636753559113,1.0555525958538055,1.0510421395301819,1.040518593788147,1.029993373155594,1.0213712334632874,1.0129233300685883,1.0038436025381088,0.9922848075628281,0.983461543917656,0.9736514955759048,0.9633205980062485,0.9522748202085495,0.9402125924825668,0.9299753576517105,0.919478851556778,0.9097962439060211,0.8954222857952118,0.8846605241298675,0.8728727668523788,0.8605670422315598,0.85028136074543,0.8390433818101883,0.8271322518587112,0.8129363536834717,0.8007772445678711,0.7890830755233764,0.7748958349227906,0.763785669207573,0.750781911611557,0.7338868200778961,0.7178191423416138,0.7056838005781174,0.6917367100715637,0.6763673186302185,0.6583527028560638,0.6429949134588242,0.6280336529016495,0.6139858096837998,0.594217112660408,0.578865921497345,0.5612136900424958,0.5416656583547592,0.524646332859993,0.506488399207592,0.4877555951476097,0.4721982181072235,0.4479138717055321,0.4340993955731392,0.41377551704645155,0.3922992616891861,0.3661853715777397,0.3453203275799751,0.3264019101858139,0.3067640796303749,0.2871983960270882,0.25914522260427475,0.2402816340327263,0.2251470372080803,0.20300033912062646,0.17566992416977883,0.15737079232931137,0.14100087210536003,0.13145303428173066,0.0980159979313612,0.09352237395942212,0.08266469761729241,0.0,0.08431270532310009,0.09545705579221249,0.11075151152908802,0.11783091463148594,0.135826975107193,0.15990885272622107,0.16981219723820687,0.19036057516932486,0.2093587711453438,0.2231026202440262,0.24198759198188782,0.2593226969242096,0.2739707812666893,0.2895474299788475,0.29994717091321943,0.31996327489614484,0.332475146651268,0.34790473729372023,0.3634186595678329,0.3756960779428482,0.3895065441727638,0.4014610543847084,0.4140006199479103,0.4276846781373024,0.43866963088512423,0.44957768321037295,0.46150164902210233,0.4721409007906914,0.48039376437664033,0.49206193536520004,0.5001488462090492,0.509583130478859,0.5204149901866912,0.5275876700878144,0.5366755187511444,0.5451651215553284,0.5526816785335541,0.5618116348981858,0.5688044756650925,0.575791773200035,0.5835009932518005,0.5896509677171707,0.5969741582870484,0.6045216947793961,0.6114477664232254,0.6159920036792755,0.6217453867197037,0.6273647338151932,0.6371037125587463,0.6408262759447098,0.6441479235887527,0.6525861859321594,0.6579599976539612,0.6617620289325714,0.6671511352062225,0.6712977558374404,0.6779951870441436,0.6817177116870881,0.6888730019330979,0.6899397641420364,0.6946079462766648,0.7004385679960251,0.7032504647970199,0.7069422751665115,0.7137498497962952,0.7138193815946579,0.7191672146320343,0.7230790197849274,0.7265269011259079,0.7360217928886413,0.7347896844148636,0.7373574703931809,0.7423292100429535,0.7475384145975112,0.7505372405052185,0.7527180522680282,0.7584338963031769,0.7620927572250367,0.765941733121872,0.7728336751461029,0.7737765043973923,0.7789436012506485,0.7824114412069321,0.7889912337064743,0.801460987329483
t_84,1.2716956913471222,1.268724948167801,1.2700813829898834,1.2674618422985078,1.265310937166214,1.2638140320777893,1.2591235995292664,1.2554342925548554,1.2505692720413208,1.248925220966339,1.2449147880077363,1.241063165664673,1.240442007780075,1.2356962621212007,1.2344671368598938,1.2289749026298522,1.2250268101692199,1.2194017171859741,1.2171220123767852,1.212442409992218,1.2078012824058533,1.2057105123996734,1.2012858510017395,1.1959172129631042,1.1919245898723603,1.1892044126987458,1.1857839107513428,1.1796252965927123,1.1752571284770965,1.1723688662052154,1.1660586833953857,1.162045156955719,1.1580868005752563,1.1511855125427246,1.1450190484523772,1.139499980211258,1.136110121011734,1.1297496140003205,1.1259576857089997,1.1196116864681245,1.1151594817638397,1.107560497522354,1.1000926196575165,1.097117292881012,1.0887569844722749,1.0828351378440857,1.0745256423950196,1.0682751715183259,1.0588066101074218,1.0540130257606506,1.0441971123218536,1.0340987622737885,1.025561186671257,1.017327857017517,1.0082950294017792,0.997248986363411,0.9885432064533234,0.9790065377950669,0.9689457565546036,0.9583122998476028,0.9464655846357346,0.9366752296686173,0.9265323877334595,0.9163946270942688,0.9030850470066071,0.8924404084682465,0.8810836642980575,0.8690240949392318,0.8590334892272949,0.847886148095131,0.836357119679451,0.8222536563873291,0.8103683352470398,0.7993629425764084,0.7854341089725494,0.7734436452388763,0.7607160121202469,0.7459134995937348,0.7303561985492706,0.7171121329069138,0.7038645356893539,0.6887519508600235,0.6718469202518463,0.6560431867837906,0.6424895316362381,0.627817553281784,0.6095690846443176,0.5946329534053802,0.5760943531990051,0.5578905761241912,0.5417924284934997,0.5241996213793755,0.5050733849406243,0.4870826631784439,0.46646556109189985,0.44984532445669173,0.4296609163284302,0.409155847132206,0.3866762176156044,0.3658021047711372,0.34614392518997195,0.32458228468894956,0.30430215746164324,0.2812519371509552,0.26398088932037356,0.24161171093583106,0.220238496363163,0.19933351799845694,0.18064335212111474,0.15709182545542716,0.14124356657266618,0.1257074788212776,0.10217321403324604,0.09008984081447124,0.08431270532310009,0.0,0.07268652431666851,0.0885659359395504,0.11137408427894116,0.1272095762193203,0.1481607049703598,0.14447906911373137,0.16425569206476212,0.18403160572052002,0.19951745569705964,0.21664200276136397,0.23430718705058098,0.248996252566576,0.26564120799303054,0.27954417616128924,0.2972666934132576,0.3101979702711105,0.3252104833722115,0.3477303683757782,0.35377015471458434,0.3686303973197937,0.381125608086586,0.3935015380382538,0.40702123790979383,0.41922071725130083,0.42992865294218063,0.44310144186019895,0.4534608945250511,0.4617233037948608,0.47325755953788756,0.4816776901483536,0.493364217877388,0.5043740153312684,0.5101583778858185,0.519536954164505,0.5284282207489014,0.5360047161579132,0.5450052499771119,0.5523083835840226,0.5595684051513672,0.5674510926008225,0.5740200042724609,0.5814721375703812,0.5888091117143631,0.5971981555223465,0.6007219851016998,0.6066247582435608,0.6124792248010635,0.623484218120575,0.6262112051248551,0.6304231762886048,0.6389099925756454,0.6447671085596085,0.648040172457695,0.6540234535932541,0.6586549282073975,0.6648204356431962,0.6692573636770248,0.6766713172197342,0.6775923818349838,0.6823787450790405,0.6877676397562027,0.691740283370018,0.694374418258667,0.7014867752790451,0.7015635997056962,0.7069571703672409,0.7112373769283294,0.714555299282074,0.7243761330842972,0.7230813086032868,0.7255160331726074,0.7310962587594986,0.7366280645132065,0.739257636666298,0.741392907500267,0.7475991189479828,0.7517049491405488,0.7554412424564362,0.763645687699318,0.7634465217590332,0.7686453044414521,0.7719148188829422,0.7788524180650711,0.7920217841863633
t_83,1.2723549842834472,1.2694562256336213,1.2707581162452697,1.2682015419006347,1.2660270154476165,1.2645426273345948,1.259919935464859,1.25623317360878,1.2514360427856446,1.2498107433319092,1.2458528637886048,1.2420063138008117,1.2414183914661407,1.2367282211780548,1.2354770302772522,1.2300139784812927,1.2260818600654602,1.2205795049667358,1.2183196306228639,1.213729703426361,1.209048068523407,1.2070063650608063,1.202650010585785,1.1973312020301818,1.193382239341736,1.1906868100166321,1.1872886180877686,1.181220644712448,1.1769246399402618,1.1740246653556823,1.1678410112857818,1.1639130890369416,1.1599278330802918,1.1532576382160187,1.1471669375896454,1.1417073011398315,1.1383624136447907,1.1321195900440215,1.1283508002758027,1.122118479013443,1.1177049160003663,1.1102616608142852,1.1029420733451842,1.0999808251857757,1.0916771948337556,1.0859175086021424,1.0778016030788422,1.0715878069400788,1.0623162865638733,1.0574570953845979,1.047958290576935,1.0380765080451966,1.0296526402235031,1.0215723514556885,1.012603935599327,1.0018349826335906,0.9932460844516754,0.9839260250329971,0.9739992648363114,0.9635785192251205,0.9519167423248291,0.9423158586025238,0.9324362218379975,0.9222348839044571,0.909328818321228,0.8989054560661316,0.8878132075071334,0.8758670270442963,0.8661490201950073,0.8550616770982742,0.8437800467014313,0.8298363745212555,0.8183185696601868,0.8075513720512391,0.7938023895025254,0.7816947549581528,0.7691736966371536,0.7551204919815063,0.7399821758270264,0.7265693366527557,0.7136639446020127,0.6988604575395584,0.6824878275394439,0.6668828576803207,0.6538408011198044,0.6391025751829147,0.6215331971645355,0.6069426357746124,0.5883793920278549,0.5706232070922852,0.5552320957183838,0.5378116190433502,0.5188799381256104,0.5007008507847786,0.48122684210538863,0.46385172456502916,0.44394618421792986,0.42393005192279815,0.40310607105493546,0.3824589893221855,0.3629518374800682,0.3406760558485985,0.3207720503211021,0.2999682232737541,0.2832215756177902,0.2582445040345192,0.2374316856265068,0.21840279400348664,0.19973930418491365,0.1740199215710163,0.1580631710588932,0.14497093334794045,0.12032918930053711,0.09958361089229584,0.09545705579221249,0.07268652431666851,0.0,0.07675981782376766,0.10599384307861329,0.12021778859198093,0.13838761001825334,0.12643499448895454,0.14631244987249375,0.16511421501636506,0.18123626038432122,0.19767469093203544,0.21667057871818543,0.23111969530582427,0.24713340923190116,0.2625424787402153,0.2793283313512802,0.2927535533905029,0.30750251561403275,0.33259492367506027,0.33649041056632994,0.3518970116972923,0.3643661379814148,0.37686713635921476,0.3907644718885422,0.4031383603811264,0.4137447223067284,0.427747543156147,0.43792073130607606,0.4462188512086868,0.45808144360780717,0.4666016101837158,0.47929430902004244,0.4902619570493698,0.4956587165594101,0.5055886924266815,0.5142287254333496,0.5221041828393936,0.531084394454956,0.5389611899852753,0.5464387863874436,0.553979966044426,0.5611028909683228,0.5685195207595826,0.5760108053684234,0.5849370658397675,0.5881820976734161,0.5941946804523468,0.6000481903553009,0.6118069529533386,0.6142906486988068,0.618890768289566,0.6273925811052322,0.633446991443634,0.6366769045591354,0.642899215221405,0.6476738601922989,0.6537891626358032,0.658537483215332,0.6662574350833893,0.6670294106006622,0.6719998955726624,0.6773144543170929,0.6816271960735321,0.6839262783527374,0.691350308060646,0.6915144383907318,0.6967845290899277,0.7014039099216461,0.7046091943979264,0.7148891448974609,0.7135671228170395,0.715804123878479,0.7216475218534469,0.7275580108165741,0.7299911618232727,0.732299518585205,0.7385536015033722,0.7427803754806519,0.7466228157281876,0.7553702592849731,0.7547978818416595,0.7601304024457931,0.7634070247411728,0.7705611467361451,0.78421471118927
t_82,1.2734914004802704,1.2706914484500884,1.2719335198402404,1.2694433093070985,1.2672420561313629,1.2657886445522308,1.261237907409668,1.2575564444065095,1.2528487145900726,1.2512550413608552,1.2473506093025208,1.2435308337211608,1.2429759621620178,1.2383622407913208,1.2370813727378844,1.231667160987854,1.227766615152359,1.222430056333542,1.22019105553627,1.215711134672165,1.2109976589679718,1.2090261995792388,1.2047607362270356,1.199497002363205,1.1956117510795594,1.1929485380649567,1.1895903646945953,1.1836383581161498,1.1794491231441497,1.1765202939510346,1.1704873442649841,1.1666813731193542,1.162657916545868,1.1562741696834564,1.1502973198890687,1.1448965132236482,1.141634500026703,1.1355061113834382,1.131776851415634,1.125698584318161,1.1213485956192017,1.1141260147094727,1.106989586353302,1.1040407776832581,1.0958084166049957,1.0902896344661712,1.0824337363243104,1.0762540757656098,1.067219227552414,1.0622860431671142,1.0532016813755036,1.0435940265655517,1.0353034079074859,1.0274341106414795,1.018531620502472,1.00811368227005,0.9996714532375336,0.9905941545963287,0.9809244364500046,0.9707478374242783,0.959314587712288,0.9499902993440628,0.9404171407222748,0.9301166474819184,0.9177750021219253,0.9075518637895584,0.8968013048171997,0.8849912703037262,0.8755811512470245,0.86455939412117,0.8536054968833924,0.8398252129554749,0.8285898804664612,0.8182686686515808,0.8046947330236435,0.7923805981874465,0.7801098614931107,0.7670587867498397,0.7522395521402359,0.7386028319597244,0.7261814385652542,0.7116919815540313,0.6958664208650589,0.6802945137023926,0.6679819017648697,0.6530332297086716,0.6365101546049118,0.6221424758434295,0.603548389673233,0.5863582134246826,0.5716597825288773,0.5543662697076798,0.5353651702404022,0.516966599225998,0.49883905947208407,0.48041100949049,0.460869075357914,0.44123055785894394,0.4222066566348076,0.4017134666442871,0.38263377994298936,0.3593683525919914,0.3394517913460732,0.32064605355262754,0.3045363873243332,0.27657477408647535,0.2568706676363945,0.2393846370279789,0.2206440545618534,0.19282922074198722,0.17614944279193878,0.1659964568912983,0.13828697577118873,0.11690115146338939,0.11075151152908802,0.0885659359395504,0.07675981782376766,0.0,0.10258647352457047,0.11128882654011249,0.1280597433447838,0.11033411994576454,0.12488255575299263,0.1410339169204235,0.1592535398900509,0.1749870866537094,0.19568856284022332,0.20967406779527664,0.22523569986224173,0.24290717020630836,0.25810359716415404,0.27215286046266557,0.2863897755742073,0.3152266383171082,0.31616920977830887,0.33189295828342436,0.3450086325407028,0.35748638212680817,0.3716608762741089,0.3844603642821312,0.3948567807674408,0.4098167434334755,0.4196985200047493,0.4283045843243599,0.4403452515602112,0.4490357294678688,0.4631365165114403,0.47414652407169344,0.4789615496993065,0.48945718854665754,0.4978626504540443,0.5060677334666253,0.5150387555360794,0.5233505517244339,0.531089061498642,0.538521409034729,0.5460922628641128,0.5535604268312454,0.5610339283943176,0.5707879096269608,0.5737156987190246,0.5798557758331299,0.5857718348503113,0.5982351392507553,0.6003769308328628,0.6056872278451919,0.6141015708446502,0.620428404211998,0.623519292473793,0.6301266491413117,0.6351212829351425,0.6411020338535309,0.6463177591562271,0.6541950702667236,0.6550233721733093,0.6600839823484421,0.6652364939451217,0.670174065232277,0.6719944477081299,0.679560124874115,0.6800373077392579,0.6852323144674302,0.6900922566652298,0.6933346062898635,0.7037217259407044,0.7025369197130203,0.7047088056802749,0.7108747869729996,0.7170581668615341,0.7192942827939988,0.7217643082141876,0.7282133013010025,0.7326275259256363,0.7365186810493469,0.7459372222423554,0.7449579268693924,0.7503462791442871,0.7536829829216003,0.7610719054937363,0.775043049454689
t_81,1.2794090569019319,1.2763767838478088,1.2778977036476136,1.275279039144516,1.273448544740677,1.2720249116420745,1.2675306856632234,1.264239501953125,1.2595464169979096,1.2579814195632935,1.2541563272476197,1.2507047414779664,1.2500183641910554,1.2455314457416535,1.2446513712406158,1.2396225035190582,1.2360947906970978,1.2305234670639038,1.228414887189865,1.223938947916031,1.2201000452041626,1.2180162370204926,1.2138713657855988,1.2089608371257783,1.205271154642105,1.2028212904930116,1.199766117334366,1.1939402043819427,1.1897688508033752,1.187410444021225,1.1813742756843566,1.17734237909317,1.174302577972412,1.1668989062309265,1.1611519694328307,1.1561659276485443,1.1528671026229858,1.1468970417976379,1.143479722738266,1.1373785078525542,1.133261001110077,1.1257993638515473,1.1185451567173004,1.1158481597900392,1.108248805999756,1.1022767126560211,1.0939431846141816,1.0882830679416657,1.079047644138336,1.0752278804779052,1.0649458467960358,1.0549155175685883,1.046949315071106,1.039046972990036,1.0306892812252044,1.0197146594524384,1.011516973376274,1.0023450255393982,0.9927180886268616,0.9821732997894287,0.9710183560848236,0.9613577991724014,0.9514138042926789,0.9429630041122437,0.9289817899465561,0.9190635263919831,0.9080511093139648,0.896621635556221,0.8869654566049576,0.8767525374889373,0.8655133903026581,0.8524845004081726,0.8412931561470032,0.8300119757652282,0.8169346898794174,0.8073849320411682,0.7954066008329391,0.778458422422409,0.7635863125324249,0.7532898962497712,0.7401526063680649,0.7262800753116607,0.708905377984047,0.6954530894756317,0.6807902961969375,0.6683221846818924,0.6496103495359421,0.6351392805576325,0.6197993487119675,0.6010257542133332,0.5853592395782471,0.5680087894201279,0.5513256192207336,0.5388289093971252,0.5141860842704773,0.5029408082365989,0.4840033411979675,0.4639752432703972,0.43806632459163664,0.41836763471364974,0.4018792435526848,0.3834939315915108,0.3654309332370758,0.33796777576208115,0.31924493461847303,0.30660061091184615,0.28409872502088546,0.25444082990288736,0.23700080141425134,0.2231064222753048,0.2117795839905739,0.17075128182768823,0.16659357845783235,0.14831840693950654,0.11783091463148594,0.11137408427894116,0.10599384307861329,0.10258647352457047,0.0,0.07359051220118999,0.08718985840678214,0.10886082984507084,0.13222907334566117,0.14480082392692567,0.15122222825884818,0.172152329236269,0.1916569858789444,0.20468484982848167,0.2191315233707428,0.22421404868364334,0.24719207659363746,0.2608323276042938,0.27686642557382585,0.28632393926382066,0.3052624359726906,0.3194348871707916,0.3318444699048996,0.34512121230363846,0.3606053814291954,0.3707474648952484,0.38332766592502593,0.3947741314768791,0.40685380548238753,0.41553441137075425,0.4289319723844528,0.437156979739666,0.4455407992005348,0.4572566166520119,0.4669560521841049,0.4770805612206459,0.48555862307548525,0.4941175252199173,0.5039486274123192,0.511686185002327,0.5197395831346512,0.5277021050453186,0.5338378965854644,0.5422021448612213,0.5503487765789032,0.55670345723629,0.5629185169935227,0.5692227751016616,0.5754833042621612,0.5846964865922928,0.5899727910757064,0.5931609123945236,0.6024841785430908,0.6077718287706375,0.6127220839262009,0.6179800122976303,0.6224738150835037,0.6303271681070328,0.6340076953172684,0.6414806753396988,0.643066731095314,0.648151558637619,0.6552645444869996,0.6572659730911254,0.6626188904047012,0.6694289863109588,0.6702625930309296,0.6760109543800354,0.6798993825912476,0.6843246459960938,0.6938224315643311,0.6931113243103028,0.6961077719926834,0.7012715816497803,0.7066149711608887,0.710564661026001,0.713262864947319,0.7189017534255981,0.7227219104766845,0.7272633016109467,0.7334069788455964,0.736032709479332,0.7417401254177094,0.7462601661682129,0.7534516423940658,0.7661015629768372
t_80,1.2823508143424989,1.2793636620044708,1.2808869361877442,1.2782733917236329,1.27649005651474,1.275079494714737,1.2706292629241944,1.2674123108386994,1.262772661447525,1.2612223088741303,1.2574346303939818,1.2540591955184937,1.2533657193183898,1.2489489555358886,1.2480995297431945,1.2431583464145661,1.2396873533725739,1.2341842353343964,1.2321113467216491,1.2276885509490967,1.2239548861980438,1.221915078163147,1.2178248584270477,1.2129900932312012,1.2093811511993409,1.20698162317276,1.2039631843566894,1.1982537269592286,1.1941262483596802,1.1918600857257844,1.1859237372875213,1.1819328546524048,1.1789853692054748,1.1716398179531098,1.16598898768425,1.1611260533332826,1.1578779697418213,1.1520342111587525,1.1486931920051575,1.1426673412322998,1.1386579692363739,1.1313124001026154,1.1241443753242493,1.1215213239192963,1.1140975117683412,1.1082031667232513,1.099960321187973,1.0944750964641572,1.0853548705577851,1.081693834066391,1.0715115666389465,1.0616370737552643,1.053819513320923,1.046039229631424,1.0378987729549407,1.0270111501216888,1.0190125048160552,1.009948554635048,1.0004983782768249,0.9901992738246918,0.9791991353034973,0.969718074798584,0.9599035978317261,0.9517597019672394,0.93796808719635,0.9281658470630646,0.9172775745391846,0.9061830580234528,0.8966213375329971,0.8866605550050736,0.8756506890058517,0.8629174202680587,0.8517497599124908,0.8407909572124481,0.8279812932014465,0.8187845468521118,0.8070198267698288,0.79025239944458,0.7755874276161194,0.7656558901071548,0.7527234733104706,0.7390111207962036,0.7220322012901306,0.7087632477283478,0.6943523526191712,0.6823928505182266,0.6637284904718399,0.6496950685977936,0.6347179651260376,0.6163495510816575,0.6005823493003846,0.5840349584817887,0.5675258010625839,0.5551579236984253,0.5309687644243241,0.5201666831970215,0.501802285015583,0.48203048259019854,0.4562352329492569,0.4369784966111183,0.42043698132038115,0.4028780162334442,0.3847956284880638,0.3569059297442436,0.33838906437158583,0.32658934146165847,0.304664833843708,0.27527428716421126,0.25814859196543694,0.24297164157032966,0.23069589734077453,0.19025507122278212,0.1845006600022316,0.16712915748357773,0.135826975107193,0.1272095762193203,0.12021778859198093,0.11128882654011249,0.07359051220118999,0.0,0.07873556017875671,0.10012143217027188,0.117252491787076,0.1310121685266495,0.13600660488009453,0.15615270882844925,0.17259270325303078,0.18563347756862641,0.20085673406720161,0.20458004027605056,0.2288749024271965,0.24147906377911568,0.2584655791521072,0.26619064062833786,0.28717246651649475,0.3005539670586586,0.31288358718156817,0.32691614180803297,0.342210428416729,0.35305763185024264,0.36581525951623917,0.3767989844083786,0.38956824839115145,0.398883680999279,0.41202069669961927,0.4207973465323448,0.42859669476747514,0.4406520381569862,0.45066055804491045,0.46064343303442,0.4701680317521095,0.4786409318447113,0.4887955650687218,0.4964072585105896,0.5043920084834099,0.5130566954612732,0.5192121863365173,0.5277366459369659,0.5362487673759461,0.5423863083124161,0.5490803897380829,0.5556022733449936,0.5619514107704162,0.5709558606147767,0.5767318904399872,0.5796818047761917,0.5890521466732025,0.5947259992361069,0.5998994976282119,0.6053246110677719,0.6098287791013718,0.6178326427936554,0.6214360296726227,0.6289404511451722,0.6308806300163269,0.6360703259706497,0.6431916683912278,0.6454439014196396,0.6510037779808044,0.6579498261213302,0.6586275130510331,0.6648288875818252,0.6687685549259186,0.6731436908245086,0.6826884865760803,0.6821355938911438,0.6855436593294144,0.6905667036771774,0.6958476006984711,0.7001068770885468,0.7028288453817367,0.7086294382810593,0.7126583874225616,0.7171974241733551,0.7233980178833008,0.7263032793998718,0.7322053730487823,0.7368127763271332,0.7440895289182663,0.7572063863277435
t_79,1.284955197572708,1.2820428729057312,1.283561074733734,1.280983418226242,1.2792440354824066,1.277894240617752,1.2735186040401458,1.2703853368759155,1.2658656418323517,1.264359951019287,1.2606122493743896,1.2573473274707794,1.2566707491874696,1.2523650169372558,1.2515549182891845,1.2467051148414612,1.243353694677353,1.2379469633102418,1.2359332382678985,1.231601995229721,1.2279828846454621,1.2259698152542113,1.2219731032848358,1.2172427237033845,1.2137137174606323,1.2113682985305787,1.2084294199943542,1.2028127193450928,1.1987790048122406,1.1965639472007752,1.1907290279865266,1.1867993652820588,1.1839866638183594,1.1766580998897553,1.1711257994174957,1.1663649320602416,1.1631761968135834,1.15743528008461,1.154141938686371,1.14825137257576,1.1442922353744507,1.1370640397071838,1.1300294756889344,1.127413910627365,1.1200493931770326,1.1143726646900176,1.1062381148338318,1.1008256256580353,1.0918312609195708,1.0882444560527802,1.07821524143219,1.0685040831565857,1.0607851266860961,1.0531933069229127,1.04518364071846,1.0344719648361207,1.0265425443649292,1.0176960289478303,1.008574202656746,0.9983616709709168,0.9875591278076172,0.9782173931598663,0.9686508059501648,0.9606842666864395,0.9471502840518952,0.9375143408775329,0.9269429683685303,0.9159326642751694,0.9065605133771897,0.896708932518959,0.8860422372817993,0.8735195815563201,0.8625156819820404,0.8519767582416534,0.8392473548650742,0.8304260313510895,0.8188606828451157,0.8024039179086685,0.7877417206764221,0.7783958703279495,0.765786874294281,0.7525129795074463,0.7357187360525131,0.722598996758461,0.7085555553436279,0.6966262012720108,0.6789873510599136,0.6650073975324631,0.6504577726125718,0.6323399245738983,0.6172719240188599,0.60051129758358,0.5838437557220459,0.5729232579469681,0.5486018806695938,0.5372827649116516,0.5198038384318352,0.4998534172773361,0.4753828331828117,0.45676233619451523,0.44101611226797105,0.42268855422735213,0.4047627389431,0.3774927705526352,0.3593796953558922,0.34743951112031934,0.3258757770061493,0.2954982191324234,0.28036032170057296,0.26621792614459994,0.25398970693349837,0.2147226572036743,0.2085319772362709,0.19007683619856836,0.15990885272622107,0.1481607049703598,0.13838761001825334,0.1280597433447838,0.08718985840678214,0.07873556017875671,0.0,0.0983302764594555,0.11784728690981865,0.12044131942093372,0.12413532473146915,0.14150215685367584,0.15996537059545518,0.17217606008052827,0.18582686632871628,0.1886141113936901,0.21141248270869256,0.22527017816901207,0.24168887585401536,0.24779826328158377,0.2698268011212349,0.2823667272925377,0.29621422588825225,0.31011883020401,0.32550448924303055,0.3360856756567955,0.3492301404476166,0.35984394550323484,0.37231756895780566,0.38222685903310777,0.39593217372894285,0.4046954095363617,0.4124337166547775,0.424558213353157,0.4352088436484337,0.445897214114666,0.45456437319517135,0.46369295567274094,0.4734190285205841,0.48191024661064147,0.4903616651892662,0.49841354191303255,0.5047297909855842,0.5135966002941131,0.5218171864748001,0.5281137853860856,0.5351880937814713,0.5419369488954544,0.5484250277280808,0.5568313151597977,0.5632050216197968,0.5667147040367126,0.5756968766450882,0.5815101504325867,0.5870576471090316,0.5925161927938462,0.5973723322153092,0.6053308397531509,0.6091717272996903,0.6163927227258682,0.6187723964452744,0.6241622507572174,0.6311709135770798,0.6337632060050964,0.6394064664840698,0.6459606111049652,0.647660356760025,0.6537395924329757,0.6577328532934189,0.6623382180929184,0.6712223827838898,0.6714259386062622,0.674931389093399,0.6801116585731506,0.6853224247694015,0.6898028433322907,0.6929343700408935,0.6984962344169616,0.7026278406381607,0.7073392480611801,0.7134635418653488,0.716847974061966,0.7227095425128937,0.7277619957923889,0.7352496683597565,0.7480664432048798
t_78,1.2810405135154723,1.278285276889801,1.2795625388622285,1.277118879556656,1.2751111090183258,1.273715889453888,1.269337421655655,1.2659225940704346,1.261390745639801,1.25985067486763,1.2561103224754333,1.252548450231552,1.2519749760627747,1.247583907842636,1.2464594066143035,1.2413796722888946,1.2377487599849701,1.2325589299201964,1.2304538488388062,1.226149845123291,1.22189302444458,1.2199923038482665,1.215929889678955,1.2109864711761475,1.2073334276676178,1.2048467338085174,1.201696801185608,1.1960715770721435,1.192054522037506,1.1894584000110626,1.1837132275104523,1.18000385761261,1.176465630531311,1.1700829803943633,1.1644636332988738,1.159471768140793,1.1563874006271362,1.1506220996379852,1.1471568107604981,1.1413539052009583,1.1373136341571808,1.1304165601730347,1.123603218793869,1.1208819568157196,1.113312876224518,1.1079328536987305,1.1003292739391326,1.0946565747261048,1.0860663414001466,1.081738144159317,1.072804194688797,1.0636211276054381,1.0558531761169434,1.0483958721160889,1.0401452422142028,1.0301444113254548,1.0222616255283357,1.0136439859867097,1.0044898867607117,0.994860178232193,0.9841157227754593,0.9752789527177811,0.9660862535238266,0.9569248169660568,0.9449196755886078,0.935280728340149,0.9250892162322998,0.9141642808914184,0.9051627010107041,0.8950723826885223,0.8846629172563553,0.8719562649726867,0.8613149136304855,0.8514004468917846,0.8388138324022293,0.8279641956090927,0.8165350168943405,0.8033342868089676,0.7895120948553085,0.7775249391794204,0.7656218767166137,0.7522189557552338,0.7371973723173142,0.723095852136612,0.7110026329755783,0.6976809233427048,0.6816239416599273,0.6681973725557327,0.6515565544366837,0.6352546334266662,0.6211352735757828,0.60512093603611,0.5879907041788102,0.5718626171350479,0.5535009324550628,0.5380331188440323,0.519718685746193,0.5014221385121346,0.48172943741083146,0.4626904040575027,0.4450619414448738,0.42471893280744555,0.406092095375061,0.38579151779413223,0.3693932667374611,0.34725633561611174,0.32743783891201017,0.3068481728434563,0.2889902338385582,0.26593068391084673,0.2491038389503956,0.22962684705853462,0.2075122907757759,0.18621740266680717,0.16981219723820687,0.14447906911373137,0.12643499448895454,0.11033411994576454,0.10886082984507084,0.10012143217027188,0.0983302764594555,0.0,0.07630193382501602,0.08735838755965233,0.09580959863960743,0.10882144682109356,0.1285042069852352,0.14070749208331107,0.1561690554022789,0.17068613618612288,0.1877354435622692,0.20154147297143937,0.21711109355092048,0.24369368180632592,0.24723868444561958,0.2633190378546715,0.2766025811433792,0.29020976424217226,0.30539871007204056,0.3184772178530693,0.33035688996315005,0.34482226669788363,0.3563090056180954,0.3653098687529564,0.37856169492006303,0.3876985594630241,0.40101151913404465,0.41319332271814346,0.41968434005975724,0.43073069751262666,0.44008641839027407,0.44888920783996583,0.4586389005184174,0.4674412414431572,0.4759251892566681,0.4842107892036438,0.4918295189738274,0.5002220198512077,0.5084495946764946,0.5179526597261429,0.5220870554447175,0.5288343399763107,0.5353847593069077,0.5476586401462555,0.5510348320007324,0.5561017036437989,0.5653215706348419,0.572016316652298,0.5759903073310852,0.582726213335991,0.588115781545639,0.5949901521205903,0.6001842468976974,0.6084192723035813,0.6097601562738418,0.615279546380043,0.6212935954332351,0.6260101824998856,0.6290451735258102,0.6368475139141083,0.6375672310590744,0.6435121953487396,0.6484848648309708,0.6522895932197571,0.6630125433206558,0.6621517598628998,0.6649213016033173,0.6712433785200119,0.67752425968647,0.6806656807661057,0.6834486186504364,0.6901430934667587,0.6948964059352875,0.6992728918790817,0.7084167867898941,0.7087268143892288,0.714684933423996,0.7187806218862534,0.7267634719610214,0.7415996432304383
t_77,1.2823341608047485,1.2796790957450868,1.2808635413646698,1.2784790337085723,1.2764088988304139,1.2750112771987916,1.2706709802150726,1.2672191441059113,1.2627377927303314,1.2611991167068481,1.2574918150901795,1.2538975715637206,1.2533516943454743,1.2489920377731323,1.2477786481380462,1.2426824867725372,1.2390038669109344,1.2339461743831635,1.231845885515213,1.2275924503803253,1.2231781303882598,1.2213570833206178,1.21731436252594,1.2123492240905762,1.2087165296077729,1.2062220871448517,1.2030272603034973,1.1974796652793884,1.1935094952583314,1.1908523440361023,1.1852072477340698,1.181625235080719,1.177891105413437,1.1718872368335724,1.1663183689117431,1.1613331615924836,1.1583308279514313,1.1526423275470734,1.149169498682022,1.1434639692306519,1.139475905895233,1.132781410217285,1.1261094212532043,1.1234072208404542,1.1158530831336975,1.1106744408607483,1.1033389031887055,1.0976945221424104,1.089329755306244,1.0848439514636994,1.0763807833194732,1.0674954295158385,1.0598033964633942,1.0524892270565034,1.0443262875080108,1.0346440553665162,1.0268913626670837,1.0184256255626678,1.0094181984663009,1.0001855105161668,0.9895349681377411,0.9810369968414306,0.9720530122518539,0.9626989156007767,0.9513743937015533,0.9417878955602645,0.9318494975566864,0.9211919456720352,0.9123694509267807,0.9023775398731232,0.8922774493694305,0.8796797275543213,0.8691062986850738,0.8597135782241822,0.8473445057868958,0.8360886216163635,0.8248701393604279,0.8129714995622634,0.7994817942380905,0.7868970632553101,0.7754362642765045,0.7620675563812256,0.7479092657566071,0.7335483521223068,0.7223225653171539,0.7088940471410752,0.693479523062706,0.6805348962545394,0.663490679860115,0.6481543511152268,0.6342510879039764,0.6190071731805802,0.601836946606636,0.584212651848793,0.5681763678789139,0.551578027009964,0.5335717529058457,0.5159201785922051,0.4979622855782509,0.4791587173938751,0.46096484214067457,0.4407325953245163,0.4219250619411469,0.40335935801267625,0.38767898082733154,0.3632748141884804,0.34503749907016756,0.32719832211732863,0.30902675092220305,0.28332024067640305,0.26488643884658813,0.2511965624988079,0.22450991421937944,0.20462235063314438,0.19036057516932486,0.16425569206476212,0.14631244987249375,0.12488255575299263,0.13222907334566117,0.117252491787076,0.11784728690981865,0.07630193382501602,0.0,0.07643098309636116,0.08432181738317013,0.09567207582294941,0.10638934932649136,0.11979243122041225,0.13703323900699615,0.15550690293312072,0.16998222917318345,0.18238280192017556,0.19793651401996612,0.23185385018587112,0.22877952456474304,0.24511389210820198,0.2584871217608452,0.2722115978598595,0.2868229255080223,0.3017383709549904,0.3129983991384506,0.3287720501422882,0.33980155885219576,0.3493843600153923,0.361874583363533,0.37174233943223955,0.38672167211771014,0.3992784142494202,0.404166179895401,0.41494743525981903,0.4254931047558784,0.4341340631246567,0.4441960215568542,0.4527819439768791,0.4610840380191803,0.4702426165342331,0.47823549509048463,0.48655950278043747,0.49496189802885054,0.5056264638900757,0.508984811604023,0.51588154733181,0.5225326269865036,0.5359323918819427,0.538541117310524,0.5441430985927582,0.5533336460590362,0.5607654869556427,0.564227819442749,0.5716366410255432,0.5772966265678405,0.5837585747241973,0.5894496500492096,0.5978947877883911,0.5993660151958465,0.6048785388469696,0.6104400843381882,0.6163748472929,0.6184349656105042,0.6266645669937134,0.6270150303840637,0.6333328396081924,0.6385879933834075,0.6420978844165802,0.653244748711586,0.6522367566823959,0.6551573395729064,0.6617969542741775,0.6683152168989182,0.6711752265691757,0.6738696247339249,0.6811818838119507,0.686312609910965,0.6905221194028854,0.7008881330490112,0.7003150194883346,0.7063436657190323,0.7101451426744461,0.7183952242136001,0.7341971069574356
t_76,1.2836079239845275,1.2810096323490143,1.2821844875812531,1.279847228527069,1.2778050541877746,1.2764461040496826,1.272198349237442,1.2688121736049651,1.2644254207611083,1.2629370927810668,1.2592892289161681,1.2557863533496856,1.2552618861198426,1.2509954035282136,1.2498399078845979,1.2448456346988679,1.241264420747757,1.236336600780487,1.234272336959839,1.2301417410373687,1.2258522152900695,1.2240536987781525,1.2201443493366242,1.2152959525585174,1.2117584466934204,1.2093315780162812,1.20624937415123,1.200810617208481,1.1969591856002808,1.1943714499473572,1.1888618052005768,1.1853288769721986,1.1817829608917236,1.175813227891922,1.1703745067119598,1.1655308246612548,1.162560087442398,1.157017081975937,1.1536153197288512,1.1480458855628968,1.1441224694252015,1.1375613868236543,1.1310205578804016,1.1283531129360198,1.1208967447280884,1.1158721446990967,1.1086644589900971,1.1031004071235657,1.0948782742023468,1.0904819786548614,1.0821377217769623,1.0733741402626038,1.065820825099945,1.058670598268509,1.0505961239337922,1.0410920798778533,1.0334640145301819,1.0251945197582244,1.0163799434900285,1.0071882635354996,0.996743506193161,0.9883403539657593,0.9796009689569474,0.9703890353441238,0.9591676890850067,0.949839499592781,0.9401462346315383,0.929510560631752,0.9209376990795135,0.9109914392232895,0.9011214047670364,0.8887160450220108,0.8784645080566407,0.8692027688026428,0.856926041841507,0.8459720611572266,0.8349565744400025,0.8231693387031556,0.8098446488380432,0.7976620405912399,0.7864863514900208,0.7735331892967224,0.7594145983457565,0.7454643905162811,0.7343886315822601,0.7210478365421296,0.7062576413154602,0.6933753192424774,0.6768526345491409,0.6615238457918167,0.6482326865196228,0.6327569365501404,0.6157148271799088,0.5994983643293381,0.5830587208271026,0.5666891574859619,0.549036031961441,0.5313686668872833,0.5140241324901581,0.49561135917901994,0.4784296557307243,0.4576601624488831,0.43931183516979216,0.4212185636162758,0.4058333083987236,0.3815210372209549,0.3633292317390442,0.34470858722925185,0.32736666351556776,0.30290087312459946,0.28583631068468096,0.270012891292572,0.24612354189157487,0.22464541122317314,0.2093587711453438,0.18403160572052002,0.16511421501636506,0.1410339169204235,0.14480082392692567,0.1310121685266495,0.12044131942093372,0.08735838755965233,0.07643098309636116,0.0,0.07064622789621353,0.07581027448177338,0.09636615552008151,0.10518650077283383,0.11722386330366134,0.1360664837062359,0.1488124616444111,0.16305255368351937,0.17718038856983184,0.21160281226038932,0.20854147896170616,0.22486275881528855,0.23910229578614234,0.25273624062538147,0.2678478851914406,0.28188262283802035,0.29338823854923246,0.30976316928863523,0.3202602371573448,0.3302043408155441,0.3434745863080025,0.35317940413951876,0.36885276436805725,0.38123062402009966,0.3866731241345406,0.39846001863479613,0.40757509917020796,0.41708000004291534,0.4271073415875435,0.4365399643778801,0.44536198377609254,0.45366562604904176,0.462254236638546,0.47058593183755876,0.4790876552462578,0.4899938255548477,0.49361656308174134,0.5006489858031273,0.5073122009634972,0.5207069933414459,0.5237386465072632,0.5298809468746185,0.5389557003974914,0.54627785384655,0.5501022040843964,0.5576075851917267,0.5634298175573349,0.5701156377792358,0.576061287522316,0.5845340013504028,0.5862142384052277,0.5919098436832428,0.5977195560932159,0.6036039471626282,0.6059266984462738,0.6139721482992172,0.6152041703462601,0.6211782068014144,0.6265518277883529,0.630364465713501,0.6413700848817825,0.6407280653715134,0.643570801615715,0.6503638178110123,0.6571553468704223,0.6600084185600281,0.663200107216835,0.6703060001134873,0.6753396064043045,0.679870554804802,0.6901983439922332,0.6900777757167816,0.6961830914020538,0.7003778040409088,0.7088506788015365,0.7244745820760727
t_75,1.2857804894447327,1.283142340183258,1.2843714594841003,1.2820238053798676,1.2800866186618804,1.2787379384040833,1.2745274543762206,1.2712516605854034,1.266888016462326,1.2654109656810761,1.2618046820163726,1.258407509326935,1.2578502297401428,1.2536398589611053,1.2525755882263183,1.2477011740207673,1.2442254543304443,1.2392611443996429,1.2372427582740784,1.2331313133239745,1.2290652573108674,1.227260845899582,1.2233825504779816,1.2186570942401886,1.215179169178009,1.2128130078315735,1.2098067104816437,1.204446691274643,1.20061736702919,1.1981823801994325,1.1927160739898681,1.1891613066196443,1.1858538210391998,1.179717755317688,1.1743720591068267,1.1696482479572297,1.1667023301124573,1.1612319886684417,1.1579301953315735,1.152394664287567,1.1485632181167602,1.1419924736022948,1.1354838609695435,1.1328994572162627,1.1256631135940551,1.1205440878868103,1.113293570280075,1.107891446352005,1.0997025668621063,1.0955869376659393,1.0870649218559265,1.078286337852478,1.0708792567253114,1.0637770414352417,1.0558806896209716,1.0463640868663788,1.0388494610786438,1.0306438982486725,1.0219090700149536,1.0127167224884033,1.0024546176195144,0.9940749645233155,0.9853102058172226,0.9765808671712876,0.965131226181984,0.9559458285570145,0.9463025331497192,0.9358672678470612,0.927307304739952,0.9176884979009629,0.9078131139278411,0.8956865787506103,0.8855910956859588,0.8761719286441803,0.8641765415668488,0.853817343711853,0.8430073440074921,0.8305618524551391,0.8174748092889785,0.8060001790523529,0.7947829216718674,0.782112842798233,0.7678689062595367,0.7545389771461487,0.7431002229452133,0.7304097831249237,0.7153351962566376,0.702579739689827,0.6868602156639099,0.6714261591434478,0.6581281393766403,0.6428397804498672,0.6266315549612045,0.6114401936531066,0.5941298872232437,0.5792698413133621,0.5618631780147553,0.5444834649562835,0.5260725766420364,0.5078591197729111,0.4913414344191551,0.4716865122318268,0.4538613647222519,0.4348332181572914,0.41908436119556425,0.3973097145557404,0.37876911610364916,0.35871791243553164,0.3414464592933655,0.3190813511610031,0.30295017659664153,0.28292295038700105,0.26215347498655317,0.2409397266805172,0.2231026202440262,0.19951745569705964,0.18123626038432122,0.1592535398900509,0.15122222825884818,0.13600660488009453,0.12413532473146915,0.09580959863960743,0.08432181738317013,0.07064622789621353,0.0,0.07189301624894143,0.0873207364231348,0.09534833207726479,0.10474682897329331,0.1173317100852728,0.132567797601223,0.14571849778294563,0.16032592803239823,0.19027858451008797,0.19134409874677658,0.2080237813293934,0.22109053134918213,0.2349932812154293,0.25123354196548464,0.26446489095687864,0.27674673348665235,0.2921959713101387,0.30371869057416917,0.3134301736950874,0.32734794169664383,0.3369878545403481,0.35126150995492933,0.3640532448887825,0.3708505883812904,0.38276090919971467,0.39217413365840914,0.40179610401391985,0.412154558300972,0.42152960449457166,0.4306748703122139,0.4392609268426895,0.44748624265193937,0.45628165602684023,0.4650285914540291,0.4752207800745964,0.47977132350206375,0.48698256313800814,0.49390274435281756,0.5068149253726005,0.5105654925107956,0.5162584543228149,0.5258755683898926,0.5329659134149551,0.5373305082321167,0.5445323556661605,0.5503761619329453,0.5576204478740692,0.5633302837610245,0.5719312638044357,0.5737426221370697,0.5795055508613587,0.5860219091176987,0.5911637872457505,0.5944467157125473,0.6025355994701386,0.603796660900116,0.6099965542554855,0.6152201682329178,0.619481161236763,0.6304905623197555,0.6299437582492828,0.6330044090747833,0.6396980196237564,0.6464404612779617,0.6497925698757172,0.6530352473258972,0.6600565969944,0.6650994896888733,0.6698903620243073,0.679561710357666,0.680264538526535,0.6865976214408874,0.6912426203489304,0.6998358130455017,0.7154289186000824
t_74,1.2871064841747284,1.2845552623271943,1.285725510120392,1.2834219336509705,1.2814458012580872,1.2801199316978455,1.2759419202804565,1.272650557756424,1.2683506608009338,1.2668900668621064,1.263309806585312,1.2598976612091064,1.2593734920024873,1.2552078187465667,1.2540861427783967,1.249217677116394,1.2457296252250671,1.2408783078193664,1.238876175880432,1.234814816713333,1.2306624948978424,1.2289085865020752,1.2250726103782654,1.2203442096710204,1.2168974339962007,1.2145311415195466,1.2115106582641602,1.2062062978744508,1.202419376373291,1.1999184668064118,1.19453045129776,1.1910640954971314,1.1876347839832306,1.1817429602146148,1.176447820663452,1.1717245221138,1.1688386738300323,1.1634198665618896,1.1601072788238525,1.15466827750206,1.1508521676063537,1.1444270431995391,1.1380339860916138,1.1354469239711762,1.1282138347625732,1.1232798874378205,1.116209238767624,1.1108115494251252,1.1027880489826203,1.0985497891902924,1.0903668105602264,1.081815093755722,1.0744659543037414,1.0674989700317383,1.0596594750881194,1.0503618538379669,1.042940354347229,1.0348958849906922,1.0263324499130249,1.0173868775367736,1.007233703136444,0.9990613132715225,0.9905098706483841,0.9816446989774704,0.9707268655300141,0.9616262793540955,0.9521905511617661,0.9419072479009628,0.9335396647453308,0.9239460706710816,0.9143507808446885,0.9023329883813858,0.8923346310853958,0.8833676278591156,0.8715004920959473,0.8609169065952301,0.8502483546733857,0.8387313634157181,0.8258291006088256,0.8141314178705216,0.8032205760478973,0.7907350927591323,0.777090099453926,0.7635980099439621,0.7528446078300476,0.7399478107690811,0.7256738007068634,0.7131785154342651,0.6972205877304077,0.6824059933423996,0.6695368885993958,0.6546091049909591,0.6382124572992325,0.6225423067808151,0.6065317332744599,0.5906862318515778,0.5737487882375717,0.5567194104194642,0.5397618412971497,0.5219460934400558,0.5053559377789497,0.4852958157658577,0.46744575947523115,0.4498661205172539,0.4347614958882332,0.4115242391824722,0.3936225563287735,0.3750570178031921,0.3583548918366432,0.3350051775574684,0.31799724251031875,0.3018561750650406,0.2784114509820938,0.25765435099601747,0.24198759198188782,0.21664200276136397,0.19767469093203544,0.1749870866537094,0.172152329236269,0.15615270882844925,0.14150215685367584,0.10882144682109356,0.09567207582294941,0.07581027448177338,0.07189301624894143,0.0,0.07953567206859588,0.08003380745649338,0.0889239601790905,0.10759972892701626,0.1172801736742258,0.13128421306610108,0.1446543201804161,0.18125409707427026,0.17490129321813583,0.19109596386551858,0.2055032357573509,0.2192590907216072,0.2347333163022995,0.2492147520184517,0.2608433306217194,0.27699442207813263,0.2883088305592537,0.2980916306376457,0.31204088777303696,0.3217689886689186,0.33787785172462464,0.3506463229656219,0.356295520067215,0.3685986816883087,0.37819728553295134,0.38783751577138903,0.3978057697415352,0.40779201686382294,0.417046819627285,0.4256501480937004,0.43434077352285383,0.44324286580085753,0.4518055260181427,0.4630487024784088,0.46696222126483916,0.4742700606584549,0.4813184022903442,0.49498490542173385,0.4982719883322716,0.5046350374817848,0.5140025854110718,0.5216644287109375,0.5257363617420197,0.533447340130806,0.5395784467458725,0.5464664071798324,0.5526690661907196,0.5613846242427826,0.5631641060113907,0.5691844522953033,0.5750863999128342,0.5813036173582077,0.5837819844484329,0.5920215219259262,0.5934918075799942,0.5997986376285553,0.6053688555955887,0.6093795269727706,0.6205639004707336,0.6201679974794387,0.6232289254665375,0.6302943408489228,0.6371877610683441,0.6404183775186538,0.6437132060527802,0.6509974628686905,0.6564210563898086,0.6610965400934219,0.6716651201248169,0.6717252910137177,0.6781253010034561,0.6826663434505462,0.6915233463048935,0.7077136278152466
t_73,1.2890280961990357,1.2864950537681579,1.287646722793579,1.2853416204452515,1.2833787858486176,1.282040399312973,1.2778681755065917,1.2745920538902282,1.270291817188263,1.268812072277069,1.2652429699897767,1.261834704875946,1.2613031148910523,1.2571418106555938,1.2559951663017273,1.2511412441730498,1.2476362884044647,1.2428003430366517,1.2408061087131501,1.236726886034012,1.2325700521469116,1.2308500468730927,1.2270133912563324,1.2222833931446075,1.2188663125038146,1.216509997844696,1.213450026512146,1.2082144141197204,1.204411518573761,1.2019795536994935,1.1966188788414,1.193195778131485,1.189723640680313,1.1839480698108673,1.1786946892738341,1.1740280151367188,1.1711894929409028,1.1658574163913726,1.1625750184059143,1.157168334722519,1.1534263968467713,1.147109180688858,1.1407627999782561,1.1382333159446716,1.1311439752578736,1.126237392425537,1.1192690789699555,1.1140024662017822,1.106093031167984,1.1019436836242675,1.0938863635063172,1.0854887425899507,1.0782194435596466,1.0713073194026947,1.0636747121810912,1.0544896066188811,1.0472355425357818,1.039219230413437,1.0307276129722596,1.0221212387084961,1.0120119631290436,1.0040589660406112,0.995541563630104,0.9868805080652236,0.9762373834848403,0.967123806476593,0.9577659666538239,0.947881942987442,0.9394984871149064,0.9301761418581009,0.9207231312990188,0.908950898051262,0.8988452345132828,0.8901541113853455,0.8785516828298569,0.8681691199541092,0.8576699167490005,0.8464621484279633,0.8337853670120239,0.8221553504467011,0.8113723665475845,0.7988328546285629,0.7857752084732056,0.7722695678472519,0.7618178009986878,0.749398621916771,0.7349309772253036,0.7229603558778763,0.7070933818817139,0.6929518222808838,0.6797493517398834,0.6657769441604614,0.6497313767671585,0.6333528131246566,0.6183858066797256,0.6030875414609909,0.5863952249288559,0.5698754370212555,0.5529838562011719,0.5356057494878769,0.518498545885086,0.499973464012146,0.48217887729406356,0.46407243311405183,0.44916209727525713,0.4272104844450951,0.410019351541996,0.39220413118600844,0.37543876469135284,0.3517487943172455,0.3335732325911522,0.31891668289899827,0.29435454607009887,0.2758078783750534,0.2593226969242096,0.23430718705058098,0.21667057871818543,0.19568856284022332,0.1916569858789444,0.17259270325303078,0.15996537059545518,0.1285042069852352,0.10638934932649136,0.09636615552008151,0.0873207364231348,0.07953567206859588,0.0,0.07056232765316964,0.08236171454191207,0.09919262677431107,0.10919501259922981,0.11710645742714405,0.1320065066218376,0.17035836055874826,0.16116292849183084,0.17640071362257004,0.19043899998068808,0.20455009266734123,0.21857691928744316,0.23536527901887894,0.24703154414892198,0.2628310024738312,0.27462525963783263,0.2850933507084846,0.2976435974240303,0.30851776748895643,0.32386872321367266,0.33764944076538084,0.3426083356142044,0.35345563292503357,0.36560335457324983,0.37455044835805895,0.38546537756919863,0.394267649948597,0.40292037427425387,0.41350023448467255,0.42192930579185484,0.43085451424121857,0.4400443583726883,0.4513870313763618,0.4552199363708496,0.46269042789936066,0.4699947938323021,0.48380817770957946,0.4870544448494911,0.49299103021621704,0.502623125910759,0.5109750673174858,0.5148582100868225,0.5230082213878632,0.5292350560426712,0.5361279338598252,0.5422053128480911,0.5509053766727448,0.5531360417604446,0.5590757101774215,0.5648717105388641,0.5717534035444259,0.5740903884172439,0.5826486378908158,0.5832912802696228,0.5904936403036117,0.5960340619087219,0.5997933506965637,0.6113179147243499,0.610702395439148,0.6143744319677353,0.6213493674993515,0.6280817180871964,0.6315400540828705,0.6345160156488419,0.642554035782814,0.6482309192419052,0.6527354270219803,0.6637849152088166,0.6638081163167954,0.6703820854425431,0.674664443731308,0.6836469203233719,0.700834983587265
t_72,1.2905135989189147,1.28800767660141,1.2891517460346222,1.2868722259998322,1.2849288642406465,1.2836034297943115,1.279480093717575,1.2762427866458892,1.2719812273979187,1.2705216884613038,1.2670005142688752,1.2636323153972626,1.263099616765976,1.2589874625205995,1.2578587353229522,1.2530641555786133,1.2496022641658784,1.244826513528824,1.2428500056266785,1.2388266682624818,1.234722727537155,1.2330232501029967,1.2292361974716186,1.224558299779892,1.2211828231811523,1.2188494563102723,1.2158403635025024,1.2106591165065765,1.206909614801407,1.204503697156906,1.1992086946964264,1.1958209037780763,1.1924145758152007,1.1866915225982666,1.181509792804718,1.176908004283905,1.1741015136241912,1.168839257955551,1.1656004965305329,1.1602586805820465,1.1565848171710968,1.1503429114818573,1.1440813839435577,1.1415921092033385,1.1345959663391114,1.1297549962997437,1.1228790760040284,1.1176820874214173,1.1098772764205933,1.105787169933319,1.0978348433971405,1.0895452201366425,1.0823711276054382,1.0755536317825318,1.0680061995983123,1.058969008922577,1.051811683177948,1.043905371427536,1.0355102479457856,1.0270143508911134,1.0170503556728363,1.0092051655054093,1.0008072823286056,0.9922304034233094,0.9817283421754837,0.9727528631687165,0.9635352820158005,0.9537429451942444,0.9454954862594604,0.9362860918045044,0.9269441545009613,0.9153337687253952,0.9054026871919632,0.8967920899391174,0.8853439390659332,0.8750674307346344,0.8647320538759231,0.8536985963582993,0.841228911280632,0.8297052323818207,0.8190838605165481,0.8067782163619995,0.7938798874616623,0.7806128948926926,0.7702704668045044,0.7580081045627594,0.7438156634569169,0.7319648712873459,0.7163093477487564,0.7023938030004502,0.6894398599863052,0.6755730330944061,0.6597842693328857,0.6436883777379989,0.6288948714733124,0.6137779027223587,0.5972744017839432,0.5809970110654831,0.5643648982048035,0.5471884936094285,0.5304118424654007,0.5119519099593163,0.4945268973708153,0.4768375188112259,0.4621173784136772,0.4403076857328415,0.42317623645067215,0.40552828758955,0.388865752518177,0.3656898126006126,0.3478162378072739,0.33302236050367356,0.30881438553333285,0.29015318751335145,0.2739707812666893,0.248996252566576,0.23111969530582427,0.20967406779527664,0.20468484982848167,0.18563347756862641,0.17217606008052827,0.14070749208331107,0.11979243122041225,0.10518650077283383,0.09534833207726479,0.08003380745649338,0.07056232765316964,0.0,0.07211047150194645,0.08783942349255085,0.09533092342317104,0.10325337648391723,0.11675111018121243,0.15631166696548462,0.14507822915911675,0.15992018654942514,0.17456945702433585,0.18866722509264947,0.20236226543784142,0.2192400462925434,0.23054492101073265,0.24720795452594757,0.2585694655776024,0.2689801126718521,0.28212545812129974,0.29273651987314225,0.30876994878053665,0.32279076278209684,0.3278643175959587,0.33899584263563154,0.35086662620306014,0.3599442556500435,0.3711243346333504,0.3801508679986,0.389034079015255,0.39973063617944715,0.4081964954733849,0.4173521876335144,0.42663709372282027,0.438381652534008,0.44205056577920915,0.4496710181236267,0.4570589318871498,0.47125903218984605,0.47460905760526656,0.4806696504354477,0.4905377373099327,0.49897329062223433,0.5029362335801124,0.5112421855330467,0.5175051867961884,0.5246675163507462,0.5309069931507111,0.5397573709487915,0.542034313082695,0.5481137841939926,0.5541335701942444,0.5610570788383484,0.5635247856378556,0.5720672935247422,0.5729694813489914,0.5802217692136764,0.5858406037092209,0.5897896975278855,0.6014491051435471,0.600832748413086,0.6045494645833969,0.6117053002119064,0.6186051100492478,0.6221351623535156,0.6252750188112259,0.6333704918622971,0.6391370803117752,0.6438428550958634,0.6549742490053176,0.6551976770162582,0.6618539839982986,0.6663453578948975,0.6755476117134094,0.6929685324430466
t_71,1.291755086183548,1.2892725229263307,1.2904066860675811,1.2881668567657472,1.2862413287162782,1.2849293768405914,1.2808671593666077,1.2776803851127625,1.2734859108924865,1.2720541596412658,1.2685797095298768,1.2652643978595735,1.2647446155548097,1.2606921017169952,1.2596060037612915,1.2548809945583344,1.2514760136604308,1.2467931151390075,1.2448274135589599,1.2408887147903442,1.2368617951869965,1.2351818025112151,1.2314749002456664,1.2268861413002015,1.2235722303390504,1.2212904930114745,1.2183478355407715,1.213241070508957,1.2095649123191834,1.2072060525417327,1.2020044565200805,1.1986465394496917,1.195351666212082,1.189663302898407,1.1845580339431763,1.1800334632396698,1.1772381007671355,1.1720719695091248,1.1688890159130096,1.1636202156543731,1.159986788034439,1.153818243741989,1.147648775577545,1.1451851427555084,1.1382534503936768,1.1334979116916657,1.1266852080821992,1.1215505838394164,1.11383495926857,1.1098163604736329,1.10193874835968,1.0937208175659179,1.086654895544052,1.0799373388290405,1.0724311292171478,1.0635108828544617,1.0564497649669646,1.0486747980117799,1.0403611779212951,1.0319027483463288,1.022077476978302,1.0142890125513078,1.0060427516698838,0.9975867539644241,0.9870939165353775,0.9783290833234787,0.969257041811943,0.959482055902481,0.9514243602752686,0.9422658145427704,0.9330388844013214,0.9215648740530014,0.9119098037481308,0.9033016443252564,0.8919720917940139,0.8818688243627548,0.8716843158006669,0.8606880456209183,0.8484303653240204,0.8371324390172958,0.8267127066850662,0.8146729111671448,0.8017969459295273,0.7889347404241562,0.7786712259054184,0.7665232926607132,0.7526253491640091,0.7409065395593644,0.7256890714168549,0.7117624580860138,0.699202623963356,0.6852987885475159,0.6698454320430756,0.6545120000839233,0.6395959705114365,0.6248581528663635,0.608581131696701,0.5924554258584976,0.5761911362409592,0.5591901451349258,0.5431513398885727,0.5245592832565308,0.5076281145215035,0.49053908735513685,0.47601892054080963,0.4542246639728546,0.4372198760509491,0.41963007748126985,0.40329908281564714,0.3805881664156914,0.36395633071660993,0.3478436440229416,0.32574696838855743,0.3060541763901711,0.2895474299788475,0.26564120799303054,0.24713340923190116,0.22523569986224173,0.2191315233707428,0.20085673406720161,0.18582686632871628,0.1561690554022789,0.13703323900699615,0.11722386330366134,0.10474682897329331,0.0889239601790905,0.08236171454191207,0.07211047150194645,0.0,0.08037189990282059,0.08249686546623707,0.08985626734793187,0.0998593408614397,0.14065796211361886,0.12881189808249474,0.1432066395878792,0.15748695358633996,0.1708139233291149,0.18519085720181466,0.200958763808012,0.21200684756040572,0.2292043499648571,0.24036437198519706,0.25085497573018073,0.26465911865234376,0.27539540976285937,0.29220824092626574,0.3056469917297363,0.3109246134757996,0.3232449278235435,0.33381493091583253,0.3435575470328331,0.3550301089882851,0.3646489903330803,0.37389879375696183,0.3838016763329506,0.39299065470695493,0.4020377293229103,0.4115781202912331,0.4234296500682831,0.4275230675935745,0.43514473736286163,0.442454494535923,0.45702458173036575,0.4606348529458046,0.4670038104057312,0.47692693024873734,0.4852099984884262,0.48951051086187364,0.4978910475969315,0.5041585728526116,0.5116412803530693,0.5180586695671081,0.5271600246429443,0.5295312345027924,0.5357372850179672,0.5420988410711288,0.5488152295351029,0.5515631586313248,0.5602156728506088,0.5615978747606277,0.5685644209384918,0.5743270337581634,0.5785381615161895,0.5903821170330048,0.5899620026350021,0.5935427963733673,0.6007921427488327,0.6081050843000412,0.6115579813718796,0.615106824040413,0.6230532824993134,0.628714320063591,0.6337111681699753,0.6448984116315841,0.6453830987215042,0.6522297918796539,0.6570248395204544,0.6664314866065979,0.6839225471019745
t_70,1.2938145101070404,1.2912352621555327,1.2924865007400512,1.2901957213878632,1.288449865579605,1.2871490180492402,1.2831254422664642,1.2801198661327362,1.27594034075737,1.2745189249515534,1.271099454164505,1.2679591476917267,1.267370355129242,1.263379317522049,1.2624752879142762,1.2579369008541108,1.2547089457511902,1.2499249577522278,1.2480228304862977,1.2440963327884673,1.2404786705970765,1.2387423098087311,1.2350965440273285,1.230675858259201,1.2274516224861145,1.2252663910388946,1.2224686563014984,1.217434787750244,1.2137759566307067,1.211686724424362,1.2064890205860137,1.2030464649200439,1.2002050518989562,1.1940746784210206,1.1890887320041656,1.1847671568393707,1.181961041688919,1.176885539293289,1.1738496780395509,1.1685967683792113,1.1650842249393463,1.1588259041309357,1.15262730717659,1.150281149148941,1.1436574280261993,1.1386936843395232,1.1316987991333007,1.12680344581604,1.119021725654602,1.115496701002121,1.1071174919605256,1.0987475156784057,1.0918399214744567,1.0851328194141387,1.0778792202472687,1.0687664270401,1.0618317365646361,1.054039204120636,1.0457741916179657,1.0371693789958953,1.0275340139865876,1.0196239650249481,1.011252871155739,1.0035953164100646,0.9924591481685638,0.9838391155004501,0.9747046202421188,0.965114313364029,0.9569791197776795,0.948194608092308,0.9388373732566834,0.9277531445026398,0.9181522995233535,0.9091594398021698,0.8980841636657715,0.889103227853775,0.8790939718484878,0.8665613532066345,0.8544230073690414,0.8444199532270431,0.8337674766778946,0.8220338940620422,0.8085928827524185,0.7966382086277009,0.7854931443929672,0.774345064163208,0.7596825271844864,0.7479247897863388,0.7340629965066909,0.7195943683385849,0.7067914724349975,0.6928730696439743,0.6783796340227127,0.6652455568313599,0.6481422334909439,0.6360228896141052,0.6199334055185318,0.6038214355707169,0.5853031128644943,0.5686241775751114,0.5536129921674728,0.5366917580366135,0.5203234553337097,0.5008039712905884,0.48558978736400604,0.4682803899049759,0.45062237828969953,0.4299758359789848,0.41387946009635923,0.39482528120279314,0.3795119717717171,0.3564637705683708,0.34009219259023665,0.32065198868513106,0.29994717091321943,0.27954417616128924,0.2625424787402153,0.24290717020630836,0.22421404868364334,0.20458004027605056,0.1886141113936901,0.17068613618612288,0.15550690293312072,0.1360664837062359,0.1173317100852728,0.10759972892701626,0.09919262677431107,0.08783942349255085,0.08037189990282059,0.0,0.07798820547759533,0.08209953531622886,0.09423208571970462,0.1122868835926056,0.11931168138980866,0.13263554945588113,0.14375468492507934,0.15810594707727432,0.17370462641119958,0.1865558534860611,0.20037311911582947,0.2136764146387577,0.22698496133089066,0.23729603737592697,0.2520245656371117,0.26210295408964157,0.27438982427120207,0.288713701069355,0.29759756922721864,0.3095850199460983,0.3204141780734062,0.33085906207561494,0.342731973528862,0.351843087375164,0.3614885464310646,0.3718522235751152,0.37997069805860517,0.389651383459568,0.39977262169122696,0.40924030393362043,0.4157159194350243,0.42355006784200666,0.43114711344242096,0.44365848004817965,0.449304062128067,0.45433138459920885,0.465097039937973,0.47266467213630675,0.47820398658514024,0.48572987169027326,0.4918512120842934,0.5004998072981834,0.5060668557882309,0.5150542736053467,0.5178903833031654,0.5240662962198257,0.5318687409162521,0.5367613792419433,0.5416873782873154,0.5500955075025559,0.5515985786914825,0.5589089930057526,0.5641401320695877,0.5692284911870956,0.5807116150856018,0.5804274260997773,0.5845591872930527,0.5912542164325714,0.5982132017612457,0.6026391893625259,0.6063810408115387,0.6139163315296173,0.6192910492420196,0.6247620135545731,0.6341669380664825,0.6367328494787217,0.6438621163368226,0.6494173437356949,0.6588100790977478,0.6757311761379242
t_69,1.293788981437683,1.2913275599479674,1.2924920439720153,1.2902652680873872,1.2884420692920684,1.2871676445007325,1.283190417289734,1.2801198363304138,1.276014620065689,1.274609386920929,1.2712152540683745,1.2680262446403503,1.2674941539764404,1.2635538280010223,1.2625509679317475,1.2579819500446319,1.2547263324260711,1.2501032888889312,1.2482071757316588,1.244362759590149,1.24056276679039,1.238891100883484,1.2352905929088593,1.2308611929416657,1.2276462376117707,1.225446766614914,1.2226293623447417,1.2176583528518676,1.21407151222229,1.2118559241294862,1.2067752003669738,1.2034691512584685,1.2004197239875793,1.1946942508220673,1.1897532761096954,1.1853939473628998,1.1826843857765197,1.1776447296142578,1.174572366476059,1.1694440066814422,1.1659254014492035,1.1598737716674805,1.153831660747528,1.151439905166626,1.1447601735591888,1.1400637567043304,1.133345103263855,1.1283815562725068,1.1208276867866516,1.1170334458351134,1.109192395210266,1.101119977235794,1.0942615509033202,1.0877272844314576,1.0804397702217101,1.0716816186904907,1.0647899389266968,1.0572343468666077,1.0491884112358094,1.040797233581543,1.0313151359558106,1.0236680805683136,1.0155960738658905,1.0075610429048538,0.9971581697463989,0.9886504083871841,0.9798298925161362,0.9702915191650391,0.9624284416437149,0.9536035478115081,0.9445589274168015,0.9334887236356735,0.9241523891687393,0.9156518250703811,0.904659453034401,0.8951009243726731,0.8852344125509262,0.8740838885307312,0.8622075319290161,0.8515959113836289,0.8414275616407394,0.8299394935369492,0.8171520859003067,0.8049264818429946,0.7947008639574051,0.7830582022666931,0.7695860952138901,0.7580317318439483,0.7436763226985932,0.7298885405063629,0.7178796708583832,0.7040809392929077,0.6892800688743591,0.6753214508295059,0.6600436478853225,0.6462031483650208,0.630505257844925,0.6148666888475418,0.5985975682735443,0.5821180939674377,0.5672046035528183,0.5491418778896332,0.5327625334262848,0.5158871293067933,0.5014931276440621,0.4812442287802696,0.4644908204674721,0.4462703078985214,0.4306207776069641,0.4098902568221092,0.394327874481678,0.3762316405773163,0.3568496748805046,0.33679674118757247,0.31996327489614484,0.2972666934132576,0.2793283313512802,0.25810359716415404,0.24719207659363746,0.2288749024271965,0.21141248270869256,0.1877354435622692,0.16998222917318345,0.1488124616444111,0.132567797601223,0.1172801736742258,0.10919501259922981,0.09533092342317104,0.08249686546623707,0.07798820547759533,0.0,0.07019572407007217,0.07638683393597603,0.11419066451489926,0.09708463847637176,0.11343761906027794,0.12548543214797975,0.13810045793652534,0.1541367180645466,0.16703589558601378,0.17982200309634208,0.1954490177333355,0.20737685710191728,0.21758522391319274,0.23256508782505989,0.24248346090316772,0.25923503637313844,0.2724700063467026,0.2790233328938484,0.2923422515392303,0.3023512661457062,0.31323663592338563,0.32397289127111434,0.33443286567926406,0.3447252154350281,0.35399756878614425,0.3632338359951973,0.3729173973202705,0.3823677197098732,0.3939610794186592,0.3990704908967018,0.4070036008954048,0.4148310601711273,0.42890736162662507,0.4331367090344429,0.4399824932217598,0.4502773329615593,0.4584032535552979,0.463298936188221,0.47154335379600526,0.47830271273851394,0.48601718693971635,0.49272420853376386,0.5020379781723022,0.5045512914657593,0.511072301864624,0.517988707125187,0.5244756162166595,0.5278793066740036,0.5366350889205933,0.5386591285467148,0.5456235647201538,0.5515120893716812,0.5563826650381088,0.5681092202663421,0.568149545788765,0.5718602418899537,0.5793389797210693,0.5867706716060639,0.5907425552606582,0.5946150213479996,0.6024016231298447,0.6083259493112564,0.6137079209089279,0.624689707159996,0.6258581221103668,0.6330492615699768,0.6385896325111389,0.648406708240509,0.6659417569637298
t_68,1.295469158887863,1.2930211186408997,1.294174587726593,1.291957253217697,1.290153008699417,1.2888817191123962,1.2849283456802367,1.2819014966487885,1.2778123795986176,1.276404905319214,1.2730411767959595,1.269882208108902,1.269346499443054,1.265424942970276,1.2644281268119812,1.259904718399048,1.2566581428050996,1.2520619869232177,1.2501809358596803,1.246349388360977,1.242586600780487,1.2409399628639222,1.2373581290245057,1.2329519271850586,1.22977774143219,1.2275928914546967,1.2247806131839751,1.2198595464229585,1.2162800312042237,1.214118081331253,1.2090651094913483,1.2057741284370422,1.2027577102184295,1.197062623500824,1.1921643555164336,1.187860268354416,1.1851633667945862,1.180201816558838,1.1771696388721467,1.1720640778541564,1.168605637550354,1.1626148223876953,1.1566279530525208,1.1542824149131774,1.1477083384990692,1.1430229842662811,1.1363648295402526,1.1315013766288757,1.1240162432193757,1.1203155159950255,1.112520730495453,1.1045220851898194,1.0977400302886964,1.0912530243396759,1.0840986788272857,1.0754068970680237,1.0686459004878999,1.0611107707023621,1.0531046688556671,1.044913250207901,1.0354764461517334,1.0279434204101563,1.0199141085147858,1.0120533108711243,1.0017519146203995,0.9932880371809005,0.9845213562250137,0.9751981258392334,0.9673570454120636,0.9586936593055725,0.9497276395559311,0.9388347417116165,0.9294917553663253,0.9210946410894394,0.9102746427059174,0.9009098440408707,0.8911676794290543,0.8800998210906983,0.8683707982301712,0.8579070508480072,0.8478029549121857,0.8363401174545289,0.8238326489925385,0.8117203146219254,0.8015855550765991,0.7902615606784821,0.7766737639904022,0.7654119521379471,0.7512461125850678,0.7377687841653824,0.7255896508693696,0.7123078346252442,0.6977906554937363,0.6836962133646012,0.6687984853982926,0.6554297536611557,0.6399260491132737,0.6245477944612503,0.608235341310501,0.5920437932014465,0.5769656032323838,0.5597561955451965,0.5435562700033187,0.526382440328598,0.5121356844902039,0.4926812246441841,0.476251445710659,0.45830285996198655,0.44261849373579026,0.42197643369436266,0.40611812472343445,0.38836086392402647,0.368741574883461,0.34979881793260575,0.332475146651268,0.3101979702711105,0.2927535533905029,0.27215286046266557,0.2608323276042938,0.24147906377911568,0.22527017816901207,0.20154147297143937,0.18238280192017556,0.16305255368351937,0.14571849778294563,0.13128421306610108,0.11710645742714405,0.10325337648391723,0.08985626734793187,0.08209953531622886,0.07019572407007217,0.0,0.0719538178294897,0.10718434639275073,0.08971358127892018,0.10340754278004169,0.11198225878179073,0.12693462632596492,0.14053056985139847,0.1555030383169651,0.16764117330312728,0.18326642066240312,0.195249792188406,0.20589011013507844,0.2195395313203335,0.23060426786541938,0.2462339073419571,0.2602934196591377,0.26655450612306597,0.27900826632976533,0.29062641263008115,0.30095594227313993,0.3126370385289192,0.3223708227276802,0.3321429267525673,0.34277997463941573,0.3518660992383957,0.361516447365284,0.37154480069875717,0.383111783862114,0.38832600712776183,0.39643598794937135,0.40429762154817583,0.4185605853796005,0.4230174168944359,0.42934697568416597,0.43988134264945983,0.4484969720244408,0.45340674221515653,0.46190516352653505,0.46865527480840685,0.47658038437366484,0.48313132524490354,0.4924957871437073,0.4954130813479424,0.50184665620327,0.5089089512825012,0.5156509041786194,0.5191596657037735,0.5281501412391663,0.5296613126993179,0.5372596681118011,0.5431009501218795,0.5478796750307083,0.5598903745412827,0.5597965151071549,0.563929769396782,0.571298110485077,0.5787179470062256,0.5828660428524017,0.5866490662097931,0.5948766648769379,0.6008898943662644,0.6062941968441009,0.6174231678247452,0.6188311070203781,0.6261727422475815,0.6316484451293946,0.6415926039218902,0.6598204731941223
t_67,1.2961600959300994,1.2937647163867951,1.2948830664157867,1.2927088975906371,1.2908947706222533,1.2896369695663452,1.2857366621494293,1.2827113330364228,1.278680008649826,1.277293747663498,1.273966896533966,1.270819103717804,1.2703084111213685,1.2664376199245453,1.2654248297214508,1.2609252274036407,1.2577000617980958,1.2531925916671753,1.2513222754001618,1.2475531280040741,1.243773728609085,1.2421555876731873,1.2386203169822694,1.2342519223690034,1.2310984790325166,1.2289298117160796,1.2261427283287047,1.221264946460724,1.217750108242035,1.2155500292778014,1.210571789741516,1.2073486030101777,1.2042963564395905,1.198757714033127,1.1939127087593078,1.1896155178546906,1.1869645535945892,1.1820424616336822,1.1790152072906495,1.1739881098270417,1.1705495953559875,1.164656835794449,1.1587620675563812,1.1564194858074188,1.149864959716797,1.1452933073043823,1.1387650549411774,1.1338932812213898,1.1265451967716218,1.122771954536438,1.115189689397812,1.1073473989963531,1.1006242632865906,1.094248080253601,1.0870951175689698,1.0786024332046509,1.0718810737133027,1.0645010411739348,1.0566222429275514,1.0485145926475525,1.0392269670963288,1.031812447309494,1.0239441335201263,1.0160047352313994,1.0059712201356887,0.9976404964923858,0.9890569567680358,0.979767182469368,0.9721077799797058,0.9634718924760819,0.9546655654907227,0.9438422381877899,0.9347496211528779,0.9265085875988006,0.9157878816127777,0.9062909185886383,0.8966865360736846,0.8861202329397202,0.8746407955884934,0.8640227824449539,0.8541803866624832,0.8429521948099137,0.8306826472282409,0.8186861962080002,0.8089044630527497,0.7974429547786712,0.7844569653272628,0.7732797294855118,0.7591416031122208,0.7459384888410568,0.7342654049396515,0.7209594160318374,0.7065584719181061,0.6924803733825684,0.6782199770212174,0.6644482493400574,0.6491324424743652,0.6340772926807403,0.6186682134866714,0.6026175349950791,0.5879529148340226,0.5703612416982651,0.5543809831142426,0.5385380685329437,0.5246192306280136,0.5042206034064293,0.48818057477474214,0.47116936445236207,0.4557333841919899,0.4349538370966911,0.4194943934679031,0.40299913883209226,0.38326742947101594,0.3638105109333992,0.34790473729372023,0.3252104833722115,0.30750251561403275,0.2863897755742073,0.27686642557382585,0.2584655791521072,0.24168887585401536,0.21711109355092048,0.19793651401996612,0.17718038856983184,0.16032592803239823,0.1446543201804161,0.1320065066218376,0.11675111018121243,0.0998593408614397,0.09423208571970462,0.07638683393597603,0.0719538178294897,0.0,0.10582398027181625,0.07723423913121223,0.0914287094026804,0.09956412054598332,0.11026683486998082,0.12643706165254115,0.13980544209480286,0.15129776746034623,0.1681922361254692,0.17934632077813148,0.18923659697175027,0.20362746194005013,0.21375222355127335,0.23212796598672866,0.24562155604362487,0.2509280428290367,0.26453072130680083,0.27494135349988935,0.2859195277094841,0.2971284195780754,0.30763076841831205,0.31796439588069914,0.3277611047029495,0.3374661386013031,0.34716073870658876,0.3569453328847885,0.36944188326597216,0.37421794682741166,0.3823677644133568,0.39038216769695283,0.40544852912425994,0.4094285935163498,0.4166984438896179,0.4273385301232338,0.435830819606781,0.44065683633089064,0.4494550943374634,0.4564469337463379,0.4642861247062683,0.47141012698411944,0.4810688763856888,0.4837441802024841,0.4903950825333595,0.4974129647016525,0.5045554608106613,0.5076357439160347,0.5168237447738647,0.5188161045312881,0.5261148184537887,0.5322135776281357,0.5372078508138657,0.5494204223155975,0.5494045853614807,0.5533035576343537,0.5611017107963562,0.5689067155122757,0.5728506833314896,0.5768803358078003,0.5851245135068893,0.591348934173584,0.5968784809112548,0.6085958153009414,0.6096075773239136,0.6170656472444535,0.6227417647838592,0.6330138683319092,0.6514243304729461
t_66,1.3020267188549042,1.2994153201580048,1.3008102536201478,1.2985050618648528,1.2970537900924684,1.2958215773105621,1.2919748961925506,1.2893394351005554,1.2853361248970032,1.283997893333435,1.2807294368743896,1.2779634177684784,1.2773172557353973,1.2735592246055603,1.2729667961597442,1.2688324570655822,1.265971451997757,1.2612570941448211,1.259501761198044,1.2557619750499724,1.2528455257415771,1.2511086583137512,1.2477184057235717,1.2437021732330322,1.2407602667808533,1.2387992143630981,1.2363069176673889,1.231567919254303,1.2280746042728423,1.2264433920383453,1.221470332145691,1.2180123388767243,1.215938663482666,1.2093767821788788,1.2047432482242584,1.2008508145809174,1.1981245756149292,1.1933775424957276,1.1906495690345764,1.1855870544910432,1.1823753535747528,1.1762125551700593,1.1701817572116853,1.1680594742298127,1.1620477437973022,1.1570664286613463,1.1500487685203553,1.145655220746994,1.1380346715450287,1.13530832529068,1.1265607714653014,1.1182593405246735,1.111806172132492,1.105378222465515,1.0987057089805603,1.0896221101284027,1.0831233620643617,1.075623917579651,1.067773813009262,1.0592744767665863,1.0501711308956145,1.0423807859420777,1.0342167615890503,1.02791588306427,1.0163187712430954,1.0082523614168166,0.9993907302618027,0.9903506189584732,0.982485568523407,0.9744474351406097,0.9653895854949951,0.9552029073238373,0.9460595130920411,0.9370415270328522,0.9266406625509263,0.9195550441741943,0.9101268589496613,0.8961641550064087,0.8844831675291062,0.876763316988945,0.8663170307874679,0.8555003345012665,0.8418585002422333,0.831528440117836,0.8198250591754913,0.8103822886943817,0.7955829620361328,0.7843722343444824,0.7728268891572952,0.7582541823387146,0.74577676653862,0.7324968367815018,0.7195774376392364,0.7102027177810669,0.6909779757261276,0.6823403716087342,0.667619651556015,0.651928448677063,0.6320045590400696,0.616651862859726,0.6038121968507767,0.589162066578865,0.5743934899568558,0.553143772482872,0.5379946231842041,0.5264632761478424,0.5088957995176315,0.48564159870147705,0.47140745371580123,0.4570856228470802,0.44455966353416443,0.41481613367795944,0.40566698759794234,0.38723388165235517,0.3634186595678329,0.3477303683757782,0.33259492367506027,0.3152266383171082,0.28632393926382066,0.26619064062833786,0.24779826328158377,0.24369368180632592,0.23185385018587112,0.21160281226038932,0.19027858451008797,0.18125409707427026,0.17035836055874826,0.15631166696548462,0.14065796211361886,0.1122868835926056,0.11419066451489926,0.10718434639275073,0.10582398027181625,0.0,0.10608622208237647,0.10345205888152123,0.10870468653738499,0.1203875806182623,0.1346435323357582,0.13878670558333397,0.15276041626930237,0.15886546969413756,0.17367062345147133,0.18449603915214538,0.2004724510014057,0.20939410850405693,0.2132649265229702,0.22735983431339263,0.24311004653573037,0.25549358054995536,0.2650018513202667,0.27647566944360735,0.2895722150802612,0.298525670170784,0.3087368980050087,0.3191144749522209,0.32634868025779723,0.33708092719316485,0.3483229920268059,0.3541837826371193,0.36504813432693484,0.373312783241272,0.3813147634267807,0.39047583043575285,0.4001284494996071,0.4037276491522789,0.4151293709874153,0.42210461050271986,0.4300967276096344,0.43677319437265394,0.44265463203191757,0.45351408421993256,0.4580545827746391,0.466868856549263,0.4711221382021904,0.4777288556098938,0.48756847977638246,0.4903761297464371,0.4987971603870392,0.5066705927252769,0.5095065474510193,0.5174071252346039,0.5221217155456543,0.5286371201276779,0.539395859837532,0.5402801007032394,0.5455159634351731,0.5515480220317841,0.5582423716783523,0.5644281297922135,0.569097501039505,0.5760331928730011,0.5811954408884048,0.5877029567956924,0.5948117017745972,0.6010941445827485,0.6089945524930954,0.616261675953865,0.6261125206947327,0.64273242354393
t_65,1.2987968385219575,1.2964407682418824,1.2975539863109589,1.2953996241092682,1.2936328172683715,1.2923985123634338,1.2885437607765198,1.2855882167816162,1.281615686416626,1.2802507162094117,1.2769745945930482,1.273890620470047,1.2733780920505524,1.2695733964443208,1.2685913503170014,1.264176857471466,1.2610201478004455,1.2565805435180664,1.2547452926635743,1.2510320901870728,1.2473511219024658,1.2457610309123992,1.242295742034912,1.2380181550979614,1.2349330484867096,1.232815432548523,1.2300793945789337,1.2253096640110015,1.2218559026718139,1.219735223054886,1.2148558974266053,1.211678010225296,1.2087385177612304,1.2032706201076508,1.1985365986824035,1.194349467754364,1.1917687952518463,1.1869589626789092,1.1840044021606446,1.1790830433368682,1.1757414638996124,1.169974446296692,1.1641922891139984,1.1619198620319366,1.155540108680725,1.1510649263858794,1.1446558475494384,1.1399267971515656,1.1327328503131866,1.1290939211845399,1.1216533660888672,1.1139697432518005,1.1074117600917817,1.101178413629532,1.0942169606685639,1.085897868871689,1.0793559551239014,1.0721468925476074,1.0644559025764466,1.056549608707428,1.047472321987152,1.0402631759643555,1.032570344209671,1.0248687744140625,1.0150760650634765,1.0069289326667785,0.9985620141029358,0.9895357042551041,0.9820504426956177,0.9736678540706635,0.9650878578424453,0.9545664578676224,0.9456656098365783,0.9376474618911743,0.9272292166948318,0.9180436789989471,0.9087002992630004,0.8983675390481949,0.8871621131896973,0.8769194334745407,0.8673156350851059,0.8564177095890045,0.8445069581270218,0.8328544199466705,0.8233327955007553,0.8122306942939759,0.7996040850877761,0.7887611985206604,0.7750386625528336,0.7622602164745331,0.7508997559547425,0.7380306601524353,0.7240572720766068,0.7104952752590179,0.6965520709753037,0.6832365721464158,0.6684435307979584,0.6538022786378861,0.6388259917497635,0.6233138471841813,0.6090462744235993,0.5920891731977462,0.5766114145517349,0.5610458433628083,0.5474964022636414,0.5279955923557281,0.5123569130897522,0.49556759297847747,0.48068066984415053,0.46079404652118683,0.4456943839788437,0.4293422088027,0.4102529644966125,0.39149551540613176,0.3756960779428482,0.35377015471458434,0.33649041056632994,0.31616920977830887,0.3052624359726906,0.28717246651649475,0.2698268011212349,0.24723868444561958,0.22877952456474304,0.20854147896170616,0.19134409874677658,0.17490129321813583,0.16116292849183084,0.14507822915911675,0.12881189808249474,0.11931168138980866,0.09708463847637176,0.08971358127892018,0.07723423913121223,0.10608622208237647,0.0,0.07389027588069438,0.08041759133338929,0.08582536354660988,0.10263509266078472,0.11221862696111203,0.1231045164167881,0.1396766260266304,0.1492401845753193,0.15945133045315743,0.1744949921965599,0.18375376537442206,0.20213586315512658,0.21591318547725677,0.22135592252016068,0.23486086055636407,0.24544985815882683,0.2565874569118023,0.26774927526712416,0.27862189412117006,0.28942141979932784,0.29931091517210007,0.30897770524024964,0.3192152127623558,0.32912118583917616,0.3420046389102936,0.3468797117471695,0.3553704559803009,0.3637308835983276,0.37896513044834135,0.3831973850727081,0.3908011168241501,0.4015963912010193,0.41050949692726135,0.41557948142290113,0.4246044412255287,0.43194040954113005,0.44003404676914215,0.4474161833524704,0.45722813755273817,0.46015100479125975,0.4671236202120781,0.47429673075675965,0.4818054109811783,0.485135106742382,0.49438504278659823,0.49675680994987487,0.5043809622526169,0.5107068806886673,0.5158994555473327,0.528292253613472,0.5285665422677994,0.5327215194702148,0.5408029317855835,0.5487569749355317,0.5530953496694565,0.5572901368141174,0.565812686085701,0.5723124712705612,0.5781207412481308,0.5901061803102493,0.5914891123771667,0.5992626786231995,0.6052953243255615,0.6160390824079514,0.635093754529953
t_64,1.3018665134906768,1.2995358228683471,1.300662636756897,1.2985138773918152,1.296796315908432,1.2955779731273651,1.2917606770992278,1.288889181613922,1.2849712312221526,1.2836310863494873,1.2803753793239594,1.2773712694644928,1.2768541157245636,1.273099958896637,1.2721718728542328,1.2678336441516875,1.2647345960140228,1.2603424310684204,1.2585418701171875,1.2548744440078736,1.2513126671314239,1.2497440934181214,1.246336394548416,1.2421187877655029,1.2391087472438813,1.2370418965816499,1.2343559384346008,1.2296477496623992,1.2262362837791443,1.2241983890533448,1.219373607635498,1.2161925673484801,1.2133951246738435,1.2078487813472747,1.2031760036945343,1.1990858256816863,1.196510946750641,1.1917918264865874,1.1888962626457213,1.1840144455432893,1.180743271112442,1.1750072538852692,1.1692575752735137,1.1670276939868927,1.1607382118701934,1.1563144683837892,1.1499181032180785,1.1452933490276336,1.1381281197071076,1.134650355577469,1.1271751821041107,1.1195281267166137,1.1130529761314392,1.1068819344043732,1.1000638127326965,1.0917373895645142,1.0853043019771575,1.0781443655490874,1.070563906431198,1.0627581655979157,1.0537265539169312,1.0465686738491058,1.038949680328369,1.0315222501754762,1.0216957092285157,1.0136302888393403,1.0053080052137375,0.9964292883872986,0.9890002250671387,0.9807368069887161,0.9723015815019608,0.9619463562965394,0.9530113756656646,0.945162433385849,0.9348372787237167,0.926070150732994,0.9168197602033615,0.9063193053007126,0.8950670808553696,0.8853392422199249,0.8757722228765488,0.8649673193693161,0.8531184107065201,0.8416296631097794,0.8320899188518525,0.821345654129982,0.8086902260780334,0.798035541176796,0.78469919860363,0.7719591945409775,0.7605244040489196,0.7479593962430954,0.7340639173984528,0.7212430208921432,0.7069296002388,0.6941305339336395,0.6797888964414597,0.6650321871042252,0.649955403804779,0.634776571393013,0.6206952512264252,0.6042638778686523,0.5890404462814331,0.5727914065122605,0.5593617886304856,0.541156816482544,0.5255684196949005,0.5081418275833129,0.4938095659017563,0.4746402963995934,0.4599043905735016,0.44243317991495135,0.42425402998924255,0.4063305363059044,0.3895065441727638,0.3686303973197937,0.3518970116972923,0.33189295828342436,0.3194348871707916,0.3005539670586586,0.2823667272925377,0.2633190378546715,0.24511389210820198,0.22486275881528855,0.2080237813293934,0.19109596386551858,0.17640071362257004,0.15992018654942514,0.1432066395878792,0.13263554945588113,0.11343761906027794,0.10340754278004169,0.0914287094026804,0.10345205888152123,0.07389027588069438,0.0,0.07579576522111893,0.07873430103063583,0.09070565290749073,0.10037449337542056,0.10741518251597881,0.12376942373812198,0.13296005502343178,0.14468543380498886,0.1593810573220253,0.1692814536392689,0.1859163075685501,0.19991769939661025,0.20587523505091668,0.21914884969592094,0.2299913965165615,0.24094424173235893,0.2530161663889885,0.26375606954097747,0.2740758776664734,0.284691695868969,0.2942764461040497,0.30471287965774535,0.3150505408644676,0.327438785135746,0.33309624046087266,0.3417479291558266,0.34991293102502824,0.3645233228802681,0.3699740171432495,0.3770836338400841,0.3875120997428894,0.39701105654239655,0.4025527656078339,0.41177698224782944,0.4188595160841942,0.4274623394012451,0.43454550504684447,0.4441529557108879,0.4477989673614502,0.4549447953701019,0.46211914271116256,0.4698596939444542,0.4736762270331383,0.48262498080730437,0.4854235976934433,0.49351683259010315,0.4997734487056732,0.5048834055662155,0.5170161083340645,0.5177805662155152,0.5224566191434861,0.5303104460239411,0.5381118595600128,0.542835396528244,0.5473627805709839,0.5558981895446777,0.5624479562044143,0.5683961600065232,0.5801171571016311,0.5823512464761734,0.5902451008558274,0.5965545058250428,0.6074129164218902,0.6267720580101013
t_63,1.3019379734992982,1.2995981216430663,1.300736403465271,1.2985954225063323,1.2969126284122467,1.2956940114498139,1.2919021844863892,1.2890659749507904,1.285160517692566,1.2838221609592437,1.280604475736618,1.2776373744010925,1.2771169066429138,1.273391842842102,1.2724957644939423,1.268216460943222,1.2651624083518982,1.260772132873535,1.2589909791946412,1.2553456246852874,1.2518550336360932,1.2502936601638794,1.246910524368286,1.2427581369876861,1.2397777438163757,1.2377310156822205,1.235073870420456,1.2304267108440399,1.2270294964313506,1.2250573813915253,1.2202885806560517,1.217117691040039,1.2144009292125701,1.2088660955429078,1.2042564868927002,1.2002265274524688,1.1976773679256438,1.1930103957653047,1.1901642262935639,1.185316902399063,1.1820820569992065,1.176400011777878,1.170702987909317,1.1685078859329223,1.1623525083065034,1.1578974306583405,1.1515283346176148,1.1469740867614746,1.1398885786533355,1.1365061104297638,1.1290232181549071,1.121420282125473,1.1150417447090148,1.1089187026023866,1.1021944344043733,1.0939148724079133,1.0875663995742797,1.0804724216461181,1.0729348719120027,1.0651698887348175,1.056278020143509,1.0491656422615052,1.041573590040207,1.0343132615089417,1.0245014548301696,1.0165274530649184,1.008258455991745,0.9995115906000137,0.9921355247497559,0.9840294033288955,0.9755971282720566,0.9654006689786911,0.9566401600837707,0.9487159639596939,0.9385759055614471,0.9299794554710388,0.920859107375145,0.9102478623390198,0.8992809474468231,0.8897180885076523,0.880184930562973,0.8695610761642456,0.857830411195755,0.8466672211885452,0.8371150732040405,0.8266692698001862,0.8139507740736007,0.8034687042236328,0.7904453873634338,0.7777867794036866,0.7665431588888169,0.754173481464386,0.7407695531845093,0.7280953049659729,0.7139034062623978,0.7016571789979935,0.6874264478683472,0.6731056898832322,0.657884806394577,0.6429333597421646,0.6291636794805526,0.6132563531398774,0.5982623636722565,0.5822914689779282,0.5689570218324661,0.5512239038944244,0.5358249455690384,0.5187624216079711,0.5043828964233399,0.48562789857387545,0.47118970155715945,0.45345455706119536,0.43633792251348497,0.41801906526088717,0.4014610543847084,0.381125608086586,0.3643661379814148,0.3450086325407028,0.3318444699048996,0.31288358718156817,0.29621422588825225,0.2766025811433792,0.2584871217608452,0.23910229578614234,0.22109053134918213,0.2055032357573509,0.19043899998068808,0.17456945702433585,0.15748695358633996,0.14375468492507934,0.12548543214797975,0.11198225878179073,0.09956412054598332,0.10870468653738499,0.08041759133338929,0.07579576522111893,0.0,0.06763408370316029,0.07997034266591072,0.09018948078155517,0.09768545515835285,0.10913478918373584,0.12169510535895825,0.13001006543636323,0.14389173164963723,0.15434904173016548,0.16932323798537255,0.18357903137803078,0.1897594504058361,0.203624364733696,0.21522741466760636,0.22608171328902243,0.23780882805585862,0.24888970926404,0.25951588451862334,0.26978580355644227,0.27981904000043867,0.2899687632918358,0.30089627504348754,0.31287527531385423,0.319074547290802,0.3278301030397415,0.33625941127538683,0.3511767238378525,0.3566495716571808,0.36357310265302656,0.3746385008096695,0.38393131345510484,0.38968847393989564,0.3988482400774956,0.4061931878328323,0.4148832231760025,0.42197584807872773,0.4320785477757454,0.4353964805603027,0.44275182783603667,0.45026988834142684,0.45770196467638014,0.4617992088198662,0.4715141117572784,0.47382642775774003,0.4819882243871689,0.48852831721305845,0.49379192143678663,0.5066105395555496,0.5071215689182281,0.511803649365902,0.5196804940700531,0.5277720719575882,0.5326915860176087,0.5372468501329422,0.5457473516464233,0.5525144547224045,0.5586270272731781,0.5704419434070587,0.5726332485675811,0.5809445768594742,0.587436830997467,0.5984862297773361,0.6184025853872299
t_62,1.3026241421699525,1.3003142774105072,1.3014281749725343,1.2993134677410125,1.2976257264614106,1.2964175999164582,1.2926507890224457,1.2898159861564635,1.285935825109482,1.2846058905124664,1.2814098000526428,1.2784404754638672,1.277927953004837,1.2742241203784943,1.273312783241272,1.269041746854782,1.2659972786903382,1.2616606593132018,1.2598839163780213,1.256273227930069,1.252764058113098,1.2512246429920197,1.2478684842586518,1.2437363505363463,1.2407703340053557,1.2387343764305114,1.2360917508602143,1.2314734876155853,1.22811661362648,1.2261316895484924,1.2214135766029357,1.2182836890220643,1.2155603110790252,1.2101322710514069,1.2055657088756562,1.201554775238037,1.1990521252155304,1.194417381286621,1.191589081287384,1.1868040919303895,1.1836033046245575,1.1780047953128814,1.1723788022994994,1.1702013194561005,1.164091545343399,1.159719455242157,1.1534482061862945,1.14892720580101,1.1419421136379242,1.1385417342185975,1.1312229692935944,1.1237354218959807,1.1174159049987793,1.1113671243190766,1.1046809792518615,1.096546870470047,1.09025719165802,1.0832698464393615,1.0758186757564545,1.0681588411331178,1.0593652427196503,1.0523852050304412,1.0448991656303406,1.0376169621944427,1.0280125498771668,1.0201220571994782,1.011997538805008,1.0033246785402299,0.9960659801959991,0.9880252480506897,0.9797172337770462,0.9695845425128937,0.9609632462263107,0.9531726270914078,0.9431301653385162,0.9344831466674804,0.9254701137542725,0.915229418873787,0.9044324636459351,0.8947822391986847,0.8854384541511535,0.8749679207801819,0.8634207785129547,0.8523482769727707,0.8430370420217514,0.8325592964887619,0.8202114552259445,0.8098484754562378,0.7968558460474015,0.7844720125198364,0.7734903484582901,0.7612010419368744,0.7479330241680145,0.7352014541625976,0.7215100705623627,0.7091153174638748,0.6949994295835495,0.6809149950742721,0.6663036227226258,0.6514750748872757,0.6378486394882202,0.6219575434923172,0.6072146415710449,0.5918876081705093,0.578825119137764,0.5607915669679642,0.5457109630107879,0.5292109042406082,0.5150213688611984,0.4963579118251801,0.4821333110332489,0.46525314301252363,0.4479372724890709,0.4298579767346382,0.4140006199479103,0.3935015380382538,0.37686713635921476,0.35748638212680817,0.34512121230363846,0.32691614180803297,0.31011883020401,0.29020976424217226,0.2722115978598595,0.25273624062538147,0.2349932812154293,0.2192590907216072,0.20455009266734123,0.18866722509264947,0.1708139233291149,0.15810594707727432,0.13810045793652534,0.12693462632596492,0.11026683486998082,0.1203875806182623,0.08582536354660988,0.07873430103063583,0.06763408370316029,0.0,0.0750448763370514,0.07956438846886157,0.08523127920925617,0.09670437425374985,0.10732648000121117,0.11515872627496719,0.13030661940574645,0.13866209611296654,0.15593476593494415,0.1704269327223301,0.17492614313960075,0.18897012770175933,0.1998916782438755,0.21119275838136672,0.22280795499682426,0.2339990481734276,0.2450876720249653,0.25516076013445854,0.2650556951761246,0.27569459527730944,0.2862863913178444,0.2990182116627693,0.30477153807878493,0.31374485045671463,0.322314715385437,0.3378592267632484,0.3428963452577591,0.35042935609817505,0.3616830587387085,0.3709982827305794,0.3766788184642792,0.38606985956430434,0.3936787724494934,0.40239345133304594,0.40991271287202835,0.42013431489467623,0.42344864159822465,0.4308487683534622,0.4385199278593063,0.446245901286602,0.45017328560352327,0.45991801023483275,0.46259391605854033,0.470697620511055,0.4773548260331154,0.4828669384121895,0.4958005458116531,0.49637949019670485,0.5010219231247902,0.5092488989233971,0.5176055431365967,0.5224341183900834,0.5271385729312896,0.5358692348003388,0.5427928566932678,0.5490624874830246,0.5613081872463226,0.5633776485919952,0.57178336083889,0.5784578800201416,0.5898587673902511,0.6100662171840667
t_61,1.3046845734119414,1.3024195313453675,1.3034991800785065,1.301406854391098,1.2997040510177613,1.2985019564628602,1.2947587311267852,1.2919274389743804,1.2880820751190185,1.2867534518241883,1.2835692286491394,1.2806108057498933,1.280102390050888,1.2764133155345916,1.2754785299301148,1.2712161123752594,1.2681574523448944,1.2638716518878936,1.2620927453041078,1.2584945797920226,1.2549540758132935,1.253445279598236,1.2501010179519654,1.2459605038166046,1.2430139124393462,1.2409809350967407,1.2383209228515626,1.2337481260299683,1.230401986837387,1.2284215271472931,1.223732775449753,1.2206514775753021,1.2178652822971343,1.2125529170036315,1.208005028963089,1.2040205657482148,1.2015427649021149,1.196969097852707,1.194145518541336,1.189398968219757,1.1862399280071259,1.1807217478752137,1.1751495957374574,1.1730041265487672,1.16692413687706,1.1626408100128174,1.1564671516418457,1.1519926905632019,1.1450912594795226,1.141699993610382,1.134538584947586,1.127175086736679,1.1208983659744263,1.114925366640091,1.1083329677581788,1.1003226697444917,1.094127082824707,1.0871865272521972,1.0798017621040343,1.0723610937595367,1.0636102497577666,1.056773728132248,1.0493716597557068,1.0421108186244965,1.0327606081962586,1.0248971581459045,1.0168915271759034,1.008367159962654,1.0011700242757797,0.9932317763566971,0.9850714921951294,0.9750457763671875,0.9664196252822876,0.9588603407144547,0.9489331483840943,0.9403040736913681,0.9314157128334045,0.9215582519769668,0.9108477920293808,0.9011790722608566,0.8920014441013336,0.881559419631958,0.8703555434942245,0.8592424929141999,0.8502237558364868,0.8398784786462784,0.8277059972286225,0.8175853282213211,0.8046069115400314,0.7926412343978881,0.7816530495882035,0.7697868764400482,0.7565359175205231,0.7435851752758026,0.7305597394704819,0.7181159973144531,0.7042600512504578,0.6903656125068665,0.6762577295303345,0.6616806447505951,0.6479209005832672,0.6324020326137543,0.6177705228328705,0.6026062965393066,0.5898952931165695,0.5719660967588425,0.5572967320680619,0.5413581907749176,0.5274159222841263,0.5085522219538688,0.49399453997612,0.4784529790282249,0.4603829950094223,0.443182110786438,0.4276846781373024,0.40702123790979383,0.3907644718885422,0.3716608762741089,0.3606053814291954,0.342210428416729,0.32550448924303055,0.30539871007204056,0.2868229255080223,0.2678478851914406,0.25123354196548464,0.2347333163022995,0.21857691928744316,0.20236226543784142,0.18519085720181466,0.17370462641119958,0.1541367180645466,0.14053056985139847,0.12643706165254115,0.1346435323357582,0.10263509266078472,0.09070565290749073,0.07997034266591072,0.0750448763370514,0.0,0.07988558188080788,0.08126486241817474,0.08967474699020386,0.10067161843180657,0.10532322973012924,0.11465897411108017,0.12829066701233388,0.14672023057937622,0.16040099188685417,0.16229690238833427,0.17541305720806122,0.18798173367977142,0.19834523350000383,0.210575357824564,0.2208112932741642,0.23099900782108307,0.24295836687088013,0.2528247945010662,0.2631574735045433,0.2740552008152008,0.2875317558646202,0.292686739563942,0.3017672672867775,0.31029561460018157,0.3263251051306725,0.33132061958312986,0.3385197907686234,0.3496763750910759,0.3597180038690567,0.3652262300252914,0.37512058615684507,0.3830050230026245,0.3914482891559601,0.39900624454021455,0.4092019200325012,0.41313876658678056,0.4204115241765976,0.4278301641345024,0.43647668808698653,0.4400324925780296,0.44981259256601336,0.4522520586848259,0.46090078353881836,0.4676614671945572,0.47298135310411454,0.48595215678215026,0.48656163066625596,0.491668401658535,0.49996150881052015,0.508331423997879,0.5131432086229324,0.5178890660405159,0.5271524786949158,0.5342985838651657,0.5405455350875854,0.553367069363594,0.5553979188203811,0.5638184309005737,0.5703750401735306,0.5819902569055557,0.6029958695173263
t_60,1.3054547905921936,1.3031639635562897,1.3042865991592407,1.3021997690200806,1.30057834982872,1.2993867337703704,1.2956990599632263,1.2929602026939393,1.289155751466751,1.287857323884964,1.2847198307514192,1.2818479180335998,1.281328272819519,1.2777074158191681,1.2768658459186555,1.2727150917053223,1.2697665631771087,1.2654993891716004,1.2637490630149841,1.2602168917655945,1.2568754971027374,1.255351710319519,1.2520827651023865,1.2480622768402099,1.2451848804950714,1.2432125687599183,1.240656566619873,1.2361551702022553,1.232860267162323,1.2309856176376344,1.2263535380363464,1.2232676923274994,1.2207203328609466,1.2152732610702515,1.2108210504055024,1.2069433391094209,1.2044796228408814,1.199967873096466,1.197234922647476,1.1925388336181642,1.1894309878349305,1.1839212477207184,1.1783913373947144,1.1762817084789277,1.1703433752059937,1.1660209536552428,1.1598218381404877,1.1554277420043946,1.148557198047638,1.1453324735164643,1.1380442082881927,1.1306574285030364,1.1244813561439515,1.118560403585434,1.1120344042778014,1.104032951593399,1.0978995978832244,1.0910414278507232,1.0837335228919982,1.0761908173561097,1.0676043331623077,1.0607217609882356,1.0533602595329286,1.0463801324367523,1.0368034303188325,1.0291368067264557,1.0211704790592193,1.0126667410135268,1.0055529862642287,0.9977451920509338,0.9895715415477753,0.9797227770090103,0.97130266726017,0.9635788530111313,0.9537841081619263,0.9455386430025101,0.936758753657341,0.9264107584953308,0.9158485203981399,0.9066692650318146,0.8975030094385147,0.8873347908258438,0.8759076595306396,0.8652899086475372,0.855990645289421,0.8459316253662109,0.8337463825941086,0.8236088395118714,0.8112013936042786,0.7990087985992431,0.7882462710142135,0.7762151211500168,0.7634387344121933,0.7515209406614304,0.7377184242010116,0.7261141985654831,0.7123753666877747,0.6986148715019226,0.6840017557144165,0.6696120768785476,0.6566065371036529,0.6413152098655701,0.6270889908075332,0.6118099510669708,0.5989800095558167,0.5821233838796616,0.5672724902629852,0.5506976425647736,0.5369407206773757,0.5193901658058167,0.5058681190013885,0.48823740482330324,0.4724585756659508,0.4547180593013763,0.43866963088512423,0.41922071725130083,0.4031383603811264,0.3844603642821312,0.3707474648952484,0.35305763185024264,0.3360856756567955,0.3184772178530693,0.3017383709549904,0.28188262283802035,0.26446489095687864,0.2492147520184517,0.23536527901887894,0.2192400462925434,0.200958763808012,0.1865558534860611,0.16703589558601378,0.1555030383169651,0.13980544209480286,0.13878670558333397,0.11221862696111203,0.10037449337542056,0.09018948078155517,0.07956438846886157,0.07988558188080788,0.0,0.07490249089896679,0.08258286155760289,0.08519467152655125,0.09366550147533417,0.10766279585659504,0.1139098010957241,0.13142876848578453,0.14275192841887474,0.1485753782093525,0.1629783809185028,0.17225397750735283,0.18435637131333352,0.1963379204273224,0.20735702589154242,0.2186695545911789,0.22837758734822272,0.23837799206376076,0.24900356382131578,0.2599757552146912,0.2722104251384735,0.2788940995931625,0.2878600373864174,0.29660670310258863,0.3116843178868294,0.31773005425930023,0.32500843703746796,0.3366548702120781,0.34580657035112383,0.35211420953273775,0.3616106852889061,0.3693186789751053,0.3785986974835396,0.3861068606376648,0.396522119641304,0.4003155991435051,0.40789109468460083,0.41627250164747237,0.4237094148993492,0.42845250815153124,0.4381773456931114,0.44133507162332536,0.4495818853378296,0.45622301250696184,0.4623213529586792,0.4753252685070038,0.4761962443590164,0.4811125934123993,0.48942605704069136,0.4980162173509598,0.50326127409935,0.5083794817328453,0.5171766489744186,0.5241050034761429,0.530834287405014,0.5428822487592697,0.5459664523601532,0.5546975344419479,0.5619775950908661,0.5737684845924378,0.594303447008133
t_59,1.3064530193805695,1.3042142868041993,1.3052829802036285,1.3032327711582183,1.3015612185001373,1.3003691196441651,1.2966982662677764,1.2939302980899812,1.2901490330696106,1.2888622522354125,1.2857372164726257,1.2828363835811616,1.2823394238948822,1.2787217199802399,1.277835726737976,1.2736617803573609,1.2706754505634308,1.2664994418621063,1.2647510945796967,1.26125066280365,1.2578109562397004,1.2563197255134582,1.253077220916748,1.2490375936031342,1.2461770594120025,1.2441906809806824,1.2416178166866303,1.2371452033519745,1.2338798582553863,1.2319566488265992,1.2273744344711304,1.2243258655071259,1.2216962218284606,1.2164150476455688,1.2119691610336303,1.2080854296684265,1.2056247115135192,1.2011724591255188,1.1984157860279083,1.1937595725059509,1.190660446882248,1.1852415025234222,1.1797796189785004,1.177667385339737,1.171698272228241,1.1675021588802337,1.161420428752899,1.1570320427417755,1.150250792503357,1.1469431817531586,1.1398764073848724,1.1326206505298615,1.1264849722385406,1.1206274569034576,1.1141210854053498,1.1062598407268525,1.1001952171325684,1.0934159994125365,1.0861618101596833,1.0787970125675201,1.0702261090278626,1.0634829938411712,1.0562666356563568,1.0491700291633606,1.0398760199546815,1.032260525226593,1.0244062781333922,1.0159757077693938,1.0089949697256089,1.001160776615143,0.9931523680686951,0.9833485394716263,0.9750077962875366,0.9675200343132019,0.9577691346406937,0.9493752807378769,0.9406705170869827,0.9308990746736526,0.920451819896698,0.911056837439537,0.9020984798669816,0.8919636636972428,0.8808693081140518,0.8701918542385101,0.8612755477428437,0.8511325895786286,0.8392714828252792,0.8293550819158554,0.816805973649025,0.8049355983734131,0.7943353950977325,0.7826103776693344,0.7697540789842605,0.7575172126293183,0.7444640606641769,0.7324468851089477,0.7189321666955948,0.705348652601242,0.6915504813194275,0.677302086353302,0.6642512112855912,0.6488345623016357,0.63477443754673,0.6202794045209885,0.6078447997570038,0.5902352511882782,0.5757918059825897,0.5602060943841934,0.5465451359748841,0.528387376666069,0.5149012327194213,0.4988134205341339,0.4821501985192299,0.46475316137075423,0.44957768321037295,0.42992865294218063,0.4137447223067284,0.3948567807674408,0.38332766592502593,0.36581525951623917,0.3492301404476166,0.33035688996315005,0.3129983991384506,0.29338823854923246,0.27674673348665235,0.2608433306217194,0.24703154414892198,0.23054492101073265,0.21200684756040572,0.20037311911582947,0.17982200309634208,0.16764117330312728,0.15129776746034623,0.15276041626930237,0.1231045164167881,0.10741518251597881,0.09768545515835285,0.08523127920925617,0.08126486241817474,0.07490249089896679,0.0,0.07822983413934707,0.07572487443685531,0.08431407734751702,0.09544758945703506,0.10275846011936665,0.12287389747798443,0.13277450427412987,0.13577138707041742,0.15026213526725768,0.1586354300379753,0.16986705735325813,0.183300119638443,0.19441786482930185,0.204788276553154,0.2147192008793354,0.22572216689586638,0.2359169602394104,0.2473256342113018,0.26105979084968567,0.26643222123384475,0.27526374757289884,0.2836300477385521,0.30063541084527967,0.3059141218662262,0.313780477643013,0.32487729340791704,0.33486600667238237,0.34068958908319474,0.35089040994644166,0.3582420364022255,0.36767137348651885,0.37558037638664243,0.386253722012043,0.3901428446173668,0.39785285890102384,0.40576871633529665,0.41418289244174955,0.41817344576120374,0.4280480444431305,0.4313486248254776,0.4397420331835747,0.4467327520251274,0.45243087559938433,0.4659102767705917,0.46679494231939317,0.47164515405893326,0.4802609235048294,0.4892470881342888,0.49413922280073164,0.4994570419192314,0.5085733726620674,0.5156810343265533,0.5224587976932525,0.5354325354099274,0.5379557013511658,0.5468399882316589,0.5539840340614319,0.566070231795311,0.5874949067831039
t_58,1.308767944574356,1.3064888179302216,1.3076418876647948,1.305548721551895,1.3039941132068633,1.3028306186199188,1.299177211523056,1.2965326309204102,1.292783409357071,1.2915019690990448,1.288399237394333,1.2856206059455872,1.285085541009903,1.2815286695957184,1.2807456314563752,1.276694804430008,1.2738263726234436,1.2695833265781402,1.2678870141506196,1.264391928911209,1.2612067401409148,1.2596992194652556,1.2564845561981202,1.2525571048259736,1.2497620701789856,1.2478363156318664,1.24534769654274,1.2409209907054901,1.237661874294281,1.235901838541031,1.2313279926776886,1.2282415628433228,1.2258575677871704,1.2203407347202302,1.2159758746623992,1.2122062385082244,1.209770005941391,1.2053573310375214,1.2026878893375397,1.198053526878357,1.195021516084671,1.1895640015602111,1.184091317653656,1.1820455551147462,1.1762764990329742,1.1719853043556214,1.1658035874366761,1.1615715444087982,1.1547619879245759,1.1517464637756347,1.1444123029708861,1.1371035635471345,1.1310818195343018,1.1252538442611695,1.1189263582229614,1.11094873547554,1.1049541234970093,1.0982082962989808,1.0910628974437713,1.0836336374282838,1.0751974821090697,1.0684162318706512,1.061139839887619,1.0545248210430145,1.0449783444404601,1.0374295592308045,1.0295621275901794,1.0213063895702361,1.0142799079418183,1.0067106932401657,0.99869225025177,0.9891087085008621,0.9807729184627533,0.9731929987668991,0.9636317521333695,0.9558948814868927,0.947293296456337,0.9367754399776459,0.9263439506292344,0.9177870959043503,0.9087108552455903,0.8987884789705276,0.8875048398971558,0.877225723862648,0.8679788529872894,0.8583913505077362,0.8462897926568985,0.8364102751016617,0.8245827317237854,0.8125167578458786,0.8018737077713013,0.7902418702840805,0.777828848361969,0.7667515069246292,0.7526922911405564,0.7418508380651474,0.7287064969539643,0.7151187658309937,0.7004515200853347,0.686563304066658,0.6739938586950303,0.659431853890419,0.6455720663070679,0.6300083726644516,0.6174127578735351,0.6019784450531006,0.5873881340026855,0.5705421090126037,0.5574860781431198,0.540918892621994,0.5278762221336365,0.5094947636127471,0.4949645921587944,0.4779797628521919,0.46150164902210233,0.44310144186019895,0.427747543156147,0.4098167434334755,0.3947741314768791,0.3767989844083786,0.35984394550323484,0.34482226669788363,0.3287720501422882,0.30976316928863523,0.2921959713101387,0.27699442207813263,0.2628310024738312,0.24720795452594757,0.2292043499648571,0.2136764146387577,0.1954490177333355,0.18326642066240312,0.1681922361254692,0.15886546969413756,0.1396766260266304,0.12376942373812198,0.10913478918373584,0.09670437425374985,0.08967474699020386,0.08258286155760289,0.07822983413934707,0.0,0.0760689314454794,0.0721324872225523,0.0858702875673771,0.09271848052740098,0.10414365567266941,0.11522760018706321,0.12016006410121918,0.13540163859725,0.1453660733997822,0.15640531107783318,0.16761269941926002,0.17815752178430558,0.18975542336702347,0.20015156418085098,0.20967257544398307,0.22104522809386254,0.2320741519331932,0.24304828941822051,0.2516495309770107,0.2607282422482967,0.2696924477815628,0.2838428243994713,0.29118005484342574,0.2978836730122566,0.3094703197479248,0.31903196424245833,0.32617479264736177,0.3356459766626358,0.34358464926481247,0.35330522507429124,0.36054544895887375,0.3710547283291817,0.37543679475784303,0.3833279922604561,0.39182852655649186,0.39943577647209166,0.40501016974449155,0.41474203765392303,0.4183815881609917,0.42720262706279755,0.433938792347908,0.4402730867266655,0.45304238200187685,0.45452463179826735,0.4601570382714272,0.46834840774536135,0.47685374319553375,0.4827710688114166,0.48825191855430605,0.49698946326971055,0.5043979659676552,0.5113749235868454,0.5232534557580948,0.5271672040224076,0.5363870024681091,0.5442292630672455,0.5564078241586685,0.5776502430438996
t_57,1.3094094455242158,1.3072002112865448,1.3082852602005004,1.3062454760074615,1.3046425342559815,1.3034828364849091,1.2998742878437042,1.2972037971019745,1.2934961378574372,1.292234045267105,1.2891530871391297,1.2863604307174683,1.285857892036438,1.2823185682296754,1.2814958155155183,1.2774347960948944,1.274556189775467,1.2704253971576691,1.2687213838100433,1.2652835071086883,1.262013304233551,1.2605339229106902,1.2573574304580688,1.2534256458282471,1.2506428360939026,1.2487194001674653,1.2462243437767029,1.2418416798114777,1.238641369342804,1.2368276596069336,1.2323148787021636,1.229300719499588,1.2268403887748718,1.2215101182460786,1.2171739757061004,1.2134061396121978,1.2109872281551362,1.206642985343933,1.203969007730484,1.1993906795978546,1.1963826775550843,1.1910353004932404,1.185652357339859,1.1836075901985168,1.177796983718872,1.1736621975898742,1.1676440417766571,1.1633968949317932,1.156710422039032,1.153585934638977,1.1465289294719696,1.1393680632114411,1.1333615362644196,1.1276305139064788,1.1212923288345338,1.1135201334953309,1.1075871229171752,1.100934886932373,1.0938527286052704,1.0865814507007598,1.0781881988048554,1.0715494692325591,1.0644264578819276,1.0576515853405,1.0484019756317138,1.0409319460392,1.033227699995041,1.024980366230011,1.0180914014577866,1.0104793161153793,1.0026309877634048,0.9930808305740356,0.9848419308662415,0.9774909824132919,0.9679326385259628,0.9599776685237884,0.951465180516243,0.9415735363960266,0.9312627017498016,0.9223951935768128,0.9135771751403808,0.9037047773599625,0.8927051693201065,0.8823546737432479,0.8734698563814163,0.8636891841888428,0.8520467191934585,0.8422987222671509,0.8302923291921616,0.818583732843399,0.8081490427255631,0.7966257393360138,0.7841232478618622,0.7727505266666412,0.7594898045063019,0.7481106132268905,0.7350711971521378,0.7216383516788483,0.7078972935676575,0.6941032588481904,0.6815562635660172,0.6667100787162781,0.6530354022979736,0.6383699178695679,0.6260906994342804,0.6097674548625946,0.595608326792717,0.5796551316976547,0.5666552394628525,0.5496225267648697,0.5366472870111465,0.5198755383491516,0.504450011253357,0.48761420994997023,0.4721409007906914,0.4534608945250511,0.43792073130607606,0.4196985200047493,0.40685380548238753,0.38956824839115145,0.37231756895780566,0.3563090056180954,0.33980155885219576,0.3202602371573448,0.30371869057416917,0.2883088305592537,0.27462525963783263,0.2585694655776024,0.24036437198519706,0.22698496133089066,0.20737685710191728,0.195249792188406,0.17934632077813148,0.17367062345147133,0.1492401845753193,0.13296005502343178,0.12169510535895825,0.10732648000121117,0.10067161843180657,0.08519467152655125,0.07572487443685531,0.0760689314454794,0.0,0.07317248918116093,0.0833591528236866,0.08535785414278507,0.10041989758610725,0.10852182433009147,0.11193865649402142,0.12586625777184962,0.1323166936635971,0.144327462464571,0.15741815716028212,0.16850888654589652,0.17890768870711327,0.18820932656526565,0.19873466938734055,0.20942548364400865,0.22075813561677932,0.23379439860582352,0.24037613719701767,0.24942317083477974,0.2578327089548111,0.27364697605371474,0.2802163302898407,0.2880361661314964,0.2990904271602631,0.30923624485731127,0.315798731148243,0.32602503150701523,0.33362230509519575,0.3434754654765129,0.3513863429427147,0.3618524506688118,0.3666168928146362,0.3745265856385231,0.38285487443208693,0.39136551022529603,0.3960707515478134,0.40566106885671616,0.4097864866256714,0.41850339621305466,0.4254241481423378,0.4316223695874214,0.4446587711572647,0.44625930190086366,0.4516765967011452,0.4602846890687943,0.46924610435962677,0.47470754832029344,0.48049466162919996,0.4896519586443901,0.4969258368015289,0.5040761679410934,0.5168444484472274,0.5205049842596055,0.5296425253152848,0.5374617904424668,0.5499865621328354,0.5716321289539337
t_56,1.3093898594379425,1.3071797370910645,1.3082634925842285,1.3062308132648468,1.3046462893486024,1.3034902036190033,1.2998902916908264,1.2972266018390655,1.293526792526245,1.292264848947525,1.2892004013061524,1.28640416264534,1.2858991503715516,1.2823737978935241,1.2815461993217467,1.2775028049945831,1.2746279299259187,1.270501583814621,1.268798404932022,1.265364122390747,1.2620954632759094,1.2606272041797637,1.257449984550476,1.2535379469394683,1.2507585048675538,1.2488390743732452,1.2463550567626953,1.241988378763199,1.2387983620166778,1.2369947493076325,1.232508021593094,1.2295116066932679,1.2270525217056274,1.2217746257781983,1.217470532655716,1.2137129068374635,1.2113281667232514,1.2069867253303528,1.2043275892734528,1.1997852623462677,1.196787989139557,1.1914790332317353,1.1861367762088775,1.1841053068637848,1.1783599138259888,1.174221360683441,1.1682382941246032,1.1640110611915588,1.157389235496521,1.1542797923088073,1.147270953655243,1.1401683032512664,1.1342111229896545,1.1285109102725983,1.1222079038619994,1.1145123898983003,1.108615380525589,1.1020222306251526,1.094979500770569,1.0877438247203828,1.0794456720352172,1.0728626370429992,1.065777850151062,1.0590181052684784,1.0498723685741425,1.0424668848514558,1.0348261296749115,1.0266435384750365,1.019814556837082,1.0122989505529403,1.004467785358429,0.9949807763099671,0.9868795216083527,0.9795106172561645,0.9700884908437729,0.9621183902025223,0.9536893844604493,0.9439093053340912,0.9337918102741242,0.9249038368463516,0.9161566078662873,0.9064357191324234,0.8955642014741898,0.8853718876838684,0.8765676647424698,0.8668647408485413,0.8553659498691559,0.8456922888755798,0.8337816685438156,0.8222163408994675,0.8120270282030105,0.8005518227815628,0.7883204400539399,0.7769090741872787,0.7639212191104889,0.752623051404953,0.7396007537841797,0.7265028268098831,0.7129467904567719,0.6992421954870224,0.6868403285741806,0.6721542567014694,0.6586483538150787,0.6444907873868942,0.6323486924171448,0.6159617900848389,0.6019046366214752,0.5864111304283142,0.5733833760023117,0.5566245019435883,0.5437686026096344,0.5274400264024734,0.5121881872415542,0.4952868834137917,0.48039376437664033,0.4617233037948608,0.4462188512086868,0.4283045843243599,0.41553441137075425,0.398883680999279,0.38222685903310777,0.3653098687529564,0.3493843600153923,0.3302043408155441,0.3134301736950874,0.2980916306376457,0.2850933507084846,0.2689801126718521,0.25085497573018073,0.23729603737592697,0.21758522391319274,0.20589011013507844,0.18923659697175027,0.18449603915214538,0.15945133045315743,0.14468543380498886,0.13001006543636323,0.11515872627496719,0.10532322973012924,0.09366550147533417,0.08431407734751702,0.0721324872225523,0.07317248918116093,0.0,0.07063634693622589,0.07288110181689263,0.09077536836266517,0.09865899085998535,0.09786121249198913,0.11473128162324428,0.12047760672867298,0.1315579503774643,0.14272432699799537,0.1543584242463112,0.1661597952246666,0.17505084872245788,0.1850738801062107,0.19644379690289498,0.20704810842871665,0.2205430254340172,0.22688041552901267,0.2360418274998665,0.24500824734568596,0.26161598414182663,0.2676038384437561,0.2754947870969772,0.28741859793663027,0.29703393429517744,0.30363434106111525,0.31373545378446577,0.3219844803214073,0.331718672811985,0.33988468945026395,0.3508855000138283,0.35490532517433165,0.3630479872226715,0.3716951563954353,0.3799612507224083,0.384832626581192,0.3948334038257599,0.3989302977919579,0.4075522109866142,0.4147167831659317,0.42123340666294096,0.4347769573330879,0.4360732600092888,0.4412968590855598,0.4502936527132988,0.45955355167388917,0.4650598019361496,0.4708853542804718,0.48001583367586137,0.48763090968132017,0.4949912816286087,0.5079482659697533,0.5113657176494598,0.5207562685012818,0.5288197457790375,0.5416664600372314,0.5637553751468658
t_55,1.3103757977485657,1.3082092642784118,1.3092569530010223,1.307248091697693,1.3056441128253937,1.3044900119304657,1.3009133040904999,1.298248863220215,1.2945757389068604,1.2933137714862823,1.2902766287326812,1.2874742090702056,1.2869783580303191,1.2834682226181031,1.282619935274124,1.2785811245441436,1.2756978392601013,1.2716262996196748,1.2699334561824798,1.2665274620056153,1.263215959072113,1.2617789030075073,1.2586187601089478,1.2547080874443055,1.2519512474536896,1.250034248828888,1.2475380957126618,1.2432160139083863,1.2400476098060609,1.2382343888282776,1.2337932229042052,1.2308402001857757,1.2283337116241455,1.223179864883423,1.2189103960990906,1.2151809096336366,1.2128228783607482,1.208537721633911,1.20589137673378,1.2013928532600402,1.1984317362308503,1.1932206451892853,1.1879291713237763,1.1859236896038055,1.1802188515663148,1.1761621236801147,1.1702828764915467,1.1660972237586975,1.1595709681510926,1.1564459323883056,1.1496006190776824,1.1426187098026275,1.1367034673690797,1.13106849193573,1.1248369097709656,1.1172608852386474,1.111449557542801,1.1049106061458587,1.097942841053009,1.0908745527267456,1.0826196432113648,1.0761779725551606,1.0691739797592164,1.0624120473861693,1.0535142183303834,1.0461279273033142,1.0386016249656678,1.0305577397346497,1.0237915694713593,1.016357383131981,1.008645012974739,0.9992462038993836,0.9911678552627563,0.9839974939823151,0.9746752500534057,0.966676339507103,0.9583457440137864,0.9489543348550796,0.9389445900917053,0.929982528090477,0.9213751912117004,0.9116928249597549,0.9011231988668442,0.8909000992774964,0.8823776811361312,0.8727526366710663,0.8614196658134461,0.851960101723671,0.8400412261486053,0.828815221786499,0.8186765998601914,0.8075436234474183,0.7953499406576157,0.7836602210998536,0.7713194489479065,0.7599400609731675,0.7471098929643631,0.7342255204916001,0.7211555689573288,0.7076563090085983,0.6951640725135804,0.6807813525199891,0.6673450171947479,0.6534800469875336,0.6416335284709931,0.6251826137304306,0.6115580826997757,0.5966717422008514,0.5838311314582825,0.5667938083410263,0.5537664204835892,0.5386253088712692,0.5228369683027267,0.5065117448568344,0.49206193536520004,0.47325755953788756,0.45808144360780717,0.4403452515602112,0.4289319723844528,0.41202069669961927,0.39593217372894285,0.37856169492006303,0.361874583363533,0.3434745863080025,0.32734794169664383,0.31204088777303696,0.2976435974240303,0.28212545812129974,0.26465911865234376,0.2520245656371117,0.23256508782505989,0.2195395313203335,0.20362746194005013,0.2004724510014057,0.1744949921965599,0.1593810573220253,0.14389173164963723,0.13030661940574645,0.11465897411108017,0.10766279585659504,0.09544758945703506,0.0858702875673771,0.0833591528236866,0.07063634693622589,0.0,0.07380684912204742,0.08902061432600021,0.09432861395180225,0.08952412270009517,0.10337602347135544,0.11138553395867348,0.12040361575782299,0.1324589341878891,0.14253423362970352,0.1528004802763462,0.16336834356188773,0.1739085040986538,0.18390117660164834,0.19517895206809044,0.20948282703757287,0.21495654433965683,0.22428190633654593,0.2331467993557453,0.2503084406256676,0.25596661046147345,0.26372109800577165,0.2754743680357933,0.28581868261098864,0.2920947656035423,0.3028418317437172,0.3113784953951836,0.32058133482933043,0.3288772329688072,0.33998080939054487,0.34453487694263457,0.3524625897407532,0.36080416291952133,0.3701695382595062,0.37433210462331773,0.3847625821828842,0.3883486852049828,0.39750826060771943,0.4048221826553345,0.4111211284995079,0.42488227486610414,0.4261456847190857,0.43184810131788254,0.4408204033970833,0.4502599433064461,0.455656124651432,0.46151297986507417,0.4712303340435028,0.4791104972362518,0.4864056333899498,0.5001733705401421,0.5032800927758216,0.5128437459468842,0.5207621097564697,0.5338672220706939,0.5569330066442489
t_54,1.3104921519756316,1.3083163917064666,1.3093819856643676,1.3073761284351348,1.3058042347431182,1.3046605288982391,1.3011120200157165,1.2984850347042083,1.294833517074585,1.2935848772525786,1.2905663907527924,1.2878093123435974,1.2873108208179473,1.2838370144367217,1.283013266324997,1.279028707742691,1.2761962413787842,1.2721372067928314,1.2704593896865846,1.2670870482921601,1.2638582289218903,1.2624188601970672,1.2592957079410554,1.2554408252239226,1.2527144312858582,1.2508259057998656,1.2483747482299805,1.2440888166427613,1.2409495055675506,1.2391797006130219,1.2347662270069122,1.2318391025066375,1.2294087290763855,1.2242426455020905,1.2200177431106567,1.2163281083106994,1.2139944016933442,1.2097316980361938,1.2071142971515656,1.2026586055755615,1.1997199833393097,1.194525307416916,1.189284658432007,1.187290996313095,1.181654542684555,1.1775993585586548,1.1717512130737304,1.16759495139122,1.1611159086227416,1.1580336570739747,1.1511955440044404,1.144247305393219,1.1383901536464691,1.1328045845031738,1.1265943765640258,1.1190896153450012,1.1132930636405944,1.1068272709846496,1.0999269008636474,1.0928505957126617,1.0847024738788604,1.078282743692398,1.071328341960907,1.0646582067012786,1.0557617783546447,1.0484804809093475,1.0410243213176726,1.033008086681366,1.0263070464134216,1.0189391314983367,1.0112654209136962,1.0019693225622177,0.9940105736255646,0.9868437111377716,0.9776037931442261,0.9697070002555848,0.9614557445049285,0.9520337224006653,0.9421690225601196,0.9333293288946152,0.9248032480478287,0.9152890712022781,0.9047288596630096,0.8946873813867569,0.8861795365810394,0.8766063332557679,0.8654753029346466,0.855996721982956,0.8442940145730973,0.8331047415733337,0.8231636941432953,0.8119906306266784,0.8000152677297592,0.7886205524206161,0.7762379586696625,0.7650463193655014,0.7522868931293487,0.7395902574062347,0.7265600174665451,0.7131845504045486,0.7010414570569992,0.6866572171449661,0.6734168887138366,0.6598597139120101,0.6480346858501435,0.6317627638578415,0.6181961536407471,0.6033815801143646,0.5906014025211335,0.574085658788681,0.5613330781459809,0.5460730344057083,0.5307510524988175,0.5143493175506592,0.5001488462090492,0.4816776901483536,0.4666016101837158,0.4490357294678688,0.437156979739666,0.4207973465323448,0.4046954095363617,0.3876985594630241,0.37174233943223955,0.35317940413951876,0.3369878545403481,0.3217689886689186,0.30851776748895643,0.29273651987314225,0.27539540976285937,0.26210295408964157,0.24248346090316772,0.23060426786541938,0.21375222355127335,0.20939410850405693,0.18375376537442206,0.1692814536392689,0.15434904173016548,0.13866209611296654,0.12829066701233388,0.1139098010957241,0.10275846011936665,0.09271848052740098,0.08535785414278507,0.07288110181689263,0.07380684912204742,0.0,0.0810214139521122,0.08635297939181327,0.08171766921877861,0.09470259733498096,0.1000202264636755,0.10911145210266113,0.1197416502982378,0.1301001250743866,0.14228328615427016,0.151487734913826,0.16112104505300523,0.17201522812247277,0.18269556537270545,0.19693390354514123,0.20228733345866204,0.21164120212197304,0.2210960380733013,0.23810480982065202,0.24357847198843957,0.25215181037783624,0.2645148292183876,0.27431756556034087,0.2805545195937157,0.2913126841187477,0.2998677149415016,0.30952797532081605,0.3182149216532707,0.32940206825733187,0.33352965861558914,0.34173370003700254,0.35045564770698545,0.35951160341501237,0.3640031784772873,0.374350443482399,0.3785895735025406,0.3875483348965645,0.39484930634498594,0.4016727387905121,0.41551097184419633,0.41674228459596635,0.42233049869537354,0.4316481381654739,0.44116687774658203,0.446771003305912,0.4528033763170242,0.46239268928766253,0.4704785495996475,0.4779622688889503,0.4916737094521523,0.49506773352622985,0.5048216626048088,0.5131530165672302,0.5265388041734695,0.549535921216011
t_53,1.314139723777771,1.3118673086166381,1.3130557000637055,1.3109803676605225,1.3095804095268249,1.3084444761276246,1.3049089431762695,1.3024560332298278,1.2988053560256958,1.2975681364536285,1.2945691406726838,1.291983610391617,1.291421127319336,1.2879948318004608,1.2873469650745393,1.2835228502750398,1.280839991569519,1.2766584694385528,1.2750356018543243,1.2716527163982392,1.2688063323497771,1.2673191845417022,1.2642328858375549,1.2605138838291168,1.2578761100769043,1.256074732542038,1.2537297010421753,1.249497926235199,1.2463407039642334,1.24483380317688,1.240391057729721,1.2373551428318024,1.2353316724300385,1.2296931147575378,1.2255468487739563,1.2220322906970977,1.219670444726944,1.2154751777648927,1.2129869997501372,1.2084945499897004,1.2056683540344237,1.200363391637802,1.195042324066162,1.1931531131267548,1.1877777814865111,1.1835258781909943,1.1774480760097503,1.1735333442687987,1.166934472322464,1.1643404841423035,1.1569740056991578,1.1498322784900665,1.1440965950489044,1.1384868025779724,1.1325339019298553,1.1247466564178468,1.1190708041191102,1.1125249207019805,1.1056407928466796,1.0984562993049622,1.0903817117214203,1.0838284373283387,1.0767024040222168,1.0707963049411773,1.0612720847129822,1.0540517687797546,1.046468448638916,1.0386448740959167,1.0318092465400697,1.0247665375471116,1.0169993788003922,1.0080049693584443,0.999955689907074,0.9925052106380463,0.9834459483623504,0.9766336888074875,0.9684740841388703,0.9576107740402222,0.9476657420396805,0.9400981217622757,0.931288093328476,0.9218990474939346,0.910863596200943,0.901475676894188,0.8921905249357224,0.883560311794281,0.8716095060110092,0.8621825098991394,0.851541131734848,0.8399081707000733,0.8295306414365768,0.8185366868972779,0.8072370380163193,0.7975879728794097,0.7833722859621048,0.7742758452892303,0.7618335962295533,0.7489251852035522,0.7341116756200791,0.7211116045713425,0.7094810992479325,0.6965843558311462,0.6837368667125702,0.6679620027542115,0.6557491600513459,0.6430503368377686,0.6289841502904892,0.6120096534490586,0.5996939718723298,0.5854586571455002,0.5735700219869614,0.5540353208780289,0.5420356005430221,0.5263738304376602,0.509583130478859,0.493364217877388,0.47929430902004244,0.4631365165114403,0.4455407992005348,0.42859669476747514,0.4124337166547775,0.40101151913404465,0.38672167211771014,0.36885276436805725,0.35126150995492933,0.33787785172462464,0.32386872321367266,0.30876994878053665,0.29220824092626574,0.27438982427120207,0.25923503637313844,0.2462339073419571,0.23212796598672866,0.2132649265229702,0.20213586315512658,0.1859163075685501,0.16932323798537255,0.15593476593494415,0.14672023057937622,0.13142876848578453,0.12287389747798443,0.10414365567266941,0.10041989758610725,0.09077536836266517,0.08902061432600021,0.0810214139521122,0.0,0.07561858259141445,0.0846789836883545,0.08990247249603271,0.0973704606294632,0.10352467149496078,0.11640440858900547,0.12403600215911866,0.13422678038477898,0.14459730088710784,0.15020360946655273,0.16126575246453284,0.1741623669862747,0.1817257322371006,0.19208141267299653,0.20225000083446504,0.21135192438960076,0.22290107011795043,0.23323062509298326,0.2381671190261841,0.25126875191926956,0.2603590667247772,0.26894374191761017,0.27802314311265947,0.28598913103342055,0.29776668846607207,0.3043506145477295,0.31465205997228624,0.32032877802848814,0.3284701883792877,0.3390740007162094,0.3454971447587013,0.3535484462976456,0.3632507219910622,0.3674414172768593,0.377473820745945,0.3838893577456474,0.3914438530802727,0.40453171730041504,0.406259261071682,0.41310911178588866,0.4211559906601906,0.42987150847911837,0.43717949390411376,0.4434129387140274,0.45256014317274096,0.46014024764299394,0.4682584434747696,0.4793189227581024,0.48602150529623034,0.49613396227359774,0.50535346865654,0.5186411529779434,0.541218563914299
t_52,1.3142075181007384,1.311960369348526,1.3131451845169066,1.3110909402370452,1.3097008883953094,1.3085858225822449,1.3050854206085205,1.3026520133018493,1.2990512132644654,1.29783793091774,1.294870913028717,1.292314350605011,1.291762512922287,1.288385933637619,1.2877658665180207,1.283978933095932,1.281330907344818,1.2772175550460816,1.2756175935268401,1.2722952365875244,1.2694860756397248,1.2680181622505189,1.2649876952171326,1.2613301932811738,1.258738136291504,1.25697301030159,1.2546728074550628,1.2505043148994446,1.2473959743976593,1.2459023952484132,1.2415437161922456,1.2385461151599884,1.2365657567977906,1.2310004353523254,1.2269240736961364,1.2234595179557801,1.2211130380630493,1.2169803619384765,1.2145272254943849,1.210098397731781,1.207292813062668,1.2020573496818543,1.1968014001846314,1.1949267208576202,1.1896074652671813,1.1854116559028625,1.1793996751308442,1.1755208551883698,1.1689944446086884,1.1664168953895568,1.159139084815979,1.1520874440670013,1.1464226722717286,1.1408799171447754,1.134955596923828,1.1272597074508668,1.1216276168823243,1.1151977598667144,1.1083999752998352,1.1012445986270905,1.0932865560054779,1.0867762625217439,1.0797720193862914,1.073900181055069,1.0644746005535126,1.0573770165443421,1.0498759329319,1.0420921087265014,1.0353869140148162,1.0283705234527587,1.0206967145204544,1.0117928624153136,1.0039100855588914,0.9965310394763947,0.9875599920749665,0.9807777762413025,0.9726918041706085,0.9619892716407776,0.9521867305040359,0.9447147637605667,0.9360266774892807,0.9268198281526565,0.9158651173114777,0.9066475093364715,0.8975068211555481,0.8888879209756851,0.8771929234266281,0.8678691387176514,0.8573582649230957,0.845766019821167,0.8356845796108245,0.8247650653123856,0.8135410815477371,0.8041633695363999,0.7900404781103134,0.780932143330574,0.768747529387474,0.7560192614793777,0.7415323346853256,0.7287135392427444,0.7174514412879944,0.7043760240077972,0.6917206436395645,0.6765378445386887,0.6645411819219589,0.6516119688749313,0.637744465470314,0.621148732304573,0.6091257005929946,0.5949318677186965,0.5834358423948288,0.5641545295715332,0.5526110976934433,0.5366334766149521,0.5204149901866912,0.5043740153312684,0.4902619570493698,0.47414652407169344,0.4572566166520119,0.4406520381569862,0.424558213353157,0.41319332271814346,0.3992784142494202,0.38123062402009966,0.3640532448887825,0.3506463229656219,0.33764944076538084,0.32279076278209684,0.3056469917297363,0.288713701069355,0.2724700063467026,0.2602934196591377,0.24562155604362487,0.22735983431339263,0.21591318547725677,0.19991769939661025,0.18357903137803078,0.1704269327223301,0.16040099188685417,0.14275192841887474,0.13277450427412987,0.11522760018706321,0.10852182433009147,0.09865899085998535,0.09432861395180225,0.08635297939181327,0.07561858259141445,0.0,0.07812459096312523,0.08647214248776436,0.0852560430765152,0.09406437128782272,0.10538873299956322,0.11408764608204365,0.12403675690293312,0.1298725873231888,0.13849494010210037,0.14934844747185708,0.16115508154034613,0.16868766397237778,0.1802560493350029,0.1890207402408123,0.1983777552843094,0.21032194495201112,0.22040619999170302,0.22620199918746947,0.2386166825890541,0.2475887082517147,0.25644959062337874,0.2656465142965317,0.2734833687543869,0.2851491510868073,0.29214909225702285,0.3030520141124725,0.30836953818798063,0.31696695238351824,0.3272899121046066,0.33392989337444307,0.34184690564870834,0.3517966985702515,0.3566094473004341,0.3661150366067886,0.3728690564632416,0.38061726540327073,0.3938235968351364,0.3961341708898544,0.4026071935892105,0.4109299048781395,0.4200210705399513,0.42735045552253725,0.4338958203792572,0.4427258774638176,0.4504861205816269,0.45874014794826506,0.47017087787389755,0.47667897045612334,0.4871674880385399,0.4967760697007179,0.5103253841400146,0.5330494940280914
t_51,1.313120925426483,1.3109835386276245,1.3120508790016174,1.31005916595459,1.3085311651229858,1.3074076235294343,1.3039101302623748,1.3013481020927429,1.2977633357048035,1.2965341210365295,1.2935571789741516,1.2908788323402405,1.2903814971446992,1.286981350183487,1.2861990690231324,1.2823035061359405,1.2795389533042907,1.275551587343216,1.273914486169815,1.2706119239330291,1.2674948990345,1.2660927176475525,1.2630408942699431,1.2592736184597015,1.2566382050514222,1.2548011243343353,1.2523981153964996,1.2482332766056061,1.2451455891132355,1.2434722781181335,1.239165186882019,1.2362647235393525,1.2339644253253936,1.228833943605423,1.2247242867946624,1.221153438091278,1.218853223323822,1.214729017019272,1.2121901869773866,1.207831370830536,1.2049844861030579,1.1999208331108093,1.1947750627994538,1.1928407311439515,1.187393182516098,1.1834243655204773,1.1776591062545776,1.1736733198165894,1.1673241078853607,1.1644111633300782,1.1576623737812042,1.1508589744567872,1.1451754450798035,1.139716637134552,1.1337100088596344,1.1263141334056854,1.1207086861133575,1.1143993020057679,1.1076624155044557,1.1007924258708954,1.0928309857845306,1.0865682661533356,1.0797659814357758,1.0733872711658479,1.0646644532680511,1.0575427889823914,1.050230324268341,1.0424941897392273,1.035942405462265,1.0288123607635498,1.0213436931371689,1.0123382806777954,1.0045493990182877,0.9975746244192123,0.9886005461215973,0.981104600429535,0.9730699360370636,0.9637079387903214,0.9540985524654388,0.9457308322191238,0.9373638510704041,0.9281181573867798,0.917855966091156,0.9081831365823746,0.8998509377241135,0.8907352030277252,0.8797631561756134,0.8706655353307724,0.8594478964805603,0.8485324710607529,0.8387998580932617,0.8281533390283584,0.8165754914283753,0.8057654976844788,0.7935651242733002,0.7829573303461075,0.7708343505859375,0.758482638001442,0.7457514554262161,0.7329225540161133,0.7211743205785751,0.7075577288866043,0.6947787582874299,0.6813475400209427,0.6699540346860886,0.654709342122078,0.6415878176689148,0.6271212220191955,0.6149523437023163,0.5990902066230774,0.5869306236505508,0.5716605126857758,0.5574237674474716,0.5416299253702164,0.5275876700878144,0.5101583778858185,0.4956587165594101,0.4789615496993065,0.4669560521841049,0.45066055804491045,0.4352088436484337,0.41968434005975724,0.404166179895401,0.3866731241345406,0.3708505883812904,0.356295520067215,0.3426083356142044,0.3278643175959587,0.3109246134757996,0.29759756922721864,0.2790233328938484,0.26655450612306597,0.2509280428290367,0.24311004653573037,0.22135592252016068,0.20587523505091668,0.1897594504058361,0.17492614313960075,0.16229690238833427,0.1485753782093525,0.13577138707041742,0.12016006410121918,0.11193865649402142,0.09786121249198913,0.08952412270009517,0.08171766921877861,0.0846789836883545,0.07812459096312523,0.0,0.0721801321953535,0.07528885677456856,0.08056585192680359,0.08852749057114125,0.09832311272621155,0.10761042423546315,0.11529353000223637,0.12528825998306276,0.13525964692234993,0.14621791690587999,0.1595089390873909,0.16635071262717246,0.17555035799741744,0.1842563532292843,0.20147900208830832,0.20807094052433966,0.2155330367386341,0.22739842161536217,0.23800762370228767,0.244989749789238,0.2560329183936119,0.2647237241268158,0.27453681975603106,0.28299731463193895,0.2947201535105705,0.2994175896048546,0.3080457434058189,0.31665567457675936,0.3264817506074905,0.33126697689294815,0.34227702021598816,0.3464039370417595,0.35602418780326844,0.3638703614473343,0.3705881327390671,0.384972970187664,0.3868173748254776,0.39289257526397703,0.40218537896871565,0.4121261551976204,0.41829097718000413,0.4247998520731926,0.434524641931057,0.4430880442261696,0.45101296305656435,0.4652334049344063,0.4690836578607559,0.47959316819906234,0.4884920284152031,0.50253836363554,0.5271218299865723
t_50,1.3148684680461884,1.312723594903946,1.3137850403785705,1.3117880523204803,1.3102730453014373,1.30913547873497,1.3056333124637605,1.3030928075313568,1.2994962751865387,1.298251849412918,1.2952806174755096,1.2926129698753357,1.2921008884906768,1.288685292005539,1.287906962633133,1.2840233325958252,1.2812519669532776,1.2772563695907593,1.2756134510040282,1.2722932815551757,1.2691996455192567,1.2678008675575256,1.2647385776042939,1.2609691321849823,1.2583528935909272,1.256517481803894,1.2541055142879487,1.249953705072403,1.24686319231987,1.2452374935150146,1.240926945209503,1.2380359768867493,1.2357580065727234,1.2306235671043395,1.2265479743480683,1.2230216205120086,1.2207453429698945,1.216672122478485,1.2141613781452179,1.2098053872585297,1.2070263624191284,1.2019961595535278,1.1968684375286103,1.1949918925762177,1.1896227955818177,1.1856452465057372,1.179910624027252,1.1760028779506684,1.1697006404399872,1.1668747544288636,1.1601341187953949,1.1533805787563325,1.1477364778518677,1.142303651571274,1.1364034712314606,1.129049813747406,1.123523437976837,1.1172002494335174,1.110468477010727,1.103737199306488,1.0957832157611846,1.0896276950836181,1.0827961325645448,1.076555746793747,1.0678686022758483,1.0607597768306731,1.0534775316715241,1.0459040343761443,1.039329433441162,1.0323525249958039,1.0249312043190002,1.0160278022289275,1.0081813484430313,1.0012727797031402,0.9924341917037964,0.985090720653534,0.9771595388650894,0.9678121894598007,0.9582841753959656,0.9499942541122437,0.941684702038765,0.9324108481407165,0.9223170518875122,0.9127180814743042,0.904418221116066,0.8955628007650376,0.8844548642635346,0.875526049733162,0.8644515484571457,0.853805074095726,0.8438876956701279,0.8335966318845749,0.8222707271575928,0.8113139718770981,0.7994130164384842,0.7892510116100311,0.7771620690822602,0.7650081992149353,0.752162691950798,0.7394943535327911,0.7276481330394745,0.7147310495376586,0.7020864814519883,0.6883655548095703,0.677055811882019,0.6625872015953064,0.6496852338314056,0.6352943181991577,0.6231170237064362,0.6075482934713363,0.5951911509037018,0.5802230268716813,0.5658357292413712,0.5509741753339767,0.5366755187511444,0.519536954164505,0.5055886924266815,0.48945718854665754,0.4770805612206459,0.46064343303442,0.445897214114666,0.43073069751262666,0.41494743525981903,0.39846001863479613,0.38276090919971467,0.3685986816883087,0.35345563292503357,0.33899584263563154,0.3232449278235435,0.3095850199460983,0.2923422515392303,0.27900826632976533,0.26453072130680083,0.25549358054995536,0.23486086055636407,0.21914884969592094,0.203624364733696,0.18897012770175933,0.17541305720806122,0.1629783809185028,0.15026213526725768,0.13540163859725,0.12586625777184962,0.11473128162324428,0.10337602347135544,0.09470259733498096,0.08990247249603271,0.08647214248776436,0.0721801321953535,0.0,0.0745863389223814,0.0774084147065878,0.08703328706324101,0.08862830512225628,0.09649959094822406,0.10926813520491123,0.11535773426294327,0.1255193129181862,0.13764210939407348,0.14941364526748657,0.15551605001091956,0.16567586436867715,0.17430612668395043,0.19039738550782204,0.1971747897565365,0.20329554677009581,0.21594353169202804,0.22735210359096528,0.23390854969620706,0.24502211213111877,0.2538663662970066,0.26383858025074003,0.2719143405556679,0.28317446261644363,0.2889038726687431,0.29702570140361784,0.3061983272433281,0.31625022888183596,0.32140932232141495,0.3324164360761642,0.33541678786277773,0.3463578552007675,0.35377559512853624,0.3605813324451447,0.3752163961529732,0.376500703394413,0.3836499571800232,0.39273020923137664,0.4023712530732155,0.408878980576992,0.4150667816400528,0.42590858042240143,0.4344966486096382,0.44244708120822906,0.45684919953346254,0.4613730996847153,0.4720209866762161,0.4808121919631958,0.49508602619171144,0.520597168803215
t_49,1.3146314859390258,1.3125316441059112,1.313576328754425,1.311626797914505,1.3101283192634583,1.3090252816677093,1.3055939316749572,1.3030976474285125,1.299584823846817,1.298385202884674,1.2954681754112243,1.2928562104701995,1.2923603415489198,1.289022868871689,1.2882923007011413,1.2844705820083617,1.2817698478698731,1.2778739094734193,1.2762517988681794,1.2730326414108277,1.2700124561786652,1.268626344203949,1.2656579852104186,1.2619827806949615,1.2594175457954406,1.2576325118541718,1.2553122222423554,1.2512281358242034,1.2482271671295166,1.2466270565986632,1.2424049913883208,1.2395632147789002,1.2373928606510163,1.2322926640510559,1.228284192085266,1.2248178660869598,1.2225434005260467,1.2185461163520812,1.2160665929317473,1.2117865443229676,1.2090262115001678,1.2040424525737763,1.1990002036094665,1.1971227824687958,1.1917692422866821,1.1878841519355774,1.182219660282135,1.1783189833164216,1.1720787107944488,1.1692661464214325,1.1625943601131439,1.1558921396732331,1.150303691625595,1.1449581563472748,1.1390379309654235,1.1317939519882203,1.1262932896614075,1.1200896978378296,1.1134331822395325,1.106658113002777,1.0988237142562867,1.092671763896942,1.0859819173812866,1.0797460436820985,1.0710754811763763,1.0641221225261688,1.056977778673172,1.0493026614189147,1.0428905606269836,1.035865318775177,1.0285218060016632,1.0196788758039474,1.0120688855648041,1.005145925283432,0.9962995260953903,0.9890147417783737,0.9811424642801285,0.9718556970357894,0.9624113887548447,0.954226416349411,0.9460635751485824,0.9370034813880921,0.9268286019563675,0.9174546450376511,0.9091899007558822,0.9002461671829224,0.8895032286643982,0.8805081456899643,0.8696395576000213,0.8588970810174942,0.8493784219026566,0.8387876808643341,0.8275190532207489,0.8172105312347412,0.8050881206989289,0.7948823720216751,0.782888725399971,0.7707406371831894,0.7582797795534134,0.745661249756813,0.7343579053878784,0.720994108915329,0.708617627620697,0.6954291671514511,0.6842221438884735,0.6694494336843491,0.6565898209810257,0.6421945512294769,0.6302608519792556,0.6151386111974716,0.6035275042057038,0.5880873143672943,0.5746278822422027,0.5591114521026611,0.5451651215553284,0.5284282207489014,0.5142287254333496,0.4978626504540443,0.48555862307548525,0.4701680317521095,0.45456437319517135,0.44008641839027407,0.4254931047558784,0.40757509917020796,0.39217413365840914,0.37819728553295134,0.36560335457324983,0.35086662620306014,0.33381493091583253,0.3204141780734062,0.3023512661457062,0.29062641263008115,0.27494135349988935,0.2650018513202667,0.24544985815882683,0.2299913965165615,0.21522741466760636,0.1998916782438755,0.18798173367977142,0.17225397750735283,0.1586354300379753,0.1453660733997822,0.1323166936635971,0.12047760672867298,0.11138553395867348,0.1000202264636755,0.0973704606294632,0.0852560430765152,0.07528885677456856,0.0745863389223814,0.0,0.06976824142038822,0.07733706124126911,0.08449130170047284,0.09251439608633519,0.09355574809014797,0.1036135196685791,0.11338145621120929,0.12428580373525619,0.1371156983077526,0.14343993738293648,0.15201934203505515,0.16017096415162085,0.17730916440486907,0.1842898890376091,0.19230557531118392,0.20397266671061515,0.2141069531440735,0.22128648012876512,0.2324786216020584,0.24092626571655273,0.2518501281738281,0.26042672246694565,0.27190321534872053,0.2772427201271057,0.2859010621905327,0.295588044822216,0.30484486371278763,0.31040301024913786,0.3209433376789093,0.3262836322188377,0.33556167781352997,0.3431401804089546,0.35060134530067444,0.36515717655420304,0.3670833483338356,0.3732715636491776,0.3827319860458374,0.39320756644010546,0.3993362903594971,0.40662367939949035,0.4165373980998993,0.4246960461139679,0.43332112580537796,0.44743908643722535,0.4525849923491478,0.4632767841219902,0.47279476225376127,0.48741600960493087,0.5122616082429886
t_48,1.3158263504505157,1.313724982738495,1.314762830734253,1.3128096044063569,1.311308640241623,1.310189664363861,1.3067529261112214,1.3042513728141785,1.3007266342639923,1.2995192170143128,1.2966004610061646,1.2939811289310454,1.2934805154800415,1.290127944946289,1.2893830358982086,1.28556569814682,1.2828458487987517,1.2789581298828125,1.2773362159729005,1.2741033554077148,1.27106654047966,1.2696953058242797,1.2667164862155915,1.263026136159897,1.2604731380939485,1.2586875259876251,1.2563466668128966,1.252285885810852,1.2492762923240661,1.2476853132247925,1.2434785485267639,1.2406464040279388,1.2384483218193054,1.233396488428116,1.2293953359127046,1.2259402871131897,1.223681491613388,1.2196983397006989,1.217223858833313,1.212957215309143,1.2102215349674226,1.2052756249904633,1.2002553462982177,1.1984008491039275,1.1930923581123352,1.1892232179641724,1.1835900127887726,1.1797251164913178,1.1735302269458772,1.1707377135753632,1.1641193568706512,1.157473438978195,1.151926338672638,1.1465959787368774,1.1407385289669036,1.1335426449775696,1.128094482421875,1.1219170689582825,1.115284764766693,1.1086182594299316,1.1007986664772034,1.0947264909744263,1.088055580854416,1.0818651735782623,1.0733127474784852,1.0663660943508149,1.059246987104416,1.0516946017742157,1.0453017711639405,1.038358610868454,1.0310689568519593,1.0222888320684433,1.0146624326705933,1.007846662402153,0.9990965992212295,0.9918439626693726,0.9840287387371063,0.9748934239149094,0.9655353009700776,0.9573627561330795,0.9492405772209167,0.9401932388544083,0.9302276402711869,0.9208533376455307,0.9127237379550934,0.9038973599672318,0.893160954117775,0.8843445479869843,0.8734718888998032,0.8629562675952911,0.8533832222223282,0.8431217104196549,0.8319555401802063,0.8214281350374222,0.80965256690979,0.799554905295372,0.7876883983612061,0.7757108926773071,0.7633537739515305,0.7509073853492737,0.7394879549741745,0.726480033993721,0.7141942054033279,0.7010652720928192,0.6900261044502258,0.6754889845848083,0.6627830237150192,0.6487770915031433,0.6369022637605667,0.6217308610677719,0.6099834322929383,0.5951960146427154,0.5813664674758912,0.566443708539009,0.5526816785335541,0.5360047161579132,0.5221041828393936,0.5060677334666253,0.4941175252199173,0.4786409318447113,0.46369295567274094,0.44888920783996583,0.4341340631246567,0.41708000004291534,0.40179610401391985,0.38783751577138903,0.37455044835805895,0.3599442556500435,0.3435575470328331,0.33085906207561494,0.31323663592338563,0.30095594227313993,0.2859195277094841,0.27647566944360735,0.2565874569118023,0.24094424173235893,0.22608171328902243,0.21119275838136672,0.19834523350000383,0.18435637131333352,0.16986705735325813,0.15640531107783318,0.144327462464571,0.1315579503774643,0.12040361575782299,0.10911145210266113,0.10352467149496078,0.09406437128782272,0.08056585192680359,0.0774084147065878,0.06976824142038822,0.0,0.07461977601051331,0.07557314708828926,0.07932965941727162,0.08590141162276269,0.09462210536003113,0.10065068155527115,0.11416445076465606,0.12814142629504205,0.13114912211894988,0.1400063566863537,0.14822374433279037,0.16702306121587754,0.17310041859745978,0.1801818460226059,0.19228039905428887,0.20316819250583648,0.20959521159529687,0.2216005429625511,0.2295325554907322,0.24085493087768556,0.24923666790127755,0.26080682724714277,0.26624343246221543,0.2748475208878517,0.28428822457790376,0.2944125637412071,0.29962109923362734,0.3102700486779213,0.3150440514087677,0.3253205716609955,0.33283487856388094,0.33999438136816024,0.35499573200941087,0.3566636607050896,0.3633995845913887,0.37296452075243,0.38334827721118925,0.3896769717335701,0.3967245116829872,0.4073632910847664,0.41593374162912367,0.4245049223303795,0.43917076140642164,0.44417247623205186,0.4551781117916107,0.46457931995391843,0.4794889375567436,0.5054708316922187
t_47,1.3153350472450256,1.3132739186286926,1.3143112719058991,1.312368506193161,1.3108789503574372,1.3097965478897096,1.30638330578804,1.303897786140442,1.3004180848598481,1.2992214500904082,1.2963217973709107,1.2937239468097688,1.293242198228836,1.289954459667206,1.2891908288002014,1.2854108393192292,1.28273406624794,1.2788712203502655,1.2772835552692414,1.2740919411182403,1.2710664510726928,1.2697109401226043,1.2667581677436828,1.2631037175655364,1.2605719149112702,1.2587905406951905,1.256468802690506,1.252434903383255,1.249457323551178,1.2478457331657409,1.2436863422393798,1.240889298915863,1.2386824309825897,1.2337146043777465,1.2297564148902893,1.226305466890335,1.224094921350479,1.2201203405857086,1.2176548480987548,1.2134587645530701,1.2107116281986237,1.2058286666870117,1.2008710861206056,1.1989998996257782,1.1937272727489472,1.1899265944957733,1.1843717038631438,1.1805103480815888,1.174391156435013,1.1715575516223908,1.1650736629962921,1.158517187833786,1.1530210494995117,1.1477684497833252,1.14194558262825,1.134828895330429,1.1294030725955964,1.123342126607895,1.1168756425380706,1.110235971212387,1.1025579631328584,1.096534538269043,1.0899831354618073,1.083767968416214,1.0754401803016662,1.0685547113418579,1.0615468680858613,1.0540493071079253,1.0477361679077148,1.0408524572849274,1.0336802184581757,1.0249779522418976,1.01747065782547,1.010829597711563,1.0021530926227569,0.9948609501123429,0.987112945318222,0.9782636314630508,0.9689983814954758,0.9608803987503052,0.9528710067272186,0.9440318435430527,0.934203252196312,0.9248427957296371,0.9169430494308471,0.9080308586359024,0.897758013010025,0.8889313638210297,0.8780938595533371,0.8676915258169174,0.8585079282522201,0.8481902301311492,0.837012556195259,0.8266369611024856,0.8151131212711334,0.8046077847480774,0.7930549114942551,0.7812484920024871,0.7694453775882721,0.7571723401546478,0.7459985047578812,0.7327056050300598,0.7204517632722854,0.7080032706260682,0.6971598923206329,0.6822286903858185,0.6697518467903137,0.6560598522424698,0.6445736348628998,0.6294924557209015,0.6178552567958832,0.6037849068641663,0.589923033118248,0.5747205466032028,0.5618116348981858,0.5450052499771119,0.531084394454956,0.5150387555360794,0.5039486274123192,0.4887955650687218,0.4734190285205841,0.4586389005184174,0.4441960215568542,0.4271073415875435,0.412154558300972,0.3978057697415352,0.38546537756919863,0.3711243346333504,0.3550301089882851,0.342731973528862,0.32397289127111434,0.3126370385289192,0.2971284195780754,0.2895722150802612,0.26774927526712416,0.2530161663889885,0.23780882805585862,0.22280795499682426,0.210575357824564,0.1963379204273224,0.183300119638443,0.16761269941926002,0.15741815716028212,0.14272432699799537,0.1324589341878891,0.1197416502982378,0.11640440858900547,0.10538873299956322,0.08852749057114125,0.08703328706324101,0.07733706124126911,0.07461977601051331,0.0,0.07382344231009483,0.08348097205162049,0.07905624471604825,0.08769107535481453,0.09645517580211163,0.10170785039663315,0.11663308255374431,0.12097682952880859,0.13016113564372062,0.13927496150135993,0.1567368507385254,0.16140232235193253,0.17099456936120988,0.1820890411734581,0.19273901954293252,0.19932002127170562,0.21053885221481322,0.22073588743805886,0.22946092560887338,0.2391127958893776,0.25095918849110604,0.2552989602088928,0.26468158662319186,0.272891965508461,0.28402373790740965,0.28824937641620635,0.2992162898182869,0.3049713045358658,0.3144152283668518,0.3229509085416794,0.33013071566820146,0.3446531444787979,0.3471773162484169,0.3533219873905182,0.36364209204912185,0.37409573793411255,0.3806127145886421,0.38782458305358886,0.3978235647082329,0.4072215437889099,0.41566013395786283,0.43101450651884077,0.43513394594192506,0.44629529416561126,0.45618941485881803,0.4715045318007469,0.4974480479955673
t_46,1.3167373836040497,1.3146535873413085,1.315697395801544,1.3137362480163575,1.3122800707817077,1.3111750602722168,1.307765793800354,1.305304515361786,1.3018072962760925,1.3005938410758973,1.2977028667926789,1.2951177954673767,1.2946209609508514,1.291315144300461,1.290569794178009,1.2868014395236969,1.2841344773769379,1.2802498638629913,1.278657066822052,1.2754460632801057,1.2724745631217957,1.2711167335510254,1.2681528985500337,1.2645120322704315,1.2619853496551514,1.2602229058742522,1.2579046726226806,1.2538908421993256,1.2509071588516236,1.2493661999702455,1.2451900780200957,1.242399424314499,1.2402426660060883,1.2352400422096252,1.2313173294067383,1.227921974658966,1.2257263720035554,1.221782201528549,1.2193564832210542,1.2151489973068237,1.2124615848064422,1.2075968623161315,1.2026387214660645,1.2008253812789917,1.1956410229206085,1.1917989134788514,1.1862430810928344,1.182457685470581,1.1763644754886626,1.1736345529556274,1.1671008348464966,1.1605631947517394,1.1551002740859986,1.149851280450821,1.144104242324829,1.137019407749176,1.1316623568534852,1.125569862127304,1.1190869450569152,1.1125265657901764,1.1048567354679109,1.0989103078842164,1.0923060536384583,1.0862420320510864,1.0778845965862274,1.0710071504116059,1.0640233397483825,1.056648075580597,1.05030415058136,1.0435649394989013,1.036379623413086,1.0277867496013642,1.0202358156442641,1.0135737717151643,1.005034875869751,0.9979006171226501,0.990241876244545,0.9812852919101716,0.9721291542053223,0.9640920102596283,0.9561198025941848,0.9472529709339141,0.9375132411718369,0.9282836675643921,0.9203317523002624,0.911693063378334,0.9012225955724716,0.892522320151329,0.8818959087133408,0.8716738611459732,0.862276378273964,0.8522583842277527,0.8413773894309997,0.830927637219429,0.8195510268211365,0.8096606105566024,0.7980283886194229,0.7864164918661117,0.7742877393960953,0.7621090322732925,0.7509603679180146,0.7383231043815612,0.7262046754360199,0.7134225696325303,0.7025881558656693,0.6884342104196548,0.6761263102293015,0.6624377578496933,0.650836980342865,0.636093458533287,0.6243557125329972,0.6102562427520752,0.5964810967445373,0.5821339756250381,0.5688044756650925,0.5523083835840226,0.5389611899852753,0.5233505517244339,0.511686185002327,0.4964072585105896,0.48191024661064147,0.4674412414431572,0.4527819439768791,0.4365399643778801,0.42152960449457166,0.40779201686382294,0.394267649948597,0.3801508679986,0.3646489903330803,0.351843087375164,0.33443286567926406,0.3223708227276802,0.30763076841831205,0.298525670170784,0.27862189412117006,0.26375606954097747,0.24888970926404,0.2339990481734276,0.2208112932741642,0.20735702589154242,0.19441786482930185,0.17815752178430558,0.16850888654589652,0.1543584242463112,0.14253423362970352,0.1301001250743866,0.12403600215911866,0.11408764608204365,0.09832311272621155,0.08862830512225628,0.08449130170047284,0.07557314708828926,0.07382344231009483,0.0,0.06913219019770622,0.07893804088234901,0.07838806062936783,0.08846712484955788,0.09502259120345116,0.10788917429745197,0.11278824768960476,0.12021167315542698,0.1299058012664318,0.14703537300229072,0.15127347484230996,0.15852657184004784,0.1714043751358986,0.182152396440506,0.18817524015903472,0.20005660951137544,0.2094373032450676,0.21947079226374627,0.22829628363251686,0.2401035614311695,0.2455400064587593,0.25381878167390826,0.2633827343583107,0.2742277204990387,0.27949595004320144,0.2901784524321556,0.2947495386004448,0.3057011768221855,0.31313828825950624,0.32106656283140184,0.3355923667550087,0.3374103605747223,0.34489365965127944,0.3548649176955223,0.36497958600521085,0.37177249789237976,0.3786192163825035,0.3899886399507523,0.39933185279369354,0.4078192725777626,0.4232058599591255,0.4282089099287987,0.43962849527597425,0.4495159491896629,0.46503352373838425,0.4917698085308075
t_45,1.3178975939750672,1.315831220149994,1.316859346628189,1.31490758061409,1.3134354591369628,1.3123291850090026,1.3089182078838348,1.3064622044563294,1.3029695928096772,1.301769071817398,1.2988823473453521,1.2962974309921265,1.2957980155944824,1.2924926042556764,1.2917362332344056,1.2879749417304993,1.285285323858261,1.2814374148845673,1.2798405647277833,1.2766405045986176,1.2736551821231843,1.2723116636276246,1.26936177611351,1.2657196998596192,1.263221126794815,1.2614553987979888,1.2591298699378968,1.2551469027996063,1.2521654844284058,1.2506216645240784,1.2464756846427918,1.2436982989311218,1.241522991657257,1.2365749537944795,1.2326542496681214,1.229280126094818,1.2270769000053405,1.2231881320476532,1.2207613229751586,1.2165587842464447,1.21391042470932,1.2090830147266387,1.2041437387466432,1.2023524224758149,1.1971864461898805,1.1933790028095246,1.187866884469986,1.1841237664222717,1.1780618906021119,1.175362366437912,1.1688796043395997,1.1623899519443512,1.1569629669189454,1.1517426431179048,1.1460557222366332,1.139011061191559,1.1337136209011078,1.1276372253894806,1.1211532354354858,1.114725685119629,1.1070489645004273,1.10116605758667,1.0945888996124267,1.0885773956775666,1.0802989065647126,1.0734349250793458,1.066458821296692,1.0591906607151031,1.0528758943080903,1.046184277534485,1.039065682888031,1.0305257797241212,1.022970473766327,1.0163962930440902,1.0079119384288788,1.000833386182785,0.9932210147380829,0.9843749731779099,0.9752606838941574,0.9672493726015091,0.9593356788158417,0.9504339605569839,0.9408610314130783,0.9316436737775803,0.9237851977348328,0.9152788937091827,0.9047557711601257,0.8962445318698883,0.8856317222118377,0.875579297542572,0.8661136448383331,0.8563726931810379,0.8455558538436889,0.8350084602832795,0.8238876074552536,0.8141188710927963,0.8026382863521576,0.7911162406206131,0.779094198346138,0.767072907090187,0.7558575958013535,0.7435226827859879,0.7315288305282592,0.7187224954366684,0.7080550163984298,0.6941476792097092,0.6820230722427368,0.6686190336942672,0.6571037262678147,0.6423442274332046,0.6305847406387329,0.6168513864278793,0.6030170172452927,0.5890830904245377,0.575791773200035,0.5595684051513672,0.5464387863874436,0.531089061498642,0.5197395831346512,0.5043920084834099,0.4903616651892662,0.4759251892566681,0.4610840380191803,0.44536198377609254,0.4306748703122139,0.417046819627285,0.40292037427425387,0.389034079015255,0.37389879375696183,0.3614885464310646,0.3447252154350281,0.3321429267525673,0.31796439588069914,0.3087368980050087,0.28942141979932784,0.2740758776664734,0.25951588451862334,0.2450876720249653,0.23099900782108307,0.2186695545911789,0.204788276553154,0.18975542336702347,0.17890768870711327,0.1661597952246666,0.1528004802763462,0.14228328615427016,0.13422678038477898,0.12403675690293312,0.10761042423546315,0.09649959094822406,0.09251439608633519,0.07932965941727162,0.08348097205162049,0.06913219019770622,0.0,0.07783478386700153,0.0772762093693018,0.08181823268532754,0.09217805415391922,0.10388792157173157,0.10589745305478573,0.11223501451313496,0.1206395123153925,0.1386009380221367,0.1435495562851429,0.1487652763724327,0.16115271374583245,0.17309005856513976,0.17843895107507707,0.19137300848960875,0.1994962841272354,0.21032853797078133,0.21863594129681588,0.23032355085015296,0.23646905422210693,0.24461187943816184,0.25383390858769417,0.2654618188738823,0.27049837857484815,0.2813196823000908,0.2852248325943947,0.2970100700855255,0.30434547960758207,0.3117834523320198,0.3268891409039497,0.328446601331234,0.33640261739492416,0.3461818903684616,0.3564682126045227,0.3632611960172653,0.37012394815683364,0.38207444101572036,0.3914762154221535,0.39996242225170137,0.415773993730545,0.4209646314382553,0.4325986310839653,0.4422773808240891,0.4579279124736786,0.4857277229428291
t_44,1.3177146315574646,1.315683478116989,1.3166950941085815,1.3147845208644866,1.3133079290390015,1.3122291088104248,1.3088662683963777,1.3064134061336516,1.3029828071594238,1.301803708076477,1.2989465355873109,1.2963902235031128,1.2959093749523163,1.2926555335521699,1.2919171810150147,1.2881892323493958,1.2855387508869172,1.2817679584026336,1.2801860213279723,1.2770477473735808,1.2740774035453797,1.2727447211742402,1.2698547482490539,1.266254085302353,1.2637853741645813,1.2620398283004761,1.2597606897354126,1.255805456638336,1.2528839766979218,1.2513226747512818,1.2472437500953675,1.2444870889186859,1.2423510670661926,1.2374483346939087,1.233578509092331,1.2302101492881774,1.2280153155326843,1.2241540670394897,1.2217416524887086,1.2176054060459136,1.2149407804012298,1.2101561665534972,1.2052801609039308,1.203465038537979,1.1983013093471526,1.1945802211761474,1.1891252994537354,1.1853635668754579,1.1793643414974213,1.1766172409057618,1.1702396273612976,1.163811844587326,1.158436691761017,1.1532826542854309,1.1475621581077575,1.1405928313732148,1.1353046536445617,1.129355150461197,1.1229741513729095,1.1165046572685242,1.1089551746845245,1.1030802726745605,1.096656185388565,1.0905904948711396,1.082404410839081,1.075675106048584,1.0688133716583252,1.0614798188209533,1.055315625667572,1.048571413755417,1.0415557444095611,1.0330401957035065,1.025710827112198,1.0191869169473649,1.010709896683693,1.0036212235689164,0.9960450053215026,0.98735870718956,0.9783388465642929,0.9703924477100372,0.9625969648361206,0.953945979475975,0.9443596690893173,0.9352957546710968,0.9275680661201477,0.9189201146364212,0.9088257431983948,0.900277516245842,0.8897689998149871,0.8796481311321258,0.8706365644931793,0.8606845766305924,0.8498600870370865,0.839800676703453,0.8285856902599334,0.8185517430305481,0.8072824299335479,0.7958101332187653,0.7843202441930771,0.7724130392074585,0.7615926653146744,0.7487866520881653,0.7369674384593964,0.7248657643795013,0.7143763929605484,0.6999806344509125,0.6879179924726486,0.674709004163742,0.6635132789611816,0.6489048272371292,0.6377897799015045,0.6240045249462127,0.6108428806066513,0.5961314082145691,0.5835009932518005,0.5674510926008225,0.553979966044426,0.538521409034729,0.5277021050453186,0.5130566954612732,0.49841354191303255,0.4842107892036438,0.4702426165342331,0.45366562604904176,0.4392609268426895,0.4256501480937004,0.41350023448467255,0.39973063617944715,0.3838016763329506,0.3718522235751152,0.35399756878614425,0.34277997463941573,0.3277611047029495,0.3191144749522209,0.29931091517210007,0.284691695868969,0.26978580355644227,0.25516076013445854,0.24295836687088013,0.22837758734822272,0.2147192008793354,0.20015156418085098,0.18820932656526565,0.17505084872245788,0.16336834356188773,0.151487734913826,0.14459730088710784,0.1298725873231888,0.11529353000223637,0.10926813520491123,0.09355574809014797,0.08590141162276269,0.07905624471604825,0.07893804088234901,0.07783478386700153,0.0,0.07006812132894993,0.07218062430620194,0.07730484157800674,0.09166088365018368,0.09374406561255455,0.09944440387189388,0.1060484353452921,0.12637268379330635,0.12950009629130363,0.13898009508848191,0.14892155677080154,0.15987927988171577,0.16573686003684998,0.1782965585589409,0.18720802664756775,0.19710062593221664,0.20647480115294456,0.21869076564908027,0.22356529757380486,0.23299223482608794,0.24152836427092553,0.25317693278193476,0.2573637254536152,0.26873342841863634,0.27472583800554273,0.2844455376267433,0.2928955599665642,0.3003095582127571,0.31583142131567,0.3183132201433182,0.32485914677381517,0.33519152700901034,0.3464353308081627,0.3529120147228241,0.3608256608247757,0.3713811531662941,0.38077260851860045,0.3897995337843895,0.4059250861406326,0.41067626923322675,0.422559928894043,0.43295261859893797,0.44902783930301665,0.47650243490934374
t_43,1.3196484744548798,1.3175702571868897,1.3186256289482117,1.3166817903518677,1.3152689218521119,1.3141880452632904,1.3108190298080444,1.3084236681461334,1.3049765944480896,1.303787314891815,1.3009350955486298,1.2984280645847321,1.2979170739650727,1.2946619808673858,1.2939632475376128,1.2902763426303863,1.2876633882522583,1.2838083267211915,1.2822430551052093,1.279068785905838,1.2762086927890777,1.274850344657898,1.2719347178936005,1.2683601319789886,1.2658894598484038,1.2641612470149994,1.2618941605091094,1.2579310953617096,1.2549955368041992,1.25350661277771,1.2493906021118164,1.2466121673583985,1.2445807456970215,1.2395329892635345,1.235678219795227,1.2323592066764832,1.2301807761192323,1.2263196170330048,1.2239418387413026,1.2197977721691131,1.2171757698059082,1.2123549342155457,1.207464474439621,1.2057000756263734,1.2006374061107636,1.1968398094177246,1.1913241267204284,1.1876532435417175,1.1816307485103608,1.1790472745895386,1.1725215554237365,1.1660658597946167,1.1607308447360993,1.1555864691734314,1.149967795610428,1.142970234155655,1.1377183675765992,1.131745660305023,1.1254085540771483,1.1189264476299285,1.1114385366439818,1.1055729806423187,1.0990777015686035,1.0932677149772645,1.0849547028541564,1.0782369017601012,1.0713826060295104,1.0641717553138732,1.0579446852207184,1.0513836205005647,1.0443510949611663,1.0359579265117644,1.0285917401313782,1.0220098525285721,1.0136553347110748,1.0068765461444855,0.9993910223245621,0.9903573989868164,0.9813750505447387,0.9737618207931519,0.9659307509660721,0.957318103313446,0.9476613700389862,0.9387918263673782,0.9308717876672745,0.9225505799055099,0.9122766762971878,0.9037590682506561,0.893557670712471,0.8834759384393692,0.8743363708257675,0.8644884884357452,0.8539531379938126,0.8442543894052505,0.8327297240495681,0.8233218312263488,0.8121145874261856,0.8007241040468216,0.7887723088264466,0.7769615083932877,0.7662648677825927,0.7540391564369202,0.7423628479242325,0.7297238647937775,0.7191456884145737,0.7058370262384415,0.6937231957912445,0.6800383716821671,0.6689307957887649,0.6550791263580322,0.6440444171428681,0.629505068063736,0.6169100612401962,0.602816891670227,0.5896509677171707,0.5740200042724609,0.5611028909683228,0.5460922628641128,0.5338378965854644,0.5192121863365173,0.5047297909855842,0.4918295189738274,0.47823549509048463,0.462254236638546,0.44748624265193937,0.43434077352285383,0.42192930579185484,0.4081964954733849,0.39299065470695493,0.37997069805860517,0.3632338359951973,0.3518660992383957,0.3374661386013031,0.32634868025779723,0.30897770524024964,0.2942764461040497,0.27981904000043867,0.2650556951761246,0.2528247945010662,0.23837799206376076,0.22572216689586638,0.20967257544398307,0.19873466938734055,0.1850738801062107,0.1739085040986538,0.16112104505300523,0.15020360946655273,0.13849494010210037,0.12528825998306276,0.11535773426294327,0.1036135196685791,0.09462210536003113,0.08769107535481453,0.07838806062936783,0.0772762093693018,0.07006812132894993,0.0,0.06985270828008652,0.06943559050559997,0.07925708144903183,0.08368932120501996,0.08944066651165486,0.09683740735054017,0.11353018581867218,0.11806353032588959,0.12471572831273078,0.13719980046153069,0.14757430404424668,0.15373119860887527,0.16513583287596703,0.17438760697841643,0.18531304523348807,0.1940716989338398,0.2056072972714901,0.21111274957656861,0.22007769122719764,0.23022412732243538,0.2407691314816475,0.2468659073114395,0.2574186585843563,0.2630235940217972,0.27407485246658325,0.28174859136343,0.2901674970984459,0.30493107438087463,0.3073276340961456,0.314886274933815,0.32507836520671846,0.33565072268247603,0.34315878450870513,0.3507652789354324,0.3617436781525612,0.3713334932923317,0.3806729480624199,0.39591300785541533,0.4020878553390503,0.4140279144048691,0.4249975845217705,0.4413435697555542,0.46895482689142226
t_42,1.319501167535782,1.3174533128738404,1.3184751212596892,1.3165689527988433,1.3151304364204406,1.314047396183014,1.3107133746147155,1.3083047807216643,1.3048933565616607,1.303715980052948,1.3008894085884095,1.2983775734901428,1.2978812098503112,1.2946412861347198,1.2939406394958497,1.2902606189250947,1.2876467287540436,1.2838806688785553,1.2823133647441864,1.2791905522346496,1.2763030350208282,1.2749683380126953,1.2721018016338348,1.2685558497905731,1.2661209285259247,1.2644018411636353,1.2621556758880614,1.2582437455654145,1.2553498864173889,1.2538496553897858,1.2498001754283905,1.2470527589321136,1.2450184047222137,1.240085196495056,1.2362704277038574,1.2329778969287872,1.230803084373474,1.227010142803192,1.224647831916809,1.2205512344837188,1.2179537177085877,1.2132113456726075,1.2083826601505279,1.2066242039203643,1.201583170890808,1.1978650271892548,1.192438530921936,1.188772314786911,1.1828351259231566,1.1802148878574372,1.1738290429115295,1.1674545288085938,1.1621721863746644,1.157080352306366,1.1514757931232453,1.144578605890274,1.1393900334835052,1.1334904432296753,1.1271669149398804,1.1207910418510436,1.1133371770381928,1.1075437128543855,1.10115846991539,1.0952911972999573,1.0871220648288726,1.0804864764213562,1.0737027108669281,1.0665143013000489,1.0603915572166442,1.0538229942321777,1.0468789994716645,1.038533091545105,1.0312625408172607,1.0247728645801544,1.0164574027061462,1.0096224159002305,1.0021812528371812,0.9934217393398285,0.9845554411411286,0.9768397331237793,0.9691193401813507,0.9605759829282761,0.9510860204696655,0.942260566353798,0.9345236569643021,0.926187789440155,0.9160651654005051,0.907677149772644,0.8974863141775131,0.8875342309474945,0.8785277783870697,0.868814742565155,0.8583251297473907,0.8485247701406479,0.8373701602220536,0.8278760254383087,0.8167326748371124,0.8054927527904511,0.7938977867364884,0.7822011828422546,0.7715761095285416,0.7593466728925705,0.7477946519851685,0.735512301325798,0.725141042470932,0.7115805268287658,0.6996731698513031,0.6864827573299408,0.6754000067710877,0.6613740116357804,0.6504693180322647,0.6364857494831085,0.6238406717777252,0.6097608059644699,0.5969741582870484,0.5814721375703812,0.5685195207595826,0.5535604268312454,0.5422021448612213,0.5277366459369659,0.5135966002941131,0.5002220198512077,0.48655950278043747,0.47058593183755876,0.45628165602684023,0.44324286580085753,0.43085451424121857,0.4173521876335144,0.4020377293229103,0.389651383459568,0.3729173973202705,0.361516447365284,0.34716073870658876,0.33708092719316485,0.3192152127623558,0.30471287965774535,0.2899687632918358,0.27569459527730944,0.2631574735045433,0.24900356382131578,0.2359169602394104,0.22104522809386254,0.20942548364400865,0.19644379690289498,0.18390117660164834,0.17201522812247277,0.16126575246453284,0.14934844747185708,0.13525964692234993,0.1255193129181862,0.11338145621120929,0.10065068155527115,0.09645517580211163,0.08846712484955788,0.08181823268532754,0.07218062430620194,0.06985270828008652,0.0,0.07103798687458038,0.07951692081987857,0.07511966079473495,0.0830290276557207,0.08691986575722695,0.10506205335259437,0.11076105162501335,0.11625923402607441,0.128239768743515,0.13786710053682327,0.14391339123249053,0.15667633190751076,0.16461001560091973,0.1759897291660309,0.18432534709572793,0.1961425684392452,0.20205070450901985,0.2107700601220131,0.22056889906525612,0.2318819507956505,0.23675540313124657,0.2483113832771778,0.253699154406786,0.26451316475868225,0.2725070044398308,0.2804118454456329,0.2961865052580833,0.2982876881957054,0.3056949615478516,0.31578115820884706,0.327188079059124,0.33414466828107836,0.3422225371003151,0.3533663973212242,0.3628172278404236,0.372382789850235,0.3883905827999115,0.3942782536149025,0.4065663531422615,0.4173883005976677,0.43398254811763765,0.46260171830654145
t_41,1.3202468812465669,1.318233060836792,1.319241964817047,1.3173406839370727,1.315909194946289,1.3148503422737121,1.311529165506363,1.3091298460960388,1.3057437777519225,1.3045742154121398,1.3017515957355499,1.2992476224899292,1.2987606227397919,1.295554757118225,1.2948196530342102,1.2911544144153595,1.2885571539402008,1.2847889721393586,1.283242928981781,1.2801300704479217,1.2772288084030152,1.2759004473686217,1.2730269610881806,1.269483995437622,1.2670456409454345,1.2653227388858794,1.2630745053291321,1.2591594099998473,1.2562800347805023,1.2547572553157806,1.2507126808166504,1.2479937851428986,1.2459221124649047,1.2410482227802277,1.2372551441192627,1.23395117521286,1.231816041469574,1.2280083477497101,1.2256370544433595,1.2215843319892883,1.2189771294593812,1.2142759084701538,1.2094918847084046,1.2077300131320954,1.2026845574378968,1.199021977186203,1.1936508417129517,1.189989548921585,1.1840932011604308,1.1814386188983916,1.1751541495323181,1.1688567996025085,1.1635930955410003,1.158550751209259,1.1529748916625977,1.146158266067505,1.1409698665142058,1.1351444840431213,1.1289413273334503,1.12258842587471,1.1152257561683654,1.1094897031784057,1.1031668841838838,1.0972655713558197,1.0892952740192414,1.0826773166656494,1.075995296239853,1.0688588619232178,1.062783658504486,1.0562654197216035,1.049404501914978,1.0410983443260193,1.0338987827301025,1.0275358647108077,1.0192935109138488,1.012396252155304,1.0050219029188157,0.9965433001518249,0.9877335458993912,0.9800098687410355,0.9723993480205536,0.9639836698770523,0.9546213030815125,0.9457615911960602,0.9382146716117858,0.9297966241836548,0.9200514256954193,0.911646181344986,0.9014405697584152,0.8916684418916703,0.8828972756862641,0.8731554538011551,0.8626539260149002,0.8528636127710343,0.8419915437698364,0.8321975618600845,0.8212556481361389,0.8101222395896912,0.7989848464727402,0.7873890548944473,0.7769011080265045,0.7645051002502441,0.75300914645195,0.7412176251411438,0.7310063004493713,0.7171623259782791,0.7054652273654938,0.6925297170877457,0.681734362244606,0.6677423775196075,0.6568883121013641,0.6436251491308213,0.6307111769914627,0.6167030930519104,0.6045216947793961,0.5888091117143631,0.5760108053684234,0.5610339283943176,0.5503487765789032,0.5362487673759461,0.5218171864748001,0.5084495946764946,0.49496189802885054,0.4790876552462578,0.4650285914540291,0.4518055260181427,0.4400443583726883,0.42663709372282027,0.4115781202912331,0.39977262169122696,0.3823677197098732,0.37154480069875717,0.3569453328847885,0.3483229920268059,0.32912118583917616,0.3150505408644676,0.30089627504348754,0.2862863913178444,0.2740552008152008,0.2599757552146912,0.2473256342113018,0.2320741519331932,0.22075813561677932,0.20704810842871665,0.19517895206809044,0.18269556537270545,0.1741623669862747,0.16115508154034613,0.14621791690587999,0.13764210939407348,0.12428580373525619,0.11416445076465606,0.10170785039663315,0.09502259120345116,0.09217805415391922,0.07730484157800674,0.06943559050559997,0.07103798687458038,0.0,0.07363946735858917,0.07234091982245446,0.07405864670872689,0.08108396902680397,0.09938235953450203,0.09927765280008316,0.10924676172435284,0.11936695836484432,0.12916192710399627,0.13377754166722297,0.14583070650696756,0.1566206321120262,0.1649426817893982,0.17515733242034912,0.1868269093334675,0.19183469340205192,0.201016154140234,0.20979086682200432,0.22238392904400825,0.22634900957345963,0.23723694384098054,0.2438906818628311,0.2543501026928425,0.2626414239406586,0.27117428183555603,0.2858366906642914,0.2887711986899376,0.2959945648908615,0.30700385123491286,0.3181242436170578,0.3253798708319664,0.33339333683252337,0.3443667143583298,0.35468538105487823,0.36413891017436983,0.380741223692894,0.3860265091061592,0.3982957050204277,0.4096954107284546,0.4267560258507729,0.4552657127380371
t_40,1.3221492648124695,1.3200566351413727,1.3211746096611023,1.319226288795471,1.3179368197917938,1.3168889999389648,1.313590157032013,1.3113398373126983,1.3079702317714692,1.306817626953125,1.3040298223495483,1.3016715168952941,1.3011389374732971,1.2979878783226013,1.29741889834404,1.2938970446586608,1.291433757543564,1.2875978231430054,1.286090910434723,1.2829929828643798,1.2804129481315614,1.27904914021492,1.2762324631214141,1.2728256642818452,1.2704652488231658,1.2688252449035644,1.266689795255661,1.2628319203853606,1.2599645674228668,1.2586495876312256,1.2546156644821167,1.2518222033977509,1.2500916004180909,1.2448705434799194,1.2411510467529296,1.2379964888095856,1.235834926366806,1.2320901215076447,1.229829376935959,1.2257612943649292,1.2232318758964538,1.2184390723705292,1.2136029243469237,1.211915707588196,1.207074385881424,1.2032537579536438,1.197708386182785,1.1942163109779358,1.1882325470447541,1.1859333634376525,1.1792395174503327,1.1727912068367004,1.1676182568073272,1.1625612795352935,1.1571474611759185,1.1501238703727723,1.1450099050998688,1.1391371250152589,1.1329414606094361,1.1264600992202758,1.1191645741462708,1.1133070826530456,1.1068697094917297,1.101533591747284,1.0930369555950166,1.0864940643310548,1.0797104716300965,1.0726809322834014,1.0665277540683746,1.0602190017700195,1.0532659769058228,1.0451800763607024,1.037982839345932,1.031353133916855,1.0232322216033936,1.0171174705028534,1.0098031669855119,1.0002083629369736,0.9913900464773178,0.9845867961645126,0.9767846912145615,0.9685036092996597,0.9587407678365707,0.9504369348287582,0.9423040509223938,0.9345477253198624,0.9242355346679687,0.9158520132303238,0.906464371085167,0.8962738394737244,0.8873028844594956,0.877628755569458,0.8676320612430573,0.8591877490282058,0.8469300389289856,0.8386576443910598,0.8279045730829239,0.8166749179363251,0.8042707324028016,0.7928895503282547,0.7829298198223114,0.771399849653244,0.7602249413728714,0.7471318721771241,0.736624351143837,0.7250633865594864,0.713028883934021,0.6987060010433197,0.6881904810667038,0.6757425308227539,0.6655866593122483,0.6494286000728607,0.6389590352773666,0.6251383185386657,0.6114477664232254,0.5971981555223465,0.5849370658397675,0.5707879096269608,0.55670345723629,0.5423863083124161,0.5281137853860856,0.5179526597261429,0.5056264638900757,0.4899938255548477,0.4752207800745964,0.4630487024784088,0.4513870313763618,0.438381652534008,0.4234296500682831,0.40924030393362043,0.3939610794186592,0.383111783862114,0.36944188326597216,0.3541837826371193,0.3420046389102936,0.327438785135746,0.31287527531385423,0.2990182116627693,0.2875317558646202,0.2722104251384735,0.26105979084968567,0.24304828941822051,0.23379439860582352,0.2205430254340172,0.20948282703757287,0.19693390354514123,0.1817257322371006,0.16868766397237778,0.1595089390873909,0.14941364526748657,0.1371156983077526,0.12814142629504205,0.11663308255374431,0.10788917429745197,0.10388792157173157,0.09166088365018368,0.07925708144903183,0.07951692081987857,0.07363946735858917,0.0,0.07539184913039207,0.07856941930949687,0.08298318460583687,0.08479284942150116,0.09541514962911606,0.09515876397490501,0.10768508538603783,0.11428062692284584,0.12429459616541863,0.13209624141454696,0.14256663918495177,0.1536685310304165,0.16032396480441094,0.1716058298945427,0.1779790610074997,0.18700565546751022,0.19882175102829933,0.20693899244070052,0.21623421013355254,0.22638551592826844,0.23319321870803833,0.24409344494342805,0.25149236619472504,0.26120849549770353,0.27505124658346175,0.27850950360298155,0.2869052469730377,0.29637295603752134,0.3068287417292595,0.3156972348690033,0.32431684136390687,0.3342653393745422,0.34402595162391664,0.3542188391089439,0.36807532906532286,0.37671670466661455,0.38953129202127457,0.4020655915141106,0.41901593953371047,0.44700808823108673
t_39,1.3210267961025237,1.3190132081508636,1.3200251281261444,1.3181327283382416,1.3167148649692535,1.3156605541706086,1.3123543798923492,1.3099808931350707,1.3066086947917939,1.3054428339004516,1.3026442527770996,1.3001638531684876,1.2996771097183228,1.296486258506775,1.295773631334305,1.2921462595462798,1.2895629942417144,1.285830318927765,1.2842936396598816,1.281200760602951,1.2783466219902038,1.2770338892936706,1.2741926193237305,1.2706838190555572,1.2682825326919556,1.2665788054466247,1.2643475651741027,1.2604836642742157,1.2576233088970183,1.2561401844024658,1.252140599489212,1.249444943666458,1.2474184691905976,1.2425719320774078,1.2388255536556243,1.235581284761429,1.2334607183933257,1.2297160863876342,1.227379858493805,1.2233657658100128,1.2208008766174316,1.216145771741867,1.2114062011241913,1.209677517414093,1.2047289788722992,1.201081597805023,1.1957526624202728,1.1921619772911072,1.186330783367157,1.1837540447711945,1.1774943888187408,1.1712613224983215,1.1660622894763946,1.161067396402359,1.1555723547935486,1.148815655708313,1.143715399503708,1.1379359304904937,1.1317741096019744,1.125526922941208,1.1182313144207001,1.1125761687755584,1.106292623281479,1.10051748752594,1.0925964653491973,1.0860523998737335,1.0794404089450835,1.0724279761314393,1.0663971602916718,1.0599939405918122,1.0532085061073304,1.0450298726558684,1.0378920018672944,1.0315777778625488,1.0234622418880464,1.0167294472455979,1.0094508528709412,1.0009871244430542,0.9923146665096283,0.9847414195537567,0.9772140502929687,0.9688968867063522,0.9596716910600662,0.9509991049766541,0.9435027837753296,0.9353285759687424,0.9255822241306305,0.9173600643873214,0.9073514133691788,0.8977375745773315,0.8890258014202118,0.8795417904853821,0.8692914009094238,0.8596557319164276,0.8489198356866836,0.8394833564758301,0.8286829501390457,0.8177935034036636,0.806694746017456,0.7953258901834488,0.7849528759717941,0.7729966521263123,0.7617385983467102,0.750014790892601,0.7399601697921753,0.7265999346971512,0.7150665104389191,0.7023626327514648,0.6916822969913483,0.6780668586492539,0.6674080908298492,0.6542357981204987,0.6416766196489334,0.6280631363391876,0.6159920036792755,0.6007219851016998,0.5881820976734161,0.5737156987190246,0.5629185169935227,0.5490803897380829,0.5351880937814713,0.5220870554447175,0.508984811604023,0.49361656308174134,0.47977132350206375,0.46696222126483916,0.4552199363708496,0.44205056577920915,0.4275230675935745,0.4157159194350243,0.3990704908967018,0.38832600712776183,0.37421794682741166,0.36504813432693484,0.3468797117471695,0.33309624046087266,0.319074547290802,0.30477153807878493,0.292686739563942,0.2788940995931625,0.26643222123384475,0.2516495309770107,0.24037613719701767,0.22688041552901267,0.21495654433965683,0.20228733345866204,0.19208141267299653,0.1802560493350029,0.16635071262717246,0.15551605001091956,0.14343993738293648,0.13114912211894988,0.12097682952880859,0.11278824768960476,0.10589745305478573,0.09374406561255455,0.08368932120501996,0.07511966079473495,0.07234091982245446,0.07539184913039207,0.0,0.06717413999140262,0.06976683735847473,0.0829059448093176,0.08533195517957211,0.09184793494641781,0.10290670804679394,0.11053018532693386,0.11503213532269001,0.12635993547737598,0.13624879717826843,0.14562487602233887,0.15521144568920137,0.16634534075856208,0.1712566740810871,0.18036337420344353,0.1896762177348137,0.2021815687417984,0.2060576483607292,0.21747789904475212,0.22353865653276445,0.23463504612445832,0.24312652125954629,0.25146121606230737,0.26713616251945493,0.26933814138174056,0.2769794166088104,0.28797150403261185,0.29941720366477964,0.30693854093551637,0.31517225950956346,0.326566207408905,0.33706368803977965,0.34699316918849943,0.3638174504041672,0.36967147290706637,0.3824327990412712,0.3941056147217751,0.4117576166987419,0.4416895300149918
t_38,1.3214787185192107,1.3194774985313416,1.320484310388565,1.3186030507087707,1.3171863973140716,1.316131865978241,1.312841010093689,1.3104739964008332,1.307118159532547,1.3059545934200287,1.3031713247299195,1.3007006525993348,1.3002147614955901,1.2970381021499633,1.296329379081726,1.2927157044410706,1.290139526128769,1.286423033475876,1.2848885536193848,1.281817615032196,1.2789721310138702,1.2776624798774718,1.2748319029808044,1.2713420569896698,1.2689511179924011,1.2672587871551513,1.2650368690490723,1.2611895501613617,1.258345127105713,1.2568713903427124,1.252891856431961,1.2502029180526733,1.248192059993744,1.2433770954608918,1.2396443009376525,1.2364192008972168,1.2343075096607208,1.2305851876735687,1.22825945019722,1.2242603361606599,1.2217127084732056,1.217080783843994,1.2123625516891479,1.2106450557708741,1.2057165324687957,1.2020869135856629,1.1967875123023988,1.1932099401950835,1.1874144554138184,1.1848415732383728,1.178623777627945,1.172424030303955,1.1672689259052276,1.1623058140277862,1.1568345785140992,1.1501253306865693,1.1450581908226014,1.139322292804718,1.133187621831894,1.1269794166088105,1.119730496406555,1.114102977514267,1.1078670740127563,1.1021260499954224,1.094258564710617,1.087758046388626,1.0811777353286742,1.0742091715335846,1.0682321071624756,1.0618591070175172,1.0551019251346587,1.046979546546936,1.0399170219898224,1.0336333870887757,1.0255811512470245,1.0188631653785705,1.0116466730833054,1.0032487481832504,0.9946700304746627,0.9871177047491073,0.9796417713165283,0.971391761302948,0.9622347176074981,0.9536348044872284,0.946209853887558,0.938054820895195,0.9283946931362153,0.9202344059944153,0.9103013426065445,0.9007617503404617,0.8921203315258026,0.8827214270830155,0.8725707560777665,0.8629789501428604,0.8523639976978302,0.8430012375116348,0.8322830885648728,0.8215002596378327,0.810502502322197,0.7992262691259384,0.7889852225780487,0.7770980656147003,0.7659389019012451,0.7544209420681,0.7444519639015198,0.7311621844768524,0.7197433561086655,0.7072348207235336,0.6966314107179642,0.6831125497817994,0.6725800663232804,0.6595696628093719,0.647174870967865,0.6335978984832764,0.6217453867197037,0.6066247582435608,0.5941946804523468,0.5798557758331299,0.5692227751016616,0.5556022733449936,0.5419369488954544,0.5288343399763107,0.51588154733181,0.5006489858031273,0.48698256313800814,0.4742700606584549,0.46269042789936066,0.4496710181236267,0.43514473736286163,0.42355006784200666,0.4070036008954048,0.39643598794937135,0.3823677644133568,0.373312783241272,0.3553704559803009,0.3417479291558266,0.3278301030397415,0.31374485045671463,0.3017672672867775,0.2878600373864174,0.27526374757289884,0.2607282422482967,0.24942317083477974,0.2360418274998665,0.22428190633654593,0.21164120212197304,0.20225000083446504,0.1890207402408123,0.17555035799741744,0.16567586436867715,0.15201934203505515,0.1400063566863537,0.13016113564372062,0.12021167315542698,0.11223501451313496,0.09944440387189388,0.08944066651165486,0.0830290276557207,0.07405864670872689,0.07856941930949687,0.06717413999140262,0.0,0.06660422049462796,0.08208478540182114,0.07875718250870704,0.08489300608634949,0.09511874802410603,0.10255139470100402,0.10474423542618752,0.11833258345723152,0.1269044354557991,0.13683223649859427,0.1464005082845688,0.15829734951257707,0.16207909360527992,0.17158017829060554,0.1804593451321125,0.19335004687309265,0.19721882343292235,0.20815059542655945,0.21486838459968566,0.22585393041372298,0.2339247815310955,0.24257216230034828,0.2584209516644478,0.26065484136343003,0.2682185709476471,0.2794788256287575,0.29105366915464403,0.2985289439558983,0.3069125011563301,0.318495437502861,0.3291009500622749,0.33898116648197174,0.3562390372157097,0.36211583763360977,0.3751421570777893,0.38696654736995695,0.4048813536763191,0.43517446219921113
t_37,1.3227151691913606,1.3207288265228272,1.3217136561870575,1.3198513090610504,1.318422830104828,1.3173643052577972,1.3140857577323914,1.3117251574993134,1.308386319875717,1.3072326064109803,1.3044609904289246,1.3019943356513977,1.301510512828827,1.2983350932598114,1.2976262629032136,1.29401815533638,1.2914399027824401,1.2877753496170044,1.2862261593341828,1.2831785082817078,1.2803291201591491,1.2790256321430207,1.2762282907962799,1.2727404534816742,1.2703726887702942,1.2686772048473358,1.2664702653884887,1.2626412749290465,1.2598208129405974,1.2583382308483124,1.254381960630417,1.2517103850841522,1.2497019112110137,1.244923973083496,1.241196608543396,1.2379892230033875,1.235862821340561,1.2321910321712495,1.2298695206642152,1.2258921563625336,1.2233657836914062,1.2187669456005097,1.2140765964984894,1.2123720407485963,1.2074306309223175,1.2038659811019898,1.1986069679260254,1.1950471580028534,1.1892829835414886,1.1867104113101958,1.180561178922653,1.1744024991989135,1.1692698419094085,1.1643339693546295,1.158876472711563,1.152224165201187,1.1471947729587555,1.1414961695671082,1.1353735148906707,1.1292173147201539,1.1219847798347473,1.116406399011612,1.1102438390254974,1.1044847309589385,1.0966671645641326,1.090232640504837,1.083701890707016,1.076745581626892,1.0708437502384185,1.064454162120819,1.0577700555324554,1.0496793627738952,1.0426746726036071,1.0364450931549072,1.0284075915813446,1.0217198580503464,1.014531782269478,1.0062457621097565,0.9977053344249726,0.9901631832122803,0.982753935456276,0.9745318531990051,0.9654545098543167,0.9569176524877548,0.9495565712451934,0.9414372593164444,0.9318343669176101,0.9237610906362533,0.9138629496097564,0.9043722540140152,0.8958113640546799,0.8864827334880829,0.8763200968503952,0.8668095588684082,0.8563040882349015,0.8469534426927566,0.8362999439239502,0.8255317568778991,0.814787432551384,0.8035590410232544,0.7933562994003296,0.7815010190010071,0.7704662442207336,0.7590790390968323,0.7492240309715271,0.7358816087245941,0.7245880663394928,0.7122469663619995,0.7016874551773071,0.6881495296955109,0.677802124619484,0.6649322628974914,0.6526317805051803,0.6391433894634246,0.6273647338151932,0.6124792248010635,0.6000481903553009,0.5857718348503113,0.5754833042621612,0.5619514107704162,0.5484250277280808,0.5353847593069077,0.5225326269865036,0.5073122009634972,0.49390274435281756,0.4813184022903442,0.4699947938323021,0.4570589318871498,0.442454494535923,0.43114711344242096,0.4148310601711273,0.40429762154817583,0.39038216769695283,0.3813147634267807,0.3637308835983276,0.34991293102502824,0.33625941127538683,0.322314715385437,0.31029561460018157,0.29660670310258863,0.2836300477385521,0.2696924477815628,0.2578327089548111,0.24500824734568596,0.2331467993557453,0.2210960380733013,0.21135192438960076,0.1983777552843094,0.1842563532292843,0.17430612668395043,0.16017096415162085,0.14822374433279037,0.13927496150135993,0.1299058012664318,0.1206395123153925,0.1060484353452921,0.09683740735054017,0.08691986575722695,0.08108396902680397,0.08298318460583687,0.06976683735847473,0.06660422049462796,0.0,0.07874325588345528,0.07577733919024468,0.07941055074334144,0.08635776564478874,0.09537056684494019,0.09683525003492832,0.11113836504518985,0.11752070821821689,0.12801836915314196,0.1367998905479908,0.14897148534655572,0.15353679805994033,0.16259212493896485,0.17173842564225197,0.1845998577773571,0.1884212724864483,0.1994856297969818,0.2060677208006382,0.21682432889938355,0.22526949048042297,0.23309946954250335,0.2499394968152046,0.2521105661988258,0.2594467207789421,0.27048167735338213,0.28288181126117706,0.2897709012031555,0.2989925280213356,0.31029955595731734,0.3205364689230919,0.33095666766166687,0.34848170578479765,0.3546067297458649,0.36776528507471085,0.379687936604023,0.3977755829691887,0.42891590893268583
t_36,1.3254185497760773,1.3233674705028533,1.324469769001007,1.3225464344024658,1.3212805569171906,1.3202508389949799,1.3170096039772035,1.3148121297359467,1.3115092813968658,1.310373741388321,1.30763059258461,1.3053382754325866,1.304807758331299,1.3017157554626464,1.3011646628379823,1.297717022895813,1.2953063607215882,1.2915555655956268,1.2900794327259064,1.2870442748069764,1.284539133310318,1.2832017719745636,1.2804465293884277,1.2771065771579742,1.2748198568820954,1.273217749595642,1.2711305797100068,1.2673560619354247,1.2645484626293182,1.2632845997810365,1.2593296885490417,1.256583172082901,1.2549320697784423,1.249773383140564,1.2461469531059266,1.243078362941742,1.2409589886665344,1.237321811914444,1.2351191520690918,1.2311481833457947,1.2286917448043824,1.2240168511867524,1.219286859035492,1.217650717496872,1.2129319608211517,1.209233009815216,1.2038049221038818,1.2004225313663484,1.1945735812187195,1.1923819780349731,1.1858184099197389,1.179537159204483,1.1745091319084167,1.1695874214172364,1.1643292129039764,1.1574655413627624,1.1525062382221223,1.146785020828247,1.1407731235027314,1.1344870328903198,1.1273646652698517,1.1216772437095641,1.115414959192276,1.110264825820923,1.1020044267177582,1.0956295132637024,1.0890526294708252,1.0822256207466125,1.07623433470726,1.070105290412903,1.063407200574875,1.0555624306201934,1.0485137343406676,1.0421365559101106,1.0342354595661163,1.0283933252096176,1.0212878197431565,1.0119620651006698,1.0033410400152207,0.9968376636505127,0.9892761915922165,0.9812619745731354,0.9717727094888687,0.9637085646390915,0.9558378309011459,0.9483445823192597,0.9383997231721878,0.9302699953317642,0.9212164014577866,0.9113720864057541,0.9026485413312912,0.8933135062456131,0.8835633635520935,0.8755411267280578,0.863633444905281,0.8556225925683976,0.8453060209751129,0.8343735694885254,0.8224681079387665,0.8115719050168991,0.8019707530736924,0.7908576846122741,0.7800482332706451,0.7673084735870361,0.7571979850530625,0.7462017208337783,0.7346252053976059,0.7206995278596878,0.710722005367279,0.6988574892282486,0.6890937060117721,0.6735211104154587,0.6634336769580841,0.6503058969974518,0.6371037125587463,0.623484218120575,0.6118069529533386,0.5982351392507553,0.5846964865922928,0.5709558606147767,0.5568313151597977,0.5476586401462555,0.5359323918819427,0.5207069933414459,0.5068149253726005,0.49498490542173385,0.48380817770957946,0.47125903218984605,0.45702458173036575,0.44365848004817965,0.42890736162662507,0.4185605853796005,0.40544852912425994,0.39047583043575285,0.37896513044834135,0.3645233228802681,0.3511767238378525,0.3378592267632484,0.3263251051306725,0.3116843178868294,0.30063541084527967,0.2838428243994713,0.27364697605371474,0.26161598414182663,0.2503084406256676,0.23810480982065202,0.22290107011795043,0.21032194495201112,0.20147900208830832,0.19039738550782204,0.17730916440486907,0.16702306121587754,0.1567368507385254,0.14703537300229072,0.1386009380221367,0.12637268379330635,0.11353018581867218,0.10506205335259437,0.09938235953450203,0.08479284942150116,0.0829059448093176,0.08208478540182114,0.07874325588345528,0.0,0.08033360317349433,0.07409570440649986,0.07950828857719898,0.0810148686170578,0.09081529527902603,0.09802069514989853,0.10420824512839318,0.11727548800408841,0.12286073379218579,0.13087301030755044,0.13918927535414696,0.14831238985061646,0.15942170098423958,0.1686460129916668,0.17751100435853004,0.18660402148962021,0.19514407441020012,0.20648089721798896,0.21351623088121413,0.22320031523704528,0.2365931235253811,0.24064402133226395,0.2500638417899609,0.2591628015041351,0.2698219880461693,0.2795489922165871,0.2891118451952934,0.2991736888885498,0.30931311547756196,0.3202181294560432,0.33456688523292544,0.344786037504673,0.3581563726067543,0.3716805502772331,0.38973748087883,0.41947232782840727
t_35,1.3232610702514649,1.321281945705414,1.3222792148590088,1.3204072058200835,1.319025957584381,1.3179867327213288,1.3147291660308837,1.3124095976352692,1.3091018795967102,1.3079519391059875,1.3052009642124176,1.3027845978736878,1.3022998094558715,1.2991708159446715,1.2984723925590516,1.2949258387088776,1.2924041032791138,1.2887254416942597,1.287218576669693,1.2841801524162293,1.2814082503318787,1.2801133275032044,1.2773284375667573,1.273897498846054,1.2715571641921997,1.269890707731247,1.2677189111709595,1.2639290988445282,1.2611324906349182,1.2597043216228485,1.2557790935039521,1.2531335651874542,1.2511965572834014,1.2464048743247986,1.2427566468715667,1.239598923921585,1.2375290036201476,1.2338729798793793,1.2315907895565033,1.2276680231094361,1.2251814663410188,1.2206335067749023,1.2159937620162964,1.2143159329891204,1.2094875395298004,1.2059396803379059,1.2007105767726898,1.1972243070602417,1.1915245831012726,1.1890374839305877,1.1829086899757386,1.1768329799175263,1.1717743277549744,1.166916662454605,1.161573189496994,1.154995173215866,1.1500247418880463,1.144405621290207,1.1384271442890168,1.1323364794254303,1.125234454870224,1.1197455525398254,1.1136230051517486,1.1080355644226074,1.1003402173519135,1.0939636409282685,1.0875454783439635,1.080738353729248,1.0748585641384125,1.0686538159847259,1.0620628595352173,1.054134875535965,1.0471991658210755,1.0410827696323395,1.0332203686237336,1.0267206668853759,1.0196652293205262,1.0114173412322998,1.003017383813858,0.9957383066415787,0.9884393334388732,0.980429470539093,0.9714536547660828,0.9630697220563889,0.9558176696300507,0.9478837192058563,0.9385424017906189,0.9305354297161103,0.920917135477066,0.9116144388914108,0.9032330214977264,0.8940154790878296,0.8840874850749969,0.8749072790145874,0.8645058006048203,0.8553757339715957,0.8449919313192368,0.8344762235879898,0.823827812075615,0.8128703981637955,0.8030110687017441,0.7914176106452941,0.7805393785238266,0.7692985981702805,0.7595746368169785,0.7467667907476425,0.7357439756393432,0.7234440445899963,0.7132724761962891,0.7002948373556137,0.6901051312685013,0.6774313509464264,0.6654701679944992,0.6523733526468277,0.6408262759447098,0.6262112051248551,0.6142906486988068,0.6003769308328628,0.5899727910757064,0.5767318904399872,0.5632050216197968,0.5510348320007324,0.538541117310524,0.5237386465072632,0.5105654925107956,0.4982719883322716,0.4870544448494911,0.47460905760526656,0.4606348529458046,0.449304062128067,0.4331367090344429,0.4230174168944359,0.4094285935163498,0.4001284494996071,0.3831973850727081,0.3699740171432495,0.3566495716571808,0.3428963452577591,0.33132061958312986,0.31773005425930023,0.3059141218662262,0.29118005484342574,0.2802163302898407,0.2676038384437561,0.25596661046147345,0.24357847198843957,0.23323062509298326,0.22040619999170302,0.20807094052433966,0.1971747897565365,0.1842898890376091,0.17310041859745978,0.16140232235193253,0.15127347484230996,0.1435495562851429,0.12950009629130363,0.11806353032588959,0.11076105162501335,0.09927765280008316,0.09541514962911606,0.08533195517957211,0.07875718250870704,0.07577733919024468,0.08033360317349433,0.0,0.07728803865611553,0.08080857358872891,0.08577674813568592,0.08308853730559349,0.09453989006578922,0.1050612274557352,0.10878737010061741,0.12041623406112194,0.12989542558789252,0.13397945687174798,0.1429661728441715,0.1508108526468277,0.1651979997754097,0.1677471160888672,0.17836503684520721,0.1855086453258991,0.196520908921957,0.2046273909509182,0.2139154151082039,0.22885978519916533,0.23186328038573265,0.24004430919885636,0.25164406299591063,0.2630092024803162,0.2710283398628235,0.27962728291749955,0.29165139347314833,0.3028441995382309,0.31298037320375444,0.33108906000852584,0.3374160945415497,0.35098174065351484,0.36381885707378386,0.3826625347137451,0.4139063090085983
t_34,1.325692880153656,1.323644232749939,1.324711138010025,1.3228015303611755,1.321493536233902,1.320438379049301,1.3171746373176574,1.3149329245090484,1.311605829000473,1.310452163219452,1.3077070593833924,1.3053513050079346,1.3048283338546753,1.3016903519630432,1.3010819733142853,1.2975862920284271,1.2951041519641877,1.2913531124591828,1.289852547645569,1.286788284778595,1.2841831922531128,1.2828599095344544,1.2800796926021576,1.2766851365566254,1.2743747413158417,1.2727376341819763,1.2705956637859344,1.2668094336986542,1.2639824807643891,1.2626756250858306,1.2587125480175019,1.2559976279735565,1.2542338728904725,1.2492213189601897,1.2455818772315979,1.2425026059150697,1.2403934478759766,1.2367803454399109,1.234558206796646,1.230592030286789,1.228162133693695,1.2235391855239868,1.2188422083854675,1.2172228872776032,1.2125290274620055,1.2088413476943969,1.203488528728485,1.2001145243644715,1.1943427205085755,1.192088967561722,1.1856745541095735,1.1794794201850891,1.174473339319229,1.1695612788200378,1.1643188357353211,1.1575808703899384,1.1526756167411805,1.1469795942306518,1.1409395456314086,1.1348049879074096,1.12770317196846,1.1221345782279968,1.1158988773822784,1.1106747031211852,1.102626121044159,1.0962674379348756,1.0897376775741576,1.0830247163772584,1.0770781695842744,1.071008950471878,1.0643327414989472,1.0565271019935607,1.049531477689743,1.0432113707065582,1.0354357063770294,1.0294221878051757,1.0223958045244217,1.0134225726127624,1.00500026345253,0.9982310444116592,0.9907665431499482,0.9827377945184708,0.9735652565956116,0.9654872357845307,0.957835566997528,0.9503804236650467,0.9404618799686432,0.9325466275215148,0.923364844918251,0.9138894647359848,0.9051931828260422,0.8961858123540878,0.8866240561008454,0.8780103415250778,0.8668702602386474,0.8588329076766967,0.8484633356332779,0.8379082620143891,0.826357364654541,0.8155374169349671,0.8057619035243988,0.7949917525053024,0.7843439787626266,0.7720735043287277,0.7621993213891983,0.7509840190410614,0.7396839648485184,0.7266380041837692,0.7164833039045334,0.704348036646843,0.6944192588329315,0.6800895005464553,0.6694144636392594,0.6567393630743027,0.6441479235887527,0.6304231762886048,0.618890768289566,0.6056872278451919,0.5931609123945236,0.5796818047761917,0.5667147040367126,0.5561017036437989,0.5441430985927582,0.5298809468746185,0.5162584543228149,0.5046350374817848,0.49299103021621704,0.4806696504354477,0.4670038104057312,0.45433138459920885,0.4399824932217598,0.42934697568416597,0.4166984438896179,0.4037276491522789,0.3908011168241501,0.3770836338400841,0.36357310265302656,0.35042935609817505,0.3385197907686234,0.32500843703746796,0.313780477643013,0.2978836730122566,0.2880361661314964,0.2754947870969772,0.26372109800577165,0.25215181037783624,0.2381671190261841,0.22620199918746947,0.2155330367386341,0.20329554677009581,0.19230557531118392,0.1801818460226059,0.17099456936120988,0.15852657184004784,0.1487652763724327,0.13898009508848191,0.12471572831273078,0.11625923402607441,0.10924676172435284,0.09515876397490501,0.09184793494641781,0.08489300608634949,0.07941055074334144,0.07409570440649986,0.07728803865611553,0.0,0.06961062997579574,0.06869930066168309,0.07445003539323806,0.08441640958189964,0.09060973040759564,0.10259971022605896,0.10457792207598686,0.11562563553452491,0.12156580686569214,0.12904489263892174,0.14160992577672005,0.15103884190320968,0.16004934832453727,0.16942036971449853,0.17516009584069253,0.18803255930542945,0.19489728584885596,0.2042871505022049,0.2198934830725193,0.2220793306827545,0.23164205998182297,0.24149971231818199,0.25280170515179634,0.2619075641036034,0.27107583433389665,0.2826755553483963,0.2932773619890213,0.3042800724506378,0.3201253518462181,0.3294194281101227,0.3433206304907799,0.35649794191122053,0.37524514049291613,0.40746341794729235
t_33,1.326526951789856,1.3245330154895782,1.3255706310272217,1.3236899852752686,1.3223567008972168,1.3213200509548186,1.3180800259113312,1.3158452033996582,1.3125585556030273,1.3114238440990449,1.3086878120899201,1.3063483893871308,1.3058386027812958,1.3027358770370483,1.3021148085594176,1.2986357927322387,1.2961647629737854,1.2924971997737884,1.2910018265247345,1.2879827737808227,1.28536114692688,1.2840555489063263,1.2813240468502045,1.2779505789279937,1.2756676495075225,1.274044495820999,1.2719164609909057,1.268171054124832,1.2653885424137115,1.2640664994716644,1.2601712882518767,1.2574883699417114,1.2557203114032744,1.2508005201816559,1.247196114063263,1.2441393196582795,1.2420500993728638,1.238492351770401,1.2362810730934144,1.2323746979236603,1.229958963394165,1.225411295890808,1.2207695186138152,1.2191549777984618,1.2144430220127105,1.2108890950679778,1.2056140005588531,1.2022567510604858,1.1965528190135957,1.1942731320858002,1.1880097270011902,1.181923794746399,1.1769492626190186,1.1721175193786622,1.166916197538376,1.1602539539337158,1.1553967714309692,1.149796485900879,1.1438657462596893,1.1378278851509094,1.1307713270187378,1.125283521413803,1.1191801309585572,1.113919848203659,1.106059056520462,1.099756556749344,1.0933394610881806,1.086667424440384,1.080825638771057,1.0747376739978791,1.0682402551174164,1.0604649305343627,1.0535196602344512,1.0474294185638429,1.0396523237228394,1.033634650707245,1.0266663581132889,1.0180199325084687,1.0095973819494248,1.0028710544109345,0.9955341279506683,0.98758365213871,0.9785876274108887,0.9704591006040573,0.9630571633577347,0.9555557340383529,0.945950385928154,0.9381284326314926,0.9289209008216858,0.9195653766393661,0.9110452622175217,0.902138152718544,0.8924136281013488,0.8839061975479126,0.8730159401893616,0.8646281450986862,0.8545500099658966,0.8439685940742493,0.8329593688249588,0.8222908765077591,0.8125729441642762,0.8016255408525467,0.790986567735672,0.7790511161088943,0.7693947494029999,0.7578982472419739,0.7468460857868194,0.7340302467346191,0.7241926968097687,0.7118941962718963,0.7020647615194321,0.688335245847702,0.6774157702922821,0.6648241132497787,0.6525861859321594,0.6389099925756454,0.6273925811052322,0.6141015708446502,0.6024841785430908,0.5890521466732025,0.5756968766450882,0.5653215706348419,0.5533336460590362,0.5389557003974914,0.5258755683898926,0.5140025854110718,0.502623125910759,0.4905377373099327,0.47692693024873734,0.465097039937973,0.4502773329615593,0.43988134264945983,0.4273385301232338,0.4151293709874153,0.4015963912010193,0.3875120997428894,0.3746385008096695,0.3616830587387085,0.3496763750910759,0.3366548702120781,0.32487729340791704,0.3094703197479248,0.2990904271602631,0.28741859793663027,0.2754743680357933,0.2645148292183876,0.25126875191926956,0.2386166825890541,0.22739842161536217,0.21594353169202804,0.20397266671061515,0.19228039905428887,0.1820890411734581,0.1714043751358986,0.16115271374583245,0.14892155677080154,0.13719980046153069,0.128239768743515,0.11936695836484432,0.10768508538603783,0.10290670804679394,0.09511874802410603,0.08635776564478874,0.07950828857719898,0.08080857358872891,0.06961062997579574,0.0,0.07063916362822056,0.07317301519215107,0.0771722812205553,0.08584044948220253,0.09289165213704109,0.09597564563155174,0.10625361166894436,0.11331349276006222,0.12175299562513828,0.13002281114459038,0.14328263998031615,0.14984181597828866,0.15822845101356506,0.1657382629811764,0.1781705565750599,0.18571588695049285,0.1936810128390789,0.2086265988647938,0.2126019760966301,0.22190984562039376,0.23196914792060852,0.2433737635612488,0.25209194272756574,0.26214715987443926,0.2733920216560364,0.2841432198882103,0.29516911655664446,0.3119823932647705,0.32095574140548705,0.3349623501300812,0.34827869981527326,0.36736253947019576,0.40024267584085466
t_32,1.3265867948532104,1.3245646715164185,1.325634664297104,1.3237438440322875,1.3224767744541168,1.3214495241642,1.318238878250122,1.3160607814788818,1.3128006100654601,1.311674952507019,1.30896954536438,1.306686383485794,1.3061660706996918,1.30310218334198,1.302546900510788,1.2991383790969848,1.2967395544052125,1.2930586218833924,1.2915878415107727,1.2885957837104798,1.2861032366752625,1.2847882330417633,1.2820907175540923,1.2787910044193267,1.2765407800674438,1.2749511122703552,1.2728812217712402,1.2691724956035615,1.2664139091968536,1.265164977312088,1.2612914621829987,1.258600151538849,1.2569747507572173,1.2519426584243774,1.2483916699886322,1.2453957319259643,1.2433144271373748,1.2397728562355042,1.2376113414764405,1.23372340798378,1.2313390374183655,1.226771354675293,1.2221446633338928,1.2205565333366395,1.2159425139427185,1.2123305678367615,1.2070213973522186,1.2037269532680512,1.1980202555656434,1.1958655655384063,1.189480447769165,1.1833551585674287,1.178446251153946,1.1736311495304108,1.1684725046157838,1.1618083119392395,1.1569831013679504,1.1514094769954681,1.1455041110515594,1.1393941521644593,1.1324410140514374,1.1269180595874786,1.120814949274063,1.1157387495040894,1.107729572057724,1.1015011548995972,1.095095843076706,1.0884378969669342,1.0826116800308228,1.0766213297843934,1.0700805187225342,1.062416398525238,1.0555738925933837,1.0493370413780212,1.041651076078415,1.0358808040618896,1.0289626389741897,1.019965809583664,1.0116448670625686,1.0051982522010803,0.9978539824485779,0.9900551736354828,0.980885699391365,0.9730636447668075,0.9654608547687531,0.9581484735012055,0.9484771072864533,0.9406256794929504,0.9317689418792725,0.9222911030054093,0.9138565212488174,0.9048380494117737,0.8954336076974869,0.8874574214220047,0.8761349290609359,0.8683290898799896,0.8582406580448151,0.8477622359991074,0.8363924980163574,0.8257887095212937,0.8164708197116852,0.8057312518358231,0.7953419417142868,0.7832540661096573,0.7735109150409698,0.7626568973064423,0.7515090197324753,0.7383974462747573,0.7286527216434479,0.7170371353626251,0.7076592236757279,0.692968127131462,0.6831358760595322,0.6704323321580887,0.6579599976539612,0.6447671085596085,0.633446991443634,0.620428404211998,0.6077718287706375,0.5947259992361069,0.5815101504325867,0.572016316652298,0.5607654869556427,0.54627785384655,0.5329659134149551,0.5216644287109375,0.5109750673174858,0.49897329062223433,0.4852099984884262,0.47266467213630675,0.4584032535552979,0.4484969720244408,0.435830819606781,0.42210461050271986,0.41050949692726135,0.39701105654239655,0.38393131345510484,0.3709982827305794,0.3597180038690567,0.34580657035112383,0.33486600667238237,0.31903196424245833,0.30923624485731127,0.29703393429517744,0.28581868261098864,0.27431756556034087,0.2603590667247772,0.2475887082517147,0.23800762370228767,0.22735210359096528,0.2141069531440735,0.20316819250583648,0.19273901954293252,0.182152396440506,0.17309005856513976,0.15987927988171577,0.14757430404424668,0.13786710053682327,0.12916192710399627,0.11428062692284584,0.11053018532693386,0.10255139470100402,0.09537056684494019,0.0810148686170578,0.08577674813568592,0.06869930066168309,0.07063916362822056,0.0,0.06608728617429734,0.07161915190517902,0.07576123662292958,0.08762751743197442,0.0856428924947977,0.09667103886604309,0.10208200216293335,0.10895138531923294,0.12180071510374546,0.12943828701972962,0.1398492395877838,0.1474426917731762,0.1569767951965332,0.16771137416362764,0.17421190068125725,0.18454492464661598,0.19847248867154121,0.20221140384674072,0.2115758962929249,0.22109479531645776,0.23295330852270127,0.24206277057528497,0.25274288952350615,0.26304294914007187,0.27352436929941176,0.2853673353791237,0.30066526830196383,0.3112302154302597,0.3255589440464973,0.33994360864162443,0.35931015759706497,0.3915648639202118
t_31,1.3260033965110778,1.324027955532074,1.325041502714157,1.3231817126274108,1.3218458592891693,1.320805162191391,1.3175963163375854,1.3153552293777466,1.3120912253856658,1.310959380865097,1.308247345685959,1.305896407365799,1.3054019212722778,1.302323180437088,1.3016745030879975,1.2982086181640624,1.2957415461540223,1.292108291387558,1.2906245946884156,1.2876354992389678,1.2849890351295472,1.2837083518505097,1.2809884190559386,1.2776366412639617,1.2753597140312194,1.2737410724163056,1.271619063615799,1.267905056476593,1.265155738592148,1.2638123035430908,1.25995215177536,1.257322323322296,1.2555253505706787,1.2507154405117036,1.2471437633037568,1.2440987825393677,1.2420435965061187,1.2385018408298492,1.2362977206707,1.2324403762817382,1.23002849817276,1.2255447566509248,1.2209669351577759,1.2193594038486482,1.2146846115589143,1.2111663818359375,1.2059808433055879,1.2026281356811523,1.1970110952854156,1.1946950018405915,1.1885617136955262,1.1825677573680877,1.1776433646678925,1.1728629410266875,1.167662101984024,1.1611560463905335,1.1563263535499573,1.1508033990859985,1.1449211180210113,1.138945710659027,1.1319864749908448,1.1265908122062682,1.1205715894699098,1.1152492940425873,1.1075837790966034,1.1013514816761016,1.0950334906578063,1.0884106576442718,1.082651174068451,1.076630461215973,1.0701699256896973,1.0624712765216828,1.0556706488132477,1.049621546268463,1.0419578969478607,1.0358246266841888,1.028931474685669,1.0205963879823685,1.0123955637216568,1.0054936707019806,0.998317888379097,0.990495628118515,0.9816569238901138,0.9736280918121338,0.9664050310850143,0.958878031373024,0.9495421379804612,0.9418026685714722,0.9326187998056412,0.9235028445720672,0.9152237892150878,0.9063646197319031,0.8968421250581742,0.8881603121757508,0.8777794510126113,0.8693428665399552,0.8592556923627853,0.8490284591913223,0.8383964747190475,0.8278198480606079,0.8182967007160187,0.8073666483163834,0.7969314873218536,0.7856566637754441,0.7761819243431092,0.7643966734409332,0.7535939633846283,0.7414347261190415,0.7316178351640701,0.719378337264061,0.7097035557031631,0.6967812150716781,0.6857954829931259,0.6732954949140548,0.6617620289325714,0.648040172457695,0.6366769045591354,0.623519292473793,0.6127220839262009,0.5998994976282119,0.5870576471090316,0.5759903073310852,0.564227819442749,0.5501022040843964,0.5373305082321167,0.5257363617420197,0.5148582100868225,0.5029362335801124,0.48951051086187364,0.47820398658514024,0.463298936188221,0.45340674221515653,0.44065683633089064,0.4300967276096344,0.41557948142290113,0.4025527656078339,0.38968847393989564,0.3766788184642792,0.3652262300252914,0.35211420953273775,0.34068958908319474,0.32617479264736177,0.315798731148243,0.30363434106111525,0.2920947656035423,0.2805545195937157,0.26894374191761017,0.25644959062337874,0.244989749789238,0.23390854969620706,0.22128648012876512,0.20959521159529687,0.19932002127170562,0.18817524015903472,0.17843895107507707,0.16573686003684998,0.15373119860887527,0.14391339123249053,0.13377754166722297,0.12429459616541863,0.11503213532269001,0.10474423542618752,0.09683525003492832,0.09081529527902603,0.08308853730559349,0.07445003539323806,0.07317301519215107,0.06608728617429734,0.0,0.07016564384102822,0.07347034625709056,0.07995634526014328,0.0848079800605774,0.09274690374732017,0.09517318718135356,0.10324182584881783,0.11142500713467599,0.12581194341182708,0.1297907516360283,0.138056667894125,0.14648572653532027,0.15818383023142815,0.16479865610599517,0.1742367587983608,0.18975919783115386,0.1922219827771187,0.20147789567708968,0.2122025489807129,0.2243652805685997,0.23292403295636177,0.2427128218114376,0.25461389422416686,0.265988752245903,0.2772575423121452,0.2952375501394272,0.30353761464357376,0.31806457936763766,0.33189837336540223,0.3518281549215317,0.38566226959228517
t_30,1.3270644545555115,1.325045645236969,1.3261038959026337,1.324224591255188,1.322958517074585,1.3219247162342072,1.31872997879982,1.3165461242198944,1.3132877111434937,1.3121578514575958,1.3094570457935333,1.3071668088436126,1.306649249792099,1.3035910069942473,1.3030075073242187,1.2996049284934998,1.297204500436783,1.2935259222984314,1.2920615255832673,1.289070326089859,1.286563915014267,1.285255455970764,1.2825500190258026,1.2792507767677308,1.2770005941390992,1.2754071474075317,1.2733355045318604,1.2696285188198089,1.2668837785720826,1.2656210005283355,1.2617558121681214,1.2590837121009826,1.2574284076690674,1.252463310956955,1.248920851945877,1.245925360918045,1.2438645124435426,1.2403251111507416,1.2381646394729615,1.2343177437782287,1.2319347858428955,1.2274126052856444,1.2228275895118714,1.2212613224983215,1.216676837205887,1.2130940675735473,1.2078367054462433,1.2045645356178283,1.1989189267158509,1.1967685759067535,1.1904649674892425,1.184426975250244,1.1795529127120972,1.1747790157794953,1.169666862487793,1.1630971550941467,1.1583124339580535,1.1527960002422333,1.146946281194687,1.1409104108810424,1.1340417385101318,1.1286081552505494,1.122548109292984,1.117485022544861,1.1096219360828399,1.1034509003162385,1.0971378803253173,1.0905700623989105,1.0848019480705262,1.0789075136184691,1.072434675693512,1.0648423910140992,1.0580913364887237,1.0519313633441925,1.0443640172481536,1.038566380739212,1.0317495584487915,1.0229589194059372,1.0147958606481553,1.0083160072565078,1.0010879188776016,0.9933798223733902,0.9843754678964615,0.9766436159610749,0.9691830277442932,0.9619324207305908,0.9524596333503723,0.9447040826082229,0.9359083533287048,0.9266477108001709,0.9183755099773407,0.9094999253749847,0.9002658754587174,0.8922158896923065,0.8812614470720291,0.8734700828790665,0.8634913325309753,0.853274267911911,0.8422045826911926,0.8317152619361877,0.822511512041092,0.8119212985038757,0.8016929715871811,0.790017893910408,0.7804597586393356,0.7695806741714477,0.7586747735738755,0.745981314778328,0.7363332122564316,0.7248459368944168,0.7155487388372421,0.7015019863843918,0.6915950417518616,0.6791238903999328,0.6671511352062225,0.6540234535932541,0.642899215221405,0.6301266491413117,0.6179800122976303,0.6053246110677719,0.5925161927938462,0.582726213335991,0.5716366410255432,0.5576075851917267,0.5445323556661605,0.533447340130806,0.5230082213878632,0.5112421855330467,0.4978910475969315,0.48572987169027326,0.47154335379600526,0.46190516352653505,0.4494550943374634,0.43677319437265394,0.4246044412255287,0.41177698224782944,0.3988482400774956,0.38606985956430434,0.37512058615684507,0.3616106852889061,0.35089040994644166,0.3356459766626358,0.32602503150701523,0.31373545378446577,0.3028418317437172,0.2913126841187477,0.27802314311265947,0.2656465142965317,0.2560329183936119,0.24502211213111877,0.2324786216020584,0.2216005429625511,0.21053885221481322,0.20005660951137544,0.19137300848960875,0.1782965585589409,0.16513583287596703,0.15667633190751076,0.14583070650696756,0.13209624141454696,0.12635993547737598,0.11833258345723152,0.11113836504518985,0.09802069514989853,0.09453989006578922,0.08441640958189964,0.0771722812205553,0.07161915190517902,0.07016564384102822,0.0,0.0725599829107523,0.07434805184602737,0.07758481316268444,0.08332825265824795,0.08605416044592858,0.09389464147388935,0.10472036935389042,0.11378562673926354,0.12184325531125069,0.12997428923845292,0.13794926479458808,0.1486751653254032,0.15595954954624175,0.16685808300971985,0.18110762163996696,0.18382736220955848,0.19334659352898598,0.20352606400847434,0.21499982476234436,0.22471438571810723,0.2345980480313301,0.24550994709134102,0.2566537171602249,0.2685473278164864,0.28478625416755676,0.2948487937450409,0.3095644012093544,0.32457743883132933,0.3446297451853752,0.3779055058956146
t_29,1.3281262159347533,1.3260947346687317,1.327164214849472,1.3252900660037994,1.3240339756011963,1.32299844622612,1.3198047578334808,1.3176578044891358,1.314406269788742,1.3132876396179198,1.3105987548828124,1.3083387613296509,1.3078108131885529,1.3047639667987823,1.3042159676551819,1.3008427143096923,1.2984538435935975,1.2947988092899323,1.293338942527771,1.2903660416603089,1.2879324078559875,1.2866225779056548,1.2839499711990356,1.2806832313537597,1.2784606218338013,1.2768966376781463,1.2748563945293427,1.2711803138256073,1.2684480249881744,1.2672361969947814,1.2633926928043366,1.2607092678546905,1.2591448426246643,1.2541193306446075,1.2506008088588714,1.2476637065410614,1.2455820500850678,1.2420989573001862,1.2399720072746276,1.2361164808273315,1.2337734043598174,1.229245311021805,1.2246618092060089,1.2231131851673127,1.2185815095901489,1.2149860620498658,1.2097070217132568,1.2064879298210145,1.2008316814899445,1.1987725079059601,1.1923903048038482,1.1863234400749207,1.1815018594264983,1.1767248332500457,1.17164244055748,1.1650433719158173,1.160302460193634,1.1547859370708466,1.1489141702651977,1.1429013192653656,1.1360364854335785,1.1305792450904846,1.1245361804962157,1.119606864452362,1.1116218388080596,1.1055064916610717,1.0991703927516938,1.092620700597763,1.0868837416172028,1.0810162842273712,1.0745393753051757,1.0670181572437287,1.0602895796298981,1.0540729820728303,1.046529471874237,1.0409152567386628,1.0341128647327422,1.02511870265007,1.016979593038559,1.0106731355190277,1.003429225087166,0.9957459241151809,0.9866879403591156,0.9791114658117295,0.9715468227863312,0.9644726336002349,0.9548216164112091,0.9471525847911835,0.9385391473770142,0.9292099893093109,0.9208722531795501,0.9121062219142914,0.9030159026384353,0.89521464407444,0.884037408232689,0.876644030213356,0.8667024701833725,0.8564903706312179,0.8451759129762649,0.8347756803035736,0.8257056534290313,0.815348944067955,0.805277967453003,0.7933756798505783,0.7838496059179306,0.7734547078609466,0.762493422627449,0.7497121125459671,0.740060743689537,0.728839099407196,0.7198218762874603,0.7052094548940658,0.6958580553531647,0.6835620611906051,0.6712977558374404,0.6586549282073975,0.6476738601922989,0.6351212829351425,0.6224738150835037,0.6098287791013718,0.5973723322153092,0.588115781545639,0.5772966265678405,0.5634298175573349,0.5503761619329453,0.5395784467458725,0.5292350560426712,0.5175051867961884,0.5041585728526116,0.4918512120842934,0.47830271273851394,0.46865527480840685,0.4564469337463379,0.44265463203191757,0.43194040954113005,0.4188595160841942,0.4061931878328323,0.3936787724494934,0.3830050230026245,0.3693186789751053,0.3582420364022255,0.34358464926481247,0.33362230509519575,0.3219844803214073,0.3113784953951836,0.2998677149415016,0.28598913103342055,0.2734833687543869,0.2647237241268158,0.2538663662970066,0.24092626571655273,0.2295325554907322,0.22073588743805886,0.2094373032450676,0.1994962841272354,0.18720802664756775,0.17438760697841643,0.16461001560091973,0.1566206321120262,0.14256663918495177,0.13624879717826843,0.1269044354557991,0.11752070821821689,0.10420824512839318,0.1050612274557352,0.09060973040759564,0.08584044948220253,0.07576123662292958,0.07347034625709056,0.0725599829107523,0.0,0.07688507847487927,0.07374577187001705,0.08003602363169193,0.08274992331862449,0.08980015143752099,0.1020659364759922,0.10732287615537643,0.11711936518549919,0.1241560347378254,0.13177552372217177,0.1441104605793953,0.14841950461268424,0.15873127654194832,0.17437982335686683,0.17654116451740265,0.18603850826621054,0.1947922222316265,0.2068238601088524,0.21687788292765617,0.22728342041373253,0.2379673093557358,0.24824462160468103,0.2606839507818222,0.27603447884321214,0.28777009099721906,0.3028996542096138,0.31786865890026095,0.3379066035151482,0.3718746766448021
t_28,1.3279752910137177,1.3260079622268677,1.327019464969635,1.3251710414886475,1.3238701283931733,1.3228432714939118,1.3196616768836975,1.3174623250961304,1.314227247238159,1.3131056606769562,1.3104141414165498,1.3081006705760956,1.3076005041599275,1.3045511722564698,1.303923499584198,1.300505143404007,1.2980731904506684,1.2944686949253081,1.2930046141147613,1.2900335967540741,1.2874497950077057,1.2861683189868927,1.2834791243076324,1.2801696479320526,1.2779257655143739,1.2763244688510895,1.2742380380630494,1.2705539762973785,1.267833662033081,1.2665233492851258,1.2627058565616607,1.2600759863853455,1.258349859714508,1.2535395085811616,1.2500086426734924,1.2470115661621093,1.2449808359146117,1.241486656665802,1.2393258094787598,1.2355254411697387,1.2331593215465546,1.2287326455116272,1.2242131769657134,1.2226415038108827,1.218058842420578,1.2145853698253632,1.209440541267395,1.206174224615097,1.200626587867737,1.1984034955501557,1.1923000931739807,1.1863906264305115,1.1815657019615173,1.1768584370613098,1.1717692196369172,1.165337508916855,1.1605961740016937,1.1551814019680022,1.1494178116321563,1.1435139000415802,1.1367091298103333,1.1313924074172974,1.1254621207714082,1.1203085780143738,1.1127112448215484,1.10661461353302,1.100408709049225,1.0939221143722535,1.088267344236374,1.0823863446712494,1.0760671734809875,1.068526816368103,1.0618639707565307,1.0559037387371064,1.0484181642532349,1.042512732744217,1.0357758581638337,1.0274648666381836,1.019436204433441,1.0128191709518433,1.0057750821113587,0.998154827952385,0.9894429326057435,0.9816756755113601,0.9745397657155991,0.9672426581382751,0.9580942004919052,0.9505096226930618,0.9416361153125763,0.9326528072357178,0.9245953321456909,0.9159215360879898,0.9066647917032242,0.8984036415815353,0.8880579799413681,0.8799248665571213,0.8701600760221482,0.8601438730955124,0.8497161060571671,0.8394110798835754,0.8302182912826538,0.8195890426635742,0.8094462037086487,0.7983835339546204,0.7891245692968368,0.7778288543224334,0.7672644406557083,0.7552682816982269,0.7457970708608628,0.7340247660875321,0.7247720628976821,0.7118849873542785,0.7015162706375122,0.6892664462327958,0.6779951870441436,0.6648204356431962,0.6537891626358032,0.6411020338535309,0.6303271681070328,0.6178326427936554,0.6053308397531509,0.5949901521205903,0.5837585747241973,0.5701156377792358,0.5576204478740692,0.5464664071798324,0.5361279338598252,0.5246675163507462,0.5116412803530693,0.5004998072981834,0.48601718693971635,0.47658038437366484,0.4642861247062683,0.45351408421993256,0.44003404676914215,0.4274623394012451,0.4148832231760025,0.40239345133304594,0.3914482891559601,0.3785986974835396,0.36767137348651885,0.35330522507429124,0.3434754654765129,0.331718672811985,0.32058133482933043,0.30952797532081605,0.29776668846607207,0.2851491510868073,0.27453681975603106,0.26383858025074003,0.2518501281738281,0.24085493087768556,0.22946092560887338,0.21947079226374627,0.21032853797078133,0.19710062593221664,0.18531304523348807,0.1759897291660309,0.1649426817893982,0.1536685310304165,0.14562487602233887,0.13683223649859427,0.12801836915314196,0.11727548800408841,0.10878737010061741,0.10259971022605896,0.09289165213704109,0.08762751743197442,0.07995634526014328,0.07434805184602737,0.07688507847487927,0.0,0.07561007626354695,0.080305677652359,0.08051520250737668,0.08691997155547142,0.09197926968336105,0.10363512560725212,0.10753048583865166,0.11503352671861648,0.12092910259962082,0.13051306307315827,0.13942796215415001,0.14880726709961892,0.16357915103435516,0.16684044972062112,0.1758214645087719,0.18672277852892877,0.19839732646942138,0.20760765597224234,0.21741399317979812,0.22862069457769393,0.24068374037742615,0.25207494124770163,0.2706424996256828,0.27914020866155625,0.29435743391513824,0.30940681993961333,0.3300868421792984,0.36513864547014235
t_27,1.3294198274612428,1.3274029850959779,1.3284657418727874,1.3265882670879363,1.325346291065216,1.324319076538086,1.3211335480213164,1.319005650281906,1.315765231847763,1.3146470963954926,1.3119657278060912,1.3097194671630858,1.3091907620429992,1.306158822774887,1.3056056201457977,1.302253657579422,1.299876970052719,1.2962222278118134,1.294778287410736,1.2917969286441804,1.2893659710884093,1.2880669832229614,1.2853909075260161,1.2821272134780883,1.279918509721756,1.2783551156520843,1.2763082563877106,1.2726512849330902,1.269917368888855,1.2687090635299683,1.264877688884735,1.2622075855731965,1.2606416821479798,1.2556405246257782,1.2521444380283355,1.2492170453071594,1.2471677899360656,1.2437002658843994,1.2415915966033935,1.237768566608429,1.235451912879944,1.2309616386890412,1.2264133930206298,1.2248863875865936,1.2204030334949494,1.2168358623981477,1.2116004705429078,1.20842804312706,1.202820062637329,1.2007929325103759,1.1944777548313141,1.18848415017128,1.1837162613868712,1.1789874970912932,1.1739888668060303,1.167436534166336,1.162758821249008,1.1573027133941651,1.1515171468257903,1.1455846726894379,1.1388000547885895,1.1334249794483184,1.1274304747581483,1.1225764274597168,1.114724373817444,1.1086476624011994,1.1023825466632844,1.0959737300872803,1.0902684330940247,1.0845049023628235,1.0781339406967163,1.0707055151462554,1.064017617702484,1.057940912246704,1.050512582063675,1.0450036585330964,1.0382905781269074,1.0294357001781465,1.0213830709457397,1.0152102828025817,1.0080482691526413,1.0004750967025757,0.9915889024734497,0.9840827465057373,0.9766596734523774,0.9697250068187714,0.9602126240730285,0.952686932682991,0.9441906630992889,0.9350386738777161,0.9268201857805252,0.9182543337345124,0.9092515170574188,0.9015674650669098,0.8905931085348129,0.8832529813051224,0.8735654324293136,0.8635027319192886,0.8524339169263839,0.8422448933124542,0.8332537114620209,0.8231362760066986,0.8131754100322723,0.8014144420623779,0.7920458644628525,0.7819311827421188,0.7712047874927521,0.7585965812206268,0.749233266711235,0.738168004155159,0.7291871130466461,0.7150283873081207,0.7057164072990417,0.6937189012765884,0.6817177116870881,0.6692573636770248,0.658537483215332,0.6463177591562271,0.6340076953172684,0.6214360296726227,0.6091717272996903,0.6001842468976974,0.5894496500492096,0.576061287522316,0.5633302837610245,0.5526690661907196,0.5422053128480911,0.5309069931507111,0.5180586695671081,0.5060668557882309,0.49272420853376386,0.48313132524490354,0.47141012698411944,0.4580545827746391,0.4474161833524704,0.43454550504684447,0.42197584807872773,0.40991271287202835,0.39900624454021455,0.3861068606376648,0.37558037638664243,0.36054544895887375,0.3513863429427147,0.33988468945026395,0.3288772329688072,0.3182149216532707,0.3043506145477295,0.29214909225702285,0.28299731463193895,0.2719143405556679,0.26042672246694565,0.24923666790127755,0.2391127958893776,0.22829628363251686,0.21863594129681588,0.20647480115294456,0.1940716989338398,0.18432534709572793,0.17515733242034912,0.16032396480441094,0.15521144568920137,0.1464005082845688,0.1367998905479908,0.12286073379218579,0.12041623406112194,0.10457792207598686,0.09597564563155174,0.0856428924947977,0.0848079800605774,0.07758481316268444,0.07374577187001705,0.07561007626354695,0.0,0.06877637989819049,0.07354094050824642,0.07455614171922206,0.08705651089549064,0.08992274776101113,0.10202402845025063,0.10683217756450177,0.11366824060678482,0.12523306608200074,0.13029397279024124,0.1398482345044613,0.15411431565880776,0.15772438049316406,0.16726150140166282,0.17625919729471207,0.18823931142687797,0.19786670356988906,0.20907713398337363,0.21934011429548264,0.23045337200164795,0.24294394329190255,0.25902468264102935,0.2705473452806473,0.28607314079999924,0.3016428902745247,0.3222911491990089,0.35795421004295347
t_26,1.331076455116272,1.3290661931037904,1.3301468670368195,1.3282630681991576,1.3270626425743104,1.3260458886623383,1.3228791236877442,1.3207944571971892,1.3175787210464478,1.3164728701114654,1.3138045787811279,1.311606764793396,1.3110705077648164,1.3080771923065186,1.3075579285621644,1.3042556524276734,1.3019228994846344,1.298282527923584,1.2968548953533172,1.2938929855823518,1.2915449142456055,1.2902451872825622,1.2875924050807952,1.2843787491321563,1.2822046816349029,1.2806668400764465,1.2786548674106597,1.275019931793213,1.2723055720329284,1.2711462259292603,1.267333745956421,1.2646653175354003,1.2631776690483094,1.2581189453601838,1.2546646296977997,1.2517863273620606,1.2497423470020295,1.2463099539279938,1.2442312598228455,1.2404290914535523,1.2381466984748841,1.2336677491664887,1.2291350364685059,1.227632313966751,1.2232040166854858,1.2196557581424714,1.214414244890213,1.2113024711608886,1.2057135224342346,1.2037748634815215,1.197423619031906,1.1914491653442383,1.1867152214050294,1.1820253014564515,1.1771000921726227,1.1705434441566467,1.165905737876892,1.1604707539081573,1.1547561705112457,1.1488546848297119,1.142116641998291,1.1367669343948363,1.1307933986186982,1.126081520318985,1.118219518661499,1.112167727947235,1.1059545159339905,1.0995988249778748,1.0939079403877259,1.0882310628890992,1.0819264769554138,1.0745870232582093,1.067887020111084,1.0618770003318787,1.0545027017593385,1.0492162108421326,1.0425601303577423,1.0335972130298614,1.0255192816257477,1.0196101903915404,1.0124908447265626,1.0049733906984328,0.9960898876190185,0.9886630654335022,0.9812155365943909,0.9744427889585495,0.9649674206972122,0.9574803411960602,0.9491789668798447,0.9400741279125213,0.9318366527557373,0.9233372330665588,0.9144100427627564,0.9070494443178176,0.8959247529506683,0.8888162642717361,0.8792979180812835,0.8692138463258743,0.858075749874115,0.8480424731969833,0.8391726076602936,0.829264298081398,0.8193916887044906,0.8073498547077179,0.7980236232280731,0.7884605646133422,0.7777992248535156,0.7649022042751312,0.7557879894971847,0.7451197773218154,0.7362359255552292,0.7217875957489014,0.7127662807703018,0.7011059165000916,0.6888730019330979,0.6766713172197342,0.6662574350833893,0.6541950702667236,0.6414806753396988,0.6289404511451722,0.6163927227258682,0.6084192723035813,0.5978947877883911,0.5845340013504028,0.5719312638044357,0.5613846242427826,0.5509053766727448,0.5397573709487915,0.5271600246429443,0.5150542736053467,0.5020379781723022,0.4924957871437073,0.4810688763856888,0.466868856549263,0.45722813755273817,0.4441529557108879,0.4320785477757454,0.42013431489467623,0.4092019200325012,0.396522119641304,0.386253722012043,0.3710547283291817,0.3618524506688118,0.3508855000138283,0.33998080939054487,0.32940206825733187,0.31465205997228624,0.3030520141124725,0.2947201535105705,0.28317446261644363,0.27190321534872053,0.26080682724714277,0.25095918849110604,0.2401035614311695,0.23032355085015296,0.21869076564908027,0.2056072972714901,0.1961425684392452,0.1868269093334675,0.1716058298945427,0.16634534075856208,0.15829734951257707,0.14897148534655572,0.13087301030755044,0.12989542558789252,0.11562563553452491,0.10625361166894436,0.09667103886604309,0.09274690374732017,0.08332825265824795,0.08003602363169193,0.080305677652359,0.06877637989819049,0.0,0.07086754739284515,0.07149561159312726,0.07967360801994801,0.08658833652734757,0.09451730512082576,0.09826033674180508,0.10569124855101109,0.11805541403591632,0.1223636131733656,0.13085812255740165,0.14374251961708068,0.14700547605752945,0.15883453637361528,0.1660749889910221,0.17642392218112946,0.18834063559770584,0.19893079325556756,0.20942200124263763,0.22045672088861465,0.23306387215852736,0.24842791482806206,0.2618625044822693,0.27728486210107806,0.2933102935552597,0.31418709754943847,0.3498163342475891
t_25,1.3292048573493958,1.3271949410438537,1.3282583951950073,1.3263865292072297,1.3251591205596924,1.32414168715477,1.3209682643413543,1.3188450932502747,1.31562020778656,1.3145033061504363,1.311830645799637,1.3095874071121216,1.3090676844120026,1.3060624182224274,1.3055002093315125,1.3021730959415436,1.299812912940979,1.2961672306060792,1.2947441518306733,1.2917809963226319,1.2893665611743927,1.288072806596756,1.2854153394699097,1.2821860313415527,1.2799921989440919,1.2784370839595796,1.2764078617095946,1.272769021987915,1.2700585842132568,1.268853449821472,1.265064638853073,1.2624180138111114,1.260862797498703,1.2559117436408997,1.2524514734745025,1.2495311498641968,1.2475149154663085,1.244058257341385,1.2419643342494964,1.2381838142871857,1.2358660221099853,1.2314180731773376,1.2269078195095062,1.2253837406635284,1.2209498047828675,1.2174166023731232,1.2122123897075654,1.2090618312358856,1.2035099744796753,1.201495110988617,1.1952431976795197,1.1893227875232697,1.1846030354499817,1.1799180924892425,1.174968922138214,1.168480682373047,1.1638349056243897,1.1584620535373689,1.1527584195137024,1.1468756914138794,1.140192461013794,1.1348767101764679,1.1289524137973785,1.1241359412670135,1.1164147198200225,1.1103918433189393,1.1042143106460571,1.097874891757965,1.0922308087348938,1.0865427315235139,1.0802489578723908,1.072897744178772,1.066305011510849,1.060313844680786,1.05298193693161,1.0475097477436066,1.0408643007278442,1.032158863544464,1.0242212742567063,1.018108892440796,1.0110368490219117,1.0035896360874177,0.994843715429306,0.9874109297990799,0.9801174193620682,0.9732127159833908,0.9639334142208099,0.9564645886421204,0.948037788271904,0.9390275061130524,0.9310052871704102,0.9225192934274673,0.9136224865913392,0.9059928297996521,0.8952266305685044,0.8878600239753723,0.8783347308635712,0.8684672951698303,0.8576460212469101,0.8476408094167709,0.8387782990932464,0.8287326008081436,0.8188876211643219,0.8074745744466781,0.7982582479715348,0.7881517857313156,0.7775771170854568,0.7652747064828873,0.7560920625925064,0.7452196776866913,0.7363681852817535,0.7226326584815979,0.7134136945009232,0.7014981508255005,0.6899397641420364,0.6775923818349838,0.6670294106006622,0.6550233721733093,0.643066731095314,0.6308806300163269,0.6187723964452744,0.6097601562738418,0.5993660151958465,0.5862142384052277,0.5737426221370697,0.5631641060113907,0.5531360417604446,0.542034313082695,0.5295312345027924,0.5178903833031654,0.5045512914657593,0.4954130813479424,0.4837441802024841,0.4711221382021904,0.46015100479125975,0.4477989673614502,0.4353964805603027,0.42344864159822465,0.41313876658678056,0.4003155991435051,0.3901428446173668,0.37543679475784303,0.3666168928146362,0.35490532517433165,0.34453487694263457,0.33352965861558914,0.32032877802848814,0.30836953818798063,0.2994175896048546,0.2889038726687431,0.2772427201271057,0.26624343246221543,0.2552989602088928,0.2455400064587593,0.23646905422210693,0.22356529757380486,0.21111274957656861,0.20205070450901985,0.19183469340205192,0.1779790610074997,0.1712566740810871,0.16207909360527992,0.15353679805994033,0.13918927535414696,0.13397945687174798,0.12156580686569214,0.11331349276006222,0.10208200216293335,0.09517318718135356,0.08605416044592858,0.08274992331862449,0.08051520250737668,0.07354094050824642,0.07086754739284515,0.0,0.06543462090194226,0.06875911988317966,0.07655462846159936,0.08359049223363399,0.08785619474947452,0.09605566971004009,0.10763517208397388,0.11275288201868534,0.12221713624894619,0.13674472272396088,0.13852873891592027,0.1480245552957058,0.15730679854750634,0.16846704557538034,0.17976728230714797,0.19011322259902955,0.20002937018871308,0.21210950314998628,0.2245760053396225,0.24122292995452882,0.25229225531220434,0.2682530373334885,0.28447909355163575,0.3060273379087448,0.3425320714712143
t_24,1.3300178170204162,1.328006237745285,1.3290625274181367,1.3271897971630096,1.325967013835907,1.324946641921997,1.3217799186706543,1.3196658372879029,1.3164409756660462,1.3153230786323546,1.3126566648483275,1.310417240858078,1.3098828077316285,1.3068772792816161,1.306309276819229,1.3029898822307586,1.3006297647953033,1.2969938695430756,1.2955609798431396,1.2925913989543916,1.290180790424347,1.2888857781887055,1.2862221837043761,1.2829912543296813,1.2807903349399568,1.2792401015758514,1.277209460735321,1.2735772907733918,1.2708701968193055,1.2696808874607086,1.26588574051857,1.263240534067154,1.2617035806179047,1.2567489326000214,1.2533012807369233,1.2504058361053467,1.24839226603508,1.2449565291404725,1.242880392074585,1.2391104578971863,1.2368249475955964,1.2323948323726654,1.227903240919113,1.2264040350914,1.2220030009746552,1.2184710204601288,1.2132947087287902,1.2101738929748536,1.204652374982834,1.202668309211731,1.1964343547821046,1.1905404686927796,1.1858438670635223,1.1811777114868165,1.1762568295001983,1.1698189437389375,1.1652067005634308,1.1598406255245208,1.1541477382183074,1.1483121752738952,1.1416531026363372,1.136389696598053,1.1304685354232789,1.1256892323493957,1.1179948210716248,1.1120054304599762,1.1058670938014985,1.0995642006397248,1.0939328014850616,1.0883043825626373,1.0820350229740143,1.07473663687706,1.0681597769260407,1.0621808469295502,1.0549069583415984,1.0494753241539,1.042892462015152,1.0342255890369416,1.0263528913259505,1.0202460139989853,1.0132354736328124,1.0058150500059129,0.9971078991889953,0.9897480458021164,0.9824723601341248,0.9756518989801407,0.9663853228092194,0.9589770078659058,0.9506412595510483,0.9417373746633529,0.9337039768695832,0.9252825260162354,0.9165113300085068,0.9088994771242142,0.8982520639896393,0.8910561591386795,0.8815168082714081,0.8717406034469605,0.8609506130218506,0.8509660512208939,0.8421847492456436,0.8323044031858444,0.8225612103939056,0.811149463057518,0.8019896030426026,0.7920586466789246,0.7816052913665772,0.7693696051836014,0.7601883441209794,0.7494541555643082,0.7406446099281311,0.7270003318786621,0.7178212136030198,0.7061867505311966,0.6946079462766648,0.6823787450790405,0.6719998955726624,0.6600839823484421,0.648151558637619,0.6360703259706497,0.6241622507572174,0.615279546380043,0.6048785388469696,0.5919098436832428,0.5795055508613587,0.5691844522953033,0.5590757101774215,0.5481137841939926,0.5357372850179672,0.5240662962198257,0.511072301864624,0.50184665620327,0.4903950825333595,0.4777288556098938,0.4671236202120781,0.4549447953701019,0.44275182783603667,0.4308487683534622,0.4204115241765976,0.40789109468460083,0.39785285890102384,0.3833279922604561,0.3745265856385231,0.3630479872226715,0.3524625897407532,0.34173370003700254,0.3284701883792877,0.31696695238351824,0.3080457434058189,0.29702570140361784,0.2859010621905327,0.2748475208878517,0.26468158662319186,0.25381878167390826,0.24461187943816184,0.23299223482608794,0.22007769122719764,0.2107700601220131,0.201016154140234,0.18700565546751022,0.18036337420344353,0.17158017829060554,0.16259212493896485,0.14831238985061646,0.1429661728441715,0.12904489263892174,0.12175299562513828,0.10895138531923294,0.10324182584881783,0.09389464147388935,0.08980015143752099,0.08691997155547142,0.07455614171922206,0.07149561159312726,0.06543462090194226,0.0,0.07044140398502349,0.07209041081368923,0.08204234689474106,0.0827265091240406,0.0911966972053051,0.10193095393478871,0.10427593253552914,0.11531890742480755,0.1280544862151146,0.1293209485709667,0.140003003180027,0.14836968928575517,0.15996790081262588,0.17038700729608536,0.18113164007663726,0.19166505187749863,0.2034426897764206,0.21630650013685226,0.23283533081412316,0.24463679790496826,0.26065889447927476,0.277201472222805,0.2989606335759163,0.33613807559013364
t_23,1.3299671292304993,1.3280387699604035,1.3290368735790252,1.327195554971695,1.3259059131145476,1.3249045729637146,1.3217362761497498,1.3195688009262085,1.3163728356361388,1.315259438753128,1.3125917792320252,1.3102988421916961,1.3098044872283936,1.3068123161792755,1.3061607956886292,1.3028003096580505,1.3003799378871919,1.2968188226222992,1.2953911542892456,1.2924417436122895,1.2898934125900268,1.2886373341083526,1.2859739005565642,1.2827077805995941,1.2805102825164796,1.278940111398697,1.2768586456775666,1.2732443451881408,1.2705496430397034,1.2692542970180511,1.2655033767223358,1.2629154741764068,1.261203145980835,1.2564812541007995,1.2530225396156311,1.2500707864761353,1.2480972826480865,1.2446566104888916,1.2425313532352447,1.2388081490993499,1.23648721575737,1.2321480453014373,1.2277172923088073,1.2261776328086853,1.221701729297638,1.218317347764969,1.2132608473300934,1.2100886404514313,1.2046561419963837,1.2024966299533844,1.1965396344661712,1.1907978773117065,1.1860899031162262,1.1814901173114776,1.1765492498874663,1.1702261209487914,1.1656147599220277,1.1603513300418853,1.1547449469566344,1.1490655660629272,1.1424223721027373,1.1372683346271515,1.131482446193695,1.1264783918857575,1.1191909670829774,1.1131840527057648,1.1071465194225312,1.1008989214897156,1.0953637301921844,1.0896674633026122,1.0835839331150054,1.0762473583221435,1.0696850061416625,1.0640365540981294,1.0567710459232331,1.0510550022125245,1.044489896297455,1.0365191638469695,1.0286829888820648,1.0223059147596358,1.0154554545879364,1.0080605775117875,0.9997384518384933,0.9920998871326446,0.9853140771389007,0.9782395273447037,0.9694477587938308,0.9621563702821732,0.9534745007753372,0.9448807835578918,0.9370751470327378,0.928841495513916,0.9197813719511032,0.9116704255342484,0.901835361123085,0.8937862008810044,0.8845348358154297,0.8748664557933807,0.8649612218141556,0.8551425248384475,0.8461564540863037,0.8359531968832016,0.8260893583297729,0.8154542744159698,0.8066154181957245,0.7957612156867981,0.7856602281332016,0.7742518097162246,0.765300178527832,0.7539066672325134,0.7448139905929565,0.7329149037599564,0.7226173490285873,0.7110685557126999,0.7004385679960251,0.6877676397562027,0.6773144543170929,0.6652364939451217,0.6552645444869996,0.6431916683912278,0.6311709135770798,0.6212935954332351,0.6104400843381882,0.5977195560932159,0.5860219091176987,0.5750863999128342,0.5648717105388641,0.5541335701942444,0.5420988410711288,0.5318687409162521,0.517988707125187,0.5089089512825012,0.4974129647016525,0.48756847977638246,0.47429673075675965,0.46211914271116256,0.45026988834142684,0.4385199278593063,0.4278301641345024,0.41627250164747237,0.40576871633529665,0.39182852655649186,0.38285487443208693,0.3716951563954353,0.36080416291952133,0.35045564770698545,0.3390740007162094,0.3272899121046066,0.31665567457675936,0.3061983272433281,0.295588044822216,0.28428822457790376,0.272891965508461,0.2633827343583107,0.25383390858769417,0.24152836427092553,0.23022412732243538,0.22056889906525612,0.20979086682200432,0.19882175102829933,0.1896762177348137,0.1804593451321125,0.17173842564225197,0.15942170098423958,0.1508108526468277,0.14160992577672005,0.13002281114459038,0.12180071510374546,0.11142500713467599,0.10472036935389042,0.1020659364759922,0.09197926968336105,0.08705651089549064,0.07967360801994801,0.06875911988317966,0.07044140398502349,0.0,0.07913731597363949,0.07142017781734467,0.07243580222129822,0.08082184791564942,0.09282740652561187,0.09832862354815006,0.1040427502244711,0.11721439883112908,0.11929153129458428,0.1297670267522335,0.13982198163866996,0.15015685558319092,0.16058804616332054,0.17064211890101433,0.18178612738847733,0.1957067146897316,0.2069826602935791,0.22747335359454154,0.23539322838187218,0.25159565508365633,0.2674378603696823,0.2898738458752632,0.32891748547554017
t_22,1.3311766147613526,1.329134500026703,1.3302316844463349,1.3283462882041932,1.3271853744983673,1.3261705935001373,1.3230237305164336,1.320982700586319,1.3177762389183045,1.3166664719581604,1.3140234529972077,1.3118432939052582,1.3112986922264098,1.3083172619342804,1.3078132808208465,1.3045695006847382,1.3022690117359161,1.2986115753650664,1.2972081899642944,1.2942598342895508,1.2919894218444825,1.2906713902950286,1.2880395531654358,1.2848772943019866,1.2827146530151368,1.2811974704265594,1.2792216122150422,1.2756155729293823,1.2729211270809173,1.271797811985016,1.2680181741714478,1.265345048904419,1.2639557778835298,1.2588718295097352,1.2554622054100038,1.2526253640651703,1.2506102085113526,1.247198122739792,1.2451684534549714,1.2414084672927856,1.2391527831554412,1.2346979439258576,1.2301997065544128,1.2287353873252869,1.2244382202625275,1.2208469331264495,1.2156213641166687,1.212582540512085,1.2070403814315795,1.205209743976593,1.1988479733467101,1.192918336391449,1.1883049488067627,1.18365581035614,1.1788298904895782,1.1723383367061615,1.1677749097347259,1.16244335770607,1.1568027973175048,1.150926548242569,1.144364446401596,1.139069139957428,1.133156657218933,1.1286356389522552,1.120786052942276,1.114887011051178,1.108754527568817,1.1025386989116668,1.0969535887241364,1.0914321541786194,1.0851909577846528,1.0780296921730042,1.0715441524982452,1.0654914200305938,1.0583245575428009,1.053237533569336,1.0467264711856843,1.0376713573932648,1.0298677444458009,1.0242054432630538,1.0171695202589035,1.0099090486764908,1.0011042475700378,0.9940567016601562,0.9866075992584229,0.980078649520874,0.9707178205251694,0.9633672326803208,0.9554103046655655,0.9463937252759933,0.9384352058172226,0.9300832569599151,0.9215792119503021,0.9146186828613281,0.9034945249557496,0.8968828916549683,0.8875434100627899,0.8778396546840668,0.8667348504066468,0.8569553136825562,0.8485037326812744,0.8389694184064865,0.8294731259346009,0.817836320400238,0.8086895257234573,0.799618399143219,0.7891212046146393,0.7765754848718643,0.7676457941532135,0.7576163023710251,0.7492752522230148,0.7347417324781418,0.726675945520401,0.7150777667760849,0.7032504647970199,0.691740283370018,0.6816271960735321,0.670174065232277,0.6572659730911254,0.6454439014196396,0.6337632060050964,0.6260101824998856,0.6163748472929,0.6036039471626282,0.5911637872457505,0.5813036173582077,0.5717534035444259,0.5610570788383484,0.5488152295351029,0.5367613792419433,0.5244756162166595,0.5156509041786194,0.5045554608106613,0.4903761297464371,0.4818054109811783,0.4698596939444542,0.45770196467638014,0.446245901286602,0.43647668808698653,0.4237094148993492,0.41418289244174955,0.39943577647209166,0.39136551022529603,0.3799612507224083,0.3701695382595062,0.35951160341501237,0.3454971447587013,0.33392989337444307,0.3264817506074905,0.31625022888183596,0.30484486371278763,0.2944125637412071,0.28402373790740965,0.2742277204990387,0.2654618188738823,0.25317693278193476,0.2407691314816475,0.2318819507956505,0.22238392904400825,0.20693899244070052,0.2021815687417984,0.19335004687309265,0.1845998577773571,0.1686460129916668,0.1651979997754097,0.15103884190320968,0.14328263998031615,0.12943828701972962,0.12581194341182708,0.11378562673926354,0.10732287615537643,0.10363512560725212,0.08992274776101113,0.08658833652734757,0.07655462846159936,0.07209041081368923,0.07913731597363949,0.0,0.0822874043136835,0.0798062551766634,0.08755212277173996,0.0928816270083189,0.09595596753060817,0.1062985260039568,0.1161598727107048,0.11780507974326611,0.12669283300638198,0.13347339555621146,0.1442917838692665,0.15512386113405227,0.1670794390141964,0.17465398386120795,0.18598396480083465,0.19956281483173371,0.21364146918058396,0.22745561748743057,0.24392209649086,0.2617994427680969,0.2837880074977875,0.3210537761449814
t_21,1.329780602455139,1.3278621137142181,1.3288346469402312,1.3270140528678893,1.3257072687149047,1.3246967136859893,1.321543961763382,1.3193541407585143,1.3161718130111695,1.3150536835193634,1.3123959362506867,1.3100825369358062,1.3095957398414613,1.3066006898880005,1.305924391746521,1.3025543689727783,1.3001227736473084,1.2965875208377837,1.2951523959636688,1.2922196984291077,1.289622527360916,1.288377320766449,1.285719984769821,1.282450544834137,1.2802405297756194,1.2786635637283326,1.276582956314087,1.272973096370697,1.2703024327754975,1.268974280357361,1.2652516484260559,1.262692540884018,1.2609400272369384,1.2563120126724243,1.2528600096702576,1.2499003112316132,1.2479309737682343,1.2445101499557496,1.2423816561698913,1.238687527179718,1.23636794090271,1.2320725262165069,1.2276756703853606,1.2261376798152923,1.221672910451889,1.2183286368846893,1.2133354604244233,1.2101554870605469,1.2047860026359558,1.202581024169922,1.1967454552650452,1.1910704910755157,1.186412250995636,1.1818508684635163,1.1769100546836853,1.1707004308700562,1.1661262452602386,1.1609230637550354,1.1553466081619264,1.1497182846069336,1.1431526005268098,1.138055408000946,1.1323470890522003,1.127292627096176,1.1201155722141265,1.1141976296901703,1.1082332670688628,1.1020140826702118,1.0965743899345397,1.0908868193626404,1.0848491311073303,1.0775479078292847,1.071124893426895,1.0654951691627503,1.0582830488681794,1.0524797558784484,1.045966351032257,1.0382165014743805,1.0305302917957306,1.0240263253450395,1.017276555299759,1.009970411658287,1.0017638713121415,0.9942235320806503,0.9875524312257766,0.9804505944252014,0.9718403130769729,0.9646268963813782,0.9559595704078674,0.9474970579147339,0.93989317715168,0.9316972911357879,0.9227817267179489,0.9145936042070388,0.9050808876752854,0.8969800889492034,0.8877607256174087,0.8783102124929428,0.8687223672866822,0.8589677959680557,0.8501096665859222,0.8399186104536056,0.8302329808473587,0.8201099008321762,0.8114280045032501,0.8003241717815399,0.7904115349054337,0.7795020282268524,0.7705429822206498,0.7591621994972229,0.7502889603376388,0.7388917475938797,0.7286782681941986,0.7170769035816192,0.7069422751665115,0.694374418258667,0.6839262783527374,0.6719944477081299,0.6626188904047012,0.6510037779808044,0.6394064664840698,0.6290451735258102,0.6184349656105042,0.6059266984462738,0.5944467157125473,0.5837819844484329,0.5740903884172439,0.5635247856378556,0.5515631586313248,0.5416873782873154,0.5278793066740036,0.5191596657037735,0.5076357439160347,0.4987971603870392,0.485135106742382,0.4736762270331383,0.4617992088198662,0.45017328560352327,0.4400324925780296,0.42845250815153124,0.41817344576120374,0.40501016974449155,0.3960707515478134,0.384832626581192,0.37433210462331773,0.3640031784772873,0.3535484462976456,0.34184690564870834,0.33126697689294815,0.32140932232141495,0.31040301024913786,0.29962109923362734,0.28824937641620635,0.27949595004320144,0.27049837857484815,0.2573637254536152,0.2468659073114395,0.23675540313124657,0.22634900957345963,0.21623421013355254,0.2060576483607292,0.19721882343292235,0.1884212724864483,0.17751100435853004,0.1677471160888672,0.16004934832453727,0.14984181597828866,0.1398492395877838,0.1297907516360283,0.12184325531125069,0.11711936518549919,0.10753048583865166,0.10202402845025063,0.09451730512082576,0.08359049223363399,0.08204234689474106,0.07142017781734467,0.0822874043136835,0.0,0.0743273463100195,0.07566053159534931,0.08349358588457108,0.08998730704188347,0.09251366294920445,0.10851611755788326,0.10712406039237976,0.11427961587905884,0.12366866841912269,0.13578770756721498,0.1453455276787281,0.15473977327346802,0.16547613516449927,0.17894886657595635,0.1908137671649456,0.21253539323806764,0.2184907838702202,0.23530043214559554,0.2514658018946648,0.2745222210884094,0.31480264067649844
t_20,1.3316571474075318,1.3297271609306336,1.3307285070419312,1.328897660970688,1.3276373863220214,1.3266384959220887,1.3235022366046905,1.3213668763637543,1.3181999385356904,1.3170959115028382,1.3144437789916992,1.3121907711029053,1.3116892457008362,1.308719164133072,1.3080878674983978,1.3047721266746521,1.3023943722248077,1.2988531172275544,1.2974422752857209,1.294514387845993,1.2920342206954956,1.2907711386680603,1.2881368577480317,1.2849186658859253,1.2827379941940307,1.2811777472496033,1.2791439890861511,1.275552862882614,1.2728933215141296,1.2716305017471314,1.2679043233394622,1.2653316855430603,1.2636994123458862,1.2589487433433533,1.2555335462093353,1.2526348114013672,1.2506742417812347,1.2472859919071198,1.2451968967914582,1.241521805524826,1.2392375648021698,1.2349334001541137,1.230548971891403,1.2290369153022767,1.2246345937252046,1.2212830483913422,1.2162770330905914,1.2131646156311036,1.2077913582324982,1.2057127892971038,1.1997923970222473,1.1941173315048217,1.1894971907138825,1.1849743247032165,1.1801126956939698,1.173888921737671,1.1693457782268524,1.1641667485237122,1.1586773812770843,1.1530373990535736,1.14652938246727,1.1414422154426576,1.135749626159668,1.130877387523651,1.1236375629901887,1.1177637815475463,1.1118510067462921,1.1056745946407318,1.1002419650554658,1.0946566700935363,1.0886624217033387,1.0814717650413512,1.0750430464744567,1.0694487869739533,1.0623037755489348,1.0567725121974945,1.050328892469406,1.0423806607723236,1.0346663177013398,1.0285030961036683,1.021786242723465,1.0145743638277054,1.006289741396904,0.9988798081874848,0.9921320706605912,0.9851988941431046,0.9766232013702393,0.9693996906280518,0.9610017210245132,0.9525172173976898,0.9448977082967758,0.936706879734993,0.9278779983520508,0.9201996058225632,0.9103315591812133,0.902560931444168,0.8934967309236527,0.8839891463518142,0.8742247700691224,0.8645951539278031,0.8559561938047409,0.8459182351827621,0.8363559871912003,0.8259155660867691,0.8172146081924438,0.8067544072866439,0.7968121409416199,0.7854436695575714,0.7767557799816132,0.7659217238426208,0.7572460561990738,0.7452326238155365,0.7355177283287049,0.7242257535457611,0.7137498497962952,0.7014867752790451,0.691350308060646,0.679560124874115,0.6694289863109588,0.6579498261213302,0.6459606111049652,0.6368475139141083,0.6266645669937134,0.6139721482992172,0.6025355994701386,0.5920215219259262,0.5826486378908158,0.5720672935247422,0.5602156728506088,0.5500955075025559,0.5366350889205933,0.5281501412391663,0.5168237447738647,0.5066705927252769,0.49438504278659823,0.48262498080730437,0.4715141117572784,0.45991801023483275,0.44981259256601336,0.4381773456931114,0.4280480444431305,0.41474203765392303,0.40566106885671616,0.3948334038257599,0.3847625821828842,0.374350443482399,0.3632507219910622,0.3517966985702515,0.34227702021598816,0.3324164360761642,0.3209433376789093,0.3102700486779213,0.2992162898182869,0.2901784524321556,0.2813196823000908,0.26873342841863634,0.2574186585843563,0.2483113832771778,0.23723694384098054,0.22638551592826844,0.21747789904475212,0.20815059542655945,0.1994856297969818,0.18660402148962021,0.17836503684520721,0.16942036971449853,0.15822845101356506,0.1474426917731762,0.138056667894125,0.12997428923845292,0.1241560347378254,0.11503352671861648,0.10683217756450177,0.09826033674180508,0.08785619474947452,0.0827265091240406,0.07243580222129822,0.0798062551766634,0.0743273463100195,0.0,0.07615880109369755,0.07987194918096066,0.07934868671000003,0.08694102466106415,0.09223967492580414,0.09517635703086853,0.10409386903047561,0.11438870914280415,0.12362365387380123,0.13347000926733016,0.1449551075696945,0.1542252391576767,0.16807572469115256,0.1802224449813366,0.19969751462340354,0.20914576351642608,0.22543326392769814,0.2429590992629528,0.266370564699173,0.3058504596352577
t_19,1.3313587307929993,1.3294097900390625,1.3303916692733764,1.3285575568675996,1.327265202999115,1.3262348175048828,1.323066234588623,1.3208883166313172,1.3176740109920502,1.3165438771247864,1.3138802826404572,1.3115707755088806,1.3110617041587829,1.3080490112304688,1.307375979423523,1.3040092647075654,1.3015664160251617,1.2980032742023468,1.2965590953826904,1.293594777584076,1.2910191774368287,1.289766252040863,1.287088578939438,1.2838104486465454,1.2816100478172303,1.2800220131874085,1.2779290676116943,1.2743168473243713,1.2716138780117034,1.270327478647232,1.2665831208229066,1.264002764225006,1.2622856378555298,1.2576098322868348,1.254175490140915,1.251245027780533,1.2492856979370117,1.245885169506073,1.243787372112274,1.240082424879074,1.237806260585785,1.2335170388221741,1.2291183650493622,1.227627193927765,1.2232498943805694,1.2198627173900605,1.2148650586605072,1.2117655098438262,1.2064123392105102,1.2043174266815186,1.198434966802597,1.1927854597568512,1.1881631851196288,1.1836026847362517,1.1787595450878143,1.1725464820861817,1.168046420812607,1.1628352284431458,1.1572610318660737,1.1517210066318513,1.145188045501709,1.1401445150375367,1.1343985438346862,1.129514956474304,1.1223296999931336,1.1164181709289551,1.1104696929454803,1.1043801128864288,1.0989173591136931,1.0933806359767915,1.0873622059822083,1.0801657021045685,1.07370867729187,1.0680848002433776,1.060999047756195,1.0553683817386628,1.048951369524002,1.0410962879657746,1.033498901128769,1.027126309275627,1.0203758895397186,1.0130761116743088,1.0049684792757034,0.9975326389074326,0.990832370519638,0.9840029597282409,0.9751899182796478,0.9681420207023621,0.9596315264701843,0.9513325273990632,0.9435833871364594,0.9356656908988953,0.9269872277975082,0.9187658190727234,0.9093494087457656,0.9016954779624939,0.8925074130296707,0.883230447769165,0.8734363347291947,0.8638006627559662,0.854914316534996,0.8452813744544982,0.8357299327850342,0.8253469705581665,0.8167264640331269,0.8062830001115799,0.7964541107416153,0.7855625689029694,0.7766216725111008,0.7655147463083267,0.7566123485565186,0.7451979488134384,0.7351253241300583,0.724143585562706,0.7138193815946579,0.7015635997056962,0.6915144383907318,0.6800373077392579,0.6702625930309296,0.6586275130510331,0.647660356760025,0.6375672310590744,0.6270150303840637,0.6152041703462601,0.603796660900116,0.5934918075799942,0.5832912802696228,0.5729694813489914,0.5615978747606277,0.5515985786914825,0.5386591285467148,0.5296613126993179,0.5188161045312881,0.5095065474510193,0.49675680994987487,0.4854235976934433,0.47382642775774003,0.46259391605854033,0.4522520586848259,0.44133507162332536,0.4313486248254776,0.4183815881609917,0.4097864866256714,0.3989302977919579,0.3883486852049828,0.3785895735025406,0.3674414172768593,0.3566094473004341,0.3464039370417595,0.33541678786277773,0.3262836322188377,0.3150440514087677,0.3049713045358658,0.2947495386004448,0.2852248325943947,0.27472583800554273,0.2630235940217972,0.253699154406786,0.2438906818628311,0.23319321870803833,0.22353865653276445,0.21486838459968566,0.2060677208006382,0.19514407441020012,0.1855086453258991,0.17516009584069253,0.1657382629811764,0.1569767951965332,0.14648572653532027,0.13794926479458808,0.13177552372217177,0.12092910259962082,0.11366824060678482,0.10569124855101109,0.09605566971004009,0.0911966972053051,0.08082184791564942,0.08755212277173996,0.07566053159534931,0.07615880109369755,0.0,0.07530303038656712,0.07863929644227027,0.07852265611290932,0.09563979990780354,0.0916285939514637,0.10047741904854775,0.10905183106660843,0.11828928627073765,0.1294773418456316,0.13552129790186881,0.14941168576478958,0.16293809339404106,0.1741054907441139,0.19610300287604332,0.2034345433115959,0.22022199258208275,0.23624685928225517,0.25971532315015794,0.3023984283208847
t_18,1.3306391775608062,1.3287130832672118,1.3296755194664,1.3278710126876831,1.326563286781311,1.325547307729721,1.3224112212657928,1.320239281654358,1.3170649528503418,1.315945667028427,1.3133128941059113,1.3110041618347168,1.3105072021484374,1.3075190246105195,1.306843489408493,1.3034973382949828,1.301073783636093,1.297569316625595,1.2961351215839385,1.2932236790657043,1.2906517386436462,1.289407354593277,1.2867661833763122,1.2835156619548798,1.2813215494155883,1.2797452330589294,1.2776881158351898,1.274098414182663,1.271447217464447,1.2701428830623627,1.2664454996585846,1.2638984262943267,1.2621874988079071,1.2575815677642823,1.2541734874248505,1.251253342628479,1.2493016719818115,1.245933598279953,1.2438393592834474,1.240182238817215,1.2379004061222076,1.2336548924446107,1.2293192923069,1.2278157413005828,1.2234304249286652,1.2201105415821076,1.2151905238628387,1.212068146467209,1.206776851415634,1.2046292304992676,1.1988586246967317,1.1932764410972596,1.1886917293071746,1.1841874420642853,1.1793186843395234,1.1732150256633758,1.1687299311161041,1.1636111855506897,1.158094596862793,1.1525568187236785,1.1461147367954254,1.141110110282898,1.135481244325638,1.1305307686328887,1.1234550297260284,1.1176415383815765,1.1117907345294953,1.105666834115982,1.1003206431865693,1.0947533130645752,1.088800883293152,1.0816176295280457,1.075332099199295,1.069741851091385,1.0626758337020874,1.0569696247577667,1.0506050825119018,1.042958563566208,1.0354630529880524,1.0290301501750947,1.0224145144224166,1.015250912308693,1.007179668545723,0.9998332589864731,0.9932658523321152,0.98631392121315,0.9777954369783401,0.9707416236400604,0.9622603237628937,0.9539755851030349,0.9465220212936402,0.9384862720966339,0.9298106968402863,0.9217721104621888,0.9124501138925553,0.9046345502138138,0.8955181032419205,0.8863307863473893,0.8769260555505752,0.8673311352729798,0.8586951583623886,0.8487843841314315,0.8393709182739257,0.8294979423284531,0.8209987848997116,0.8101790964603424,0.8004703432321548,0.7898601919412613,0.781046774983406,0.7699679106473922,0.7613872647285461,0.7501991212368011,0.74034463763237,0.7290314495563507,0.7191672146320343,0.7069571703672409,0.6967845290899277,0.6852323144674302,0.6760109543800354,0.6648288875818252,0.6537395924329757,0.6435121953487396,0.6333328396081924,0.6211782068014144,0.6099965542554855,0.5997986376285553,0.5904936403036117,0.5802217692136764,0.5685644209384918,0.5589089930057526,0.5456235647201538,0.5372596681118011,0.5261148184537887,0.5174071252346039,0.5043809622526169,0.49351683259010315,0.4819882243871689,0.470697620511055,0.46090078353881836,0.4495818853378296,0.4397420331835747,0.42720262706279755,0.41850339621305466,0.4075522109866142,0.39750826060771943,0.3875483348965645,0.377473820745945,0.3661150366067886,0.35602418780326844,0.3463578552007675,0.33556167781352997,0.3253205716609955,0.3144152283668518,0.3057011768221855,0.2970100700855255,0.2844455376267433,0.27407485246658325,0.26451316475868225,0.2543501026928425,0.24409344494342805,0.23463504612445832,0.22585393041372298,0.21682432889938355,0.20648089721798896,0.196520908921957,0.18803255930542945,0.1781705565750599,0.16771137416362764,0.15818383023142815,0.1486751653254032,0.1441104605793953,0.13051306307315827,0.12523306608200074,0.11805541403591632,0.10763517208397388,0.10193095393478871,0.09282740652561187,0.0928816270083189,0.08349358588457108,0.07987194918096066,0.07530303038656712,0.0,0.0784093763679266,0.07767555639147758,0.09217994660139084,0.08766082376241684,0.09215557798743249,0.10325216948986053,0.11397670581936836,0.1208750694990158,0.1294374383985996,0.13925131037831306,0.15295904129743576,0.16405572816729547,0.18697433099150657,0.19276460334658624,0.20972048193216325,0.2268214240670204,0.2507088914513588,0.29276545345783234
t_17,1.3316521167755127,1.3296885788440704,1.3306855261325836,1.3288575291633606,1.3276082754135132,1.3265893280506134,1.3234593272209167,1.3213389813899994,1.3181633651256561,1.3170478880405425,1.3144164264202118,1.3121616780757903,1.311641526222229,1.3086725413799285,1.3080477595329285,1.3047504365444182,1.3023710548877716,1.2988284587860108,1.297405833005905,1.294483381509781,1.2920222342014314,1.2907649755477906,1.2881282210350036,1.284929519891739,1.282752227783203,1.2812007665634155,1.2791821718215943,1.2756076514720918,1.272959691286087,1.2717287361621856,1.2680213689804076,1.2654542088508607,1.2638658225536346,1.2591266930103302,1.255747252702713,1.2528827965259552,1.2509301722049713,1.247573983669281,1.2455158174037932,1.2418512403964996,1.2396164059638977,1.2353358507156371,1.2309801280498505,1.2295099139213561,1.2251994013786316,1.2218274772167206,1.216847401857376,1.2137902140617371,1.208473402261734,1.2064675748348237,1.2005621492862701,1.1949377954006195,1.1903950572013855,1.1858929574489594,1.1810939610004425,1.1749462187290192,1.1704933881759643,1.165343689918518,1.1598442554473878,1.1542788922786713,1.1478662967681885,1.1428496539592743,1.1371641397476195,1.1324134349822998,1.1251885294914246,1.1194068670272828,1.1135489106178285,1.1074799060821534,1.1021085858345032,1.0966491758823396,1.09067645072937,1.0835970103740693,1.077284222841263,1.0716298639774322,1.0646380662918091,1.059199821949005,1.052881121635437,1.0449154853820801,1.037431037425995,1.0312853455543518,1.0246499985456468,1.0175362139940263,1.009351223707199,1.0021943300962448,0.9954469084739686,0.9887178778648377,0.9800665467977524,0.9730092227458954,0.9648217707872391,0.9564844906330109,0.9489284783601761,0.9409273833036422,0.9324687272310257,0.9248082101345062,0.9151476800441742,0.9078638345003128,0.8987537592649459,0.889577004313469,0.87977274954319,0.870256495475769,0.8618098199367523,0.8522325664758682,0.8429472506046295,0.8326603770256042,0.8240804105997086,0.8140253871679306,0.8042630046606064,0.793239849805832,0.7845072746276855,0.7739820063114167,0.7655634343624115,0.7536578118801117,0.7444034606218338,0.7333983063697815,0.7230790197849274,0.7112373769283294,0.7014039099216461,0.6900922566652298,0.6798993825912476,0.6687685549259186,0.6577328532934189,0.6484848648309708,0.6385879933834075,0.6265518277883529,0.6152201682329178,0.6053688555955887,0.5960340619087219,0.5858406037092209,0.5743270337581634,0.5641401320695877,0.5515120893716812,0.5431009501218795,0.5322135776281357,0.5221217155456543,0.5107068806886673,0.4997734487056732,0.48852831721305845,0.4773548260331154,0.4676614671945572,0.45622301250696184,0.4467327520251274,0.433938792347908,0.4254241481423378,0.4147167831659317,0.4048221826553345,0.39484930634498594,0.3838893577456474,0.3728690564632416,0.3638703614473343,0.35377559512853624,0.3431401804089546,0.33283487856388094,0.3229509085416794,0.31313828825950624,0.30434547960758207,0.2928955599665642,0.28174859136343,0.2725070044398308,0.2626414239406586,0.25149236619472504,0.24312652125954629,0.2339247815310955,0.22526949048042297,0.21351623088121413,0.2046273909509182,0.19489728584885596,0.18571588695049285,0.17421190068125725,0.16479865610599517,0.15595954954624175,0.14841950461268424,0.13942796215415001,0.13029397279024124,0.1223636131733656,0.11275288201868534,0.10427593253552914,0.09832862354815006,0.09595596753060817,0.08998730704188347,0.07934868671000003,0.07863929644227027,0.0784093763679266,0.0,0.07313736267387867,0.07776953503489495,0.07976385466754436,0.08637191765010357,0.09321980364620686,0.103363923355937,0.11134140156209468,0.12025903984904289,0.13119999468326568,0.14300675988197326,0.15493908226490022,0.1750417061150074,0.18477788046002389,0.20160282850265504,0.2193499408662319,0.24334794655442238,0.2851247817277908
t_16,1.3319409787654877,1.330027848482132,1.3309811711311341,1.3291786313056946,1.3278637647628784,1.3268416285514832,1.3237058758735656,1.3215393006801606,1.3183762669563293,1.3172640264034272,1.3146274507045745,1.312324982881546,1.3118273556232452,1.3088504433631898,1.3081762433052062,1.3048349440097808,1.3024027705192567,1.2989255666732789,1.2974833786487578,1.2945792198181152,1.2920038640499114,1.2907697021961213,1.288147622346878,1.2849020481109619,1.2827294707298278,1.281155377626419,1.2790873229503632,1.2755260944366456,1.2728815615177154,1.27158579826355,1.2679069638252258,1.2653623044490814,1.2636606395244598,1.2590843200683595,1.255698996782303,1.252800953388214,1.250855678319931,1.247526717185974,1.2454445540905,1.2418052911758424,1.2395525813102721,1.2353428959846497,1.2310270965099335,1.2295394718647004,1.2251846075057984,1.221901971101761,1.2170021116733551,1.2139221847057342,1.20866556763649,1.2065543413162232,1.2008318543434142,1.195305770635605,1.1907572805881501,1.1862736761569976,1.1814696431159972,1.1753938376903534,1.170957976579666,1.1658687233924865,1.1603719651699067,1.1549418807029723,1.1485033929347992,1.1435617208480835,1.1379655420780181,1.1330774784088136,1.1260880649089813,1.1202943086624146,1.114479923248291,1.1084463834762572,1.1031424701213837,1.097619754076004,1.0917579233646393,1.0846513628959655,1.0783398568630218,1.0728729128837586,1.0658670365810394,1.0602511763572693,1.0539282202720641,1.0463833570480348,1.038928484916687,1.0325703978538514,1.0260044395923615,1.0188592284917832,1.010951754450798,1.0036162048578263,0.9971583008766174,0.9903262466192245,0.9818210929632187,0.974928417801857,0.9664966523647308,0.9583675235509872,0.9508781373500824,0.9430899113416672,0.9344648331403732,0.9263984113931656,0.9172729432582856,0.9095342606306076,0.9005812913179397,0.8914677619934082,0.8821844100952149,0.8727532625198364,0.8640775173902512,0.8544419556856155,0.8451170325279236,0.8352237731218338,0.8268515110015869,0.8163014709949493,0.8067578405141831,0.7963134497404099,0.7876130104064941,0.7766201496124268,0.7680296510457992,0.7571565330028533,0.7472428202629089,0.7363424122333526,0.7265269011259079,0.714555299282074,0.7046091943979264,0.6933346062898635,0.6843246459960938,0.6731436908245086,0.6623382180929184,0.6522895932197571,0.6420978844165802,0.630364465713501,0.619481161236763,0.6093795269727706,0.5997933506965637,0.5897896975278855,0.5785381615161895,0.5692284911870956,0.5563826650381088,0.5478796750307083,0.5372078508138657,0.5286371201276779,0.5158994555473327,0.5048834055662155,0.49379192143678663,0.4828669384121895,0.47298135310411454,0.4623213529586792,0.45243087559938433,0.4402730867266655,0.4316223695874214,0.42123340666294096,0.4111211284995079,0.4016727387905121,0.3914438530802727,0.38061726540327073,0.3705881327390671,0.3605813324451447,0.35060134530067444,0.33999438136816024,0.33013071566820146,0.32106656283140184,0.3117834523320198,0.3003095582127571,0.2901674970984459,0.2804118454456329,0.27117428183555603,0.26120849549770353,0.25146121606230737,0.24257216230034828,0.23309946954250335,0.22320031523704528,0.2139154151082039,0.2042871505022049,0.1936810128390789,0.18454492464661598,0.1742367587983608,0.16685808300971985,0.15873127654194832,0.14880726709961892,0.1398482345044613,0.13085812255740165,0.12221713624894619,0.11531890742480755,0.1040427502244711,0.1062985260039568,0.09251366294920445,0.08694102466106415,0.07852265611290932,0.07767555639147758,0.07313736267387867,0.0,0.08008944950997829,0.07512177713215351,0.07973920851945877,0.08402513787150383,0.09577009566128254,0.10202072486281395,0.11030991673469544,0.12185885719954967,0.133198631554842,0.14479629918932915,0.1687912128865719,0.17545028924942016,0.19243235588073732,0.20820979326963424,0.23252640441060066,0.2778779059648514
t_15,1.3342279314994812,1.3323099076747895,1.3333080112934113,1.3314818918704987,1.3302473604679108,1.3292642891407014,1.3261524319648743,1.3240639925003053,1.3209379315376282,1.3198300421237945,1.3172036707401276,1.3149953126907348,1.3144760012626648,1.3115476012229919,1.3109281361103058,1.307663768529892,1.3053296566009522,1.3018079996109009,1.3004091560840607,1.297504371404648,1.2950885951519013,1.293837022781372,1.2912276804447174,1.2880555093288422,1.2859168887138366,1.284382665157318,1.282368105649948,1.2788249373435974,1.2761962711811066,1.2749800086021423,1.2712982773780823,1.2687417209148406,1.2671872079372406,1.2624377727508544,1.259095162153244,1.256263130903244,1.2543443322181702,1.2510250151157378,1.2489889442920685,1.2453709721565247,1.243163925409317,1.2389325439929961,1.234621798992157,1.233158814907074,1.2288942217826844,1.2256087720394135,1.2206685304641725,1.217675644159317,1.2124004721641541,1.2104480564594269,1.2046053886413575,1.199072152376175,1.1945834159851074,1.190147829055786,1.1854650020599364,1.1793479919433594,1.1749361515045167,1.1698924541473388,1.164557731151581,1.159083789587021,1.1527537941932677,1.1478171169757843,1.1422397553920747,1.1376078069210052,1.1305478274822236,1.1248063266277313,1.1190533995628358,1.1131091117858887,1.1077842473983766,1.1024381279945374,1.0966474831104278,1.0896835327148438,1.0833661735057831,1.0779725074768067,1.0710634648799897,1.065833532810211,1.0595996022224425,1.0517913818359375,1.0442865550518037,1.0384413182735444,1.0319271326065063,1.024940350651741,1.0169164448976518,1.0097578436136245,1.003211709856987,0.9966030478477478,0.988254600763321,0.9813089460134506,0.9732709556818009,0.9651075839996338,0.957678958773613,0.9498503059148788,0.9413303852081298,0.934050852060318,0.9244234979152679,0.9170899987220764,0.908410906791687,0.8992205917835235,0.8897521048784256,0.8805129706859589,0.8721810936927795,0.862713846564293,0.8534880220890045,0.8432032316923141,0.8348116993904113,0.8250996172428131,0.815579029917717,0.8044918119907379,0.7962666094303131,0.7860098898410797,0.7776460319757461,0.7660172790288925,0.7567861497402191,0.7462150812149048,0.7360217928886413,0.7243761330842972,0.7148891448974609,0.7037217259407044,0.6938224315643311,0.6826884865760803,0.6712223827838898,0.6630125433206558,0.653244748711586,0.6413700848817825,0.6304905623197555,0.6205639004707336,0.6113179147243499,0.6014491051435471,0.5903821170330048,0.5807116150856018,0.5681092202663421,0.5598903745412827,0.5494204223155975,0.539395859837532,0.528292253613472,0.5170161083340645,0.5066105395555496,0.4958005458116531,0.48595215678215026,0.4753252685070038,0.4659102767705917,0.45304238200187685,0.4446587711572647,0.4347769573330879,0.42488227486610414,0.41551097184419633,0.40453171730041504,0.3938235968351364,0.384972970187664,0.3752163961529732,0.36515717655420304,0.35499573200941087,0.3446531444787979,0.3355923667550087,0.3268891409039497,0.31583142131567,0.30493107438087463,0.2961865052580833,0.2858366906642914,0.27505124658346175,0.26713616251945493,0.2584209516644478,0.2499394968152046,0.2365931235253811,0.22885978519916533,0.2198934830725193,0.2086265988647938,0.19847248867154121,0.18975919783115386,0.18110762163996696,0.17437982335686683,0.16357915103435516,0.15411431565880776,0.14374251961708068,0.13674472272396088,0.1280544862151146,0.11721439883112908,0.1161598727107048,0.10851611755788326,0.09223967492580414,0.09563979990780354,0.09217994660139084,0.07776953503489495,0.08008944950997829,0.0,0.07629025727510452,0.08255480453372002,0.08606130219995975,0.08945254720747471,0.09526591524481773,0.10666554644703866,0.11390792094171047,0.12722381427884102,0.13738406896591188,0.15727999359369277,0.16666680574417114,0.1826161675155163,0.2013898566365242,0.22555827274918555,0.2678703412413597
t_14,1.3333151578903197,1.3313803791999816,1.3323472380638122,1.330532479286194,1.3292513251304627,1.3282334148883819,1.3251027047634125,1.3229637682437896,1.319799119234085,1.3186747252941131,1.316036093235016,1.313762331008911,1.3132398188114167,1.3102636516094208,1.3095976769924165,1.3062899649143218,1.303887563943863,1.3003740072250367,1.2989404439926147,1.29600710272789,1.2934978604316711,1.2922442734241486,1.2896140575408936,1.286391657590866,1.2842194199562074,1.2826574265956878,1.2806115865707397,1.2770444095134734,1.274401557445526,1.2731429100036622,1.2694483399391174,1.2668997645378113,1.2652618050575257,1.2606091022491455,1.2572396457195283,1.2543750286102295,1.2524470031261443,1.2491264820098877,1.2470620632171632,1.2434286892414093,1.2412127554416656,1.2369917511940003,1.2326892793178559,1.2312261283397674,1.2269451379776002,1.2236470580101013,1.2187495410442353,1.215728861093521,1.210490620136261,1.2084774196147918,1.20271754860878,1.1972140431404115,1.192715573310852,1.1882718622684478,1.1835555911064148,1.1774962723255158,1.1731173038482665,1.1680447518825532,1.162628960609436,1.1572201073169708,1.1508719205856324,1.1459793984889983,1.1403949975967407,1.1356645464897155,1.1286719739437103,1.1229329764842988,1.1171800196170807,1.1112417876720428,1.1059435188770295,1.1005596756935119,1.094735723733902,1.0877546131610871,1.0814627349376678,1.0760260939598083,1.0691321551799775,1.0637350857257843,1.0575168073177337,1.0498699128627778,1.042496657371521,1.0363619685173036,1.0298636436462403,1.0228076517581939,1.0149105578660964,1.0077491313219071,1.0012524753808976,0.9946260839700699,0.9861786603927613,0.9793240159749985,0.9711505502462388,0.9631220817565918,0.9556465685367584,0.9479356199502945,0.9395133048295975,0.9317442059516907,0.9225433647632599,0.9152062922716141,0.9063200533390046,0.897323727607727,0.8879282057285309,0.8786337494850158,0.8701690316200257,0.8608420610427856,0.8516656279563903,0.841638806462288,0.8333067238330841,0.8233363538980484,0.8139017820358276,0.8033121854066849,0.7947892785072327,0.7842964112758637,0.7758081555366516,0.7647568970918656,0.7551911890506744,0.7447358399629593,0.7347896844148636,0.7230813086032868,0.7135671228170395,0.7025369197130203,0.6931113243103028,0.6821355938911438,0.6714259386062622,0.6621517598628998,0.6522367566823959,0.6407280653715134,0.6299437582492828,0.6201679974794387,0.610702395439148,0.600832748413086,0.5899620026350021,0.5804274260997773,0.568149545788765,0.5597965151071549,0.5494045853614807,0.5402801007032394,0.5285665422677994,0.5177805662155152,0.5071215689182281,0.49637949019670485,0.48656163066625596,0.4761962443590164,0.46679494231939317,0.45452463179826735,0.44625930190086366,0.4360732600092888,0.4261456847190857,0.41674228459596635,0.406259261071682,0.3961341708898544,0.3868173748254776,0.376500703394413,0.3670833483338356,0.3566636607050896,0.3471773162484169,0.3374103605747223,0.328446601331234,0.3183132201433182,0.3073276340961456,0.2982876881957054,0.2887711986899376,0.27850950360298155,0.26933814138174056,0.26065484136343003,0.2521105661988258,0.24064402133226395,0.23186328038573265,0.2220793306827545,0.2126019760966301,0.20221140384674072,0.1922219827771187,0.18382736220955848,0.17654116451740265,0.16684044972062112,0.15772438049316406,0.14700547605752945,0.13852873891592027,0.1293209485709667,0.11929153129458428,0.11780507974326611,0.10712406039237976,0.09517635703086853,0.0916285939514637,0.08766082376241684,0.07976385466754436,0.07512177713215351,0.07629025727510452,0.0,0.070043034106493,0.07153173163533211,0.07627255581319332,0.08172533884644509,0.09117307886481285,0.09992286376655102,0.11518752090632915,0.1253877967596054,0.14781079441308975,0.15511660054326057,0.17208484634757043,0.18960922881960868,0.21447995230555533,0.2599160775542259
t_13,1.3320621609687806,1.330144226551056,1.331084167957306,1.32929470539093,1.3279770016670227,1.3269609570503236,1.3238380014896394,1.321662539243698,1.3185115516185761,1.317395532131195,1.3147637486457824,1.3124529063701629,1.3119499325752257,1.3089766263961793,1.308272010087967,1.304944235086441,1.3025176227092743,1.2990465939044953,1.2976042747497558,1.294701761007309,1.2921175956726074,1.2908784747123718,1.2882578372955322,1.2850299060344696,1.2828490793704987,1.2812737345695495,1.2792206525802612,1.275664496421814,1.2730482757091521,1.2717305779457093,1.26807382106781,1.265562403202057,1.2638563632965087,1.2593323647975923,1.2559589385986327,1.2530631303787232,1.2511490821838378,1.247825264930725,1.245755910873413,1.2421524167060851,1.2399178326129914,1.2357505083084106,1.2315008699893952,1.2300202071666717,1.2257048308849334,1.2224750697612763,1.2176522612571716,1.2145977914333344,1.2094227731227876,1.20731942653656,1.2017128944396973,1.1962775945663453,1.1918070614337921,1.1873943507671356,1.182634526491165,1.1766942381858825,1.1723137199878693,1.1673214614391327,1.1619324386119843,1.1565603375434876,1.1502732813358307,1.1454305768013,1.139935165643692,1.1350690066814422,1.1282485544681549,1.122571587562561,1.1168851912021638,1.110934352874756,1.1057276606559754,1.1003029644489288,1.0945265412330627,1.087526124715805,1.0813718616962433,1.07597536444664,1.06909521818161,1.0634948194026947,1.0572981357574462,1.049986481666565,1.0427112936973573,1.036357295513153,1.0299610495567322,1.0229755103588105,1.0151973903179168,1.0080239653587342,1.0017049878835678,0.9949235081672668,0.9867285937070847,0.9798931032419205,0.971592029929161,0.9636681944131851,0.9564384013414383,0.9486807286739349,0.9402445048093796,0.9323148250579834,0.9234647959470749,0.9157863199710846,0.9069240540266037,0.8980741977691651,0.8891343027353287,0.8798253029584885,0.8714299738407135,0.8618400812149047,0.8527357995510101,0.8433445394039154,0.8351634085178375,0.8245514780282974,0.8152427166700363,0.8051912099123001,0.7966361522674561,0.7859175503253937,0.7775862514972687,0.7671683400869369,0.7574217081069946,0.7466903388500213,0.7373574703931809,0.7255160331726074,0.715804123878479,0.7047088056802749,0.6961077719926834,0.6855436593294144,0.674931389093399,0.6649213016033173,0.6551573395729064,0.643570801615715,0.6330044090747833,0.6232289254665375,0.6143744319677353,0.6045494645833969,0.5935427963733673,0.5845591872930527,0.5718602418899537,0.563929769396782,0.5533035576343537,0.5455159634351731,0.5327215194702148,0.5224566191434861,0.511803649365902,0.5010219231247902,0.491668401658535,0.4811125934123993,0.47164515405893326,0.4601570382714272,0.4516765967011452,0.4412968590855598,0.43184810131788254,0.42233049869537354,0.41310911178588866,0.4026071935892105,0.39289257526397703,0.3836499571800232,0.3732715636491776,0.3633995845913887,0.3533219873905182,0.34489365965127944,0.33640261739492416,0.32485914677381517,0.314886274933815,0.3056949615478516,0.2959945648908615,0.2869052469730377,0.2769794166088104,0.2682185709476471,0.2594467207789421,0.2500638417899609,0.24004430919885636,0.23164205998182297,0.22190984562039376,0.2115758962929249,0.20147789567708968,0.19334659352898598,0.18603850826621054,0.1758214645087719,0.16726150140166282,0.15883453637361528,0.1480245552957058,0.140003003180027,0.1297670267522335,0.12669283300638198,0.11427961587905884,0.10409386903047561,0.10047741904854775,0.09215557798743249,0.08637191765010357,0.07973920851945877,0.08255480453372002,0.070043034106493,0.0,0.072730428352952,0.08030371703207492,0.08010536506772041,0.08845143914222717,0.09505864977836609,0.10748825296759605,0.11896969750523567,0.14272240698337554,0.14602010250091552,0.1630340799689293,0.18053766638040541,0.20607362315058708,0.2522826589643955
t_12,1.333439874649048,1.3315012216567994,1.3324739158153533,1.3306698024272918,1.3294111430644988,1.3283934414386749,1.325286054611206,1.323180091381073,1.320045953989029,1.3189414143562317,1.3163286745548248,1.3140831589698792,1.3135634005069732,1.3106143295764923,1.309979546070099,1.3067177951335907,1.3043458461761475,1.3008731484413147,1.2994467556476592,1.2965597689151764,1.2941165328025819,1.2928689956665038,1.2902861833572388,1.2871130526065826,1.2849827408790588,1.2834522306919098,1.2814488232135772,1.2779289126396178,1.275318431854248,1.2741032600402833,1.270467209815979,1.2679190576076507,1.2663763105869292,1.2617086231708527,1.2583809435367583,1.2555731892585755,1.2536388635635376,1.2503686606884004,1.2483506143093108,1.2447548270225526,1.2425710260868073,1.238384622335434,1.2341222763061523,1.2326809108257293,1.2284593641757966,1.2251869678497314,1.220299905538559,1.2173394203186034,1.2121308505535127,1.2101894438266754,1.2044286251068115,1.1989401936531068,1.1945218682289123,1.1901149690151214,1.1854328095912934,1.1794135570526123,1.1750863134860992,1.1700841248035432,1.1646933376789093,1.1593006193637847,1.1530340015888214,1.148153978586197,1.1426374077796937,1.1380127310752868,1.1309859693050384,1.1253511369228364,1.119631177186966,1.1137414753437043,1.1085305094718934,1.103181540966034,1.0974020600318908,1.0905117571353913,1.0843473851680756,1.0788842678070067,1.0720542430877686,1.0668121993541717,1.0606495320796967,1.0529150426387788,1.045634686946869,1.0396791636943816,1.033212459087372,1.0262703776359559,1.0183744251728057,1.0114092409610749,1.004889965057373,0.9984060108661652,0.9899496048688888,0.983186811208725,0.9752139955759048,0.9671719163656235,0.9598068565130233,0.9521615713834762,0.9439113736152649,0.9364816069602966,0.927147626876831,0.9200915485620499,0.911325392127037,0.9024153381586075,0.8930306017398835,0.8838571429252624,0.875625491142273,0.8664440900087357,0.8574720233678818,0.8475350588560104,0.8393019914627076,0.829616379737854,0.8202217519283295,0.8097013711929322,0.8013134688138962,0.7911209851503372,0.7830447852611542,0.7716602861881257,0.7627624630928039,0.752233573794365,0.7423292100429535,0.7310962587594986,0.7216475218534469,0.7108747869729996,0.7012715816497803,0.6905667036771774,0.6801116585731506,0.6712433785200119,0.6617969542741775,0.6503638178110123,0.6396980196237564,0.6302943408489228,0.6213493674993515,0.6117053002119064,0.6007921427488327,0.5912542164325714,0.5793389797210693,0.571298110485077,0.5611017107963562,0.5515480220317841,0.5408029317855835,0.5303104460239411,0.5196804940700531,0.5092488989233971,0.49996150881052015,0.48942605704069136,0.4802609235048294,0.46834840774536135,0.4602846890687943,0.4502936527132988,0.4408204033970833,0.4316481381654739,0.4211559906601906,0.4109299048781395,0.40218537896871565,0.39273020923137664,0.3827319860458374,0.37296452075243,0.36364209204912185,0.3548649176955223,0.3461818903684616,0.33519152700901034,0.32507836520671846,0.31578115820884706,0.30700385123491286,0.29637295603752134,0.28797150403261185,0.2794788256287575,0.27048167735338213,0.2591628015041351,0.25164406299591063,0.24149971231818199,0.23196914792060852,0.22109479531645776,0.2122025489807129,0.20352606400847434,0.1947922222316265,0.18672277852892877,0.17625919729471207,0.1660749889910221,0.15730679854750634,0.14836968928575517,0.13982198163866996,0.13347339555621146,0.12366866841912269,0.11438870914280415,0.10905183106660843,0.10325216948986053,0.09321980364620686,0.08402513787150383,0.08606130219995975,0.07153173163533211,0.072730428352952,0.0,0.0699307907372713,0.07145010270178317,0.08222064301371575,0.08466102369129658,0.09268973097205162,0.10734038092195988,0.12660947479307652,0.13574111312627793,0.15209322795271873,0.16928505450487136,0.19424432292580604,0.2418822906911373
t_11,1.3349020302295684,1.3329306960105896,1.3339537858963013,1.3321148574352264,1.3309124827384948,1.3299105048179627,1.32679226398468,1.324747133255005,1.3216117858886718,1.320499175786972,1.3178874909877778,1.3156941413879395,1.3151526868343353,1.3122239708900452,1.3116280376911162,1.3084174931049346,1.3060913562774659,1.302557897567749,1.3011583089828491,1.2982502281665802,1.2959214508533479,1.2946536540985107,1.2920638740062713,1.2889269232749938,1.2868076741695404,1.2852993190288544,1.2833155870437623,1.2798025846481322,1.2771793127059936,1.2760238885879516,1.2723661422729493,1.2698022067546844,1.2683572947978974,1.263550066947937,1.260243195295334,1.257469767332077,1.2555480360984803,1.2522757649421692,1.2502903282642364,1.2466886341571808,1.2445332944393157,1.2403021931648255,1.2360202252864838,1.2346061706542968,1.2304726243019104,1.2271404981613159,1.2222016274929046,1.2193017244338988,1.2140705466270447,1.2122586369514465,1.206359612941742,1.200856363773346,1.1964784026145936,1.1920710444450378,1.187489926815033,1.1814006328582765,1.1771054446697236,1.172099483013153,1.1667731881141663,1.1613749086856842,1.155165159702301,1.1502746522426606,1.1447241365909577,1.1403262495994568,1.1332115054130554,1.1275655448436737,1.1218473613262177,1.1160554945468903,1.1107944011688233,1.1055924355983735,1.0998268723487854,1.0930411279201508,1.08681823015213,1.0813682854175568,1.0746257543563842,1.0696892619132996,1.0635756254196167,1.0555518090724945,1.0482555627822876,1.042671310901642,1.036160832643509,1.029298448562622,1.0213501542806624,1.0145061880350112,1.0078858077526092,1.001632621884346,0.9931098729372024,0.986363810300827,0.9786523640155792,0.9705882430076599,0.9631478279829025,0.9555993527173996,0.9474995762109757,0.9404620289802551,0.9307989776134491,0.9241678327322006,0.9155672937631607,0.9066590666770935,0.8969377368688584,0.8879353493452072,0.8798496752977372,0.8710079550743103,0.8621118485927581,0.8517230570316314,0.8434600025415421,0.8345811754465103,0.8251652598381043,0.8142175227403641,0.806056821346283,0.7963760375976563,0.7883602529764175,0.7764277726411819,0.7679719507694245,0.7578032732009887,0.7475384145975112,0.7366280645132065,0.7275580108165741,0.7170581668615341,0.7066149711608887,0.6958476006984711,0.6853224247694015,0.67752425968647,0.6683152168989182,0.6571553468704223,0.6464404612779617,0.6371877610683441,0.6280817180871964,0.6186051100492478,0.6081050843000412,0.5982132017612457,0.5867706716060639,0.5787179470062256,0.5689067155122757,0.5582423716783523,0.5487569749355317,0.5381118595600128,0.5277720719575882,0.5176055431365967,0.508331423997879,0.4980162173509598,0.4892470881342888,0.47685374319553375,0.46924610435962677,0.45955355167388917,0.4502599433064461,0.44116687774658203,0.42987150847911837,0.4200210705399513,0.4121261551976204,0.4023712530732155,0.39320756644010546,0.38334827721118925,0.37409573793411255,0.36497958600521085,0.3564682126045227,0.3464353308081627,0.33565072268247603,0.327188079059124,0.3181242436170578,0.3068287417292595,0.29941720366477964,0.29105366915464403,0.28288181126117706,0.2698219880461693,0.2630092024803162,0.25280170515179634,0.2433737635612488,0.23295330852270127,0.2243652805685997,0.21499982476234436,0.2068238601088524,0.19839732646942138,0.18823931142687797,0.17642392218112946,0.16846704557538034,0.15996790081262588,0.15015685558319092,0.1442917838692665,0.13578770756721498,0.12362365387380123,0.11828928627073765,0.11397670581936836,0.103363923355937,0.09577009566128254,0.08945254720747471,0.07627255581319332,0.08030371703207492,0.0699307907372713,0.0,0.07418198250234127,0.07431321702897549,0.07904542684555053,0.0882125161588192,0.09835580065846443,0.11608541905879974,0.1267102137207985,0.14298675656318666,0.16176165491342545,0.18644218966364862,0.23262690082192422
t_10,1.3338501453399658,1.3319339215755464,1.3328713417053222,1.3310810983181,1.3297868490219116,1.328769212961197,1.3256586194038391,1.3235244631767273,1.3203929543495179,1.3192771077156067,1.3166607916355133,1.314389133453369,1.313864666223526,1.3109020113945007,1.3102277755737304,1.306935966014862,1.3045324206352233,1.30108402967453,1.299646520614624,1.2967532753944397,1.2942357122898103,1.292996209859848,1.2904082119464875,1.2872156381607056,1.2850700974464417,1.283522790670395,1.281497448682785,1.277977204322815,1.2753785490989684,1.2741223573684692,1.2704916715621948,1.267986536026001,1.2663778424263001,1.261809414625168,1.2584922194480896,1.255665624141693,1.2537561535835267,1.250506591796875,1.2484778761863708,1.244916206598282,1.242747414112091,1.2386168360710144,1.2344002664089202,1.2329633414745331,1.2287302613258362,1.225546658039093,1.2207522690296173,1.2177918195724486,1.212657243013382,1.2106714248657227,1.2050758957862855,1.1997044563293457,1.1953147649765015,1.1909635365009308,1.1863192319869995,1.1804165065288543,1.1761431038379668,1.1712145388126374,1.165898621082306,1.1606368899345398,1.1544303953647614,1.1496639549732208,1.1442423582077026,1.1395670473575592,1.1327838242053985,1.1271811783313752,1.1215797245502472,1.1157675206661224,1.1106299579143524,1.1053198754787446,1.099659365415573,1.0928240597248078,1.0867070972919464,1.081424242258072,1.074656593799591,1.0693444430828094,1.0632734775543213,1.0559148371219635,1.0487374901771545,1.0426720261573792,1.0363757073879243,1.029493498802185,1.0218315929174424,1.0148346245288848,1.008571633696556,1.002069091796875,0.9938968658447266,0.987250593304634,0.9792461156845093,0.9714515060186386,0.9642366826534271,0.956725350022316,0.9484841465950012,0.9409147948026657,0.932062166929245,0.924813860654831,0.916176974773407,0.9074339181184768,0.8985268384218216,0.8894797503948212,0.8812732756137848,0.8721114069223403,0.8632349371910095,0.8537056565284729,0.8456814676523209,0.8357842653989792,0.8266811847686768,0.8166200011968613,0.8083562821149826,0.7980945408344269,0.7899858772754669,0.779477921128273,0.7702158361673355,0.7599884361028671,0.7505372405052185,0.739257636666298,0.7299911618232727,0.7192942827939988,0.710564661026001,0.7001068770885468,0.6898028433322907,0.6806656807661057,0.6711752265691757,0.6600084185600281,0.6497925698757172,0.6404183775186538,0.6315400540828705,0.6221351623535156,0.6115579813718796,0.6026391893625259,0.5907425552606582,0.5828660428524017,0.5728506833314896,0.5644281297922135,0.5530953496694565,0.542835396528244,0.5326915860176087,0.5224341183900834,0.5131432086229324,0.50326127409935,0.49413922280073164,0.4827710688114166,0.47470754832029344,0.4650598019361496,0.455656124651432,0.446771003305912,0.43717949390411376,0.42735045552253725,0.41829097718000413,0.408878980576992,0.3993362903594971,0.3896769717335701,0.3806127145886421,0.37177249789237976,0.3632611960172653,0.3529120147228241,0.34315878450870513,0.33414466828107836,0.3253798708319664,0.3156972348690033,0.30693854093551637,0.2985289439558983,0.2897709012031555,0.2795489922165871,0.2710283398628235,0.2619075641036034,0.25209194272756574,0.24206277057528497,0.23292403295636177,0.22471438571810723,0.21687788292765617,0.20760765597224234,0.19786670356988906,0.18834063559770584,0.17976728230714797,0.17038700729608536,0.16058804616332054,0.15512386113405227,0.1453455276787281,0.13347000926733016,0.1294773418456316,0.1208750694990158,0.11134140156209468,0.10202072486281395,0.09526591524481773,0.08172533884644509,0.08010536506772041,0.07145010270178317,0.07418198250234127,0.0,0.07454258278012275,0.07450621165335178,0.08316409774124622,0.09301707819104195,0.11417223811149597,0.1184196189045906,0.13380794674158097,0.15071580782532693,0.17594154700636863,0.22511858195066453
t_9,1.333565104007721,1.3316447854042053,1.3325814604759216,1.3307840764522552,1.3294857263565063,1.3284627974033356,1.325331801176071,1.3231851518154145,1.3200318574905396,1.3188995659351348,1.3162772059440613,1.313983428478241,1.3134649097919464,1.3104999125003816,1.309796816110611,1.3065025448799132,1.3040881514549256,1.3006158828735352,1.299184376001358,1.2962730407714844,1.2937275826931,1.2924955904483795,1.289882880449295,1.2866781175136566,1.284518402814865,1.2829633891582488,1.2809120893478394,1.2773946225643158,1.274769800901413,1.2734998703002929,1.2698659539222716,1.2673666596412658,1.265706729888916,1.261184698343277,1.2578643620014192,1.2550310850143434,1.253142672777176,1.2498743653297424,1.247844934463501,1.244272094964981,1.2421113133430481,1.2379860997200012,1.2337736666202546,1.2323408246040344,1.2281476736068726,1.224933910369873,1.2201443672180177,1.2171988487243652,1.2120817959308625,1.210079437494278,1.2045125722885133,1.1991784691810607,1.1948025465011596,1.1904400765895844,1.185831755399704,1.1799533665180206,1.1756938636302947,1.1707622289657593,1.1654478192329407,1.1602388441562652,1.1540534734725951,1.149330919981003,1.1438913941383362,1.1392148852348327,1.1325201570987702,1.1268953680992126,1.1213054478168487,1.1155646800994874,1.1104113340377808,1.1051765263080597,1.0995137870311738,1.0927049815654755,1.0865626394748689,1.0813185691833496,1.0746244490146637,1.069266664981842,1.0632273077964782,1.0559662520885467,1.0488617479801179,1.0427396655082704,1.0364334404468536,1.029567950963974,1.0220295459032058,1.0150125086307527,1.0088311463594437,1.0023419469594956,0.9941946387290954,0.9876059859991073,0.9795591115951539,0.9719150751829148,0.9646764993667603,0.9573248893022537,0.9491797059774398,0.9413425713777542,0.9327569454908371,0.9255285680294036,0.9168984889984131,0.9083292752504348,0.8994518667459488,0.8904674768447876,0.8822104275226593,0.8732217818498611,0.8643558561801911,0.854945495724678,0.846990418434143,0.8371036171913147,0.8281278997659683,0.8183173060417175,0.8100432097911835,0.799738985300064,0.7915049403905868,0.7814626127481461,0.7719289809465408,0.7619682580232621,0.7527180522680282,0.741392907500267,0.732299518585205,0.7217643082141876,0.713262864947319,0.7028288453817367,0.6929343700408935,0.6834486186504364,0.6738696247339249,0.663200107216835,0.6530352473258972,0.6437132060527802,0.6345160156488419,0.6252750188112259,0.615106824040413,0.6063810408115387,0.5946150213479996,0.5866490662097931,0.5768803358078003,0.569097501039505,0.5572901368141174,0.5473627805709839,0.5372468501329422,0.5271385729312896,0.5178890660405159,0.5083794817328453,0.4994570419192314,0.48825191855430605,0.48049466162919996,0.4708853542804718,0.46151297986507417,0.4528033763170242,0.4434129387140274,0.4338958203792572,0.4247998520731926,0.4150667816400528,0.40662367939949035,0.3967245116829872,0.38782458305358886,0.3786192163825035,0.37012394815683364,0.3608256608247757,0.3507652789354324,0.3422225371003151,0.33339333683252337,0.32431684136390687,0.31517225950956346,0.3069125011563301,0.2989925280213356,0.2891118451952934,0.27962728291749955,0.27107583433389665,0.26214715987443926,0.25274288952350615,0.2427128218114376,0.2345980480313301,0.22728342041373253,0.21741399317979812,0.20907713398337363,0.19893079325556756,0.19011322259902955,0.18113164007663726,0.17064211890101433,0.1670794390141964,0.15473977327346802,0.1449551075696945,0.13552129790186881,0.1294374383985996,0.12025903984904289,0.11030991673469544,0.10666554644703866,0.09117307886481285,0.08845143914222717,0.08222064301371575,0.07431321702897549,0.07454258278012275,0.0,0.07490332126617431,0.08304522559046745,0.0849673043936491,0.1129938956350088,0.11165645495057105,0.12760986238718033,0.14315380826592444,0.16839586570858955,0.2180345393717289
t_8,1.3345472872257234,1.3325975298881532,1.333581119775772,1.3317732572555543,1.330532044172287,1.3295287787914276,1.3264218151569367,1.3243377745151519,1.321221899986267,1.3201104938983916,1.3175000965595245,1.3152780055999755,1.3147402703762054,1.3118176698684691,1.3111749053001405,1.3079479336738586,1.3056009888648987,1.302115833759308,1.3007081151008606,1.2978196442127228,1.2954107344150543,1.2941583156585694,1.291585236787796,1.2884410202503205,1.2863171339035033,1.2847941160202025,1.2828062415122985,1.279301828145981,1.2767006576061248,1.2754901468753814,1.2718824446201324,1.2693498849868774,1.2678524136543274,1.2631914556026458,1.2599121034145355,1.257124525308609,1.2552322745323181,1.2519914865493775,1.2500012338161468,1.2464578926563263,1.2443138241767884,1.2401667475700378,1.2359658658504487,1.2345386922359467,1.2304223358631134,1.2271898150444032,1.2223569333553315,1.2194786727428437,1.2143441438674927,1.2124775767326355,1.2067968130111695,1.2014293015003203,1.1971246719360351,1.1927894949913025,1.1882438361644745,1.1823082447052002,1.1780836284160614,1.1732076942920684,1.1679653525352478,1.1626771092414856,1.1565988302230834,1.1518315374851227,1.1464233934879302,1.1419530987739563,1.1351084768772126,1.1295664608478546,1.1239908993244172,1.1182656347751618,1.113161313533783,1.1079909443855285,1.1023582875728608,1.0956437289714813,1.089603638648987,1.084299474954605,1.0776481091976167,1.0726113975048066,1.0666040003299713,1.059003049135208,1.0519114911556244,1.046200293302536,1.0398828506469726,1.0331668913364411,1.0254527091979981,1.0186825960874557,1.0123513728380202,1.0060499548912047,0.9978852450847626,0.9912669271230697,0.9835545420646667,0.9757093280553818,0.9686078995466232,0.9611516714096069,0.9531377047300339,0.9460248827934266,0.9368560910224915,0.9300027400255203,0.9215834856033325,0.9129461765289306,0.9038491547107697,0.8949801027774811,0.8870567053556442,0.8781292200088501,0.8694267034530639,0.859808349609375,0.8518287062644958,0.8425359904766083,0.8334126681089401,0.8231869965791703,0.8151703208684922,0.8054327607154846,0.7976386100053787,0.7866222560405731,0.7780915826559067,0.7679068982601166,0.7584338963031769,0.7475991189479828,0.7385536015033722,0.7282133013010025,0.7189017534255981,0.7086294382810593,0.6984962344169616,0.6901430934667587,0.6811818838119507,0.6703060001134873,0.6600565969944,0.6509974628686905,0.642554035782814,0.6333704918622971,0.6230532824993134,0.6139163315296173,0.6024016231298447,0.5948766648769379,0.5851245135068893,0.5760331928730011,0.565812686085701,0.5558981895446777,0.5457473516464233,0.5358692348003388,0.5271524786949158,0.5171766489744186,0.5085733726620674,0.49698946326971055,0.4896519586443901,0.48001583367586137,0.4712303340435028,0.46239268928766253,0.45256014317274096,0.4427258774638176,0.434524641931057,0.42590858042240143,0.4165373980998993,0.4073632910847664,0.3978235647082329,0.3899886399507523,0.38207444101572036,0.3713811531662941,0.3617436781525612,0.3533663973212242,0.3443667143583298,0.3342653393745422,0.326566207408905,0.318495437502861,0.31029955595731734,0.2991736888885498,0.29165139347314833,0.2826755553483963,0.2733920216560364,0.26304294914007187,0.25461389422416686,0.24550994709134102,0.2379673093557358,0.22862069457769393,0.21934011429548264,0.20942200124263763,0.20002937018871308,0.19166505187749863,0.18178612738847733,0.17465398386120795,0.16547613516449927,0.1542252391576767,0.14941168576478958,0.13925131037831306,0.13119999468326568,0.12185885719954967,0.11390792094171047,0.09992286376655102,0.09505864977836609,0.08466102369129658,0.07904542684555053,0.07450621165335178,0.07490332126617431,0.0,0.07042620554566384,0.07608491703867912,0.09351879060268402,0.09388951435685158,0.1094658464193344,0.1289525642991066,0.15362622886896132,0.20272034481167794
t_7,1.3351679921150208,1.3332065284252166,1.3341969132423401,1.332396185398102,1.331174612045288,1.3301620483398438,1.3270763337612153,1.3250277280807494,1.3219253361225127,1.320827841758728,1.31823188662529,1.3160446524620055,1.3154972612857818,1.3125776648521423,1.3119841396808625,1.308788573741913,1.3064553141593933,1.3029958486557007,1.3015771865844727,1.298705768585205,1.2963733851909638,1.2951117634773255,1.2925714552402496,1.2894700169563293,1.287367695569992,1.2858696937561036,1.2839196562767028,1.2804433286190033,1.2778666317462921,1.2767164289951325,1.2731196641921998,1.270581418275833,1.2691828191280365,1.2644522190093994,1.2612011551856994,1.2584589540958404,1.2565371990203857,1.2533543527126312,1.251403307914734,1.24786696434021,1.245764571428299,1.2416077435016633,1.2374090671539306,1.2360150873661042,1.2319287538528443,1.228692990541458,1.2238489627838134,1.221003270149231,1.2158737659454346,1.2140932619571685,1.2083466410636903,1.202950006723404,1.198683738708496,1.1943617045879364,1.189842128753662,1.1839176177978517,1.1797402262687684,1.1748587310314178,1.1695934891700746,1.1643038153648377,1.158243089914322,1.1534618854522705,1.148065334558487,1.1437202274799347,1.1367391705513001,1.1312815487384795,1.1257169246673584,1.1199944198131562,1.1149316489696504,1.109778356552124,1.1041472136974335,1.0974921882152557,1.0915179789066314,1.0861173927783967,1.0795008897781373,1.07463196516037,1.068675422668457,1.0608526527881623,1.0537835717201234,1.048229342699051,1.0419123649597168,1.0352298200130463,1.027421587705612,1.0208449870347978,1.014365804195404,1.0082185089588165,0.9999131619930267,0.9933354824781417,0.9858450949192047,0.9779279917478562,0.9707898259162903,0.9633378446102142,0.9554819792509079,0.9487232029438019,0.9392808467149735,0.9328498035669327,0.9244012355804443,0.9157475978136063,0.9064431399106979,0.8976128071546554,0.8898617655038834,0.8811580121517182,0.8726286947727203,0.8627863675355911,0.8547824740409851,0.8459715396165848,0.8368299543857575,0.826361671090126,0.8183793365955353,0.809006005525589,0.8015233844518661,0.7898728579282761,0.7819977819919586,0.7718851447105408,0.7620927572250367,0.7517049491405488,0.7427803754806519,0.7326275259256363,0.7227219104766845,0.7126583874225616,0.7026278406381607,0.6948964059352875,0.686312609910965,0.6753396064043045,0.6650994896888733,0.6564210563898086,0.6482309192419052,0.6391370803117752,0.628714320063591,0.6192910492420196,0.6083259493112564,0.6008898943662644,0.591348934173584,0.5811954408884048,0.5723124712705612,0.5624479562044143,0.5525144547224045,0.5427928566932678,0.5342985838651657,0.5241050034761429,0.5156810343265533,0.5043979659676552,0.4969258368015289,0.48763090968132017,0.4791104972362518,0.4704785495996475,0.46014024764299394,0.4504861205816269,0.4430880442261696,0.4344966486096382,0.4246960461139679,0.41593374162912367,0.4072215437889099,0.39933185279369354,0.3914762154221535,0.38077260851860045,0.3713334932923317,0.3628172278404236,0.35468538105487823,0.34402595162391664,0.33706368803977965,0.3291009500622749,0.3205364689230919,0.30931311547756196,0.3028441995382309,0.2932773619890213,0.2841432198882103,0.27352436929941176,0.265988752245903,0.2566537171602249,0.24824462160468103,0.24068374037742615,0.23045337200164795,0.22045672088861465,0.21210950314998628,0.2034426897764206,0.1957067146897316,0.18598396480083465,0.17894886657595635,0.16807572469115256,0.16293809339404106,0.15295904129743576,0.14300675988197326,0.133198631554842,0.12722381427884102,0.11518752090632915,0.10748825296759605,0.09268973097205162,0.0882125161588192,0.08316409774124622,0.08304522559046745,0.07042620554566384,0.0,0.07265631258487701,0.08258372023701668,0.08924536183476448,0.10192344039678573,0.11959792487323284,0.143073882907629,0.19207838103175162
t_6,1.3352405250072479,1.3332960903644562,1.334270703792572,1.3324628293514251,1.3312242090702058,1.3302163064479828,1.3271119892597198,1.3250449359416963,1.3219401478767394,1.32083198428154,1.3182294845581055,1.3160210132598877,1.3154792726039886,1.312558662891388,1.3119250535964966,1.3087143540382384,1.3063608050346374,1.3029052913188934,1.3014893352985382,1.29860959649086,1.2962123572826385,1.2949629604816437,1.2924128770828247,1.2892838060855865,1.2871752560138703,1.2856642186641694,1.2836857855319976,1.2802048742771148,1.277619367837906,1.2764222145080566,1.2728342175483705,1.2703151166439057,1.268838632106781,1.2641917407512664,1.2609245717525481,1.2581636607646942,1.2562563121318817,1.2530619144439696,1.251096260547638,1.2475757420063018,1.2454648435115814,1.2413445949554442,1.237170433998108,1.2357639789581298,1.2316785991191863,1.2284789860248566,1.2236735045909881,1.2208306193351746,1.2157431602478028,1.2139114439487457,1.2082703351974486,1.202946799993515,1.19869264960289,1.19439355134964,1.189884638786316,1.1840089738368988,1.1798502385616303,1.175010895729065,1.1698037266731263,1.1646039187908173,1.1585687339305877,1.1538490533828736,1.1484978199005127,1.1440975844860077,1.1372921884059906,1.1318199276924132,1.1262998044490815,1.120643573999405,1.1156041383743287,1.1104782402515412,1.1049110770225525,1.0982758581638337,1.0922865748405457,1.0870302677154542,1.080452573299408,1.0755013525485992,1.0695777595043183,1.0620095908641816,1.0549863040447236,1.049363100528717,1.043098384141922,1.0364514231681823,1.0288212180137635,1.0221622705459594,1.0158770591020585,1.0096903771162034,1.0015551656484605,0.9950443297624588,0.9874708741903305,0.9797372847795487,0.9726651191711426,0.9653650164604187,0.9574788361787796,0.9504921853542327,0.9414087146520614,0.9347804009914398,0.9264388382434845,0.9179195135831832,0.9088767141103744,0.9001499235630035,0.8923497170209884,0.883634141087532,0.8751029819250107,0.8655399948358535,0.8576759994029999,0.8486455261707306,0.8396855235099793,0.8295829921960831,0.8216766536235809,0.8121432900428772,0.8045278459787368,0.7935972005128861,0.7853117913007737,0.7753887057304383,0.765941733121872,0.7554412424564362,0.7466228157281876,0.7365186810493469,0.7272633016109467,0.7171974241733551,0.7073392480611801,0.6992728918790817,0.6905221194028854,0.679870554804802,0.6698903620243073,0.6610965400934219,0.6527354270219803,0.6438428550958634,0.6337111681699753,0.6247620135545731,0.6137079209089279,0.6062941968441009,0.5968784809112548,0.5877029567956924,0.5781207412481308,0.5683961600065232,0.5586270272731781,0.5490624874830246,0.5405455350875854,0.530834287405014,0.5224587976932525,0.5113749235868454,0.5040761679410934,0.4949912816286087,0.4864056333899498,0.4779622688889503,0.4682584434747696,0.45874014794826506,0.45101296305656435,0.44244708120822906,0.43332112580537796,0.4245049223303795,0.41566013395786283,0.4078192725777626,0.39996242225170137,0.3897995337843895,0.3806729480624199,0.372382789850235,0.36413891017436983,0.3542188391089439,0.34699316918849943,0.33898116648197174,0.33095666766166687,0.3202181294560432,0.31298037320375444,0.3042800724506378,0.29516911655664446,0.2853673353791237,0.2772575423121452,0.2685473278164864,0.2606839507818222,0.25207494124770163,0.24294394329190255,0.23306387215852736,0.2245760053396225,0.21630650013685226,0.2069826602935791,0.19956281483173371,0.1908137671649456,0.1802224449813366,0.1741054907441139,0.16405572816729547,0.15493908226490022,0.14479629918932915,0.13738406896591188,0.1253877967596054,0.11896969750523567,0.10734038092195988,0.09835580065846443,0.09301707819104195,0.0849673043936491,0.07608491703867912,0.07265631258487701,0.0,0.08497218936681747,0.08321760818362237,0.09460436962544919,0.11046181768178939,0.13295336663722992,0.18129929006099701
t_5,1.3377359747886657,1.3356844365596772,1.336799567937851,1.3349341690540313,1.3338797330856322,1.332895928621292,1.3298349142074586,1.327955138683319,1.3248795926570893,1.3237961828708649,1.321234780550003,1.3192104399204254,1.3186104834079742,1.3157621920108795,1.315324854850769,1.3122981429100036,1.310136181116104,1.306562900543213,1.305213165283203,1.3023304998874665,1.3003577768802643,1.2990530729293823,1.296557766199112,1.2935928285121918,1.291574615240097,1.2901537120342255,1.2883297860622407,1.2848981022834778,1.2823278725147247,1.2813879668712616,1.277785414457321,1.2751616954803466,1.2741309583187104,1.2689996361732483,1.2658256411552429,1.2632273316383362,1.2613005101680757,1.258159774541855,1.2563250064849854,1.2527814269065858,1.2507539629936217,1.246498942375183,1.2422663033008576,1.2409483253955842,1.2370909452438354,1.2336922883987427,1.228663158416748,1.2260130584239959,1.2207958817481994,1.2194206893444062,1.2132447183132171,1.2077190697193145,1.2035860955715179,1.1992565631866454,1.1949424862861633,1.188819569349289,1.1847254753112793,1.179833608865738,1.1746507167816163,1.1692302227020264,1.163309919834137,1.158419919013977,1.1529239594936371,1.149198842048645,1.141743540763855,1.136378562450409,1.1307461977005004,1.125173181295395,1.1200505495071411,1.11518292427063,1.1094922482967378,1.1031007289886474,1.097121775150299,1.0915120601654054,1.0850717961788177,1.081040382385254,1.0751835405826569,1.0662936985492706,1.0592223942279815,1.0546710729598998,1.0482044398784638,1.0417213022708893,1.0335424542427063,1.0275082230567931,1.0205049872398377,1.0150263249874114,1.0062837719917297,0.9997072488069534,0.993056446313858,0.9848342537879944,0.9775416374206543,0.9701726853847503,0.962842372059822,0.9574045956134796,0.9466999024152756,0.9417037934064865,0.9334956347942353,0.9248031109571457,0.9143876075744629,0.9058371603488922,0.89863121509552,0.8907471776008606,0.8825532823801041,0.8715577840805053,0.8633807957172394,0.8566919833421707,0.847295942902565,0.835651296377182,0.8280489951372146,0.8201669871807098,0.8132822185754776,0.7993672668933869,0.7934701353311538,0.7837548315525055,0.7728336751461029,0.763645687699318,0.7553702592849731,0.7459372222423554,0.7334069788455964,0.7233980178833008,0.7134635418653488,0.7084167867898941,0.7008881330490112,0.6901983439922332,0.679561710357666,0.6716651201248169,0.6637849152088166,0.6549742490053176,0.6448984116315841,0.6341669380664825,0.624689707159996,0.6174231678247452,0.6085958153009414,0.5948117017745972,0.5901061803102493,0.5801171571016311,0.5704419434070587,0.5613081872463226,0.553367069363594,0.5428822487592697,0.5354325354099274,0.5232534557580948,0.5168444484472274,0.5079482659697533,0.5001733705401421,0.4916737094521523,0.4793189227581024,0.47017087787389755,0.4652334049344063,0.45684919953346254,0.44743908643722535,0.43917076140642164,0.43101450651884077,0.4232058599591255,0.415773993730545,0.4059250861406326,0.39591300785541533,0.3883905827999115,0.380741223692894,0.36807532906532286,0.3638174504041672,0.3562390372157097,0.34848170578479765,0.33456688523292544,0.33108906000852584,0.3201253518462181,0.3119823932647705,0.30066526830196383,0.2952375501394272,0.28478625416755676,0.27603447884321214,0.2706424996256828,0.25902468264102935,0.24842791482806206,0.24122292995452882,0.23283533081412316,0.22747335359454154,0.21364146918058396,0.21253539323806764,0.19969751462340354,0.19610300287604332,0.18697433099150657,0.1750417061150074,0.1687912128865719,0.15727999359369277,0.14781079441308975,0.14272240698337554,0.12660947479307652,0.11608541905879974,0.11417223811149597,0.1129938956350088,0.09351879060268402,0.08258372023701668,0.08497218936681747,0.0,0.08544938676059247,0.09153293333947658,0.10929387509822845,0.12719321474432946,0.1691082462668419
t_4,1.3346945583820342,1.332741928100586,1.3337159276008606,1.3319089770317079,1.3306762337684632,1.329671674966812,1.3265607416629792,1.3244833767414093,1.3213740408420562,1.3202592134475708,1.317653739452362,1.3154265582561493,1.3148881137371062,1.3119731187820434,1.3113120317459106,1.3081045866012573,1.3057508766651154,1.3022714376449585,1.3008609473705293,1.2979687929153443,1.2955638945102692,1.2943104565143586,1.2917505741119384,1.288627314567566,1.2865103781223297,1.28498917222023,1.2830104231834412,1.2795308768749236,1.2769469380378724,1.2757400929927827,1.2721667528152465,1.2696555972099304,1.2681795060634613,1.263550841808319,1.260297679901123,1.2575343191623687,1.2556564807891846,1.252453202009201,1.2504962146282197,1.2469975888729095,1.2448963880538941,1.2408020198345184,1.2366613149642944,1.2352553009986877,1.2312230110168456,1.2280448973178864,1.2232710480690003,1.220461255311966,1.2154211342334746,1.213613998889923,1.2080386281013489,1.2027786254882813,1.1985947489738464,1.1943365037441254,1.1898964643478394,1.1840803503990174,1.1799673855304718,1.1752127707004547,1.1700781166553498,1.16491339802742,1.1589995205402375,1.1543420195579528,1.149047416448593,1.1447039246559143,1.1380168497562408,1.132615512609482,1.127162790298462,1.1215891540050507,1.1166232526302338,1.111589217185974,1.1060892045497894,1.0995374739170074,1.0936620652675628,1.088456267118454,1.0819831669330597,1.0770849227905273,1.0712269365787506,1.0637711703777313,1.0568998813629151,1.0513402342796325,1.045169848203659,1.038654738664627,1.0311518251895904,1.0246094584465026,1.0184506744146347,1.012338751554489,1.0043609231710433,0.9979520887136459,0.990480723977089,0.9828526914119721,0.9759887665510177,0.9687959611415863,0.9610634982585907,0.954179909825325,0.9452656775712966,0.9386951118707657,0.930537486076355,0.9222225487232208,0.9133953481912613,0.9048334240913392,0.8971941322088242,0.8886151611804962,0.8802474290132523,0.8710264831781387,0.8633432179689408,0.854368019104004,0.8455603748559952,0.8358052730560303,0.8280586272478103,0.8187071740627289,0.8113055497407913,0.8007011562585831,0.7926363170146942,0.7828008025884629,0.7737765043973923,0.7634465217590332,0.7547978818416595,0.7449579268693924,0.736032709479332,0.7263032793998718,0.716847974061966,0.7087268143892288,0.7003150194883346,0.6900777757167816,0.680264538526535,0.6717252910137177,0.6638081163167954,0.6551976770162582,0.6453830987215042,0.6367328494787217,0.6258581221103668,0.6188311070203781,0.6096075773239136,0.6010941445827485,0.5914891123771667,0.5823512464761734,0.5726332485675811,0.5633776485919952,0.5553979188203811,0.5459664523601532,0.5379557013511658,0.5271672040224076,0.5205049842596055,0.5113657176494598,0.5032800927758216,0.49506773352622985,0.48602150529623034,0.47667897045612334,0.4690836578607559,0.4613730996847153,0.4525849923491478,0.44417247623205186,0.43513394594192506,0.4282089099287987,0.4209646314382553,0.41067626923322675,0.4020878553390503,0.3942782536149025,0.3860265091061592,0.37671670466661455,0.36967147290706637,0.36211583763360977,0.3546067297458649,0.344786037504673,0.3374160945415497,0.3294194281101227,0.32095574140548705,0.3112302154302597,0.30353761464357376,0.2948487937450409,0.28777009099721906,0.27914020866155625,0.2705473452806473,0.2618625044822693,0.25229225531220434,0.24463679790496826,0.23539322838187218,0.22745561748743057,0.2184907838702202,0.20914576351642608,0.2034345433115959,0.19276460334658624,0.18477788046002389,0.17545028924942016,0.16666680574417114,0.15511660054326057,0.14602010250091552,0.13574111312627793,0.1267102137207985,0.1184196189045906,0.11165645495057105,0.09388951435685158,0.08924536183476448,0.08321760818362237,0.08544938676059247,0.0,0.07086563184857368,0.08707033284008503,0.10584883876144886,0.1538477972149849
t_3,1.3355263471603394,1.333581656217575,1.3345493614673614,1.332739269733429,1.3314979434013368,1.3304911196231841,1.3273787558078767,1.325290024280548,1.322181409597397,1.3210637271404266,1.3184525609016418,1.316220659017563,1.3156785786151886,1.3127505004405975,1.312071865797043,1.3088467955589294,1.306474906206131,1.302995753288269,1.3015818297863007,1.2986672461032867,1.2962359130382537,1.2949800848960877,1.2923996090888976,1.289252942800522,1.2871262967586516,1.28558651804924,1.2836015462875365,1.2800975859165191,1.277514672279358,1.2762835681438447,1.2726981043815613,1.2701947450637818,1.268684881925583,1.2640871286392212,1.260831743478775,1.2580503582954408,1.256186991930008,1.2529846131801605,1.251022845506668,1.247541218996048,1.2454429626464845,1.2413748919963836,1.2372564494609832,1.2358439445495606,1.2318063497543335,1.2286723256111145,1.2239394724369048,1.2211378276348115,1.2161249935626983,1.2142993330955505,1.2087978959083556,1.2036001563072205,1.1994349181652069,1.1952121138572693,1.1907877922058105,1.1850400686264038,1.1809499323368073,1.1762430965900421,1.1711756050586701,1.1660676777362824,1.1601923406124115,1.1556081652641297,1.150371915102005,1.1460219204425812,1.1394563674926759,1.1340960919857026,1.128729808330536,1.1231923222541809,1.1182745456695558,1.1132770419120788,1.107855534553528,1.101340913772583,1.0955010652542114,1.0903968870639802,1.0839641690254211,1.0790714979171754,1.073280894756317,1.0660021901130676,1.0591665029525756,1.0535997688770293,1.04752317070961,1.0410658836364746,1.0336539208889008,1.0271074533462525,1.0210610210895539,1.0149432599544526,1.0071404486894608,1.0007730305194855,0.993316376209259,0.9858147174119949,0.9790397375822067,0.9718880623579025,0.9641866266727448,0.9573102980852127,0.9485795050859451,0.9419372022151947,0.9338537216186523,0.9256054490804673,0.9170112192630768,0.9085088104009629,0.9009074538946151,0.8923587381839753,0.8840516626834869,0.874995619058609,0.8674229413270951,0.8584179759025574,0.8497518688440323,0.8401643842458725,0.8325127989053727,0.8232245504856109,0.8158641964197159,0.8055940210819245,0.7974186390638351,0.7877736151218414,0.7789436012506485,0.7686453044414521,0.7601304024457931,0.7503462791442871,0.7417401254177094,0.7322053730487823,0.7227095425128937,0.714684933423996,0.7063436657190323,0.6961830914020538,0.6865976214408874,0.6781253010034561,0.6703820854425431,0.6618539839982986,0.6522297918796539,0.6438621163368226,0.6330492615699768,0.6261727422475815,0.6170656472444535,0.6089945524930954,0.5992626786231995,0.5902451008558274,0.5809445768594742,0.57178336083889,0.5638184309005737,0.5546975344419479,0.5468399882316589,0.5363870024681091,0.5296425253152848,0.5207562685012818,0.5128437459468842,0.5048216626048088,0.49613396227359774,0.4871674880385399,0.47959316819906234,0.4720209866762161,0.4632767841219902,0.4551781117916107,0.44629529416561126,0.43962849527597425,0.4325986310839653,0.422559928894043,0.4140279144048691,0.4065663531422615,0.3982957050204277,0.38953129202127457,0.3824327990412712,0.3751421570777893,0.36776528507471085,0.3581563726067543,0.35098174065351484,0.3433206304907799,0.3349623501300812,0.3255589440464973,0.31806457936763766,0.3095644012093544,0.3028996542096138,0.29435743391513824,0.28607314079999924,0.27728486210107806,0.2682530373334885,0.26065889447927476,0.25159565508365633,0.24392209649086,0.23530043214559554,0.22543326392769814,0.22022199258208275,0.20972048193216325,0.20160282850265504,0.19243235588073732,0.1826161675155163,0.17208484634757043,0.1630340799689293,0.15209322795271873,0.14298675656318666,0.13380794674158097,0.12760986238718033,0.1094658464193344,0.10192344039678573,0.09460436962544919,0.09153293333947658,0.07086563184857368,0.0,0.07185299023985862,0.08954356350004673,0.1358992911875248
t_2,1.3347680211067199,1.3328523695468903,1.333766233921051,1.3319824039936066,1.3306659042835236,1.3296424984931945,1.3265103280544281,1.324363785982132,1.3212477147579194,1.3201237320899963,1.3174994349479676,1.3152056515216828,1.3146792352199554,1.311722856760025,1.310966718196869,1.307685488462448,1.30523641705513,1.3018119513988495,1.3003744959831238,1.297462421655655,1.2948812782764434,1.2936587929725647,1.2910687148571014,1.2878678739070892,1.28572478890419,1.284165048599243,1.2821235597133636,1.278633826971054,1.2760564386844635,1.274749118089676,1.2711914241313935,1.2687262535095214,1.2670770943164826,1.262675553560257,1.259402972459793,1.2565994560718536,1.2547453045845032,1.2515723884105683,1.2495835423469543,1.2461246371269226,1.244036716222763,1.2400472819805146,1.2359711587429048,1.2345538675785064,1.2304886817932128,1.2274527966976165,1.2228213727474213,1.2200069367885589,1.215081912279129,1.2131541073322296,1.2078741550445558,1.2027944803237915,1.1986469089984895,1.1944524347782135,1.1900247573852538,1.1843912482261658,1.1803532183170318,1.1756950855255126,1.1706295490264893,1.1656879782676697,1.1598120212554932,1.1553391098976136,1.150183266401291,1.1456651926040649,1.1393836319446564,1.1340170204639435,1.1287181556224823,1.123250538110733,1.118407016992569,1.1133684396743775,1.1080333471298218,1.101507019996643,1.095695298910141,1.090739518404007,1.0843354165554047,1.0792089343070983,1.0734517455101014,1.0666592419147491,1.0599090874195098,1.0540291488170623,1.0480632424354552,1.0415546953678132,1.0344423711299897,1.027748739719391,1.0219950467348098,1.0157808840274811,1.0081293493509293,1.0019304871559143,0.9942236244678497,0.9870043933391571,0.9802656203508378,0.9733438193798065,0.9655626535415649,0.9581371307373047,0.9501065820455551,0.9431023806333542,0.9350470751523972,0.9269695401191711,0.9188809961080551,0.9104431003332139,0.9026414215564728,0.8940957546234131,0.8858020782470704,0.8772088855504989,0.8698567748069763,0.8603406488895416,0.8519450157880784,0.8430487006902695,0.8353553652763367,0.8256238907575607,0.818085566163063,0.8089807063341141,0.8001240164041519,0.7906891405582428,0.7824114412069321,0.7719148188829422,0.7634070247411728,0.7536829829216003,0.7462601661682129,0.7368127763271332,0.7277619957923889,0.7187806218862534,0.7101451426744461,0.7003778040409088,0.6912426203489304,0.6826663434505462,0.674664443731308,0.6663453578948975,0.6570248395204544,0.6494173437356949,0.6385896325111389,0.6316484451293946,0.6227417647838592,0.616261675953865,0.6052953243255615,0.5965545058250428,0.587436830997467,0.5784578800201416,0.5703750401735306,0.5619775950908661,0.5539840340614319,0.5442292630672455,0.5374617904424668,0.5288197457790375,0.5207621097564697,0.5131530165672302,0.50535346865654,0.4967760697007179,0.4884920284152031,0.4808121919631958,0.47279476225376127,0.46457931995391843,0.45618941485881803,0.4495159491896629,0.4422773808240891,0.43295261859893797,0.4249975845217705,0.4173883005976677,0.4096954107284546,0.4020655915141106,0.3941056147217751,0.38696654736995695,0.379687936604023,0.3716805502772331,0.36381885707378386,0.35649794191122053,0.34827869981527326,0.33994360864162443,0.33189837336540223,0.32457743883132933,0.31786865890026095,0.30940681993961333,0.3016428902745247,0.2933102935552597,0.28447909355163575,0.277201472222805,0.2674378603696823,0.2617994427680969,0.2514658018946648,0.2429590992629528,0.23624685928225517,0.2268214240670204,0.2193499408662319,0.20820979326963424,0.2013898566365242,0.18960922881960868,0.18053766638040541,0.16928505450487136,0.16176165491342545,0.15071580782532693,0.14315380826592444,0.1289525642991066,0.11959792487323284,0.11046181768178939,0.10929387509822845,0.08707033284008503,0.07185299023985862,0.0,0.07061158269643783,0.123653544485569
t_1,1.335645180940628,1.3337149918079376,1.3346433222293854,1.3328460812568665,1.3315464079380035,1.3305184602737428,1.3273874402046204,1.325258630514145,1.3221525132656098,1.3210265278816222,1.318400490283966,1.3161284387111665,1.3155866980552673,1.3126274347305298,1.3118893086910248,1.3086256861686707,1.3061901152133941,1.3027598679065704,1.3013274848461152,1.2984135925769806,1.2958701848983765,1.2946427941322327,1.2920672237873077,1.2888845086097718,1.2867544412612915,1.2852052628993988,1.283180558681488,1.2797075808048248,1.2771329939365388,1.2758566558361053,1.2723153233528137,1.2698465168476105,1.2682486295700073,1.2638146817684173,1.2605573236942291,1.2577835619449615,1.2559327125549316,1.2527950942516326,1.2508334577083589,1.2473886489868165,1.2453339040279388,1.2413404166698456,1.2372905731201171,1.2358838737010955,1.2318694233894347,1.2288521230220795,1.2242180109024048,1.2214578092098236,1.216547465324402,1.2146946609020233,1.209404981136322,1.2043372213840484,1.2002493262290954,1.1960826218128204,1.191711163520813,1.1860906779766083,1.1821041107177734,1.1774770081043244,1.1724470496177672,1.1675512194633484,1.161726987361908,1.1572779655456542,1.1521609127521515,1.147768247127533,1.1414661288261414,1.1361512660980224,1.1308833599090575,1.1254794120788574,1.1206848800182343,1.1157058596611023,1.1104101836681366,1.1039765655994416,1.0982166826725006,1.093272864818573,1.08693328499794,1.081987315416336,1.0762872874736786,1.0693870842456819,1.062699156999588,1.0570186913013457,1.0510683894157409,1.044645404815674,1.0375455796718598,1.030982679128647,1.0252158761024475,1.0191813349723815,1.0114809364080428,1.0053808569908143,0.9978634744882584,0.9906596392393112,0.9839426517486572,0.9771496415138244,0.969489398598671,0.9623326092958451,0.9541916728019715,0.9474900543689728,0.9395657747983932,0.9315453886985778,0.9233702600002289,0.915073573589325,0.9074188679456711,0.8991202920675277,0.8909674942493438,0.8822755008935929,0.875005641579628,0.8659341990947723,0.8575886696577072,0.8486761659383774,0.8411180317401886,0.8316888898611069,0.8243269473314285,0.8150263905525208,0.806584146618843,0.7973419964313507,0.7889912337064743,0.7788524180650711,0.7705611467361451,0.7610719054937363,0.7534516423940658,0.7440895289182663,0.7352496683597565,0.7267634719610214,0.7183952242136001,0.7088506788015365,0.6998358130455017,0.6915233463048935,0.6836469203233719,0.6755476117134094,0.6664314866065979,0.6588100790977478,0.648406708240509,0.6415926039218902,0.6330138683319092,0.6261125206947327,0.6160390824079514,0.6074129164218902,0.5984862297773361,0.5898587673902511,0.5819902569055557,0.5737684845924378,0.566070231795311,0.5564078241586685,0.5499865621328354,0.5416664600372314,0.5338672220706939,0.5265388041734695,0.5186411529779434,0.5103253841400146,0.50253836363554,0.49508602619171144,0.48741600960493087,0.4794889375567436,0.4715045318007469,0.46503352373838425,0.4579279124736786,0.44902783930301665,0.4413435697555542,0.43398254811763765,0.4267560258507729,0.41901593953371047,0.4117576166987419,0.4048813536763191,0.3977755829691887,0.38973748087883,0.3826625347137451,0.37524514049291613,0.36736253947019576,0.35931015759706497,0.3518281549215317,0.3446297451853752,0.3379066035151482,0.3300868421792984,0.3222911491990089,0.31418709754943847,0.3060273379087448,0.2989606335759163,0.2898738458752632,0.2837880074977875,0.2745222210884094,0.266370564699173,0.25971532315015794,0.2507088914513588,0.24334794655442238,0.23252640441060066,0.22555827274918555,0.21447995230555533,0.20607362315058708,0.19424432292580604,0.18644218966364862,0.17594154700636863,0.16839586570858955,0.15362622886896132,0.143073882907629,0.13295336663722992,0.12719321474432946,0.10584883876144886,0.08954356350004673,0.07061158269643783,0.0,0.10067893117666245
t_0,1.3371129095554353,1.3351416528224944,1.3361348092556,1.3343124389648438,1.3331394970417023,1.3321399092674255,1.329061758518219,1.327063834667206,1.324016171693802,1.3229215919971467,1.3203276693820953,1.3181940257549285,1.317622470855713,1.3147333920001985,1.3141084671020509,1.310979813337326,1.308688795566559,1.3052376985549927,1.3038537800312042,1.3009688913822175,1.2986945867538453,1.2974264740943908,1.2949131429195404,1.2918594896793365,1.2897841811180115,1.288291186094284,1.2864130556583404,1.2829736411571502,1.2804625451564788,1.2793062031269073,1.2757960498332976,1.2733218789100647,1.2719902575016022,1.2673177301883698,1.2641636371612548,1.2614962995052337,1.2596596002578735,1.2565656304359436,1.254689985513687,1.2512975752353668,1.2493149757385253,1.2452847182750701,1.2412780582904817,1.2399123787879944,1.2360519528388978,1.2330136060714723,1.2283399820327758,1.2256896018981933,1.2207896709442139,1.219169807434082,1.213710254430771,1.2086183249950408,1.2046533346176147,1.200570285320282,1.1963293135166169,1.1906917810440063,1.1867737770080566,1.182223951816559,1.1773650288581847,1.172347629070282,1.166719561815262,1.1622483849525451,1.1571897625923158,1.1531358122825623,1.1466395735740662,1.141484832763672,1.1363089859485627,1.1309544146060944,1.1262107491493225,1.1214191377162934,1.1161690294742583,1.109916615486145,1.1042839646339417,1.0992588639259337,1.0930510222911836,1.0885895490646362,1.0830176293849945,1.075595647096634,1.0689384579658507,1.0638920843601227,1.0579779863357544,1.0518316328525543,1.0444490671157838,1.038284307718277,1.0322615206241608,1.0265636026859284,1.0189335227012635,1.0127575606107713,1.0058446556329728,0.9984518051147461,0.9918967813253403,0.984954109787941,0.9776207864284515,0.9715761810541153,0.9626327127218246,0.9566783487796784,0.9489858567714691,0.9409561425447464,0.9323608756065369,0.9242791682481766,0.9172646433115006,0.9092033356428146,0.9013613760471344,0.8923357754945755,0.8850178241729736,0.8770624607801437,0.8686796665191651,0.859080109000206,0.8519596815109253,0.8436298847198487,0.8369321972131729,0.8263370841741562,0.8192816734313965,0.810172837972641,0.801460987329483,0.7920217841863633,0.78421471118927,0.775043049454689,0.7661015629768372,0.7572063863277435,0.7480664432048798,0.7415996432304383,0.7341971069574356,0.7244745820760727,0.7154289186000824,0.7077136278152466,0.700834983587265,0.6929685324430466,0.6839225471019745,0.6757311761379242,0.6659417569637298,0.6598204731941223,0.6514243304729461,0.64273242354393,0.635093754529953,0.6267720580101013,0.6184025853872299,0.6100662171840667,0.6029958695173263,0.594303447008133,0.5874949067831039,0.5776502430438996,0.5716321289539337,0.5637553751468658,0.5569330066442489,0.549535921216011,0.541218563914299,0.5330494940280914,0.5271218299865723,0.520597168803215,0.5122616082429886,0.5054708316922187,0.4974480479955673,0.4917698085308075,0.4857277229428291,0.47650243490934374,0.46895482689142226,0.46260171830654145,0.4552657127380371,0.44700808823108673,0.4416895300149918,0.43517446219921113,0.42891590893268583,0.41947232782840727,0.4139063090085983,0.40746341794729235,0.40024267584085466,0.3915648639202118,0.38566226959228517,0.3779055058956146,0.3718746766448021,0.36513864547014235,0.35795421004295347,0.3498163342475891,0.3425320714712143,0.33613807559013364,0.32891748547554017,0.3210537761449814,0.31480264067649844,0.3058504596352577,0.3023984283208847,0.29276545345783234,0.2851247817277908,0.2778779059648514,0.2678703412413597,0.2599160775542259,0.2522826589643955,0.2418822906911373,0.23262690082192422,0.22511858195066453,0.2180345393717289,0.20272034481167794,0.19207838103175162,0.18129929006099701,0.1691082462668419,0.1538477972149849,0.1358992911875248,0.123653544485569,0.10067893117666245,0.0
