,t_199,t_198,t_197,t_196,t_195,t_194,t_193,t_192,t_191,t_190,t_189,t_188,t_187,t_186,t_185,t_184,t_183,t_182,t_181,t_180,t_179,t_178,t_177,t_176,t_175,t_174,t_173,t_172,t_171,t_170,t_169,t_168,t_167,t_166,t_165,t_164,t_163,t_162,t_161,t_160,t_159,t_158,t_157,t_156,t_155,t_154,t_153,t_152,t_151,t_150,t_149,t_148,t_147,t_146,t_145,t_144,t_143,t_142,t_141,t_140,t_139,t_138,t_137,t_136,t_135,t_134,t_133,t_132,t_131,t_130,t_129,t_128,t_127,t_126,t_125,t_124,t_123,t_122,t_121,t_120,t_119,t_118,t_117,t_116,t_115,t_114,t_113,t_112,t_111,t_110,t_109,t_108,t_107,t_106,t_105,t_104,t_103,t_102,t_101,t_100,t_99,t_98,t_97,t_96,t_95,t_94,t_93,t_92,t_91,t_90,t_89,t_88,t_87,t_86,t_85,t_84,t_83,t_82,t_81,t_80,t_79,t_78,t_77,t_76,t_75,t_74,t_73,t_72,t_71,t_70,t_69,t_68,t_67,t_66,t_65,t_64,t_63,t_62,t_61,t_60,t_59,t_58,t_57,t_56,t_55,t_54,t_53,t_52,t_51,t_50,t_49,t_48,t_47,t_46,t_45,t_44,t_43,t_42,t_41,t_40,t_39,t_38,t_37,t_36,t_35,t_34,t_33,t_32,t_31,t_30,t_29,t_28,t_27,t_26,t_25,t_24,t_23,t_22,t_21,t_20,t_19,t_18,t_17,t_16,t_15,t_14,t_13,t_12,t_11,t_10,t_9,t_8,t_7,t_6,t_5,t_4,t_3,t_2,t_1,t_0
t_199,0.0,0.032161207124590876,0.035739810578525065,0.035481941513717176,0.036319530196487905,0.04121085368096829,0.04060332756489515,0.044811338372528556,0.04814526531845331,0.05162582267075777,0.055856883712112906,0.06257463842630387,0.06347812842577696,0.07214700467884541,0.07414829283952713,0.08308331668376923,0.08992945142090321,0.09851702861487865,0.10293551199138165,0.11204319000244141,0.12066415809094906,0.12453237175941467,0.13225134164094926,0.14316906332969664,0.15050511434674263,0.15717026442289353,0.16484521999955176,0.17894692495465278,0.18663050904870032,0.1967266768217087,0.2101893961429596,0.21754259392619132,0.22975028976798056,0.24216392412781715,0.25775360614061354,0.27219830751419066,0.2796859472990036,0.29956079870462415,0.3109970197081566,0.3253128379583359,0.33927135169506073,0.35805572122335433,0.3769346997141838,0.3830393835902214,0.40723555237054826,0.4213190242648125,0.44081334173679354,0.4580395966768265,0.47723258286714554,0.4948186218738556,0.5113720923662186,0.5310640156269073,0.5508294910192489,0.56849205493927,0.5872511744499207,0.6086542338132859,0.6245865494012832,0.6410509318113327,0.6563399404287338,0.6730144381523132,0.6928104132413864,0.7067611247301102,0.7216405034065246,0.7382941305637359,0.7557537823915481,0.7666873127222061,0.7789189606904984,0.794834452867508,0.804193553328514,0.8146858602762223,0.8264290630817414,0.8421571642160416,0.850280299782753,0.8599102556705475,0.8700420439243317,0.8823094218969345,0.8906594634056091,0.89987311065197,0.9118516325950623,0.9207017213106156,0.9275589466094971,0.9372853964567185,0.9456174671649933,0.953493744134903,0.9608030766248703,0.9665222078561783,0.9757953941822052,0.9820747822523117,0.9891127616167068,0.9966229438781739,1.0018598765134812,1.0074262499809266,1.0134483695030212,1.0194027781486512,1.025283980369568,1.0325630724430084,1.0371540069580079,1.0427765727043152,1.049374508857727,1.0549985408782958,1.060038286447525,1.0642788112163544,1.0689019203186034,1.074030351638794,1.077542495727539,1.0812322199344635,1.0863522350788117,1.090082621574402,1.0953157901763917,1.1010522425174714,1.103326940536499,1.1082596719264983,1.1110818564891816,1.1153947472572328,1.1192963778972627,1.1234421610832215,1.126651442050934,1.1316951990127564,1.1351953446865082,1.137846088409424,1.141384482383728,1.1450781345367431,1.1476603746414185,1.1514663577079773,1.1536544680595398,1.1580151438713073,1.1608694314956665,1.164781206846237,1.167528611421585,1.1685415029525756,1.1740865349769591,1.1759936451911925,1.178903377056122,1.1816316485404967,1.1854008615016938,1.1871346890926362,1.1899805903434753,1.1946647047996521,1.1967034578323363,1.1993121325969696,1.2022962749004364,1.2055115818977356,1.2085447251796722,1.211551296710968,1.2135761737823487,1.216357982158661,1.2184957027435304,1.2216574907302857,1.223608386516571,1.227472174167633,1.2298182666301727,1.2336674630641937,1.2352988123893738,1.2388553500175477,1.241213572025299,1.2442606568336487,1.2469567894935607,1.2502185821533203,1.2534928619861603,1.2551898658275604,1.259312242269516,1.2615179121494293,1.265027242898941,1.2673423290252686,1.271049177646637,1.2745608687400818,1.2774326622486114,1.2807377219200133,1.2840770483016968,1.2870416581630706,1.291363102197647,1.2942785680294038,1.2983632147312165,1.3023064076900481,1.3052016496658325,1.3089845716953277,1.312969583272934,1.317833411693573,1.3209117472171783,1.3253069877624513,1.3286960661411285,1.3339026868343353,1.3377307057380676,1.3426044523715972,1.348695707321167,1.3531624317169189,1.358278900384903,1.3636609196662903,1.368673312664032,1.3741174817085267,1.3798378467559815,1.3873674869537354,1.394589865207672,1.4009315729141236,1.410438859462738,1.420262485742569,1.430855941772461,1.44170081615448,1.4562888503074647,1.4812110185623169
t_198,0.032161207124590876,0.0,0.03391529005020857,0.03285326715558767,0.03252028003334999,0.035640917159616946,0.03678231667727232,0.03929050266742706,0.043681377358734605,0.04751377813518047,0.051740804314613344,0.059802499040961264,0.059243283979594705,0.06677788682281971,0.06811539717018604,0.07799232080578804,0.0847992680966854,0.09304755292832852,0.09833994396030903,0.10724782533943653,0.11605611108243466,0.11978401504456997,0.1275429517030716,0.13911546319723128,0.14592876210808753,0.15267908722162246,0.16070712357759476,0.17509765848517417,0.1827859379351139,0.19288340732455253,0.20624320432543755,0.21381184533238412,0.2256956070661545,0.23854905590415001,0.25424176901578904,0.26891960203647614,0.27608717530965804,0.2963701024651527,0.3079163029789925,0.3224310651421547,0.3364655673503876,0.3552591472864151,0.37428042739629747,0.3803673520684242,0.4047999918460846,0.4189263999462128,0.43859302401542666,0.45586476027965545,0.4751037746667862,0.4928577527403831,0.5094369143247605,0.5292560160160065,0.549150887131691,0.5668703436851501,0.5857893347740173,0.6072629928588867,0.6232515215873718,0.639763942360878,0.6550752252340317,0.6718742340803147,0.6917696505784988,0.7057054102420807,0.7206490606069564,0.7373706340789795,0.7548564881086349,0.7658306300640106,0.7780953884124756,0.7940539091825485,0.8034114569425583,0.8139368772506714,0.8256468117237091,0.8414809942245484,0.8496084779500961,0.8592499047517776,0.8694079697132111,0.8816529184579849,0.8900171488523483,0.8992679953575134,0.9113110363483429,0.9201343059539795,0.9270045608282089,0.9367694973945617,0.9451133608818054,0.9530059516429901,0.9603102147579193,0.9660119563341141,0.97529536485672,0.981547212600708,0.9886247724294662,0.9961423814296723,1.0013856917619706,1.0069517850875855,1.012966948747635,1.0189544796943664,1.0248498141765594,1.0321075439453125,1.0366978704929353,1.042337030172348,1.0489263713359833,1.054557466506958,1.0596175491809845,1.0638504505157471,1.0684548676013947,1.073604118824005,1.077099859714508,1.0807856500148774,1.0859196305274963,1.0896644115447998,1.0948874175548553,1.1006148695945739,1.1028789401054382,1.1078186929225922,1.1106546342372894,1.1149400293827056,1.1188469171524047,1.122992789745331,1.1262133538722991,1.1312668085098267,1.1347662091255188,1.137434619665146,1.14095618724823,1.144633561372757,1.1472302317619323,1.1510227978229524,1.1532224476337434,1.157567209005356,1.1604177534580231,1.1643271505832673,1.1670894086360932,1.1681066572666168,1.173640924692154,1.1755498766899108,1.1784580171108245,1.1811809480190276,1.1849480330944062,1.1866887390613556,1.1895450353622437,1.1942403674125672,1.19629026055336,1.1988970756530761,1.2018850922584534,1.2051081955432892,1.2081315636634826,1.2111429810523986,1.2131651103496552,1.215939962863922,1.2180956661701203,1.2212541282176972,1.2232202291488647,1.2270792245864868,1.2294258773326874,1.2332870841026307,1.2349196672439575,1.2384771466255189,1.2408366858959199,1.2438951432704926,1.24660404920578,1.2498515248298645,1.253141051530838,1.2548460364341736,1.2589654862880706,1.2611787259578704,1.2646904110908508,1.267006868124008,1.2707229852676392,1.2742400884628295,1.2771273672580719,1.2804281294345856,1.2837791383266448,1.286747658252716,1.2910851657390594,1.2939997255802154,1.2980941474437713,1.3020355105400085,1.304937046766281,1.3087389051914216,1.3127300977706908,1.3176027894020081,1.3206800401210785,1.325097805261612,1.3284852147102355,1.3336948454380035,1.3375233650207519,1.342426359653473,1.348531025648117,1.3529895067214965,1.358125478029251,1.3635222136974334,1.3685443937778472,1.3739977300167083,1.3797360122203828,1.3872791826725006,1.3945096552371978,1.4008619010448455,1.41039537191391,1.4202482223510742,1.4308590531349181,1.4417177140712738,1.4563336670398712,1.481273853778839
t_197,0.035739810578525065,0.03391529005020857,0.0,0.029208253417164088,0.030967843625694512,0.034532764740288255,0.037178421206772325,0.040135154500603676,0.04682280328124762,0.04806456509977579,0.05379584301263094,0.06300280690193176,0.061422606185078624,0.06780649349093437,0.06930825635790824,0.07939035966992378,0.08717240057885647,0.09537890292704106,0.10157619751989841,0.10981559939682484,0.11929630413651467,0.12276324518024921,0.13078200519084932,0.14218324348330497,0.1489260382950306,0.1553459234535694,0.16373877078294755,0.17846184149384497,0.18612755909562112,0.19619484692811967,0.20924565941095352,0.21688993349671365,0.2288586527109146,0.2420290119946003,0.25752648115158083,0.2726606413722038,0.27970048487186433,0.30010501593351363,0.31182690560817716,0.3264574930071831,0.34058918952941897,0.35940500944852827,0.37854557782411574,0.3845963358879089,0.4092286005616188,0.4234134525060654,0.44323728084564207,0.46052873581647874,0.47979281693696973,0.49769776612520217,0.5142832577228547,0.5341366440057754,0.5540987432003022,0.5718384623527527,0.590833893418312,0.6123816877603531,0.6283359438180923,0.6448638707399368,0.6601445227861404,0.677015870809555,0.6969107985496521,0.7108039379119873,0.7257122606039047,0.7424564301967621,0.7599087446928025,0.770834955573082,0.7830732375383377,0.7990121006965637,0.8083256423473358,0.8188149511814118,0.8304176896810531,0.8463020920753479,0.8543629795312881,0.8639570444822311,0.8740678697824478,0.8862426936626434,0.8945549666881562,0.9037842988967896,0.9158191174268723,0.9245742827653884,0.9314153462648391,0.9411399960517883,0.9494426310062408,0.9572911947965622,0.9645603120326995,0.9702041804790497,0.9794241935014725,0.9856091767549515,0.9926759690046311,1.0001239597797393,1.0053304433822632,1.0108730256557465,1.0168071925640105,1.022787344455719,1.0286721587181091,1.0358574986457825,1.0403741538524627,1.0459795773029328,1.0525404274463654,1.0581171810626984,1.0631601810455322,1.067344731092453,1.0718666911125183,1.0770157814025878,1.0804495930671691,1.0840831100940704,1.0892082512378694,1.0929109752178192,1.0981024384498597,1.103782296180725,1.1059964001178741,1.110914146900177,1.1137381851673127,1.1179546296596528,1.1218256533145905,1.1259486973285675,1.129155296087265,1.134161800146103,1.1376650989055634,1.1402995765209198,1.1437806010246276,1.1474187910556792,1.1500097155570983,1.1537546038627624,1.1559262096881866,1.16025151014328,1.1630796253681184,1.1669474959373474,1.169706356525421,1.1707133233547211,1.1761905014514924,1.1780860424041748,1.1809835970401763,1.1836767196655273,1.1874136984348298,1.1891518652439117,1.19198876619339,1.196685802936554,1.1987383961677551,1.2013222396373748,1.2042840480804444,1.2074938237667083,1.2104899406433105,1.2134996056556702,1.2154978215694427,1.2182466745376588,1.2204168140888214,1.2235528767108916,1.225526887178421,1.229361605644226,1.231683498620987,1.235533845424652,1.2371724843978882,1.2406985461711884,1.2430563271045685,1.2461065471172332,1.2488187432289124,1.2520332038402557,1.2553253591060638,1.2570255517959594,1.2611196696758271,1.263331699371338,1.2668343365192414,1.269130539894104,1.272841066122055,1.2763586342334747,1.2792401254177093,1.2825179040431975,1.28587606549263,1.2888329088687898,1.2931804537773133,1.2960755407810212,1.300177413225174,1.3040915608406067,1.3069905698299409,1.3108032464981079,1.3147795259952546,1.3196473956108092,1.3227124094963074,1.327130424976349,1.3305095791816712,1.3357044756412506,1.339512401819229,1.3444485247135163,1.3505205035209655,1.3549618422985077,1.3601032435894012,1.3654983520507813,1.370514953136444,1.3759581208229066,1.3816989481449127,1.3892167448997497,1.3964352428913116,1.4027963817119598,1.4123085677623748,1.422154051065445,1.4327529966831207,1.443591171503067,1.4581889092922211,1.4830873966217042
t_196,0.035481941513717176,0.03285326715558767,0.029208253417164088,0.0,0.030422853771597147,0.03385220468044281,0.035169089958071706,0.03709353152662516,0.04265498835593462,0.043900256231427195,0.04958988483995199,0.05830753892660141,0.05708600282669067,0.06365344282239675,0.06520710289478301,0.0747730191797018,0.08279069028794765,0.0908767532557249,0.09705208577215671,0.10530388541519642,0.11477564163506031,0.11823040805757046,0.12620017677545547,0.1375479891896248,0.1444070093333721,0.15092475488781928,0.15926400274038316,0.17401135414838792,0.1817234516143799,0.19186395183205604,0.20501973256468772,0.21262077167630195,0.22471795603632927,0.23783259838819504,0.25340213924646376,0.2685505494475365,0.27570423781871795,0.29615393579006194,0.30785700380802156,0.3225256249308586,0.3366993427276611,0.35562199503183367,0.37481487542390823,0.38088511377573014,0.4055829122662544,0.4198251783847809,0.43968767672777176,0.457037153840065,0.47638597190380094,0.49432285577058793,0.510948297381401,0.5308995425701142,0.5509201616048813,0.5687221646308899,0.5877563744783402,0.6093619525432586,0.6253867894411087,0.6419552892446518,0.6573068261146545,0.6742157250642776,0.6941734611988067,0.7081104785203933,0.7230844408273697,0.739868026971817,0.7573843151330948,0.7683402627706528,0.780622735619545,0.7966191291809082,0.8059694111347199,0.81650011241436,0.8281630635261535,0.8440753877162933,0.8521712571382523,0.8618024259805679,0.8719520926475525,0.8841679036617279,0.8925220787525177,0.9017753571271896,0.9138292372226715,0.922627380490303,0.9294907689094544,0.9392490833997726,0.9475754469633102,0.9554569602012635,0.9627466529607773,0.9684183686971665,0.9776752024888993,0.9838903993368149,0.9909777700901031,0.9984532862901687,1.003677636384964,1.0092386692762374,1.0152097642421722,1.0211966574192046,1.0270889699459076,1.0343187868595123,1.0388612568378448,1.0444840133190154,1.0510649383068085,1.0566662549972534,1.0617220520973205,1.0659205734729766,1.0704782783985138,1.075627714395523,1.0790856659412384,1.082740843296051,1.0878719627857207,1.091597032546997,1.096798402070999,1.1025053143501282,1.1047326624393463,1.109660255908966,1.1124854743480683,1.1167343139648438,1.1206228852272033,1.1247539222240448,1.1279683411121368,1.1329981327056884,1.136499398946762,1.139147061109543,1.1426506817340851,1.146295189857483,1.148891067504883,1.1526485621929168,1.1548296868801118,1.1591674268245697,1.1620055496692658,1.1658891677856444,1.1686516940593719,1.1696602761745454,1.175160175561905,1.1770606815814972,1.179964554309845,1.1826644539833069,1.186413162946701,1.1881443023681642,1.1909924566745758,1.1956985235214233,1.197752332687378,1.2003368616104126,1.203309452533722,1.2065245747566222,1.209531879425049,1.212542849779129,1.2145431399345399,1.217302042245865,1.2194678962230683,1.2226095378398896,1.2245742440223695,1.2284245252609254,1.230755203962326,1.2346108675003051,1.2362442672252656,1.2397843241691588,1.242141956090927,1.2451917052268981,1.247900128364563,1.2511321246623992,1.2544223487377166,1.2561209738254546,1.2602207124233247,1.2624336242675782,1.2659436523914338,1.2682410538196565,1.271955281496048,1.2754724621772766,1.2783549964427947,1.2816320180892944,1.2849946677684785,1.287948876619339,1.2922976851463317,1.2951961398124694,1.2992999374866485,1.3032183527946473,1.306114423274994,1.3099229335784912,1.3139024138450623,1.3187787353992462,1.3218430876731873,1.326257938146591,1.3296361982822418,1.334840965270996,1.3386523723602295,1.34357590675354,1.3496565580368043,1.3541046917438506,1.359243482351303,1.364638662338257,1.3696518421173096,1.375098353624344,1.3808327078819276,1.3883578300476074,1.3955805838108062,1.4019383847713471,1.4114535570144653,1.4212966918945313,1.4318978846073152,1.4427385449409484,1.457334077358246,1.4822347164154053
t_195,0.036319530196487905,0.03252028003334999,0.030967843625694512,0.030422853771597147,0.0,0.03214752562344074,0.032492843084037305,0.03562967944890261,0.041160845570266245,0.0433099165558815,0.04845671746879816,0.05702075958251953,0.05512315761297941,0.06186535619199276,0.06270671673119069,0.07361517325043679,0.08040488697588444,0.08918947204947472,0.09492841958999634,0.10339754708111286,0.11275531575083733,0.11632260009646415,0.12430237866938114,0.13596179187297822,0.14258467704057692,0.14928568303585052,0.15769934207201003,0.17243456244468688,0.18016754239797592,0.1903081551194191,0.20354760736227034,0.21132004484534264,0.2232275389134884,0.2364947445690632,0.25220471918582915,0.2672937422990799,0.2743179515004158,0.29490212351083755,0.30667205452919005,0.32137763053178786,0.33558532446622846,0.35449874550104143,0.37371050417423246,0.3797882542014122,0.40452081710100174,0.41877199709415436,0.438659505546093,0.4560273945331573,0.4753617733716965,0.4933285713195801,0.5099745154380798,0.529912343621254,0.5499694406986236,0.5677757769823074,0.5868368178606034,0.6084520071744919,0.6244863569736481,0.6410725057125092,0.6564149498939514,0.6733346551656723,0.6933236181735992,0.7072724580764771,0.7222476005554199,0.7390586316585541,0.756572163105011,0.7675556749105453,0.7798481732606888,0.7958419442176818,0.8051941305398941,0.8157403945922852,0.8273899048566818,0.8433298230171203,0.8514355570077896,0.8610658824443818,0.8712173759937286,0.8834491670131683,0.8917956620454788,0.9010683089494705,0.9131520569324494,0.9219401508569718,0.9288093775510788,0.9385755062103271,0.9469151884317398,0.9547925740480423,0.9620931684970856,0.9677613765001297,0.9770231127738953,0.9832366436719895,0.9903353154659271,0.9978218704462052,1.0030511647462845,1.0086115658283235,1.0145786374807357,1.0205855250358582,1.0264965772628785,1.0337046146392823,1.0382487952709198,1.0438808143138885,1.0504651308059691,1.0560712158679961,1.061135083436966,1.0653428494930268,1.0698885858058929,1.075059175491333,1.0785107254981994,1.0821657359600068,1.0873082399368286,1.091035258769989,1.0962414205074311,1.1019444942474366,1.1041783571243287,1.1091136157512664,1.111954003572464,1.116189432144165,1.1200782477855682,1.1242196917533875,1.1274417102336884,1.1324715614318848,1.135981845855713,1.138635402917862,1.1421292006969452,1.145786863565445,1.148386651277542,1.152151483297348,1.15433988571167,1.158674144744873,1.1615129232406616,1.1653982043266295,1.1681674480438233,1.1691818058490753,1.174681258201599,1.1765853822231294,1.179491013288498,1.1822002112865448,1.1859521865844727,1.1876989722251892,1.1905458748340607,1.1952534854412078,1.1973111510276795,1.1999117136001587,1.20288205742836,1.2061060190200805,1.2091095387935638,1.2121290385723114,1.2141385674476624,1.2168957471847535,1.2190721929073334,1.2222205758094788,1.2241997957229613,1.2280452966690063,1.230377161502838,1.2342413544654847,1.2358821868896483,1.2394229590892791,1.2417854964733124,1.2448468685150147,1.2475650012493134,1.2507895171642303,1.2540911078453063,1.2557976961135864,1.25990731716156,1.2621224224567413,1.2656331300735473,1.2679388761520385,1.2716602444648744,1.2751838445663453,1.278075349330902,1.2813683152198792,1.2847298860549927,1.287693852186203,1.2920473992824555,1.2949550569057464,1.2990616977214813,1.3029905617237092,1.3058964133262634,1.3097163140773773,1.313702827692032,1.3185775697231292,1.3216521799564362,1.3260827481746673,1.3294688045978547,1.33467139005661,1.3384913206100464,1.3434321343898774,1.3495248198509215,1.353972029685974,1.359120988845825,1.3645276069641112,1.3695510864257812,1.3750045359134675,1.380756938457489,1.3882932543754578,1.3955227553844451,1.4018846571445465,1.4114188075065612,1.4212806820869446,1.4318918347358705,1.442743569612503,1.4573622345924377,1.4822796821594237
t_194,0.04121085368096829,0.035640917159616946,0.034532764740288255,0.03385220468044281,0.03214752562344074,0.0,0.033046913146972653,0.035408220067620275,0.04191611278802156,0.0447894562035799,0.049335284717381,0.05839576441794634,0.05583085808902979,0.06139647718518972,0.060913957096636294,0.07340609915554523,0.07947629317641258,0.08834295347332954,0.09425204880535602,0.10270311012864113,0.11178818196058274,0.11543640866875648,0.1234192255884409,0.13554460555315018,0.14185714721679688,0.1485821209847927,0.15721965581178665,0.17204239144921302,0.1798100247979164,0.18984848856925965,0.20300043150782585,0.21110765188932418,0.2226569212973118,0.2362419232726097,0.2521049901843071,0.2673303484916687,0.27402085065841675,0.2948759004473686,0.30676465630531313,0.32162787616252897,0.3359108537435532,0.3547743260860443,0.374076683819294,0.38017035722732545,0.4050613775849342,0.4193227931857109,0.43932307958602906,0.4567266687750816,0.47603115141391755,0.49413830488920213,0.5107782483100891,0.5307728618383407,0.5508987456560135,0.5687231957912445,0.5878885596990585,0.6095373183488846,0.6255747199058532,0.6421871900558471,0.6575013101100922,0.6744944304227829,0.6945268213748932,0.7084418028593064,0.7234238177537918,0.7402693092823028,0.7577638685703277,0.7687487453222275,0.7810461938381195,0.7970369786024094,0.8063699930906296,0.8169199645519256,0.82849600315094,0.8445084661245346,0.8525873571634293,0.8622031301259995,0.8723465770483017,0.8845335870981217,0.8928657948970795,0.9021484911441803,0.9142649978399277,0.9229984521865845,0.929862442612648,0.9396333813667297,0.9479543894529343,0.9558216512203217,0.9631073713302613,0.9687389552593231,0.9779789417982101,0.9841473430395127,0.9912610918283462,0.9987255573272705,1.0039452999830245,1.0094935089349746,1.015426915884018,1.0214527726173401,1.0273693919181823,1.0345297276973724,1.0390444576740265,1.04467533826828,1.0512472689151764,1.056833952665329,1.0619042634963989,1.066092324256897,1.0705954313278199,1.0757838606834411,1.0792041718959808,1.0828338086605072,1.0879875481128694,1.0917022287845612,1.09689057469368,1.1025690257549285,1.1047810733318328,1.109714651107788,1.1125645756721496,1.1167534172534943,1.1206335127353668,1.1247652769088745,1.127992171049118,1.1330075800418853,1.136522376537323,1.1391719341278077,1.142634677886963,1.1462786674499512,1.1488842785358429,1.1526267886161805,1.1548112630844116,1.1591276109218598,1.1619553208351134,1.1658236980438232,1.1686033606529236,1.1696169674396515,1.1750844657421111,1.176989382505417,1.1798878252506255,1.1825853526592254,1.1863232970237731,1.1880786180496217,1.1909197270870209,1.195630782842636,1.1976948261260987,1.2002928256988525,1.2032556295394898,1.20647953748703,1.2094656467437743,1.212486845254898,1.2144917011260987,1.2172319054603578,1.219426953792572,1.2225689470767975,1.224562555551529,1.228389024734497,1.2307093620300293,1.2345765709877015,1.236221981048584,1.2397530019283294,1.2421169698238372,1.2451837539672852,1.2479111433029175,1.2511117815971375,1.2544243693351746,1.2561322271823883,1.260234248638153,1.2624536216259004,1.2659586787223815,1.2682599663734435,1.2719840168952943,1.2755119383335114,1.2784113883972168,1.2816998898983,1.2850664377212524,1.2880300104618072,1.2923921525478363,1.295295888185501,1.2994072258472442,1.303327876329422,1.3062362134456635,1.3100721836090088,1.3140571773052216,1.3189256966114045,1.3220005750656127,1.3264454901218414,1.3298274040222169,1.3350180208683013,1.3388320982456208,1.3438052713871003,1.3498956680297851,1.3543277382850647,1.3594900786876678,1.364900541305542,1.369929802417755,1.3753852903842927,1.3811551451683044,1.3886881232261659,1.3959193587303163,1.402284699678421,1.4118304312229157,1.4217112064361572,1.4323237180709838,1.443175160884857,1.457809841632843,1.4827162623405457
t_193,0.04060332756489515,0.03678231667727232,0.037178421206772325,0.035169089958071706,0.032492843084037305,0.033046913146972653,0.0,0.03182873018085956,0.033330125734210014,0.03753640856593847,0.041615663841366765,0.04767274521291256,0.04637746028602123,0.0533141503110528,0.05320539250969887,0.06459845043718815,0.07029751166701317,0.07973235920071602,0.08459266237914562,0.09339650683104991,0.10236626267433166,0.10618027225136757,0.11403914093971253,0.12592763379216193,0.13258394449949265,0.1394959270954132,0.14788066521286963,0.1625529170036316,0.1704144686460495,0.18065037429332734,0.1941577285528183,0.2020678013563156,0.21409448534250258,0.2273392543196678,0.24335779398679733,0.25845759361982346,0.2655737116932869,0.28632333129644394,0.29815672636032103,0.3129845753312111,0.3273489370942116,0.34642151892185213,0.36577547937631605,0.3719468355178833,0.396849749982357,0.41122071593999865,0.4311951443552971,0.44872969686985015,0.46821535378694534,0.48628861606121065,0.5030571609735489,0.5231644183397293,0.5433697640895844,0.5612564861774445,0.5804222792387008,0.6021681815385819,0.6183280646800995,0.6350249737501145,0.6504738003015518,0.6674822449684144,0.6875977903604508,0.7016678571701049,0.7167369097471237,0.7336515963077546,0.7512659102678299,0.7623335212469101,0.7747188359498978,0.7908213138580322,0.8002383351325989,0.8108795195817947,0.8226239025592804,0.8386268675327301,0.846807798743248,0.8565134674310684,0.8667414337396622,0.8790519148111343,0.8874729663133621,0.8968105256557465,0.9089530974626541,0.9178021132946015,0.9247265070676803,0.9345570355653763,0.9429531455039978,0.9508957117795944,0.958241406083107,0.9639514565467835,0.9732853174209595,0.9795532643795013,0.9867004305124283,0.994247031211853,0.9995131075382233,1.0051164984703065,1.0111448436975479,1.0171854972839356,1.0231288552284241,1.0303958654403687,1.0349887609481812,1.0406613230705262,1.0472897291183472,1.0529389679431915,1.0580331087112427,1.0622783958911897,1.066879004240036,1.0720674455165864,1.0755594491958618,1.0792472541332245,1.0844191908836365,1.0881846308708192,1.0934132874011993,1.0991564691066742,1.1014222264289857,1.1063842296600341,1.1092413246631623,1.1135184347629548,1.117433285713196,1.1215981364250183,1.1248430848121642,1.1299051642417908,1.1334232330322265,1.1361047565937041,1.1396270990371704,1.1433049082756042,1.1459204137325287,1.1497117280960083,1.1519135236740112,1.1562713623046874,1.159131920337677,1.1630392670631409,1.1658197462558746,1.166847425699234,1.1723737955093383,1.1742936193943023,1.177214252948761,1.1799374222755432,1.1837051689624787,1.1854566574096679,1.1883185744285583,1.1930350005626678,1.195098328590393,1.197713440656662,1.2006980657577515,1.2039308726787568,1.206956434249878,1.209981268644333,1.2120009124279023,1.214771032333374,1.216949325799942,1.220109361410141,1.2220893323421478,1.2259493827819825,1.228298020362854,1.2321643948554992,1.2338095307350159,1.2373671531677246,1.239733213186264,1.2428014755249024,1.245520043373108,1.2487647771835326,1.2520721435546875,1.253778326511383,1.2578998982906342,1.2601198077201843,1.2636395633220672,1.265954178571701,1.269678670167923,1.2732063353061676,1.276102489233017,1.2794083058834076,1.282770025730133,1.2857366383075715,1.2900946378707885,1.2930106043815612,1.2971197485923767,1.3010601818561554,1.3039665281772614,1.3077846884727478,1.3117797315120696,1.3166590332984924,1.3197393476963044,1.3241710722446443,1.327563261985779,1.3327735185623169,1.336603933572769,1.3415366947650909,1.3476461172103882,1.352101022005081,1.3572513937950135,1.362660938501358,1.3676883280277252,1.3731504499912262,1.3789080798625946,1.386460280418396,1.3937004387378693,1.4000622630119324,1.4096119701862335,1.4194886565208436,1.4301114618778228,1.4409802734851838,1.4556201577186585,1.4805737853050231
t_192,0.044811338372528556,0.03929050266742706,0.040135154500603676,0.03709353152662516,0.03562967944890261,0.035408220067620275,0.03182873018085956,0.0,0.03243579231202602,0.03310319297015667,0.03602402880787849,0.04450836051255465,0.04215763323009014,0.04726639203727245,0.04860147088766098,0.058572644181549546,0.06494029443711043,0.07292931415140629,0.07891681604087353,0.08730665184557437,0.09663900323212146,0.10012106150388718,0.1081196740269661,0.11993999667465687,0.12667789831757545,0.13345637544989586,0.14182155951857567,0.15683362558484076,0.16471061632037162,0.1749493144452572,0.18841275870800017,0.19623693451285362,0.2082875244319439,0.2218413770198822,0.23767443299293517,0.25304827839136124,0.2601250931620598,0.2810037985444069,0.29298536479473114,0.30782578587532045,0.3223064348101616,0.34145567715168,0.36094764471054075,0.3670558571815491,0.3921329066157341,0.4065809711813927,0.4267184153199196,0.4443231448531151,0.46394730508327486,0.48209683150053023,0.49895826131105425,0.519155639410019,0.5395127952098846,0.5574736297130585,0.5767380774021149,0.5986087590456008,0.6148515969514847,0.6316310375928879,0.6471533060073853,0.6642534732818604,0.6844823211431503,0.6986269533634186,0.7137535601854325,0.7307642102241516,0.7484492927789688,0.7595797419548035,0.7720186710357666,0.7881938636302948,0.7976438581943512,0.8083386421203613,0.8201187402009964,0.8362082272768021,0.8444300562143325,0.8541599869728088,0.8644366413354874,0.8768031746149063,0.8852479755878448,0.8946339249610901,0.9068450152873992,0.9157294481992722,0.9226880013942719,0.9325533986091614,0.9409963369369507,0.9489611357450485,0.9563487946987153,0.9620772182941437,0.9714517235755921,0.9777457565069199,0.9849297225475311,0.9925048083066941,0.9977934628725051,1.003432148694992,1.0094716489315032,1.0155508995056153,1.0215323090553283,1.0288142919540406,1.033421415090561,1.039121925830841,1.045777690410614,1.051451951265335,1.056569916009903,1.060837072134018,1.065444779396057,1.0706657290458679,1.074158376455307,1.077862513065338,1.0830500304698945,1.0868363976478577,1.0920822381973267,1.0978454411029817,1.1001208543777465,1.1051061630249024,1.1079836428165435,1.1122617185115815,1.1161847472190858,1.120372211933136,1.1236325263977052,1.1287037014961243,1.132240080833435,1.134933316707611,1.1384578585624694,1.1421459376811982,1.1447759330272675,1.1485811710357665,1.1507874250411987,1.1551609277725219,1.1580291509628295,1.161942481994629,1.1647291421890258,1.165767455101013,1.1713011920452119,1.1732260406017303,1.1761596143245696,1.1788924515247345,1.182669472694397,1.184437084197998,1.1873058378696442,1.1920317471027375,1.194104015827179,1.1967302978038787,1.1997174382209779,1.202956247329712,1.2059920608997345,1.2090235471725463,1.2110527992248534,1.2138299703598023,1.2160150051116942,1.2191787362098694,1.2211733639240265,1.2250397264957429,1.2273923337459565,1.231263816356659,1.2329233109951019,1.2364783704280853,1.2388529658317566,1.2419273555278778,1.2446613669395448,1.247901338338852,1.2512190520763398,1.25293328166008,1.2570577800273894,1.2592859625816346,1.2628097772598266,1.2651327133178711,1.2688624680042266,1.2723970711231232,1.275297850370407,1.2786146819591522,1.2819765329360961,1.284952735900879,1.2893165230751038,1.2922407150268556,1.2963585138320923,1.3003024935722352,1.3032218158245086,1.3070460081100463,1.311047649383545,1.31593456864357,1.3190193831920625,1.32345969080925,1.3268593907356263,1.3320753693580627,1.3359106183052063,1.3408594369888305,1.3469748497009277,1.3514325499534607,1.3565909743309021,1.3620140612125398,1.3670479953289032,1.3725160896778106,1.3782875180244445,1.3858499825000763,1.393099457025528,1.3994758784770966,1.4090362250804902,1.4189353048801423,1.4295763790607452,1.4404622256755828,1.4551298856735229,1.4801222085952759
t_191,0.04814526531845331,0.043681377358734605,0.04682280328124762,0.04265498835593462,0.041160845570266245,0.04191611278802156,0.033330125734210014,0.03243579231202602,0.0,0.03142262911424041,0.032884746231138705,0.03626098800450563,0.03592699002474546,0.0426063060760498,0.043476481549441816,0.05176305808126926,0.05760000217705965,0.06613722965121269,0.07065046727657318,0.07959513664245606,0.0882586769759655,0.09206969626247882,0.09979895837604999,0.11154821999371052,0.11826167702674865,0.1252654656767845,0.1336022324860096,0.14824456721544266,0.15614007487893106,0.166529830545187,0.18014994487166405,0.1879478059709072,0.20011672005057335,0.21325558573007583,0.22937460467219353,0.24444668740034103,0.25179947167634964,0.2726147428154945,0.28442307859659194,0.2993061140179634,0.3137196734547615,0.33297947496175767,0.3524294763803482,0.3586614832282066,0.38369067907333376,0.3981461673974991,0.4182697132229805,0.4359134390950203,0.45560521483421323,0.4737350165843964,0.49063545316457746,0.5109540075063705,0.5312991589307785,0.5493497788906098,0.5686550825834275,0.5905526340007782,0.6068939864635468,0.623714366555214,0.6393554657697678,0.6564877450466156,0.6767831295728683,0.6909925162792205,0.7062331765890122,0.7232915341854096,0.7410948693752288,0.752286720275879,0.7648035228252411,0.7810723066329956,0.7906050682067871,0.8013730734586716,0.8132923692464828,0.8294198602437973,0.8377209633588791,0.847540432214737,0.8578923374414444,0.8703655868768692,0.8789083272218704,0.8883374363183976,0.9005915999412537,0.9095839321613312,0.9166073024272918,0.9265470623970031,0.9350613296031952,0.9431004405021668,0.9505368232727051,0.9563458502292633,0.9658161491155625,0.9721842616796493,0.9794197469949723,0.9870741784572601,0.9924163520336151,0.9980905652046204,1.0042323857545852,1.0103267192840577,1.016339933872223,1.0237284421920776,1.0284160852432251,1.034163361787796,1.0408654391765595,1.0466148555278778,1.0517640709877014,1.0560767233371735,1.0607734799385071,1.0660100102424621,1.069573414325714,1.0733387291431427,1.0785491824150086,1.082381135225296,1.0876734495162963,1.0935031354427338,1.0958181858062743,1.1008371114730835,1.103723978996277,1.1080865621566773,1.1120662271976471,1.1162850201129912,1.119556760787964,1.1246997833251953,1.1282365500926972,1.1309679806232453,1.1345553994178772,1.1382725954055786,1.1409137785434722,1.1447626292705535,1.1470113158226014,1.151412171125412,1.1543122768402099,1.1582745134830474,1.1610762119293212,1.1621143698692322,1.1677258551120757,1.1696658492088319,1.172615075111389,1.1753805518150329,1.17919762134552,1.1809585809707641,1.1838593661785126,1.188615745306015,1.190695935487747,1.1933332204818725,1.1963559806346893,1.1996228754520417,1.2026851415634154,1.2057328522205353,1.2077774584293366,1.21058691740036,1.2127673625946045,1.2159612894058227,1.217941790819168,1.2218529641628266,1.2242317259311677,1.2281307697296142,1.2297838509082795,1.233381634950638,1.2357670545578003,1.2388480663299561,1.2415825247764587,1.2448724269866944,1.248195517063141,1.249912977218628,1.2540721774101258,1.2562986850738525,1.259855616092682,1.2621913373470306,1.2659373342990876,1.2694819629192353,1.2723927080631257,1.2757277607917785,1.2791080474853516,1.2820929646492005,1.286464089155197,1.2894070446491241,1.2935356020927429,1.2975099861621857,1.300434648990631,1.3042595982551575,1.3082813441753387,1.3131953418254851,1.31629336476326,1.3207384943962097,1.3241502165794372,1.3294090509414673,1.3332671165466308,1.3381901741027833,1.3443486392498016,1.3488360524177552,1.3540023922920228,1.3594425082206727,1.3644883394241334,1.369978231191635,1.3757468521595002,1.3833528697490691,1.3906313598155975,1.397014844417572,1.4066145718097687,1.4165300011634827,1.4272066116333009,1.4381269991397858,1.4528286099433898,1.4778881072998047
t_190,0.05162582267075777,0.04751377813518047,0.04806456509977579,0.043900256231427195,0.0433099165558815,0.0447894562035799,0.03753640856593847,0.03310319297015667,0.03142262911424041,0.0,0.03127561416476965,0.036079455725848676,0.035665720142424105,0.03986950069665909,0.04238390102982521,0.04911937676370144,0.055907019414007664,0.0633881725370884,0.06917939744889737,0.07729639373719692,0.08662907406687737,0.09008426517248154,0.09805514104664326,0.10929755009710788,0.11628694124519826,0.12297271974384785,0.13135884776711465,0.14633352160453797,0.1542353332042694,0.1646208792924881,0.17807169631123543,0.18579499796032906,0.19818273708224296,0.21154781058430672,0.22742251604795455,0.24285584390163423,0.25023729652166365,0.2710811197757721,0.2830692782998085,0.2979745551943779,0.3125066563487053,0.33184940069913865,0.35143465250730516,0.35761402547359467,0.38281370848417284,0.39736545234918597,0.41764401495456693,0.4353422552347183,0.45513853430747986,0.47338315695524213,0.49035374373197554,0.5107185065746307,0.5311714053153992,0.549287474155426,0.5686677306890487,0.5906860888004303,0.6070551067590714,0.6239371687173844,0.6396085113286972,0.6568145275115966,0.6771704077720642,0.6914207071065903,0.7066683262586594,0.7237916260957717,0.7416295111179352,0.7528291255235672,0.7653656005859375,0.7816611915826798,0.7912022411823273,0.8019777417182923,0.8138739675283432,0.8300673931837081,0.8383547812700272,0.8481658130884171,0.8585159987211227,0.8710033655166626,0.8795269280672073,0.888967651128769,0.901248887181282,0.9102396786212921,0.9172617226839066,0.9271923035383225,0.9357162326574325,0.943738603591919,0.9511900007724762,0.9569845467805862,0.9664432257413864,0.9728061109781265,0.9800472110509872,0.9876812160015106,0.9930177152156829,0.998701885342598,1.004809355735779,1.0109155297279357,1.0169442772865296,1.0243097782135009,1.0289661526679992,1.0347088634967805,1.0414189040660857,1.0471519649028778,1.0523023724555969,1.0566081941127776,1.0612670361995697,1.066523665189743,1.0700579166412354,1.0738085865974427,1.0790205419063568,1.0828366219997405,1.088130933046341,1.093953114748001,1.0962523221969604,1.1012720227241517,1.104165679216385,1.1085009396076202,1.1124651610851288,1.1166896402835846,1.1199611186981202,1.1250850915908814,1.12863832116127,1.1313531875610352,1.134928286075592,1.1386391818523407,1.141284590959549,1.1451255679130554,1.147360634803772,1.1517670333385468,1.1546628773212433,1.1586087584495544,1.1614113807678224,1.1624480962753296,1.1680434465408325,1.1699772596359252,1.1729328751564025,1.1756935000419617,1.1795043051242828,1.181275451183319,1.1841675341129303,1.1889300704002381,1.1910176753997803,1.1936543107032775,1.1966655433177948,1.199930328130722,1.2029897272586823,1.2060425281524658,1.2080842792987823,1.2108876407146454,1.2130772531032563,1.216267454624176,1.2182625949382782,1.2221672773361205,1.2245373964309691,1.228433406352997,1.2301021218299866,1.2336845576763154,1.2360783219337463,1.2391596138477325,1.2419032037258149,1.2451802909374237,1.248509693145752,1.250230997800827,1.2543848514556886,1.2566173136234284,1.2601724028587342,1.2625059902667999,1.2662532150745391,1.2698063790798186,1.2727143347263337,1.2760534465312958,1.2794363498687744,1.2824238240718842,1.2868030309677123,1.289744782447815,1.293884938955307,1.297853308916092,1.3007878124713899,1.3046208262443542,1.3086421370506287,1.313558828830719,1.3166606843471527,1.3211105644702912,1.3245267391204834,1.3297835648059846,1.333639770746231,1.3385891497135163,1.3447381198406219,1.3492234170436859,1.3543967366218568,1.359845507144928,1.3648973762989045,1.3703884303569793,1.3761666655540465,1.383769452571869,1.3910524606704713,1.3974537789821624,1.4070502817630768,1.4169772744178772,1.4276654422283173,1.4385922729969025,1.453307557106018,1.4783822774887085
t_189,0.055856883712112906,0.051740804314613344,0.05379584301263094,0.04958988483995199,0.04845671746879816,0.049335284717381,0.041615663841366765,0.03602402880787849,0.032884746231138705,0.03127561416476965,0.0,0.033842115662992,0.03283062558621168,0.03556397743523121,0.0401977451518178,0.04488805681467056,0.05102798882871866,0.05806808955967426,0.06317684762179851,0.07157124057412148,0.0807718027383089,0.08407874330878258,0.09218343868851661,0.10331481583416462,0.11047532558441162,0.11712691336870193,0.12535654939711094,0.14037854000926017,0.14837298914790154,0.1587076149880886,0.1722894214093685,0.1799963228404522,0.19235695600509645,0.2058486297726631,0.22172746658325196,0.23716007247567178,0.24457786455750466,0.2654257744550705,0.27752642035484315,0.29239058047533034,0.30701514184474943,0.3263923481106758,0.34604916274547576,0.35220659971237184,0.37746515274047854,0.3920625865459442,0.4124148726463318,0.43018009811639785,0.4500758767127991,0.4683190196752548,0.4853994622826576,0.5057953953742981,0.5263458251953125,0.544489324092865,0.5639262855052948,0.5859986245632172,0.6024411112070084,0.6193929702043534,0.6351179361343384,0.6523652464151383,0.6728061467409134,0.6871571809053421,0.7024419069290161,0.719629567861557,0.7375284641981125,0.748812997341156,0.7614011615514755,0.7777432858943939,0.787331822514534,0.798161718249321,0.8101224213838577,0.8263606131076813,0.8347098082304001,0.8445528537034989,0.8549549669027329,0.8675279736518859,0.8760840237140656,0.8855674356222153,0.8979105919599533,0.9069528877735138,0.9140223383903503,0.923984169960022,0.9325696289539337,0.9406147360801697,0.9481189489364624,0.9539525598287583,0.9634704381227494,0.9698793649673462,0.9771559596061706,0.9848355829715729,0.9902120769023895,0.9959289163351059,1.0020722806453706,1.0082214951515198,1.0142916023731232,1.0216861724853517,1.0263770282268525,1.0321559250354766,1.0389027714729309,1.0446754038333892,1.049851131439209,1.0542023956775666,1.0588900208473206,1.0641843378543854,1.0677380442619324,1.0715222001075744,1.0767567694187163,1.0805973708629608,1.0859225332736968,1.0917742550373077,1.0941068708896637,1.0991580784320831,1.1020797610282898,1.1064360320568085,1.1104110479354858,1.1146752178668975,1.1179665744304657,1.1231085658073425,1.1266812801361084,1.12941672205925,1.1330067336559295,1.136746108531952,1.1394090056419373,1.14328373670578,1.1455392301082612,1.1499607264995575,1.1528725802898407,1.1568381309509277,1.1596495509147644,1.1607044398784638,1.1663204848766326,1.1682665050029755,1.171237939596176,1.1740208864212036,1.1778514683246613,1.179647833108902,1.1825518786907196,1.18731449842453,1.1894094526767731,1.1920752108097077,1.195093560218811,1.198368752002716,1.2014487445354463,1.2045099198818208,1.206573212146759,1.2093881905078887,1.2115837931632996,1.2147924482822419,1.2168051242828368,1.2207162737846375,1.223097687959671,1.2270008027553558,1.2286866009235382,1.2322750568389893,1.2346816897392272,1.2377743542194366,1.2405366539955138,1.2438109159469604,1.2471530616283417,1.2488853216171265,1.253056710958481,1.2552988290786744,1.258855015039444,1.2612095415592193,1.2649595320224762,1.2685208320617676,1.2714380621910095,1.2748083472251892,1.2781811892986297,1.2811876475811004,1.2855641663074493,1.2885266184806823,1.2926659882068634,1.2966534316539764,1.2996036648750304,1.3034415543079376,1.3074753165245057,1.31239373087883,1.315509694814682,1.3199719130992889,1.323401963710785,1.3286641538143158,1.3325338006019591,1.3374897181987762,1.3436570405960082,1.3481436669826508,1.3533237338066102,1.358788138628006,1.363851660490036,1.3693525075912476,1.3751490354537963,1.3827706277370453,1.3900656282901764,1.3964746057987214,1.4060943067073821,1.4160451471805573,1.4267535507678986,1.4377031981945039,1.4524540305137634,1.477573323249817
t_188,0.06257463842630387,0.059802499040961264,0.06300280690193176,0.05830753892660141,0.05702075958251953,0.05839576441794634,0.04767274521291256,0.04450836051255465,0.03626098800450563,0.036079455725848676,0.033842115662992,0.0,0.030366104934364556,0.035946684703230855,0.03794669359922409,0.04143386986106634,0.04514328651130199,0.05302241388708353,0.05566391199827194,0.06443532407283784,0.07238268926739692,0.07630771920084953,0.08378686904907226,0.09458964169025422,0.10196423977613449,0.10890311971306801,0.11685133054852485,0.1313234455883503,0.13930882513523102,0.1498410977423191,0.16380010768771172,0.1714152403175831,0.18411915749311447,0.19704246520996094,0.21326572969555854,0.22836174219846725,0.2361537143588066,0.2569270581007004,0.26884437948465345,0.2837358206510544,0.2983722135424614,0.31795354634523393,0.33760915994644164,0.3439019560813904,0.3691492140293121,0.3838209196925163,0.40410279482603073,0.42198530286550523,0.4419917553663254,0.460244157910347,0.4773810476064682,0.49793205261230467,0.5185201406478882,0.5367598086595535,0.5562084823846817,0.5783601880073548,0.5949286699295044,0.6119470536708832,0.627810338139534,0.6450800091028214,0.665605315566063,0.6800528198480607,0.6954569458961487,0.7127102583646774,0.7307329565286637,0.7420747548341751,0.7547596335411072,0.7712194263935089,0.7808924973011017,0.7918145805597305,0.8039274930953979,0.8201798886060715,0.8286153495311737,0.8385581105947495,0.8490370362997055,0.8617097020149231,0.870369553565979,0.8799035012722015,0.8922693222761154,0.9014152109622955,0.9085341185331345,0.9185745239257812,0.9272151857614517,0.9353480249643326,0.9428930282592773,0.9487983256578445,0.9584067642688752,0.9648902118206024,0.9722058683633804,0.9799641817808151,0.9853787571191788,0.9911349087953567,0.9973826199769974,1.0035284727811813,1.0096155256032944,1.0171226739883423,1.0218912065029144,1.0277093708515168,1.0345026016235352,1.040336275100708,1.0455375254154204,1.0499255955219269,1.0547125041484833,1.05999813079834,1.0636278986930847,1.0674632132053374,1.0727140843868255,1.0766070187091827,1.0819605469703675,1.0878780722618102,1.090250551700592,1.0953224360942841,1.0982409358024596,1.1026865482330321,1.106715726852417,1.110995787382126,1.1142961084842682,1.119502019882202,1.1230642437934875,1.125834083557129,1.12948699593544,1.1332480549812316,1.1359164774417878,1.1398289263248444,1.1421078801155091,1.1465599238872528,1.149500060081482,1.1535098493099212,1.1563271880149841,1.15738245844841,1.1630659461021424,1.1650248110294341,1.1680100858211517,1.1708162784576417,1.1746749222278594,1.1764503419399261,1.179380363225937,1.1841648161411285,1.1862595319747924,1.1889261722564697,1.191976010799408,1.1952686965465547,1.198375016450882,1.2014422595500946,1.2035128116607665,1.2063565790653228,1.208536159992218,1.2117626547813416,1.2137469470500946,1.2177005171775819,1.2201081395149231,1.2240232586860658,1.2256921768188476,1.229319590330124,1.2317271113395691,1.234817773103714,1.2375634789466858,1.2408953666687013,1.244230031967163,1.2459566950798036,1.2501490414142609,1.252384853363037,1.2559686481952668,1.2583268582820892,1.2620844781398772,1.265646368265152,1.2685635089874268,1.2719356179237367,1.275322300195694,1.278324407339096,1.2827037930488587,1.2856718719005584,1.289814293384552,1.2938206136226653,1.296762579679489,1.3005877375602721,1.3046313047409057,1.3095696151256562,1.3126859664916992,1.3171367824077607,1.3205699980258943,1.325863915681839,1.3297481775283813,1.3346616625785828,1.340855473279953,1.3453715205192567,1.3505461096763611,1.3560097754001617,1.3610717177391052,1.3665828704833984,1.3723602533340453,1.3800097107887268,1.3873181164264679,1.393723154067993,1.4033582389354706,1.4133040070533753,1.4240275382995606,1.4349964737892151,1.4497541964054108,1.4749241590499877
t_187,0.06347812842577696,0.059243283979594705,0.061422606185078624,0.05708600282669067,0.05512315761297941,0.05583085808902979,0.04637746028602123,0.04215763323009014,0.03592699002474546,0.035665720142424105,0.03283062558621168,0.030366104934364556,0.0,0.03332708105444908,0.034754835069179535,0.039860135316848753,0.04332781042903662,0.05154410880059004,0.05530511625111103,0.06346761845052243,0.07232220955193043,0.07597762830555439,0.0837123453617096,0.0950066663324833,0.10201348513364791,0.10891438759863377,0.11713343933224678,0.1320495367050171,0.14004169180989265,0.15052455291152,0.16434207037091256,0.17218769267201423,0.18472058400511743,0.19816457480192184,0.2143585965037346,0.22981494814157485,0.2372879423201084,0.25834399163722993,0.27048362642526624,0.2854923516511917,0.30025373250246046,0.3198194965720177,0.33959710150957106,0.3458536133170128,0.37129850387573243,0.3860160604119301,0.40643227398395537,0.4243607759475708,0.44438801109790804,0.4627732142806053,0.47995381951332095,0.5005034536123276,0.5211953431367874,0.5394259005784988,0.5589588552713394,0.5811708450317383,0.5977249383926392,0.6147789537906647,0.6305991232395172,0.6479394853115081,0.6684914410114289,0.682934582233429,0.6982976198196411,0.7155936419963836,0.7335788130760192,0.7449232310056686,0.7576001584529877,0.7740395814180374,0.7836764723062515,0.7945882886648178,0.8066155642271042,0.822916767001152,0.8313218533992768,0.8412291407585144,0.8516836404800415,0.8643089592456817,0.8729228943586349,0.8824653476476669,0.8948548406362533,0.9039333611726761,0.9110335618257522,0.9210550487041473,0.9296781718730927,0.9377755731344223,0.9453064680099488,0.9511599540710449,0.9607276618480682,0.9671634435653687,0.9744797736406327,0.9822045087814331,0.9875997930765152,0.99334237575531,0.9995308101177216,1.0056953370571136,1.0117897748947144,1.019220918416977,1.0239423215389252,1.0297499239444732,1.0365221738815307,1.0423206269741059,1.0475176453590394,1.0518855333328248,1.0566098749637605,1.0619101643562316,1.065491247177124,1.0692896485328673,1.0745457112789154,1.0784151613712312,1.0837435603141785,1.089621549844742,1.091969186067581,1.0970337748527528,1.0999612867832185,1.1043424367904664,1.1083397686481475,1.1126098036766052,1.1159145295619965,1.1210790812969207,1.1246503353118897,1.1274070084095,1.13101606965065,1.1347602784633637,1.137430053949356,1.1413153648376464,1.143577551841736,1.1480101108551026,1.1509355783462525,1.1549135863780975,1.157732790708542,1.158791822195053,1.1644266307353974,1.1663786113262176,1.1693577826023103,1.1721475720405579,1.1759866774082184,1.1777766406536103,1.1806916534900664,1.1854647934436797,1.1875639140605927,1.1902312576770782,1.1932611286640167,1.196544098854065,1.1996312022209168,1.2026992380619048,1.204763376712799,1.2075847506523132,1.2097816467285156,1.2129965126514435,1.2150017082691194,1.218925988674164,1.2213162004947662,1.2252280831336975,1.2269063591957092,1.2305107951164245,1.232916122674942,1.2360115051269531,1.2387704014778138,1.2420656204223632,1.245410794019699,1.2471408903598786,1.251318383216858,1.2535604417324067,1.257126694917679,1.2594837605953217,1.2632382214069366,1.2668023824691772,1.26972354054451,1.2730948448181152,1.2764749705791474,1.279479056596756,1.2838647544384003,1.2868279278278352,1.2909711241722106,1.294966197013855,1.297912746667862,1.301749050617218,1.3057907223701477,1.3107164323329925,1.3138318240642548,1.3182964205741883,1.321727591753006,1.326999795436859,1.3308763563632966,1.335825765132904,1.342006778717041,1.3465033710002898,1.351687753200531,1.3571553587913514,1.3622206926345826,1.3677298426628113,1.373526430130005,1.3811646223068237,1.3884679973125458,1.394877552986145,1.404514354467392,1.414477276802063,1.42519873380661,1.4361653327941895,1.4509326636791229,1.4760898649692535
t_186,0.07214700467884541,0.06677788682281971,0.06780649349093437,0.06365344282239675,0.06186535619199276,0.06139647718518972,0.0533141503110528,0.04726639203727245,0.0426063060760498,0.03986950069665909,0.03556397743523121,0.035946684703230855,0.03332708105444908,0.0,0.033068484254181386,0.03462709579616785,0.03759538494050503,0.044013640657067296,0.04931154605001211,0.05636549163609743,0.06572705544531346,0.06869724057614804,0.07666954547166824,0.08812624327838421,0.09457786455750465,0.10128366574645042,0.1099587794393301,0.1252090662717819,0.1333238288760185,0.14362600073218346,0.15709975063800813,0.16511912420392036,0.1774116650223732,0.19136920869350432,0.2074557974934578,0.22337168902158738,0.23055992424488067,0.25193517059087756,0.26430360078811643,0.2795055791735649,0.2943774864077568,0.3139695331454277,0.33394683003425596,0.34016781449317934,0.3659136533737183,0.3807291641831398,0.40143284648656846,0.41942325681447984,0.43956011682748797,0.4581739380955696,0.4754233628511429,0.4961376294493675,0.5170085728168488,0.5353589564561844,0.555114021897316,0.5774702966213227,0.5941072195768357,0.6112543940544128,0.6271362960338592,0.6446572422981263,0.6653576165437698,0.6798303842544555,0.6952839940786362,0.7126965671777725,0.7307594627141952,0.7421618640422821,0.7548987805843353,0.7714193791151047,0.7810800731182098,0.7920498937368393,0.8040525883436203,0.8205272555351257,0.8289477854967118,0.8388768166303635,0.8493735820055008,0.8620247125625611,0.8706625163555145,0.8802608340978623,0.8927511692047119,0.9018315970897675,0.9089708209037781,0.9190430074930191,0.9277057230472565,0.935821995139122,0.9433794409036637,0.9492316126823426,0.9588298857212066,0.9652535796165467,0.9726317346096038,0.9803653568029403,0.9857852011919022,0.9915425926446915,0.9977239280939102,1.0039458364248275,1.010084068775177,1.0175055742263794,1.0222202599048615,1.0280587017536162,1.0348450243473053,1.0406657993793487,1.0458961844444274,1.0502689242362977,1.0549647510051727,1.0603196620941162,1.0638783037662507,1.0676812171936034,1.0729670643806457,1.0768484473228455,1.0821912169456482,1.0880770146846772,1.0904128193855285,1.0955044209957123,1.0984570622444152,1.1028129518032075,1.1068198442459107,1.1111154794692992,1.1144353330135346,1.1196150839328767,1.1232099652290344,1.125980281829834,1.1295809268951416,1.1333196640014649,1.1360117137432098,1.1398938059806825,1.142174780368805,1.1466061234474183,1.1495359301567079,1.1535178005695343,1.1563591659069061,1.1574260473251343,1.163060301542282,1.165015494823456,1.1680078685283661,1.1708017826080321,1.1746475100517273,1.1764589428901673,1.17938791513443,1.1841908395290375,1.1863142192363738,1.18898606300354,1.192017811536789,1.195320737361908,1.1984046518802642,1.2014908254146577,1.203559273481369,1.2063782513141632,1.2086044549942017,1.211828923225403,1.2138640463352204,1.2177903950214386,1.22018004655838,1.2241103291511535,1.2258123934268952,1.2294139623641969,1.2318363189697266,1.2349492728710174,1.23773512840271,1.2410160660743714,1.244388461112976,1.2461296021938324,1.2503150284290314,1.2525704145431518,1.2561516523361207,1.2585133612155914,1.2622830331325532,1.2658670365810394,1.2688077926635741,1.2721896171569824,1.2755886673927308,1.2786052227020264,1.2830187618732452,1.2859931290149689,1.290159183740616,1.2941593527793884,1.2971267342567443,1.3009940028190612,1.3050493001937866,1.309995847940445,1.3131213426589965,1.3176161766052246,1.321057951450348,1.326347815990448,1.3302285254001618,1.3352297484874724,1.3414320826530457,1.345928180217743,1.3511443316936493,1.3566446244716643,1.3617333889007568,1.3672614336013793,1.3730900228023528,1.3807557284832002,1.388085037469864,1.394525408744812,1.4042065799236298,1.414219480752945,1.4249847829341888,1.4359842836856842,1.4508130729198456,1.4760309219360352
t_185,0.07414829283952713,0.06811539717018604,0.06930825635790824,0.06520710289478301,0.06270671673119069,0.060913957096636294,0.05320539250969887,0.04860147088766098,0.043476481549441816,0.04238390102982521,0.0401977451518178,0.03794669359922409,0.034754835069179535,0.033068484254181386,0.0,0.03623995985835791,0.03719742577522993,0.045109165646135804,0.04975663013756275,0.057179580070078374,0.06529801264405251,0.06915796175599098,0.07640257813036441,0.08862463049590588,0.09455993175506591,0.10155928172171116,0.11059349365532398,0.12579539343714713,0.13376690968871116,0.14422977045178415,0.15784405916929245,0.16609009504318237,0.17823820933699608,0.19238541200757026,0.20875243544578553,0.22470444068312645,0.23170366510748863,0.25337513238191606,0.265806670486927,0.28116726875305176,0.29614088386297227,0.315804198384285,0.3358491376042366,0.3421392187476158,0.3680290043354034,0.3829081252217293,0.40363085865974424,0.4216983512043953,0.44181900918483735,0.46055195331573484,0.4777663677930832,0.498551145195961,0.5195106476545334,0.537861630320549,0.5576358735561371,0.5800345301628113,0.5966827005147934,0.6138398766517639,0.6297095090150833,0.6472397923469544,0.6679688453674316,0.6824137896299363,0.6978770732879639,0.715298131108284,0.7333468794822693,0.744711834192276,0.7574430733919144,0.7739687502384186,0.7836104363203049,0.7945805132389069,0.8065361142158508,0.8230085790157318,0.8314053535461425,0.8413236975669861,0.8517944246530533,0.8643921464681625,0.8730108201503753,0.8826009213924408,0.8950702041387558,0.9041008919477462,0.9112085461616516,0.9212750643491745,0.9298882454633712,0.9380029082298279,0.945526173710823,0.9513393253087997,0.9608969002962112,0.967290273308754,0.9746468544006348,0.982356196641922,0.9877392679452897,0.9934802025556564,0.9996217519044877,1.0058254182338715,1.0119386523962022,1.019325590133667,1.0240100562572478,1.0298240542411805,1.0365859806537627,1.0423681020736695,1.0475823760032654,1.051919949054718,1.0565909922122956,1.0619177997112275,1.0654572546482086,1.0692221879959107,1.0745004832744598,1.0783595383167266,1.0836741387844087,1.0895296454429626,1.0918407499790193,1.0969070732593535,1.0998405277729035,1.1041691064834596,1.1081591963768005,1.112421488761902,1.1157386779785157,1.1208967506885528,1.1244755208492279,1.1272257566452026,1.1307994663715362,1.1345332443714142,1.1372082650661468,1.1410661876201629,1.1433209955692292,1.147742885351181,1.1506556749343873,1.1546171069145204,1.1574572324752808,1.1585076808929444,1.1641186237335206,1.166068422794342,1.169043380022049,1.1718204200267792,1.1756488144397736,1.1774414718151092,1.180351769924164,1.1851573526859283,1.187265580892563,1.1899294197559356,1.1929505467414856,1.1962457776069642,1.199309515953064,1.2023909747600556,1.2044429540634156,1.2072423934936523,1.2094712495803832,1.2126814305782319,1.2147067785263062,1.2186184644699096,1.2209974348545074,1.2249244034290314,1.2266081631183625,1.2302088022232056,1.2326135277748107,1.2357258737087249,1.2384986579418182,1.2417702496051788,1.245139914751053,1.24686998128891,1.251045250892639,1.2532923758029937,1.2568642914295196,1.2592096090316773,1.262982475757599,1.2665565133094787,1.2694948494434357,1.272860985994339,1.2762588381767273,1.2792586266994477,1.2836748719215394,1.2866344153881073,1.2907969176769256,1.2947854697704315,1.2977365255355835,1.3016046404838562,1.3056507468223573,1.310586541891098,1.3137010753154754,1.3181952834129333,1.3216230392456054,1.326892614364624,1.3307648360729218,1.3357704281806946,1.3419633150100707,1.346447044610977,1.3516601502895356,1.357145571708679,1.3622229635715484,1.3677456855773926,1.3735736191272736,1.3812246918678284,1.3885443329811096,1.3949701488018036,1.4046404898166656,1.4146499276161193,1.4253940463066102,1.4363785445690156,1.4511890769004823,1.4763725876808167
t_184,0.08308331668376923,0.07799232080578804,0.07939035966992378,0.0747730191797018,0.07361517325043679,0.07340609915554523,0.06459845043718815,0.058572644181549546,0.05176305808126926,0.04911937676370144,0.04488805681467056,0.04143386986106634,0.039860135316848753,0.03462709579616785,0.03623995985835791,0.0,0.03440191559493542,0.037229901552200316,0.04246359299868345,0.048137424513697624,0.056294459477066995,0.05929624643176794,0.06654637232422829,0.0773994516581297,0.08379347138106823,0.09020297452807427,0.0989865519106388,0.11415796317160129,0.12206560708582401,0.13258872628211976,0.1460393451154232,0.15390672013163567,0.16637245044112206,0.18025454953312875,0.1964191325008869,0.21238132566213608,0.21979669108986855,0.24126969203352927,0.25359802693128586,0.2689498543739319,0.28388495892286303,0.30369374603033067,0.32378448992967607,0.330100853741169,0.35604203045368193,0.3709680899977684,0.3918142646551132,0.4099256545305252,0.4302509933710098,0.44898350834846495,0.466315421462059,0.4872798830270767,0.508295738697052,0.526795071363449,0.5466737002134323,0.5691884100437165,0.5859792947769165,0.6032296597957612,0.6192723691463471,0.6369122922420501,0.657769176363945,0.6723387628793717,0.6879476040601731,0.7054740518331528,0.7237010329961777,0.735169705748558,0.7480143755674362,0.7646867066621781,0.774436867237091,0.7855050981044769,0.7976324468851089,0.8142076551914215,0.8227045625448227,0.8327266454696656,0.8433122038841248,0.8560629904270172,0.8648015022277832,0.8744628876447678,0.887020868062973,0.8962043493986129,0.9034089475870133,0.9135668963193894,0.9222976833581924,0.9304972440004349,0.9381077468395234,0.9440273016691207,0.953717690706253,0.9602139741182327,0.9676498830318451,0.9754528492689133,0.9809162467718124,0.9867264330387115,0.992981469631195,0.9992286950349808,1.0054033666849136,1.0129210233688355,1.017695289850235,1.0235773503780365,1.030415564775467,1.0362950325012208,1.0415585160255432,1.045963281393051,1.050727516412735,1.056100594997406,1.0597087442874908,1.063557118177414,1.0688673377037048,1.0727884769439697,1.0781702816486358,1.0841171205043794,1.086473023891449,1.0915967524051666,1.0945550501346588,1.0989750146865844,1.1030296623706817,1.1073466300964356,1.1106847286224366,1.1159221231937408,1.1195210456848144,1.122317910194397,1.1259628415107727,1.1297260701656342,1.1324303150177002,1.1363442182540893,1.1386451244354248,1.1431119799613954,1.1460635185241699,1.1500807523727417,1.1529388666152953,1.1540000498294831,1.159695279598236,1.1616612076759338,1.1646686673164368,1.1674846827983856,1.1713605284690858,1.1731623530387878,1.176113086938858,1.1809548258781433,1.1830837786197663,1.1857613325119019,1.1888171672821044,1.1921453416347503,1.1952478766441346,1.1983497202396394,1.2004249155521394,1.2032675385475158,1.205492901802063,1.2087343037128448,1.2107576906681061,1.2147238969802856,1.2171321213245392,1.2210845172405242,1.2227802515029906,1.2264145255088805,1.2288441717624665,1.2319614946842194,1.2347476422786712,1.2380653142929077,1.241444742679596,1.2431859731674195,1.2473934710025787,1.2496473610401153,1.2532554984092712,1.2556209146976471,1.259408324956894,1.2630003094673157,1.2659457743167877,1.2693366348743438,1.272751384973526,1.2757695972919465,1.2801958739757537,1.2831794381141663,1.2873604536056518,1.2913782238960265,1.2943464994430542,1.2982170164585114,1.3022863388061523,1.3072569847106934,1.3103884875774383,1.3148864567279817,1.3183343648910522,1.323655217885971,1.3275510013103484,1.3325412929058076,1.3387740790843963,1.3432917237281798,1.3485178232192994,1.354029655456543,1.3591270208358766,1.364673775434494,1.3705047130584718,1.3782038688659668,1.3855592131614685,1.392014616727829,1.4017261207103728,1.4117652535438538,1.422567653656006,1.4336045980453491,1.4484744191169738,1.4737783372402191
t_183,0.08992945142090321,0.0847992680966854,0.08717240057885647,0.08279069028794765,0.08040488697588444,0.07947629317641258,0.07029751166701317,0.06494029443711043,0.05760000217705965,0.055907019414007664,0.05102798882871866,0.04514328651130199,0.04332781042903662,0.03759538494050503,0.03719742577522993,0.03440191559493542,0.0,0.03259187396615744,0.03382052127271891,0.03970578592270613,0.04696373306214809,0.050494490191340446,0.057194431126117704,0.0686164390295744,0.07444374822080135,0.08153073713183404,0.0901815216988325,0.10513788051903247,0.11331062391400337,0.12375057078897952,0.13753950893878936,0.14576265811920167,0.15818824842572213,0.17221153602004052,0.18874997794628143,0.20473540276288987,0.21199058666825293,0.2336923860013485,0.24625847786664962,0.26168938875198366,0.27684267312288285,0.29674762934446336,0.31699054390192033,0.32335465848445893,0.34948243051767347,0.3645493611693382,0.3854734495282173,0.4037670582532883,0.42418339401483535,0.4430832535028458,0.46055420488119125,0.4815767839550972,0.5027884393930435,0.5213437974452972,0.5413437455892562,0.5640160709619522,0.5809017926454544,0.5982842206954956,0.6143844246864318,0.6321246445178985,0.6531209290027619,0.6678156167268753,0.683468222618103,0.701135304570198,0.7194234520196915,0.7309886038303375,0.7439183086156845,0.760665762424469,0.7704535007476807,0.7816090643405914,0.7937625378370285,0.8104359596967697,0.8189959168434143,0.8290590554475784,0.8396948724985123,0.8525156021118164,0.8612721621990204,0.8710127174854279,0.8836611479520797,0.8928527861833573,0.9000867664813995,0.9103003114461898,0.919084107875824,0.9273115038871765,0.9349707216024399,0.940893879532814,0.9506289690732956,0.9571443378925324,0.9646249890327454,0.972476789355278,0.9779671758413315,0.9838009238243103,0.9900753021240234,0.9963784486055374,1.0026097476482392,1.010117107629776,1.0149047255516053,1.0208293437957763,1.027700173854828,1.0336052119731902,1.0389015138149262,1.0433410346508025,1.048107874393463,1.0535290241241455,1.057139402627945,1.0609970211982727,1.0663480877876281,1.070290642976761,1.0756868064403533,1.081649786233902,1.0840277314186095,1.0891817450523376,1.092176765203476,1.096587985754013,1.100647407770157,1.1049989759922028,1.1083646833896637,1.1136092245578766,1.1172342956066132,1.1200501263141631,1.1236935317516328,1.1274817883968353,1.1302049458026886,1.1341389775276185,1.136454600095749,1.1409303903579713,1.1438973248004913,1.147922557592392,1.150797951221466,1.1518767714500426,1.157577234506607,1.1595554888248443,1.1625801563262939,1.1654145479202271,1.1692998647689818,1.171132504940033,1.174090427160263,1.1789380848407744,1.181082046031952,1.1837895154953002,1.1868495225906373,1.1901919722557068,1.193304604291916,1.1964219689369202,1.1985161900520325,1.2013577401638031,1.2036065220832826,1.2068674981594085,1.2089182913303376,1.212880939245224,1.2152965366840363,1.2192620873451232,1.220978707075119,1.2246168613433839,1.2270584046840667,1.2302001893520356,1.2330085217952729,1.23632110953331,1.2397252917289734,1.2414795875549316,1.2457050323486327,1.247974020242691,1.2515861213207244,1.253973776102066,1.2577711999416352,1.2613786518573762,1.2643442690372466,1.2677664697170257,1.271184152364731,1.2742229580879212,1.2786631882190704,1.2816671431064606,1.285859763622284,1.2898973643779754,1.2928872644901275,1.2967763125896454,1.3008651793003083,1.305841314792633,1.3089916110038757,1.3135192692279816,1.3169836521148681,1.3223105788230896,1.3262249827384949,1.3312499940395355,1.337508600950241,1.3420299589633942,1.3472781300544738,1.3528163254261016,1.3579360485076903,1.3635027408599854,1.3693669438362122,1.377095240354538,1.3844725847244264,1.3909436166286469,1.4006988286972046,1.4107808232307435,1.421616804599762,1.4326895713806151,1.4476176798343658,1.4729834258556367
t_182,0.09851702861487865,0.09304755292832852,0.09537890292704106,0.0908767532557249,0.08918947204947472,0.08834295347332954,0.07973235920071602,0.07292931415140629,0.06613722965121269,0.0633881725370884,0.05806808955967426,0.05302241388708353,0.05154410880059004,0.044013640657067296,0.045109165646135804,0.037229901552200316,0.03259187396615744,0.0,0.03239175267517567,0.03532317765057087,0.041316363215446475,0.04368172138929367,0.05020168423652649,0.06077680792659521,0.06687166690826415,0.07321747802197934,0.08163893669843673,0.09691530540585518,0.10491472221910954,0.11531126461923122,0.12884844839572906,0.13678238466382026,0.1491631954908371,0.16344198137521743,0.17966602891683578,0.19590028300881385,0.20316902697086334,0.2249607190489769,0.2375768207013607,0.2530423805117607,0.26822634488344194,0.2882113352417946,0.30856947749853136,0.31489337235689163,0.3411842346191406,0.3563131123781204,0.3774201884865761,0.39575947523117067,0.4163409560918808,0.4353145733475685,0.452864895761013,0.4740450784564018,0.49539325684309005,0.5140592515468597,0.5341840714216233,0.5569848507642746,0.5739839166402817,0.591458398103714,0.6076727390289307,0.6255339324474335,0.6466687440872192,0.6614381521940231,0.6772021323442459,0.6949755430221558,0.7133911579847336,0.7250309586524963,0.7380401492118835,0.7549051612615585,0.7647602051496506,0.7759849697351455,0.7882312208414077,0.8050163894891739,0.8136387676000595,0.8237620770931244,0.8344805300235748,0.8473915129899978,0.8562195956707,0.8660179615020752,0.8787519127130509,0.8880319714546203,0.8953270047903061,0.905608594417572,0.9144671499729157,0.9227536886930465,0.9304728269577026,0.9364557832479476,0.9462740808725357,0.9528499722480774,0.9603896200656891,0.9683008790016174,0.9738362640142441,0.9797275424003601,0.9860551953315735,0.992400249838829,0.9986750572919846,1.0062542796134948,1.0110929012298584,1.0170618712902069,1.0239806413650512,1.0299460709095,1.035279357433319,1.0397541165351867,1.0445638000965118,1.0500245153903962,1.0536642909049987,1.0575677096843719,1.0629416406154633,1.0669193863868713,1.0723583281040192,1.0783705592155457,1.0807662665843965,1.085958582162857,1.088971871137619,1.0934218347072602,1.0975192308425903,1.101900452375412,1.1052839756011963,1.110574471950531,1.114216434955597,1.1170567870140076,1.1207265555858612,1.1245341718196868,1.1272764444351195,1.131240338087082,1.1335776209831239,1.1380806803703307,1.141063576936722,1.1451193809509277,1.1480088472366332,1.1490894734859467,1.1548357605934143,1.1568243563175202,1.1598621785640717,1.162720936536789,1.1666309356689453,1.1684720396995545,1.171450638771057,1.1763262271881103,1.1784782409667969,1.1811970591545105,1.1842765033245086,1.187637335062027,1.1907659888267517,1.1938966989517212,1.1960037291049956,1.1988671362400054,1.2011175513267518,1.2043902337551118,1.206446534395218,1.2104354083538056,1.2128648579120636,1.2168495893478393,1.2185730934143066,1.2222276210784913,1.2246815085411071,1.2278286397457123,1.2306497395038605,1.233977746963501,1.2373921990394592,1.2391525268554688,1.243394422531128,1.2456670939922332,1.249299269914627,1.2516950607299804,1.2555046021938323,1.2591233551502228,1.2620946764945984,1.2655299484729767,1.2689567744731902,1.2720056354999543,1.276454472541809,1.27947239279747,1.2836783289909364,1.2877297937870025,1.2907309234142303,1.2946271002292633,1.298729121685028,1.3037250876426696,1.3068851351737976,1.3114210426807404,1.3148951649665832,1.3202482640743256,1.3241740465164185,1.3292032599449157,1.3354877829551697,1.3400256931781769,1.345287209749222,1.3508442759513855,1.3559806406497956,1.3615633726119996,1.367438304424286,1.3751970767974853,1.3826000571250916,1.3890941262245178,1.3988828241825104,1.409000140428543,1.4198795557022095,1.4309947848320008,1.4459744274616242,1.4714350938796996
t_181,0.10293551199138165,0.09833994396030903,0.10157619751989841,0.09705208577215671,0.09492841958999634,0.09425204880535602,0.08459266237914562,0.07891681604087353,0.07065046727657318,0.06917939744889737,0.06317684762179851,0.05566391199827194,0.05530511625111103,0.04931154605001211,0.04975663013756275,0.04246359299868345,0.03382052127271891,0.03239175267517567,0.0,0.032233959436416625,0.03622583374381065,0.03984138909727335,0.04550453890115023,0.055624567158520224,0.061269610188901424,0.06815765276551247,0.07620772868394851,0.09076999686658382,0.09879161193966865,0.10930548831820489,0.12326673269271851,0.131286858022213,0.1438445642590523,0.15765477642416953,0.17430730909109116,0.19014614447951317,0.19764383435249328,0.21931198239326477,0.2318873070180416,0.24729968085885048,0.2625518649816513,0.28263042122125626,0.30297486037015914,0.30939234495162965,0.3356355234980583,0.3508023455739021,0.3718350052833557,0.3902794778347015,0.41092429757118226,0.42985849529504777,0.4475031509995461,0.4687164604663849,0.49009823203086855,0.5087880432605744,0.5289080768823624,0.5517439514398574,0.5688262075185776,0.5863574743270874,0.6026470750570297,0.6205014258623123,0.6416931718587875,0.6565670162439347,0.6723780661821366,0.6902036130428314,0.7086841076612472,0.7203889936208725,0.733462217450142,0.7503815203905105,0.7602941423654557,0.7715870767831803,0.7839294135570526,0.8007159501314163,0.8094067692756652,0.8195873260498047,0.8303561091423035,0.8433555483818054,0.8522366285324097,0.8620753288269043,0.8748377859592438,0.8841813802719116,0.8915180414915085,0.9018408507108688,0.9107492864131927,0.9190764188766479,0.9268386989831925,0.9328691154718399,0.9427490442991256,0.9493808180093766,0.9569463014602662,0.9649135619401932,0.9704853057861328,0.9764032781124115,0.9827947199344635,0.9891561210155487,0.9954570382833481,1.0030914783477782,1.0079810440540313,1.0139829695224762,1.0209392189979554,1.0269449293613433,1.0322983980178833,1.0368174612522125,1.041686362028122,1.0471563994884492,1.0508420586585998,1.0547842741012574,1.0601770102977752,1.0641859531402589,1.0696506381034852,1.075704312324524,1.0781388342380525,1.0833542704582215,1.0863816082477569,1.09088191986084,1.0950030744075776,1.0994109213352203,1.1028090715408325,1.1081291556358337,1.1117763102054596,1.1146406531333923,1.1183454394340515,1.122180598974228,1.124932473897934,1.128932523727417,1.1312882721424102,1.1358111143112182,1.1388148963451385,1.1428981125354767,1.1457910776138305,1.146884447336197,1.1526640057563782,1.1546653270721436,1.1577197015285492,1.1605997145175935,1.164529550075531,1.1663766980171204,1.1693693578243256,1.1742438673973083,1.1764000177383422,1.1791358292102814,1.1822284519672395,1.1855989754199983,1.18875133395195,1.1918874382972717,1.194010204076767,1.1968916356563568,1.1991345524787902,1.2024268209934235,1.2044803082942963,1.2084846198558807,1.2109318137168885,1.2149184584617614,1.2166456878185272,1.220316505432129,1.222775584459305,1.2259291350841521,1.228748869895935,1.2320998191833497,1.2355136156082154,1.2372767210006714,1.241535669565201,1.2438120245933533,1.2474512100219726,1.2498618185520172,1.2536711931228637,1.2572927117347716,1.2602658450603486,1.2637208938598632,1.2671404302120208,1.2701985120773316,1.2746414065361023,1.2776731967926025,1.2818752646446228,1.2859457194805146,1.288949328660965,1.2928377449512483,1.2969490885734558,1.3019480407238007,1.3051157534122466,1.3096500933170319,1.3131328284740449,1.31849462389946,1.3224332571029662,1.3274416267871856,1.333743268251419,1.3382921993732453,1.3435494959354402,1.3491085648536683,1.354246735572815,1.3598345994949341,1.36570805311203,1.3734818756580354,1.3808915317058563,1.3873811423778535,1.3971800923347473,1.407298070192337,1.418185192346573,1.4293129682540893,1.4443058490753173,1.4697976768016816
t_180,0.11204319000244141,0.10724782533943653,0.10981559939682484,0.10530388541519642,0.10339754708111286,0.10270311012864113,0.09339650683104991,0.08730665184557437,0.07959513664245606,0.07729639373719692,0.07157124057412148,0.06443532407283784,0.06346761845052243,0.05636549163609743,0.057179580070078374,0.048137424513697624,0.03970578592270613,0.03532317765057087,0.032233959436416625,0.0,0.03289170991629362,0.034417448565363884,0.03910910431295633,0.0479867959395051,0.053243206813931465,0.059713483601808545,0.06733704879879951,0.0820296548306942,0.09005199298262596,0.10033929161727428,0.1140902053564787,0.12222435288131236,0.1348493404686451,0.14890505373477936,0.16549738645553588,0.1816507488489151,0.18908220902085304,0.21093546748161315,0.22366589233279227,0.23924328163266181,0.2546405717730522,0.2748335003852844,0.29537118077278135,0.3017882600426674,0.32831352949142456,0.3436302214860916,0.36485326141119,0.3834380343556404,0.4042282059788704,0.4233954206109047,0.4411693274974823,0.4625437244772911,0.4841256648302078,0.5029348492622375,0.5232359558343888,0.546284556388855,0.5634662926197052,0.5811428666114807,0.5975294530391693,0.6155642241239547,0.6369098901748658,0.6518893659114837,0.6677857995033264,0.6857760459184646,0.704350209236145,0.7161437898874283,0.7293183505535126,0.7463546991348267,0.7563047289848328,0.7676917910575867,0.7800588190555573,0.7969939708709717,0.8057389289140702,0.8159707158803939,0.8268036544322968,0.8398559600114822,0.8487800031900405,0.8587037831544876,0.8715642809867858,0.880928760766983,0.8883085966110229,0.8986984699964523,0.9076656728982926,0.916033998131752,0.9238415747880936,0.9298803955316544,0.939814355969429,0.9464580625295639,0.9540887624025345,0.9620958983898162,0.9676973700523377,0.9736429274082183,0.9800547212362289,0.9864721238613129,0.9928271055221558,1.0004729717969894,1.0053673833608627,1.0114126473665237,1.0184029638767242,1.0244381725788116,1.0298267424106597,1.034367036819458,1.0392322957515716,1.0447532415390015,1.048433130979538,1.0523850560188293,1.0578186750411986,1.061851018667221,1.0673301458358764,1.0734068393707275,1.0758440673351288,1.0810924172401428,1.0841431200504303,1.0886385142803192,1.0927735030651093,1.0972095549106597,1.1006282925605775,1.1059672057628631,1.1096365571022033,1.1125207424163819,1.116231119632721,1.120069032907486,1.1228405296802522,1.1268487334251405,1.1292197406291962,1.133750206232071,1.1367683053016662,1.1408600449562072,1.1437752544879913,1.1448790967464446,1.1506670415401459,1.152672642469406,1.155744695663452,1.1586317777633668,1.1625714421272277,1.1644353866577148,1.1674433708190919,1.1723440170288086,1.1745218455791473,1.177265280485153,1.1803661346435548,1.1837544918060303,1.1869133532047271,1.1900671660900115,1.1921920716762542,1.195075309276581,1.197341912984848,1.200648683309555,1.2027215361595154,1.206735408306122,1.2091860890388488,1.2131920099258422,1.214936763048172,1.2186125755310058,1.2210856080055237,1.2242554605007172,1.2270958483219148,1.230449026823044,1.2338870942592621,1.2356595337390899,1.2399281919002534,1.2422192215919494,1.2458736717700958,1.2482948780059815,1.2521165311336517,1.2557555615901947,1.2587480008602143,1.262217152118683,1.2656545698642732,1.2687251269817352,1.273196166753769,1.2762390851974488,1.2804620265960693,1.2845424354076385,1.2875641524791717,1.2914748907089233,1.2956058204174041,1.300626677274704,1.3038019120693207,1.3083653628826142,1.3118592143058776,1.3172446846961976,1.3211925446987152,1.3262397825717926,1.332563090324402,1.3371200919151307,1.3424039244651795,1.3479934751987457,1.35315380692482,1.3587637841701508,1.3646636486053467,1.372471308708191,1.3799069106578827,1.38642675280571,1.3962690591812135,1.4064329981803894,1.4173649966716766,1.4285336256027221,1.4435844540596008,1.469150573015213
t_179,0.12066415809094906,0.11605611108243466,0.11929630413651467,0.11477564163506031,0.11275531575083733,0.11178818196058274,0.10236626267433166,0.09663900323212146,0.0882586769759655,0.08662907406687737,0.0807718027383089,0.07238268926739692,0.07232220955193043,0.06572705544531346,0.06529801264405251,0.056294459477066995,0.04696373306214809,0.041316363215446475,0.03622583374381065,0.03289170991629362,0.0,0.030574214085936545,0.0321682533249259,0.03986416570842266,0.04520557560026646,0.05117023177444935,0.05878939218819142,0.07262307591736317,0.08047271743416787,0.09079067297279834,0.10479884967207909,0.11294492185115815,0.12547686100006103,0.13940188959240912,0.15626460686326027,0.17230041846632957,0.17978971302509308,0.20171656534075738,0.21449958086013793,0.23014118224382402,0.24566122591495515,0.265974760055542,0.286618247628212,0.2931336581707001,0.3198035076260567,0.33521061986684797,0.35649320036172866,0.37523237615823746,0.3961385816335678,0.41542507261037825,0.43327842503786085,0.4548238396644592,0.4765468180179596,0.49546536058187485,0.5158737033605576,0.5390419065952301,0.5563608884811402,0.574136272072792,0.5906346917152405,0.6087605625391006,0.6302509784698487,0.6453240662813187,0.6613281726837158,0.6794221937656403,0.6981202065944672,0.7099775940179824,0.7232476800680161,0.7403940618038177,0.750426173210144,0.7618953555822372,0.774354773759842,0.791376706957817,0.800180459022522,0.8104842305183411,0.8213933259248734,0.8345254540443421,0.8435239940881729,0.8535037189722061,0.8664284527301789,0.8758675962686538,0.8832925915718078,0.8937522113323212,0.9027715265750885,0.9112056136131287,0.9190571635961533,0.925145736336708,0.935153329372406,0.9418518871068955,0.9495303630828857,0.9575949668884277,0.9632308274507523,0.9692233473062515,0.9756976336240768,0.9821386605501174,0.9885221093893051,0.9962354242801666,1.0011807948350906,1.0072619795799256,1.0142990350723267,1.0203803062438965,1.0258005619049073,1.0303695976734162,1.035290503501892,1.0408289790153504,1.0445538759231567,1.0485434651374816,1.0539964735507965,1.0580649971961975,1.0635729789733888,1.069697344303131,1.0721600472927093,1.0774325370788573,1.080493587255478,1.0850371599197388,1.0892133116722107,1.0936652362346648,1.097103226184845,1.1024845361709594,1.106159543991089,1.109067589044571,1.1128134906291962,1.1166720330715179,1.1194558501243592,1.1234941601753234,1.1258813560009002,1.1304380595684052,1.1334738731384277,1.137594187259674,1.1405210614204406,1.1416266679763794,1.1474571645259857,1.149477916955948,1.152561318874359,1.155470758676529,1.1594307184219361,1.1612924575805663,1.164318859577179,1.1692400097846984,1.1714204132556916,1.1741744995117187,1.1772947788238526,1.1806996881961822,1.1838742256164552,1.187038105726242,1.1891745328903198,1.192079085111618,1.1943424701690675,1.1976619362831116,1.1997280299663544,1.203766942024231,1.2062349140644073,1.2102563381195068,1.2119957387447358,1.2156962156295776,1.2181771636009215,1.221348488330841,1.224188208580017,1.227568918466568,1.2310094952583313,1.2327852606773377,1.2370709240436555,1.2393611013889312,1.2430334448814393,1.2454613387584685,1.2492928862571717,1.252938348054886,1.2559321105480195,1.259410810470581,1.2628592073917388,1.2659297466278077,1.2704052805900574,1.2734574139118195,1.277688694000244,1.281783890724182,1.2848075687885285,1.2887192010879516,1.2928592443466187,1.2978915631771089,1.3010752141475677,1.3056399047374725,1.309140330553055,1.3145429909229278,1.3185053944587708,1.3235419988632202,1.3298869013786316,1.3344626545906066,1.33975191116333,1.3453496456146241,1.350517851114273,1.3561405181884765,1.362045842409134,1.3698764383792876,1.3773312985897064,1.3838616967201234,1.393728744983673,1.4039136528968812,1.4148754715919494,1.4260759770870208,1.4411670327186585,1.4668142378330231
t_178,0.12453237175941467,0.11978401504456997,0.12276324518024921,0.11823040805757046,0.11632260009646415,0.11543640866875648,0.10618027225136757,0.10012106150388718,0.09206969626247882,0.09008426517248154,0.08407874330878258,0.07630771920084953,0.07597762830555439,0.06869724057614804,0.06915796175599098,0.05929624643176794,0.050494490191340446,0.04368172138929367,0.03984138909727335,0.034417448565363884,0.030574214085936545,0.0,0.031434539891779426,0.03816018421202898,0.04285782855004072,0.04820553082972765,0.055178291909396646,0.06941063031554222,0.07720896005630493,0.08724594302475452,0.10102393738925457,0.1091175440698862,0.12155355885624886,0.1356344774365425,0.15238823145627975,0.16852111518383026,0.17597299814224243,0.19793558716773987,0.21074365377426146,0.22642217501997947,0.24194821640849112,0.2622800529003143,0.28297284096479414,0.28943952023983,0.3161891341209412,0.33161875456571577,0.3530020326375961,0.3717516794800758,0.392729127407074,0.41203844994306565,0.4299522966146469,0.4515556484460831,0.47334863990545273,0.4923059821128845,0.5127773970365525,0.5360183566808701,0.5533783346414566,0.5712097853422164,0.587756159901619,0.6059489578008652,0.6275044113397599,0.6426180452108383,0.6586675196886063,0.6768299162387847,0.6955734223127366,0.707483172416687,0.7207903385162353,0.7379917681217194,0.748041495680809,0.7595482051372529,0.7720427572727203,0.7891309201717377,0.7979693651199341,0.8082993358373642,0.8192486822605133,0.832426306605339,0.8414533734321594,0.8514722734689713,0.8644529640674591,0.8739189624786377,0.881383016705513,0.8918760240077972,0.9009390622377396,0.9093942075967789,0.9172831565141678,0.9233927190303802,0.9334423840045929,0.9401650667190552,0.9478797405958176,0.9559750586748124,0.9616381138563156,0.9676550060510636,0.9741500616073608,0.9806278318166732,0.987044769525528,0.994780495762825,0.9997450977563858,1.0058544814586639,1.012914064526558,1.0190274715423584,1.0244715809822083,1.0290640115737915,1.0339925289154053,1.0395659804344177,1.0432943165302277,1.0473058342933654,1.0527794241905213,1.0568678736686707,1.0623952865600585,1.06854105591774,1.0710108935832978,1.0763106644153595,1.0793916523456573,1.0839424014091492,1.0881308436393737,1.092606121301651,1.09605672955513,1.101455569267273,1.1051480710506438,1.108070319890976,1.11182182431221,1.1156904637813567,1.118489420413971,1.1225384771823883,1.1249418079853057,1.1295061588287354,1.1325488686561584,1.13668212890625,1.1396195769309998,1.140730905532837,1.1465752303600312,1.1486018300056458,1.1516931056976318,1.1546134293079375,1.1585832297801972,1.1604588210582734,1.1634942829608916,1.1684275686740875,1.1706172704696656,1.1733800649642945,1.1765066862106324,1.1799210965633393,1.183101201057434,1.1862726390361786,1.1884181678295136,1.191326344013214,1.1935978353023529,1.1969262719154359,1.1990025460720062,1.2030473232269288,1.2055201351642608,1.209548968076706,1.2112988710403443,1.2150020122528076,1.2174888372421264,1.2206680595874786,1.2235209167003631,1.2268991827964784,1.2303490817546845,1.232130217552185,1.2364244520664216,1.238719290494919,1.2423968493938446,1.244830811023712,1.2486683249473571,1.252320557832718,1.2553221583366394,1.2588097512722016,1.2622591495513915,1.265340793132782,1.2698207139968871,1.2728822231292725,1.277120178937912,1.2812199294567108,1.2842524290084838,1.2881712734699249,1.29231698513031,1.2973575234413146,1.3005471289157868,1.3051210522651673,1.308626663684845,1.3140382945537568,1.3180040299892426,1.3230521023273467,1.329408770799637,1.3339859127998352,1.339283287525177,1.3448931872844696,1.3500697135925293,1.3556995153427125,1.3616133093833924,1.3694560289382935,1.3769195020198821,1.3834597587585449,1.3933424770832061,1.4035434961318969,1.4145208597183228,1.4257356107234955,1.44084535241127,1.4665101289749145
t_177,0.13225134164094926,0.1275429517030716,0.13078200519084932,0.12620017677545547,0.12430237866938114,0.1234192255884409,0.11403914093971253,0.1081196740269661,0.09979895837604999,0.09805514104664326,0.09218343868851661,0.08378686904907226,0.0837123453617096,0.07666954547166824,0.07640257813036441,0.06654637232422829,0.057194431126117704,0.05020168423652649,0.04550453890115023,0.03910910431295633,0.0321682533249259,0.031434539891779426,0.0,0.032532302848994735,0.03631704077124596,0.04222487807273865,0.047915614955127236,0.06135494876652956,0.06929316744208336,0.07925570011138916,0.09312856197357178,0.10104431807994843,0.11362301781773568,0.12752363309264184,0.14433401823043823,0.1605517067015171,0.1680273689329624,0.1901017390191555,0.20295365005731583,0.21863836869597436,0.23427337929606437,0.25475872606039046,0.2755288779735565,0.28204690366983415,0.3089137464761734,0.3244658663868904,0.3459000825881958,0.3647741720080376,0.38588002026081086,0.4052995428442955,0.42328043431043627,0.4450027883052826,0.46694839000701904,0.48597940504550935,0.5065379917621613,0.5299141526222229,0.5473827064037323,0.5652983695268631,0.581943365931511,0.6002167016267776,0.6218937277793884,0.6371006935834884,0.6532290905714035,0.6714947283267975,0.6903318345546723,0.7023063570261001,0.7156975924968719,0.7329979479312897,0.7431022316217423,0.7546847879886627,0.767257097363472,0.784410583972931,0.7933188289403915,0.8037061184644699,0.8147219985723495,0.8279690742492676,0.8370505034923553,0.8471309959888458,0.8601724177598953,0.8696916997432709,0.877190625667572,0.8877500683069229,0.8968635708093643,0.9053753852844239,0.913306325674057,0.9194504171609879,0.9295606046915055,0.9363289564847946,0.9440861523151398,0.9522401034832001,0.9579317897558213,0.9639864176511764,0.9705311834812165,0.977036428451538,0.9834910601377487,0.991272297501564,0.9962786704301834,1.0024254649877549,1.0095223307609558,1.0156756043434143,1.0211486101150513,1.025770366191864,1.0307401597499848,1.0363354682922363,1.040093982219696,1.0441328167915345,1.0496306121349335,1.0537527740001678,1.0593022406101227,1.0654861629009247,1.0679758489131927,1.0732994198799133,1.0763935446739197,1.0809775829315185,1.085195541381836,1.0896883308887482,1.093158209323883,1.0985904514789582,1.1022888779640199,1.1052344560623169,1.1090091824531556,1.1128977954387664,1.115708190202713,1.1197833776474,1.1221978962421417,1.1267837464809418,1.1298427700996398,1.1339982509613038,1.1369471192359923,1.1380640268325806,1.1439437389373779,1.1459793627262116,1.1490812957286836,1.152020674943924,1.1560085117816925,1.1578855395317078,1.1609365046024323,1.1658879220485687,1.168083530664444,1.170859056711197,1.1740015923976899,1.177429485321045,1.1806241869926453,1.1838059842586517,1.1859616756439209,1.1888846457004547,1.1911593139171601,1.1945005774497985,1.1965788006782532,1.2006435334682464,1.203131330013275,1.2071754455566406,1.2089252173900604,1.2126489758491517,1.215142297744751,1.2183300971984863,1.2211861431598663,1.2245873868465424,1.2280469238758087,1.2298335790634156,1.2341420114040376,1.2364414930343628,1.240134346485138,1.2425791919231415,1.2464293658733367,1.2500867128372193,1.2530977189540864,1.2565989673137665,1.260060453414917,1.2631471395492553,1.2676377058029176,1.2707106053829194,1.2749580025672913,1.2790735065937042,1.2821134507656098,1.2860385000705719,1.2901977479457856,1.2952532589435577,1.2984512984752654,1.3030350148677825,1.3065485954284668,1.311980390548706,1.3159613072872163,1.321010035276413,1.3273909270763398,1.3319828927516937,1.3372925043106079,1.342916303873062,1.3481048583984374,1.3537499189376831,1.359674870967865,1.3675468623638154,1.375029194355011,1.3815813899040221,1.391495019197464,1.4017212092876434,1.4127284228801726,1.4239733695983887,1.4391234755516051,1.4648513317108154
t_176,0.14316906332969664,0.13911546319723128,0.14218324348330497,0.1375479891896248,0.13596179187297822,0.13554460555315018,0.12592763379216193,0.11993999667465687,0.11154821999371052,0.10929755009710788,0.10331481583416462,0.09458964169025422,0.0950066663324833,0.08812624327838421,0.08862463049590588,0.0773994516581297,0.0686164390295744,0.06077680792659521,0.055624567158520224,0.0479867959395051,0.03986416570842266,0.03816018421202898,0.032532302848994735,0.0,0.03229117281734943,0.03543121311813593,0.0389522572979331,0.05096153952181339,0.05845678746700287,0.06817346625030041,0.08184268064796925,0.08926192298531532,0.10224692150950432,0.1158749993890524,0.1324294202029705,0.1487489990890026,0.15652235746383666,0.1784004047513008,0.19132099524140359,0.20696655735373498,0.2227297805249691,0.2434180647134781,0.2643019989132881,0.27084672451019287,0.2978654593229294,0.3135675147175789,0.33512924164533614,0.3541588693857193,0.3754786655306816,0.3950026825070381,0.41314896047115324,0.4350220963358879,0.45715018510818484,0.4763176470994949,0.4970025435090065,0.5205876588821411,0.5382077693939209,0.556272953748703,0.5730742841959,0.5914757043123245,0.6133286684751511,0.6287026137113572,0.644953042268753,0.6633809119462967,0.6823801010847091,0.694456222653389,0.7079700052738189,0.7254237771034241,0.7356193959712982,0.7473193883895874,0.760006245970726,0.7772890239953995,0.7862857222557068,0.7967611163854599,0.8078756242990494,0.821261602640152,0.8304232150316239,0.840588653087616,0.8537328153848648,0.8633588254451752,0.8709343850612641,0.8815728634595871,0.8907831162214279,0.8993631601333618,0.907377302646637,0.9135891079902649,0.9238017082214356,0.9306518048048019,0.9384772390127182,0.9467068642377854,0.952454149723053,0.9585794568061828,0.9651894897222519,0.9717496007680893,0.9782705068588257,0.9861322224140168,0.9911938846111298,0.9973964035511017,1.004564920067787,1.010785073041916,1.0163041293621062,1.0209833681583405,1.0260062754154204,1.0316535353660583,1.0354508936405182,1.0395416975021363,1.0450792372226716,1.0492423057556153,1.054843121767044,1.0610916316509247,1.0636143386363983,1.0689904272556305,1.0721139907836914,1.0767519116401671,1.0810024619102478,1.0855461597442626,1.0890459954738616,1.0945221602916717,1.0982531905174255,1.1012278139591216,1.1050445675849914,1.1089660584926606,1.1118009030818938,1.1159225106239319,1.1183606147766114,1.1229876816272735,1.1260770857334137,1.1302648305892944,1.1332316994667053,1.1343633353710174,1.1402926206588746,1.1423441290855407,1.1454779505729675,1.1484490752220153,1.1524664998054504,1.154365998506546,1.1574385583400726,1.1624200522899628,1.1646347641944885,1.1674314260482788,1.1705919444561004,1.1740437686443328,1.1772686839103699,1.1804706871509552,1.182647031545639,1.1855970799922944,1.1878799200057983,1.19124436378479,1.1933350741863251,1.19743150472641,1.199939066171646,1.2040002822875977,1.205771952867508,1.209512859582901,1.2120271563529967,1.2152270257472992,1.2181023955345154,1.2215269029140472,1.2250009179115295,1.2267992556095124,1.2311311841011048,1.233443522453308,1.2371580183506012,1.23962259888649,1.243483978509903,1.2471603155136108,1.2501788198947907,1.2537103593349457,1.2571787595748902,1.2602828979492187,1.2647854447364808,1.26787970662117,1.2721463024616242,1.2762834548950195,1.279344654083252,1.2832767426967622,1.287457525730133,1.2925348699092865,1.2957504510879516,1.3003453254699706,1.3038786828517914,1.3093403100967407,1.3133398294448853,1.3183978974819184,1.3248037993907928,1.3294182240962982,1.3347428500652314,1.3403924703598022,1.3456012606620789,1.351266199350357,1.3572065234184265,1.365112119913101,1.3726248681545257,1.3792075097560883,1.3891551673412323,1.399417507648468,1.4104753494262696,1.4217676758766173,1.4369785785675049,1.4628158211708069
t_175,0.15050511434674263,0.14592876210808753,0.1489260382950306,0.1444070093333721,0.14258467704057692,0.14185714721679688,0.13258394449949265,0.12667789831757545,0.11826167702674865,0.11628694124519826,0.11047532558441162,0.10196423977613449,0.10201348513364791,0.09457786455750465,0.09455993175506591,0.08379347138106823,0.07444374822080135,0.06687166690826415,0.061269610188901424,0.053243206813931465,0.04520557560026646,0.04285782855004072,0.03631704077124596,0.03229117281734943,0.0,0.030729109421372414,0.035179230570793155,0.04548246879130602,0.05192401260137558,0.061788912676274774,0.07428432889282703,0.08218404613435268,0.09454599171876907,0.10850134305655956,0.125299584120512,0.1416889451444149,0.14904942810535432,0.1713494837284088,0.18435632884502412,0.20022457018494605,0.21601907685399055,0.23667606115341186,0.25766474604606626,0.2642149686813354,0.2914552316069603,0.3072005346417427,0.3289418801665306,0.34801387041807175,0.36938136965036394,0.3890921548008919,0.4072719380259514,0.42930172234773634,0.45157659500837327,0.47082826793193816,0.49169098734855654,0.5153913825750351,0.5330931931734085,0.5512464642524719,0.5681151658296585,0.5866641283035279,0.6086603254079819,0.6240642368793488,0.6404163092374802,0.658960422873497,0.6780300050973892,0.6901818186044693,0.7037640929222106,0.7213066697120667,0.7315295457839965,0.7433011770248413,0.7559973299503326,0.7734273791313171,0.7824646532535553,0.7929814428091049,0.8041528314352036,0.8175718724727631,0.8267753958702088,0.837010458111763,0.8502502739429474,0.8598914265632629,0.8675135910511017,0.8782198488712311,0.8874800264835357,0.8960972338914871,0.9041457891464233,0.9103696137666702,0.9206360250711441,0.9274936109781265,0.9353837460279465,0.9436513990163803,0.9494325876235962,0.9555794954299927,0.9622115671634675,0.9688307553529739,0.9753996044397354,0.9832724422216416,0.9883539140224457,0.9946017861366272,1.0017927199602128,1.008048677444458,1.0136078953742982,1.018305057287216,1.023329997062683,1.029028344154358,1.0328242659568787,1.0369330942630768,1.0425077259540558,1.046697300672531,1.0523178577423096,1.058585876226425,1.061113464832306,1.0665203392505647,1.0696714997291565,1.0743031919002533,1.0785778045654297,1.083147406578064,1.086665153503418,1.092172485589981,1.0959223449230193,1.098919016122818,1.102737271785736,1.1066669464111327,1.1095242619514465,1.113653188943863,1.1161153435707092,1.120746248960495,1.12384632229805,1.1280476212501527,1.1310426831245421,1.1321796119213103,1.1381229758262634,1.14018172621727,1.1433261692523957,1.1463088929653167,1.1503412902355195,1.152257001399994,1.1553450763225555,1.1603570342063905,1.162588858604431,1.1653957903385161,1.1685671389102936,1.1720427811145782,1.1752676725387574,1.1784902393817902,1.1806727290153503,1.1836244285106658,1.1859297931194306,1.1893124401569366,1.1914260149002076,1.1955282628536223,1.198040747642517,1.2021251440048217,1.203909969329834,1.20766139626503,1.2101865231990814,1.2134074091911315,1.2163020253181458,1.219725352525711,1.223226511478424,1.2250312626361848,1.2293788969516755,1.2317021131515502,1.2354343295097352,1.2379051446914673,1.241784018278122,1.2454810619354248,1.248520404100418,1.252065622806549,1.2555486917495728,1.2586660981178284,1.2631938993930816,1.2663033604621887,1.2705864310264587,1.2747398972511292,1.2778153359889983,1.281775289773941,1.285973346233368,1.2910699665546417,1.2942970991134644,1.298922175168991,1.3024668276309967,1.3079476237297059,1.3119575083255768,1.317054271697998,1.3234928011894227,1.3281110048294067,1.3334665179252625,1.339144116640091,1.3443764865398407,1.350064182281494,1.3560346603393554,1.3639780223369598,1.3715187847614287,1.378125160932541,1.3881261944770813,1.3984435081481934,1.4095468819141388,1.420881634950638,1.4361572027206422,1.462067687511444
t_174,0.15717026442289353,0.15267908722162246,0.1553459234535694,0.15092475488781928,0.14928568303585052,0.1485821209847927,0.1394959270954132,0.13345637544989586,0.1252654656767845,0.12297271974384785,0.11712691336870193,0.10890311971306801,0.10891438759863377,0.10128366574645042,0.10155928172171116,0.09020297452807427,0.08153073713183404,0.07321747802197934,0.06815765276551247,0.059713483601808545,0.05117023177444935,0.04820553082972765,0.04222487807273865,0.03543121311813593,0.030729109421372414,0.0,0.0323628656566143,0.04150646775960922,0.046533362567424776,0.05581435300409794,0.06752609126269818,0.07552631050348282,0.08764089569449425,0.10179937705397606,0.11849077120423317,0.13496856912970542,0.14234611317515372,0.16457702368497848,0.17771838530898093,0.19374275356531143,0.20960357114672662,0.2302888125181198,0.2514201730489731,0.25797927379608154,0.2854448229074478,0.3012207686901093,0.32313511073589324,0.3422887548804283,0.36375327557325365,0.38361671566963196,0.40187989473342894,0.4240295380353928,0.44642188847064973,0.465775565803051,0.4867584705352783,0.5105723023414612,0.5283536881208419,0.5466033726930618,0.5635302156209946,0.5822046041488648,0.6043084472417831,0.6197649478912354,0.6361755490303039,0.654812240600586,0.6739699125289917,0.6861655682325363,0.6998157799243927,0.7174293994903564,0.7277041614055634,0.7395206153392792,0.7522427260875701,0.7697841405868531,0.7788305282592773,0.7893851131200791,0.8006001621484756,0.8140640825033187,0.823310187458992,0.83358054459095,0.8468832671642303,0.8565635085105896,0.8642196029424667,0.8749658316373825,0.8842661172151566,0.8929128736257553,0.9009972989559174,0.9072460770606995,0.9175591766834259,0.924436378479004,0.9323737233877182,0.9406622290611267,0.946467038989067,0.952646455168724,0.9593036144971847,0.9659460932016373,0.9725442796945571,0.9804509311914444,0.9855436474084854,0.9918134391307831,0.9990396052598953,1.0053210526704788,1.0109039664268493,1.0156154036521912,1.0206494688987733,1.026378446817398,1.0301845490932464,1.034316098690033,1.03990638256073,1.044107937812805,1.0497504770755768,1.0560444712638855,1.0585754692554474,1.0640039503574372,1.067165094614029,1.0718108355998992,1.076113897562027,1.0806974589824676,1.0842261910438538,1.0897554814815522,1.0935207843780517,1.0965247750282288,1.100364524126053,1.1042956709861755,1.1071676909923553,1.111310029029846,1.113785308599472,1.1184295296669007,1.1215381145477294,1.1257519960403441,1.128761875629425,1.129893922805786,1.1358590722084045,1.137926071882248,1.1410788297653198,1.1440741539001464,1.1481173098087312,1.1500387609004974,1.153139317035675,1.1581737339496612,1.1604134261608123,1.1632269144058227,1.166410255432129,1.1698981821537018,1.173126369714737,1.1763622879981994,1.178549462556839,1.1815109431743622,1.1838264465332031,1.1872175812721253,1.1893314123153687,1.1934482097625732,1.1959667146205901,1.2000684678554534,1.201854681968689,1.2056148409843446,1.2081535279750824,1.2113758683204652,1.2142797589302063,1.2177129685878754,1.2212203681468963,1.2230334877967834,1.2273910820484162,1.2297162890434266,1.2334590971469879,1.2359341859817505,1.2398228526115418,1.2435272932052612,1.246574157476425,1.2501260340213776,1.2536228954792024,1.2567450881004334,1.2612825870513915,1.2643984079360961,1.268694168329239,1.2728546261787415,1.275938194990158,1.2799086928367616,1.2841157853603362,1.289226496219635,1.2924604296684266,1.2970971047878266,1.3006460666656494,1.3061429142951966,1.3101610600948335,1.3152698874473572,1.3217231929302216,1.326351249217987,1.3317200303077699,1.3374127268791198,1.342659866809845,1.3483618140220641,1.3543452143669128,1.3623063206672668,1.3698673248291016,1.3764944314956664,1.386525136232376,1.3968700349330903,1.4080105602741242,1.419377762079239,1.4347020268440247,1.4606946527957916
t_173,0.16484521999955176,0.16070712357759476,0.16373877078294755,0.15926400274038316,0.15769934207201003,0.15721965581178665,0.14788066521286963,0.14182155951857567,0.1336022324860096,0.13135884776711465,0.12535654939711094,0.11685133054852485,0.11713343933224678,0.1099587794393301,0.11059349365532398,0.0989865519106388,0.0901815216988325,0.08163893669843673,0.07620772868394851,0.06733704879879951,0.05878939218819142,0.055178291909396646,0.047915614955127236,0.0389522572979331,0.035179230570793155,0.0323628656566143,0.0,0.034199127741158006,0.03957227524369955,0.04764759037643671,0.0600413978099823,0.06702789776027203,0.07953709363937378,0.0932481486350298,0.10967874377965928,0.12602916806936265,0.13369787707924843,0.15570844411849977,0.16885703131556512,0.1846695676445961,0.20067930743098258,0.22151668816804887,0.2426985338330269,0.24925311654806137,0.276708847284317,0.2926386818289757,0.31450982838869096,0.3338188245892525,0.355461511015892,0.3753113403916359,0.39373027086257933,0.41594190448522567,0.43848656117916107,0.4578676402568817,0.47888035923242567,0.5028582245111466,0.5207470089197159,0.539119976758957,0.5561670958995819,0.5748904526233674,0.5971101284027099,0.6127542585134507,0.6292241185903549,0.6479905903339386,0.6672511130571366,0.6795640110969543,0.6933107167482376,0.711046326160431,0.7213841050863266,0.7333019196987152,0.7461628228425979,0.7637392073869705,0.7729022830724717,0.7835290968418122,0.794841730594635,0.8084298729896545,0.8177412867546081,0.828093895316124,0.8414719015359878,0.8512393325567246,0.8589561581611633,0.8697691529989242,0.8791587561368942,0.8878692001104355,0.8960358589887619,0.9023445874452591,0.9127509653568268,0.9197195708751679,0.9277007162570954,0.9360801905393601,0.9419358044862747,0.9481776416301727,0.9549068093299866,0.9615993976593018,0.9682549446821213,0.9762291699647904,0.9813863843679428,0.9877103745937348,0.9950031876564026,1.0013484090566636,1.006967231631279,1.0117471545934678,1.0168415367603303,1.0226109802722931,1.0264579117298127,1.0306400060653687,1.0362646579742432,1.0405152678489684,1.0461995363235475,1.0525502204895019,1.0551263034343719,1.0606019377708436,1.0637950599193573,1.0684902489185333,1.0728166580200196,1.0774429142475128,1.0810037791728973,1.0865661561489106,1.0903547346591949,1.0933883249759675,1.0972570121288299,1.101232933998108,1.1041228830814362,1.108311128616333,1.1108040750026702,1.1154842317104339,1.1186186611652373,1.122865879535675,1.1258800387382508,1.127034318447113,1.1330402076244355,1.1351247429847717,1.1383004486560822,1.141323882341385,1.1453914523124695,1.1473323345184325,1.1504495799541474,1.1554861128330232,1.1577338814735412,1.160577017068863,1.163773775100708,1.1672711372375488,1.1705340504646302,1.1737753391265868,1.1759876966476441,1.1789708733558655,1.1812834322452546,1.1846933126449586,1.1868165969848632,1.1909527599811554,1.1934930503368377,1.1975976169109344,1.1993998885154724,1.2031743466854095,1.2057215094566345,1.208956342935562,1.2118672788143159,1.2153218388557434,1.2188354969024657,1.2206577718257905,1.2250340044498444,1.2273703396320343,1.2311183989048005,1.2336184442043305,1.2375112414360045,1.2412200152873993,1.2442716300487517,1.2478535056114197,1.2513443112373352,1.2544823348522187,1.259017527103424,1.2621534943580628,1.2664524018764496,1.2706337034702302,1.2737309873104095,1.2776973724365235,1.2819204807281495,1.2870351433753968,1.2902857661247253,1.294925284385681,1.2984896540641784,1.3039986789226532,1.3080350041389466,1.3131373345851898,1.319607174396515,1.324253410100937,1.329623246192932,1.33532754778862,1.340585434436798,1.3462988078594207,1.3522929191589355,1.360275501012802,1.367853158712387,1.3744900107383728,1.3845379829406739,1.3949046432971954,1.4060685575008391,1.4174671649932862,1.4328260004520417,1.4588749945163726
t_172,0.17894692495465278,0.17509765848517417,0.17846184149384497,0.17401135414838792,0.17243456244468688,0.17204239144921302,0.1625529170036316,0.15683362558484076,0.14824456721544266,0.14633352160453797,0.14037854000926017,0.1313234455883503,0.1320495367050171,0.1252090662717819,0.12579539343714713,0.11415796317160129,0.10513788051903247,0.09691530540585518,0.09076999686658382,0.0820296548306942,0.07262307591736317,0.06941063031554222,0.06135494876652956,0.05096153952181339,0.04548246879130602,0.04150646775960922,0.034199127741158006,0.0,0.03207931946963072,0.03683459777384997,0.04787452891469002,0.054077664762735365,0.06612518019974231,0.07862736135721207,0.09514163732528687,0.11103094890713691,0.11883997581899167,0.14063019007444383,0.15373682752251625,0.1695311687886715,0.185642209649086,0.20659665241837502,0.22786551341414452,0.23452023267745972,0.26208777725696564,0.2781775027513504,0.3000838965177536,0.3195969074964523,0.3413974389433861,0.361424033343792,0.3800031155347824,0.40241495817899703,0.4251628190279007,0.4446828722953796,0.4658650174736977,0.490068256855011,0.508139556646347,0.5266965150833129,0.5439224511384964,0.5628171414136887,0.5852505415678024,0.6010826528072357,0.6177105128765106,0.6366802781820298,0.6561213523149491,0.6685811340808868,0.6824961125850677,0.7004194498062134,0.7108667135238648,0.7229456037282944,0.7359563648700714,0.7536906868219375,0.7629821211099624,0.7737331628799439,0.7851800799369812,0.7989194899797439,0.8083499222993851,0.8188273519277572,0.8323395997285843,0.8422215163707734,0.8500359684228898,0.860977652668953,0.8704891413450241,0.8793063074350357,0.8875679284334183,0.8939604341983796,0.9045067191123962,0.9115663886070251,0.9196505814790725,0.928147166967392,0.9340809047222137,0.940396836400032,0.9472363650798797,0.9540050774812698,0.9607434272766113,0.9688194841146469,0.9740645438432693,0.9804760158061981,0.9878518104553222,0.9942911237478256,0.9999784857034684,1.0048313796520234,1.0100118458271026,1.0158447623252869,1.0197551488876342,1.0240073025226593,1.0296911120414733,1.0340117692947388,1.0397544145584106,1.0461869478225707,1.0488118588924409,1.0543530106544494,1.0575855910778045,1.0623505651950835,1.0667410135269164,1.0714235067367555,1.075020158290863,1.0806583046913147,1.0844746351242065,1.087562245130539,1.0914871513843536,1.0954995453357697,1.0984237968921662,1.1026681423187257,1.1052062094211579,1.1099248290061952,1.1130974292755127,1.1173969745635985,1.1204418540000916,1.1216145277023315,1.127688068151474,1.1297970354557036,1.1330044507980346,1.1360695958137512,1.1401769280433656,1.142137783765793,1.145293790102005,1.1503681063652038,1.1526415050029755,1.1555093705654145,1.1587412774562835,1.1622744500637054,1.1655703961849213,1.1688384473323823,1.1710760235786437,1.1740911245346068,1.1764163255691529,1.1798633813858033,1.1819999158382415,1.1861749172210694,1.1887457847595215,1.192881715297699,1.1947015345096588,1.1985101580619812,1.2010822236537932,1.2043367505073548,1.2072675764560699,1.2107619285583495,1.2142980217933654,1.2161360085010529,1.2205457985401154,1.2228987753391265,1.2266803920269012,1.2292083919048309,1.2331199288368224,1.236853265762329,1.2399255156517028,1.2435417234897614,1.2470524609088898,1.25021271109581,1.254770666360855,1.2579352259635925,1.2622568428516387,1.2664752364158631,1.2695937871932983,1.2735777080059052,1.2778333663940429,1.2829804182052613,1.286253774166107,1.2909183740615844,1.2945067703723907,1.3000614166259765,1.304127424955368,1.309239822626114,1.3157615661621094,1.3204388439655304,1.3258355915546418,1.3315772652626037,1.3368660449981689,1.3426142454147338,1.3486322283744812,1.3566754162311554,1.364297354221344,1.3709688305854797,1.3810858309268952,1.3915064573287963,1.4027444958686828,1.4142118990421295,1.429660928249359,1.455858623981476
t_171,0.18663050904870032,0.1827859379351139,0.18612755909562112,0.1817234516143799,0.18016754239797592,0.1798100247979164,0.1704144686460495,0.16471061632037162,0.15614007487893106,0.1542353332042694,0.14837298914790154,0.13930882513523102,0.14004169180989265,0.1333238288760185,0.13376690968871116,0.12206560708582401,0.11331062391400337,0.10491472221910954,0.09879161193966865,0.09005199298262596,0.08047271743416787,0.07720896005630493,0.06929316744208336,0.05845678746700287,0.05192401260137558,0.046533362567424776,0.03957227524369955,0.03207931946963072,0.0,0.033322020620107654,0.041074113361537455,0.04665190912783146,0.05844476334750652,0.07042303159832955,0.08703671284019947,0.10252540446817875,0.1104184478521347,0.132253510504961,0.14526665583252907,0.16121782138943672,0.1773129478096962,0.19838112592697144,0.21968940645456314,0.22638821080327035,0.2541316583752632,0.27024279683828356,0.29224658757448196,0.3118380457162857,0.3337459698319435,0.3538887858390808,0.3725257396697998,0.395083399116993,0.4179529294371605,0.4375735059380531,0.45886612981557845,0.4831896275281906,0.5013693630695343,0.5200150072574615,0.5373371869325638,0.5563453704118728,0.5789075344800949,0.5948041439056396,0.6115252137184143,0.6306068450212479,0.6501625269651413,0.662680646777153,0.6766799807548523,0.6947117030620575,0.7052228212356567,0.7173694014549256,0.7304514795541763,0.7482967436313629,0.7576324105262756,0.7684463530778884,0.7799657583236694,0.7937775105237961,0.8032766193151474,0.8138100981712342,0.8273988217115402,0.8373518973588944,0.8452125608921051,0.8562200605869293,0.865793126821518,0.8746669709682464,0.882977694272995,0.8894180566072464,0.9000335365533829,0.9071441024541855,0.9152791857719421,0.9238349795341492,0.9298031240701675,0.9361667275428772,0.94306078851223,0.9498569995164872,0.9566333621740342,0.9647711008787155,0.9700640261173248,0.9765116035938263,0.9839327186346054,0.9904210716485977,0.9961442619562149,1.0010231733322144,1.006244707107544,1.0121073126792908,1.0160491824150086,1.02034033536911,1.0260475754737854,1.0303994476795197,1.036173117160797,1.042653602361679,1.0452925086021423,1.050865602493286,1.0541115403175354,1.0589165151119233,1.063347327709198,1.0680496275424958,1.0716655194759368,1.0773457765579224,1.0811749756336213,1.0842852234840392,1.0882405161857605,1.0922673761844635,1.0952074885368348,1.0994782269001007,1.1020337641239166,1.106778860092163,1.1099657654762267,1.114290714263916,1.117351096868515,1.1185237407684325,1.1246408462524413,1.126761507987976,1.1299799382686615,1.1330675661563874,1.1371944785118102,1.1391595125198364,1.1423342049121856,1.147435712814331,1.1497174382209778,1.1525931477546691,1.1558460533618926,1.1593972384929656,1.1627029836177827,1.1659858345985412,1.1682354629039764,1.1712707459926606,1.1736006021499634,1.177058845758438,1.1791931450366975,1.1833939671516418,1.185978925228119,1.190137618780136,1.191957950592041,1.1957856833934783,1.198370385169983,1.2016297996044158,1.2045673549175262,1.2080839991569519,1.2116250813007354,1.2134737849235535,1.217899364233017,1.2202535808086394,1.224056100845337,1.2265919506549836,1.2305198788642884,1.2342630624771118,1.2373412013053895,1.2409672737121582,1.24449480175972,1.2476622700691222,1.2522282660007478,1.2554049730300902,1.2597406506538391,1.2639732122421266,1.2671025335788726,1.2710934698581695,1.275362455844879,1.2805294811725616,1.2838126122951508,1.2884858548641205,1.2920815825462342,1.29766086935997,1.3017411291599275,1.3068561136722565,1.3134014010429382,1.3180989027023315,1.323509430885315,1.3292675256729125,1.3345746397972107,1.3403395175933839,1.3463675916194915,1.3544391572475434,1.3620875358581543,1.3687815845012665,1.3789332687854767,1.3893827080726624,1.4006647646427155,1.4121714770793914,1.42767174243927,1.453965425491333
t_170,0.1967266768217087,0.19288340732455253,0.19619484692811967,0.19186395183205604,0.1903081551194191,0.18984848856925965,0.18065037429332734,0.1749493144452572,0.166529830545187,0.1646208792924881,0.1587076149880886,0.1498410977423191,0.15052455291152,0.14362600073218346,0.14422977045178415,0.13258872628211976,0.12375057078897952,0.11531126461923122,0.10930548831820489,0.10033929161727428,0.09079067297279834,0.08724594302475452,0.07925570011138916,0.06817346625030041,0.061788912676274774,0.05581435300409794,0.04764759037643671,0.03683459777384997,0.033322020620107654,0.0,0.03507420346140862,0.04008584786206484,0.049745218083262446,0.06154358107596636,0.0775809045881033,0.09296228922903538,0.10051401928067208,0.12216218300163746,0.1354427769780159,0.15136263370513917,0.1676663041114807,0.18864111974835396,0.21012567952275277,0.2167900361120701,0.24472843632102012,0.26098028719425204,0.28309710025787355,0.30285471230745314,0.32485411465168,0.3452104464173317,0.36399776488542557,0.38666695803403855,0.40974351167678835,0.42944894134998324,0.4509151041507721,0.4754329726099968,0.49371620267629623,0.5125293254852294,0.5299342811107636,0.5491132438182831,0.5718458205461502,0.5878753334283828,0.604675555229187,0.6239275872707367,0.643577978014946,0.6562176018953323,0.6703297346830368,0.6884762525558472,0.6990426152944564,0.7112947404384613,0.7244237869977951,0.7424209833145141,0.751827546954155,0.7627010345458984,0.7743007391691208,0.7881962031126022,0.7977477610111237,0.8083746790885925,0.822082695364952,0.832071042060852,0.8399917006492614,0.8510773122310639,0.8607306391000747,0.869656553864479,0.8780312776565552,0.8845002949237823,0.8951974779367446,0.9023419171571732,0.9105567008256912,0.9191704541444778,0.9251883208751679,0.9315992444753647,0.9385352253913879,0.9454055309295655,0.9522520899772644,0.9604169756174088,0.9657355010509491,0.9722420662641525,0.9797195047140121,0.9862579673528671,0.9920300364494323,0.9969562828540802,1.0021895945072175,1.0081224620342255,1.012073877453804,1.016396176815033,1.0221532166004181,1.0265405595302581,1.0323472678661347,1.0388654708862304,1.0415278136730195,1.0471489310264588,1.0504371702671051,1.0552498817443847,1.0597068548202515,1.0644532799720765,1.0680995464324952,1.0738097727298737,1.0776736080646514,1.0808117270469666,1.084781390428543,1.0888288199901581,1.0917999505996705,1.0960976123809814,1.0986800909042358,1.1034396290779114,1.1066472589969636,1.1109958469867707,1.1140802383422852,1.1152715504169464,1.1214085936546325,1.123545640707016,1.1267864406108856,1.1298956871032715,1.1340422451496124,1.1360368728637695,1.1392341256141663,1.1443584084510803,1.1466639995574952,1.1495646476745605,1.1528305947780608,1.1564039826393127,1.1597241938114167,1.163029396533966,1.165295845270157,1.1683405041694641,1.1706970512866974,1.1741786420345306,1.1763389587402344,1.1805509090423585,1.1831504702568054,1.1873288869857788,1.189173012971878,1.1930120468139649,1.1956171989440918,1.1988953173160553,1.201859951019287,1.2053805530071258,1.208948987722397,1.210813480615616,1.2152588963508606,1.2176315426826476,1.221448576450348,1.2240054726600647,1.2279471516609193,1.2317107737064361,1.2348106920719146,1.238466590642929,1.2420077800750733,1.2451975226402283,1.2497836709022523,1.2529831230640411,1.2573380887508392,1.261591225862503,1.2647454202175141,1.2687605798244477,1.2730534076690674,1.2782393634319305,1.2815424978733063,1.2862474143505096,1.289862984418869,1.2954664468765258,1.2995660245418548,1.3047181367874146,1.3112959265708923,1.3160049855709075,1.3214449644088746,1.3272394478321075,1.332574063539505,1.3383671402931214,1.3444299340248107,1.3525414705276488,1.3602218925952911,1.3669489800930024,1.3771554589271546,1.3876605927944183,1.3989981055259704,1.410556548833847,1.426135128736496,1.4525290369987487
t_169,0.2101893961429596,0.20624320432543755,0.20924565941095352,0.20501973256468772,0.20354760736227034,0.20300043150782585,0.1941577285528183,0.18841275870800017,0.18014994487166405,0.17807169631123543,0.1722894214093685,0.16380010768771172,0.16434207037091256,0.15709975063800813,0.15784405916929245,0.1460393451154232,0.13753950893878936,0.12884844839572906,0.12326673269271851,0.1140902053564787,0.10479884967207909,0.10102393738925457,0.09312856197357178,0.08184268064796925,0.07428432889282703,0.06752609126269818,0.0600413978099823,0.04787452891469002,0.041074113361537455,0.03507420346140862,0.0,0.03187718987464905,0.03847605474293232,0.04889276996254921,0.06389241963624955,0.07928398363292218,0.08626743070781231,0.10788883976638317,0.12131716571748256,0.13747177347540857,0.15375793725252151,0.1746259957551956,0.19622108936309815,0.20288578420877457,0.23110521882772445,0.2474162496626377,0.26989182084798813,0.28968055695295336,0.3117873102426529,0.3324279054999352,0.3513112485408783,0.374173903465271,0.3974743992090225,0.41736563891172407,0.43910481631755827,0.463877971470356,0.48228248953819275,0.5012745827436447,0.5188228130340576,0.5382597178220749,0.5612261295318604,0.5773559063673019,0.5943104088306427,0.6138004213571548,0.6336282610893249,0.646393996477127,0.660641098022461,0.6789710074663162,0.6896157264709473,0.701993751525879,0.7151861429214478,0.7334577649831772,0.7429422944784164,0.7539009004831314,0.7656199932098389,0.7796450346708298,0.7892814368009567,0.8000339955091477,0.8139286249876022,0.8240083396434784,0.8320298612117767,0.8432355970144272,0.8530189216136932,0.8620185017585754,0.8705009341239929,0.8770316183567047,0.8878489702939987,0.8950580060482025,0.9033913224935531,0.9120985567569733,0.9181906193494797,0.9246756672859192,0.9316686242818832,0.9386462926864624,0.9456065714359283,0.9538298457860946,0.959200131893158,0.9657907962799073,0.9733477801084518,0.9799793273210525,0.9858284533023834,0.9908112049102783,0.996056678891182,1.002109596133232,1.006070151925087,1.0104495018720627,1.0162735641002656,1.020704799890518,1.0265840888023376,1.0331667840480805,1.0358405411243439,1.0415396392345428,1.0448861479759217,1.0497175633907319,1.0542272746562957,1.0590364694595338,1.0627227425575256,1.0684979557991028,1.0724174559116364,1.0755866825580598,1.0795839548110961,1.0836685061454774,1.0866763472557068,1.0910165548324584,1.0936443328857421,1.0984359741210938,1.1016722321510315,1.1060563266277312,1.1091844081878661,1.1103799998760224,1.1165757656097413,1.1187297701835632,1.1219988405704497,1.125150465965271,1.129332858324051,1.1313666701316833,1.1345920443534852,1.1397809743881226,1.1421191334724425,1.1450462102890016,1.1483368754386902,1.1519561588764191,1.1552881002426147,1.158635175228119,1.1609295904636383,1.1639917075634003,1.1663886964321137,1.1699064314365386,1.1721046924591065,1.1763458967208862,1.1789595007896423,1.1831869244575501,1.1850679337978363,1.188924741744995,1.1915678083896637,1.1948749899864197,1.1978825688362122,1.2014152884483338,1.2050207912921906,1.2069113075733184,1.211395078897476,1.2137878775596618,1.2176421225070952,1.2202210426330566,1.2241994142532349,1.2280023574829102,1.2311327397823333,1.2348273277282715,1.2384022176265717,1.2416240215301513,1.2462485551834106,1.2494829654693604,1.2538800239562988,1.258166790008545,1.2613629281520844,1.2654199659824372,1.2697490394115447,1.2749761700630189,1.278314232826233,1.2830644071102142,1.2867113173007965,1.2923638641834259,1.2964925527572633,1.3017059445381165,1.3083392441272736,1.3130746006965637,1.3185665607452393,1.3244195342063905,1.3298050463199615,1.3356426417827607,1.3417561292648315,1.349933534860611,1.3576775014400482,1.3644660472869874,1.374763286113739,1.3853567123413086,1.3967932760715485,1.408438104391098,1.424142801761627,1.450701367855072
t_168,0.21754259392619132,0.21381184533238412,0.21688993349671365,0.21262077167630195,0.21132004484534264,0.21110765188932418,0.2020678013563156,0.19623693451285362,0.1879478059709072,0.18579499796032906,0.1799963228404522,0.1714152403175831,0.17218769267201423,0.16511912420392036,0.16609009504318237,0.15390672013163567,0.14576265811920167,0.13678238466382026,0.131286858022213,0.12222435288131236,0.11294492185115815,0.1091175440698862,0.10104431807994843,0.08926192298531532,0.08218404613435268,0.07552631050348282,0.06702789776027203,0.054077664762735365,0.04665190912783146,0.04008584786206484,0.03187718987464905,0.0,0.03499257732182741,0.04304406810551882,0.05615536365658045,0.0714826125651598,0.07880257405340671,0.10008374787867069,0.1132685400545597,0.1290694274008274,0.14531821757555008,0.16649763137102128,0.18804727047681807,0.194659586250782,0.222909327596426,0.2393607571721077,0.26177995949983596,0.2816562712192535,0.30400103479623797,0.3245978683233261,0.3435563400387764,0.3665318563580513,0.3899693459272385,0.40990111529827117,0.43166877925395963,0.4565625101327896,0.4751018539071083,0.49414619207382204,0.5118261367082596,0.5313114017248154,0.5543873637914658,0.570637658238411,0.5876825720071792,0.6072516113519668,0.6272089689970016,0.6400363594293594,0.6543612360954285,0.6728149712085724,0.6835329353809356,0.6959848016500473,0.7093132793903351,0.7276171207427978,0.7371939122676849,0.7482241302728653,0.7600299268960953,0.7741605967283249,0.7838738173246383,0.7946759015321732,0.8086228400468827,0.8188052654266358,0.8268796175718307,0.8381488919258118,0.8479995578527451,0.8570703834295272,0.8656074821949005,0.87220878303051,0.8831062644720078,0.8904012829065323,0.898770073056221,0.9075517624616622,0.9136834353208542,0.9202285408973694,0.9272936820983887,0.9342891901731492,0.9412800639867782,0.949590626358986,0.955035924911499,0.9616635203361511,0.9692694187164307,0.9759564071893692,0.9818358421325684,0.9868614614009857,0.9921884179115296,0.9982450067996979,1.0022603452205658,1.0066932916641236,1.0125297486782074,1.0170076787471771,1.02292058467865,1.0295616924762725,1.032269924879074,1.0380013585090637,1.0413539469242097,1.0462544560432434,1.0508004128932953,1.0556351482868194,1.0593417525291442,1.0651609659194947,1.0690847039222717,1.0722868621349335,1.07632172703743,1.0804315865039826,1.0834533452987671,1.0878337144851684,1.0904739320278167,1.095303040742874,1.0985593736171722,1.1029764711856842,1.1061086893081664,1.1073107242584228,1.1135611414909363,1.1157249450683593,1.1190113425254822,1.1221877872943877,1.1263977229595183,1.1284273982048034,1.1316751956939697,1.1368753612041473,1.13921577334404,1.1421563148498535,1.1454668760299682,1.1490977227687835,1.1524576723575592,1.1558083713054657,1.1581179797649384,1.1612085938453673,1.1635913610458375,1.1671196818351746,1.1693049609661101,1.173582947254181,1.1762175679206848,1.1804523229599,1.182331347465515,1.1862122356891631,1.1888575375080108,1.1921653389930724,1.195171242952347,1.1987350463867188,1.202338057756424,1.2042336583137512,1.2087299585342408,1.211123090982437,1.2149915814399719,1.217583018541336,1.2215676009654999,1.2253703594207763,1.2284990012645722,1.2322058081626892,1.2357820212841033,1.239006119966507,1.243627142906189,1.2468712151050567,1.2512712836265565,1.2555730819702149,1.2587724387645722,1.2628179728984832,1.2671583831310271,1.2723987340927123,1.2757401585578918,1.280484926700592,1.2841355443000793,1.2898094713687898,1.2939514994621277,1.2991402924060822,1.3057909250259399,1.3105466187000274,1.3160344898700713,1.3218918859958648,1.327282929420471,1.3331292510032653,1.3392378091812134,1.347437047958374,1.3551964461803436,1.3619946599006654,1.3723076581954956,1.3829127311706544,1.394377017021179,1.4060529708862304,1.4217869818210602,1.448423445224762
t_167,0.22975028976798056,0.2256956070661545,0.2288586527109146,0.22471795603632927,0.2232275389134884,0.2226569212973118,0.21409448534250258,0.2082875244319439,0.20011672005057335,0.19818273708224296,0.19235695600509645,0.18411915749311447,0.18472058400511743,0.1774116650223732,0.17823820933699608,0.16637245044112206,0.15818824842572213,0.1491631954908371,0.1438445642590523,0.1348493404686451,0.12547686100006103,0.12155355885624886,0.11362301781773568,0.10224692150950432,0.09454599171876907,0.08764089569449425,0.07953709363937378,0.06612518019974231,0.05844476334750652,0.049745218083262446,0.03847605474293232,0.03499257732182741,0.0,0.035654940828680995,0.04671626295894384,0.06053547337651253,0.0659365925937891,0.08764783665537834,0.10089700259268283,0.11691080257296563,0.13305487334728242,0.15386084392666816,0.17547442689538,0.18204351291060447,0.21056519448757172,0.2269197463989258,0.24966340661048889,0.26953997164964677,0.29187115728855134,0.31270466893911364,0.3317134648561478,0.35487653464078905,0.3784936428070068,0.398567296564579,0.4206204116344452,0.44565926641225817,0.4643224745988846,0.48350691646337507,0.5012786567211152,0.5210078239440918,0.5443076103925705,0.5605950683355332,0.5778036862611771,0.5975661933422088,0.6176643610000611,0.6306207358837128,0.6450671046972275,0.663659593462944,0.674446839094162,0.6870065331459045,0.7003740996122361,0.7189448654651642,0.7285844057798385,0.7396944642066956,0.7516014635562897,0.7658395498991013,0.7756337583065033,0.7865480929613113,0.8006775170564652,0.8109263330698013,0.8190986961126328,0.8304856985807418,0.8404529094696045,0.8495886057615281,0.8582104861736297,0.864867490530014,0.8758804440498352,0.8832189261913299,0.8917078852653504,0.9005774438381196,0.9067825734615326,0.9133845120668411,0.9205113172531127,0.9276131302118301,0.9347024977207183,0.9430586755275726,0.9485634565353394,0.9552755057811737,0.9629429608583451,0.9697235435247421,0.9756789624691009,0.9807581782341004,0.986100685596466,0.9922672212123871,0.9962990164756775,1.000790759921074,1.0066901385784148,1.0112169623374938,1.0171888649463654,1.0238875806331635,1.0266120553016662,1.0324165046215057,1.0358280420303345,1.0407434701919556,1.0453470349311829,1.0502420961856842,1.0539853692054748,1.0598742365837097,1.0638424456119537,1.067086213827133,1.0711467623710633,1.0752855479717254,1.0783469080924988,1.0827665865421294,1.085465568304062,1.0903091728687286,1.0935909152030945,1.098046565055847,1.1012244164943694,1.102432632446289,1.1087369561195373,1.1109227657318115,1.1142292141914367,1.1174487054347992,1.1216940939426423,1.1237648367881774,1.127046287059784,1.1323024809360505,1.1346718907356261,1.137643951177597,1.1409834921360016,1.1446617484092712,1.1480269968509673,1.1514179527759552,1.1537567555904389,1.156862300634384,1.159287166595459,1.1628510117530824,1.1650735676288604,1.169375056028366,1.1720273792743683,1.1763132452964782,1.1782200992107392,1.1821246862411499,1.1848036706447602,1.1881428360939026,1.1911917328834534,1.1947598159313202,1.198403650522232,1.2003264725208282,1.2048606634140016,1.2072714686393737,1.2111755669116975,1.213790661096573,1.2178118109703064,1.2216480433940888,1.2248124539852143,1.2285569429397583,1.2321636497974395,1.2354218900203704,1.2400747001171113,1.2433564007282256,1.2477892637252808,1.2521261036396027,1.2553662180900573,1.2594539761543273,1.2638306736946106,1.2691077709197998,1.2724803328514098,1.2772762537002564,1.2809539258480072,1.28667254447937,1.2908440411090851,1.2960911691188812,1.3028044044971465,1.3075782358646393,1.313117653131485,1.3190323889255524,1.3244705080986023,1.3303609251976014,1.3365207672119142,1.3447882413864136,1.352604466676712,1.359452211856842,1.3698611438274384,1.3805552423000336,1.3921105504035949,1.4038640320301057,1.4197197794914245,1.4465046525001526
t_166,0.24216392412781715,0.23854905590415001,0.2420290119946003,0.23783259838819504,0.2364947445690632,0.2362419232726097,0.2273392543196678,0.2218413770198822,0.21325558573007583,0.21154781058430672,0.2058486297726631,0.19704246520996094,0.19816457480192184,0.19136920869350432,0.19238541200757026,0.18025454953312875,0.17221153602004052,0.16344198137521743,0.15765477642416953,0.14890505373477936,0.13940188959240912,0.1356344774365425,0.12752363309264184,0.1158749993890524,0.10850134305655956,0.10179937705397606,0.0932481486350298,0.07862736135721207,0.07042303159832955,0.06154358107596636,0.04889276996254921,0.04304406810551882,0.035654940828680995,0.0,0.03711762893944979,0.046972856484353544,0.05405363608151674,0.07334838286042214,0.08576835244894028,0.10176342576742173,0.11771401166915893,0.13875094950199127,0.16019812300801278,0.16706466004252435,0.19547567442059516,0.21194211021065712,0.23452202156186103,0.2545816391706467,0.2770571753382683,0.29798100143671036,0.3171090230345726,0.34046669155359266,0.36417499780654905,0.38437511324882506,0.40650514513254166,0.4317316934466362,0.4505618318915367,0.4699003010988235,0.4878844663500786,0.5077218472957611,0.5311803340911865,0.5476691722869873,0.5650258392095566,0.5849659502506256,0.6052527815103531,0.6183467298746109,0.6329580545425415,0.6517547756433487,0.6626699775457382,0.6753840714693069,0.6889718413352967,0.7076389461755752,0.7174288332462311,0.7286846220493317,0.74074766933918,0.7551609575748444,0.7651072651147842,0.776137524843216,0.7903758704662323,0.800783583521843,0.8090632200241089,0.8205883651971817,0.8306889861822129,0.8399606674909592,0.8486861318349839,0.8554667174816132,0.8666418552398681,0.8741128385066986,0.8826964229345322,0.8917121171951294,0.8980068087577819,0.9047013580799103,0.9119852691888809,0.9191394984722138,0.9263059467077255,0.9348166644573211,0.9404467076063157,0.9472470223903656,0.9550160884857177,0.9619101494550705,0.9679348170757294,0.973100808262825,0.9785731106996536,0.9847888022661209,0.9889176428318024,0.9935031473636627,0.9994550496339798,1.0040675491094588,1.010111677646637,1.0169179737567902,1.019705593585968,1.0255767285823822,1.029024636745453,1.0340532660484314,1.0387391448020935,1.043687880039215,1.0474693953990937,1.0534509360790252,1.0574403405189514,1.0607465147972106,1.0648889422416687,1.0690727412700654,1.0721641898155212,1.0766579270362855,1.0794045507907868,1.084302306175232,1.087631380558014,1.0921576559543609,1.0953555047512054,1.096581941843033,1.1029830992221832,1.1051966369152069,1.1085363388061524,1.1118070006370544,1.1160996198654174,1.118178027868271,1.1215068101882935,1.1267976224422456,1.1291901171207428,1.1321812093257904,1.1355687916278838,1.1392803370952607,1.1426892638206483,1.1461025655269623,1.1484710454940796,1.1516270637512207,1.1540478944778443,1.1576488435268402,1.1598635554313659,1.164225709438324,1.166916823387146,1.1712318003177642,1.1731478929519654,1.1770992815494536,1.179802417755127,1.1831521570682526,1.1862076461315154,1.189841914176941,1.1934915244579316,1.1954313695430756,1.20000262260437,1.2024239122867584,1.2063671052455902,1.2090119659900664,1.2130518138408661,1.2169060349464416,1.2200819194316863,1.2238588690757752,1.227487361431122,1.230765050649643,1.235429722070694,1.2387398779392242,1.24319229722023,1.2475696861743928,1.2508259534835815,1.2549151003360748,1.2593236148357392,1.2646373212337494,1.2680340886116028,1.27283735871315,1.2765385150909423,1.2823144495487213,1.286519056558609,1.2917425453662872,1.2985070586204528,1.3033272862434386,1.3088810920715332,1.314824151992798,1.3202933311462401,1.32621591091156,1.3323801338672638,1.3407041311264039,1.3485669553279878,1.3554466784000396,1.365910577774048,1.3766353130340576,1.3882603883743285,1.4000786900520326,1.4160047471523285,1.44293292760849
t_165,0.25775360614061354,0.25424176901578904,0.25752648115158083,0.25340213924646376,0.25220471918582915,0.2521049901843071,0.24335779398679733,0.23767443299293517,0.22937460467219353,0.22742251604795455,0.22172746658325196,0.21326572969555854,0.2143585965037346,0.2074557974934578,0.20875243544578553,0.1964191325008869,0.18874997794628143,0.17966602891683578,0.17430730909109116,0.16549738645553588,0.15626460686326027,0.15238823145627975,0.14433401823043823,0.1324294202029705,0.125299584120512,0.11849077120423317,0.10967874377965928,0.09514163732528687,0.08703671284019947,0.0775809045881033,0.06389241963624955,0.05615536365658045,0.04671626295894384,0.03711762893944979,0.0,0.03775006048381328,0.04290925543755293,0.0598056236281991,0.07173914425075054,0.08657814264297485,0.10247866250574589,0.1233080007135868,0.14479700326919556,0.15129057615995406,0.1798119515180588,0.1964552231132984,0.21928408294916152,0.23936043530702591,0.2620936453342438,0.2831114560365677,0.3023556649684906,0.32582759857177734,0.34986490458250047,0.37018750309944154,0.3924956306815147,0.4180210933089256,0.437014664709568,0.4565186634659767,0.4746792033314705,0.49472335278987883,0.5184393048286438,0.5351086139678956,0.5526248991489411,0.5727947473526,0.5932949930429459,0.6065290153026581,0.6212828785181046,0.6403023451566696,0.6513170093297959,0.6641764104366302,0.6779003709554672,0.6967893689870834,0.7067109286785126,0.7180617779493332,0.7302744656801223,0.7448705524206162,0.754914453625679,0.766073825955391,0.7804940551519394,0.7910434693098068,0.7994333177804946,0.8110783666372299,0.8213269919157028,0.8306963264942169,0.8395533680915832,0.8464285582304001,0.8577455461025238,0.8653404235839843,0.8740306198596954,0.8831663399934768,0.8895402997732162,0.8963488548994064,0.9037036657333374,0.9109667956829071,0.9182479739189148,0.9268530428409576,0.9325680136680603,0.9394550085067749,0.9473307847976684,0.9543272972106933,0.9604299426078796,0.9656737089157105,0.9711981266736984,0.977519977092743,0.9816817134618759,0.9863476425409317,0.9923563659191131,0.9970262169837951,1.0031586199998856,1.0100483000278473,1.0128710955381393,1.0188268840312957,1.022328007221222,1.0274119198322296,1.0321491718292237,1.0371693670749664,1.0409979820251465,1.047048169374466,1.051090234518051,1.054430317878723,1.0586122751235962,1.062856376171112,1.0659847199916839,1.070540726184845,1.0733198046684265,1.078277015686035,1.0816368877887725,1.0862061560153962,1.0894370317459106,1.0906735241413117,1.0971489667892456,1.0993829905986785,1.102756142616272,1.1060764789581299,1.110416555404663,1.112528681755066,1.115884780883789,1.1212299823760987,1.123643010854721,1.1266748368740083,1.1300870716571807,1.1338353633880616,1.1372777283191682,1.1407249391078949,1.1431276142597198,1.1463148653507234,1.1487576425075532,1.1523938298225402,1.1546383321285247,1.159036499261856,1.16175434589386,1.1661063730716705,1.1680549085140228,1.1720285892486573,1.1747628629207612,1.1781359255313872,1.1812261641025543,1.184883898496628,1.188559490442276,1.190523475408554,1.195135098695755,1.1975729703903197,1.2015473008155824,1.2042198717594146,1.2082923173904419,1.2121744930744172,1.2153711020946503,1.2191954970359802,1.2228427886962892,1.2261485159397125,1.230836707353592,1.2341860592365266,1.2386675119400024,1.2430811047554016,1.246375560760498,1.250491088628769,1.2549342870712281,1.2602819561958314,1.2637110114097596,1.2685452699661255,1.2722773551940918,1.2780988574028016,1.2823348820209504,1.2875957429409026,1.2944108903408051,1.2992616176605225,1.304851871728897,1.3108440101146699,1.3163563787937165,1.3223182439804078,1.3285268247127533,1.3369122385978698,1.344832295179367,1.3517684519290925,1.3623098373413085,1.373118257522583,1.3848384082317353,1.3967434644699097,1.4127940237522125,1.4399031043052672
t_164,0.27219830751419066,0.26891960203647614,0.2726606413722038,0.2685505494475365,0.2672937422990799,0.2673303484916687,0.25845759361982346,0.25304827839136124,0.24444668740034103,0.24285584390163423,0.23716007247567178,0.22836174219846725,0.22981494814157485,0.22337168902158738,0.22470444068312645,0.21238132566213608,0.20473540276288987,0.19590028300881385,0.19014614447951317,0.1816507488489151,0.17230041846632957,0.16852111518383026,0.1605517067015171,0.1487489990890026,0.1416889451444149,0.13496856912970542,0.12602916806936265,0.11103094890713691,0.10252540446817875,0.09296228922903538,0.07928398363292218,0.0714826125651598,0.06053547337651253,0.046972856484353544,0.03775006048381328,0.0,0.03451641667634249,0.045529700629413125,0.05499298740178347,0.06989147663116455,0.0850834172219038,0.10578570328652859,0.12703508213162423,0.13375725895166396,0.16213168427348137,0.1787225939333439,0.20141735672950745,0.2216664008796215,0.2444581337273121,0.26557019650936126,0.284963521361351,0.3086881458759308,0.3327857360243797,0.35328158736228943,0.37571177929639815,0.4013677045702934,0.42055333107709886,0.44025199562311174,0.4586200684309006,0.4788095846772194,0.5027283146977425,0.5196007639169693,0.5372975170612335,0.5576566129922866,0.578367355465889,0.5918011039495468,0.6067450433969498,0.6259590983390808,0.6371356219053268,0.6501648753881455,0.6641309499740601,0.6831626832485199,0.6932417988777161,0.7047519683837891,0.717145812511444,0.7319555878639221,0.7421757459640503,0.753463476896286,0.7680350482463837,0.7787633895874023,0.7872904300689697,0.7990937381982803,0.8095128118991852,0.8190197706222534,0.8280070751905442,0.8350328743457794,0.846550053358078,0.8542932450771332,0.8631050705909729,0.872411185503006,0.8789043635129928,0.8858109384775161,0.8933541804552079,0.9006977766752243,0.9080743759870529,0.9168512850999833,0.922712254524231,0.9297079533338547,0.9377034723758697,0.9448502838611603,0.9510373294353485,0.9563963204622269,0.9620539277791977,0.9684585422277451,0.9727314978837966,0.9775188326835632,0.9835882484912872,0.9883590996265411,0.994586831331253,1.0016027092933655,1.0045056462287902,1.0105499744415283,1.0141060292720794,1.019315493106842,1.0241564810276031,1.0292501032352448,1.033123677968979,1.0392937123775483,1.043365514278412,1.0467823266983032,1.051058304309845,1.055363368988037,1.0585322856903077,1.063180410861969,1.0660366415977478,1.0710456728935243,1.0744592130184174,1.0791183114051819,1.082379549741745,1.0836389124393464,1.0902266085147858,1.092503124475479,1.0959079802036285,1.0992977976799012,1.103697454929352,1.1058362662792205,1.1092522144317627,1.114635956287384,1.1170757353305816,1.1201457679271698,1.1236156225204468,1.1274074971675874,1.1308978140354156,1.1343727588653565,1.1368241608142853,1.1400687992572784,1.1425144016742705,1.1462013602256775,1.1484479248523711,1.1529110074043274,1.1556758344173432,1.1600709199905395,1.1620336413383483,1.1660628616809845,1.168833750486374,1.17222039103508,1.1753321766853333,1.1790528655052186,1.1827425122261048,1.1847334921360015,1.1893988788127898,1.1918480038642882,1.1958681881427764,1.1985791325569153,1.2026788413524627,1.206585741043091,1.2098041117191314,1.213674396276474,1.21734721660614,1.2206878125667573,1.2253846228122711,1.228778785467148,1.2332828640937805,1.2377504050731658,1.241074514389038,1.2452004313468934,1.2496846556663512,1.2550713002681733,1.2585380017757415,1.2633923888206482,1.267159742116928,1.2730433762073516,1.2773234963417053,1.2825716137886047,1.2894534051418305,1.2943551421165467,1.299970805644989,1.3060052633285522,1.311560183763504,1.3175643384456635,1.3237919926643371,1.332249641418457,1.34022775888443,1.3472021758556365,1.3578240692615509,1.3686808943748474,1.3804886996746064,1.3924726486206054,1.408620011806488,1.4358972191810608
t_163,0.2796859472990036,0.27608717530965804,0.27970048487186433,0.27570423781871795,0.2743179515004158,0.27402085065841675,0.2655737116932869,0.2601250931620598,0.25179947167634964,0.25023729652166365,0.24457786455750466,0.2361537143588066,0.2372879423201084,0.23055992424488067,0.23170366510748863,0.21979669108986855,0.21199058666825293,0.20316902697086334,0.19764383435249328,0.18908220902085304,0.17978971302509308,0.17597299814224243,0.1680273689329624,0.15652235746383666,0.14904942810535432,0.14234611317515372,0.13369787707924843,0.11883997581899167,0.1104184478521347,0.10051401928067208,0.08626743070781231,0.07880257405340671,0.0659365925937891,0.05405363608151674,0.04290925543755293,0.03451641667634249,0.0,0.04061431512236595,0.05087505057454109,0.06450920924544334,0.07948268055915833,0.09938809722661972,0.12056942097842693,0.1269802324473858,0.15568995401263236,0.17223650068044663,0.19519160687923431,0.21542187854647638,0.23815670758485794,0.2595252335071564,0.2789176568388939,0.3026545479893684,0.32699109613895416,0.3475099042057991,0.3701961562037468,0.39600890725851057,0.41524223387241366,0.43503205180168153,0.4533981457352638,0.4737954407930374,0.4978829830884933,0.5147431880235672,0.5325079709291458,0.553043332695961,0.5738095253705978,0.5873043775558472,0.6023089796304703,0.6216102093458176,0.6327854484319687,0.6458773821592331,0.6597772479057312,0.6790432780981064,0.6891342401504517,0.7006610959768296,0.7130997329950333,0.727936840057373,0.738162487745285,0.7495393961668014,0.7642549008131028,0.7749754160642623,0.7835438519716262,0.7954128563404084,0.8058925926685333,0.8154191434383392,0.8244482964277268,0.8314658969640731,0.843022084236145,0.850751668214798,0.859643092751503,0.8689819306135178,0.8755023837089538,0.8824395567178727,0.8899697899818421,0.8973952144384384,0.904844680428505,0.9135915607213974,0.9194594979286194,0.926503375172615,0.9345210373401642,0.9416990131139755,0.9479398638010025,0.953308492898941,0.9589354962110519,0.9654174506664276,0.9696636080741883,0.9744613945484162,0.9805769890546798,0.9853643596172332,0.9916050285100937,0.9986314952373505,1.0015213429927825,1.0076076447963715,1.0112079203128814,1.0163766384124755,1.0212349712848663,1.0263601064682006,1.0302607655525207,1.0364457845687867,1.0405532717704773,1.0439914345741272,1.0482473075389862,1.0525559902191162,1.0557525396347045,1.0604080855846405,1.0632829785346984,1.068292248249054,1.0717118620872497,1.0763707756996155,1.079665207862854,1.080930733680725,1.0875199496746064,1.0898022294044494,1.0932204604148865,1.0966284155845643,1.1010348737239837,1.1032072603702545,1.1066365599632264,1.112052810192108,1.1145158112049103,1.117602038383484,1.121076875925064,1.1248971104621888,1.1283764779567718,1.1318791687488556,1.1343409895896912,1.1375803470611572,1.1400664448738098,1.1437644958496094,1.1460514187812805,1.1505111873149871,1.1532769620418548,1.1577004492282867,1.159691685438156,1.1637182176113128,1.1665049970149994,1.1699213147163392,1.1730666697025298,1.1767690420150756,1.1804922640323638,1.182503342628479,1.1871782779693603,1.1896464467048644,1.1936801970005035,1.196403831243515,1.2005260705947876,1.204458874464035,1.207701849937439,1.2115939199924468,1.2152852892875672,1.2186452150344849,1.2233717024326325,1.2267829298973083,1.23131263256073,1.2357946574687957,1.2391477704048157,1.243309384584427,1.2478167057037353,1.2532217860221864,1.256705003976822,1.261605191230774,1.265384554862976,1.2712869942188263,1.2755818128585816,1.2808922171592712,1.28780699968338,1.2927095592021942,1.2983668982982635,1.3044426918029786,1.310032707452774,1.3160637259483337,1.3223378896713256,1.3308361411094665,1.3388497054576873,1.3458655953407288,1.3565541565418244,1.3674829185009003,1.3793541848659516,1.3913948357105255,1.4076375603675841,1.4350211322307587
t_162,0.29956079870462415,0.2963701024651527,0.30010501593351363,0.29615393579006194,0.29490212351083755,0.2948759004473686,0.28632333129644394,0.2810037985444069,0.2726147428154945,0.2710811197757721,0.2654257744550705,0.2569270581007004,0.25834399163722993,0.25193517059087756,0.25337513238191606,0.24126969203352927,0.2336923860013485,0.2249607190489769,0.21931198239326477,0.21093546748161315,0.20171656534075738,0.19793558716773987,0.1901017390191555,0.1784004047513008,0.1713494837284088,0.16457702368497848,0.15570844411849977,0.14063019007444383,0.132253510504961,0.12216218300163746,0.10788883976638317,0.10008374787867069,0.08764783665537834,0.07334838286042214,0.0598056236281991,0.045529700629413125,0.04061431512236595,0.0,0.03542984947562218,0.045266802050173284,0.05922711230814457,0.07783103361725807,0.09857030250132084,0.10509411878883838,0.133444707095623,0.1500575214624405,0.17295579090714455,0.19347304552793504,0.21630963012576104,0.237842670828104,0.2575047552585602,0.2813049376010895,0.3059219092130661,0.32656610906124117,0.34939460158348085,0.37550989389419553,0.394929738342762,0.415025469660759,0.43359812498092654,0.4542094811797142,0.47856884747743605,0.4957728907465935,0.5136700421571732,0.5345070004463196,0.5555127322673797,0.5692495226860046,0.5844858258962631,0.6040378600358963,0.615392678976059,0.6287050992250443,0.6428429126739502,0.6623234033584595,0.6726044148206711,0.6842927008867263,0.6969534695148468,0.7120574712753296,0.7224525064229965,0.7340072095394135,0.7489396810531617,0.7598640650510788,0.768601268529892,0.7806371182203293,0.7913324892520904,0.8010092407464982,0.8102282285690308,0.8174066185951233,0.8291914075613022,0.8371085584163666,0.8461546540260315,0.8556775510311126,0.8623344033956528,0.8694275468587875,0.8771333485841751,0.8846864342689514,0.8922876834869384,0.9012031853199005,0.9072142779827118,0.9143879741430283,0.9225784689188004,0.9299140691757202,0.9362640351057052,0.9417766958475113,0.9475278079509735,0.9541431784629821,0.9584885269403458,0.963421818614006,0.9696216881275177,0.9745103299617768,0.9808770447969437,0.9880435258150101,0.991026496887207,0.9972278505563736,1.0009076178073884,1.0061961889266968,1.0111521244049073,1.016381973028183,1.0203473508358,1.0266400396823883,1.030818259716034,1.0343252837657928,1.0386766374111176,1.043070638179779,1.046322774887085,1.0510887861251832,1.0540320575237274,1.059121549129486,1.0626033246517181,1.0673483550548553,1.0706797420978547,1.071979421377182,1.0786800265312195,1.0810087084770204,1.0844788551330566,1.0879675686359405,1.0924375295639037,1.0946625590324401,1.098141872882843,1.103605830669403,1.1061042726039887,1.1092522144317627,1.1127745985984803,1.116639292240143,1.120180368423462,1.1237220108509063,1.1262438237667083,1.1295453369617463,1.132047528028488,1.1358055472373962,1.138118988275528,1.1426352739334107,1.1454485476016998,1.1499141573905944,1.1519477546215058,1.156018078327179,1.158857524394989,1.1622946739196778,1.16547691822052,1.1692368805408477,1.172982895374298,1.1750352680683136,1.179767721891403,1.1822602033615113,1.1863339126110077,1.189110940694809,1.1932597279548645,1.1972281336784363,1.200493586063385,1.2044588387012483,1.20817312002182,1.2115737318992614,1.2163150668144227,1.2197844922542571,1.2243461728096008,1.228886616230011,1.232286310195923,1.2364676415920257,1.241025596857071,1.2464652597904204,1.250004231929779,1.2549334049224854,1.2587634384632111,1.2647269189357757,1.2690757811069489,1.2743999004364013,1.2813809514045715,1.2863370835781098,1.2920307397842408,1.2981626033782958,1.3038123905658723,1.3098949670791626,1.3162132382392884,1.3247870743274688,1.3328758358955384,1.3399545192718505,1.3507376611232758,1.3617506682872773,1.3737408101558686,1.385890579223633,1.402284950017929,1.4299019157886506
t_161,0.3109970197081566,0.3079163029789925,0.31182690560817716,0.30785700380802156,0.30667205452919005,0.30676465630531313,0.29815672636032103,0.29298536479473114,0.28442307859659194,0.2830692782998085,0.27752642035484315,0.26884437948465345,0.27048362642526624,0.26430360078811643,0.265806670486927,0.25359802693128586,0.24625847786664962,0.2375768207013607,0.2318873070180416,0.22366589233279227,0.21449958086013793,0.21074365377426146,0.20295365005731583,0.19132099524140359,0.18435632884502412,0.17771838530898093,0.16885703131556512,0.15373682752251625,0.14526665583252907,0.1354427769780159,0.12131716571748256,0.1132685400545597,0.10089700259268283,0.08576835244894028,0.07173914425075054,0.05499298740178347,0.05087505057454109,0.03542984947562218,0.0,0.03783893957734108,0.04753220565617085,0.06556257419288158,0.08515510633587837,0.09208355732262134,0.1200027734041214,0.1364284001290798,0.15913432240486144,0.1795345887541771,0.20244637355208397,0.22398341074585915,0.2436049334704876,0.2677729442715645,0.29234214276075365,0.3131468012928963,0.33607116192579267,0.36229014992713926,0.38187446594238283,0.40202650129795076,0.4208159253001213,0.4415543481707573,0.4660600766539574,0.4833244398236275,0.5014523208141327,0.5224007040262222,0.5436172217130661,0.5574484497308732,0.5728215128183365,0.592588695883751,0.6040543854236603,0.6174962639808654,0.6318480551242829,0.6514494448900223,0.6618604451417923,0.673700350522995,0.6865190446376801,0.7017633587121963,0.7123351037502289,0.7239863872528076,0.7390242338180542,0.750111597776413,0.7589645177125931,0.7711517542600632,0.7819743901491165,0.7917969226837158,0.8010973006486892,0.8084069818258286,0.8203571140766144,0.8283969819545746,0.8375440627336502,0.8472157627344131,0.853963103890419,0.8611349403858185,0.868999519944191,0.8766056507825851,0.8842640399932862,0.8933500409126282,0.899505791068077,0.9067667961120606,0.9150328427553177,0.9224990904331207,0.9289182633161545,0.934498855471611,0.9403860241174697,0.9470382452011108,0.9514840245246887,0.9565178871154785,0.9627617031335831,0.9677389442920685,0.9741742700338364,0.9814479023218154,0.9844753563404083,0.9907468318939209,0.9944491177797318,0.9998588532209396,1.0049068868160247,1.0101787090301513,1.0141799867153167,1.0205842196941375,1.0247692584991455,1.0283447325229644,1.032774531841278,1.0372001588344575,1.0404802560806274,1.0453073382377625,1.048311048746109,1.0534426271915436,1.0569630086421966,1.0617832243442535,1.0651415526866912,1.066442173719406,1.073252546787262,1.0756012439727782,1.0790960848331452,1.0826312243938445,1.0871519684791564,1.0893713653087616,1.0929054200649262,1.0984147131443023,1.1009331464767456,1.1040874183177949,1.107661533355713,1.1115708470344543,1.1151417016983032,1.1187053740024566,1.121250993013382,1.1245975732803344,1.127095890045166,1.1308839619159698,1.1331801950931548,1.13776575922966,1.1406172215938568,1.1451212763786316,1.1471485495567322,1.1512734949588777,1.1541267931461334,1.1575729727745057,1.160762107372284,1.1645837128162384,1.1683374702930451,1.1703984260559082,1.175168377161026,1.1776607513427735,1.1817834794521331,1.1845783293247223,1.1887542307376862,1.192734283208847,1.1960163295269013,1.1999966621398925,1.2037378430366517,1.207151848077774,1.2119089365005493,1.2154001295566559,1.2199832201004028,1.2245588600635529,1.2279704451560973,1.232154667377472,1.236741065979004,1.2422252893447876,1.2457762002944945,1.2507160127162933,1.2545582234859467,1.2605846285820008,1.2649604439735413,1.2702604532241821,1.2772994339466095,1.2822962284088135,1.2880068719387054,1.2941663920879365,1.2998382508754731,1.3059542775154114,1.3122673034667969,1.3209046602249146,1.3290340960025788,1.336139476299286,1.3469824850559236,1.3580247700214385,1.370079618692398,1.382286936044693,1.3987416088581086,1.4264826834201814
t_160,0.3253128379583359,0.3224310651421547,0.3264574930071831,0.3225256249308586,0.32137763053178786,0.32162787616252897,0.3129845753312111,0.30782578587532045,0.2993061140179634,0.2979745551943779,0.29239058047533034,0.2837358206510544,0.2854923516511917,0.2795055791735649,0.28116726875305176,0.2689498543739319,0.26168938875198366,0.2530423805117607,0.24729968085885048,0.23924328163266181,0.23014118224382402,0.22642217501997947,0.21863836869597436,0.20696655735373498,0.20022457018494605,0.19374275356531143,0.1846695676445961,0.1695311687886715,0.16121782138943672,0.15136263370513917,0.13747177347540857,0.1290694274008274,0.11691080257296563,0.10176342576742173,0.08657814264297485,0.06989147663116455,0.06450920924544334,0.045266802050173284,0.03783893957734108,0.0,0.03703716807067394,0.052073579654097556,0.0706907469779253,0.07645734176039695,0.1039562825113535,0.1205534316599369,0.14296552911400795,0.16363338828086854,0.18683985322713853,0.20823156833648682,0.2280299708247185,0.25212858617305756,0.27704102247953416,0.29784796833992006,0.32081151753664017,0.34727654457092283,0.3670398652553558,0.3873767763376236,0.40633605122566224,0.42718045264482496,0.4519045576453209,0.46944739371538163,0.48766016215085983,0.5088456764817237,0.5302375495433808,0.54425850212574,0.559797927737236,0.5797491490840911,0.5913389474153519,0.6049501031637192,0.619495514035225,0.6392365753650665,0.6498155146837234,0.6617614269256592,0.6747435212135315,0.6902160823345185,0.7008972287178039,0.7126891285181045,0.727890482544899,0.739148810505867,0.7481240570545197,0.7604256063699723,0.7714230746030808,0.7813471704721451,0.790802401304245,0.7982301741838456,0.8103509902954101,0.8185489416122437,0.8278009384870529,0.8376197099685669,0.8444656401872634,0.8517637431621552,0.8597604691982269,0.8674564898014069,0.875238785147667,0.8844417601823806,0.8907152980566024,0.8980729281902313,0.9064676463603973,0.9140533477067947,0.9205534309148788,0.9262493222951889,0.9322331756353378,0.9389805108308792,0.9435014426708221,0.9486429214477539,0.9549361795186997,0.9600021660327911,0.9665219038724899,0.9739010363817215,0.977008056640625,0.9833598494529724,0.9871250331401825,0.9926217585802078,0.9977305710315705,1.0030850023031235,1.0071292102336884,1.0136077165603639,1.0178399860858918,1.0214713394641877,1.0259661018848418,1.0304556906223297,1.0337761998176576,1.0386923253536224,1.0417352080345155,1.0469294786453247,1.0504971027374268,1.055371916294098,1.05874844789505,1.060083168745041,1.0669687032699584,1.0693487107753754,1.0728821337223053,1.0764814555644988,1.0810473680496215,1.08330757021904,1.0868735611438751,1.0924014091491698,1.0949386537075043,1.0981410920619965,1.1017453849315644,1.1056746542453766,1.1092982530593871,1.1128802061080934,1.115473645925522,1.1188683331012725,1.1213670432567597,1.1251911103725434,1.1275111854076385,1.1321298956871033,1.1350163519382477,1.1395337283611298,1.141601449251175,1.145744377374649,1.14862819314003,1.1520892560482026,1.1552976310253142,1.1591587364673615,1.162922465801239,1.1650125622749328,1.1698136925697327,1.1723244488239288,1.176467192173004,1.179299932718277,1.1834851682186127,1.1874870359897614,1.1907745122909545,1.194810265302658,1.1985525727272033,1.2019946455955506,1.2067502200603486,1.210282826423645,1.2148772716522216,1.219492381811142,1.2229371905326842,1.2271221101284027,1.2317400336265565,1.23723925948143,1.2408267199993133,1.2457750678062438,1.2496539175510406,1.2557123601436615,1.2601260244846344,1.2654228627681732,1.2725001513957976,1.2775315821170807,1.283257281780243,1.2894489586353302,1.2951570630073548,1.301298940181732,1.307637107372284,1.3163217961788178,1.3244942843914032,1.3316368222236634,1.3425326943397522,1.3536261737346649,1.3657539308071136,1.3780309975147247,1.3945773124694825,1.4224665462970734
t_159,0.33927135169506073,0.3364655673503876,0.34058918952941897,0.3366993427276611,0.33558532446622846,0.3359108537435532,0.3273489370942116,0.3223064348101616,0.3137196734547615,0.3125066563487053,0.30701514184474943,0.2983722135424614,0.30025373250246046,0.2943774864077568,0.29614088386297227,0.28388495892286303,0.27684267312288285,0.26822634488344194,0.2625518649816513,0.2546405717730522,0.24566122591495515,0.24194821640849112,0.23427337929606437,0.2227297805249691,0.21601907685399055,0.20960357114672662,0.20067930743098258,0.185642209649086,0.1773129478096962,0.1676663041114807,0.15375793725252151,0.14531821757555008,0.13305487334728242,0.11771401166915893,0.10247866250574589,0.0850834172219038,0.07948268055915833,0.05922711230814457,0.04753220565617085,0.03703716807067394,0.0,0.04169194474816322,0.05585671365261078,0.0620455214753747,0.08811771720647812,0.10434651747345924,0.12668027281761168,0.14689750596880913,0.1701643079519272,0.1916000559926033,0.21127853244543077,0.2355807453393936,0.2604629069566727,0.281466506421566,0.30459399819374083,0.33117153197526933,0.3510646015405655,0.3714767754077911,0.3906110480427742,0.41163482666015627,0.43653432577848433,0.45412204712629317,0.4725572973489761,0.49390739649534227,0.5155287444591522,0.5296579957008362,0.5453430771827698,0.5655084908008575,0.5772214978933334,0.5909565597772598,0.6056944549083709,0.6256429016590118,0.6363635510206223,0.6484502375125885,0.6615993559360505,0.6772554606199265,0.6880997836589813,0.7000166654586792,0.7153938084840774,0.7268299996852875,0.7359437048435211,0.7484132826328278,0.759575042128563,0.7696371763944626,0.7792078107595444,0.786783704161644,0.7990865051746369,0.8074148595333099,0.8167933583259582,0.8267783552408219,0.8337346732616424,0.841126537322998,0.8492739975452424,0.8570605039596557,0.8649497985839844,0.8743040412664413,0.8807272970676422,0.8881941497325897,0.8966778457164765,0.9044148743152618,0.9110074996948242,0.9167878210544587,0.9228894412517548,0.9297257602214813,0.9343348473310471,0.9395906835794449,0.9459487944841385,0.9510954856872559,0.9577134758234024,0.965206292271614,0.9683594912290573,0.9748060494661331,0.9786208748817444,0.9842218816280365,0.9894306421279907,0.9948590636253357,0.9989449262619019,1.0055443197488785,1.0098120838403701,1.0135151147842407,1.0180814862251282,1.022626268863678,1.025984787940979,1.0309799551963805,1.0341035425662994,1.0393401265144349,1.04295312166214,1.0479072391986848,1.0513320088386535,1.0526612877845765,1.0596761345863341,1.0620782375335693,1.0656403422355651,1.069313073158264,1.0739418387413024,1.0762234568595885,1.0798491835594177,1.085443639755249,1.0880119025707244,1.091243612766266,1.0949042320251465,1.0989006161689758,1.102545565366745,1.1061744511127471,1.108806586265564,1.1122466564178466,1.114767110347748,1.118643343448639,1.1209704279899597,1.1256614446640014,1.128583025932312,1.1331669867038727,1.1352514922618866,1.1394526958465576,1.1423716306686402,1.145858645439148,1.1491032123565674,1.1530112206935883,1.1568059146404266,1.158923089504242,1.1637833833694458,1.1663047075271606,1.1705061078071595,1.1733731627464294,1.1776020884513856,1.1816375374794006,1.1849564611911774,1.1890401601791383,1.1928207457065583,1.1962994396686555,1.2010836899280548,1.204661339521408,1.2092930912971496,1.2139644384384156,1.2174503087997437,1.2216614007949829,1.2263288080692292,1.231886726617813,1.235510003566742,1.2405009746551514,1.244407832622528,1.2505504727363586,1.2550063490867616,1.260320645570755,1.2674865901470185,1.272566205263138,1.2783388316631317,1.284593439102173,1.2903557419776917,1.296554160118103,1.3029250919818878,1.311706358194351,1.3199554860591889,1.32715505361557,1.3381686151027679,1.3493460178375245,1.3615938901901246,1.3739769458770752,1.3906647324562074,1.4187781870365144
t_158,0.35805572122335433,0.3552591472864151,0.35940500944852827,0.35562199503183367,0.35449874550104143,0.3547743260860443,0.34642151892185213,0.34145567715168,0.33297947496175767,0.33184940069913865,0.3263923481106758,0.31795354634523393,0.3198194965720177,0.3139695331454277,0.315804198384285,0.30369374603033067,0.29674762934446336,0.2882113352417946,0.28263042122125626,0.2748335003852844,0.265974760055542,0.2622800529003143,0.25475872606039046,0.2434180647134781,0.23667606115341186,0.2302888125181198,0.22151668816804887,0.20659665241837502,0.19838112592697144,0.18864111974835396,0.1746259957551956,0.16649763137102128,0.15386084392666816,0.13875094950199127,0.1233080007135868,0.10578570328652859,0.09938809722661972,0.07783103361725807,0.06556257419288158,0.052073579654097556,0.04169194474816322,0.0,0.041814346611499784,0.04578680172562599,0.06957837119698525,0.08463927619159221,0.106736533716321,0.1268748462200165,0.14965862408280373,0.17131513431668283,0.19112574085593223,0.2154671922326088,0.24046538174152374,0.26152521222829817,0.28494196087121965,0.31169540137052537,0.33169621527194976,0.3523540452122688,0.3715933322906494,0.3929193034768105,0.4180827498435974,0.43585350960493086,0.45443727672100065,0.4760703891515732,0.49789308607578275,0.5122543156147004,0.5281400084495544,0.5485337972640991,0.5603787928819657,0.5743183702230453,0.5891893625259399,0.6094661504030228,0.6203280210494995,0.6325563937425613,0.6459116280078888,0.6617890566587448,0.6727873116731644,0.6848934024572373,0.7005324482917785,0.7121317952871322,0.7214189559221268,0.734069773554802,0.7454564869403839,0.7556571811437607,0.7654029786586761,0.773113590478897,0.7856407582759857,0.7941115498542786,0.8036741554737091,0.8138365715742111,0.8209370285272598,0.8284620344638824,0.8367597401142121,0.8447102189064026,0.8527650535106659,0.8622479856014251,0.8688017219305039,0.8764130204916001,0.8850441873073578,0.8929458290338517,0.8996585756540298,0.9055691957473755,0.9117490947246552,0.9187528491020203,0.9234248459339142,0.928807532787323,0.9352630138397217,0.9405060529708862,0.9472392559051513,0.9548548072576523,0.9580734163522721,0.964644056558609,0.9685573488473892,0.9742320358753205,0.9795353055000305,0.9850696057081223,0.9892243355512619,0.9959332853555679,1.0002771854400634,1.0040538519620896,1.0086878836154938,1.0132987052202225,1.016724318265915,1.0218098998069762,1.0250169932842255,1.0303079783916473,1.0339753746986389,1.0390043616294862,1.0424862265586854,1.0438495337963105,1.05095534324646,1.053399658203125,1.0570152521133422,1.0607625603675843,1.06544988155365,1.0677983462810516,1.0714837908744812,1.0771353662014007,1.0797536492347717,1.0830414652824403,1.0867478251457214,1.0908033192157744,1.0944926679134368,1.0981701374053956,1.1008598327636718,1.1043454587459565,1.1069055080413819,1.1108409643173218,1.113220328092575,1.1179542660713195,1.1209168970584868,1.1255559623241425,1.1276930630207063,1.1319282829761506,1.1349009037017823,1.1384271562099457,1.1417265832424164,1.1456674993038178,1.1495057821273804,1.1516673147678376,1.156585341691971,1.1591378152370453,1.1633839190006257,1.1663013577461243,1.170570832490921,1.174653548002243,1.1780139088630677,1.1821699738502502,1.1859817147254943,1.189512801170349,1.1943298697471618,1.197968989610672,1.202642524242401,1.2073721528053283,1.2109176158905028,1.2151736736297607,1.2198957622051239,1.225502109527588,1.2291789114475251,1.2342292547225953,1.238188087940216,1.2443937540054322,1.248902440071106,1.2542731881141662,1.2615228116512298,1.266643798351288,1.2724786281585694,1.2788097500801086,1.2846476256847381,1.2909072279930114,1.2973462045192719,1.3062226593494415,1.3145591020584106,1.321838802099228,1.3329828441143037,1.3442789316177368,1.3566667556762695,1.3691759407520294,1.386051505804062,1.414425754547119
t_157,0.3769346997141838,0.37428042739629747,0.37854557782411574,0.37481487542390823,0.37371050417423246,0.374076683819294,0.36577547937631605,0.36094764471054075,0.3524294763803482,0.35143465250730516,0.34604916274547576,0.33760915994644164,0.33959710150957106,0.33394683003425596,0.3358491376042366,0.32378448992967607,0.31699054390192033,0.30856947749853136,0.30297486037015914,0.29537118077278135,0.286618247628212,0.28297284096479414,0.2755288779735565,0.2643019989132881,0.25766474604606626,0.2514201730489731,0.2426985338330269,0.22786551341414452,0.21968940645456314,0.21012567952275277,0.19622108936309815,0.18804727047681807,0.17547442689538,0.16019812300801278,0.14479700326919556,0.12703508213162423,0.12056942097842693,0.09857030250132084,0.08515510633587837,0.0706907469779253,0.05585671365261078,0.041814346611499784,0.0,0.035933380387723445,0.0511792927980423,0.06439804695546628,0.08547451309859752,0.10495474152266979,0.1276426762342453,0.14930196106433868,0.16903680339455604,0.19345609247684478,0.2185642696917057,0.23973439261317253,0.26334470361471174,0.29030451029539106,0.31047139316797256,0.33127353340387344,0.3507624760270119,0.3722995638847351,0.39770774394273756,0.41564854681491853,0.4344495624303818,0.45636902898550036,0.47846309244632723,0.4930105239152908,0.5091096192598343,0.5297790676355362,0.5417853683233261,0.5559334069490433,0.571056205034256,0.591592738032341,0.6026555567979812,0.6150709956884384,0.6286449551582336,0.6447971493005753,0.6559947520494461,0.6682793259620666,0.6841519862413407,0.6959841132164002,0.7054558843374252,0.7183097958564758,0.7299311965703964,0.7403041601181031,0.7502300292253494,0.75812768638134,0.7708936512470246,0.7795603841543197,0.7892908960580826,0.7996724009513855,0.8069194436073304,0.8145922541618347,0.8230891346931457,0.8311655431985855,0.8393818825483322,0.8490511298179626,0.8558019727468491,0.8635548859834671,0.8723271429538727,0.8804250925779342,0.8872591912746429,0.8933005064725876,0.8996340602636337,0.9067635148763656,0.9115554064512252,0.9170907646417618,0.923629853129387,0.9289899080991745,0.935849404335022,0.9436155498027802,0.9469138413667679,0.9536095142364502,0.9576024353504181,0.9634068638086319,0.9688298553228378,0.9744644045829773,0.9786828905344009,0.9855340927839279,0.9899344980716706,0.9938039988279342,0.9985331892967224,1.00322385430336,1.0067038059234619,1.0119017899036407,1.0151973783969879,1.0205588698387147,1.02429301738739,1.0294143378734588,1.032946413755417,1.034325635433197,1.0415803432464599,1.0440617740154265,1.0477203130722046,1.0515665590763092,1.0563284158706665,1.0587213635444641,1.0624720990657806,1.0681908130645752,1.0708484828472138,1.0741839051246642,1.077955687046051,1.08207967877388,1.0858128249645234,1.0895421385765076,1.092294657230377,1.0958427309989929,1.0984270751476288,1.1024229764938354,1.104820716381073,1.1096350491046905,1.1126507759094237,1.1173553168773651,1.1195269644260406,1.1238231241703034,1.1268406748771667,1.1303971886634827,1.1337397694587708,1.137745451927185,1.1416158378124237,1.1438183069229126,1.1488018751144409,1.1513743698596954,1.155680876970291,1.1586517930030822,1.1629668056964875,1.1670878112316132,1.170480340719223,1.1747079253196717,1.1785583972930909,1.1821342945098876,1.1869750618934631,1.190673041343689,1.1953869760036469,1.2001872956752777,1.2037855744361878,1.208066427707672,1.2128478646278382,1.2185094118118287,1.2222391605377196,1.2273318648338318,1.231334114074707,1.2376276969909668,1.2421951651573182,1.247579699754715,1.2549230456352234,1.2601047933101654,1.2659879088401795,1.2723887264728546,1.2782929480075835,1.2846130430698395,1.2910933673381806,1.3000730216503142,1.308497244119644,1.3158438742160796,1.3271105527877807,1.3384984970092773,1.3510214805603027,1.3636504411697388,1.3806840837001801,1.4093093574047089
t_156,0.3830393835902214,0.3803673520684242,0.3845963358879089,0.38088511377573014,0.3797882542014122,0.38017035722732545,0.3719468355178833,0.3670558571815491,0.3586614832282066,0.35761402547359467,0.35220659971237184,0.3439019560813904,0.3458536133170128,0.34016781449317934,0.3421392187476158,0.330100853741169,0.32335465848445893,0.31489337235689163,0.30939234495162965,0.3017882600426674,0.2931336581707001,0.28943952023983,0.28204690366983415,0.27084672451019287,0.2642149686813354,0.25797927379608154,0.24925311654806137,0.23452023267745972,0.22638821080327035,0.2167900361120701,0.20288578420877457,0.194659586250782,0.18204351291060447,0.16706466004252435,0.15129057615995406,0.13375725895166396,0.1269802324473858,0.10509411878883838,0.09208355732262134,0.07645734176039695,0.0620455214753747,0.04578680172562599,0.035933380387723445,0.0,0.04498353470116854,0.05846736431121826,0.07903626821935177,0.09857746809720994,0.12158568277955055,0.1429696224629879,0.16275096014142038,0.18708371371030807,0.21249242797493934,0.2336078442633152,0.2572050869464874,0.28431181609630585,0.30455527156591417,0.32543557733297346,0.3449241355061531,0.36654253005981446,0.3921101361513138,0.4101333349943161,0.4289831638336182,0.4509927526116371,0.4731608211994171,0.48780504763126376,0.5039634123444557,0.5247155219316483,0.5367500752210617,0.5509622305631637,0.5661323100328446,0.5867846041917801,0.5979132950305939,0.6103492945432663,0.6239972978830337,0.6402375787496567,0.6514670699834824,0.6638258129358292,0.6798054575920105,0.6916899472475052,0.7012061774730682,0.7141241073608399,0.7258246928453446,0.7362309396266937,0.7462303400039673,0.7541564255952835,0.7670081257820129,0.775720626115799,0.7855081856250763,0.7959491074085235,0.8032397031784058,0.8109580516815186,0.8194941759109498,0.8276352286338806,0.8359081715345382,0.8456095546483994,0.8523850798606872,0.8601892650127411,0.8690143883228302,0.8771615624427795,0.8840346902608871,0.8901260107755661,0.8964702993631363,0.9036629110574722,0.9084598004817963,0.9140355497598648,0.9205979228019714,0.9260004192590714,0.9328879684209823,0.9406916707754135,0.9440151900053024,0.9507489889860153,0.9547754257917405,0.9605930596590042,0.966035121679306,0.971713450551033,0.9759507894515991,0.9828287363052368,0.9872547656297683,0.9911490440368652,0.9958889216184617,1.000596895813942,1.0041029810905457,1.009328454732895,1.0126466363668443,1.0180237889289856,1.021769940853119,1.0269099175930023,1.030456292629242,1.0318531215190887,1.0391219317913056,1.041615742444992,1.0452933073043824,1.0491569459438324,1.0539350152015685,1.0563548803329468,1.0601210951805116,1.0658494114875794,1.0685155272483826,1.07187380194664,1.0756525456905366,1.0797863721847534,1.0835377991199493,1.0872744381427766,1.090042531490326,1.0936051189899445,1.0961948096752168,1.1002011954784394,1.102624499797821,1.107440984249115,1.11046501994133,1.1151761889457703,1.1173681139945983,1.1216632604599,1.1246926248073579,1.128262221813202,1.1316204488277435,1.1356237590312959,1.1395055890083312,1.1417217910289765,1.1467137515544892,1.1492969870567322,1.1536081671714782,1.15659242272377,1.1609109938144684,1.1650437653064727,1.168444699048996,1.172691422700882,1.1765416622161866,1.1801328778266906,1.1849794507026672,1.1886932313442231,1.1934134662151337,1.1982253968715668,1.2018402457237243,1.2061325132846832,1.2109264731407166,1.2165965020656586,1.2203353703022004,1.2254429876804351,1.2294587433338164,1.2357605576515198,1.2403405606746674,1.2457447588443755,1.2531038761138915,1.258290058374405,1.2641875565052032,1.2706087052822113,1.2765302658081055,1.2828620612621306,1.2893615126609803,1.2983630537986754,1.3068024814128876,1.314168792963028,1.3254634320735932,1.3368840217590332,1.349439364671707,1.3620982587337493,1.3791809797286987,1.407863700389862
t_155,0.40723555237054826,0.4047999918460846,0.4092286005616188,0.4055829122662544,0.40452081710100174,0.4050613775849342,0.396849749982357,0.3921329066157341,0.38369067907333376,0.38281370848417284,0.37746515274047854,0.3691492140293121,0.37129850387573243,0.3659136533737183,0.3680290043354034,0.35604203045368193,0.34948243051767347,0.3411842346191406,0.3356355234980583,0.32831352949142456,0.3198035076260567,0.3161891341209412,0.3089137464761734,0.2978654593229294,0.2914552316069603,0.2854448229074478,0.276708847284317,0.26208777725696564,0.2541316583752632,0.24472843632102012,0.23110521882772445,0.222909327596426,0.21056519448757172,0.19547567442059516,0.1798119515180588,0.16213168427348137,0.15568995401263236,0.133444707095623,0.1200027734041214,0.1039562825113535,0.08811771720647812,0.06957837119698525,0.0511792927980423,0.04498353470116854,0.0,0.03871358204632998,0.05354965291917324,0.07183527424931527,0.09402100965380669,0.11464444063603878,0.134365576505661,0.15846211090683937,0.18399299159646035,0.20516396015882493,0.22879083454608917,0.25613936483860017,0.27655639946460725,0.29769658148288725,0.3174611523747444,0.3392520725727081,0.3651044353842735,0.38346144556999207,0.40255523175001146,0.4248816162347794,0.4473792538046837,0.46231970340013506,0.4787407249212265,0.49984691590070723,0.5121077865362167,0.5266001969575882,0.5421685427427292,0.5630722194910049,0.5745148658752441,0.5871823698282241,0.6011627078056335,0.6177980363368988,0.629292705655098,0.6418946921825409,0.6581628292798996,0.6703861951828003,0.6801631897687912,0.693342462182045,0.705365589261055,0.7160157024860382,0.7262703865766525,0.7344728261232376,0.7476604044437408,0.7566720426082612,0.7666652500629425,0.7774180591106414,0.7849127113819122,0.7928458988666535,0.8016571700572968,0.8099758714437485,0.8184584707021714,0.8284260988235473,0.8354763627052307,0.8434731900691986,0.8525102525949478,0.8609175652265548,0.8679442822933197,0.8742403417825699,0.8807996034622192,0.8881637215614319,0.8931215107440948,0.8989141643047333,0.9055824607610703,0.9111375778913497,0.9182140469551087,0.9262195736169815,0.9296727895736694,0.9365725994110108,0.9407083243131638,0.9467163890600204,0.9523074895143508,0.958129033446312,0.9624486237764358,0.9695093542337417,0.9740092515945434,0.978020167350769,0.9828946769237519,0.9877243727445603,0.991300082206726,0.9966864734888077,1.0001187741756439,1.005596598982811,1.009430941939354,1.0146991640329361,1.018299216032028,1.0197324573993682,1.0271886050701142,1.0297375977039338,1.0334740161895752,1.037464302778244,1.0423416435718535,1.0448230981826783,1.0486712276935577,1.054463803768158,1.0571779131889343,1.0606090068817138,1.06446515917778,1.0686769366264344,1.0725041627883911,1.07629292011261,1.0791502177715302,1.082798558473587,1.0854030549526215,1.0894908726215362,1.0919430553913116,1.0968512535095214,1.0999490857124328,1.1047261774539947,1.1069676756858826,1.1113334059715272,1.1144249200820924,1.118027102947235,1.1214351296424865,1.12552250623703,1.129433262348175,1.1317009508609772,1.136781281232834,1.1393899023532867,1.1437675058841705,1.146825110912323,1.1511911273002624,1.1553668141365052,1.1588017821311951,1.1631453096866609,1.167025727033615,1.1706789791584016,1.1755388259887696,1.1793360531330108,1.184093451499939,1.1889948070049285,1.1926777839660645,1.1969903707504272,1.2018533885478973,1.2075826287269593,1.211394840478897,1.2165421724319458,1.2206190824508667,1.2270234107971192,1.2316774547100067,1.237081629037857,1.2445517778396606,1.2498134255409241,1.2557596921920777,1.2622601807117462,1.2682615756988525,1.2746633291244507,1.2812106907367706,1.2903322756290436,1.2988765001296998,1.306320595741272,1.317756825685501,1.3292841553688048,1.342000848054886,1.354805451631546,1.3720824778079987,1.4010683000087738
t_154,0.4213190242648125,0.4189263999462128,0.4234134525060654,0.4198251783847809,0.41877199709415436,0.4193227931857109,0.41122071593999865,0.4065809711813927,0.3981461673974991,0.39736545234918597,0.3920625865459442,0.3838209196925163,0.3860160604119301,0.3807291641831398,0.3829081252217293,0.3709680899977684,0.3645493611693382,0.3563131123781204,0.3508023455739021,0.3436302214860916,0.33521061986684797,0.33161875456571577,0.3244658663868904,0.3135675147175789,0.3072005346417427,0.3012207686901093,0.2926386818289757,0.2781775027513504,0.27024279683828356,0.26098028719425204,0.2474162496626377,0.2393607571721077,0.2269197463989258,0.21194211021065712,0.1964552231132984,0.1787225939333439,0.17223650068044663,0.1500575214624405,0.1364284001290798,0.1205534316599369,0.10434651747345924,0.08463927619159221,0.06439804695546628,0.05846736431121826,0.03871358204632998,0.0,0.042130240425467494,0.05725466124713421,0.07801050655543804,0.09808311611413956,0.1177346345037222,0.14176096990704537,0.16703356429934502,0.18828662857413292,0.21214717626571655,0.2393922746181488,0.25993183702230455,0.2811311945319176,0.30105800479650496,0.3230436146259308,0.34903567284345627,0.3674400523304939,0.3867011621594429,0.40921558290719984,0.43191628307104113,0.44701995700597763,0.46360219866037367,0.48485589027404785,0.4972622498869896,0.5118871122598648,0.5276402562856675,0.5487762987613678,0.5603427141904831,0.5731505811214447,0.5872914314270019,0.6041393488645553,0.6158119052648544,0.628525173664093,0.6449846535921097,0.6574074983596802,0.6673525363206864,0.6806761741638183,0.6929036647081375,0.7036738216876983,0.7140716135501861,0.7224363446235657,0.7358235985040664,0.7449797302484512,0.7551233559846878,0.7660393387079238,0.7736671745777131,0.7817073076963424,0.790696057677269,0.7991037130355835,0.8077114999294281,0.8178318113088607,0.8250421971082688,0.8331531286239624,0.8422934472560882,0.8508674770593643,0.8579922407865525,0.8643923580646515,0.8710675835609436,0.8785430371761322,0.8835969388484954,0.8895273029804229,0.8962476134300232,0.901893675327301,0.90907082259655,0.9171956241130829,0.9207104206085205,0.9277090281248093,0.9319090902805328,0.9380211472511292,0.9437176048755646,0.9496182978153229,0.9539763778448105,0.961158099770546,0.9656983107328415,0.9697815269231796,0.974737697839737,0.9796185225248337,0.9832406669855118,0.988715398311615,0.9922339051961899,0.9977513194084168,1.001633608341217,1.0069811403751374,1.010620179772377,1.0120624244213103,1.0196345269680023,1.0222125768661499,1.0259822964668275,1.030050313472748,1.0349863529205323,1.0375062584877015,1.0414077460765838,1.0472451746463776,1.0499923527240753,1.0534607827663423,1.0573686838150025,1.061633449792862,1.0654914259910584,1.0693174719810485,1.0722255408763885,1.0759234786033631,1.0785429239273072,1.0826801657676697,1.08515065908432,1.0901144921779633,1.0932460725307465,1.0980760395526885,1.1003448486328125,1.1047543227672576,1.1078848719596863,1.1115066289901734,1.114947533607483,1.1190829038619996,1.1230124533176422,1.1253155767917633,1.1304479598999024,1.1330681264400482,1.1374925017356872,1.1405888617038726,1.1449852883815765,1.1491912007331848,1.152652496099472,1.1570512771606445,1.1609586477279663,1.1646486282348634,1.169518953561783,1.1733658492565155,1.1781492948532104,1.1831043243408204,1.1868297159671783,1.1911605417728424,1.1960686922073365,1.201836758852005,1.2056908130645752,1.210869598388672,1.2149824142456054,1.2214534997940063,1.2261520504951477,1.2315638840198517,1.2391094803810119,1.2444137990474702,1.2503974795341493,1.2569508135318757,1.2630073487758637,1.269455760717392,1.2760339260101319,1.2852341115474701,1.2938461244106292,1.3013398349285126,1.3128765165805816,1.3244756221771241,1.3373018205165863,1.3501970946788788,1.3676039755344391,1.3967900395393371
t_153,0.44081334173679354,0.43859302401542666,0.44323728084564207,0.43968767672777176,0.438659505546093,0.43932307958602906,0.4311951443552971,0.4267184153199196,0.4182697132229805,0.41764401495456693,0.4124148726463318,0.40410279482603073,0.40643227398395537,0.40143284648656846,0.40363085865974424,0.3918142646551132,0.3854734495282173,0.3774201884865761,0.3718350052833557,0.36485326141119,0.35649320036172866,0.3530020326375961,0.3459000825881958,0.33512924164533614,0.3289418801665306,0.32313511073589324,0.31450982838869096,0.3000838965177536,0.29224658757448196,0.28309710025787355,0.26989182084798813,0.26177995949983596,0.24966340661048889,0.23452202156186103,0.21928408294916152,0.20141735672950745,0.19519160687923431,0.17295579090714455,0.15913432240486144,0.14296552911400795,0.12668027281761168,0.106736533716321,0.08547451309859752,0.07903626821935177,0.05354965291917324,0.042130240425467494,0.0,0.04029510524123907,0.058214681781828405,0.07658500261604786,0.09567050747573376,0.11946663707494735,0.14470118954777716,0.16566271409392358,0.1893492415547371,0.21684173718094826,0.23752579391002654,0.2589132159948349,0.27899244576692583,0.3011146649718285,0.32732112109661105,0.34604620188474655,0.36543902307748793,0.3882001042366028,0.411120243370533,0.426463782787323,0.4432938486337662,0.46486036777496337,0.4774268314242363,0.4923224955797195,0.5083691358566285,0.529666519165039,0.5414746254682541,0.5544970899820327,0.5689092010259629,0.5860222578048706,0.5979275077581405,0.6108613312244415,0.6275306522846222,0.6401828497648239,0.6503117680549622,0.6638682335615158,0.6763379365205765,0.6873339086771011,0.6979159742593766,0.7064795583486557,0.7201444327831268,0.7295324474573135,0.7398423701524734,0.7510193914175034,0.7588035702705384,0.7670183271169663,0.7762554705142974,0.7847929120063781,0.793547385931015,0.8038859605789185,0.8113201320171356,0.8195867449045181,0.8288999289274216,0.8376749485731125,0.8449244022369384,0.8514922648668289,0.8583654075860977,0.8659411698579789,0.8711453408002854,0.8772440731525422,0.8840550273656845,0.8898619651794434,0.8971401900053024,0.9054347991943359,0.9090626090764999,0.9161892712116242,0.9204694837331772,0.9267462581396103,0.9325606912374497,0.9385634660720825,0.9430092602968216,0.9503221362829208,0.9549103140830993,0.9591128319501877,0.9641803294420243,0.9691311895847321,0.9728214412927627,0.9784168809652328,0.9820187956094741,0.9876194775104523,0.9915736645460129,0.9970230847597122,1.0007016241550446,1.002196913957596,1.0098947197198869,1.0125252336263657,1.0163534790277482,1.0205083429813384,1.0255105435848235,1.0280730843544006,1.032049870491028,1.037916475534439,1.0407077848911286,1.04422425031662,1.0481978476047515,1.0525108993053436,1.056439185142517,1.0602965772151947,1.0632640719413757,1.0670369565486908,1.0696617245674134,1.0738492608070374,1.0763310551643372,1.0813751459121703,1.0845682144165039,1.0894358456134796,1.091737198829651,1.0962025761604308,1.0993716657161712,1.1030149281024932,1.1064820408821106,1.1106933176517486,1.1146385669708252,1.1169850826263428,1.122162252664566,1.1248087465763092,1.1292793989181518,1.1324361205101012,1.136858832836151,1.1410895705223083,1.1445746541023254,1.1490324020385743,1.1529637396335601,1.1566931366920472,1.1615760624408722,1.1654737830162047,1.1702831983566284,1.1752972781658173,1.1790640234947205,1.183401197195053,1.188360971212387,1.1941716849803925,1.198065036535263,1.2032712996006012,1.2074221789836883,1.21396364569664,1.2187185168266297,1.2241168558597564,1.2317351877689362,1.2370977818965911,1.243108606338501,1.2497114956378936,1.2558221817016602,1.2623185634613037,1.2689253330230712,1.2782079219818114,1.2868880569934844,1.2944335222244263,1.3060646891593932,1.317730301618576,1.3306615054607391,1.3436616837978363,1.3611971735954285,1.3906054317951202
t_152,0.4580395966768265,0.45586476027965545,0.46052873581647874,0.457037153840065,0.4560273945331573,0.4567266687750816,0.44872969686985015,0.4443231448531151,0.4359134390950203,0.4353422552347183,0.43018009811639785,0.42198530286550523,0.4243607759475708,0.41942325681447984,0.4216983512043953,0.4099256545305252,0.4037670582532883,0.39575947523117067,0.3902794778347015,0.3834380343556404,0.37523237615823746,0.3717516794800758,0.3647741720080376,0.3541588693857193,0.34801387041807175,0.3422887548804283,0.3338188245892525,0.3195969074964523,0.3118380457162857,0.30285471230745314,0.28968055695295336,0.2816562712192535,0.26953997164964677,0.2545816391706467,0.23936043530702591,0.2216664008796215,0.21542187854647638,0.19347304552793504,0.1795345887541771,0.16363338828086854,0.14689750596880913,0.1268748462200165,0.10495474152266979,0.09857746809720994,0.07183527424931527,0.05725466124713421,0.04029510524123907,0.0,0.043092868849635126,0.05894272793084383,0.07582929357886314,0.09928613677620887,0.1240618534386158,0.14514796659350396,0.16890760585665704,0.19638455361127855,0.2171241246163845,0.23850112557411193,0.2587340399622917,0.28103379160165787,0.30743869990110395,0.32617682963609695,0.3458119139075279,0.368762269616127,0.3919546514749527,0.4074480414390564,0.4244377359747887,0.44624319225549697,0.4589498072862625,0.4740049108862877,0.4902773335576057,0.511870165169239,0.5238671690225601,0.5370435029268265,0.5516652435064315,0.5690474271774292,0.5811435788869858,0.5942453980445862,0.6111728101968765,0.6240698397159576,0.6343884140253067,0.6481546252965927,0.6608686089515686,0.6720199346542358,0.6827828854322433,0.6915420323610306,0.7054547995328904,0.7150247901678085,0.7255115538835526,0.7369035810232163,0.7448452770709991,0.7531858503818512,0.7626188725233078,0.7712958544492722,0.7802132368087769,0.7907295197248458,0.79835025370121,0.8067675858736039,0.8162082642316818,0.8251898288726807,0.8325578361749649,0.8392566412687301,0.8462577223777771,0.8539797753095627,0.8592803925275803,0.8655394017696381,0.8724292904138565,0.8783436298370362,0.8857538104057312,0.894195967912674,0.8978907287120819,0.9051456779241562,0.9095060855150223,0.9158995360136032,0.9218368023633957,0.9279506772756576,0.9324443817138672,0.9399096637964248,0.944552543759346,0.9488448083400727,0.9540017992258072,0.959024628996849,0.9627719104290009,0.9684757381677628,0.9721845388412476,0.9778376877307892,0.9818524986505508,0.9873926550149917,0.9911326766014099,0.9926336795091629,1.0004803955554962,1.0031391948461532,1.0070107966661452,1.0112635016441345,1.0163435578346252,1.0189546406269074,1.0230004847049714,1.0289419651031495,1.0317754030227662,1.0353386998176575,1.0393740832805634,1.0437676846981048,1.0477295100688935,1.05164293050766,1.054669576883316,1.0584971249103545,1.0611507415771484,1.0654080271720887,1.067920845746994,1.073036217689514,1.0762706696987152,1.0812130868434906,1.0835540175437928,1.0880753099918365,1.0912963211536408,1.0949753940105438,1.098494929075241,1.102752536535263,1.1067393004894257,1.1091279625892638,1.1143757820129394,1.1170416951179505,1.1215775609016418,1.1247807443141937,1.129253888130188,1.1335318505764007,1.1370566487312317,1.141590940952301,1.1455603659152984,1.1493429005146027,1.1542546272277832,1.1582170307636261,1.1630690276622773,1.1681559324264525,1.1719845473766326,1.1763595342636108,1.1813795387744903,1.1872551083564757,1.1911997616291046,1.1964625120162964,1.2006578326225281,1.2072955071926117,1.2121049761772156,1.2175358712673188,1.2252629458904267,1.230676543712616,1.2367494642734527,1.2434357464313508,1.2496197521686554,1.2561851143836975,1.262842833995819,1.2722439229488374,1.2810159206390381,1.288637673854828,1.3004175305366517,1.312194186449051,1.3252761304378509,1.33840651512146,1.3561289191246033,1.3858113706111908
t_151,0.47723258286714554,0.4751037746667862,0.47979281693696973,0.47638597190380094,0.4753617733716965,0.47603115141391755,0.46821535378694534,0.46394730508327486,0.45560521483421323,0.45513853430747986,0.4500758767127991,0.4419917553663254,0.44438801109790804,0.43956011682748797,0.44181900918483735,0.4302509933710098,0.42418339401483535,0.4163409560918808,0.41092429757118226,0.4042282059788704,0.3961385816335678,0.392729127407074,0.38588002026081086,0.3754786655306816,0.36938136965036394,0.36375327557325365,0.355461511015892,0.3413974389433861,0.3337459698319435,0.32485411465168,0.3117873102426529,0.30400103479623797,0.29187115728855134,0.2770571753382683,0.2620936453342438,0.2444581337273121,0.23815670758485794,0.21630963012576104,0.20244637355208397,0.18683985322713853,0.1701643079519272,0.14965862408280373,0.1276426762342453,0.12158568277955055,0.09402100965380669,0.07801050655543804,0.058214681781828405,0.043092868849635126,0.0,0.042868785187602045,0.05695945080369711,0.07856767326593399,0.10190824940800666,0.12280352227389812,0.146830253303051,0.17416225746273994,0.19469900354743003,0.21622705534100534,0.23651621490716934,0.25908896178007124,0.2856930837035179,0.30444542318582535,0.3242567107081413,0.34749039858579633,0.3708578869700432,0.3865466132760048,0.4037395238876343,0.425823512673378,0.4386640653014183,0.4539431884884834,0.47036689668893816,0.49234184324741365,0.5044846788048745,0.5178517982363701,0.5327153712511062,0.5503397792577743,0.562653562426567,0.5759762197732925,0.5931988179683685,0.606302484869957,0.6168296724557877,0.6308442443609238,0.6438197314739227,0.6551832735538483,0.6661314517259598,0.6750895589590072,0.6892587274312973,0.6990152597427368,0.7097193002700806,0.7213487893342971,0.7294578582048417,0.7379637807607651,0.7475870847702026,0.7564459860324859,0.7655579745769501,0.7762476474046707,0.7840629160404206,0.7926459848880768,0.8022557914257049,0.811445614695549,0.8189586460590362,0.8258003234863281,0.8329216271638871,0.8408325254917145,0.8462315887212754,0.8526426792144776,0.859651529788971,0.8656839936971664,0.873239067196846,0.8818355798721313,0.8855970948934555,0.8930056124925614,0.8974714815616608,0.9039785593748093,0.9100458234548569,0.9162720829248429,0.9208490729331971,0.9284638911485672,0.933187597990036,0.9375692278146743,0.9428232669830322,0.9479246437549591,0.95174261033535,0.9575527846813202,0.9613681167364121,0.9670902132987976,0.9711710900068283,0.9768074333667756,0.9806186735630036,0.9821426570415497,0.9901289135217667,0.9928333342075348,0.9967605471611023,1.0011106699705123,1.0062607675790787,1.0089394509792329,1.0130591064691543,1.019082486629486,1.021977609395981,1.0255941569805145,1.0296919167041778,1.0341707050800324,1.0381691098213195,1.0421505868434906,1.0452411770820618,1.0491237878799438,1.05183088183403,1.0561592340469361,1.058713001012802,1.0639021396636963,1.0671859979629517,1.0722101151943206,1.0746009409427644,1.0791753649711608,1.0824623703956604,1.0861841022968293,1.0897664666175841,1.094078540802002,1.0981119096279144,1.1005514919757844,1.1058759808540344,1.1085728347301482,1.1131766796112061,1.1164405345916748,1.1209720611572265,1.1253029823303222,1.1288794577121735,1.1334902465343475,1.1375132977962494,1.1413571000099183,1.1463099896907807,1.1503422617912293,1.1552515923976898,1.1604113399982452,1.1643116235733033,1.1687382519245149,1.1738269090652467,1.1797684252262115,1.1837791323661804,1.189109867811203,1.1933593928813935,1.2000923871994018,1.204963845014572,1.210452288389206,1.2182859361171723,1.2237621188163756,1.229908674955368,1.2366858899593354,1.2429625868797303,1.2496041059494019,1.256332665681839,1.265848273038864,1.2747296571731568,1.2824445188045501,1.2943800508975982,1.3062825441360473,1.3195307672023773,1.3328080773353577,1.3507374405860901,1.3807207942008972
t_150,0.4948186218738556,0.4928577527403831,0.49769776612520217,0.49432285577058793,0.4933285713195801,0.49413830488920213,0.48628861606121065,0.48209683150053023,0.4737350165843964,0.47338315695524213,0.4683190196752548,0.460244157910347,0.4627732142806053,0.4581739380955696,0.46055195331573484,0.44898350834846495,0.4430832535028458,0.4353145733475685,0.42985849529504777,0.4233954206109047,0.41542507261037825,0.41203844994306565,0.4052995428442955,0.3950026825070381,0.3890921548008919,0.38361671566963196,0.3753113403916359,0.361424033343792,0.3538887858390808,0.3452104464173317,0.3324279054999352,0.3245978683233261,0.31270466893911364,0.29798100143671036,0.2831114560365677,0.26557019650936126,0.2595252335071564,0.237842670828104,0.22398341074585915,0.20823156833648682,0.1916000559926033,0.17131513431668283,0.14930196106433868,0.1429696224629879,0.11464444063603878,0.09808311611413956,0.07658500261604786,0.05894272793084383,0.042868785187602045,0.0,0.042274528183043,0.059687307104468346,0.08153404518961907,0.10162639990448952,0.12511772699654103,0.15213759988546371,0.17298491969704627,0.19448561370372772,0.2151215523481369,0.23757320269942284,0.26433664858341216,0.2833429992198944,0.3033670261502266,0.32670970261096954,0.35037886500358584,0.36633441001176836,0.3837123513221741,0.406012250483036,0.4190808340907097,0.43455747812986373,0.45144332498311995,0.47346526980400083,0.48592721968889235,0.4994922995567322,0.5146370872855186,0.5326358318328858,0.5452151983976364,0.5586903840303421,0.5760872036218643,0.589553850889206,0.6003277748823166,0.6145225197076798,0.627784612774849,0.6393389910459518,0.650508365035057,0.6597440004348755,0.674224105477333,0.6842801123857498,0.6951236635446548,0.7070239573717118,0.7153170138597489,0.7239995986223221,0.7339083522558212,0.7428632199764251,0.752119106054306,0.7630666196346283,0.7711723476648331,0.7799009889364242,0.7896630048751831,0.7990966975688935,0.8067175179719925,0.8137434691190719,0.8211039870977401,0.8291069775819778,0.8346800118684768,0.841305923461914,0.8483597874641419,0.8545362114906311,0.8622295707464218,0.8710010319948196,0.8748980909585953,0.8824322521686554,0.8869681626558303,0.8936726599931717,0.8998646169900895,0.9062062233686448,0.9108373671770096,0.9186029344797134,0.9233600586652756,0.9278520941734314,0.933229261636734,0.9384268164634705,0.9422953754663468,0.948251673579216,0.9521682113409042,0.9579639375209809,0.9621139377355575,0.9678633809089661,0.9716947257518769,0.9732551515102387,0.9813987582921981,0.9841436326503754,0.988113671541214,0.9925707042217254,0.9978043258190155,1.0005221247673035,1.0047082722187042,1.010742548108101,1.013654962182045,1.017329615354538,1.0214897513389587,1.0260140538215636,1.030081570148468,1.0340826153755187,1.0372493863105774,1.0412088930606842,1.043892252445221,1.0482778549194336,1.0508336782455445,1.0560962080955505,1.0594382166862488,1.0644903659820557,1.066911369562149,1.0715389609336854,1.0748576283454896,1.0785882890224456,1.0821893632411956,1.0865707576274872,1.090602958202362,1.0930778324604034,1.0984604001045226,1.1011651277542114,1.1058033227920532,1.1091257274150848,1.1136699855327605,1.1180137753486634,1.121595424413681,1.1262812435626983,1.130296343564987,1.1341804444789887,1.1391068696975708,1.1431988775730133,1.1481054782867433,1.1533326268196107,1.1572695672512054,1.1616753816604615,1.1668067932128907,1.1727711737155915,1.1768237054347992,1.1821540296077728,1.186439538002014,1.1932344019412995,1.1981562614440917,1.2035890698432923,1.2114933609962464,1.2170145690441132,1.2231637954711914,1.2299741804599762,1.2362876176834106,1.2429597079753876,1.249692690372467,1.259278655052185,1.2682069778442382,1.2759446024894714,1.2879534363746643,1.2998904049396516,1.3132156789302827,1.3265657007694245,1.3445886552333832,1.3747316300868988
t_149,0.5113720923662186,0.5094369143247605,0.5142832577228547,0.510948297381401,0.5099745154380798,0.5107782483100891,0.5030571609735489,0.49895826131105425,0.49063545316457746,0.49035374373197554,0.4853994622826576,0.4773810476064682,0.47995381951332095,0.4754233628511429,0.4777663677930832,0.466315421462059,0.46055420488119125,0.452864895761013,0.4475031509995461,0.4411693274974823,0.43327842503786085,0.4299522966146469,0.42328043431043627,0.41314896047115324,0.4072719380259514,0.40187989473342894,0.39373027086257933,0.3800031155347824,0.3725257396697998,0.36399776488542557,0.3513112485408783,0.3435563400387764,0.3317134648561478,0.3171090230345726,0.3023556649684906,0.284963521361351,0.2789176568388939,0.2575047552585602,0.2436049334704876,0.2280299708247185,0.21127853244543077,0.19112574085593223,0.16903680339455604,0.16275096014142038,0.134365576505661,0.1177346345037222,0.09567050747573376,0.07582929357886314,0.05695945080369711,0.042274528183043,0.0,0.04466599319130182,0.06355780735611916,0.0834472943097353,0.10606632344424724,0.13294933885335922,0.1536687657237053,0.174832072108984,0.19551628977060317,0.2181234136223793,0.24505704045295715,0.26382848918437957,0.28423276245594026,0.3077122181653976,0.3316744714975357,0.3475955486297607,0.3651377037167549,0.38777981996536254,0.40095946490764617,0.4166192516684532,0.43371255695819855,0.45603290051221845,0.4686546206474304,0.48239411115646363,0.497763954102993,0.515962028503418,0.5287649482488632,0.542398190498352,0.5600360214710236,0.5737388908863068,0.5846727937459946,0.5991121590137481,0.612564605474472,0.6243385195732116,0.6356648325920105,0.6450875878334046,0.6598082065582276,0.6700601249933242,0.681071150302887,0.6931876927614212,0.701606884598732,0.7104423403739929,0.7205523401498795,0.7296182811260223,0.739011538028717,0.7501714527606964,0.7584603697061538,0.7673203736543656,0.7772224456071853,0.7868431836366654,0.7945823729038238,0.801708596944809,0.8092090070247651,0.8173305213451385,0.8230127394199371,0.829782772064209,0.8369079738855362,0.8432075679302216,0.851015231013298,0.8599391907453537,0.8638893306255341,0.8715301573276519,0.8761276811361313,0.8829675495624543,0.8892866909503937,0.8957079231739045,0.9003921627998352,0.9083191454410553,0.9131133049726486,0.91769178211689,0.9231672555208206,0.9284242153167724,0.932342603802681,0.9383943110704422,0.9423877030611039,0.948256891965866,0.9524609267711639,0.9583013504743576,0.9621890723705292,0.9637447357177734,0.9720402926206588,0.9748192131519318,0.9788223832845688,0.9833639770746231,0.9886649757623672,0.991398224234581,0.9956491559743881,1.0017780810594559,1.0047225326299667,1.0084249347448349,1.0126513421535492,1.0172451496124268,1.0213472485542296,1.0253973603248596,1.0286072909832,1.0326266527175902,1.0353316128253938,1.0397655665874481,1.0423278570175172,1.0476766228675842,1.0510657489299775,1.0561920940876006,1.0586284041404723,1.063325035572052,1.0666802763938903,1.070436668395996,1.0740668594837188,1.0785219073295593,1.0825793981552123,1.0850880563259124,1.0905291140079498,1.0932430565357207,1.0979523539543152,1.1013042449951171,1.1059077858924866,1.1102868795394898,1.113902986049652,1.1186281800270081,1.1227009415626525,1.1266138970851898,1.1315774977207185,1.1357123255729675,1.1406690537929536,1.1459508299827577,1.1499313116073608,1.1543719947338105,1.1595552206039428,1.1655862390995027,1.16967431306839,1.1750463187694549,1.1793629765510558,1.1862531304359436,1.191222643852234,1.1966749370098113,1.204670512676239,1.2102534651756287,1.216457188129425,1.2233339905738831,1.2297065377235412,1.2364415585994721,1.243210679292679,1.2528987586498261,1.2619119048118592,1.2697198152542115,1.2818498194217682,1.2938757836818695,1.307334792613983,1.3208003640174866,1.3389739990234375,1.3693581402301789
t_148,0.5310640156269073,0.5292560160160065,0.5341366440057754,0.5308995425701142,0.529912343621254,0.5307728618383407,0.5231644183397293,0.519155639410019,0.5109540075063705,0.5107185065746307,0.5057953953742981,0.49793205261230467,0.5005034536123276,0.4961376294493675,0.498551145195961,0.4872798830270767,0.4815767839550972,0.4740450784564018,0.4687164604663849,0.4625437244772911,0.4548238396644592,0.4515556484460831,0.4450027883052826,0.4350220963358879,0.42930172234773634,0.4240295380353928,0.41594190448522567,0.40241495817899703,0.395083399116993,0.38666695803403855,0.374173903465271,0.3665318563580513,0.35487653464078905,0.34046669155359266,0.32582759857177734,0.3086881458759308,0.3026545479893684,0.2813049376010895,0.2677729442715645,0.25212858617305756,0.2355807453393936,0.2154671922326088,0.19345609247684478,0.18708371371030807,0.15846211090683937,0.14176096990704537,0.11946663707494735,0.09928613677620887,0.07856767326593399,0.059687307104468346,0.04466599319130182,0.0,0.0456871222704649,0.060510242357850075,0.08185153752565384,0.10878832787275314,0.129019533097744,0.1504535473883152,0.17081623300909995,0.19345783889293672,0.22055878937244416,0.2397482454776764,0.2599531948566437,0.28385396748781205,0.3078998625278473,0.32412786930799486,0.3418510213494301,0.36469350159168246,0.3779830515384674,0.39388159066438677,0.41117234975099565,0.4337769076228142,0.4466967970132828,0.46055719554424285,0.47619599401950835,0.4947862446308136,0.507714855670929,0.5216264843940734,0.5396141171455383,0.5535888582468033,0.5647422879934311,0.5793952584266663,0.5931938558816909,0.6051402002573013,0.6167457908391952,0.6263912290334701,0.6413884162902832,0.6519029676914215,0.6631223380565643,0.6755264371633529,0.684134167432785,0.6931928902864456,0.7034987151622772,0.712781423330307,0.7224470615386963,0.7337392747402192,0.7422544091939927,0.7513088375329972,0.7614133208990097,0.771256011724472,0.7791569411754609,0.7864906579256058,0.7941255360841751,0.8024701535701751,0.8082544714212417,0.8152106553316116,0.8224560976028442,0.828882771730423,0.8368573218584061,0.8459433794021607,0.8500122666358948,0.8578282266855239,0.8625692486763,0.8695158451795578,0.8759424149990082,0.8825298547744751,0.8873093873262405,0.8953533917665482,0.9002648890018463,0.9049470037221908,0.9105071127414703,0.9158839762210846,0.919885778427124,0.9260945975780487,0.9301898926496506,0.9361397624015808,0.9404265105724334,0.9463533222675323,0.9503001123666763,0.9519151419401168,0.960339468717575,0.9631662368774414,0.9672397792339325,0.9719164371490479,0.9772936791181565,0.9801454335451126,0.9844548285007477,0.9906201869249344,0.9936262220144272,0.9974324554204941,1.001708734035492,1.0063726335763932,1.010531598329544,1.0146489977836608,1.017958578467369,1.0220410585403443,1.0247979998588561,1.0293140530586242,1.0319522738456726,1.0373536109924317,1.040791928768158,1.0459812045097352,1.0485139310359954,1.0532424688339233,1.0566715359687806,1.0604800879955292,1.0641929745674132,1.068680888414383,1.0727896094322205,1.0753754079341888,1.0808939278125762,1.0836565136909484,1.0884096920490265,1.0918554365634918,1.0965021252632141,1.1009404122829438,1.1045991122722625,1.1094577610492706,1.1135488033294678,1.117548257112503,1.1225267231464386,1.1267601788043975,1.1317599594593049,1.1371352136135102,1.1412135481834411,1.1456939995288848,1.1509594559669494,1.1570305347442627,1.1612099647521972,1.1666562616825105,1.1710495829582215,1.1780193328857422,1.18307067155838,1.1885858833789826,1.1966920375823975,1.2023281514644624,1.208600753545761,1.215584123134613,1.2220650494098664,1.2288762271404265,1.2357423067092896,1.2455480515956878,1.2546737492084503,1.262580406665802,1.2748824656009674,1.2870516419410705,1.3006921112537384,1.3143239855766295,1.332752251625061,1.3634846210479736
t_147,0.5508294910192489,0.549150887131691,0.5540987432003022,0.5509201616048813,0.5499694406986236,0.5508987456560135,0.5433697640895844,0.5395127952098846,0.5312991589307785,0.5311714053153992,0.5263458251953125,0.5185201406478882,0.5211953431367874,0.5170085728168488,0.5195106476545334,0.508295738697052,0.5027884393930435,0.49539325684309005,0.49009823203086855,0.4841256648302078,0.4765468180179596,0.47334863990545273,0.46694839000701904,0.45715018510818484,0.45157659500837327,0.44642188847064973,0.43848656117916107,0.4251628190279007,0.4179529294371605,0.40974351167678835,0.3974743992090225,0.3899693459272385,0.3784936428070068,0.36417499780654905,0.34986490458250047,0.3327857360243797,0.32699109613895416,0.3059219092130661,0.29234214276075365,0.27704102247953416,0.2604629069566727,0.24046538174152374,0.2185642696917057,0.21249242797493934,0.18399299159646035,0.16703356429934502,0.14470118954777716,0.1240618534386158,0.10190824940800666,0.08153404518961907,0.06355780735611916,0.0456871222704649,0.0,0.0432119932025671,0.06092444211244583,0.08451097533106804,0.10405493229627609,0.12490091174840927,0.14552957639098169,0.16825333163142203,0.19518223851919175,0.2141174331307411,0.23464922085404397,0.25862069651484487,0.2830117255449295,0.2994139492511749,0.3173647612333298,0.3404239594936371,0.3539760857820511,0.37005145847797394,0.38768270760774615,0.4105851277709007,0.42366144210100176,0.4378018662333488,0.45370095372200014,0.47263012230396273,0.4858983814716339,0.49997712969779967,0.5181878790259361,0.5325272768735886,0.5439544171094894,0.558866000175476,0.5730008333921432,0.5851739794015884,0.5969779163599014,0.6069389820098877,0.6222826302051544,0.633048540353775,0.6444926977157592,0.6571920990943909,0.6660325944423675,0.6752328336238861,0.6858699649572373,0.6952783584594726,0.7051241129636765,0.716695922613144,0.7255144089460372,0.7347510576248169,0.7450175344944,0.75515116751194,0.763189697265625,0.7707036286592484,0.7785614222288132,0.7870586574077606,0.7930261313915252,0.8002128541469574,0.8075506180524826,0.8141247451305389,0.8222641170024871,0.8315587103366852,0.8357376426458358,0.8437095403671264,0.8485489070415497,0.8556997418403626,0.8623015314340592,0.8690218567848206,0.8738618552684784,0.8821176588535309,0.8870785295963287,0.8918973416090011,0.8976130247116089,0.9030645370483399,0.9071398615837097,0.9134962767362594,0.9177450925111771,0.92375827729702,0.9281351715326309,0.9341971129179001,0.9382102221250535,0.9398488879203797,0.9484728038311004,0.9513432085514069,0.9554761230945588,0.9602814882993698,0.9657547771930695,0.9686564713716507,0.973071813583374,0.9793065071105957,0.9823776423931122,0.9862225830554963,0.990593957901001,0.9953554421663284,0.9995650291442871,1.0037460714578628,1.0071302682161332,1.011296609044075,1.014075717329979,1.0186816513538361,1.0213358521461486,1.0268432796001434,1.0303439438343047,1.0356198310852052,1.0381981134414673,1.043000489473343,1.0464987397193908,1.0503363728523254,1.054099690914154,1.0586790025234223,1.062816971540451,1.0654548346996306,1.0710570394992829,1.073842853307724,1.0786817908287047,1.0821951448917388,1.086888039112091,1.091378289461136,1.0950781762599946,1.1000182390213014,1.1041603446006776,1.1082211017608643,1.113223487138748,1.1175308346748352,1.1225754201412201,1.1280390202999115,1.1321868419647216,1.1366937279701232,1.1420321106910705,1.1481777489185334,1.1524174153804778,1.1579147338867188,1.1623619854450227,1.1694524049758912,1.1745733976364137,1.1800860941410065,1.1883158206939697,1.1940260112285614,1.2003552317619324,1.2074242293834687,1.2139909744262696,1.2208772778511048,1.2277781963348389,1.2377130150794984,1.2469459414482116,1.2549302101135253,1.2673907041549684,1.2796544432640076,1.293460386991501,1.3072311937808991,1.3258496582508088,1.3568937838077546
t_146,0.56849205493927,0.5668703436851501,0.5718384623527527,0.5687221646308899,0.5677757769823074,0.5687231957912445,0.5612564861774445,0.5574736297130585,0.5493497788906098,0.549287474155426,0.544489324092865,0.5367598086595535,0.5394259005784988,0.5353589564561844,0.537861630320549,0.526795071363449,0.5213437974452972,0.5140592515468597,0.5087880432605744,0.5029348492622375,0.49546536058187485,0.4923059821128845,0.48597940504550935,0.4763176470994949,0.47082826793193816,0.465775565803051,0.4578676402568817,0.4446828722953796,0.4375735059380531,0.42944894134998324,0.41736563891172407,0.40990111529827117,0.398567296564579,0.38437511324882506,0.37018750309944154,0.35328158736228943,0.3475099042057991,0.32656610906124117,0.3131468012928963,0.29784796833992006,0.281466506421566,0.26152521222829817,0.23973439261317253,0.2336078442633152,0.20516396015882493,0.18828662857413292,0.16566271409392358,0.14514796659350396,0.12280352227389812,0.10162639990448952,0.0834472943097353,0.060510242357850075,0.0432119932025671,0.0,0.043956439942121506,0.06480490900576115,0.08351813443005085,0.10426963679492474,0.1245594646781683,0.14712630286812783,0.17419406101107598,0.19356790632009507,0.2138602189719677,0.23812516778707504,0.26251974105834963,0.2792200013995171,0.29734045416116717,0.3205879956483841,0.33421504944562913,0.35054517090320586,0.36840220391750333,0.39144128412008283,0.40478846728801726,0.4190857082605362,0.4352508023381233,0.45445635765790937,0.4679184243083,0.48222585320472716,0.5006862580776215,0.5152409493923187,0.5268911719322205,0.5419960528612137,0.5564150393009186,0.5687820136547088,0.5808000266551971,0.5909575760364533,0.6065760970115661,0.617583155632019,0.6292131781578064,0.6421695232391358,0.6511876523494721,0.6605848491191864,0.6714424580335617,0.6810276716947555,0.6910637110471726,0.7027945041656494,0.711839708685875,0.7212462067604065,0.7316815763711929,0.7420176148414612,0.7501905381679534,0.757895427942276,0.7659192502498626,0.7745548516511918,0.7806402981281281,0.7880047917366028,0.7954412192106247,0.8021672755479813,0.8104100108146668,0.8198535710573196,0.8241540908813476,0.8322735846042633,0.8372220754623413,0.8444889396429062,0.8511871010065079,0.8580336689949035,0.8629736721515655,0.8713284790515899,0.876362270116806,0.8812943905591964,0.8870896577835083,0.8926191359758378,0.8967755556106567,0.9032556861639023,0.9075952172279358,0.9136760294437408,0.9181163966655731,0.9242644071578979,0.9283164113759994,0.9300252765417099,0.9387384504079819,0.941658365726471,0.9458559423685073,0.9507527947425842,0.9562851369380951,0.9592676937580109,0.9637432545423508,0.9699800908565521,0.973101356625557,0.9770219981670379,0.9814374774694443,0.9862445831298828,0.9905144304037095,0.9947316378355027,0.9981889098882675,1.0024123400449754,1.0052147507667542,1.0098769634962081,1.0125789999961854,1.01813001036644,1.0216777682304383,1.0269821047782899,1.029624456167221,1.0344523251056672,1.0379955410957336,1.0418686985969543,1.04568150639534,1.050294440984726,1.0544636785984038,1.0571587979793549,1.062802654504776,1.0656256020069121,1.0704866528511048,1.0740772366523743,1.0787895500659943,1.083305835723877,1.087039065361023,1.0920701205730439,1.0962104082107544,1.1003288924694061,1.1053358495235444,1.1097089111804963,1.114771658182144,1.1202986419200898,1.1245075345039368,1.1290278136730194,1.1344286978244782,1.1405944347381591,1.1448905050754548,1.1504374265670776,1.1549309313297271,1.162068098783493,1.1672496914863586,1.1727879405021668,1.1810928523540496,1.186838936805725,1.1932080268859864,1.2003394305706023,1.2069754660129548,1.2139122784137726,1.2208747565746307,1.2308921992778779,1.2401951789855956,1.2482389152050017,1.260816478729248,1.2731776356697082,1.287101972103119,1.3009901642799377,1.3197772920131683,1.3510569632053375
t_145,0.5872511744499207,0.5857893347740173,0.590833893418312,0.5877563744783402,0.5868368178606034,0.5878885596990585,0.5804222792387008,0.5767380774021149,0.5686550825834275,0.5686677306890487,0.5639262855052948,0.5562084823846817,0.5589588552713394,0.555114021897316,0.5576358735561371,0.5466737002134323,0.5413437455892562,0.5341840714216233,0.5289080768823624,0.5232359558343888,0.5158737033605576,0.5127773970365525,0.5065379917621613,0.4970025435090065,0.49169098734855654,0.4867584705352783,0.47888035923242567,0.4658650174736977,0.45886612981557845,0.4509151041507721,0.43910481631755827,0.43166877925395963,0.4206204116344452,0.40650514513254166,0.3924956306815147,0.37571177929639815,0.3701961562037468,0.34939460158348085,0.33607116192579267,0.32081151753664017,0.30459399819374083,0.28494196087121965,0.26334470361471174,0.2572050869464874,0.22879083454608917,0.21214717626571655,0.1893492415547371,0.16890760585665704,0.146830253303051,0.12511772699654103,0.10606632344424724,0.08185153752565384,0.06092444211244583,0.043956439942121506,0.0,0.04627498965710401,0.06199996005743742,0.08219408877193927,0.10155197232961655,0.1235754881054163,0.15037255138158798,0.17013519406318664,0.19045793563127517,0.21477616876363753,0.2393253117799759,0.25621694698929787,0.2744837537407875,0.29809178709983825,0.31186593770980836,0.32846407145261763,0.3467785567045212,0.36977577656507493,0.3835348829627037,0.39802833199501036,0.41452072709798815,0.43410712778568267,0.4478128969669342,0.4623507484793663,0.4810364618897438,0.49593874514102937,0.5078108936548233,0.5231750279664993,0.537890100479126,0.5505278915166855,0.5628104597330094,0.5732405185699463,0.5891864508390426,0.6005532443523407,0.612327441573143,0.6256107926368714,0.6347982615232468,0.6444325596094131,0.6555781930685043,0.6652927249670029,0.6755207657814026,0.6875172048807144,0.6968342632055282,0.7064020961523056,0.7170546650886536,0.7276296883821487,0.7359234184026718,0.7438288450241088,0.7520881325006485,0.7608463615179062,0.7671101957559585,0.7746776521205903,0.7821851581335068,0.7890855342149734,0.797474330663681,0.8071130633354187,0.8115512996912002,0.819815319776535,0.8248453587293625,0.8323140352964401,0.8391390413045883,0.8461039662361145,0.8511251270771026,0.8596277177333832,0.8647213965654373,0.8697580963373184,0.8756864666938782,0.8813287496566773,0.8855423957109452,0.892175018787384,0.8965991109609603,0.9027832418680191,0.9073046952486038,0.9135608673095703,0.9176477670669556,0.9193977415561676,0.9282704383134842,0.9312459826469421,0.9354957073926926,0.9405055195093155,0.9461141467094422,0.9491432964801788,0.9536785274744034,0.9599524438381195,0.9631015956401825,0.9670884609222412,0.971569812297821,0.9764229148626328,0.9807681977748871,0.9850164413452148,0.9885510593652725,0.9928539603948593,0.9956537097692489,1.0003758192062377,1.0030871748924255,1.0087160140275955,1.0123275369405746,1.0176720857620238,1.0203497409820557,1.025235617160797,1.0288185060024262,1.0327114462852478,1.0365478157997132,1.0412449300289155,1.0454211771488189,1.0481586158275604,1.0538634598255157,1.0567023634910584,1.061603319644928,1.065257728099823,1.0699992895126342,1.0745374262332916,1.0782879710197448,1.0833960056304932,1.087551975250244,1.0917098224163055,1.096713137626648,1.101145601272583,1.106228494644165,1.1118220746517182,1.116077321767807,1.1205967545509339,1.1260465204715728,1.1322427451610566,1.1365919828414917,1.1421554267406464,1.146693331003189,1.153894740343094,1.1591343462467194,1.1646479308605193,1.1730278193950654,1.1788326621055603,1.1852222800254821,1.192402583360672,1.1990906059741975,1.2060727536678315,1.2130660653114318,1.2231577694416047,1.232526308298111,1.2406160831451416,1.2532832741737365,1.265706044435501,1.2797280967235565,1.2937154352664948,1.3126300513744353,1.3441172659397125
t_144,0.6086542338132859,0.6072629928588867,0.6123816877603531,0.6093619525432586,0.6084520071744919,0.6095373183488846,0.6021681815385819,0.5986087590456008,0.5905526340007782,0.5906860888004303,0.5859986245632172,0.5783601880073548,0.5811708450317383,0.5774702966213227,0.5800345301628113,0.5691884100437165,0.5640160709619522,0.5569848507642746,0.5517439514398574,0.546284556388855,0.5390419065952301,0.5360183566808701,0.5299141526222229,0.5205876588821411,0.5153913825750351,0.5105723023414612,0.5028582245111466,0.490068256855011,0.4831896275281906,0.4754329726099968,0.463877971470356,0.4565625101327896,0.44565926641225817,0.4317316934466362,0.4180210933089256,0.4013677045702934,0.39600890725851057,0.37550989389419553,0.36229014992713926,0.34727654457092283,0.33117153197526933,0.31169540137052537,0.29030451029539106,0.28431181609630585,0.25613936483860017,0.2393922746181488,0.21684173718094826,0.19638455361127855,0.17416225746273994,0.15213759988546371,0.13294933885335922,0.10878832787275314,0.08451097533106804,0.06480490900576115,0.04627498965710401,0.0,0.0410420261323452,0.05801963619887829,0.07626098580658436,0.09712701626121997,0.12345681861042976,0.14293432459235192,0.16334233582019805,0.18756167441606522,0.2122856058180332,0.2295263849198818,0.24800717756152152,0.2716080904006958,0.285737045109272,0.30253137052059176,0.3213107049465179,0.34446826577186584,0.3584757879376411,0.37323268204927446,0.39002534598112104,0.4100119575858116,0.4241421312093735,0.4388113856315613,0.4576948627829552,0.47306028008461,0.48527264297008516,0.5008672043681145,0.5159444987773896,0.5288184821605683,0.5413204610347748,0.5521250098943711,0.5684782296419144,0.5801256179809571,0.5921541005373001,0.6057339370250702,0.6151967972517014,0.6250025928020477,0.6365376591682435,0.6463828653097152,0.6567750900983811,0.6690735697746277,0.6787562876939773,0.6885097801685334,0.6993256866931915,0.7102103918790817,0.7186460226774216,0.7267722517251969,0.7353099822998047,0.744197791814804,0.7506815880537033,0.758531591296196,0.7661123871803284,0.7731856554746628,0.7817299783229827,0.7915806025266647,0.7961852669715881,0.8045959115028382,0.8097359299659729,0.8174318641424179,0.824439850449562,0.8315513014793396,0.8366314738988876,0.8453452318906785,0.8504717350006104,0.8556727439165115,0.8617674082517623,0.8674849748611451,0.871786144375801,0.878583624958992,0.8831772148609162,0.8894090980291367,0.8940267652273178,0.9004210770130158,0.90456263422966,0.9063600778579712,0.915417143702507,0.918442451953888,0.9227524071931839,0.927895012497902,0.9336053907871247,0.936693686246872,0.9413374364376068,0.9476368606090546,0.9508406966924667,0.9548931658267975,0.9594678014516831,0.9644027590751648,0.9688107520341873,0.9731060713529587,0.9767294049263,0.9811231851577759,0.9839297026395798,0.9887397110462188,0.9914673030376434,0.9971908628940582,1.000870767235756,1.006281179189682,1.009002760052681,1.0139620631933213,1.0176088333129882,1.021525490283966,1.0254061341285705,1.0301827132701873,1.0343834102153777,1.0371854245662688,1.0429654121398926,1.0458260297775268,1.050789374113083,1.0545261263847352,1.0592994213104248,1.063867735862732,1.06765815615654,1.0728611648082733,1.0770450949668884,1.0812672972679138,1.086264443397522,1.090778684616089,1.095880502462387,1.101566845178604,1.1058907985687256,1.1104191601276399,1.115941470861435,1.122190809249878,1.1266021430492401,1.1322140991687775,1.1367999851703643,1.1441042363643645,1.149420017004013,1.1549080312252045,1.1634148418903352,1.1692771673202516,1.1757109105587005,1.1829696118831634,1.18973308801651,1.19678076505661,1.203810715675354,1.2140243589878081,1.2234823763370515,1.2316270351409913,1.2444573163986206,1.2569662630558014,1.2711377620697022,1.2852554798126221,1.3043560147285462,1.3361188054084778
t_143,0.6245865494012832,0.6232515215873718,0.6283359438180923,0.6253867894411087,0.6244863569736481,0.6255747199058532,0.6183280646800995,0.6148515969514847,0.6068939864635468,0.6070551067590714,0.6024411112070084,0.5949286699295044,0.5977249383926392,0.5941072195768357,0.5966827005147934,0.5859792947769165,0.5809017926454544,0.5739839166402817,0.5688262075185776,0.5634662926197052,0.5563608884811402,0.5533783346414566,0.5473827064037323,0.5382077693939209,0.5330931931734085,0.5283536881208419,0.5207470089197159,0.508139556646347,0.5013693630695343,0.49371620267629623,0.48228248953819275,0.4751018539071083,0.4643224745988846,0.4505618318915367,0.437014664709568,0.42055333107709886,0.41524223387241366,0.394929738342762,0.38187446594238283,0.3670398652553558,0.3510646015405655,0.33169621527194976,0.31047139316797256,0.30455527156591417,0.27655639946460725,0.25993183702230455,0.23752579391002654,0.2171241246163845,0.19469900354743003,0.17298491969704627,0.1536687657237053,0.129019533097744,0.10405493229627609,0.08351813443005085,0.06199996005743742,0.0410420261323452,0.0,0.04397018402814865,0.05793232582509518,0.07779773250222206,0.10314154401421546,0.12252372801303864,0.14253780841827393,0.1669738359749317,0.1915779635310173,0.2090374320745468,0.2275887906551361,0.2513700760900974,0.26553289145231246,0.2825424835085869,0.301424540579319,0.3248466938734055,0.3390272676944733,0.3539461582899094,0.3709752857685089,0.39121497720479964,0.4055196732282639,0.4204080641269684,0.43958592414855957,0.4551238283514977,0.467564557492733,0.4833913192152977,0.49876895546913147,0.5118425220251084,0.524560397863388,0.5355827748775482,0.5521827727556229,0.5640589118003845,0.5762906908988953,0.5901319742202759,0.5997752785682678,0.6097594022750854,0.6214960187673568,0.631539249420166,0.6421582043170929,0.6546065360307693,0.66448575258255,0.6744131207466125,0.6854108482599258,0.6965077847242356,0.7050823956727982,0.7133828431367875,0.7220291584730149,0.7311153829097747,0.7376929610967636,0.7457034677267075,0.7533980160951614,0.7605910778045655,0.7692851513624192,0.7792838275432586,0.7839682936668396,0.7925465673208236,0.7978001326322556,0.8055941134691238,0.8127150148153305,0.819951343536377,0.8251220166683197,0.8339580327272416,0.8391857743263245,0.8444689363241196,0.8506480574607849,0.8564572751522064,0.8608291298151016,0.8677442044019699,0.8724377870559692,0.8787378340959549,0.8834242343902587,0.8899037182331085,0.8941115617752076,0.8959511071443558,0.9051243096590043,0.9081971615552902,0.912566140294075,0.9178115129470825,0.9235839188098908,0.9267589658498764,0.9314639419317245,0.9378233402967453,0.9410924434661865,0.9452093809843063,0.9498330354690552,0.9548431545495987,0.9592890262603759,0.9636473238468171,0.9673451513051987,0.9717850148677826,0.974644473195076,0.9795300781726837,0.9823136985301971,0.988093963265419,0.9918123304843902,0.9972883343696595,1.0000818192958831,1.0050779938697816,1.008790123462677,1.0127521097660064,1.0167034149169922,1.0215160340070724,1.02576624751091,1.0286245942115784,1.0344709873199462,1.037369054555893,1.0423840284347534,1.0461893796920776,1.0510062098503112,1.0556287050247193,1.0594663321971893,1.0647626161575316,1.0689817130565644,1.073270720243454,1.078298944234848,1.082888090610504,1.0880423605442047,1.0937993824481964,1.0982009768486023,1.1027753949165344,1.1083676159381866,1.114664041996002,1.1191499054431915,1.1248306393623353,1.1294771373271941,1.136858230829239,1.1422369480133057,1.1477938652038575,1.156396609544754,1.1623116612434388,1.1688166618347169,1.1761669278144837,1.1830252826213836,1.1901476502418518,1.1972614765167235,1.2075825452804565,1.2171428501605988,1.2253838658332825,1.2383664846420288,1.2510106027126313,1.265344077348709,1.279608005285263,1.2989286184310913,1.3310064435005189
t_142,0.6410509318113327,0.639763942360878,0.6448638707399368,0.6419552892446518,0.6410725057125092,0.6421871900558471,0.6350249737501145,0.6316310375928879,0.623714366555214,0.6239371687173844,0.6193929702043534,0.6119470536708832,0.6147789537906647,0.6112543940544128,0.6138398766517639,0.6032296597957612,0.5982842206954956,0.591458398103714,0.5863574743270874,0.5811428666114807,0.574136272072792,0.5712097853422164,0.5652983695268631,0.556272953748703,0.5512464642524719,0.5466033726930618,0.539119976758957,0.5266965150833129,0.5200150072574615,0.5125293254852294,0.5012745827436447,0.49414619207382204,0.48350691646337507,0.4699003010988235,0.4565186634659767,0.44025199562311174,0.43503205180168153,0.415025469660759,0.40202650129795076,0.3873767763376236,0.3714767754077911,0.3523540452122688,0.33127353340387344,0.32543557733297346,0.29769658148288725,0.2811311945319176,0.2589132159948349,0.23850112557411193,0.21622705534100534,0.19448561370372772,0.174832072108984,0.1504535473883152,0.12490091174840927,0.10426963679492474,0.08219408877193927,0.05801963619887829,0.04397018402814865,0.0,0.04451871085911989,0.0595414137467742,0.08343450687825679,0.10134990997612477,0.12161644250154495,0.14562300890684127,0.17058329731225969,0.18777662813663482,0.20637145414948463,0.23048414513468743,0.24471733048558236,0.2618745982646942,0.28111927658319474,0.30467983782291413,0.3191059082746506,0.33422723710536956,0.35151353627443316,0.3720398873090744,0.3866535320878029,0.4016912877559662,0.4210681065917015,0.43696929663419726,0.44962970465421676,0.4657020181417465,0.48134994208812715,0.4946644127368927,0.5075476869940758,0.5188573092222214,0.5357473701238632,0.5478965282440186,0.5602872997522355,0.5744150966405869,0.5842247605323792,0.5943884253501892,0.6063988775014877,0.6165334075689316,0.6273085653781891,0.6399966567754746,0.650178387761116,0.6602541267871856,0.6713725209236145,0.6827199220657348,0.6914092868566513,0.6998630374670028,0.7087370365858078,0.7179192870855331,0.7246634840965271,0.732879501581192,0.7406320750713349,0.7479862630367279,0.7567947983741761,0.7669652998447418,0.7717524468898773,0.780452448129654,0.7857834190130234,0.793761694431305,0.8010170549154282,0.8083583861589432,0.8135928601026535,0.8225997120141983,0.8278554230928421,0.8332693219184876,0.8395720481872558,0.8454394936561584,0.8498782098293305,0.856923708319664,0.8617292016744613,0.8680934041738511,0.8728553950786591,0.8794356048107147,0.8836913049221039,0.8855591148138047,0.8948952227830886,0.8980023235082626,0.9024251222610473,0.9077753156423569,0.9136283248662949,0.9168427258729934,0.9216313630342483,0.9280366212129593,0.931347444653511,0.9355077058076858,0.9402054607868194,0.9452857404947281,0.9497808068990707,0.9541867852210999,0.9579478651285172,0.9624618768692017,0.9653352469205856,0.9702761501073838,0.973072299361229,0.9789451867341995,0.9827223539352417,0.9882576435804367,0.991087007522583,0.9961434543132782,0.9998968005180359,1.0038859754800797,1.0078712433576584,1.012758520245552,1.017028158903122,1.0199406027793885,1.0258409440517426,1.0287590444087982,1.0338340163230897,1.0376998364925385,1.0425591111183166,1.0472090363502502,1.0510789275169372,1.056441855430603,1.060696053504944,1.0650292813777924,1.0700714528560638,1.0747170269489288,1.0798998177051544,1.0857281863689423,1.0901875913143158,1.094771385192871,1.1004261910915374,1.1067760705947876,1.1113053619861604,1.117022830247879,1.1217032670974731,1.1291772603988648,1.1346168398857117,1.1401615679264068,1.148861163854599,1.1548314213752746,1.1613750219345094,1.1687910556793213,1.1757102489471436,1.182888126373291,1.1900308072566985,1.2004522442817689,1.2100899279117585,1.2183857262134552,1.2314933300018311,1.2442054808139802,1.258665108680725,1.2730389475822448,1.2925085723400116,1.3248281061649323
t_141,0.6563399404287338,0.6550752252340317,0.6601445227861404,0.6573068261146545,0.6564149498939514,0.6575013101100922,0.6504738003015518,0.6471533060073853,0.6393554657697678,0.6396085113286972,0.6351179361343384,0.627810338139534,0.6305991232395172,0.6271362960338592,0.6297095090150833,0.6192723691463471,0.6143844246864318,0.6076727390289307,0.6026470750570297,0.5975294530391693,0.5906346917152405,0.587756159901619,0.581943365931511,0.5730742841959,0.5681151658296585,0.5635302156209946,0.5561670958995819,0.5439224511384964,0.5373371869325638,0.5299342811107636,0.5188228130340576,0.5118261367082596,0.5012786567211152,0.4878844663500786,0.4746792033314705,0.4586200684309006,0.4533981457352638,0.43359812498092654,0.4208159253001213,0.40633605122566224,0.3906110480427742,0.3715933322906494,0.3507624760270119,0.3449241355061531,0.3174611523747444,0.30105800479650496,0.27899244576692583,0.2587340399622917,0.23651621490716934,0.2151215523481369,0.19551628977060317,0.17081623300909995,0.14552957639098169,0.1245594646781683,0.10155197232961655,0.07626098580658436,0.05793232582509518,0.04451871085911989,0.0,0.04494514185935259,0.06427250765264034,0.08171975985169411,0.10115269050002099,0.12497873902320862,0.14948376566171645,0.16687607616186143,0.18552982434630394,0.20968423634767533,0.22383806779980658,0.241238059848547,0.2603250965476036,0.2842528373003006,0.2987945169210434,0.31398301273584367,0.33151563704013826,0.35224314630031583,0.36695114374160764,0.3822557255625725,0.4019841536879539,0.4180217280983925,0.4308626756072044,0.4471602275967598,0.4630973324179649,0.4766057953238487,0.4897015020251274,0.5011734023690224,0.5183297693729401,0.530660405755043,0.5432870268821717,0.5576502561569214,0.5676496088504791,0.5779968827962876,0.5901956528425216,0.600550040602684,0.6115543961524963,0.6243520885705948,0.6347135066986084,0.6449754178524018,0.6562789440155029,0.6678171873092651,0.6766613632440567,0.6852930009365081,0.6942712604999542,0.7036549568176269,0.7104838937520981,0.7188633114099503,0.7267518699169159,0.7342338174581527,0.7431670606136322,0.7534905761480332,0.7583654463291168,0.7672334998846054,0.7726949661970138,0.7807518869638443,0.7881152004003524,0.7956023812294006,0.8009403944015503,0.8100590407848358,0.8154133230447769,0.82093665599823,0.8273140460252761,0.8332578867673874,0.8377951443195343,0.8449508607387543,0.8498616099357605,0.8562863528728485,0.8611151099205017,0.8677742213010788,0.8721076607704162,0.8740346968173981,0.8834642559289932,0.8866221487522126,0.8911117374897003,0.8965652585029602,0.9024818807840347,0.9057935982942581,0.9106532216072083,0.9171083480119705,0.9204903066158294,0.9247270405292511,0.9294779092073441,0.9346327930688858,0.9391687899827957,0.9436392843723297,0.947475379705429,0.9520336598157882,0.9549744188785553,0.9599904924631119,0.9628549754619599,0.9687743723392487,0.9725926220417023,0.9781972438097,0.9811005979776383,0.9861898750066758,0.9900125205516815,0.9940562635660172,0.9981208473443985,1.0030303716659545,1.007359689474106,1.0103406757116318,1.0163037538528443,1.0192675560712814,1.0243859946727754,1.0283303022384644,1.0332347452640533,1.0379366040229798,1.0418641448020936,1.0473303258419038,1.0516197979450226,1.0560291886329651,1.06110480427742,1.0658279836177826,1.0710614979267121,1.0769616723060609,1.0815066635608672,1.086147713661194,1.0918758988380433,1.0982747614383697,1.1028714597225189,1.1086831927299499,1.1134175717830659,1.1209641695022583,1.1264730453491212,1.132102757692337,1.1409056901931762,1.1469192683696747,1.1535420775413514,1.161059021949768,1.1680764615535737,1.175335454940796,1.182579755783081,1.1931119024753571,1.2028539896011352,1.211244374513626,1.2245286107063293,1.2373912155628204,1.2520182013511658,1.2665499687194823,1.2862632870674133,1.3189169585704803
t_140,0.6730144381523132,0.6718742340803147,0.677015870809555,0.6742157250642776,0.6733346551656723,0.6744944304227829,0.6674822449684144,0.6642534732818604,0.6564877450466156,0.6568145275115966,0.6523652464151383,0.6450800091028214,0.6479394853115081,0.6446572422981263,0.6472397923469544,0.6369122922420501,0.6321246445178985,0.6255339324474335,0.6205014258623123,0.6155642241239547,0.6087605625391006,0.6059489578008652,0.6002167016267776,0.5914757043123245,0.5866641283035279,0.5822046041488648,0.5748904526233674,0.5628171414136887,0.5563453704118728,0.5491132438182831,0.5382597178220749,0.5313114017248154,0.5210078239440918,0.5077218472957611,0.49472335278987883,0.4788095846772194,0.4737954407930374,0.4542094811797142,0.4415543481707573,0.42718045264482496,0.41163482666015627,0.3929193034768105,0.3722995638847351,0.36654253005981446,0.3392520725727081,0.3230436146259308,0.3011146649718285,0.28103379160165787,0.25908896178007124,0.23757320269942284,0.2181234136223793,0.19345783889293672,0.16825333163142203,0.14712630286812783,0.1235754881054163,0.09712701626121997,0.07779773250222206,0.0595414137467742,0.04494514185935259,0.0,0.04757120553404093,0.06310462169349193,0.08092934228479862,0.10373869389295579,0.1278095066547394,0.14530151560902596,0.1637809954583645,0.18795232176780702,0.20233823135495185,0.21981636807322502,0.23953086584806443,0.2630983844399452,0.2781404986977577,0.2934566840529442,0.3112830653786659,0.33240199387073516,0.34738352447748183,0.3628449022769928,0.3827053442597389,0.3991495221853256,0.41220065057277677,0.428723081946373,0.44493395984172823,0.45870031267404554,0.47203425467014315,0.48382107466459273,0.5013025760650635,0.5140044957399368,0.5267422750592232,0.5414366066455841,0.551615422964096,0.5621792674064636,0.5746832102537155,0.5851447701454162,0.5963148981332779,0.6093766033649445,0.6200551450252533,0.6304741024971008,0.6419652253389359,0.6537481665611267,0.6626982808113098,0.6715396881103516,0.6807823807001114,0.690264493227005,0.6972826302051545,0.7058806896209717,0.7138183325529098,0.7214797854423523,0.730544176697731,0.7410543829202652,0.7460895925760269,0.755082631111145,0.7606293737888337,0.768897932767868,0.7763802468776703,0.7839818477630616,0.7893936425447464,0.7986572742462158,0.804051673412323,0.8096922993659973,0.8162036836147308,0.8222521275281907,0.8268444746732712,0.8341621875762939,0.8391604244709014,0.8456775933504105,0.8505907714366913,0.8573509752750397,0.8617084145545959,0.863689973950386,0.8732710212469101,0.8764775454998016,0.8810221016407013,0.8865932911634445,0.8925865322351456,0.895947253704071,0.900870755314827,0.9073363363742828,0.9107459783554077,0.9150543063879013,0.9198644280433654,0.9250665694475174,0.9296803385019302,0.9341768443584442,0.9380970388650894,0.9427340894937515,0.9456712961196899,0.9507419496774674,0.9536194860935211,0.9596140176057816,0.963499128818512,0.9691342204809189,0.972081845998764,0.9772209495306015,0.9810853481292725,0.9851489782333374,0.9892367392778396,0.9942261129617691,0.9985571295022965,1.0015908181667328,1.0076077044010163,1.0105909317731858,1.0157442778348922,1.0197600901126862,1.0246906936168672,1.0294075727462768,1.0333519876003265,1.0389065325260163,1.0432015538215638,1.0476551115512849,1.052717423439026,1.0575049281120301,1.0627486884593964,1.0687241554260254,1.0733199417591095,1.077952790260315,1.0837353885173797,1.0901568114757538,1.0948083817958831,1.1006389379501342,1.105416077375412,1.113025951385498,1.118598884344101,1.1241973757743835,1.1330773472785949,1.1391456961631774,1.1457846581935882,1.153351503610611,1.16042121052742,1.1677201986312866,1.174997228384018,1.1856045961380004,1.195411217212677,1.2038395345211028,1.2172176003456117,1.2301337003707886,1.2448557436466217,1.2594837248325348,1.2793197154998779,1.312165242433548
t_139,0.6928104132413864,0.6917696505784988,0.6969107985496521,0.6941734611988067,0.6933236181735992,0.6945268213748932,0.6875977903604508,0.6844823211431503,0.6767831295728683,0.6771704077720642,0.6728061467409134,0.665605315566063,0.6684914410114289,0.6653576165437698,0.6679688453674316,0.657769176363945,0.6531209290027619,0.6466687440872192,0.6416931718587875,0.6369098901748658,0.6302509784698487,0.6275044113397599,0.6218937277793884,0.6133286684751511,0.6086603254079819,0.6043084472417831,0.5971101284027099,0.5852505415678024,0.5789075344800949,0.5718458205461502,0.5612261295318604,0.5543873637914658,0.5443076103925705,0.5311803340911865,0.5184393048286438,0.5027283146977425,0.4978829830884933,0.47856884747743605,0.4660600766539574,0.4519045576453209,0.43653432577848433,0.4180827498435974,0.39770774394273756,0.3921101361513138,0.3651044353842735,0.34903567284345627,0.32732112109661105,0.30743869990110395,0.2856930837035179,0.26433664858341216,0.24505704045295715,0.22055878937244416,0.19518223851919175,0.17419406101107598,0.15037255138158798,0.12345681861042976,0.10314154401421546,0.08343450687825679,0.06427250765264034,0.04757120553404093,0.0,0.043844768404960634,0.05807608179748058,0.07853842377662659,0.10154051557183266,0.11902604252099991,0.13753363788127898,0.1616477496922016,0.17606002911925317,0.19381082132458688,0.213855741918087,0.23726978451013564,0.2526143677532673,0.26817753091454505,0.2863521441817284,0.30786854326725005,0.3231883779168129,0.3388299226760864,0.3588425189256668,0.3757101833820343,0.3891096830368042,0.40586223900318147,0.42247953414916994,0.43649758100509645,0.4500861927866936,0.4622693955898285,0.4800980255007744,0.4931648001074791,0.5061188533902168,0.5211737245321274,0.5316189378499985,0.5423937231302262,0.5552852183580399,0.565875244140625,0.577272754907608,0.5906165331602097,0.6016516715288163,0.6122689098119736,0.6239535331726074,0.6360390037298203,0.6451340615749359,0.654216679930687,0.6637226223945618,0.673351839184761,0.6805889755487442,0.6894548922777176,0.6974842756986618,0.7053194016218185,0.7145480811595917,0.7252710700035095,0.7304651588201523,0.7396271497011184,0.745294126868248,0.7537722706794738,0.7614227622747421,0.769165250658989,0.774664717912674,0.7841042399406433,0.7895658373832702,0.7953541547060012,0.8020276576280594,0.8081638783216476,0.8128342092037201,0.8203212141990661,0.8254677355289459,0.8320565760135651,0.8370690733194351,0.84395572245121,0.8483709424734116,0.8504116803407669,0.8601641982793808,0.8634268045425415,0.8680418401956558,0.873754358291626,0.8798280388116837,0.8832691878080368,0.8882815361022949,0.8947776854038239,0.8982582569122315,0.902632188796997,0.9075253486633301,0.912806698679924,0.9174825459718704,0.9220362037420273,0.926052275300026,0.9307713568210602,0.9337364256381988,0.9389001369476319,0.9418026328086853,0.9478855311870575,0.9518362939357757,0.9575333952903747,0.9605514079332351,0.965749591588974,0.9696864426136017,0.973776352405548,0.9779249131679535,0.9829935491085052,0.9873509794473648,0.9904566675424575,0.9965469062328338,0.9995592415332795,1.0047771483659744,1.0088801860809327,1.0138460397720337,1.0186027705669403,1.0225911885499954,1.0282508194446565,1.0325780153274535,1.037099575996399,1.042165505886078,1.0470387279987334,1.0523151397705077,1.0583802223205567,1.0630544781684876,1.0677031338214875,1.0735620319843293,1.0800272285938264,1.0847553551197051,1.0906397104263306,1.0954769730567933,1.103185874223709,1.1088366746902465,1.1144357740879058,1.1234288573265077,1.1295629441738129,1.1362509787082673,1.1439028263092041,1.1510622382164002,1.1584318101406097,1.165763759613037,1.1764842391014099,1.1863913595676423,1.1948923110961913,1.2084323465824127,1.2214482069015502,1.2363300800323487,1.2510999858379364,1.2711426854133605,1.3043038547039032
t_138,0.7067611247301102,0.7057054102420807,0.7108039379119873,0.7081104785203933,0.7072724580764771,0.7084418028593064,0.7016678571701049,0.6986269533634186,0.6909925162792205,0.6914207071065903,0.6871571809053421,0.6800528198480607,0.682934582233429,0.6798303842544555,0.6824137896299363,0.6723387628793717,0.6678156167268753,0.6614381521940231,0.6565670162439347,0.6518893659114837,0.6453240662813187,0.6426180452108383,0.6371006935834884,0.6287026137113572,0.6240642368793488,0.6197649478912354,0.6127542585134507,0.6010826528072357,0.5948041439056396,0.5878753334283828,0.5773559063673019,0.570637658238411,0.5605950683355332,0.5476691722869873,0.5351086139678956,0.5196007639169693,0.5147431880235672,0.4957728907465935,0.4833244398236275,0.46944739371538163,0.45412204712629317,0.43585350960493086,0.41564854681491853,0.4101333349943161,0.38346144556999207,0.3674400523304939,0.34604620188474655,0.32617682963609695,0.30444542318582535,0.2833429992198944,0.26382848918437957,0.2397482454776764,0.2141174331307411,0.19356790632009507,0.17013519406318664,0.14293432459235192,0.12252372801303864,0.10134990997612477,0.08171975985169411,0.06310462169349193,0.043844768404960634,0.0,0.04434165824204683,0.060372328758239745,0.08367045894265175,0.0991199966520071,0.11749094016849995,0.1418749436736107,0.15618058443069457,0.17395018860697747,0.19388194009661674,0.21793455258011818,0.23312271758913994,0.2489166460931301,0.2672571174800396,0.28881353586912156,0.30451207756996157,0.320197531580925,0.3404798865318298,0.3576845735311508,0.37126834839582445,0.38834379315376283,0.4051613017916679,0.41946115642786025,0.4331288903951645,0.4455564633011818,0.4636878341436386,0.4768960908055305,0.49009542018175123,0.5053671211004257,0.5159786075353623,0.5268768459558487,0.540019828081131,0.5507134377956391,0.5622444212436676,0.5758404225111008,0.5871299147605896,0.5978933483362198,0.609672212600708,0.6220108032226562,0.6312371909618377,0.640396574139595,0.6500722885131835,0.659832838177681,0.6671964943408966,0.676244130730629,0.6843516677618027,0.6923188120126724,0.7016626387834549,0.7125618487596512,0.7177823603153228,0.7270691424608231,0.7327987462282181,0.7414288282394409,0.7492543488740921,0.7570850014686584,0.7626257300376892,0.7722793489694595,0.777767613530159,0.783673369884491,0.7904660820960998,0.7966274648904801,0.8013699114322662,0.8089478820562362,0.8142148107290268,0.8208543628454208,0.8259254097938538,0.8329155147075653,0.8374125033617019,0.8394315987825394,0.8493681281805039,0.8526539742946625,0.8573091149330139,0.863113185763359,0.8692716181278228,0.8727280676364899,0.8778333067893982,0.8844525665044785,0.8879832059144974,0.892365676164627,0.8973453164100647,0.90273597240448,0.9074182689189911,0.9120473474264145,0.9160995185375214,0.9208756238222122,0.9238875687122345,0.9291038602590561,0.932017371058464,0.9382040351629257,0.9422025680541992,0.9480105996131897,0.9510398298501969,0.9563164472579956,0.9603005677461625,0.9644296854734421,0.9686175405979156,0.9737619936466217,0.9781592816114426,0.9813091069459915,0.9874656140804291,0.990489536523819,0.9958005666732788,0.9999381959438324,1.0049787431955337,1.009780377149582,1.013820320367813,1.0195192277431488,1.0239309400320054,1.028489989042282,1.0336082220077514,1.0385268747806549,1.043865942955017,1.0500010669231414,1.0547323763370513,1.0594282448291779,1.0653531014919282,1.0719137847423554,1.0766709625720978,1.0826245427131653,1.087483787536621,1.0953196585178375,1.1010239660739898,1.1066547751426696,1.1157679200172423,1.1219635128974914,1.1287254214286804,1.1364654123783111,1.1436997830867768,1.1511465430259704,1.158519184589386,1.1693685710430146,1.1793790578842163,1.187964779138565,1.2016722738742829,1.214791864156723,1.2298386454582215,1.2447454154491424,1.2649766385555268,1.298443192243576
t_137,0.7216405034065246,0.7206490606069564,0.7257122606039047,0.7230844408273697,0.7222476005554199,0.7234238177537918,0.7167369097471237,0.7137535601854325,0.7062331765890122,0.7066683262586594,0.7024419069290161,0.6954569458961487,0.6982976198196411,0.6952839940786362,0.6978770732879639,0.6879476040601731,0.683468222618103,0.6772021323442459,0.6723780661821366,0.6677857995033264,0.6613281726837158,0.6586675196886063,0.6532290905714035,0.644953042268753,0.6404163092374802,0.6361755490303039,0.6292241185903549,0.6177105128765106,0.6115252137184143,0.604675555229187,0.5943104088306427,0.5876825720071792,0.5778036862611771,0.5650258392095566,0.5526248991489411,0.5372975170612335,0.5325079709291458,0.5136700421571732,0.5014523208141327,0.48766016215085983,0.4725572973489761,0.45443727672100065,0.4344495624303818,0.4289831638336182,0.40255523175001146,0.3867011621594429,0.36543902307748793,0.3458119139075279,0.3242567107081413,0.3033670261502266,0.28423276245594026,0.2599531948566437,0.23464922085404397,0.2138602189719677,0.19045793563127517,0.16334233582019805,0.14253780841827393,0.12161644250154495,0.10115269050002099,0.08092934228479862,0.05807608179748058,0.04434165824204683,0.0,0.04738119151443243,0.06510446947067976,0.08105561956763267,0.0987283669412136,0.12201197408139705,0.13617640510201454,0.15393566489219665,0.1738148510456085,0.19777337610721588,0.2131088800728321,0.22889559492468833,0.24741387292742728,0.2693451717495918,0.28508625775575636,0.30104707181453705,0.32160446643829343,0.33895144164562224,0.35276750922203065,0.36991025507450104,0.3871114641427994,0.4014881312847137,0.4154715210199356,0.42806961834430696,0.4464373752474785,0.4598895624279976,0.47328180372714995,0.48881986886262896,0.49963175058364867,0.5107436284422875,0.5240961909294128,0.5349822908639907,0.546792209148407,0.5604467689990997,0.5719241797924042,0.5828659921884537,0.594847810268402,0.6073720544576645,0.616738823056221,0.6261272966861725,0.6359057068824768,0.6458725512027741,0.6533380299806595,0.6625593811273575,0.6707882732152939,0.6788795053958893,0.6883337318897247,0.6993760347366333,0.7047309786081314,0.7141824662685394,0.7200677424669266,0.728761813044548,0.7366731435060501,0.7446585297584534,0.7503104865550995,0.7600232571363449,0.7656275898218154,0.771641606092453,0.778503131866455,0.7847533226013184,0.7895880430936814,0.7973022818565368,0.8026652276515961,0.809362730383873,0.814505010843277,0.8215612411499024,0.8261128485202789,0.8282253116369247,0.8382188856601716,0.8415672987699508,0.8462878555059433,0.8522156566381455,0.8584174364805222,0.8620073676109314,0.8671619027853013,0.8737693220376969,0.8773753136396408,0.8818584144115448,0.8868748903274536,0.8923072397708893,0.8970444470643997,0.9017223626375198,0.9058742702007294,0.9106987893581391,0.9137671709060669,0.9190563023090362,0.9220511436462402,0.9282559335231781,0.932291778922081,0.9381388753652573,0.9412727534770966,0.9465556591749191,0.9506144881248474,0.9547830313444138,0.9590530455112457,0.9642091363668441,0.9686491936445236,0.9718866497278214,0.9780906587839127,0.981164276599884,0.9864957749843597,0.9907297700643539,0.99578897356987,1.0006408452987672,1.0047215402126313,1.0105453938245774,1.014966368675232,1.01960486471653,1.0247283190488816,1.029730987548828,1.0351025938987732,1.0413095593452453,1.0461364150047303,1.0508690237998963,1.056861436367035,1.06343332529068,1.0682757079601288,1.0743073761463164,1.079236340522766,1.08711678981781,1.0928933143615722,1.0985971987247467,1.107788759469986,1.1140237629413605,1.1208461701869965,1.128680908679962,1.1360168278217315,1.143529623746872,1.151005792617798,1.1619438409805298,1.1720469117164611,1.1807231247425078,1.19458327293396,1.207836526632309,1.2230388462543487,1.2380983173847198,1.258570659160614,1.2923550128936767
t_136,0.7382941305637359,0.7373706340789795,0.7424564301967621,0.739868026971817,0.7390586316585541,0.7402693092823028,0.7336515963077546,0.7307642102241516,0.7232915341854096,0.7237916260957717,0.719629567861557,0.7127102583646774,0.7155936419963836,0.7126965671777725,0.715298131108284,0.7054740518331528,0.701135304570198,0.6949755430221558,0.6902036130428314,0.6857760459184646,0.6794221937656403,0.6768299162387847,0.6714947283267975,0.6633809119462967,0.658960422873497,0.654812240600586,0.6479905903339386,0.6366802781820298,0.6306068450212479,0.6239275872707367,0.6138004213571548,0.6072516113519668,0.5975661933422088,0.5849659502506256,0.5727947473526,0.5576566129922866,0.553043332695961,0.5345070004463196,0.5224007040262222,0.5088456764817237,0.49390739649534227,0.4760703891515732,0.45636902898550036,0.4509927526116371,0.4248816162347794,0.40921558290719984,0.3882001042366028,0.368762269616127,0.34749039858579633,0.32670970261096954,0.3077122181653976,0.28385396748781205,0.25862069651484487,0.23812516778707504,0.21477616876363753,0.18756167441606522,0.1669738359749317,0.14562300890684127,0.12497873902320862,0.10373869389295579,0.07853842377662659,0.060372328758239745,0.04738119151443243,0.0,0.0478210348635912,0.06029079090803861,0.07634018361568451,0.09909811727702618,0.11302037872374057,0.13075580783188342,0.1508719652891159,0.1742469660937786,0.1899490736424923,0.205865291506052,0.22466516271233558,0.24681518003344535,0.26292961165308953,0.2788400769233704,0.2994767278432846,0.3172354534268379,0.331272728741169,0.34870378077030184,0.36616685092449186,0.38086046278476715,0.3949586510658264,0.40795883983373643,0.4267148897051811,0.44049276411533356,0.4540251359343529,0.46987014412879946,0.48093812018632887,0.49219087362289426,0.5059222191572189,0.51689333319664,0.5288220077753067,0.5427958995103837,0.554638659954071,0.5657441824674606,0.5778831899166107,0.5906974613666535,0.6001610040664673,0.60976143181324,0.6198381006717681,0.6298933923244476,0.6375758618116378,0.6470553338527679,0.6553356200456619,0.6636297643184662,0.6732177525758744,0.684466016292572,0.6899729281663894,0.6995691806077957,0.7055238395929336,0.7144680202007294,0.7225442469120026,0.7306464523077011,0.7363628029823304,0.7462711870670319,0.7519027680158615,0.7580641895532608,0.7650973677635193,0.7714123517274857,0.7763278931379318,0.784191781282425,0.7896989554166793,0.7964559763669967,0.8016912668943406,0.808872041106224,0.8134761303663254,0.8156366586685181,0.825803616642952,0.8292064219713211,0.8339872628450393,0.8400235086679458,0.8463175386190415,0.8499446213245392,0.8552044779062271,0.8618403673171997,0.8654927402734757,0.8700246214866638,0.8751304388046265,0.8806425869464874,0.8854431599378586,0.8901625603437424,0.8943900763988495,0.8992930084466935,0.9023689031600952,0.9077327698469162,0.9107300996780395,0.9170359432697296,0.9211431354284286,0.9270489156246186,0.9302056580781937,0.9355664938688278,0.9396746426820755,0.9438708931207657,0.9481686174869537,0.953413000702858,0.9578695178031922,0.9611611217260361,0.9674303203821182,0.9705276280641556,0.9759093970060349,0.9802230417728424,0.9853156268596649,0.9901889264583588,0.9943113148212432,1.0002098262310029,1.004662749171257,1.00935560464859,1.0144805133342742,1.0195493936538695,1.0249402940273284,1.0312280833721161,1.0361075520515441,1.0408505082130433,1.046907639503479,1.0535277009010315,1.0584205210208892,1.0644956588745118,1.069458556175232,1.0774312615394592,1.0832777082920075,1.0889551639556885,1.0982562482357026,1.1045500695705415,1.1114066779613494,1.1193071007728577,1.1267080128192901,1.1342809796333313,1.1417928457260131,1.1528323948383332,1.1630189836025238,1.1717390835285186,1.1857443749904633,1.19907466173172,1.2144051849842072,1.2295828759670258,1.25021533370018,1.284255814552307
t_135,0.7557537823915481,0.7548564881086349,0.7599087446928025,0.7573843151330948,0.756572163105011,0.7577638685703277,0.7512659102678299,0.7484492927789688,0.7410948693752288,0.7416295111179352,0.7375284641981125,0.7307329565286637,0.7335788130760192,0.7307594627141952,0.7333468794822693,0.7237010329961777,0.7194234520196915,0.7133911579847336,0.7086841076612472,0.704350209236145,0.6981202065944672,0.6955734223127366,0.6903318345546723,0.6823801010847091,0.6780300050973892,0.6739699125289917,0.6672511130571366,0.6561213523149491,0.6501625269651413,0.643577978014946,0.6336282610893249,0.6272089689970016,0.6176643610000611,0.6052527815103531,0.5932949930429459,0.578367355465889,0.5738095253705978,0.5555127322673797,0.5436172217130661,0.5302375495433808,0.5155287444591522,0.49789308607578275,0.47846309244632723,0.4731608211994171,0.4473792538046837,0.43191628307104113,0.411120243370533,0.3919546514749527,0.3708578869700432,0.35037886500358584,0.3316744714975357,0.3078998625278473,0.2830117255449295,0.26251974105834963,0.2393253117799759,0.2122856058180332,0.1915779635310173,0.17058329731225969,0.14948376566171645,0.1278095066547394,0.10154051557183266,0.08367045894265175,0.06510446947067976,0.0478210348635912,0.0,0.04557646214962006,0.057632270827889444,0.07604416534304619,0.09006209038197995,0.10732963941991329,0.12710551247000695,0.1499965488910675,0.16595806404948235,0.18181442469358444,0.20086739137768744,0.22320075705647469,0.2395138293504715,0.25574083551764487,0.2766162797808647,0.2944855123758316,0.30885751098394393,0.32647411078214644,0.3442840501666069,0.35920081585645675,0.37354624420404436,0.38680630177259445,0.40586724132299423,0.41991058439016343,0.43372304141521456,0.44987397491931913,0.46118434965610505,0.47266280055046084,0.486681641638279,0.49792187809944155,0.5101113840937614,0.5242188483476639,0.5363353163003921,0.5476531445980072,0.5600177764892578,0.573065185546875,0.5827063381671905,0.5925598621368409,0.6028054267168045,0.6130895793437958,0.620915749669075,0.630605724453926,0.6390339136123657,0.6475192159414291,0.6572259575128555,0.6686419278383255,0.6743234932422638,0.684092515707016,0.6902254045009613,0.6992786914110184,0.7074785828590393,0.715746495127678,0.7215917021036148,0.7316201388835907,0.7373565763235093,0.7436674654483795,0.7508089005947113,0.7572134554386138,0.7622388005256653,0.770247021317482,0.7758869051933288,0.7827112525701523,0.78804432451725,0.7953171372413635,0.799993097782135,0.8022657662630082,0.8125140994787217,0.8159883230924606,0.8208621174097062,0.8270177066326141,0.833374160528183,0.8371305674314499,0.8424733102321624,0.849126347899437,0.8528760880231857,0.8575041174888611,0.8626610606908798,0.8682474792003632,0.8731153607368469,0.877898919582367,0.8822220653295517,0.8871894657611847,0.8903382122516632,0.8957883149385453,0.8988719761371613,0.9052245885133743,0.9093898296356201,0.9153506875038147,0.9186211854219437,0.9240026921033859,0.9281963288784028,0.9324529618024826,0.9368381947278976,0.9421176224946975,0.9466356068849564,0.9500182718038559,0.9563405960798264,0.9595019578933716,0.9649236857891083,0.9693455398082733,0.974473774433136,0.9794008076190949,0.9835874497890472,0.989611828327179,0.994091859459877,0.9988745868206024,1.0040299415588378,1.0091881990432738,1.0146273106336594,1.0210001200437546,1.0259823024272918,1.0307789385318755,1.036923897266388,1.0435831367969512,1.048564714193344,1.0547363698482513,1.0597708523273468,1.0678179144859314,1.0737480401992798,1.079512393474579,1.0889205276966094,1.095263135433197,1.102202010154724,1.1102151691913604,1.1177284836769104,1.1253868401050569,1.1330113351345061,1.1441724121570587,1.1544698655605317,1.1632914245128632,1.177489799261093,1.1909798741340638,1.2064926266670226,1.2218438327312469,1.2427412748336792,1.2771382987499238
t_134,0.7666873127222061,0.7658306300640106,0.770834955573082,0.7683402627706528,0.7675556749105453,0.7687487453222275,0.7623335212469101,0.7595797419548035,0.752286720275879,0.7528291255235672,0.748812997341156,0.7420747548341751,0.7449232310056686,0.7421618640422821,0.744711834192276,0.735169705748558,0.7309886038303375,0.7250309586524963,0.7203889936208725,0.7161437898874283,0.7099775940179824,0.707483172416687,0.7023063570261001,0.694456222653389,0.6901818186044693,0.6861655682325363,0.6795640110969543,0.6685811340808868,0.662680646777153,0.6562176018953323,0.646393996477127,0.6400363594293594,0.6306207358837128,0.6183467298746109,0.6065290153026581,0.5918011039495468,0.5873043775558472,0.5692495226860046,0.5574484497308732,0.54425850212574,0.5296579957008362,0.5122543156147004,0.4930105239152908,0.48780504763126376,0.46231970340013506,0.44701995700597763,0.426463782787323,0.4074480414390564,0.3865466132760048,0.36633441001176836,0.3475955486297607,0.32412786930799486,0.2994139492511749,0.2792200013995171,0.25621694698929787,0.2295263849198818,0.2090374320745468,0.18777662813663482,0.16687607616186143,0.14530151560902596,0.11902604252099991,0.0991199966520071,0.08105561956763267,0.06029079090803861,0.04557646214962006,0.0,0.044129721261560916,0.06184690184891224,0.073125409334898,0.09080569371581078,0.10946290381252766,0.13255385532975197,0.1481526330113411,0.16418562084436417,0.18334756195545196,0.20545190051198006,0.22202873528003692,0.2383209154009819,0.25930599868297577,0.2774274930357933,0.2918113499879837,0.30976433902978895,0.32760786861181257,0.3429246321320534,0.3573610633611679,0.3707907050848007,0.3900542944669724,0.40435662120580673,0.41828748881816863,0.4346808195114136,0.4460666760802269,0.4577810257673264,0.4719801038503647,0.4832811415195465,0.4956271290779114,0.5099814057350158,0.5223233431577683,0.5337624222040176,0.5462917983531952,0.5595199346542359,0.5692735463380814,0.5792021214962005,0.589648574590683,0.6000142097473145,0.6079781144857407,0.6178114414215088,0.6263350784778595,0.6349623948335648,0.6447696477174759,0.6563655436038971,0.6620702266693115,0.6719658017158509,0.6781379401683807,0.6873661518096924,0.6957003444433212,0.7040403097867965,0.7099744081497192,0.7201656371355056,0.7259499371051789,0.7323638409376144,0.7396144092082977,0.7460701704025269,0.7511630207300186,0.7592689007520675,0.7649524331092834,0.7718928843736649,0.7772856682538987,0.7846381008625031,0.7893926531076432,0.7916608929634095,0.8020748853683471,0.805578601360321,0.8105007350444794,0.8167468577623367,0.8231790035963058,0.8269409358501434,0.8323502689599991,0.8391279309988022,0.8429181009531022,0.8475678324699402,0.8527985066175461,0.8584680378437042,0.8633704155683517,0.8682200491428376,0.8725781798362732,0.8776098400354385,0.8808060497045517,0.886291640996933,0.889378023147583,0.8958385020494462,0.900054344534874,0.9061092436313629,0.9093935936689377,0.9148560762405396,0.919084957242012,0.9233780711889267,0.9277935296297073,0.9331659734249115,0.9377157717943192,0.9411447137594223,0.9475192099809646,0.9507000356912613,0.9562063127756119,0.9606597483158111,0.9658647894859314,0.9708350956439972,0.9750551521778107,0.9811218768358231,0.9856827974319458,0.9904882133007049,0.9957026958465576,1.000899314880371,1.0064095288515091,1.0128397941589355,1.0178690075874328,1.0227086067199707,1.028914338350296,1.0356568038463592,1.040669286251068,1.0468997955322266,1.0519564211368562,1.0601104915142059,1.066096168756485,1.0718957841396333,1.0813985884189605,1.0878128707408905,1.0948157966136933,1.1029016733169557,1.1104838252067566,1.1182123064994811,1.1258882701396942,1.137148880958557,1.1475442469120025,1.1564505338668822,1.1707845985889436,1.1843691766262054,1.200026285648346,1.2155098974704743,1.2365812957286835,1.2712737023830414
t_133,0.7789189606904984,0.7780953884124756,0.7830732375383377,0.780622735619545,0.7798481732606888,0.7810461938381195,0.7747188359498978,0.7720186710357666,0.7648035228252411,0.7653656005859375,0.7614011615514755,0.7547596335411072,0.7576001584529877,0.7548987805843353,0.7574430733919144,0.7480143755674362,0.7439183086156845,0.7380401492118835,0.733462217450142,0.7293183505535126,0.7232476800680161,0.7207903385162353,0.7156975924968719,0.7079700052738189,0.7037640929222106,0.6998157799243927,0.6933107167482376,0.6824961125850677,0.6766799807548523,0.6703297346830368,0.660641098022461,0.6543612360954285,0.6450671046972275,0.6329580545425415,0.6212828785181046,0.6067450433969498,0.6023089796304703,0.5844858258962631,0.5728215128183365,0.559797927737236,0.5453430771827698,0.5281400084495544,0.5091096192598343,0.5039634123444557,0.4787407249212265,0.46360219866037367,0.4432938486337662,0.4244377359747887,0.4037395238876343,0.3837123513221741,0.3651377037167549,0.3418510213494301,0.3173647612333298,0.29734045416116717,0.2744837537407875,0.24800717756152152,0.2275887906551361,0.20637145414948463,0.18552982434630394,0.1637809954583645,0.13753363788127898,0.11749094016849995,0.0987283669412136,0.07634018361568451,0.057632270827889444,0.044129721261560916,0.0,0.04974301178008318,0.057877834513783456,0.07395808920264244,0.09233854189515114,0.11427311114966869,0.13001779578626155,0.14601364284753798,0.1653315544128418,0.18758861124515533,0.20421669781208038,0.2205236077308655,0.2416803151369095,0.26006147265434265,0.2745723307132721,0.2927427187561989,0.31084011793136596,0.326377110183239,0.34099089205265043,0.3547189086675644,0.3741539388895035,0.38878434598445893,0.4028018891811371,0.4195075914263725,0.43102897703647614,0.44294190853834153,0.4573209464550018,0.46879036277532576,0.48131401240825655,0.49587385952472685,0.5084625780582428,0.5200506746768951,0.5327139884233475,0.5461741000413894,0.556042742729187,0.5661484092473984,0.576735469698906,0.5872478932142258,0.5953273087739944,0.6053485095500946,0.6139471054077148,0.6227215707302094,0.6326667994260788,0.6444159626960755,0.6502132922410965,0.6602514564990998,0.6665271162986756,0.6758805066347122,0.6843265652656555,0.6927741140127182,0.6987974911928176,0.7091215372085571,0.7149787843227386,0.7214763134717941,0.7288164526224137,0.7353701740503311,0.7405216932296753,0.7487508296966553,0.7545351177453995,0.7615435391664505,0.7670021384954453,0.7744392633438111,0.7792519390583038,0.7815472692251205,0.7920930176973343,0.7956402361392975,0.8006157457828522,0.8069633215665817,0.8134595602750778,0.8172914773225785,0.8227593332529068,0.8295908242464065,0.8334301292896271,0.8381403028964997,0.8434230744838714,0.8491597265005112,0.8541053086519241,0.8590043842792511,0.8634366959333419,0.8685162961483002,0.8717497885227203,0.8773012608289719,0.8804272562265396,0.886951357126236,0.8912119716405869,0.8973243832588196,0.9006639808416367,0.9061666071414948,0.9104422628879547,0.9147835671901703,0.9192490607500077,0.9246603101491928,0.9292455285787582,0.9327276378870011,0.9391622006893158,0.9423706263303757,0.9479191958904266,0.9524386316537857,0.9576859712600708,0.9626956909894944,0.9669575333595276,0.9731038391590119,0.9776907712221146,0.9825558185577392,0.9877895653247833,0.9930478811264039,0.9985959440469742,1.005095860362053,1.0101870983839034,1.0150603920221328,1.0213275641202926,1.0281112551689149,1.0331818401813506,1.039468663930893,1.0445696413516998,1.0527926146984101,1.0588360130786896,1.0646785199642181,1.0742709815502167,1.0807279229164124,1.0877886593341828,1.0959469974040985,1.1036051869392396,1.1113952815532684,1.1191353917121887,1.1304874897003174,1.1409695208072663,1.1499464571475984,1.164413321018219,1.178106552362442,1.1939019203186034,1.2095111012458801,1.2307645857334137,1.2657227098941803
t_132,0.794834452867508,0.7940539091825485,0.7990121006965637,0.7966191291809082,0.7958419442176818,0.7970369786024094,0.7908213138580322,0.7881938636302948,0.7810723066329956,0.7816611915826798,0.7777432858943939,0.7712194263935089,0.7740395814180374,0.7714193791151047,0.7739687502384186,0.7646867066621781,0.760665762424469,0.7549051612615585,0.7503815203905105,0.7463546991348267,0.7403940618038177,0.7379917681217194,0.7329979479312897,0.7254237771034241,0.7213066697120667,0.7174293994903564,0.711046326160431,0.7004194498062134,0.6947117030620575,0.6884762525558472,0.6789710074663162,0.6728149712085724,0.663659593462944,0.6517547756433487,0.6403023451566696,0.6259590983390808,0.6216102093458176,0.6040378600358963,0.592588695883751,0.5797491490840911,0.5655084908008575,0.5485337972640991,0.5297790676355362,0.5247155219316483,0.49984691590070723,0.48485589027404785,0.46486036777496337,0.44624319225549697,0.425823512673378,0.406012250483036,0.38777981996536254,0.36469350159168246,0.3404239594936371,0.3205879956483841,0.29809178709983825,0.2716080904006958,0.2513700760900974,0.23048414513468743,0.20968423634767533,0.18795232176780702,0.1616477496922016,0.1418749436736107,0.12201197408139705,0.09909811727702618,0.07604416534304619,0.06184690184891224,0.04974301178008318,0.0,0.04549989942461252,0.05434175934642553,0.0716837354004383,0.09201520420610905,0.10682067535817623,0.12262149229645729,0.1414022833108902,0.16398364454507827,0.1809815302491188,0.19714048877358437,0.21831285655498506,0.23697948828339577,0.2519830971956253,0.27004099935293197,0.2885649412870407,0.30406353026628496,0.31892158687114713,0.332960470020771,0.35282796919345855,0.3675828844308853,0.38193436414003373,0.3987916812300682,0.41068052798509597,0.4226860925555229,0.4374727800488472,0.4490884095430374,0.46181782335042953,0.4765197440981865,0.48939368277788164,0.5011692509055138,0.5140118643641471,0.5277423828840255,0.5377626299858094,0.5481050044298172,0.5588886886835098,0.5696183532476425,0.5778836756944656,0.5881573885679245,0.5968493431806564,0.6057656347751618,0.6158393025398254,0.6277666717767716,0.6337426245212555,0.6439452856779099,0.650383123755455,0.659861758351326,0.668459901213646,0.6770984083414078,0.6831719160079956,0.6936375856399536,0.6995862782001495,0.7062440544366837,0.7137237101793289,0.7203259974718094,0.72559252679348,0.7339787930250168,0.739943441748619,0.7469648867845535,0.7525309950113297,0.7600644499063491,0.7649378567934036,0.7673344671726227,0.7779777973890305,0.7815914571285247,0.7866403043270112,0.7931316673755646,0.7997032046318054,0.8036638826131821,0.8092299789190293,0.8160566180944443,0.8199874132871627,0.8247897058725357,0.8301432013511658,0.8359619081020355,0.840961018204689,0.845926707983017,0.8504688918590546,0.8556179106235504,0.8589127421379089,0.8645680963993072,0.8677684009075165,0.8743407368659973,0.8786520808935165,0.8848327219486236,0.8882778763771058,0.8938130408525466,0.8981833726167678,0.9025713831186295,0.9071248054504395,0.9125723093748093,0.9172150641679764,0.9208013087511062,0.9273014426231384,0.9305621027946472,0.9361582159996032,0.9407849937677384,0.9460684508085251,0.9511344313621521,0.9554588824510575,0.9617439687252045,0.9663618057966232,0.9713202327489853,0.9765681177377701,0.9819280445575714,0.9875134795904159,0.9941113024950028,0.999311763048172,1.0042317748069762,1.010590699315071,1.0174129009246826,1.0225744426250458,1.0289597988128663,1.0341329216957091,1.0424416840076447,1.0485765278339385,1.0544824004173279,1.064198112487793,1.0707021832466126,1.0778416514396667,1.0861203134059907,1.0938951194286346,1.101770466566086,1.1096157371997832,1.1210970163345337,1.1316938161849976,1.1407648563385009,1.1554480731487273,1.1692880690097809,1.1852729618549347,1.2010571300983428,1.2225842893123626,1.2579082012176515
t_131,0.804193553328514,0.8034114569425583,0.8083256423473358,0.8059694111347199,0.8051941305398941,0.8063699930906296,0.8002383351325989,0.7976438581943512,0.7906050682067871,0.7912022411823273,0.787331822514534,0.7808924973011017,0.7836764723062515,0.7810800731182098,0.7836104363203049,0.774436867237091,0.7704535007476807,0.7647602051496506,0.7602941423654557,0.7563047289848328,0.750426173210144,0.748041495680809,0.7431022316217423,0.7356193959712982,0.7315295457839965,0.7277041614055634,0.7213841050863266,0.7108667135238648,0.7052228212356567,0.6990426152944564,0.6896157264709473,0.6835329353809356,0.674446839094162,0.6626699775457382,0.6513170093297959,0.6371356219053268,0.6327854484319687,0.615392678976059,0.6040543854236603,0.5913389474153519,0.5772214978933334,0.5603787928819657,0.5417853683233261,0.5367500752210617,0.5121077865362167,0.4972622498869896,0.4774268314242363,0.4589498072862625,0.4386640653014183,0.4190808340907097,0.40095946490764617,0.3779830515384674,0.3539760857820511,0.33421504944562913,0.31186593770980836,0.285737045109272,0.26553289145231246,0.24471733048558236,0.22383806779980658,0.20233823135495185,0.17606002911925317,0.15618058443069457,0.13617640510201454,0.11302037872374057,0.09006209038197995,0.073125409334898,0.057877834513783456,0.04549989942461252,0.0,0.04707623533904552,0.0584502000361681,0.0775731272995472,0.09292753450572491,0.10797177404165267,0.12715110555291176,0.14955533891916276,0.16606511399149895,0.18257875218987465,0.20422662943601608,0.2227977380156517,0.23771447464823722,0.25608820617198946,0.2747603476047516,0.2904843419790268,0.3054897263646126,0.3195760637521744,0.3395646721124649,0.35454809963703154,0.36901293098926546,0.38617110103368757,0.39811722934246063,0.4103262171149254,0.42518371194601057,0.43704715371131897,0.4500015303492546,0.46475202441215513,0.4777877002954483,0.4897322326898575,0.5026933863759041,0.5165952309966088,0.5267470508813858,0.5372450679540635,0.5481016755104064,0.5589975386857986,0.5672956854104996,0.5776992440223694,0.5864991039037705,0.5955773741006851,0.6057162612676621,0.6177656173706054,0.6238020658493042,0.6341605186462402,0.6407162845134735,0.6502306759357452,0.6588900268077851,0.6676394701004028,0.6738334864377975,0.6843751400709153,0.6904177337884903,0.697168818116188,0.7046818822622299,0.7113538771867752,0.7166962116956711,0.7251720994710922,0.7312031507492065,0.7382852762937546,0.7439083606004715,0.751492828130722,0.7564294606447219,0.7588843286037446,0.7695885568857193,0.7732381999492646,0.7783611983060836,0.7849190771579743,0.7915358483791352,0.7955905944108963,0.801204627752304,0.8080733835697174,0.8120742321014405,0.8169362425804139,0.8223173469305038,0.8281993985176086,0.833230260014534,0.8382524073123931,0.8428506791591645,0.8480264067649841,0.8513858020305634,0.8570885300636292,0.8603640139102936,0.8669723331928253,0.8713158994913102,0.8775415033102035,0.8810621231794358,0.8866085529327392,0.8910217523574829,0.8954753875732422,0.9000964105129242,0.905553150177002,0.9102526247501374,0.9138939797878265,0.9204288184642792,0.9237395942211151,0.929363664984703,0.9340615898370743,0.9393830448389053,0.9444933980703354,0.9488687157630921,0.9552320033311844,0.9598714381456375,0.9648949861526489,0.970184987783432,0.9756006807088852,0.981232151389122,0.987882775068283,0.9931557208299637,0.9981239646673202,1.0045486629009246,1.011407843232155,1.0166231960058212,1.0230863511562347,1.0283030331134797,1.0366603791713715,1.0428483843803407,1.04884312748909,1.058632677793503,1.0651666939258575,1.0723745048046112,1.0807338297367095,1.088586586713791,1.0965272247791291,1.1044565379619598,1.1160223543643952,1.1267021894454956,1.1358551204204559,1.150670087337494,1.1646364212036133,1.1807515740394592,1.1966624975204467,1.2183788120746613,1.2539676070213317
t_130,0.8146858602762223,0.8139368772506714,0.8188149511814118,0.81650011241436,0.8157403945922852,0.8169199645519256,0.8108795195817947,0.8083386421203613,0.8013730734586716,0.8019777417182923,0.798161718249321,0.7918145805597305,0.7945882886648178,0.7920498937368393,0.7945805132389069,0.7855050981044769,0.7816090643405914,0.7759849697351455,0.7715870767831803,0.7676917910575867,0.7618953555822372,0.7595482051372529,0.7546847879886627,0.7473193883895874,0.7433011770248413,0.7395206153392792,0.7333019196987152,0.7229456037282944,0.7173694014549256,0.7112947404384613,0.701993751525879,0.6959848016500473,0.6870065331459045,0.6753840714693069,0.6641764104366302,0.6501648753881455,0.6458773821592331,0.6287050992250443,0.6174962639808654,0.6049501031637192,0.5909565597772598,0.5743183702230453,0.5559334069490433,0.5509622305631637,0.5266001969575882,0.5118871122598648,0.4923224955797195,0.4740049108862877,0.4539431884884834,0.43455747812986373,0.4166192516684532,0.39388159066438677,0.37005145847797394,0.35054517090320586,0.32846407145261763,0.30253137052059176,0.2825424835085869,0.2618745982646942,0.241238059848547,0.21981636807322502,0.19381082132458688,0.17395018860697747,0.15393566489219665,0.13075580783188342,0.10732963941991329,0.09080569371581078,0.07395808920264244,0.05434175934642553,0.04707623533904552,0.0,0.050029979459941386,0.06409094631671905,0.07815319783985615,0.09257393628358841,0.11075001060962678,0.1332354735583067,0.1498239353299141,0.16596157997846603,0.1875196799635887,0.2062988117337227,0.22150450199842453,0.2398344911634922,0.25877921357750894,0.2745231255888939,0.2896589159965515,0.3039883732795715,0.3242293044924736,0.33940142691135405,0.3539584517478943,0.3713143542408943,0.3834557577967644,0.39571947008371355,0.4108067572116852,0.42277001589536667,0.4358472600579262,0.45078328549861907,0.46402656883001325,0.47608989775180816,0.4891607254743576,0.5033058956265449,0.5135652735829354,0.5241889476776123,0.5351753503084182,0.5461983919143677,0.5546291291713714,0.5652149975299835,0.5740616828203201,0.5832496523857117,0.5935188055038452,0.605733460187912,0.6118299037218093,0.6223215997219086,0.6289713114500046,0.6385907262563706,0.6473955005407334,0.6562538981437683,0.6624951839447022,0.6731817066669464,0.679289048910141,0.686138591170311,0.6937416136264801,0.7004765123128891,0.7058731824159622,0.7144603580236435,0.7206115186214447,0.7277344822883606,0.7334227353334427,0.7410983592271805,0.7460935980081558,0.7485492557287217,0.7594048589468002,0.7630947351455688,0.7682471007108689,0.7749203562736511,0.7815992355346679,0.7857150495052337,0.7913955956697464,0.7983286440372467,0.8023777216672897,0.8072878748178482,0.8127410799264908,0.8186899125576019,0.8237444758415222,0.8288194805383682,0.833494958281517,0.8387171000242233,0.8421190291643142,0.8478884071111679,0.8511880993843078,0.8578708738088607,0.862244313955307,0.8685518562793731,0.8721138805150985,0.877714803814888,0.882176423072815,0.8866673380136489,0.8913382977247238,0.8968398779630661,0.9015760749578476,0.9052772045135498,0.9118722796440124,0.9152015626430512,0.9208824962377549,0.9256322264671326,0.9310066491365433,0.9361607998609542,0.9405801296234131,0.947009488940239,0.951697152853012,0.956771370768547,0.9620870321989059,0.9675619512796402,0.9732383638620377,0.9799576193094254,0.9852890878915787,0.9902950644493103,0.9967819601297379,1.0036914467811584,1.0089608132839203,1.0154838263988495,1.0207432895898818,1.029182678461075,1.0354283273220062,1.0414641916751861,1.0513458907604218,1.0579327523708344,1.0652031779289246,1.0736400008201599,1.0815725326538086,1.0895765841007232,1.0975675463676453,1.1092328786849976,1.1200049102306366,1.1292361915111542,1.1442010223865509,1.1582700312137604,1.1745344519615173,1.1905773818492889,1.2124822318553925,1.2483518183231355
t_129,0.8264290630817414,0.8256468117237091,0.8304176896810531,0.8281630635261535,0.8273899048566818,0.82849600315094,0.8226239025592804,0.8201187402009964,0.8132923692464828,0.8138739675283432,0.8101224213838577,0.8039274930953979,0.8066155642271042,0.8040525883436203,0.8065361142158508,0.7976324468851089,0.7937625378370285,0.7882312208414077,0.7839294135570526,0.7800588190555573,0.774354773759842,0.7720427572727203,0.767257097363472,0.760006245970726,0.7559973299503326,0.7522427260875701,0.7461628228425979,0.7359563648700714,0.7304514795541763,0.7244237869977951,0.7151861429214478,0.7093132793903351,0.7003740996122361,0.6889718413352967,0.6779003709554672,0.6641309499740601,0.6597772479057312,0.6428429126739502,0.6318480551242829,0.619495514035225,0.6056944549083709,0.5891893625259399,0.571056205034256,0.5661323100328446,0.5421685427427292,0.5276402562856675,0.5083691358566285,0.4902773335576057,0.47036689668893816,0.45144332498311995,0.43371255695819855,0.41117234975099565,0.38768270760774615,0.36840220391750333,0.3467785567045212,0.3213107049465179,0.301424540579319,0.28111927658319474,0.2603250965476036,0.23953086584806443,0.213855741918087,0.19388194009661674,0.1738148510456085,0.1508719652891159,0.12710551247000695,0.10946290381252766,0.09233854189515114,0.0716837354004383,0.0584502000361681,0.050029979459941386,0.0,0.05010996554046869,0.05953663978725672,0.0716229110956192,0.09002976305782795,0.11128677763044834,0.1274431750178337,0.14402348548173904,0.16642670035362245,0.1847609795629978,0.1999258317053318,0.2186135858297348,0.237659902125597,0.25361322462558744,0.2689025834202766,0.28317839205265044,0.30361074656248094,0.31872876882553103,0.333725169301033,0.35123645812273024,0.3635843649506569,0.37607762664556504,0.3912170186638832,0.40353930443525315,0.4170268326997757,0.43187426030635834,0.4452307716012001,0.4575403854250908,0.47083935141563416,0.4851461499929428,0.49563970118761064,0.5064203128218651,0.5174125105142593,0.5288008958101272,0.5372403889894486,0.5479498684406281,0.557047837972641,0.5663948625326156,0.5767431110143661,0.589094951748848,0.5952557563781739,0.6059759974479675,0.6128227561712265,0.6224450975656509,0.6313612490892411,0.6404071092605591,0.6468125700950622,0.6575926631689072,0.6638822913169861,0.6708746552467346,0.678538054227829,0.6852981120347976,0.6908628940582275,0.6995504111051559,0.7058149248361587,0.7130060404539108,0.7187816590070725,0.7264999240636826,0.7316432029008866,0.734194639325142,0.7450971752405167,0.7488491475582123,0.7541196048259735,0.7609068423509597,0.7676474332809449,0.7719158858060837,0.7776923209428788,0.7847295790910721,0.7889173597097396,0.7939146995544434,0.7994143187999725,0.8054933696985245,0.8105740964412689,0.8157799810171127,0.8205179095268249,0.8257856845855713,0.8293451279401779,0.8351922661066056,0.8386345714330673,0.8453573495149612,0.8497787207365036,0.8562011271715164,0.859891951084137,0.8655084788799285,0.8700826644897461,0.8746769428253174,0.8794829547405243,0.8849901556968689,0.889838457107544,0.8936577647924423,0.900308558344841,0.9037305891513825,0.9094824969768525,0.9143398225307464,0.9197916984558105,0.925047779083252,0.9295619398355484,0.936119818687439,0.9408956170082092,0.9460752904415131,0.9514916390180588,0.9570570409297943,0.9628382980823517,0.9696417540311814,0.9751122087240219,0.98023981153965,0.9868379384279251,0.9938350945711136,0.9991892486810684,1.0058826148509978,1.011211597919464,1.0197514474391938,1.026088297367096,1.0323194444179535,1.0423344552516938,1.0489672303199769,1.0563822090625763,1.0649822056293488,1.073067206144333,1.08119375705719,1.0893580675125123,1.101174885034561,1.1121025443077088,1.1214999198913573,1.1367236137390138,1.1510285794734956,1.1675397396087646,1.1838132679462432,1.206078565120697,1.2424386262893676
t_128,0.8421571642160416,0.8414809942245484,0.8463020920753479,0.8440753877162933,0.8433298230171203,0.8445084661245346,0.8386268675327301,0.8362082272768021,0.8294198602437973,0.8300673931837081,0.8263606131076813,0.8201798886060715,0.822916767001152,0.8205272555351257,0.8230085790157318,0.8142076551914215,0.8104359596967697,0.8050163894891739,0.8007159501314163,0.7969939708709717,0.791376706957817,0.7891309201717377,0.784410583972931,0.7772890239953995,0.7734273791313171,0.7697841405868531,0.7637392073869705,0.7536906868219375,0.7482967436313629,0.7424209833145141,0.7334577649831772,0.7276171207427978,0.7189448654651642,0.7076389461755752,0.6967893689870834,0.6831626832485199,0.6790432780981064,0.6623234033584595,0.6514494448900223,0.6392365753650665,0.6256429016590118,0.6094661504030228,0.591592738032341,0.5867846041917801,0.5630722194910049,0.5487762987613678,0.529666519165039,0.511870165169239,0.49234184324741365,0.47346526980400083,0.45603290051221845,0.4337769076228142,0.4105851277709007,0.39144128412008283,0.36977577656507493,0.34446826577186584,0.3248466938734055,0.30467983782291413,0.2842528373003006,0.2630983844399452,0.23726978451013564,0.21793455258011818,0.19777337610721588,0.1742469660937786,0.1499965488910675,0.13255385532975197,0.11427311114966869,0.09201520420610905,0.0775731272995472,0.06409094631671905,0.05010996554046869,0.0,0.04696390815079212,0.05462368912994862,0.07090761885046959,0.09193787835538388,0.1069940447807312,0.12308676093816757,0.14465029910206795,0.1631610743701458,0.17840302363038063,0.19697663187980652,0.21624948531389238,0.23248617872595786,0.2480241373181343,0.2627030357718468,0.2833676621317863,0.2992017775774002,0.3139899283647537,0.3320083111524582,0.3445170745253563,0.35727211385965346,0.37283248752355574,0.38518610298633577,0.39878629297018053,0.41395845264196396,0.42778278291225436,0.4402259439229965,0.4537201076745987,0.46830316036939623,0.47885410487651825,0.4899549692869186,0.5013748615980148,0.5127286151051521,0.5214947700500489,0.5324897468090057,0.5415971398353576,0.5512126713991166,0.5616924524307251,0.5742541939020157,0.5806801557540894,0.5915374338626862,0.5984668910503388,0.6083837807178497,0.6174148291349411,0.6265711724758148,0.6331058710813522,0.6440051257610321,0.6503197461366653,0.6574724048376084,0.6653039395809174,0.6722079932689666,0.6778299510478973,0.6867059111595154,0.6930763006210328,0.7003695636987686,0.7062542021274567,0.7141040980815887,0.7192502707242966,0.7219131588935852,0.7329610139131546,0.7367943793535232,0.7421274602413177,0.749041935801506,0.7558540135622025,0.760185357928276,0.7660256952047348,0.7730090737342834,0.7772323846817016,0.7823241889476776,0.7878922253847123,0.7939875245094299,0.7991844326257705,0.8043846189975739,0.8092379122972488,0.8145940899848938,0.8181275069713593,0.8240451872348785,0.8274817258119583,0.8342890977859497,0.8387849241495132,0.8452094286680222,0.8489472985267639,0.8546271115541458,0.859231922030449,0.86383715569973,0.8686615616083145,0.8742595702409744,0.8790999710559845,0.8829773545265198,0.8896795809268951,0.8931228429079056,0.8988828241825104,0.9038421332836151,0.9093007981777191,0.914549607038498,0.9190816283226013,0.9257429152727127,0.9304946929216384,0.9357289642095565,0.9411012560129166,0.9467390269041062,0.9525162786245346,0.9593923181295395,0.9649113923311233,0.9700079470872879,0.9766574174165725,0.9836530834436417,0.9890754669904709,0.9957851827144623,1.001156598329544,1.0097426921129227,1.0161546260118484,1.0223252326250076,1.0324179768562316,1.039104962348938,1.0465220868587495,1.0551595270633698,1.063296777009964,1.071463704109192,1.0796595692634583,1.0915436446666718,1.1025295972824096,1.1119435548782348,1.1272643685340882,1.1416191399097442,1.1582125067710876,1.1745814681053162,1.1969679057598115,1.2335213840007782
t_127,0.850280299782753,0.8496084779500961,0.8543629795312881,0.8521712571382523,0.8514355570077896,0.8525873571634293,0.846807798743248,0.8444300562143325,0.8377209633588791,0.8383547812700272,0.8347098082304001,0.8286153495311737,0.8313218533992768,0.8289477854967118,0.8314053535461425,0.8227045625448227,0.8189959168434143,0.8136387676000595,0.8094067692756652,0.8057389289140702,0.800180459022522,0.7979693651199341,0.7933188289403915,0.7862857222557068,0.7824646532535553,0.7788305282592773,0.7729022830724717,0.7629821211099624,0.7576324105262756,0.751827546954155,0.7429422944784164,0.7371939122676849,0.7285844057798385,0.7174288332462311,0.7067109286785126,0.6932417988777161,0.6891342401504517,0.6726044148206711,0.6618604451417923,0.6498155146837234,0.6363635510206223,0.6203280210494995,0.6026555567979812,0.5979132950305939,0.5745148658752441,0.5603427141904831,0.5414746254682541,0.5238671690225601,0.5044846788048745,0.48592721968889235,0.4686546206474304,0.4466967970132828,0.42366144210100176,0.40478846728801726,0.3835348829627037,0.3584757879376411,0.3390272676944733,0.3191059082746506,0.2987945169210434,0.2781404986977577,0.2526143677532673,0.23312271758913994,0.2131088800728321,0.1899490736424923,0.16595806404948235,0.1481526330113411,0.13001779578626155,0.10682067535817623,0.09292753450572491,0.07815319783985615,0.05953663978725672,0.04696390815079212,0.0,0.044484803825616835,0.05675013512372971,0.07492166981101037,0.09134595058858394,0.10610173307359219,0.12707447558641433,0.1457742027938366,0.16146061867475509,0.17994333952665328,0.19941241592168807,0.21570705026388168,0.23115635439753532,0.24618357717990874,0.2670637220144272,0.28277832865715025,0.29795258194208146,0.3159954383969307,0.32874657660722734,0.3415334224700928,0.35738738179206847,0.3697650209069252,0.38348173201084135,0.3989227682352066,0.4129043459892273,0.4254815623164177,0.43909913301467896,0.4539231389760971,0.4645907759666443,0.4758004188537598,0.4873086914420128,0.49885142743587496,0.507749256491661,0.5189378306269645,0.5281517267227173,0.5378532320261001,0.5484374791383744,0.561176860332489,0.5676126897335052,0.5786122739315033,0.5856565117835999,0.5956682562828064,0.6048917561769486,0.6141450643539429,0.6207273930311203,0.6318046301603317,0.6381959557533264,0.6454219043254852,0.6534066051244736,0.6603042721748352,0.6660099923610687,0.6749878525733948,0.6814890742301941,0.6888204932212829,0.6947733908891678,0.7027106612920762,0.7079516530036927,0.710631787776947,0.7217888772487641,0.7256779700517655,0.7310769110918045,0.7380800247192383,0.7449469268321991,0.7493433296680451,0.7552700251340866,0.7623499691486358,0.7666702002286911,0.7717727273702621,0.7774130523204803,0.7836140692234039,0.7888170927762985,0.7941041648387909,0.7990004569292068,0.8044088572263718,0.8080165386199951,0.8140098750591278,0.8174851715564728,0.8243581861257553,0.8288917064666748,0.8354101628065109,0.8392099052667618,0.8449269235134125,0.8496120244264602,0.85426567196846,0.8591397076845169,0.8647985637187958,0.8696877986192704,0.8736318111419678,0.8803832352161407,0.883861842751503,0.8897024095058441,0.8947078585624695,0.9002258241176605,0.9055381298065186,0.9101253926753998,0.9168405145406723,0.9216754406690597,0.9269605845212936,0.9323936998844147,0.9380817621946335,0.9439332962036133,0.9508711755275726,0.9564579486846924,0.9616215288639068,0.9683402895927429,0.9754078686237335,0.9808808773756027,0.9876764059066773,0.9930913746356964,1.001771193742752,1.0082439959049225,1.0144980251789093,1.024684140086174,1.0314277410507202,1.038936334848404,1.0476658940315247,1.0558989882469176,1.0641499578952789,1.072428822517395,1.084420734643936,1.0955199241638183,1.1050411820411683,1.1205360174179078,1.1350200951099396,1.1517893314361571,1.1683133006095887,1.1909305334091187,1.2278332233428955
t_126,0.8599102556705475,0.8592499047517776,0.8639570444822311,0.8618024259805679,0.8610658824443818,0.8622031301259995,0.8565134674310684,0.8541599869728088,0.847540432214737,0.8481658130884171,0.8445528537034989,0.8385581105947495,0.8412291407585144,0.8388768166303635,0.8413236975669861,0.8327266454696656,0.8290590554475784,0.8237620770931244,0.8195873260498047,0.8159707158803939,0.8104842305183411,0.8082993358373642,0.8037061184644699,0.7967611163854599,0.7929814428091049,0.7893851131200791,0.7835290968418122,0.7737331628799439,0.7684463530778884,0.7627010345458984,0.7539009004831314,0.7482241302728653,0.7396944642066956,0.7286846220493317,0.7180617779493332,0.7047519683837891,0.7006610959768296,0.6842927008867263,0.673700350522995,0.6617614269256592,0.6484502375125885,0.6325563937425613,0.6150709956884384,0.6103492945432663,0.5871823698282241,0.5731505811214447,0.5544970899820327,0.5370435029268265,0.5178517982363701,0.4994922995567322,0.48239411115646363,0.46055719554424285,0.4378018662333488,0.4190857082605362,0.39802833199501036,0.37323268204927446,0.3539461582899094,0.33422723710536956,0.31398301273584367,0.2934566840529442,0.26817753091454505,0.2489166460931301,0.22889559492468833,0.205865291506052,0.18181442469358444,0.16418562084436417,0.14601364284753798,0.12262149229645729,0.10797177404165267,0.09257393628358841,0.0716229110956192,0.05462368912994862,0.044484803825616835,0.0,0.04715813547372818,0.06308385971933603,0.07623235993087292,0.0907856460660696,0.11238425448536873,0.1307169858366251,0.14591848030686377,0.16440255120396613,0.18392664194107056,0.20010171160101892,0.21585359573364257,0.23084269240498542,0.25184357166290283,0.2677886947989464,0.2830254346132278,0.3012907177209854,0.314133383333683,0.3271696910262108,0.34304909259080885,0.3557240188121796,0.3696951135993004,0.38508524745702744,0.39921888411045076,0.4119488760828972,0.42576982975006106,0.4407229647040367,0.4515371024608612,0.4629430785775185,0.4744928166270256,0.48625477850437165,0.49517337530851363,0.5065166696906089,0.5158304095268249,0.5256587877869606,0.5363593131303788,0.5492083311080933,0.5557590872049332,0.5668946981430054,0.5740920543670655,0.5841365844011307,0.5934163123369217,0.6028273820877075,0.6095058143138885,0.6206488460302353,0.627142533659935,0.6344734758138657,0.6424951910972595,0.6494794845581054,0.6552888184785843,0.6643787741661071,0.6709394037723542,0.6783448874950408,0.6843658447265625,0.6923383563756943,0.6976392477750778,0.7003976255655289,0.7116087973117828,0.7155516564846038,0.7210085183382035,0.7281109422445298,0.7350396454334259,0.7395424872636795,0.7455169349908829,0.7526305317878723,0.7570021212100982,0.762202787399292,0.7678733021020889,0.7741221398115158,0.7793761938810349,0.7847183644771576,0.7896974414587021,0.7951475560665131,0.7988208293914795,0.8048653393983841,0.8084341257810592,0.8153231292963028,0.819899445772171,0.8264737993478775,0.8303572833538055,0.8360810786485672,0.8408362150192261,0.8455428928136826,0.850489929318428,0.8561562657356262,0.8610947489738464,0.8651224404573441,0.8719208776950836,0.8754505962133408,0.8813138723373413,0.8863995462656021,0.8919589787721633,0.8973187386989594,0.9019550204277038,0.9087740123271942,0.9136374115943908,0.9189948201179504,0.9244500398635864,0.930210092663765,0.9361052840948105,0.9431085258722305,0.9487859636545182,0.9540084958076477,0.960788470506668,0.9678888022899628,0.97343230843544,0.980308610200882,0.9857802718877793,0.9945097744464875,1.0010515183210373,1.007394978404045,1.0176575273275374,1.0244350492954255,1.032014137506485,1.0408402025699615,1.0491676688194276,1.057485157251358,1.0658684849739075,1.077946138381958,1.0891388654708862,1.0987518370151519,1.114398366212845,1.1290128767490386,1.1459350526332854,1.1626004993915557,1.1854437649250031,1.2226490259170533
t_125,0.8700420439243317,0.8694079697132111,0.8740678697824478,0.8719520926475525,0.8712173759937286,0.8723465770483017,0.8667414337396622,0.8644366413354874,0.8578923374414444,0.8585159987211227,0.8549549669027329,0.8490370362997055,0.8516836404800415,0.8493735820055008,0.8517944246530533,0.8433122038841248,0.8396948724985123,0.8344805300235748,0.8303561091423035,0.8268036544322968,0.8213933259248734,0.8192486822605133,0.8147219985723495,0.8078756242990494,0.8041528314352036,0.8006001621484756,0.794841730594635,0.7851800799369812,0.7799657583236694,0.7743007391691208,0.7656199932098389,0.7600299268960953,0.7516014635562897,0.74074766933918,0.7302744656801223,0.717145812511444,0.7130997329950333,0.6969534695148468,0.6865190446376801,0.6747435212135315,0.6615993559360505,0.6459116280078888,0.6286449551582336,0.6239972978830337,0.6011627078056335,0.5872914314270019,0.5689092010259629,0.5516652435064315,0.5327153712511062,0.5146370872855186,0.497763954102993,0.47619599401950835,0.45370095372200014,0.4352508023381233,0.41452072709798815,0.39002534598112104,0.3709752857685089,0.35151353627443316,0.33151563704013826,0.3112830653786659,0.2863521441817284,0.2672571174800396,0.24741387292742728,0.22466516271233558,0.20086739137768744,0.18334756195545196,0.1653315544128418,0.1414022833108902,0.12715110555291176,0.11075001060962678,0.09002976305782795,0.07090761885046959,0.05675013512372971,0.04715813547372818,0.0,0.050038029439747334,0.06131694242358208,0.07410215064883233,0.09451940320432187,0.11216316819190979,0.1278471380472183,0.14563383385539055,0.16564881578087806,0.18152140751481055,0.19734540805220604,0.21245114803314208,0.23364267647266387,0.24955447539687156,0.2650471583008766,0.2833699151873589,0.2964612737298012,0.3094189018011093,0.3255868047475815,0.3383904382586479,0.3525596454739571,0.3680789053440094,0.3823387578129768,0.3952315360307693,0.4091768443584442,0.4243852436542511,0.43531126976013185,0.4468939244747162,0.4585474103689194,0.4705268323421478,0.4796090483665466,0.4911112815141678,0.5005258962512016,0.5105059430003166,0.5213195562362671,0.5343511819839477,0.5409963607788086,0.5522979915142059,0.5596331357955933,0.5697645336389542,0.5791930824518203,0.5887714207172394,0.5954966276884079,0.6067947506904602,0.6133972853422165,0.6208389222621917,0.6289943337440491,0.6360301107168198,0.6419214159250259,0.6511421203613281,0.6578580260276794,0.6652889758348465,0.6714218199253082,0.6794732332229614,0.6848711878061294,0.6876668363809586,0.6990123629570008,0.7029970169067383,0.7085337847471237,0.7157670080661773,0.722761070728302,0.7273697942495346,0.7334197252988816,0.7406080931425094,0.7450791031122208,0.7503445386886597,0.7560860455036164,0.7624332785606385,0.7677194327116013,0.7731511056423187,0.778206980228424,0.7837002992630004,0.787457537651062,0.7936044335365295,0.7972395300865174,0.8041976571083069,0.8087994068861007,0.8154746353626251,0.8194448947906494,0.8252176314592361,0.8300462514162064,0.8348258316516877,0.8398544877767563,0.8455628544092179,0.8505857944488525,0.8546866089105606,0.8615526258945465,0.8651272982358933,0.8710610181093216,0.876222562789917,0.8818434357643128,0.8872796028852463,0.8919852524995804,0.8989151895046235,0.9038391679525375,0.9092741042375565,0.9147937029600144,0.9206312984228134,0.9265941113233567,0.9336861729621887,0.9394528865814209,0.9447427868843079,0.9516174733638764,0.9587840497493744,0.9644001603126526,0.9713876903057098,0.9769214421510697,0.9857479691505432,0.9923659414052963,0.9988133817911148,1.0092004418373108,1.0160312801599503,1.0237073123455047,1.0326515138149261,1.0410883903503418,1.0495037496089936,1.0579940736293794,1.0702111780643464,1.0815262198448181,1.0912414073944092,1.107100135087967,1.121882575750351,1.1389953792095184,1.1558358371257782,1.1789441049098968,1.2165154576301576
t_124,0.8823094218969345,0.8816529184579849,0.8862426936626434,0.8841679036617279,0.8834491670131683,0.8845335870981217,0.8790519148111343,0.8768031746149063,0.8703655868768692,0.8710033655166626,0.8675279736518859,0.8617097020149231,0.8643089592456817,0.8620247125625611,0.8643921464681625,0.8560629904270172,0.8525156021118164,0.8473915129899978,0.8433555483818054,0.8398559600114822,0.8345254540443421,0.832426306605339,0.8279690742492676,0.821261602640152,0.8175718724727631,0.8140640825033187,0.8084298729896545,0.7989194899797439,0.7937775105237961,0.7881962031126022,0.7796450346708298,0.7741605967283249,0.7658395498991013,0.7551609575748444,0.7448705524206162,0.7319555878639221,0.727936840057373,0.7120574712753296,0.7017633587121963,0.6902160823345185,0.6772554606199265,0.6617890566587448,0.6447971493005753,0.6402375787496567,0.6177980363368988,0.6041393488645553,0.5860222578048706,0.5690474271774292,0.5503397792577743,0.5326358318328858,0.515962028503418,0.4947862446308136,0.47263012230396273,0.45445635765790937,0.43410712778568267,0.4100119575858116,0.39121497720479964,0.3720398873090744,0.35224314630031583,0.33240199387073516,0.30786854326725005,0.28881353586912156,0.2693451717495918,0.24681518003344535,0.22320075705647469,0.20545190051198006,0.18758861124515533,0.16398364454507827,0.14955533891916276,0.1332354735583067,0.11128677763044834,0.09193787835538388,0.07492166981101037,0.06308385971933603,0.050038029439747334,0.0,0.048713660426437856,0.057601435109972954,0.0752941321581602,0.090384204313159,0.10611007809638977,0.12411064729094505,0.14343711435794831,0.15998549684882163,0.17534826844930648,0.19053090065717698,0.2119234323501587,0.2277380958199501,0.2435080163180828,0.26198513954877856,0.2752495512366295,0.2884211927652359,0.30484223663806914,0.31776116490364076,0.3321063548326492,0.3477944046258926,0.3623049229383469,0.3754134297370911,0.3896116644144058,0.4049792781472206,0.4161023050546646,0.42778548300266267,0.43967512547969817,0.45183552205562594,0.4610772907733917,0.4727484449744225,0.4823700085282326,0.49261208772659304,0.5034747928380966,0.516663470864296,0.5234056234359741,0.5349235236644745,0.5423579484224319,0.5526570439338684,0.5622847110033036,0.5719632148742676,0.5788660943508148,0.5903349757194519,0.5970393508672714,0.6046641707420349,0.6129691064357757,0.6199855893850327,0.6260388016700744,0.635361123085022,0.6421864837408066,0.6497148185968399,0.6559482842683793,0.6640975862741471,0.6696168571710587,0.6725187569856643,0.683950001001358,0.6880203545093536,0.6936683237552643,0.7009902417659759,0.7080505847930908,0.7127293646335602,0.7189064413309098,0.7261980414390564,0.7307842075824738,0.7360998630523682,0.7419192880392075,0.7483839809894561,0.7537237346172333,0.7592431902885437,0.7643506437540054,0.7699207752943039,0.7737864464521408,0.7799898147583008,0.7836851894855499,0.7907385855913163,0.7954177856445312,0.8021936267614365,0.8062251031398773,0.8120610922574997,0.8169717580080033,0.8218256205320358,0.8269175440073013,0.832707878947258,0.8378000617027282,0.8419982492923737,0.8488980412483216,0.8525454431772232,0.8585526138544083,0.8638043224811554,0.8695012122392655,0.8749935775995255,0.8797871947288514,0.8867780774831772,0.8918047934770584,0.8973022252321243,0.9029147773981094,0.9088065534830093,0.91486054956913,0.9220232248306275,0.9278765499591828,0.9332508027553559,0.9402221292257309,0.9474801182746887,0.9531481713056564,0.9602635949850082,0.9658329159021377,0.9747712761163712,0.9814709901809693,0.9880285501480103,0.9985343992710114,1.0054344475269317,1.0132241517305374,1.0222846418619156,1.0308402895927429,1.0393652379512788,1.04797403216362,1.0603232443332673,1.0717716455459594,1.0816147208213807,1.097691422700882,1.1126429617404938,1.1299629628658294,1.1470016181468963,1.170393431186676,1.2084000945091247
t_123,0.8906594634056091,0.8900171488523483,0.8945549666881562,0.8925220787525177,0.8917956620454788,0.8928657948970795,0.8874729663133621,0.8852479755878448,0.8789083272218704,0.8795269280672073,0.8760840237140656,0.870369553565979,0.8729228943586349,0.8706625163555145,0.8730108201503753,0.8648015022277832,0.8612721621990204,0.8562195956707,0.8522366285324097,0.8487800031900405,0.8435239940881729,0.8414533734321594,0.8370505034923553,0.8304232150316239,0.8267753958702088,0.823310187458992,0.8177412867546081,0.8083499222993851,0.8032766193151474,0.7977477610111237,0.7892814368009567,0.7838738173246383,0.7756337583065033,0.7651072651147842,0.754914453625679,0.7421757459640503,0.738162487745285,0.7224525064229965,0.7123351037502289,0.7008972287178039,0.6880997836589813,0.6727873116731644,0.6559947520494461,0.6514670699834824,0.629292705655098,0.6158119052648544,0.5979275077581405,0.5811435788869858,0.562653562426567,0.5452151983976364,0.5287649482488632,0.507714855670929,0.4858983814716339,0.4679184243083,0.4478128969669342,0.4241421312093735,0.4055196732282639,0.3866535320878029,0.36695114374160764,0.34738352447748183,0.3231883779168129,0.30451207756996157,0.28508625775575636,0.26292961165308953,0.2395138293504715,0.22202873528003692,0.20421669781208038,0.1809815302491188,0.16606511399149895,0.1498239353299141,0.1274431750178337,0.1069940447807312,0.09134595058858394,0.07623235993087292,0.06131694242358208,0.048713660426437856,0.0,0.04799423832446337,0.0650301355868578,0.07745631597936153,0.09088094122707843,0.10845810696482658,0.1276730801910162,0.14357728958129884,0.15975598469376565,0.17417925149202346,0.19557424262166023,0.2117732010781765,0.22730185240507125,0.246246587485075,0.25944310873746873,0.272968228161335,0.2891373410820961,0.30248140543699265,0.31733454018831253,0.33274312168359754,0.34734167754650114,0.3606623589992523,0.37513688802719114,0.3906529024243355,0.4019606798887253,0.41386454850435256,0.4256985366344452,0.4382044717669487,0.4474169954657555,0.45918949842453005,0.46898245960474017,0.4794041633605957,0.49038918167352674,0.5037352964282036,0.5105555132031441,0.5223043784499168,0.529939153790474,0.5402032941579819,0.5498575985431671,0.5597372323274612,0.566799396276474,0.5782912462949753,0.5851940482854843,0.5929144233465194,0.6012107193470001,0.6083723366260528,0.6145301759243011,0.6239931464195252,0.6308711796998978,0.6384931892156601,0.6448032468557358,0.6529846966266633,0.6586000949144364,0.6615813434123993,0.6730816096067429,0.6772002667188645,0.6829398185014725,0.6903939962387085,0.6975054055452347,0.7023429900407792,0.7085624933242798,0.7159092545509338,0.7205769449472428,0.7260153114795684,0.7318565577268601,0.7383968889713287,0.743781840801239,0.749386939406395,0.7545922219753265,0.7601891696453095,0.7641582697629928,0.7704351067543029,0.7742650210857391,0.781336098909378,0.7860405921936036,0.792887344956398,0.7970491081476212,0.8028818100690842,0.8078690797090531,0.8128161519765854,0.8180182337760925,0.8237947553396225,0.8289692819118499,0.8332607239484787,0.8402183830738068,0.8439363926649094,0.8499721616506577,0.8553200215101242,0.8610757917165757,0.866643026471138,0.8715014547109604,0.8786295682191849,0.8836819261312485,0.8892772167921066,0.894936665892601,0.9009223252534866,0.9070395499467849,0.9142818182706833,0.9202470421791077,0.9257004916667938,0.9327539026737213,0.940051257610321,0.945802628993988,0.9530335336923599,0.9586781829595565,0.9676650166511536,0.974444979429245,0.981148225069046,0.9917439222335815,0.9986780256032943,1.0065641492605208,1.0157443821430205,1.024417555332184,1.0330263912677764,1.0417768001556396,1.054235005378723,1.0657942652702332,1.0757544875144958,1.0920091271400452,1.107139378786087,1.1246370911598205,1.1418455064296722,1.1655080020427704,1.2038677513599396
t_122,0.89987311065197,0.8992679953575134,0.9037842988967896,0.9017753571271896,0.9010683089494705,0.9021484911441803,0.8968105256557465,0.8946339249610901,0.8883374363183976,0.888967651128769,0.8855674356222153,0.8799035012722015,0.8824653476476669,0.8802608340978623,0.8826009213924408,0.8744628876447678,0.8710127174854279,0.8660179615020752,0.8620753288269043,0.8587037831544876,0.8535037189722061,0.8514722734689713,0.8471309959888458,0.840588653087616,0.837010458111763,0.83358054459095,0.828093895316124,0.8188273519277572,0.8138100981712342,0.8083746790885925,0.8000339955091477,0.7946759015321732,0.7865480929613113,0.776137524843216,0.766073825955391,0.753463476896286,0.7495393961668014,0.7340072095394135,0.7239863872528076,0.7126891285181045,0.7000166654586792,0.6848934024572373,0.6682793259620666,0.6638258129358292,0.6418946921825409,0.628525173664093,0.6108613312244415,0.5942453980445862,0.5759762197732925,0.5586903840303421,0.542398190498352,0.5216264843940734,0.49997712969779967,0.48222585320472716,0.4623507484793663,0.4388113856315613,0.4204080641269684,0.4016912877559662,0.3822557255625725,0.3628449022769928,0.3388299226760864,0.320197531580925,0.30104707181453705,0.2788400769233704,0.25574083551764487,0.2383209154009819,0.2205236077308655,0.19714048877358437,0.18257875218987465,0.16596157997846603,0.14402348548173904,0.12308676093816757,0.10610173307359219,0.0907856460660696,0.07410215064883233,0.057601435109972954,0.04799423832446337,0.0,0.05074838846921921,0.0628937253728509,0.0755404781550169,0.09197493270039558,0.11063486225903034,0.12641179971396924,0.14192832857370377,0.15736754164099692,0.17863379716873168,0.19496284872293473,0.21068900525569917,0.22951529547572136,0.24303651824593545,0.2564480811357498,0.2731140241026878,0.28646629899740217,0.3011602208018303,0.31708458960056307,0.3319887235760689,0.3453520253300667,0.3598193258047104,0.37566342353820803,0.38703117817640303,0.3991125330328941,0.41119365841150285,0.42371888607740404,0.43317617624998095,0.44528851807117464,0.45502839535474776,0.46554281264543534,0.476704965531826,0.49025518745183944,0.49719431400299074,0.5090162053704261,0.5167664408683776,0.5272310376167297,0.537068048119545,0.547053062915802,0.5541361689567565,0.5658448308706283,0.5727579057216644,0.5805631339550018,0.5890448927879334,0.5962729185819626,0.6025073528289795,0.612093260884285,0.6191393703222274,0.6267980515956879,0.6331887423992157,0.6414961874485016,0.6471632540225982,0.6501512706279755,0.6618209779262543,0.666001883149147,0.6717787683010101,0.6793294787406922,0.6865301966667176,0.6914140194654464,0.6977129876613617,0.7051128774881363,0.7098370909690856,0.7153100281953811,0.7212368071079254,0.7278450906276703,0.7332687586545944,0.7389241337776185,0.7442045927047729,0.7498716831207275,0.7538535088300705,0.7602114349603653,0.7640511751174927,0.7712020844221115,0.7759538978338242,0.7828744560480118,0.7870647579431533,0.7929670214653015,0.7980082899332046,0.802980563044548,0.8082129806280136,0.814064234495163,0.8192609876394272,0.8236023604869842,0.830625906586647,0.8343568831682205,0.8404533118009567,0.8458539098501205,0.8516523331403733,0.8572534561157227,0.8621517390012741,0.8693407565355301,0.8744403690099716,0.880080571770668,0.8857530355453491,0.8917937099933624,0.8979500323534012,0.9052591890096664,0.9112730920314789,0.9167523980140686,0.9238654226064682,0.9312090337276459,0.9370214909315109,0.9442971557378769,0.9499803304672241,0.9590477347373962,0.9658859252929688,0.9726010948419571,0.9832886636257172,0.9902814745903015,0.9982219964265824,1.0074642479419709,1.0162123024463654,1.0248832702636719,1.0336779654026031,1.0462267577648163,1.0578764498233795,1.0679004669189454,1.0842956960201264,1.0995132625102997,1.1171505153179169,1.1344805002212524,1.1583219289779663,1.1969478726387024
t_121,0.9118516325950623,0.9113110363483429,0.9158191174268723,0.9138292372226715,0.9131520569324494,0.9142649978399277,0.9089530974626541,0.9068450152873992,0.9005915999412537,0.901248887181282,0.8979105919599533,0.8922693222761154,0.8948548406362533,0.8927511692047119,0.8950702041387558,0.887020868062973,0.8836611479520797,0.8787519127130509,0.8748377859592438,0.8715642809867858,0.8664284527301789,0.8644529640674591,0.8601724177598953,0.8537328153848648,0.8502502739429474,0.8468832671642303,0.8414719015359878,0.8323395997285843,0.8273988217115402,0.822082695364952,0.8139286249876022,0.8086228400468827,0.8006775170564652,0.7903758704662323,0.7804940551519394,0.7680350482463837,0.7642549008131028,0.7489396810531617,0.7390242338180542,0.727890482544899,0.7153938084840774,0.7005324482917785,0.6841519862413407,0.6798054575920105,0.6581628292798996,0.6449846535921097,0.6275306522846222,0.6111728101968765,0.5931988179683685,0.5760872036218643,0.5600360214710236,0.5396141171455383,0.5181878790259361,0.5006862580776215,0.4810364618897438,0.4576948627829552,0.43958592414855957,0.4210681065917015,0.4019841536879539,0.3827053442597389,0.3588425189256668,0.3404798865318298,0.32160446643829343,0.2994767278432846,0.2766162797808647,0.25930599868297577,0.2416803151369095,0.21831285655498506,0.20422662943601608,0.1875196799635887,0.16642670035362245,0.14465029910206795,0.12707447558641433,0.11238425448536873,0.09451940320432187,0.0752941321581602,0.0650301355868578,0.05074838846921921,0.0,0.05171759501099586,0.061511877179145816,0.07537847422063351,0.09212284907698631,0.10784093551337719,0.1219859279692173,0.13844371289014817,0.15948601365089415,0.17583470195531845,0.19156958162784576,0.21027528420090674,0.22407470643520355,0.2374217040836811,0.2546553581953049,0.26770805567502975,0.2822256997227669,0.2986874133348465,0.31410868316888807,0.32747816741466523,0.3420549601316452,0.35814322382211683,0.369529128074646,0.3818208172917366,0.39437591284513474,0.40680745989084244,0.41664700508117675,0.42907788306474687,0.43884106576442716,0.4495231047272682,0.4608256444334984,0.4746107324957848,0.4817549780011177,0.4936640501022339,0.5014650493860244,0.512257331609726,0.5223066195845604,0.5323787182569504,0.5395185738801956,0.55143423974514,0.5583327025175094,0.5662858486175537,0.5750291258096695,0.5823036372661591,0.588610702753067,0.5983530104160308,0.6055219084024429,0.6132743567228317,0.6197844386100769,0.6282182991504669,0.6339286297559739,0.6369960397481919,0.6488237708806992,0.6530769973993301,0.658925062417984,0.6665743052959442,0.6738610327243805,0.678751677274704,0.6851413756608963,0.6925718009471893,0.6973543792963028,0.7028608620166779,0.7088706493377686,0.7155435293912887,0.7210505843162537,0.7267341047525406,0.7320821911096573,0.7378508388996124,0.7418283998966217,0.7482621610164643,0.7520819187164307,0.7593293845653534,0.7641653805971146,0.7711251169443131,0.7753490537405014,0.781320458650589,0.7864195883274079,0.7914008945226669,0.7966337561607361,0.8026121020317077,0.8078066617250442,0.8122049748897553,0.8192742526531219,0.8230273604393006,0.8291805326938629,0.834648197889328,0.8404740214347839,0.8460939586162567,0.851017850637436,0.8582704573869705,0.863414540886879,0.86908820271492,0.8747678369283676,0.880858302116394,0.8870440751314164,0.8944195121526718,0.9004794925451278,0.9059620320796966,0.9131354808807373,0.9205168277025223,0.9263820350170135,0.9336879432201386,0.9394047230482101,0.9485571980476379,0.9554700911045074,0.9621454745531082,0.9729231297969818,0.9799831122159958,0.9879542380571366,0.9972495645284652,1.0060583770275116,1.0147923827171326,1.023622328042984,1.036253559589386,1.0479838967323303,1.0580524027347564,1.0745790481567383,1.089858841896057,1.107611745595932,1.12505801320076,1.1490469336509705,1.1879298865795136
t_120,0.9207017213106156,0.9201343059539795,0.9245742827653884,0.922627380490303,0.9219401508569718,0.9229984521865845,0.9178021132946015,0.9157294481992722,0.9095839321613312,0.9102396786212921,0.9069528877735138,0.9014152109622955,0.9039333611726761,0.9018315970897675,0.9041008919477462,0.8962043493986129,0.8928527861833573,0.8880319714546203,0.8841813802719116,0.880928760766983,0.8758675962686538,0.8739189624786377,0.8696916997432709,0.8633588254451752,0.8598914265632629,0.8565635085105896,0.8512393325567246,0.8422215163707734,0.8373518973588944,0.832071042060852,0.8240083396434784,0.8188052654266358,0.8109263330698013,0.800783583521843,0.7910434693098068,0.7787633895874023,0.7749754160642623,0.7598640650510788,0.750111597776413,0.739148810505867,0.7268299996852875,0.7121317952871322,0.6959841132164002,0.6916899472475052,0.6703861951828003,0.6574074983596802,0.6401828497648239,0.6240698397159576,0.606302484869957,0.589553850889206,0.5737388908863068,0.5535888582468033,0.5325272768735886,0.5152409493923187,0.49593874514102937,0.47306028008461,0.4551238283514977,0.43696929663419726,0.4180217280983925,0.3991495221853256,0.3757101833820343,0.3576845735311508,0.33895144164562224,0.3172354534268379,0.2944855123758316,0.2774274930357933,0.26006147265434265,0.23697948828339577,0.2227977380156517,0.2062988117337227,0.1847609795629978,0.1631610743701458,0.1457742027938366,0.1307169858366251,0.11216316819190979,0.090384204313159,0.07745631597936153,0.0628937253728509,0.05171759501099586,0.0,0.04795228913426399,0.057634444534778596,0.07437243051826954,0.08994022570550442,0.1034975465387106,0.11916675791144371,0.1399293139576912,0.15618641823530197,0.1719136893749237,0.19107155948877336,0.2048956960439682,0.21828957125544549,0.23560369461774827,0.24913213327527045,0.2640800170600414,0.2803624913096428,0.2957569256424904,0.3094592854380608,0.3243201583623886,0.34059410393238065,0.3521700084209442,0.3647171467542648,0.377264903485775,0.39007998406887057,0.39995144307613373,0.41242585927248,0.4224951833486557,0.43346431106328964,0.4448180004954338,0.4587039515376091,0.46592467427253725,0.47816748172044754,0.48615999072790145,0.4969442844390869,0.5071188122034073,0.5173398748040199,0.5247378826141358,0.5367277771234512,0.5438365161418914,0.5519360363483429,0.5607270151376724,0.5680608421564102,0.5745119839906693,0.5843473047018051,0.5916677862405777,0.5994755268096924,0.6060756415128707,0.6145974457263946,0.6204502791166305,0.6236582905054092,0.6355119407176971,0.6398602664470673,0.6458310931921005,0.6535865843296051,0.6609004080295563,0.6659718513488769,0.6724633008241654,0.6799659699201583,0.684908640384674,0.6905183762311935,0.6965809851884842,0.7033639669418335,0.7089120537042618,0.7147056043148041,0.7201432198286056,0.7259228140115738,0.7300702661275864,0.7365917831659317,0.740542608499527,0.7478462487459183,0.752722316980362,0.7597798824310302,0.7641184478998184,0.7701237589120865,0.775310754776001,0.7804119646549225,0.7857782453298569,0.7917543113231659,0.7970658272504807,0.8015711963176727,0.8086906015872956,0.8125440418720246,0.8187421172857284,0.8243306577205658,0.8302290678024292,0.8359292447566986,0.8409702748060226,0.8483333766460419,0.8535446256399155,0.8593334674835205,0.865117073059082,0.8712873756885529,0.877576932311058,0.8850281596183777,0.8912040054798126,0.8968013465404511,0.9040820360183716,0.9115367323160172,0.9174870163202286,0.9249677419662475,0.9307485699653626,0.9399728119373322,0.9469658344984054,0.9538484752178192,0.9647356122732162,0.9718403279781341,0.9799503356218338,0.9893921673297882,0.9983397603034974,1.0071897566318513,1.0161919802427293,1.0289556384086609,1.0408188104629517,1.0510341942310333,1.067782598733902,1.083287763595581,1.1012498438358307,1.118900215625763,1.1432067096233367,1.1825187623500824
t_119,0.9275589466094971,0.9270045608282089,0.9314153462648391,0.9294907689094544,0.9288093775510788,0.929862442612648,0.9247265070676803,0.9226880013942719,0.9166073024272918,0.9172617226839066,0.9140223383903503,0.9085341185331345,0.9110335618257522,0.9089708209037781,0.9112085461616516,0.9034089475870133,0.9000867664813995,0.8953270047903061,0.8915180414915085,0.8883085966110229,0.8832925915718078,0.881383016705513,0.877190625667572,0.8709343850612641,0.8675135910511017,0.8642196029424667,0.8589561581611633,0.8500359684228898,0.8452125608921051,0.8399917006492614,0.8320298612117767,0.8268796175718307,0.8190986961126328,0.8090632200241089,0.7994333177804946,0.7872904300689697,0.7835438519716262,0.768601268529892,0.7589645177125931,0.7481240570545197,0.7359437048435211,0.7214189559221268,0.7054558843374252,0.7012061774730682,0.6801631897687912,0.6673525363206864,0.6503117680549622,0.6343884140253067,0.6168296724557877,0.6003277748823166,0.5846727937459946,0.5647422879934311,0.5439544171094894,0.5268911719322205,0.5078108936548233,0.48527264297008516,0.467564557492733,0.44962970465421676,0.4308626756072044,0.41220065057277677,0.3891096830368042,0.37126834839582445,0.35276750922203065,0.331272728741169,0.30885751098394393,0.2918113499879837,0.2745723307132721,0.2519830971956253,0.23771447464823722,0.22150450199842453,0.1999258317053318,0.17840302363038063,0.16146061867475509,0.14591848030686377,0.1278471380472183,0.10611007809638977,0.09088094122707843,0.0755404781550169,0.061511877179145816,0.04795228913426399,0.0,0.05024525821208954,0.06161925531923771,0.07683637328445911,0.08985955901443958,0.10419829823076725,0.124483110755682,0.14123471528291703,0.15632400587201117,0.17593891844153403,0.18946920335292816,0.20319101288914682,0.2203678756952286,0.23401322662830354,0.24931060746312142,0.2655766159296036,0.28101269006729124,0.29489510506391525,0.31009497195482255,0.3264660477638245,0.338129511475563,0.350856739282608,0.363447430729866,0.3764640182256699,0.3863382637500763,0.39890958964824674,0.4091128930449486,0.4203342244029045,0.4317573577165604,0.44587596505880356,0.4531379222869873,0.4655279129743576,0.47362528592348097,0.4845176011323929,0.494742751121521,0.5051080748438835,0.5126503631472588,0.5247472569346427,0.5319603949785232,0.5401639908552169,0.5490202188491822,0.5564636021852494,0.5630230367183685,0.5729809135198594,0.5803004801273346,0.5882502913475036,0.594944280385971,0.603508397936821,0.609452971816063,0.6127087950706482,0.6246983736753464,0.6291009247303009,0.6351541072130203,0.6430033892393112,0.6503925144672393,0.6555173903703689,0.6620703488588333,0.6696760147809983,0.6746730804443359,0.6803582668304443,0.6864855885505676,0.693338805437088,0.6989543735980988,0.7048299163579941,0.7103176683187484,0.7161566913127899,0.7203723043203354,0.7269471913576127,0.7309715747833252,0.738334721326828,0.743275710940361,0.7504224389791488,0.7548118472099304,0.7608650922775269,0.7661143928766251,0.7712840974330902,0.7767029494047165,0.7827522993087769,0.7881103485822678,0.7926930576562882,0.7998672395944595,0.8037682831287384,0.8100212812423706,0.8156812101602554,0.8216547012329102,0.8274120718240738,0.8325141727924347,0.8399492561817169,0.8452377587556839,0.8510827034711838,0.8569345593452453,0.8631544768810272,0.86952044069767,0.8770435243844986,0.8832906156778335,0.8889629364013671,0.8963137298822403,0.9038387089967728,0.9098350137472153,0.9174111634492874,0.9232341825962067,0.932535982131958,0.939600470662117,0.946573942899704,0.9575499773025513,0.9647145807743073,0.9729060262441636,0.9824398338794709,0.9914793699979783,1.000410082936287,1.0095094472169877,1.0223724216222763,1.0343428552150726,1.0446532368659973,1.061556440591812,1.0771886944770812,1.0953023254871368,1.1131049931049346,1.137618750333786,1.1772478997707367
t_118,0.9372853964567185,0.9367694973945617,0.9411399960517883,0.9392490833997726,0.9385755062103271,0.9396333813667297,0.9345570355653763,0.9325533986091614,0.9265470623970031,0.9271923035383225,0.923984169960022,0.9185745239257812,0.9210550487041473,0.9190430074930191,0.9212750643491745,0.9135668963193894,0.9103003114461898,0.905608594417572,0.9018408507108688,0.8986984699964523,0.8937522113323212,0.8918760240077972,0.8877500683069229,0.8815728634595871,0.8782198488712311,0.8749658316373825,0.8697691529989242,0.860977652668953,0.8562200605869293,0.8510773122310639,0.8432355970144272,0.8381488919258118,0.8304856985807418,0.8205883651971817,0.8110783666372299,0.7990937381982803,0.7954128563404084,0.7806371182203293,0.7711517542600632,0.7604256063699723,0.7484132826328278,0.734069773554802,0.7183097958564758,0.7141241073608399,0.693342462182045,0.6806761741638183,0.6638682335615158,0.6481546252965927,0.6308442443609238,0.6145225197076798,0.5991121590137481,0.5793952584266663,0.558866000175476,0.5419960528612137,0.5231750279664993,0.5008672043681145,0.4833913192152977,0.4657020181417465,0.4471602275967598,0.428723081946373,0.40586223900318147,0.38834379315376283,0.36991025507450104,0.34870378077030184,0.32647411078214644,0.30976433902978895,0.2927427187561989,0.27004099935293197,0.25608820617198946,0.2398344911634922,0.2186135858297348,0.19697663187980652,0.17994333952665328,0.16440255120396613,0.14563383385539055,0.12411064729094505,0.10845810696482658,0.09197493270039558,0.07537847422063351,0.057634444534778596,0.05024525821208954,0.0,0.05106892790645361,0.06151866652071476,0.07358030006289482,0.0878069706261158,0.10687957480549812,0.1234602939337492,0.13831682056188582,0.1577786423265934,0.1714227579534054,0.1852394975721836,0.20264009535312652,0.21622818410396577,0.23158834278583526,0.24796838387846948,0.26369471326470373,0.2776154562830925,0.2929051399230957,0.30944992750883105,0.32121726870536804,0.3342298656702042,0.34704942256212234,0.36020978540182114,0.3703202098608017,0.3831981986761093,0.39343198090791703,0.40474203079938886,0.4163318306207657,0.43056556284427644,0.43805529922246933,0.45060978531837464,0.4588766798377037,0.46990932524204254,0.4802741214632988,0.49081640094518664,0.49842159897089006,0.5106194406747818,0.5179596304893493,0.5262895822525024,0.5352999478578567,0.542807149887085,0.5494764417409896,0.5596127361059189,0.5670799970626831,0.5750813901424408,0.5818596720695496,0.5905089318752289,0.5965107679367065,0.5998939394950866,0.6119386106729507,0.6164148539304733,0.6225509643554688,0.6305361300706863,0.6379871279001236,0.6432519167661667,0.6498633027076721,0.65745909512043,0.6625335812568665,0.6683235764503479,0.6744894742965698,0.6813972026109696,0.6870762377977371,0.6930044203996658,0.698600035905838,0.7045164942741394,0.7087806344032288,0.7154414653778076,0.7195472478866577,0.726924329996109,0.7319127827882767,0.7390980452299118,0.7436134904623032,0.7496629446744919,0.7550042986869812,0.760210707783699,0.7657006770372391,0.7717768579721451,0.7771706879138947,0.7818542212247849,0.7890733122825623,0.7930240005254745,0.7993036031723022,0.8050559639930726,0.8110523164272309,0.8168575197458268,0.8219946205615998,0.8295568317174912,0.8348625957965851,0.8407807230949402,0.8466377407312393,0.8529413968324662,0.8593438625335693,0.8669362783432006,0.8732824891805648,0.8789845168590545,0.8864044725894928,0.8939414322376251,0.9000281155109405,0.90767343044281,0.913565593957901,0.9229194074869156,0.9300639688968658,0.9370926022529602,0.9481509327888489,0.9553552836179733,0.9636098951101303,0.9732341408729553,0.9823692530393601,0.9913684964179993,1.0005689561367035,1.0135177075862885,1.0255840361118316,1.0359804213047028,1.0530459523200988,1.0688057780265807,1.0870786666870118,1.1050307869911193,1.1297932863235474,1.1697550296783448
t_117,0.9456174671649933,0.9451133608818054,0.9494426310062408,0.9475754469633102,0.9469151884317398,0.9479543894529343,0.9429531455039978,0.9409963369369507,0.9350613296031952,0.9357162326574325,0.9325696289539337,0.9272151857614517,0.9296781718730927,0.9277057230472565,0.9298882454633712,0.9222976833581924,0.919084107875824,0.9144671499729157,0.9107492864131927,0.9076656728982926,0.9027715265750885,0.9009390622377396,0.8968635708093643,0.8907831162214279,0.8874800264835357,0.8842661172151566,0.8791587561368942,0.8704891413450241,0.865793126821518,0.8607306391000747,0.8530189216136932,0.8479995578527451,0.8404529094696045,0.8306889861822129,0.8213269919157028,0.8095128118991852,0.8058925926685333,0.7913324892520904,0.7819743901491165,0.7714230746030808,0.759575042128563,0.7454564869403839,0.7299311965703964,0.7258246928453446,0.705365589261055,0.6929036647081375,0.6763379365205765,0.6608686089515686,0.6438197314739227,0.627784612774849,0.612564605474472,0.5931938558816909,0.5730008333921432,0.5564150393009186,0.537890100479126,0.5159444987773896,0.49876895546913147,0.48134994208812715,0.4630973324179649,0.44493395984172823,0.42247953414916994,0.4051613017916679,0.3871114641427994,0.36616685092449186,0.3442840501666069,0.32760786861181257,0.31084011793136596,0.2885649412870407,0.2747603476047516,0.25877921357750894,0.237659902125597,0.21624948531389238,0.19941241592168807,0.18392664194107056,0.16564881578087806,0.14343711435794831,0.1276730801910162,0.11063486225903034,0.09212284907698631,0.07437243051826954,0.06161925531923771,0.05106892790645361,0.0,0.050111637264490125,0.057734732143580915,0.07039447389543056,0.08834143914282322,0.1046682819724083,0.11882354579865932,0.13788047134876252,0.15133009105920792,0.1654570333659649,0.18298334032297134,0.19651469886302947,0.21188836991786958,0.22859739810228347,0.24460942819714546,0.2585596889257431,0.27424676567316053,0.29086615443229674,0.3028101921081543,0.3159019336104393,0.3290389984846115,0.3422355964779854,0.3525589987635612,0.36563930958509444,0.37604170590639113,0.3876695349812508,0.3993622690439224,0.41385165601968765,0.42144888937473296,0.4341710150241852,0.44255971610546113,0.45382945239543915,0.46436047852039336,0.4749929577112198,0.4828110232949257,0.49519780576229094,0.5026355028152466,0.5111145511269569,0.5202869191765785,0.527893453836441,0.5346996665000916,0.5449718505144119,0.5524863719940185,0.5606729298830032,0.5675642758607864,0.5763263970613479,0.582439973950386,0.5859007596969604,0.5980967670679093,0.6026758760213852,0.6089000046253205,0.6169800221920013,0.6245322465896607,0.629822188615799,0.6365426391363144,0.6442906141281128,0.649446439743042,0.6553016513586044,0.6615650892257691,0.6685678005218506,0.6743339955806732,0.6803422659635544,0.6860032945871353,0.6920091062784195,0.6963630855083466,0.7030772656202317,0.7072278648614884,0.7147189974784851,0.7197961062192917,0.7270924061536789,0.7316401273012161,0.7377933114767075,0.7431950509548187,0.7484773844480515,0.75401211977005,0.7602050960063934,0.7656627565622329,0.7704240381717682,0.7776993364095688,0.7817110121250153,0.7880717366933823,0.793893238902092,0.7999922633171082,0.8058531552553176,0.8110654354095459,0.818689888715744,0.8241026610136032,0.8300684809684753,0.8360183089971542,0.8423783004283905,0.8488759577274323,0.8565393179655075,0.8629535049200058,0.8687366575002671,0.8762500286102295,0.8838816553354263,0.8900225996971131,0.8977723509073258,0.9037020534276963,0.9131649166345597,0.9203882217407227,0.9275159507989883,0.9386820733547211,0.9459687262773514,0.954323410987854,0.9640517830848694,0.9732877373695373,0.9823891818523407,0.9917021304368973,1.0047662734985352,1.0169619411230086,1.0274709194898606,1.0447218120098114,1.0606312453746796,1.0790859162807465,1.0972127735614776,1.1222160935401917,1.1625599324703217
t_116,0.953493744134903,0.9530059516429901,0.9572911947965622,0.9554569602012635,0.9547925740480423,0.9558216512203217,0.9508957117795944,0.9489611357450485,0.9431004405021668,0.943738603591919,0.9406147360801697,0.9353480249643326,0.9377755731344223,0.935821995139122,0.9380029082298279,0.9304972440004349,0.9273115038871765,0.9227536886930465,0.9190764188766479,0.916033998131752,0.9112056136131287,0.9093942075967789,0.9053753852844239,0.8993631601333618,0.8960972338914871,0.8929128736257553,0.8878692001104355,0.8793063074350357,0.8746669709682464,0.869656553864479,0.8620185017585754,0.8570703834295272,0.8495886057615281,0.8399606674909592,0.8306963264942169,0.8190197706222534,0.8154191434383392,0.8010092407464982,0.7917969226837158,0.7813471704721451,0.7696371763944626,0.7556571811437607,0.7403041601181031,0.7362309396266937,0.7160157024860382,0.7036738216876983,0.6873339086771011,0.6720199346542358,0.6551832735538483,0.6393389910459518,0.6243385195732116,0.6051402002573013,0.5851739794015884,0.5687820136547088,0.5505278915166855,0.5288184821605683,0.5118425220251084,0.4946644127368927,0.4766057953238487,0.45870031267404554,0.43649758100509645,0.41946115642786025,0.4014881312847137,0.38086046278476715,0.35920081585645675,0.3429246321320534,0.326377110183239,0.30406353026628496,0.2904843419790268,0.2745231255888939,0.25361322462558744,0.23248617872595786,0.21570705026388168,0.20010171160101892,0.18152140751481055,0.15998549684882163,0.14357728958129884,0.12641179971396924,0.10784093551337719,0.08994022570550442,0.07683637328445911,0.06151866652071476,0.050111637264490125,0.0,0.04982405975461006,0.057099058479070666,0.07530438899993896,0.09027196578681469,0.10356081202626229,0.12248939573764801,0.13595591709017754,0.14984816461801528,0.16731934025883674,0.18097573816776275,0.1966874197125435,0.21295107677578926,0.22894247397780418,0.24306071549654007,0.25880503505468366,0.27582046538591387,0.28779177367687225,0.30122405886650083,0.3141869530081749,0.32776139229536055,0.33817214965820314,0.35150065571069716,0.36194789707660674,0.3736501023173332,0.3854411318898201,0.4000879243016243,0.40781296193599703,0.42074874192476275,0.4293866530060768,0.4406018152832985,0.4512687772512436,0.46214197129011153,0.4699724644422531,0.4824463203549385,0.49003941416740415,0.49863009750843046,0.5078945592045784,0.515549074113369,0.5224536910653115,0.5329093337059021,0.5406384885311126,0.5487717390060425,0.555776396393776,0.564600071310997,0.5707904636859894,0.5743361204862595,0.5865933984518051,0.5912251085042953,0.5975341767072677,0.6057704150676727,0.6133694320917129,0.6188483774662018,0.6256339251995087,0.6333642274141311,0.6386314481496811,0.6445900022983551,0.65089430809021,0.6579640865325928,0.6637616872787475,0.669840931892395,0.6756224364042283,0.6816604256629943,0.6860865831375123,0.6929222643375397,0.6971909999847412,0.7046761095523835,0.7097595304250717,0.717101263999939,0.7218115091323852,0.7279433250427246,0.7334360122680664,0.7387908786535263,0.744418603181839,0.7505939930677414,0.7561256736516953,0.7609819412231446,0.7683093070983886,0.7723720699548722,0.7787726581096649,0.7846841752529145,0.7907947063446045,0.7967346727848053,0.802006009221077,0.809768807888031,0.8151949048042297,0.8212593555450439,0.8272264033555985,0.8336811780929565,0.8402091979980468,0.8479607850313187,0.85448057949543,0.8603198021650315,0.8679120033979416,0.8755600780248642,0.88178750872612,0.8896393150091171,0.8956487834453583,0.9051575750112534,0.9124550342559814,0.9196915596723556,0.9309452623128891,0.9382579267024994,0.9466976821422577,0.9565324753522872,0.96588234603405,0.9750596076250077,0.98448326587677,0.9976568877696991,1.0099507868289948,1.0205558776855468,1.0379941642284394,1.0540590167045594,1.072686207294464,1.090970867872238,1.1162400364875793,1.1569229245185852
t_115,0.9608030766248703,0.9603102147579193,0.9645603120326995,0.9627466529607773,0.9620931684970856,0.9631073713302613,0.958241406083107,0.9563487946987153,0.9505368232727051,0.9511900007724762,0.9481189489364624,0.9428930282592773,0.9453064680099488,0.9433794409036637,0.945526173710823,0.9381077468395234,0.9349707216024399,0.9304728269577026,0.9268386989831925,0.9238415747880936,0.9190571635961533,0.9172831565141678,0.913306325674057,0.907377302646637,0.9041457891464233,0.9009972989559174,0.8960358589887619,0.8875679284334183,0.882977694272995,0.8780312776565552,0.8705009341239929,0.8656074821949005,0.8582104861736297,0.8486861318349839,0.8395533680915832,0.8280070751905442,0.8244482964277268,0.8102282285690308,0.8010973006486892,0.790802401304245,0.7792078107595444,0.7654029786586761,0.7502300292253494,0.7462303400039673,0.7262703865766525,0.7140716135501861,0.6979159742593766,0.6827828854322433,0.6661314517259598,0.650508365035057,0.6356648325920105,0.6167457908391952,0.5969779163599014,0.5808000266551971,0.5628104597330094,0.5413204610347748,0.524560397863388,0.5075476869940758,0.4897015020251274,0.47203425467014315,0.4500861927866936,0.4331288903951645,0.4154715210199356,0.3949586510658264,0.37354624420404436,0.3573610633611679,0.34099089205265043,0.31892158687114713,0.3054897263646126,0.2896589159965515,0.2689025834202766,0.2480241373181343,0.23115635439753532,0.21585359573364257,0.19734540805220604,0.17534826844930648,0.15975598469376565,0.14192832857370377,0.1219859279692173,0.1034975465387106,0.08985955901443958,0.07358030006289482,0.057734732143580915,0.04982405975461006,0.0,0.05155564453452825,0.06306440439075231,0.07525081261992454,0.08934123441576958,0.1068244494497776,0.12096495702862739,0.1337485894560814,0.1519013412296772,0.16528714075684547,0.18041702285408973,0.19717769026756288,0.21368352621793746,0.22782108262181283,0.24335842281579972,0.26051603704690934,0.27249895632266996,0.2860204875469208,0.2994278982281685,0.3128656640648842,0.32351511120796206,0.33712914288043977,0.34764820486307146,0.3595073282718658,0.37138538956642153,0.3861734941601753,0.3940378338098526,0.40705743432044983,0.4157331645488739,0.4271850764751434,0.43809361606836317,0.4490328624844551,0.4569587767124176,0.46965828984975816,0.4772243410348892,0.48597712218761446,0.4954613000154495,0.5030846104025841,0.5101040616631508,0.5206233754754066,0.5285201132297516,0.5366981327533722,0.5438019543886184,0.5527385652065278,0.5590296477079392,0.562638857960701,0.5750127017498017,0.5797069281339645,0.5861065506935119,0.5943807333707809,0.6020726025104522,0.6075715631246567,0.6144961148500443,0.6222973883152008,0.6276724398136139,0.6336329013109208,0.6400196790695191,0.6472133815288543,0.6530351638793945,0.6591927379369735,0.6650084763765335,0.6711136698722839,0.6756047964096069,0.6824951618909836,0.6867785930633545,0.6943797111511231,0.6995428532361985,0.7069640755653381,0.7116900116205216,0.7179023206233979,0.7234583139419556,0.7288631945848465,0.7345360726118088,0.7408008635044098,0.7463702261447906,0.7512943357229233,0.7586605370044708,0.7627792328596115,0.769245108962059,0.7752365946769715,0.78140589594841,0.787379777431488,0.7927196770906448,0.8005250334739685,0.8060288459062577,0.8121458113193512,0.81817367374897,0.8246710687875748,0.8312683820724487,0.8390763461589813,0.8456573724746704,0.8515503436326981,0.859220239520073,0.8669498831033706,0.87321957051754,0.8811533331871033,0.8871802031993866,0.8967967987060547,0.9041599005460739,0.9114413440227509,0.9227985143661499,0.9301691651344299,0.9386836886405945,0.9486011594533921,0.9580333173274994,0.9672932922840118,0.9767761886119842,0.9900529772043228,1.0024487107992173,1.013140207529068,1.030736082792282,1.0469085931777955,1.0656904876232147,1.0841114819049835,1.109570848941803,1.1505662322044372
t_114,0.9665222078561783,0.9660119563341141,0.9702041804790497,0.9684183686971665,0.9677613765001297,0.9687389552593231,0.9639514565467835,0.9620772182941437,0.9563458502292633,0.9569845467805862,0.9539525598287583,0.9487983256578445,0.9511599540710449,0.9492316126823426,0.9513393253087997,0.9440273016691207,0.940893879532814,0.9364557832479476,0.9328691154718399,0.9298803955316544,0.925145736336708,0.9233927190303802,0.9194504171609879,0.9135891079902649,0.9103696137666702,0.9072460770606995,0.9023445874452591,0.8939604341983796,0.8894180566072464,0.8845002949237823,0.8770316183567047,0.87220878303051,0.864867490530014,0.8554667174816132,0.8464285582304001,0.8350328743457794,0.8314658969640731,0.8174066185951233,0.8084069818258286,0.7982301741838456,0.786783704161644,0.773113590478897,0.75812768638134,0.7541564255952835,0.7344728261232376,0.7224363446235657,0.7064795583486557,0.6915420323610306,0.6750895589590072,0.6597440004348755,0.6450875878334046,0.6263912290334701,0.6069389820098877,0.5909575760364533,0.5732405185699463,0.5521250098943711,0.5355827748775482,0.5188573092222214,0.5011734023690224,0.48382107466459273,0.4622693955898285,0.4455564633011818,0.42806961834430696,0.40795883983373643,0.38680630177259445,0.3707907050848007,0.3547189086675644,0.332960470020771,0.3195760637521744,0.3039883732795715,0.28317839205265044,0.2627030357718468,0.24618357717990874,0.23084269240498542,0.21245114803314208,0.19053090065717698,0.17417925149202346,0.15736754164099692,0.13844371289014817,0.11916675791144371,0.10419829823076725,0.0878069706261158,0.07039447389543056,0.057099058479070666,0.05155564453452825,0.0,0.05380124505609274,0.0644069917500019,0.07553679756820202,0.09316193126142025,0.10542633533477783,0.11918968185782433,0.1363179288804531,0.1502445839345455,0.16612283065915107,0.18205148503184318,0.19814613237977027,0.21254420801997184,0.22861775234341622,0.24584530293941498,0.2580804958939552,0.2717122048139572,0.2848927602171898,0.29879074841737746,0.3093710899353027,0.32290172278881074,0.3336938351392746,0.34589833766222,0.3577111378312111,0.3727136135101318,0.3805796891450882,0.3938996210694313,0.40280280262231827,0.4141724228858948,0.42511467933654784,0.4362716838717461,0.44440002292394637,0.457135446369648,0.4649443656206131,0.4738773420453072,0.4833584263920784,0.491023613512516,0.498221842944622,0.5088647529482841,0.5168069526553154,0.5250812217593193,0.5323132932186126,0.5412706762552262,0.5476773828268051,0.5514158099889755,0.5638377666473389,0.5685963809490204,0.5751212924718857,0.5835206240415574,0.591245460510254,0.5968985289335251,0.6038884907960892,0.6117811083793641,0.6172782629728317,0.6233433485031128,0.6297764092683792,0.6370472818613052,0.6429385334253311,0.6491878241300583,0.6550741821527482,0.6612058818340302,0.6658342391252517,0.6727928936481475,0.6772113382816315,0.684843310713768,0.6900252491235733,0.6975445777177811,0.7023871541023254,0.7086118340492249,0.714237830042839,0.7197502344846726,0.7255179971456528,0.7317996323108673,0.7374723464250564,0.7424945414066315,0.7498915314674377,0.7540874868631363,0.7606020629405975,0.7666797459125518,0.7729138344526291,0.7789735347032547,0.784402596950531,0.7923036694526673,0.7978787571191788,0.804072591662407,0.8102083593606949,0.8167640298604966,0.823445999622345,0.8313215494155883,0.8379957705736161,0.8439862221479416,0.851745018362999,0.8595383495092392,0.8658583223819732,0.8739357650279999,0.8800198346376419,0.8896939218044281,0.8971253097057342,0.9045782417058945,0.9160300046205521,0.9234371542930603,0.9320647478103637,0.9421029567718506,0.9516435444355011,0.960998398065567,0.9706290990114212,0.9840210199356079,0.9965250611305236,1.0073338210582734,1.025123342871666,1.0414809107780456,1.0604306876659393,1.0790210127830506,1.1047474801540376,1.1461086094379425
t_113,0.9757953941822052,0.97529536485672,0.9794241935014725,0.9776752024888993,0.9770231127738953,0.9779789417982101,0.9732853174209595,0.9714517235755921,0.9658161491155625,0.9664432257413864,0.9634704381227494,0.9584067642688752,0.9607276618480682,0.9588298857212066,0.9608969002962112,0.953717690706253,0.9506289690732956,0.9462740808725357,0.9427490442991256,0.939814355969429,0.935153329372406,0.9334423840045929,0.9295606046915055,0.9238017082214356,0.9206360250711441,0.9175591766834259,0.9127509653568268,0.9045067191123962,0.9000335365533829,0.8951974779367446,0.8878489702939987,0.8831062644720078,0.8758804440498352,0.8666418552398681,0.8577455461025238,0.846550053358078,0.843022084236145,0.8291914075613022,0.8203571140766144,0.8103509902954101,0.7990865051746369,0.7856407582759857,0.7708936512470246,0.7670081257820129,0.7476604044437408,0.7358235985040664,0.7201444327831268,0.7054547995328904,0.6892587274312973,0.674224105477333,0.6598082065582276,0.6413884162902832,0.6222826302051544,0.6065760970115661,0.5891864508390426,0.5684782296419144,0.5521827727556229,0.5357473701238632,0.5183297693729401,0.5013025760650635,0.4800980255007744,0.4636878341436386,0.4464373752474785,0.4267148897051811,0.40586724132299423,0.3900542944669724,0.3741539388895035,0.35282796919345855,0.3395646721124649,0.3242293044924736,0.30361074656248094,0.2833676621317863,0.2670637220144272,0.25184357166290283,0.23364267647266387,0.2119234323501587,0.19557424262166023,0.17863379716873168,0.15948601365089415,0.1399293139576912,0.124483110755682,0.10687957480549812,0.08834143914282322,0.07530438899993896,0.06306440439075231,0.05380124505609274,0.0,0.05135728400200605,0.057304621674120426,0.07453777380287648,0.08581756837666035,0.09948782883584499,0.11572002470493317,0.12949066944420337,0.14560853391885759,0.16130230873823165,0.17766279727220535,0.1921210415661335,0.2081395298242569,0.2253829300403595,0.23773107081651687,0.2517351545393467,0.2651284232735634,0.2790559411048889,0.2897355854511261,0.3035633608698845,0.3145467936992645,0.3269998699426651,0.33897276520729064,0.35413632094860076,0.3621399074792862,0.37572924941778185,0.3848618283867836,0.39635212123394015,0.4073984384536743,0.41870623677968977,0.427173313498497,0.4400017917156219,0.44799672812223434,0.4570560991764069,0.46661789566278455,0.47450646907091143,0.48184607923030853,0.49265912771224973,0.5006754159927368,0.5091589450836181,0.5164697214961051,0.5255176678299904,0.5320808023214341,0.5359299421310425,0.5484848529100418,0.5533425629138946,0.5599977076053619,0.568530735373497,0.5763486087322235,0.5821520894765854,0.5892144620418549,0.5972211539745331,0.6028390824794769,0.6090404719114304,0.6155268460512161,0.622908741235733,0.6288562804460526,0.6352286368608475,0.6412328779697418,0.6474386423826217,0.6521926373243332,0.6592331051826477,0.6637708246707916,0.6714865863323212,0.6767528921365737,0.684365701675415,0.6893378406763077,0.6956146448850632,0.7013281852006912,0.7069459676742553,0.712837815284729,0.7191706597805023,0.7249286651611329,0.7300688832998276,0.7375307232141495,0.7418162077665329,0.7483948707580567,0.7545906364917755,0.7609245330095291,0.7670607268810272,0.772567880153656,0.7806010037660599,0.7862525075674057,0.7925432562828064,0.7987538725137711,0.8054041862487793,0.8121967881917953,0.8201504200696945,0.8269537210464477,0.8330391556024551,0.8409018218517303,0.8487589806318283,0.855188837647438,0.8633969366550446,0.8695484668016433,0.8793139398097992,0.8868418663740159,0.8944470703601837,0.9060089498758316,0.9134919255971908,0.9222359836101532,0.9324061065912247,0.9420875668525696,0.9515555232763291,0.9613370776176453,0.9748497754335403,0.9875060111284256,0.9984644770622253,1.0164580374956131,1.0330179929733276,1.052192795276642,1.0709955513477325,1.0970407605171204,1.1388614177703857
t_112,0.9820747822523117,0.981547212600708,0.9856091767549515,0.9838903993368149,0.9832366436719895,0.9841473430395127,0.9795532643795013,0.9777457565069199,0.9721842616796493,0.9728061109781265,0.9698793649673462,0.9648902118206024,0.9671634435653687,0.9652535796165467,0.967290273308754,0.9602139741182327,0.9571443378925324,0.9528499722480774,0.9493808180093766,0.9464580625295639,0.9418518871068955,0.9401650667190552,0.9363289564847946,0.9306518048048019,0.9274936109781265,0.924436378479004,0.9197195708751679,0.9115663886070251,0.9071441024541855,0.9023419171571732,0.8950580060482025,0.8904012829065323,0.8832189261913299,0.8741128385066986,0.8653404235839843,0.8542932450771332,0.850751668214798,0.8371085584163666,0.8283969819545746,0.8185489416122437,0.8074148595333099,0.7941115498542786,0.7795603841543197,0.775720626115799,0.7566720426082612,0.7449797302484512,0.7295324474573135,0.7150247901678085,0.6990152597427368,0.6842801123857498,0.6700601249933242,0.6519029676914215,0.633048540353775,0.617583155632019,0.6005532443523407,0.5801256179809571,0.5640589118003845,0.5478965282440186,0.530660405755043,0.5140044957399368,0.4931648001074791,0.4768960908055305,0.4598895624279976,0.44049276411533356,0.41991058439016343,0.40435662120580673,0.38878434598445893,0.3675828844308853,0.35454809963703154,0.33940142691135405,0.31872876882553103,0.2992017775774002,0.28277832865715025,0.2677886947989464,0.24955447539687156,0.2277380958199501,0.2117732010781765,0.19496284872293473,0.17583470195531845,0.15618641823530197,0.14123471528291703,0.1234602939337492,0.1046682819724083,0.09027196578681469,0.07525081261992454,0.0644069917500019,0.05135728400200605,0.0,0.05152427051216364,0.06084948182106018,0.07360124997794629,0.08357209376990796,0.10072277784347534,0.11426995322108269,0.12995048612356186,0.1450900211930275,0.16128883585333825,0.17592024505138398,0.19169501587748528,0.20912629440426828,0.22171026319265366,0.23565978780388833,0.2490842305123806,0.26331484466791155,0.27411414682865143,0.28807753175497053,0.29931546896696093,0.3118095904588699,0.32375880181789396,0.3390439584851265,0.34716704189777375,0.36092624068260193,0.37024403363466263,0.3817332908511162,0.39305892288684846,0.4045947462320328,0.4130648851394653,0.4260895445942879,0.434200656414032,0.44346946477890015,0.4532390430569649,0.46093826442956926,0.4684694200754166,0.4793524190783501,0.4876638248562813,0.49603173285722735,0.5034869253635407,0.5126263543963432,0.5193424463272095,0.5232869639992714,0.5358854711055756,0.5407875031232834,0.5475747495889663,0.5561910837888717,0.5640827357769013,0.5700201153755188,0.5772443562746048,0.5853224515914917,0.5911252945661545,0.5973378717899323,0.6039191454648971,0.6114617496728897,0.6173921704292298,0.6239043831825256,0.6299395084381103,0.6361846089363098,0.6410839676856994,0.648241201043129,0.6528788357973099,0.6606448590755463,0.6659279197454453,0.67367482483387,0.6787501066923142,0.6850445181131363,0.6908868372440338,0.6965870529413223,0.7025798231363296,0.7089344501495362,0.7147966027259827,0.7200388699769974,0.7275489062070847,0.731909304857254,0.7385652899742127,0.7448573559522629,0.751240935921669,0.7574669152498246,0.7630821406841278,0.7712050586938858,0.7769506603479386,0.7833378970623016,0.7896457970142364,0.7963586747646332,0.8032327145338058,0.8112640619277954,0.8181688815355301,0.8243595272302627,0.8323263704776764,0.840278273820877,0.8467550188302994,0.8551268517971039,0.8613224774599075,0.8712019085884094,0.878798097372055,0.8865503162145615,0.898246756196022,0.9057597637176513,0.9146307855844498,0.9249426037073135,0.9347485154867172,0.9443246126174927,0.9542259961366654,0.9678893536329269,0.9806675225496292,0.9917492568492889,1.0099934935569763,1.0267337650060653,1.046119076013565,1.0651047289371491,1.0914414763450622,1.133674144744873
t_111,0.9891127616167068,0.9886247724294662,0.9926759690046311,0.9909777700901031,0.9903353154659271,0.9912610918283462,0.9867004305124283,0.9849297225475311,0.9794197469949723,0.9800472110509872,0.9771559596061706,0.9722058683633804,0.9744797736406327,0.9726317346096038,0.9746468544006348,0.9676498830318451,0.9646249890327454,0.9603896200656891,0.9569463014602662,0.9540887624025345,0.9495303630828857,0.9478797405958176,0.9440861523151398,0.9384772390127182,0.9353837460279465,0.9323737233877182,0.9277007162570954,0.9196505814790725,0.9152791857719421,0.9105567008256912,0.9033913224935531,0.898770073056221,0.8917078852653504,0.8826964229345322,0.8740306198596954,0.8631050705909729,0.859643092751503,0.8461546540260315,0.8375440627336502,0.8278009384870529,0.8167933583259582,0.8036741554737091,0.7892908960580826,0.7855081856250763,0.7666652500629425,0.7551233559846878,0.7398423701524734,0.7255115538835526,0.7097193002700806,0.6951236635446548,0.681071150302887,0.6631223380565643,0.6444926977157592,0.6292131781578064,0.612327441573143,0.5921541005373001,0.5762906908988953,0.5602872997522355,0.5432870268821717,0.5267422750592232,0.5061188533902168,0.49009542018175123,0.47328180372714995,0.4540251359343529,0.43372304141521456,0.41828748881816863,0.4028018891811371,0.38193436414003373,0.36901293098926546,0.3539584517478943,0.333725169301033,0.3139899283647537,0.29795258194208146,0.2830254346132278,0.2650471583008766,0.2435080163180828,0.22730185240507125,0.21068900525569917,0.19156958162784576,0.1719136893749237,0.15632400587201117,0.13831682056188582,0.11882354579865932,0.10356081202626229,0.08934123441576958,0.07553679756820202,0.057304621674120426,0.05152427051216364,0.0,0.052460181154310705,0.05846761669963598,0.07020838484168053,0.08426502123475074,0.0975851833820343,0.11347447633743286,0.1283750768750906,0.14464979097247124,0.15930550321936607,0.1755918599665165,0.19313382655382155,0.20550718456506728,0.2198354110121727,0.23338966369628905,0.2476714812219143,0.2585265301167965,0.2726349696516991,0.2839310899376869,0.2968001842498779,0.3089334830641747,0.3244785487651825,0.3326535582542419,0.3467275336384773,0.3561209425330162,0.36783202588558195,0.37918889373540876,0.3908150687813759,0.39957488775253297,0.41268741637468337,0.42095840275287627,0.4303072810173035,0.440106013417244,0.44810298830270767,0.45571244359016416,0.46680392026901246,0.4750955685973167,0.48371597826480867,0.4912418097257614,0.5004725128412246,0.5072725519537926,0.5112887278199196,0.5240843221545219,0.5290824502706528,0.5359429001808167,0.5447156876325607,0.5526638239622116,0.5586831778287887,0.5659543544054031,0.5741132378578186,0.5799447029829026,0.5862852752208709,0.5929219096899032,0.6005293875932693,0.606565973162651,0.6131188690662384,0.6192748188972473,0.6255943030118942,0.6305298268795013,0.6377498835325242,0.6424482345581055,0.6502989202737808,0.6556691735982895,0.6634656518697739,0.6686041533946991,0.6749662339687348,0.6808406829833984,0.6866266310214997,0.6926586508750916,0.6991020292043686,0.704990166425705,0.7103040158748627,0.7178771585226059,0.7222867339849472,0.7289862692356109,0.7353642821311951,0.7418240666389465,0.7480914920568467,0.7537528485059738,0.7619611233472824,0.7677414029836654,0.7741922408342361,0.7805373191833496,0.7873207747936248,0.7942566424608231,0.8023632824420929,0.8093359619379044,0.8155707269906998,0.8236044347286224,0.831598487496376,0.8381474673748016,0.8465799242258072,0.8528287082910537,0.862759706377983,0.870431798696518,0.8782496958971023,0.8900224000215531,0.8976066976785659,0.9065437346696854,0.9169217586517334,0.9268144875764847,0.9364610016345978,0.9464552283287049,0.9601992815732956,0.9730791777372361,0.9842469185590744,1.0026144087314606,1.0194734454154968,1.0389930784702301,1.0581237733364106,1.0846559047698974,1.1271942555904388
t_110,0.9966229438781739,0.9961423814296723,1.0001239597797393,0.9984532862901687,0.9978218704462052,0.9987255573272705,0.994247031211853,0.9925048083066941,0.9870741784572601,0.9876812160015106,0.9848355829715729,0.9799641817808151,0.9822045087814331,0.9803653568029403,0.982356196641922,0.9754528492689133,0.972476789355278,0.9683008790016174,0.9649135619401932,0.9620958983898162,0.9575949668884277,0.9559750586748124,0.9522401034832001,0.9467068642377854,0.9436513990163803,0.9406622290611267,0.9360801905393601,0.928147166967392,0.9238349795341492,0.9191704541444778,0.9120985567569733,0.9075517624616622,0.9005774438381196,0.8917121171951294,0.8831663399934768,0.872411185503006,0.8689819306135178,0.8556775510311126,0.8472157627344131,0.8376197099685669,0.8267783552408219,0.8138365715742111,0.7996724009513855,0.7959491074085235,0.7774180591106414,0.7660393387079238,0.7510193914175034,0.7369035810232163,0.7213487893342971,0.7070239573717118,0.6931876927614212,0.6755264371633529,0.6571920990943909,0.6421695232391358,0.6256107926368714,0.6057339370250702,0.5901319742202759,0.5744150966405869,0.5576502561569214,0.5414366066455841,0.5211737245321274,0.5053671211004257,0.48881986886262896,0.46987014412879946,0.44987397491931913,0.4346808195114136,0.4195075914263725,0.3987916812300682,0.38617110103368757,0.3713143542408943,0.35123645812273024,0.3320083111524582,0.3159954383969307,0.3012907177209854,0.2833699151873589,0.26198513954877856,0.246246587485075,0.22951529547572136,0.21027528420090674,0.19107155948877336,0.17593891844153403,0.1577786423265934,0.13788047134876252,0.12248939573764801,0.1068244494497776,0.09316193126142025,0.07453777380287648,0.06084948182106018,0.052460181154310705,0.0,0.05152160599827767,0.05638544410467148,0.07100529558956623,0.08167468421161175,0.09632343761622905,0.11074149198830127,0.1268751800060272,0.14113705307245256,0.15723462253808976,0.17466777488589286,0.1872335508465767,0.20138291120529175,0.21510637775063515,0.22948580384254455,0.24062108919024466,0.25506300628185274,0.2664007395505905,0.279251916706562,0.2915167063474655,0.3071875229477882,0.3155667409300804,0.3296820089221001,0.33928349167108535,0.3511247828602791,0.36276273876428605,0.37458283007144927,0.3833171367645264,0.3966524973511696,0.4050315335392952,0.41455098539590834,0.4246251255273819,0.43251471519470214,0.4403278559446335,0.45154424011707306,0.4600636690855026,0.4686907798051834,0.4763754576444626,0.48570853620767596,0.4926339745521545,0.49677194803953173,0.5096114158630372,0.5147141799330711,0.5216823279857635,0.5305506154894829,0.5386106252670289,0.5447323083877563,0.5521476894617081,0.5603851914405823,0.5663692384958268,0.5727555572986602,0.5794829994440078,0.5872052580118179,0.593284597992897,0.5999427199363708,0.6061695635318756,0.6125739812850952,0.6176193356513977,0.6249438017606735,0.6297357201576232,0.6376324206590652,0.6430502712726593,0.6509427964687348,0.6561933517456054,0.662599191069603,0.6685956001281739,0.6744371473789215,0.6805501133203506,0.6870500981807709,0.6930226236581802,0.6984426587820053,0.7060630470514297,0.7105429351329804,0.7173218607902527,0.723774328827858,0.7302905797958374,0.7366434752941131,0.7423843830823899,0.7506883084774018,0.756560429930687,0.7630805641412735,0.7695008993148804,0.7763574451208115,0.7833702832460403,0.7915492057800293,0.7986132383346558,0.80494225025177,0.8130703896284104,0.8211355745792389,0.827757203578949,0.8363038301467896,0.8426169335842133,0.8526492178440094,0.8604031294584275,0.8683363348245621,0.880220478773117,0.8878533184528351,0.8969004303216934,0.9073999732732773,0.9174120128154755,0.9271642237901687,0.9372756868600846,0.9511441051959991,0.9641534358263015,0.9754436075687408,0.9940354943275451,1.0110590010881424,1.0307924807071687,1.0501051008701325,1.0769337654113769,1.1198934257030486
t_109,1.0018598765134812,1.0013856917619706,1.0053304433822632,1.003677636384964,1.0030511647462845,1.0039452999830245,0.9995131075382233,0.9977934628725051,0.9924163520336151,0.9930177152156829,0.9902120769023895,0.9853787571191788,0.9875997930765152,0.9857852011919022,0.9877392679452897,0.9809162467718124,0.9779671758413315,0.9738362640142441,0.9704853057861328,0.9676973700523377,0.9632308274507523,0.9616381138563156,0.9579317897558213,0.952454149723053,0.9494325876235962,0.946467038989067,0.9419358044862747,0.9340809047222137,0.9298031240701675,0.9251883208751679,0.9181906193494797,0.9136834353208542,0.9067825734615326,0.8980068087577819,0.8895402997732162,0.8789043635129928,0.8755023837089538,0.8623344033956528,0.853963103890419,0.8444656401872634,0.8337346732616424,0.8209370285272598,0.8069194436073304,0.8032397031784058,0.7849127113819122,0.7736671745777131,0.7588035702705384,0.7448452770709991,0.7294578582048417,0.7153170138597489,0.701606884598732,0.684134167432785,0.6660325944423675,0.6511876523494721,0.6347982615232468,0.6151967972517014,0.5997752785682678,0.5842247605323792,0.5676496088504791,0.551615422964096,0.5316189378499985,0.5159786075353623,0.49963175058364867,0.48093812018632887,0.46118434965610505,0.4460666760802269,0.43102897703647614,0.41068052798509597,0.39811722934246063,0.3834557577967644,0.3635843649506569,0.3445170745253563,0.32874657660722734,0.314133383333683,0.2964612737298012,0.2752495512366295,0.25944310873746873,0.24303651824593545,0.22407470643520355,0.2048956960439682,0.18946920335292816,0.1714227579534054,0.15133009105920792,0.13595591709017754,0.12096495702862739,0.10542633533477783,0.08581756837666035,0.07360124997794629,0.05846761669963598,0.05152160599827767,0.0,0.051614268124103545,0.058590440824627874,0.06987686343491077,0.0838648535311222,0.09779334589838981,0.11339642405509949,0.1272260956466198,0.14377048164606093,0.16100162416696548,0.17358176335692405,0.18799628913402558,0.20164785608649255,0.21607094258069992,0.2271364450454712,0.24164009392261504,0.2531059466302395,0.26637873500585557,0.2786437377333641,0.2945487439632416,0.30295698493719103,0.317308109998703,0.32701056003570556,0.3390053197741508,0.3506190165877342,0.3625666916370392,0.37161545604467394,0.38504037708044053,0.393565921485424,0.40316770523786544,0.41329083889722823,0.42141066044569014,0.42930259108543395,0.4406737074255943,0.4490956380963326,0.4579926922917366,0.4657585024833679,0.47512471824884417,0.48214883655309676,0.48635369539260864,0.4993534356355667,0.5045107513666153,0.5115862026810646,0.5205415293574334,0.5286860823631286,0.5348602831363678,0.542308259010315,0.5506984978914261,0.5567261755466462,0.5632072448730469,0.5699858069419861,0.5777605175971985,0.5839258700609207,0.5906601667404174,0.5969592541456222,0.6034162938594818,0.6085413634777069,0.6158879637718201,0.6207537710666656,0.628731083869934,0.6342265009880066,0.6422007560729981,0.6475040823221206,0.6539604306221009,0.6599975466728211,0.6659121423959732,0.6720806777477264,0.6786653161048889,0.6846820265054703,0.6901728451251984,0.6978429824113845,0.7023698151111603,0.7092016905546188,0.7157164186239242,0.7223319798707962,0.7287265926599502,0.7345194786787033,0.7428894907236099,0.7488384664058685,0.7554056376218796,0.7619034647941589,0.768806341290474,0.7759081333875656,0.7841391652822495,0.7912695288658143,0.7976699471473694,0.8058633893728256,0.8139919251203537,0.8206686645746231,0.8292985439300538,0.8356509894132614,0.8457538515329361,0.8535744577646256,0.8616056084632874,0.8735610753297806,0.8812623113393784,0.8903871923685074,0.9009656548500061,0.9110654950141907,0.9208922654390335,0.9311076402664185,0.9450584590435028,0.958170935511589,0.9695587038993836,0.9882776945829391,1.005431517958641,1.0253039300441742,1.044757854938507,1.0717837452888488,1.11504824757576
t_108,1.0074262499809266,1.0069517850875855,1.0108730256557465,1.0092386692762374,1.0086115658283235,1.0094935089349746,1.0051164984703065,1.003432148694992,0.9980905652046204,0.998701885342598,0.9959289163351059,0.9911349087953567,0.99334237575531,0.9915425926446915,0.9934802025556564,0.9867264330387115,0.9838009238243103,0.9797275424003601,0.9764032781124115,0.9736429274082183,0.9692233473062515,0.9676550060510636,0.9639864176511764,0.9585794568061828,0.9555794954299927,0.952646455168724,0.9481776416301727,0.940396836400032,0.9361667275428772,0.9315992444753647,0.9246756672859192,0.9202285408973694,0.9133845120668411,0.9047013580799103,0.8963488548994064,0.8858109384775161,0.8824395567178727,0.8694275468587875,0.8611349403858185,0.8517637431621552,0.841126537322998,0.8284620344638824,0.8145922541618347,0.8109580516815186,0.7928458988666535,0.7817073076963424,0.7670183271169663,0.7531858503818512,0.7379637807607651,0.7239995986223221,0.7104423403739929,0.6931928902864456,0.6752328336238861,0.6605848491191864,0.6444325596094131,0.6250025928020477,0.6097594022750854,0.5943884253501892,0.5779968827962876,0.5621792674064636,0.5423937231302262,0.5268768459558487,0.5107436284422875,0.49219087362289426,0.47266280055046084,0.4577810257673264,0.44294190853834153,0.4226860925555229,0.4103262171149254,0.39571947008371355,0.37607762664556504,0.35727211385965346,0.3415334224700928,0.3271696910262108,0.3094189018011093,0.2884211927652359,0.272968228161335,0.2564480811357498,0.2374217040836811,0.21828957125544549,0.20319101288914682,0.1852394975721836,0.1654570333659649,0.14984816461801528,0.1337485894560814,0.11918968185782433,0.09948782883584499,0.08357209376990796,0.07020838484168053,0.05638544410467148,0.051614268124103545,0.0,0.05226177927106619,0.05972206834703684,0.07100002579391003,0.08475564010441303,0.09933068789541721,0.11343370378017426,0.12897688075900077,0.14681584313511847,0.15902194455266,0.173480524122715,0.18719059824943543,0.20176569744944572,0.2131085515022278,0.22778998389840127,0.23927948325872422,0.25253755003213885,0.26492743417620657,0.28106740564107896,0.28956563025712967,0.303998538851738,0.3138830468058586,0.32589993476867674,0.33794392347335817,0.35004659593105314,0.358918496966362,0.3727023616433144,0.3812077701091766,0.3909789264202118,0.4013985484838486,0.40937291383743285,0.4173322290182114,0.42880261689424515,0.4376786798238754,0.44633257389068604,0.4542846754193306,0.4638303995132446,0.4709518179297447,0.47515916228294375,0.48832760751247406,0.49353922307491305,0.5006758898496628,0.5097405031323433,0.5179436534643174,0.5242382273077965,0.5318532422184944,0.5402862340211868,0.546499714255333,0.5529515326023102,0.5598596543073654,0.567782199382782,0.5739342004060746,0.5807768285274506,0.5871315181255341,0.5936067163944244,0.5988113403320312,0.6063377499580384,0.6112445086240769,0.6193060427904129,0.62479747235775,0.6328905373811722,0.6382612138986588,0.644783216714859,0.6509152084589005,0.6569090604782104,0.6631469190120697,0.6697707533836365,0.6758782058954239,0.6814200431108475,0.6891731083393097,0.6937388598918914,0.7006625026464463,0.7072485566139222,0.7138888210058212,0.7203708976507187,0.7262677520513534,0.7347017973661423,0.7407235383987427,0.7473845452070236,0.7539493083953858,0.7609142482280731,0.7680624693632125,0.7763912916183472,0.7835863709449769,0.7900522291660309,0.7983425319194793,0.8065514683723449,0.8132716327905655,0.8220236212015152,0.8284270077943802,0.8386335164308548,0.8465043723583221,0.8546277314424515,0.8667107224464417,0.8744529366493226,0.8836773931980133,0.8943661332130433,0.9045620560646057,0.9144801527261734,0.9247638881206512,0.9388638377189636,0.9520809322595596,0.9635505557060242,0.9824832260608674,0.9997770696878433,1.0198226690292358,1.0394214272499085,1.0666697144508361,1.1102629840373992
t_107,1.0134483695030212,1.012966948747635,1.0168071925640105,1.0152097642421722,1.0145786374807357,1.015426915884018,1.0111448436975479,1.0094716489315032,1.0042323857545852,1.004809355735779,1.0020722806453706,0.9973826199769974,0.9995308101177216,0.9977239280939102,0.9996217519044877,0.992981469631195,0.9900753021240234,0.9860551953315735,0.9827947199344635,0.9800547212362289,0.9756976336240768,0.9741500616073608,0.9705311834812165,0.9651894897222519,0.9622115671634675,0.9593036144971847,0.9549068093299866,0.9472363650798797,0.94306078851223,0.9385352253913879,0.9316686242818832,0.9272936820983887,0.9205113172531127,0.9119852691888809,0.9037036657333374,0.8933541804552079,0.8899697899818421,0.8771333485841751,0.868999519944191,0.8597604691982269,0.8492739975452424,0.8367597401142121,0.8230891346931457,0.8194941759109498,0.8016571700572968,0.790696057677269,0.7762554705142974,0.7626188725233078,0.7475870847702026,0.7339083522558212,0.7205523401498795,0.7034987151622772,0.6858699649572373,0.6714424580335617,0.6555781930685043,0.6365376591682435,0.6214960187673568,0.6063988775014877,0.5901956528425216,0.5746832102537155,0.5552852183580399,0.540019828081131,0.5240961909294128,0.5059222191572189,0.486681641638279,0.4719801038503647,0.4573209464550018,0.4374727800488472,0.42518371194601057,0.4108067572116852,0.3912170186638832,0.37283248752355574,0.35738738179206847,0.34304909259080885,0.3255868047475815,0.30484223663806914,0.2891373410820961,0.2731140241026878,0.2546553581953049,0.23560369461774827,0.2203678756952286,0.20264009535312652,0.18298334032297134,0.16731934025883674,0.1519013412296772,0.1363179288804531,0.11572002470493317,0.10072277784347534,0.08426502123475074,0.07100529558956623,0.058590440824627874,0.05226177927106619,0.0,0.05196533184498549,0.06198596321046353,0.06998440325260162,0.08369009010493755,0.09713944047689438,0.11336730681359768,0.13043993152678013,0.14288248345255852,0.15740408152341842,0.17045688405632972,0.185594292730093,0.19634611457586287,0.2108554758131504,0.22275091335177422,0.23628656417131425,0.2489134095609188,0.26506435945630075,0.27362258434295655,0.2885407000780106,0.29867724925279615,0.31057818084955213,0.3224363446235657,0.33481762409210203,0.34419805109500884,0.3578124433755875,0.36677245497703553,0.3765873908996582,0.3868398055434227,0.39519845098257067,0.403376629948616,0.4149791061878204,0.4237771347165108,0.4327572375535965,0.4407945066690445,0.45030778348445893,0.4576345235109329,0.46198797076940534,0.47522087544202807,0.4805055812001228,0.4878208860754967,0.49700959473848344,0.5053215608000755,0.5118034303188324,0.5194625869393349,0.5280748680233955,0.5343606531620025,0.5410474509000778,0.5479337573051453,0.5559797078371048,0.5622154533863067,0.5691998541355133,0.575664958357811,0.5821759581565857,0.5875661730766296,0.5951410144567489,0.600270465016365,0.6083661615848541,0.6139244496822357,0.6221176981925964,0.6276423394680023,0.6341720879077911,0.6403958469629287,0.6465497374534607,0.6529408991336823,0.659548869729042,0.6657763510942459,0.6714402228593827,0.6792648673057556,0.6839490294456482,0.6908985763788223,0.6976140677928925,0.704372501373291,0.7109493792057038,0.7169432014226913,0.7255309045314788,0.7316067814826965,0.738383561372757,0.7450497835874558,0.7521183758974075,0.7593893229961395,0.7677922636270523,0.7751212596893311,0.781728994846344,0.79011749625206,0.7983928978443146,0.805219167470932,0.8141298145055771,0.8206018060445786,0.8308643788099289,0.8388294667005539,0.8471845358610153,0.8593689233064652,0.8671551048755646,0.8765175968408585,0.8873490810394287,0.8976872742176056,0.907717975974083,0.9182017773389817,0.9324123203754425,0.9457766830921173,0.9574062079191208,0.9765382826328277,0.9940700978040695,1.0143325239419938,1.034145039319992,1.0617236614227294,1.1057534277439118
t_106,1.0194027781486512,1.0189544796943664,1.022787344455719,1.0211966574192046,1.0205855250358582,1.0214527726173401,1.0171854972839356,1.0155508995056153,1.0103267192840577,1.0109155297279357,1.0082214951515198,1.0035284727811813,1.0056953370571136,1.0039458364248275,1.0058254182338715,0.9992286950349808,0.9963784486055374,0.992400249838829,0.9891561210155487,0.9864721238613129,0.9821386605501174,0.9806278318166732,0.977036428451538,0.9717496007680893,0.9688307553529739,0.9659460932016373,0.9615993976593018,0.9540050774812698,0.9498569995164872,0.9454055309295655,0.9386462926864624,0.9342891901731492,0.9276131302118301,0.9191394984722138,0.9109667956829071,0.9006977766752243,0.8973952144384384,0.8846864342689514,0.8766056507825851,0.8674564898014069,0.8570605039596557,0.8447102189064026,0.8311655431985855,0.8276352286338806,0.8099758714437485,0.7991037130355835,0.7847929120063781,0.7712958544492722,0.7564459860324859,0.7428632199764251,0.7296182811260223,0.712781423330307,0.6952783584594726,0.6810276716947555,0.6652927249670029,0.6463828653097152,0.631539249420166,0.6165334075689316,0.600550040602684,0.5851447701454162,0.565875244140625,0.5507134377956391,0.5349822908639907,0.51689333319664,0.49792187809944155,0.4832811415195465,0.46879036277532576,0.4490884095430374,0.43704715371131897,0.42277001589536667,0.40353930443525315,0.38518610298633577,0.3697650209069252,0.3557240188121796,0.3383904382586479,0.31776116490364076,0.30248140543699265,0.28646629899740217,0.26770805567502975,0.24913213327527045,0.23401322662830354,0.21622818410396577,0.19651469886302947,0.18097573816776275,0.16528714075684547,0.1502445839345455,0.12949066944420337,0.11426995322108269,0.0975851833820343,0.08167468421161175,0.06987686343491077,0.05972206834703684,0.05196533184498549,0.0,0.05238588023930788,0.05985328685492277,0.07239154540002346,0.08486568704247474,0.10055318959057331,0.11741699762642384,0.12880719415843486,0.1429873898625374,0.1568861871957779,0.17129769474267958,0.18274740874767303,0.19752747267484666,0.2091774068772793,0.2229568399488926,0.23547786399722098,0.2518966026604176,0.26037243008613586,0.27534314543008803,0.28529087603092196,0.29770528227090837,0.30998765826225283,0.32227495312690735,0.33149787336587905,0.3455043897032738,0.35441576689481735,0.3643461957573891,0.3750479698181152,0.3831700637936592,0.39133677184581755,0.40318328589200975,0.41210589855909346,0.42112654596567156,0.4292574360966682,0.4389084815979004,0.44629128128290174,0.4506238833069801,0.4641180023550987,0.4694376140832901,0.4767972111701965,0.4861740007996559,0.49449513107538223,0.5009454980492591,0.5087038621306419,0.517383299767971,0.5237247198820114,0.5303535774350167,0.5373896449804306,0.5455276608467102,0.551803457736969,0.558847326040268,0.5653346061706543,0.5719775706529617,0.5773588091135025,0.5850131630897522,0.590058782696724,0.5982735544443131,0.6039020210504532,0.6121824681758881,0.6177283674478531,0.6243400335311889,0.6306207060813904,0.6367657601833343,0.6431213617324829,0.6499179184436799,0.6561240017414093,0.661857795715332,0.6697123438119889,0.6743820101022721,0.6814483165740967,0.6881919741630554,0.6949957728385925,0.7016090601682663,0.7076158374547958,0.7162324517965317,0.722403034567833,0.7291869908571244,0.7358787149190903,0.7429723799228668,0.7502901315689087,0.7587656170129776,0.7661246836185456,0.7727348417043686,0.7811798334121705,0.7895301729440689,0.7963764876127243,0.8053108721971511,0.8118105322122574,0.8221933603286743,0.8302234977483749,0.8385270595550537,0.8508053541183471,0.8586807399988174,0.8680803686380386,0.8789600491523742,0.8893621772527694,0.899456587433815,0.9099422335624695,0.9242500841617585,0.9377062827348709,0.9493898421525955,0.9686614662408829,0.9862332701683044,1.0066271543502807,1.0265503168106078,1.0542766511440278,1.0985840797424316
t_105,1.025283980369568,1.0248498141765594,1.0286721587181091,1.0270889699459076,1.0264965772628785,1.0273693919181823,1.0231288552284241,1.0215323090553283,1.016339933872223,1.0169442772865296,1.0142916023731232,1.0096155256032944,1.0117897748947144,1.010084068775177,1.0119386523962022,1.0054033666849136,1.0026097476482392,0.9986750572919846,0.9954570382833481,0.9928271055221558,0.9885221093893051,0.987044769525528,0.9834910601377487,0.9782705068588257,0.9753996044397354,0.9725442796945571,0.9682549446821213,0.9607434272766113,0.9566333621740342,0.9522520899772644,0.9456065714359283,0.9412800639867782,0.9347024977207183,0.9263059467077255,0.9182479739189148,0.9080743759870529,0.904844680428505,0.8922876834869384,0.8842640399932862,0.875238785147667,0.8649497985839844,0.8527650535106659,0.8393818825483322,0.8359081715345382,0.8184584707021714,0.8077114999294281,0.793547385931015,0.7802132368087769,0.7655579745769501,0.752119106054306,0.739011538028717,0.7224470615386963,0.7051241129636765,0.6910637110471726,0.6755207657814026,0.6567750900983811,0.6421582043170929,0.6273085653781891,0.6115543961524963,0.5963148981332779,0.577272754907608,0.5622444212436676,0.546792209148407,0.5288220077753067,0.5101113840937614,0.4956271290779114,0.48131401240825655,0.46181782335042953,0.4500015303492546,0.4358472600579262,0.4170268326997757,0.39878629297018053,0.38348173201084135,0.3696951135993004,0.3525596454739571,0.3321063548326492,0.31733454018831253,0.3011602208018303,0.2822256997227669,0.2640800170600414,0.24931060746312142,0.23158834278583526,0.21188836991786958,0.1966874197125435,0.18041702285408973,0.16612283065915107,0.14560853391885759,0.12995048612356186,0.11347447633743286,0.09632343761622905,0.0838648535311222,0.07100002579391003,0.06198596321046353,0.05238588023930788,0.0,0.05433336831629276,0.06426661498844624,0.073999560251832,0.08590748980641365,0.10270005948841572,0.11373141221702099,0.12728740014135836,0.14255871027708053,0.15564076378941535,0.16787097007036209,0.18318225294351578,0.194443941116333,0.20797609239816667,0.2207094632089138,0.2372996762394905,0.2460811160504818,0.2606940120458603,0.2706900551915169,0.283556205034256,0.29624986499547956,0.3084897592663765,0.31765628308057786,0.3321209609508514,0.3407234027981758,0.3508470878005028,0.3619141146540642,0.3699859410524368,0.3782827705144882,0.3902187913656235,0.39937213361263274,0.40841922760009763,0.4166917562484741,0.4265563428401947,0.4339707314968109,0.4383431777358055,0.4520071491599083,0.4574628219008446,0.46486277133226395,0.4742249846458435,0.4827116787433624,0.48909264206886294,0.4970619395375252,0.5057865768671036,0.5122275412082672,0.5188151448965073,0.5259936705231667,0.5342341095209122,0.5405747681856156,0.5476514160633087,0.5541968196630478,0.5609542250633239,0.5663235634565353,0.5740481406450272,0.5790630459785462,0.5874240696430206,0.5931529879570008,0.6014998972415924,0.6070180922746659,0.6137563914060593,0.6200917422771454,0.6262643814086915,0.6325974583625793,0.6395451992750167,0.6457523792982102,0.6515345484018326,0.6594348877668381,0.6641416370868682,0.6712939471006394,0.6780866861343384,0.6849492579698563,0.6915756374597549,0.6976392060518265,0.706259599328041,0.7125186175107956,0.7193357348442078,0.7260649472475051,0.7331948310136795,0.7405542641878128,0.7490887343883514,0.7564720094203949,0.7631147563457489,0.7716317713260651,0.7800613909959793,0.7869376569986344,0.7959223836660385,0.8024359554052353,0.8129262834787369,0.8210237175226212,0.8293221831321717,0.8416904389858246,0.8496434658765792,0.8590987265110016,0.8700342297554016,0.8805065214633941,0.8906780362129212,0.9011982262134552,0.9156007498502732,0.9291474282741546,0.9409123688936234,0.9603237807750702,0.9779759287834168,0.9985158205032348,1.0185770481824874,1.046477311849594,1.0911136448383332
t_104,1.0325630724430084,1.0321075439453125,1.0358574986457825,1.0343187868595123,1.0337046146392823,1.0345297276973724,1.0303958654403687,1.0288142919540406,1.0237284421920776,1.0243097782135009,1.0216861724853517,1.0171226739883423,1.019220918416977,1.0175055742263794,1.019325590133667,1.0129210233688355,1.010117107629776,1.0062542796134948,1.0030914783477782,1.0004729717969894,0.9962354242801666,0.994780495762825,0.991272297501564,0.9861322224140168,0.9832724422216416,0.9804509311914444,0.9762291699647904,0.9688194841146469,0.9647711008787155,0.9604169756174088,0.9538298457860946,0.949590626358986,0.9430586755275726,0.9348166644573211,0.9268530428409576,0.9168512850999833,0.9135915607213974,0.9012031853199005,0.8933500409126282,0.8844417601823806,0.8743040412664413,0.8622479856014251,0.8490511298179626,0.8456095546483994,0.8284260988235473,0.8178318113088607,0.8038859605789185,0.7907295197248458,0.7762476474046707,0.7630666196346283,0.7501714527606964,0.7337392747402192,0.716695922613144,0.7027945041656494,0.6875172048807144,0.6690735697746277,0.6546065360307693,0.6399966567754746,0.6243520885705948,0.6093766033649445,0.5906165331602097,0.5758404225111008,0.5604467689990997,0.5427958995103837,0.5242188483476639,0.5099814057350158,0.49587385952472685,0.4765197440981865,0.46475202441215513,0.45078328549861907,0.43187426030635834,0.41395845264196396,0.3989227682352066,0.38508524745702744,0.3680789053440094,0.3477944046258926,0.33274312168359754,0.31708458960056307,0.2986874133348465,0.2803624913096428,0.2655766159296036,0.24796838387846948,0.22859739810228347,0.21295107677578926,0.19717769026756288,0.18205148503184318,0.16130230873823165,0.1450900211930275,0.1283750768750906,0.11074149198830127,0.09779334589838981,0.08475564010441303,0.06998440325260162,0.05985328685492277,0.05433336831629276,0.0,0.05031229089945555,0.0584056630730629,0.07182888463139533,0.08712533786892891,0.09804271310567855,0.11200761683285236,0.12524632960557938,0.1397026650607586,0.15103206261992455,0.1660591334104538,0.17778659239411354,0.1918244630098343,0.20417120382189752,0.22070276066660882,0.22963956445455552,0.24500320330262185,0.2553577654063702,0.26777085959911345,0.28021850883960725,0.2929100438952446,0.3025336802005768,0.31661935448646544,0.32576679438352585,0.3361846372485161,0.34700100421905516,0.3552025243639946,0.3637870505452156,0.37586209625005723,0.3851133197546005,0.3942030891776085,0.40264611691236496,0.41238961070775987,0.4199995413422585,0.4247205749154091,0.43823598474264147,0.4437723606824875,0.45137941688299177,0.46096657663583757,0.4694489523768425,0.47619801461696626,0.4842344284057617,0.4929268091917038,0.4995603829622269,0.5064198076725006,0.5135619357228279,0.52190460562706,0.5282926559448242,0.5355077266693116,0.542211502790451,0.5489688247442246,0.55460344851017,0.5623987913131714,0.5676814317703247,0.5760054737329483,0.5817718058824539,0.5901963502168656,0.5959579199552536,0.6026336669921875,0.6091126054525375,0.6154236346483231,0.6219823002815247,0.6288332760334014,0.6351853609085083,0.64117152094841,0.6490992128849029,0.6539544463157654,0.6610908418893814,0.6680871725082398,0.6750047951936722,0.6817332178354263,0.6879137843847275,0.6967581450939179,0.7030449837446213,0.7100290596485138,0.7168343394994736,0.7240868210792542,0.7315416187047958,0.7401587218046188,0.7477348864078521,0.7545058280229568,0.7631448596715927,0.7715990334749222,0.7786003440618515,0.7877930670976638,0.794393801689148,0.8049248784780503,0.8131342887878418,0.821675282716751,0.8341556876897812,0.842112809419632,0.8517084687948226,0.8628239452838897,0.873462587594986,0.8837427139282227,0.8944902360439301,0.909004294872284,0.9226844817399978,0.9346006870269775,0.9542636930942535,0.9721540302038193,0.9929162323474884,1.0131899952888488,1.0414579033851623,1.0865387439727783
t_103,1.0371540069580079,1.0366978704929353,1.0403741538524627,1.0388612568378448,1.0382487952709198,1.0390444576740265,1.0349887609481812,1.033421415090561,1.0284160852432251,1.0289661526679992,1.0263770282268525,1.0218912065029144,1.0239423215389252,1.0222202599048615,1.0240100562572478,1.017695289850235,1.0149047255516053,1.0110929012298584,1.0079810440540313,1.0053673833608627,1.0011807948350906,0.9997450977563858,0.9962786704301834,0.9911938846111298,0.9883539140224457,0.9855436474084854,0.9813863843679428,0.9740645438432693,0.9700640261173248,0.9657355010509491,0.959200131893158,0.955035924911499,0.9485634565353394,0.9404467076063157,0.9325680136680603,0.922712254524231,0.9194594979286194,0.9072142779827118,0.899505791068077,0.8907152980566024,0.8807272970676422,0.8688017219305039,0.8558019727468491,0.8523850798606872,0.8354763627052307,0.8250421971082688,0.8113201320171356,0.79835025370121,0.7840629160404206,0.7711723476648331,0.7584603697061538,0.7422544091939927,0.7255144089460372,0.711839708685875,0.6968342632055282,0.6787562876939773,0.66448575258255,0.650178387761116,0.6347135066986084,0.6200551450252533,0.6016516715288163,0.5871299147605896,0.5719241797924042,0.554638659954071,0.5363353163003921,0.5223233431577683,0.5084625780582428,0.48939368277788164,0.4777877002954483,0.46402656883001325,0.4452307716012001,0.42778278291225436,0.4129043459892273,0.39921888411045076,0.3823387578129768,0.3623049229383469,0.34734167754650114,0.3319887235760689,0.31410868316888807,0.2957569256424904,0.28101269006729124,0.26369471326470373,0.24460942819714546,0.22894247397780418,0.21368352621793746,0.19814613237977027,0.17766279727220535,0.16128883585333825,0.14464979097247124,0.1268751800060272,0.11339642405509949,0.09933068789541721,0.08369009010493755,0.07239154540002346,0.06426661498844624,0.05031229089945555,0.0,0.048750451765954494,0.061719241365790364,0.07445666752755642,0.08380048051476478,0.09788412339985371,0.10889648012816906,0.12446122616529465,0.13497952818870546,0.14954914301633834,0.16146659553050996,0.1758262664079666,0.18815194368362426,0.20493873134255408,0.2137838989496231,0.22940607815980912,0.2400913767516613,0.2522395245730877,0.26476111859083173,0.2777572229504585,0.2874403759837151,0.3016832873225212,0.3111772105097771,0.321625129878521,0.33256508260965345,0.34086116701364516,0.3495706424117088,0.3617984727025032,0.3712043255567551,0.3803424209356308,0.388958440721035,0.39879299253225325,0.40657760202884674,0.4113586351275444,0.42497588992118834,0.4306305140256882,0.4383615657687187,0.4480892434716225,0.45661552995443344,0.46357832849025726,0.47168106138706206,0.48056223839521406,0.4873717501759529,0.49432690143585206,0.5015593513846397,0.5099982276558876,0.5164630889892579,0.5238045781850815,0.530607993900776,0.5373762845993042,0.5431809574365616,0.551141020655632,0.5566096752882004,0.5649388372898102,0.5707029193639755,0.5792783796787262,0.5851871997117997,0.5918927878141403,0.598493155837059,0.60494344830513,0.6116120904684067,0.6184904336929321,0.6249966353178025,0.6310695201158524,0.6390873342752457,0.644018241763115,0.6512491643428803,0.6583054482936859,0.6653184682130814,0.6721886247396469,0.6784960687160492,0.6874393165111542,0.6938477843999863,0.7009197384119034,0.7078835219144821,0.7152096658945084,0.7227811485528945,0.7314906269311905,0.7391553461551666,0.7460882931947708,0.7548259377479554,0.7633666723966599,0.7704430431127548,0.7798107773065567,0.7865096092224121,0.7971118211746215,0.8053854674100875,0.8141753584146499,0.8267566502094269,0.834770655632019,0.8445261478424072,0.8557876378297806,0.8665621757507325,0.8769608169794083,0.8878825634717942,0.9025464951992035,0.9163677275180817,0.9284398078918457,0.9483297169208527,0.966452133655548,0.9874307066202164,1.0079067319631576,1.0364951312541961,1.0820055782794953
t_102,1.0427765727043152,1.042337030172348,1.0459795773029328,1.0444840133190154,1.0438808143138885,1.04467533826828,1.0406613230705262,1.039121925830841,1.034163361787796,1.0347088634967805,1.0321559250354766,1.0277093708515168,1.0297499239444732,1.0280587017536162,1.0298240542411805,1.0235773503780365,1.0208293437957763,1.0170618712902069,1.0139829695224762,1.0114126473665237,1.0072619795799256,1.0058544814586639,1.0024254649877549,0.9973964035511017,0.9946017861366272,0.9918134391307831,0.9877103745937348,0.9804760158061981,0.9765116035938263,0.9722420662641525,0.9657907962799073,0.9616635203361511,0.9552755057811737,0.9472470223903656,0.9394550085067749,0.9297079533338547,0.926503375172615,0.9143879741430283,0.9067667961120606,0.8980729281902313,0.8881941497325897,0.8764130204916001,0.8635548859834671,0.8601892650127411,0.8434731900691986,0.8331531286239624,0.8195867449045181,0.8067675858736039,0.7926459848880768,0.7799009889364242,0.7673203736543656,0.7513088375329972,0.7347510576248169,0.7212462067604065,0.7064020961523056,0.6885097801685334,0.6744131207466125,0.6602541267871856,0.6449754178524018,0.6304741024971008,0.6122689098119736,0.5978933483362198,0.5828659921884537,0.5657441824674606,0.5476531445980072,0.5337624222040176,0.5200506746768951,0.5011692509055138,0.4897322326898575,0.47608989775180816,0.4575403854250908,0.4402259439229965,0.4254815623164177,0.4119488760828972,0.3952315360307693,0.3754134297370911,0.3606623589992523,0.3453520253300667,0.32747816741466523,0.3094592854380608,0.29489510506391525,0.2776154562830925,0.2585596889257431,0.24306071549654007,0.22782108262181283,0.21254420801997184,0.1921210415661335,0.17592024505138398,0.15930550321936607,0.14113705307245256,0.1272260956466198,0.11343370378017426,0.09713944047689438,0.08486568704247474,0.073999560251832,0.0584056630730629,0.048750451765954494,0.0,0.05366162694990635,0.06442571617662907,0.07261799909174442,0.08496087528765202,0.09520594105124473,0.11060962900519371,0.12138768285512924,0.13600466698408126,0.14756245091557502,0.16182317286729814,0.17406490966677665,0.19106880873441695,0.1998915895819664,0.2155718185007572,0.22630941346287728,0.23870464488863946,0.25132046788930895,0.26435459554195406,0.27412954568862913,0.28849366307258606,0.2980662450194359,0.30860238820314406,0.3197040021419525,0.3280927360057831,0.3369241625070572,0.34927585870027544,0.35876339077949526,0.36803429275751115,0.3767581984400749,0.3866889730095863,0.39452976137399676,0.3993899464607239,0.413139733672142,0.41889694184064863,0.42669236212968825,0.4365321144461632,0.44513166397809983,0.4521457180380821,0.4603578314185143,0.4693046540021896,0.4761908769607544,0.48321281671524047,0.49052395224571227,0.4990296095609665,0.50556021630764,0.5129709810018539,0.5198624178767204,0.5267357856035233,0.5325945645570755,0.5406100302934647,0.5461137175559998,0.5545379102230072,0.5603809177875518,0.5690287977457047,0.5749964416027069,0.5817736864089966,0.5884479522705078,0.5949308842420578,0.6016482889652253,0.6086331635713578,0.6151594609022141,0.6213278532028198,0.629393345117569,0.6343727588653565,0.6416658073663711,0.6487912863492966,0.655883914232254,0.6627992182970047,0.669149923324585,0.6781624615192413,0.6846606016159058,0.6917823404073715,0.6987848848104476,0.7061699092388153,0.7138134181499481,0.7225835621356964,0.7303229212760926,0.7373116880655288,0.7461163699626923,0.7547167211771011,0.7618650585412979,0.7712964445352555,0.7780509978532791,0.788735568523407,0.7970892161130905,0.8059356987476349,0.8185884654521942,0.8266794562339783,0.8365085363388062,0.8478510499000549,0.8587199747562408,0.8691985040903092,0.8802038878202438,0.8949450463056564,0.9088817805051803,0.9210547834634781,0.941092100739479,0.9593186914920807,0.980462858080864,1.0010843396186828,1.0298895955085754,1.0757348716259003
t_101,1.049374508857727,1.0489263713359833,1.0525404274463654,1.0510649383068085,1.0504651308059691,1.0512472689151764,1.0472897291183472,1.045777690410614,1.0408654391765595,1.0414189040660857,1.0389027714729309,1.0345026016235352,1.0365221738815307,1.0348450243473053,1.0365859806537627,1.030415564775467,1.027700173854828,1.0239806413650512,1.0209392189979554,1.0184029638767242,1.0142990350723267,1.012914064526558,1.0095223307609558,1.004564920067787,1.0017927199602128,0.9990396052598953,0.9950031876564026,0.9878518104553222,0.9839327186346054,0.9797195047140121,0.9733477801084518,0.9692694187164307,0.9629429608583451,0.9550160884857177,0.9473307847976684,0.9377034723758697,0.9345210373401642,0.9225784689188004,0.9150328427553177,0.9064676463603973,0.8966778457164765,0.8850441873073578,0.8723271429538727,0.8690143883228302,0.8525102525949478,0.8422934472560882,0.8288999289274216,0.8162082642316818,0.8022557914257049,0.7896630048751831,0.7772224456071853,0.7614133208990097,0.7450175344944,0.7316815763711929,0.7170546650886536,0.6993256866931915,0.6854108482599258,0.6713725209236145,0.6562789440155029,0.6419652253389359,0.6239535331726074,0.609672212600708,0.594847810268402,0.5778831899166107,0.5600177764892578,0.5462917983531952,0.5327139884233475,0.5140118643641471,0.5026933863759041,0.4891607254743576,0.47083935141563416,0.4537201076745987,0.43909913301467896,0.42576982975006106,0.4091768443584442,0.3896116644144058,0.37513688802719114,0.3598193258047104,0.3420549601316452,0.3243201583623886,0.31009497195482255,0.2929051399230957,0.27424676567316053,0.25880503505468366,0.24335842281579972,0.22861775234341622,0.2081395298242569,0.19169501587748528,0.1755918599665165,0.15723462253808976,0.14377048164606093,0.12897688075900077,0.11336730681359768,0.10055318959057331,0.08590748980641365,0.07182888463139533,0.061719241365790364,0.05366162694990635,0.0,0.053497123345732686,0.060473797284066676,0.070374995470047,0.08230861537158489,0.09484133496880531,0.10671496279537677,0.12165053635835647,0.13274916037917137,0.14638150334358216,0.1582064412534237,0.17515888214111328,0.184282236546278,0.1997923657298088,0.21075545251369476,0.22320846393704413,0.23625129014253615,0.24938790276646614,0.2591928720474243,0.27388733327388765,0.28323613703250883,0.29407135099172593,0.30541070997715,0.3137063354253769,0.32263214886188507,0.33514182865619657,0.3451034128665924,0.3541679561138153,0.36302618533372877,0.3731442004442215,0.3811143904924393,0.38600565046072005,0.39993110597133635,0.4057283341884613,0.4136541411280632,0.42359485328197477,0.4323373407125473,0.4394905298948288,0.44787836223840716,0.45681421756744384,0.46390616297721865,0.47093953639268876,0.47838580757379534,0.48708455711603166,0.49357835948467255,0.5011225759983062,0.5081043139100074,0.5150177180767059,0.5209693476557732,0.5291062593460083,0.5346782952547073,0.5432297885417938,0.5491128116846085,0.5578665912151337,0.5639403730630874,0.5707746654748916,0.5775115668773652,0.5841104686260223,0.5909353613853454,0.5979509800672531,0.6045714974403381,0.6108257085084915,0.6189452260732651,0.6239856153726577,0.6313671052455903,0.6386082381010055,0.6457491278648376,0.6527242690324784,0.6591741144657135,0.6682909905910492,0.6748246312141418,0.682063814997673,0.6891140073537827,0.6965810120105743,0.7042760193347931,0.7131366282701492,0.7209795832633972,0.7280145138502121,0.7369401752948761,0.7456158190965653,0.7528171122074128,0.7623796492815018,0.7691637635231018,0.7799637407064438,0.7883928537368774,0.7973134577274322,0.8101162672042846,0.8182452350854874,0.8281702667474746,0.8396223247051239,0.8506036758422851,0.8611801862716675,0.8722629964351654,0.8871567040681839,0.9012036740779876,0.9134746134281159,0.9337328314781189,0.9521218240261078,0.9734528958797455,0.9942490547895432,1.0233070641756057,1.0695462703704834
t_100,1.0549985408782958,1.054557466506958,1.0581171810626984,1.0566662549972534,1.0560712158679961,1.056833952665329,1.0529389679431915,1.051451951265335,1.0466148555278778,1.0471519649028778,1.0446754038333892,1.040336275100708,1.0423206269741059,1.0406657993793487,1.0423681020736695,1.0362950325012208,1.0336052119731902,1.0299460709095,1.0269449293613433,1.0244381725788116,1.0203803062438965,1.0190274715423584,1.0156756043434143,1.010785073041916,1.008048677444458,1.0053210526704788,1.0013484090566636,0.9942911237478256,0.9904210716485977,0.9862579673528671,0.9799793273210525,0.9759564071893692,0.9697235435247421,0.9619101494550705,0.9543272972106933,0.9448502838611603,0.9416990131139755,0.9299140691757202,0.9224990904331207,0.9140533477067947,0.9044148743152618,0.8929458290338517,0.8804250925779342,0.8771615624427795,0.8609175652265548,0.8508674770593643,0.8376749485731125,0.8251898288726807,0.811445614695549,0.7990966975688935,0.7868431836366654,0.771256011724472,0.75515116751194,0.7420176148414612,0.7276296883821487,0.7102103918790817,0.6965077847242356,0.6827199220657348,0.6678171873092651,0.6537481665611267,0.6360390037298203,0.6220108032226562,0.6073720544576645,0.5906974613666535,0.573065185546875,0.5595199346542359,0.5461741000413894,0.5277423828840255,0.5165952309966088,0.5033058956265449,0.4851461499929428,0.46830316036939623,0.4539231389760971,0.4407229647040367,0.4243852436542511,0.4049792781472206,0.3906529024243355,0.37566342353820803,0.35814322382211683,0.34059410393238065,0.3264660477638245,0.30944992750883105,0.29086615443229674,0.27582046538591387,0.26051603704690934,0.24584530293941498,0.2253829300403595,0.20912629440426828,0.19313382655382155,0.17466777488589286,0.16100162416696548,0.14681584313511847,0.13043993152678013,0.11741699762642384,0.10270005948841572,0.08712533786892891,0.07445666752755642,0.06442571617662907,0.053497123345732686,0.0,0.051420554518699646,0.05813197363168001,0.07062347307801246,0.08090493604540824,0.09147663004696369,0.10565015971660614,0.11661375313997269,0.12974943332374095,0.14206102713942528,0.15813170596957207,0.1679358422756195,0.1833412803709507,0.19413311034440994,0.20668706446886062,0.21962015628814696,0.23298350721597672,0.2430552713572979,0.2576003044843674,0.267196062207222,0.27824312150478364,0.2896374300122261,0.2980382189154625,0.3072317659854889,0.3198328360915184,0.3296696200966835,0.33904765248298646,0.34804036617279055,0.35811073035001756,0.36625206619501116,0.37144449949264524,0.3853196144104004,0.3912299156188965,0.3993363842368126,0.40934838354587555,0.41822279542684554,0.42547740042209625,0.4339394137263298,0.4430199861526489,0.45020053833723067,0.45742244869470594,0.4648910567164421,0.4736775174736977,0.4803004920482635,0.48795682191848755,0.49501298666000365,0.502044902741909,0.5081514313817024,0.5163290083408356,0.5220514446496963,0.5306513234972954,0.5366406202316284,0.5454767674207688,0.5516684770584106,0.5585538625717164,0.5654054403305053,0.5720965981483459,0.5790323466062546,0.5861130803823471,0.5928322464227677,0.5992217749357224,0.607394227385521,0.6125596910715103,0.619975620508194,0.6273451000452042,0.6345928907394409,0.6416341453790665,0.6481704950332642,0.6574229568243026,0.6640552610158921,0.6713675439357758,0.6785277187824249,0.6860785365104676,0.6938866347074508,0.7028118401765824,0.7107722580432891,0.7179273635149002,0.7269509434700012,0.7357077062129974,0.7430063396692276,0.7527121722698211,0.7595558911561966,0.7704445391893386,0.7789802193641663,0.7880569666624069,0.8009743928909302,0.8091632574796677,0.8192099779844284,0.8308015048503876,0.8419162660837174,0.8526088446378708,0.8638657033443451,0.8788663953542709,0.8930550009012223,0.9054726749658585,0.9259408116340637,0.9445250868797302,0.9660701811313629,0.9870741903781891,1.016449648141861,1.0631427884101867
t_99,1.060038286447525,1.0596175491809845,1.0631601810455322,1.0617220520973205,1.061135083436966,1.0619042634963989,1.0580331087112427,1.056569916009903,1.0517640709877014,1.0523023724555969,1.049851131439209,1.0455375254154204,1.0475176453590394,1.0458961844444274,1.0475823760032654,1.0415585160255432,1.0389015138149262,1.035279357433319,1.0322983980178833,1.0298267424106597,1.0258005619049073,1.0244715809822083,1.0211486101150513,1.0163041293621062,1.0136078953742982,1.0109039664268493,1.006967231631279,0.9999784857034684,0.9961442619562149,0.9920300364494323,0.9858284533023834,0.9818358421325684,0.9756789624691009,0.9679348170757294,0.9604299426078796,0.9510373294353485,0.9479398638010025,0.9362640351057052,0.9289182633161545,0.9205534309148788,0.9110074996948242,0.8996585756540298,0.8872591912746429,0.8840346902608871,0.8679442822933197,0.8579922407865525,0.8449244022369384,0.8325578361749649,0.8189586460590362,0.8067175179719925,0.7945823729038238,0.7791569411754609,0.763189697265625,0.7501905381679534,0.7359234184026718,0.7186460226774216,0.7050823956727982,0.6914092868566513,0.6766613632440567,0.6626982808113098,0.6451340615749359,0.6312371909618377,0.616738823056221,0.6001610040664673,0.5827063381671905,0.5692735463380814,0.556042742729187,0.5377626299858094,0.5267470508813858,0.5135652735829354,0.49563970118761064,0.47885410487651825,0.4645907759666443,0.4515371024608612,0.43531126976013185,0.4161023050546646,0.4019606798887253,0.38703117817640303,0.369529128074646,0.3521700084209442,0.338129511475563,0.32121726870536804,0.3028101921081543,0.28779177367687225,0.27249895632266996,0.2580804958939552,0.23773107081651687,0.22171026319265366,0.20550718456506728,0.1872335508465767,0.17358176335692405,0.15902194455266,0.14288248345255852,0.12880719415843486,0.11373141221702099,0.09804271310567855,0.08380048051476478,0.07261799909174442,0.060473797284066676,0.051420554518699646,0.0,0.05185258910059929,0.061446052975952625,0.0690921850502491,0.07897098287940026,0.0931085366755724,0.1032123789191246,0.1167815864086151,0.1289999656379223,0.14515185803174974,0.15510341823101043,0.1703302837908268,0.1810191549360752,0.19396670758724213,0.20704741030931473,0.22038463056087493,0.2303106591105461,0.24526773095130922,0.2547310099005699,0.26581819653511046,0.2776136726140976,0.2860046952962875,0.2951709747314453,0.30803537368774414,0.3180533885955811,0.32739583104848863,0.33656672686338424,0.34675696641206744,0.3549512982368469,0.3602334842085838,0.374294675886631,0.3802863970398903,0.38848585933446883,0.39859357923269273,0.4075029820203781,0.4148042231798172,0.423402863740921,0.43251816034317014,0.43979940116405486,0.4470688015222549,0.45461687445640564,0.4634817972779274,0.4702032580971718,0.4779212296009064,0.4850528806447983,0.4921464964747429,0.49827986061573026,0.5066043511033058,0.5123649775981903,0.521022318303585,0.5271006897091866,0.5359999269247055,0.5422564774751664,0.5492002487182617,0.5561323553323746,0.5628954648971558,0.5698310434818268,0.577037900686264,0.5837848007678985,0.5902403742074966,0.5984775602817536,0.6036813229322433,0.6111604899168015,0.6186117082834244,0.6259009301662445,0.632985532283783,0.6395962178707123,0.6489255666732788,0.6556273251771927,0.6630034208297729,0.670205146074295,0.6778103560209274,0.6856692373752594,0.6946776181459426,0.7026926577091217,0.7098973006010055,0.718998584151268,0.7278077095746994,0.735158360004425,0.7449371427297592,0.7518327355384826,0.7628035813570022,0.7714070230722427,0.7805399894714355,0.7935396879911423,0.8017952620983124,0.8119125604629517,0.8235790461301804,0.8347748041152954,0.8455378770828247,0.8568732798099518,0.8719764590263367,0.8862631738185882,0.898751974105835,0.9193768471479415,0.9380721688270569,0.9597593367099762,0.9808982789516449,1.0104689002037048,1.0574585914611816
t_98,1.0642788112163544,1.0638504505157471,1.067344731092453,1.0659205734729766,1.0653428494930268,1.066092324256897,1.0622783958911897,1.060837072134018,1.0560767233371735,1.0566081941127776,1.0542023956775666,1.0499255955219269,1.0518855333328248,1.0502689242362977,1.051919949054718,1.045963281393051,1.0433410346508025,1.0397541165351867,1.0368174612522125,1.034367036819458,1.0303695976734162,1.0290640115737915,1.025770366191864,1.0209833681583405,1.018305057287216,1.0156154036521912,1.0117471545934678,1.0048313796520234,1.0010231733322144,0.9969562828540802,0.9908112049102783,0.9868614614009857,0.9807581782341004,0.973100808262825,0.9656737089157105,0.9563963204622269,0.953308492898941,0.9417766958475113,0.934498855471611,0.9262493222951889,0.9167878210544587,0.9055691957473755,0.8933005064725876,0.8901260107755661,0.8742403417825699,0.8643923580646515,0.8514922648668289,0.8392566412687301,0.8258003234863281,0.8137434691190719,0.801708596944809,0.7864906579256058,0.7707036286592484,0.757895427942276,0.7438288450241088,0.7267722517251969,0.7133828431367875,0.6998630374670028,0.6852930009365081,0.6715396881103516,0.654216679930687,0.640396574139595,0.6261272966861725,0.60976143181324,0.5925598621368409,0.5792021214962005,0.5661484092473984,0.5481050044298172,0.5372450679540635,0.5241889476776123,0.5064203128218651,0.4899549692869186,0.4758004188537598,0.4629430785775185,0.4468939244747162,0.42778548300266267,0.41386454850435256,0.3991125330328941,0.3818208172917366,0.3647171467542648,0.350856739282608,0.3342298656702042,0.3159019336104393,0.30122405886650083,0.2860204875469208,0.2717122048139572,0.2517351545393467,0.23565978780388833,0.2198354110121727,0.20138291120529175,0.18799628913402558,0.173480524122715,0.15740408152341842,0.1429873898625374,0.12728740014135836,0.11200761683285236,0.09788412339985371,0.08496087528765202,0.070374995470047,0.05813197363168001,0.05185258910059929,0.0,0.054154183529317376,0.0582137743011117,0.06854398585855961,0.08045036867260932,0.0902317687869072,0.10293735153973102,0.11495477184653283,0.13097675293684005,0.14042576625943184,0.15563867911696433,0.16603771224617958,0.17927971929311753,0.19293902963399887,0.20602839514613153,0.21597705632448197,0.23125098794698715,0.2408044919371605,0.252070727199316,0.26410285010933876,0.2722882702946663,0.2816490948200226,0.2945086255669594,0.3046559676527977,0.31416231393814087,0.3234631836414337,0.3337827414274216,0.34218555986881255,0.34739932268857954,0.36169182062149047,0.36776294112205504,0.376034115254879,0.38627934753894805,0.3953085720539093,0.40259027779102324,0.411344638466835,0.42073309421539307,0.42812209129333495,0.4353640556335449,0.4430578872561455,0.4521313846111298,0.4588208690285683,0.46670295745134355,0.47385445833206175,0.4810638576745987,0.48733646273612974,0.49569422751665115,0.5014605894684792,0.5103138208389282,0.5164413660764694,0.5255264639854431,0.5317882806062698,0.5388737589120864,0.5458836436271668,0.5527024686336517,0.5597180038690567,0.5670463979244232,0.5738609105348587,0.5804034769535065,0.5887032300233841,0.5939538061618805,0.6015681624412537,0.6090658247470856,0.6164875537157058,0.6236571550369263,0.6303305357694626,0.6396952748298645,0.6465430200099945,0.6539648324251175,0.6612778156995773,0.6689308822154999,0.6769138395786285,0.68598672747612,0.6940703451633453,0.7013719886541366,0.7105584591627121,0.7195070445537567,0.7268971383571625,0.7367825776338577,0.743701645731926,0.7548162311315536,0.7634961158037186,0.7727140605449676,0.785841754078865,0.7941863507032394,0.8044060498476029,0.8161797434091568,0.8274867087602615,0.8383564800024033,0.8497719556093216,0.8649966537952423,0.8794219195842743,0.8920399010181427,0.9128527820110321,0.9316882342100143,0.9535758197307587,0.974888625741005,1.0047009468078614,1.0520936191082
t_97,1.0689019203186034,1.0684548676013947,1.0718666911125183,1.0704782783985138,1.0698885858058929,1.0705954313278199,1.066879004240036,1.065444779396057,1.0607734799385071,1.0612670361995697,1.0588900208473206,1.0547125041484833,1.0566098749637605,1.0549647510051727,1.0565909922122956,1.050727516412735,1.048107874393463,1.0445638000965118,1.041686362028122,1.0392322957515716,1.035290503501892,1.0339925289154053,1.0307401597499848,1.0260062754154204,1.023329997062683,1.0206494688987733,1.0168415367603303,1.0100118458271026,1.006244707107544,1.0021895945072175,0.996056678891182,0.9921884179115296,0.986100685596466,0.9785731106996536,0.9711981266736984,0.9620539277791977,0.9589354962110519,0.9475278079509735,0.9403860241174697,0.9322331756353378,0.9228894412517548,0.9117490947246552,0.8996340602636337,0.8964702993631363,0.8807996034622192,0.8710675835609436,0.8583654075860977,0.8462577223777771,0.8329216271638871,0.8211039870977401,0.8092090070247651,0.7941255360841751,0.7785614222288132,0.7659192502498626,0.7520881325006485,0.7353099822998047,0.7220291584730149,0.7087370365858078,0.6942712604999542,0.6807823807001114,0.6637226223945618,0.6500722885131835,0.6359057068824768,0.6198381006717681,0.6028054267168045,0.589648574590683,0.576735469698906,0.5588886886835098,0.5481016755104064,0.5351753503084182,0.5174125105142593,0.5013748615980148,0.4873086914420128,0.4744928166270256,0.4585474103689194,0.43967512547969817,0.4256985366344452,0.41119365841150285,0.39437591284513474,0.377264903485775,0.363447430729866,0.34704942256212234,0.3290389984846115,0.3141869530081749,0.2994278982281685,0.2848927602171898,0.2651284232735634,0.2490842305123806,0.23338966369628905,0.21510637775063515,0.20164785608649255,0.18719059824943543,0.17045688405632972,0.1568861871957779,0.14255871027708053,0.12524632960557938,0.10889648012816906,0.09520594105124473,0.08230861537158489,0.07062347307801246,0.061446052975952625,0.054154183529317376,0.0,0.053992238081991675,0.05860789846628904,0.06950055658817292,0.07833680249750614,0.09108293317258358,0.10150343254208564,0.1184516616165638,0.1264277022331953,0.14253409057855607,0.15382701456546782,0.16597775667905806,0.1791747748851776,0.1927354745566845,0.20280040949583053,0.21791553124785423,0.22820634692907332,0.23914045318961144,0.251055895537138,0.2596090719103813,0.2690407305955887,0.28205033391714096,0.2924186781048775,0.3018618807196617,0.3113036513328552,0.32164466381073,0.3302271232008934,0.3354977160692215,0.3498400792479515,0.356020425260067,0.3644124805927277,0.3748727276921272,0.3839004382491112,0.3915621876716614,0.4003455176949501,0.4098777934908867,0.41748383045196535,0.4248849019408226,0.43261188417673113,0.4417900800704956,0.4485083669424057,0.4565534472465515,0.463863243162632,0.4710315242409706,0.47753068804740906,0.4860767602920532,0.4921258881688118,0.5009076863527298,0.507030539214611,0.516265133023262,0.5227512210607529,0.5297858819365502,0.5369725078344345,0.54393630027771,0.5511064767837525,0.5583950310945511,0.5653575956821442,0.5720271319150925,0.5804347515106201,0.5857614696025848,0.5934466332197189,0.6010158807039261,0.6085293769836426,0.6158593118190765,0.6226674914360046,0.6321595430374145,0.6391239672899246,0.6466684311628341,0.6540976345539093,0.6618486315011978,0.669948622584343,0.6791138827800751,0.6873276740312576,0.6948095858097076,0.704082065820694,0.7130816251039505,0.7205766201019287,0.7306368887424469,0.7376812517642974,0.74883151948452,0.7575790286064148,0.7670803308486939,0.7802802622318268,0.7886611759662628,0.7990481466054916,0.8109759896993637,0.822430071234703,0.8334082961082458,0.8450141310691833,0.8603524774312973,0.8749205589294433,0.8877017349004745,0.9087263822555542,0.9277807623147964,0.9498845875263214,0.9713866025209427,1.0015204161405564,1.0493033349514007
t_96,1.074030351638794,1.073604118824005,1.0770157814025878,1.075627714395523,1.075059175491333,1.0757838606834411,1.0720674455165864,1.0706657290458679,1.0660100102424621,1.066523665189743,1.0641843378543854,1.05999813079834,1.0619101643562316,1.0603196620941162,1.0619177997112275,1.056100594997406,1.0535290241241455,1.0500245153903962,1.0471563994884492,1.0447532415390015,1.0408289790153504,1.0395659804344177,1.0363354682922363,1.0316535353660583,1.029028344154358,1.026378446817398,1.0226109802722931,1.0158447623252869,1.0121073126792908,1.0081224620342255,1.002109596133232,0.9982450067996979,0.9922672212123871,0.9847888022661209,0.977519977092743,0.9684585422277451,0.9654174506664276,0.9541431784629821,0.9470382452011108,0.9389805108308792,0.9297257602214813,0.9187528491020203,0.9067635148763656,0.9036629110574722,0.8881637215614319,0.8785430371761322,0.8659411698579789,0.8539797753095627,0.8408325254917145,0.8291069775819778,0.8173305213451385,0.8024701535701751,0.7870586574077606,0.7745548516511918,0.7608463615179062,0.744197791814804,0.7311153829097747,0.7179192870855331,0.7036549568176269,0.690264493227005,0.673351839184761,0.659832838177681,0.6458725512027741,0.6298933923244476,0.6130895793437958,0.6000142097473145,0.5872478932142258,0.5696183532476425,0.5589975386857986,0.5461983919143677,0.5288008958101272,0.5127286151051521,0.49885142743587496,0.48625477850437165,0.4705268323421478,0.45183552205562594,0.4382044717669487,0.42371888607740404,0.40680745989084244,0.39007998406887057,0.3764640182256699,0.36020978540182114,0.3422355964779854,0.32776139229536055,0.3128656640648842,0.29879074841737746,0.2790559411048889,0.26331484466791155,0.2476714812219143,0.22948580384254455,0.21607094258069992,0.20176569744944572,0.185594292730093,0.17129769474267958,0.15564076378941535,0.1397026650607586,0.12446122616529465,0.11060962900519371,0.09484133496880531,0.08090493604540824,0.0690921850502491,0.0582137743011117,0.053992238081991675,0.0,0.05043930765241385,0.05888968426734209,0.0653997890651226,0.07744765728712082,0.08673440366983413,0.10334516838192939,0.1116773508489132,0.12660129107534884,0.13751765191555024,0.15060868859291077,0.16415941193699837,0.17724838033318518,0.18771700859069823,0.2031920224428177,0.21277759373188018,0.22414189353585243,0.2365083321928978,0.24497052133083344,0.25451518297195436,0.26761154606938364,0.278101509809494,0.28774264752864837,0.2972716107964516,0.307843291759491,0.3165369346737862,0.3218692779541016,0.3364758789539337,0.34274334609508517,0.35128613710403445,0.36166998744010925,0.3709256678819656,0.37843307852745056,0.38740886449813844,0.3970045045018196,0.40468707531690595,0.41209563314914704,0.4199794322252274,0.42924096435308456,0.43607508689165114,0.4441484123468399,0.4515133202075958,0.458842933177948,0.4653108939528465,0.4738810434937477,0.4798308715224266,0.48886917233467103,0.4951209783554077,0.5043985307216644,0.5108521267771721,0.5180704548954964,0.5252327755093574,0.5322513371706009,0.5394323319196701,0.5468989700078964,0.5538860470056534,0.5606113493442535,0.5690309047698975,0.574424558877945,0.5821904569864274,0.5898528844118118,0.5974452197551727,0.6047524273395538,0.6116054683923722,0.6211403042078019,0.6281614243984223,0.6357451677322388,0.6432242155075073,0.6510166585445404,0.6591711670160294,0.6683848619461059,0.676639610528946,0.6841172605752945,0.6934917747974396,0.7025864392518997,0.7101183027029038,0.7202331840991973,0.7272654384374618,0.7385580569505692,0.7473914116621018,0.7568537175655365,0.7701770067214966,0.7786461144685746,0.789078488945961,0.8010664403438568,0.8125897914171218,0.8236554861068726,0.8353046923875809,0.8507514327764512,0.8654188215732574,0.8782717525959015,0.8994518995285035,0.9186064094305039,0.9408554911613465,0.962510558962822,0.9928242653608322,1.040956711769104
t_95,1.077542495727539,1.077099859714508,1.0804495930671691,1.0790856659412384,1.0785107254981994,1.0792041718959808,1.0755594491958618,1.074158376455307,1.069573414325714,1.0700579166412354,1.0677380442619324,1.0636278986930847,1.065491247177124,1.0638783037662507,1.0654572546482086,1.0597087442874908,1.057139402627945,1.0536642909049987,1.0508420586585998,1.048433130979538,1.0445538759231567,1.0432943165302277,1.040093982219696,1.0354508936405182,1.0328242659568787,1.0301845490932464,1.0264579117298127,1.0197551488876342,1.0160491824150086,1.012073877453804,1.006070151925087,1.0022603452205658,0.9962990164756775,0.9889176428318024,0.9816817134618759,0.9727314978837966,0.9696636080741883,0.9584885269403458,0.9514840245246887,0.9435014426708221,0.9343348473310471,0.9234248459339142,0.9115554064512252,0.9084598004817963,0.8931215107440948,0.8835969388484954,0.8711453408002854,0.8592803925275803,0.8462315887212754,0.8346800118684768,0.8230127394199371,0.8082544714212417,0.7930261313915252,0.7806402981281281,0.7671101957559585,0.7506815880537033,0.7376929610967636,0.7246634840965271,0.7104838937520981,0.6972826302051545,0.6805889755487442,0.6671964943408966,0.6533380299806595,0.6375758618116378,0.620915749669075,0.6079781144857407,0.5953273087739944,0.5778836756944656,0.5672956854104996,0.5546291291713714,0.5372403889894486,0.5214947700500489,0.507749256491661,0.49517337530851363,0.4796090483665466,0.4610772907733917,0.4474169954657555,0.43317617624998095,0.41664700508117675,0.39995144307613373,0.3863382637500763,0.3703202098608017,0.3525589987635612,0.33817214965820314,0.32351511120796206,0.3093710899353027,0.2897355854511261,0.27411414682865143,0.2585265301167965,0.24062108919024466,0.2271364450454712,0.2131085515022278,0.19634611457586287,0.18274740874767303,0.16787097007036209,0.15103206261992455,0.13497952818870546,0.12138768285512924,0.10671496279537677,0.09147663004696369,0.07897098287940026,0.06854398585855961,0.05860789846628904,0.05043930765241385,0.0,0.05189003385603428,0.056866211071610454,0.06776482909917832,0.07813028134405613,0.09324604794383048,0.1011687122285366,0.11649149097502232,0.12731638513505458,0.13965275883674622,0.15235331729054452,0.1660599574446678,0.17695700153708457,0.192144076526165,0.2022492431104183,0.21342260912060737,0.22543983459472655,0.2343774490058422,0.24414763525128363,0.2573005586862564,0.26763699427247045,0.2775597259402275,0.2870659396052361,0.2975454077124596,0.3064814180135727,0.31191910356283187,0.3265776947140694,0.33285242021083833,0.3415704444050789,0.3520021364092827,0.3614137560129166,0.36913886815309527,0.378129118680954,0.38792051672935485,0.39567200988531115,0.4033081442117691,0.4111541613936424,0.42055303156375884,0.42744912654161454,0.435672415792942,0.4431363016366959,0.4504327952861786,0.45709010660648347,0.4657481998205185,0.47199520766735076,0.4809796079993248,0.4872690126299858,0.49666882753372193,0.5032716080546379,0.5104446977376937,0.5177353993058205,0.5249213501811028,0.5322540000081062,0.53966304063797,0.5467784881591797,0.5536046355962754,0.5621170550584793,0.5676198393106461,0.5753905653953553,0.5831628561019897,0.5908551782369613,0.5982596814632416,0.6052298039197922,0.6148993998765946,0.6219769716262817,0.62968028485775,0.637263435125351,0.6451424986124039,0.6533954620361329,0.6626834779977798,0.6710575699806214,0.6786878079175949,0.6881438881158829,0.6972929745912552,0.7049084484577179,0.7151806443929672,0.7222852855920792,0.7336098402738571,0.742507952451706,0.7522013902664184,0.765618646144867,0.7740968197584153,0.7846628725528717,0.7967772603034973,0.8084224343299866,0.8195825338363647,0.8314061999320984,0.8469509214162827,0.8617325127124786,0.8747179985046387,0.8960727989673615,0.9154332637786865,0.9378583610057831,0.9596812397241592,0.9902683466672897,1.03873091340065
t_94,1.0812322199344635,1.0807856500148774,1.0840831100940704,1.082740843296051,1.0821657359600068,1.0828338086605072,1.0792472541332245,1.077862513065338,1.0733387291431427,1.0738085865974427,1.0715222001075744,1.0674632132053374,1.0692896485328673,1.0676812171936034,1.0692221879959107,1.063557118177414,1.0609970211982727,1.0575677096843719,1.0547842741012574,1.0523850560188293,1.0485434651374816,1.0473058342933654,1.0441328167915345,1.0395416975021363,1.0369330942630768,1.034316098690033,1.0306400060653687,1.0240073025226593,1.02034033536911,1.016396176815033,1.0104495018720627,1.0066932916641236,1.000790759921074,0.9935031473636627,0.9863476425409317,0.9775188326835632,0.9744613945484162,0.963421818614006,0.9565178871154785,0.9486429214477539,0.9395906835794449,0.928807532787323,0.9170907646417618,0.9140355497598648,0.8989141643047333,0.8895273029804229,0.8772440731525422,0.8655394017696381,0.8526426792144776,0.841305923461914,0.829782772064209,0.8152106553316116,0.8002128541469574,0.7880047917366028,0.7746776521205903,0.758531591296196,0.7457034677267075,0.732879501581192,0.7188633114099503,0.7058806896209717,0.6894548922777176,0.676244130730629,0.6625593811273575,0.6470553338527679,0.630605724453926,0.6178114414215088,0.6053485095500946,0.5881573885679245,0.5776992440223694,0.5652149975299835,0.5479498684406281,0.5324897468090057,0.5189378306269645,0.5065166696906089,0.4911112815141678,0.4727484449744225,0.45918949842453005,0.44528851807117464,0.42907788306474687,0.41242585927248,0.39890958964824674,0.3831981986761093,0.36563930958509444,0.35150065571069716,0.33712914288043977,0.32290172278881074,0.3035633608698845,0.28807753175497053,0.2726349696516991,0.25506300628185274,0.24164009392261504,0.22778998389840127,0.2108554758131504,0.19752747267484666,0.18318225294351578,0.1660591334104538,0.14954914301633834,0.13600466698408126,0.12165053635835647,0.10565015971660614,0.0931085366755724,0.08045036867260932,0.06950055658817292,0.05888968426734209,0.05189003385603428,0.0,0.049475247599184514,0.05967809725552797,0.0676220040768385,0.08089427687227727,0.08829084187746047,0.10404900461435318,0.11389187462627888,0.12565525844693184,0.1381995990872383,0.1516579233109951,0.16289768740534782,0.17777176350355148,0.18840496614575386,0.19973421916365625,0.21160054579377174,0.22061378434300422,0.23034970387816428,0.24354768991470338,0.2537851415574551,0.2639629438519478,0.27372453212738035,0.28420071601867675,0.29330758303403853,0.2988780245184898,0.313636539876461,0.32001128792762756,0.32889660000801085,0.3395241588354111,0.3488920345902443,0.35680593848228453,0.36584469974040984,0.3758793637156487,0.3837742105126381,0.3915658235549927,0.3994509741663933,0.4089768022298813,0.4159757971763611,0.424353888630867,0.4319012567400932,0.4392181247472763,0.44611230939626695,0.454847152531147,0.4612288370728493,0.47034274488687516,0.4766822084784508,0.4862276792526245,0.49293145090341567,0.500201977789402,0.5075737878680229,0.5149064645171165,0.5223896846175193,0.5298559933900833,0.5371108651161194,0.5440411627292633,0.552636730670929,0.558239322900772,0.5660867333412171,0.5739771604537964,0.5817965388298034,0.5893142700195313,0.5964045852422715,0.6061775892972946,0.6133654236793518,0.6211677491664886,0.6289135336875915,0.6368589043617249,0.6452655076980591,0.6546290129423141,0.6631033688783645,0.6708726763725281,0.6804341942071914,0.689694058895111,0.6973811209201812,0.7078257918357849,0.7149976640939713,0.7264091849327088,0.7353889405727386,0.7452994734048843,0.7588230431079864,0.7673780530691147,0.7780796587467194,0.7903349548578262,0.802109494805336,0.8133822858333588,0.8253779321908951,0.8410538703203201,0.855975067615509,0.8691098511219024,0.8906568109989166,0.9102305680513382,0.9328482329845429,0.9548637062311173,0.9857309132814407,1.0346043765544892
t_93,1.0863522350788117,1.0859196305274963,1.0892082512378694,1.0878719627857207,1.0873082399368286,1.0879875481128694,1.0844191908836365,1.0830500304698945,1.0785491824150086,1.0790205419063568,1.0767567694187163,1.0727140843868255,1.0745457112789154,1.0729670643806457,1.0745004832744598,1.0688673377037048,1.0663480877876281,1.0629416406154633,1.0601770102977752,1.0578186750411986,1.0539964735507965,1.0527794241905213,1.0496306121349335,1.0450792372226716,1.0425077259540558,1.03990638256073,1.0362646579742432,1.0296911120414733,1.0260475754737854,1.0221532166004181,1.0162735641002656,1.0125297486782074,1.0066901385784148,0.9994550496339798,0.9923563659191131,0.9835882484912872,0.9805769890546798,0.9696216881275177,0.9627617031335831,0.9549361795186997,0.9459487944841385,0.9352630138397217,0.923629853129387,0.9205979228019714,0.9055824607610703,0.8962476134300232,0.8840550273656845,0.8724292904138565,0.859651529788971,0.8483597874641419,0.8369079738855362,0.8224560976028442,0.8075506180524826,0.7954412192106247,0.7821851581335068,0.7661123871803284,0.7533980160951614,0.7406320750713349,0.7267518699169159,0.7138183325529098,0.6974842756986618,0.6843516677618027,0.6707882732152939,0.6553356200456619,0.6390339136123657,0.6263350784778595,0.6139471054077148,0.5968493431806564,0.5864991039037705,0.5740616828203201,0.557047837972641,0.5415971398353576,0.5281517267227173,0.5158304095268249,0.5005258962512016,0.4823700085282326,0.46898245960474017,0.45502839535474776,0.43884106576442716,0.4224951833486557,0.4091128930449486,0.39343198090791703,0.37604170590639113,0.36194789707660674,0.34764820486307146,0.3336938351392746,0.3145467936992645,0.29931546896696093,0.2839310899376869,0.2664007395505905,0.2531059466302395,0.23927948325872422,0.22275091335177422,0.2091774068772793,0.194443941116333,0.17778659239411354,0.16146659553050996,0.14756245091557502,0.13274916037917137,0.11661375313997269,0.1032123789191246,0.0902317687869072,0.07833680249750614,0.0653997890651226,0.056866211071610454,0.049475247599184514,0.0,0.05207028668373823,0.058167099580168725,0.07015417367219925,0.07774485051631927,0.09158261194825172,0.10128763243556023,0.11316405050456524,0.1256773266941309,0.13896130099892617,0.14971557930111884,0.1649300053715706,0.17527188435196878,0.18670177534222604,0.19889432266354562,0.2078906700015068,0.21765992119908334,0.23111798167228698,0.24152663275599479,0.251657435297966,0.2616529904305935,0.27224795520305634,0.2812487453222275,0.2868768721818924,0.3018725022673607,0.3083841785788536,0.3172635093331337,0.3280161142349243,0.3375112399458885,0.34543133080005645,0.3546106666326523,0.36464360654354094,0.3726025864481926,0.3804187223315239,0.38843130469322207,0.39796911776065824,0.40510408133268355,0.41347836554050443,0.42118087857961656,0.4286296218633652,0.4354736790060997,0.4442946076393127,0.4507055938243866,0.45992822051048277,0.4663375481963158,0.4759351074695587,0.4826963782310486,0.4900546491146088,0.4974791809916496,0.5048388421535492,0.5123045071959496,0.5199270993471146,0.5271819546818733,0.5341938585042953,0.5428328216075897,0.548452615737915,0.5563860177993775,0.5643298298120498,0.572196289896965,0.5797582805156708,0.5868906289339065,0.5967158198356628,0.6039777725934983,0.6118254095315934,0.6195755451917648,0.6275876969099045,0.6360200822353363,0.6454718917608261,0.6539922386407853,0.6617877215147019,0.6714176595211029,0.6807317078113556,0.6884763151407242,0.6989367812871933,0.7061883687973023,0.7176820486783981,0.7267449706792831,0.7366571009159089,0.7502458691596985,0.7588893890380859,0.7696426033973693,0.7819596737623214,0.793812707066536,0.805152302980423,0.817191994190216,0.8329597175121307,0.8479848802089691,0.8612032443284988,0.882885730266571,0.9025384545326233,0.9253146976232529,0.9474644511938095,0.9785195797681808,1.0277006387710572
t_92,1.090082621574402,1.0896644115447998,1.0929109752178192,1.091597032546997,1.091035258769989,1.0917022287845612,1.0881846308708192,1.0868363976478577,1.082381135225296,1.0828366219997405,1.0805973708629608,1.0766070187091827,1.0784151613712312,1.0768484473228455,1.0783595383167266,1.0727884769439697,1.070290642976761,1.0669193863868713,1.0641859531402589,1.061851018667221,1.0580649971961975,1.0568678736686707,1.0537527740001678,1.0492423057556153,1.046697300672531,1.044107937812805,1.0405152678489684,1.0340117692947388,1.0303994476795197,1.0265405595302581,1.020704799890518,1.0170076787471771,1.0112169623374938,1.0040675491094588,0.9970262169837951,0.9883590996265411,0.9853643596172332,0.9745103299617768,0.9677389442920685,0.9600021660327911,0.9510954856872559,0.9405060529708862,0.9289899080991745,0.9260004192590714,0.9111375778913497,0.901893675327301,0.8898619651794434,0.8783436298370362,0.8656839936971664,0.8545362114906311,0.8432075679302216,0.828882771730423,0.8141247451305389,0.8021672755479813,0.7890855342149734,0.7731856554746628,0.7605910778045655,0.7479862630367279,0.7342338174581527,0.7214797854423523,0.7053194016218185,0.6923188120126724,0.6788795053958893,0.6636297643184662,0.6475192159414291,0.6349623948335648,0.6227215707302094,0.6057656347751618,0.5955773741006851,0.5832496523857117,0.5663948625326156,0.5512126713991166,0.5378532320261001,0.5256587877869606,0.5105059430003166,0.49261208772659304,0.4794041633605957,0.46554281264543534,0.4495231047272682,0.43346431106328964,0.4203342244029045,0.40474203079938886,0.3876695349812508,0.3736501023173332,0.3595073282718658,0.34589833766222,0.3269998699426651,0.3118095904588699,0.2968001842498779,0.279251916706562,0.26637873500585557,0.25253755003213885,0.23628656417131425,0.2229568399488926,0.20797609239816667,0.1918244630098343,0.1758262664079666,0.16182317286729814,0.14638150334358216,0.12974943332374095,0.1167815864086151,0.10293735153973102,0.09108293317258358,0.07744765728712082,0.06776482909917832,0.05967809725552797,0.05207028668373823,0.0,0.05420301426202059,0.06090655606240034,0.0678071677684784,0.07981516271829606,0.08883816935122013,0.10011625811457633,0.11317922100424767,0.12645796462893485,0.13634502440690993,0.1520950138568878,0.1619757130742073,0.17316406965255737,0.18552907705307006,0.19473467767238617,0.20452815890312195,0.2180842787027359,0.22893509417772293,0.23889686092734336,0.24889623671770095,0.2596984371542931,0.26885977014899254,0.27436831742525103,0.28959098905324937,0.2961157873272896,0.30500495582818987,0.3158672824501991,0.32560275942087175,0.33364829123020173,0.3429461881518364,0.35313109755516053,0.36124039590358736,0.36912157386541367,0.37724699825048447,0.38703412711620333,0.3940384268760681,0.4026461035013199,0.4104184001684189,0.4179528772830963,0.4249019041657448,0.433975413441658,0.4404821664094925,0.449732805788517,0.4561519086360931,0.4659306526184082,0.47283353209495543,0.4802472248673439,0.48786395490169526,0.49527028799057005,0.502877502143383,0.5104996085166931,0.5178455039858818,0.5249296724796295,0.5337589770555496,0.5394252419471741,0.5474576741456986,0.5554605454206467,0.5634261429309845,0.5711129754781723,0.5783082664012908,0.5882912665605545,0.5956366777420044,0.6035903543233871,0.6113875925540924,0.6195228368043899,0.6280518382787704,0.6375980883836746,0.6462374567985535,0.6541562259197236,0.6638647496700287,0.6732512921094894,0.6811229586601257,0.6917109370231629,0.6990250378847123,0.710635456442833,0.7197694718837738,0.7298153072595597,0.7435516715049744,0.7522423952817917,0.763121834397316,0.7755708545446396,0.7875549376010895,0.7990067183971405,0.8111670851707459,0.8270613819360733,0.8422319144010544,0.8555800467729568,0.8774776816368103,0.8973110496997834,0.9203008115291595,0.9426302343606949,0.9739785104990005,1.0235613107681274
t_91,1.0953157901763917,1.0948874175548553,1.0981024384498597,1.096798402070999,1.0962414205074311,1.09689057469368,1.0934132874011993,1.0920822381973267,1.0876734495162963,1.088130933046341,1.0859225332736968,1.0819605469703675,1.0837435603141785,1.0821912169456482,1.0836741387844087,1.0781702816486358,1.0756868064403533,1.0723583281040192,1.0696506381034852,1.0673301458358764,1.0635729789733888,1.0623952865600585,1.0593022406101227,1.054843121767044,1.0523178577423096,1.0497504770755768,1.0461995363235475,1.0397544145584106,1.036173117160797,1.0323472678661347,1.0265840888023376,1.02292058467865,1.0171888649463654,1.010111677646637,1.0031586199998856,0.994586831331253,0.9916050285100937,0.9808770447969437,0.9741742700338364,0.9665219038724899,0.9577134758234024,0.9472392559051513,0.935849404335022,0.9328879684209823,0.9182140469551087,0.90907082259655,0.8971401900053024,0.8857538104057312,0.873239067196846,0.8622295707464218,0.851015231013298,0.8368573218584061,0.8222641170024871,0.8104100108146668,0.797474330663681,0.7817299783229827,0.7692851513624192,0.7567947983741761,0.7431670606136322,0.730544176697731,0.7145480811595917,0.7016626387834549,0.6883337318897247,0.6732177525758744,0.6572259575128555,0.6447696477174759,0.6326667994260788,0.6158393025398254,0.6057162612676621,0.5935188055038452,0.5767431110143661,0.5616924524307251,0.5484374791383744,0.5363593131303788,0.5213195562362671,0.5034747928380966,0.49038918167352674,0.476704965531826,0.4608256444334984,0.4448180004954338,0.4317573577165604,0.4163318306207657,0.3993622690439224,0.3854411318898201,0.37138538956642153,0.3577111378312111,0.33897276520729064,0.32375880181789396,0.3089334830641747,0.2915167063474655,0.2786437377333641,0.26492743417620657,0.2489134095609188,0.23547786399722098,0.2207094632089138,0.20417120382189752,0.18815194368362426,0.17406490966677665,0.1582064412534237,0.14206102713942528,0.1289999656379223,0.11495477184653283,0.10150343254208564,0.08673440366983413,0.07813028134405613,0.0676220040768385,0.058167099580168725,0.05420301426202059,0.0,0.05477226953953505,0.056289377808570865,0.06814680173993111,0.07818895503878594,0.08873775228857994,0.10077534653246403,0.11375238709151744,0.1240487065166235,0.13900329619646073,0.14902292490005492,0.16067080125212668,0.17313192114233972,0.1816156454384327,0.1917953185737133,0.20538950189948083,0.21635583341121672,0.22608553171157836,0.23636382594704627,0.24702786207199096,0.2563020192086697,0.2621091201901436,0.277142795920372,0.28379503041505816,0.2929652094841003,0.3039752125740051,0.3135994955897331,0.3218476578593254,0.33131626397371294,0.341316157579422,0.34972562193870543,0.35762582570314405,0.365859717130661,0.37568307369947435,0.38282136619091034,0.391475710272789,0.39931757003068924,0.4069100975990295,0.41403003334999083,0.42310248911380766,0.4296914622187614,0.43904348760843276,0.4455282509326935,0.4553679957985878,0.4623994305729866,0.46982760429382325,0.4774948343634605,0.4850074306130409,0.4926822006702423,0.5003975018858909,0.5078394517302514,0.5150997832417488,0.5238355532288551,0.529603460431099,0.5376866549253464,0.5458463877439499,0.5538361996412278,0.5615583240985871,0.5688581049442292,0.57890684902668,0.5863554894924163,0.5943772584199906,0.6022722989320755,0.610428187251091,0.6190211534500122,0.628629493713379,0.6373688489198684,0.6453201591968536,0.6551569700241089,0.6646014899015427,0.6724800944328309,0.6832194179296494,0.6905580282211303,0.7022470146417618,0.7114713907241821,0.7216078102588653,0.7354257375001907,0.7441627740859985,0.7551183998584747,0.7676678836345673,0.7797556072473526,0.7912829041481018,0.8035499185323716,0.8195470124483109,0.8347992092370987,0.8482331305742263,0.8703204661607742,0.8902736157178879,0.9134039521217346,0.9358811497688293,0.9674437999725342,1.0173711359500885
t_90,1.1010522425174714,1.1006148695945739,1.103782296180725,1.1025053143501282,1.1019444942474366,1.1025690257549285,1.0991564691066742,1.0978454411029817,1.0935031354427338,1.093953114748001,1.0917742550373077,1.0878780722618102,1.089621549844742,1.0880770146846772,1.0895296454429626,1.0841171205043794,1.081649786233902,1.0783705592155457,1.075704312324524,1.0734068393707275,1.069697344303131,1.06854105591774,1.0654861629009247,1.0610916316509247,1.058585876226425,1.0560444712638855,1.0525502204895019,1.0461869478225707,1.042653602361679,1.0388654708862304,1.0331667840480805,1.0295616924762725,1.0238875806331635,1.0169179737567902,1.0100483000278473,1.0016027092933655,0.9986314952373505,0.9880435258150101,0.9814479023218154,0.9739010363817215,0.965206292271614,0.9548548072576523,0.9436155498027802,0.9406916707754135,0.9262195736169815,0.9171956241130829,0.9054347991943359,0.894195967912674,0.8818355798721313,0.8710010319948196,0.8599391907453537,0.8459433794021607,0.8315587103366852,0.8198535710573196,0.8071130633354187,0.7915806025266647,0.7792838275432586,0.7669652998447418,0.7534905761480332,0.7410543829202652,0.7252710700035095,0.7125618487596512,0.6993760347366333,0.684466016292572,0.6686419278383255,0.6563655436038971,0.6444159626960755,0.6277666717767716,0.6177656173706054,0.605733460187912,0.589094951748848,0.5742541939020157,0.561176860332489,0.5492083311080933,0.5343511819839477,0.516663470864296,0.5037352964282036,0.49025518745183944,0.4746107324957848,0.4587039515376091,0.44587596505880356,0.43056556284427644,0.41385165601968765,0.4000879243016243,0.3861734941601753,0.3727136135101318,0.35413632094860076,0.3390439584851265,0.3244785487651825,0.3071875229477882,0.2945487439632416,0.28106740564107896,0.26506435945630075,0.2518966026604176,0.2372996762394905,0.22070276066660882,0.20493873134255408,0.19106880873441695,0.17515888214111328,0.15813170596957207,0.14515185803174974,0.13097675293684005,0.1184516616165638,0.10334516838192939,0.09324604794383048,0.08089427687227727,0.07015417367219925,0.06090655606240034,0.05477226953953505,0.0,0.05281844772398472,0.060703407414257525,0.06585090197622775,0.07471807114779949,0.08615074083209037,0.0989291675388813,0.10905568599700928,0.12336904630064964,0.13349191062152385,0.14555568769574165,0.15772975981235504,0.16602276042103767,0.1762598417699337,0.1899293340742588,0.20115365609526634,0.21079743579030036,0.22114718481898307,0.23183528184890748,0.24118509888648987,0.24751847237348557,0.2622870497405529,0.2690462447702885,0.27839520275592805,0.28953520506620406,0.2992424607276917,0.30773418843746186,0.3173839583992958,0.32736078798770907,0.3359560802578926,0.34412194043397903,0.352342477440834,0.3623244136571884,0.3694901719689369,0.37831268906593324,0.3862640976905823,0.39395514875650406,0.40130971372127533,0.4104593232274055,0.4172247305512428,0.42662579119205474,0.4332216426730156,0.443132147192955,0.450333571434021,0.4577933132648468,0.4656012013554573,0.47324704080820085,0.4811077550053596,0.48878994584083557,0.4963554531335831,0.5037966787815094,0.5125970646739006,0.5185233652591705,0.5266011625528335,0.5349589198827743,0.543033567070961,0.5508226454257965,0.5582490503787995,0.5684685230255127,0.5759713470935821,0.584141606092453,0.5921171873807907,0.6003897458314895,0.6090782314538956,0.618765977025032,0.6276577949523926,0.6357393950223923,0.6456889182329177,0.6551992565393447,0.663205823302269,0.6741118460893631,0.6815147280693055,0.6932811200618744,0.7026166260242462,0.7129369825124741,0.7268790394067765,0.73565514087677,0.7467426300048828,0.7594445079565049,0.7716858088970184,0.7833343029022217,0.7957818031311035,0.8118900418281555,0.8272907644510269,0.8408766657114028,0.863191232085228,0.8833551585674286,0.906707888841629,0.9293952107429504,0.9612918764352798,1.011670583486557
t_89,1.103326940536499,1.1028789401054382,1.1059964001178741,1.1047326624393463,1.1041783571243287,1.1047810733318328,1.1014222264289857,1.1001208543777465,1.0958181858062743,1.0962523221969604,1.0941068708896637,1.090250551700592,1.091969186067581,1.0904128193855285,1.0918407499790193,1.086473023891449,1.0840277314186095,1.0807662665843965,1.0781388342380525,1.0758440673351288,1.0721600472927093,1.0710108935832978,1.0679758489131927,1.0636143386363983,1.061113464832306,1.0585754692554474,1.0551263034343719,1.0488118588924409,1.0452925086021423,1.0415278136730195,1.0358405411243439,1.032269924879074,1.0266120553016662,1.019705593585968,1.0128710955381393,1.0045056462287902,1.0015213429927825,0.991026496887207,0.9844753563404083,0.977008056640625,0.9683594912290573,0.9580734163522721,0.9469138413667679,0.9440151900053024,0.9296727895736694,0.9207104206085205,0.9090626090764999,0.8978907287120819,0.8855970948934555,0.8748980909585953,0.8638893306255341,0.8500122666358948,0.8357376426458358,0.8241540908813476,0.8115512996912002,0.7961852669715881,0.7839682936668396,0.7717524468898773,0.7583654463291168,0.7460895925760269,0.7304651588201523,0.7177823603153228,0.7047309786081314,0.6899729281663894,0.6743234932422638,0.6620702266693115,0.6502132922410965,0.6337426245212555,0.6238020658493042,0.6118299037218093,0.5952557563781739,0.5806801557540894,0.5676126897335052,0.5557590872049332,0.5409963607788086,0.5234056234359741,0.5105555132031441,0.49719431400299074,0.4817549780011177,0.46592467427253725,0.4531379222869873,0.43805529922246933,0.42144888937473296,0.40781296193599703,0.3940378338098526,0.3805796891450882,0.3621399074792862,0.34716704189777375,0.3326535582542419,0.3155667409300804,0.30295698493719103,0.28956563025712967,0.27362258434295655,0.26037243008613586,0.2460811160504818,0.22963956445455552,0.2137838989496231,0.1998915895819664,0.184282236546278,0.1679358422756195,0.15510341823101043,0.14042576625943184,0.1264277022331953,0.1116773508489132,0.1011687122285366,0.08829084187746047,0.07774485051631927,0.0678071677684784,0.056289377808570865,0.05281844772398472,0.0,0.05443514678627252,0.05942356623709202,0.06716308668255806,0.07798030376434326,0.08911059461534024,0.09999371692538261,0.11438477225601673,0.12509480081498622,0.13602933511137963,0.14827171564102173,0.156550532579422,0.16669891327619552,0.1802441030740738,0.19160886034369468,0.20145476683974267,0.2115395225584507,0.22248028740286827,0.23225037753582,0.23800669685006143,0.2533967688679695,0.260122150182724,0.2695121616125107,0.280838218331337,0.29056993722915647,0.2991251155734062,0.3087862700223923,0.3192149728536606,0.32788811177015303,0.3360416829586029,0.34442577660083773,0.3546445265412331,0.36169897466897966,0.37068469673395155,0.3787211447954178,0.38639061748981474,0.39390159398317337,0.40319180488586426,0.4099787652492523,0.4195471525192261,0.4261350780725479,0.43628471344709396,0.44350022822618484,0.451082244515419,0.4589216962456703,0.46670777797698976,0.47465749382972716,0.4824163898825645,0.4900732830166817,0.4975549548864365,0.506455360352993,0.5123915940523147,0.5206208676099777,0.5289744228124619,0.5372100949287415,0.5451033294200898,0.5526118546724319,0.5628445506095886,0.570488128066063,0.5787101775407791,0.586813285946846,0.5951258301734924,0.6039601355791092,0.6137062191963196,0.622648823261261,0.6308421850204468,0.6408636033535003,0.6505009233951569,0.6585387617349625,0.6695621609687805,0.6769853919744492,0.6888672173023224,0.6982307821512223,0.7086972057819366,0.722737941145897,0.7315830141305923,0.7427900016307831,0.7555741637945175,0.7679093688726425,0.7796455979347229,0.7921683728694916,0.8083823949098587,0.8239007085561753,0.8376039654016495,0.8600568354129792,0.8803545653820037,0.9038610577583313,0.9266798436641693,0.9587520360946655,1.0094181716442108
t_88,1.1082596719264983,1.1078186929225922,1.110914146900177,1.109660255908966,1.1091136157512664,1.109714651107788,1.1063842296600341,1.1051061630249024,1.1008371114730835,1.1012720227241517,1.0991580784320831,1.0953224360942841,1.0970337748527528,1.0955044209957123,1.0969070732593535,1.0915967524051666,1.0891817450523376,1.085958582162857,1.0833542704582215,1.0810924172401428,1.0774325370788573,1.0763106644153595,1.0732994198799133,1.0689904272556305,1.0665203392505647,1.0640039503574372,1.0606019377708436,1.0543530106544494,1.050865602493286,1.0471489310264588,1.0415396392345428,1.0380013585090637,1.0324165046215057,1.0255767285823822,1.0188268840312957,1.0105499744415283,1.0076076447963715,0.9972278505563736,0.9907468318939209,0.9833598494529724,0.9748060494661331,0.964644056558609,0.9536095142364502,0.9507489889860153,0.9365725994110108,0.9277090281248093,0.9161892712116242,0.9051456779241562,0.8930056124925614,0.8824322521686554,0.8715301573276519,0.8578282266855239,0.8437095403671264,0.8322735846042633,0.819815319776535,0.8045959115028382,0.7925465673208236,0.780452448129654,0.7672334998846054,0.755082631111145,0.7396271497011184,0.7270691424608231,0.7141824662685394,0.6995691806077957,0.684092515707016,0.6719658017158509,0.6602514564990998,0.6439452856779099,0.6341605186462402,0.6223215997219086,0.6059759974479675,0.5915374338626862,0.5786122739315033,0.5668946981430054,0.5522979915142059,0.5349235236644745,0.5223043784499168,0.5090162053704261,0.4936640501022339,0.47816748172044754,0.4655279129743576,0.45060978531837464,0.4341710150241852,0.42074874192476275,0.40705743432044983,0.3938996210694313,0.37572924941778185,0.36092624068260193,0.3467275336384773,0.3296820089221001,0.317308109998703,0.303998538851738,0.2885407000780106,0.27534314543008803,0.2606940120458603,0.24500320330262185,0.22940607815980912,0.2155718185007572,0.1997923657298088,0.1833412803709507,0.1703302837908268,0.15563867911696433,0.14253409057855607,0.12660129107534884,0.11649149097502232,0.10404900461435318,0.09158261194825172,0.07981516271829606,0.06814680173993111,0.060703407414257525,0.05443514678627252,0.0,0.05361633393913508,0.05808928813785315,0.0680106919258833,0.07779254354536533,0.085904336348176,0.10183734446763992,0.1099408932030201,0.12107427194714546,0.134331364184618,0.1419118195772171,0.15212029814720154,0.16586256250739098,0.17729174867272376,0.18688481599092482,0.19741878360509874,0.20836665183305741,0.2180454194545746,0.22386915013194084,0.23939270973205568,0.2462852768599987,0.25565808117389677,0.2668795719742775,0.2769172742962837,0.28534417003393175,0.29526324570178986,0.3057694971561432,0.3146249771118164,0.3226568251848221,0.3312098070979118,0.3414898455142975,0.34872054755687715,0.3578030183911324,0.3658515587449074,0.37375388890504835,0.3812371030449867,0.3906282871961594,0.39750581979751587,0.4071658253669739,0.4138597667217255,0.42412682473659513,0.43142457753419877,0.43911009579896926,0.4470992565155029,0.4548899203538895,0.4628066197037697,0.47079292237758635,0.4784916594624519,0.4860687658190727,0.49503949731588365,0.50103400349617,0.5093963846564293,0.5177919685840606,0.5261104136705399,0.5340762704610824,0.5416562408208847,0.5519474148750305,0.5597686111927033,0.5680171698331833,0.5761995702981949,0.5845693916082382,0.5934722304344178,0.6033156365156174,0.6123352617025375,0.6206087023019791,0.6307311356067657,0.6404607892036438,0.6485580921173095,0.6596620321273804,0.6671620965003967,0.6791782855987549,0.6886483490467071,0.6991643309593201,0.7133088737726212,0.7222522586584091,0.7335545301437378,0.7464518487453461,0.7588900715112686,0.7707290172576904,0.7833425134420395,0.7996816396713257,0.8153298616409301,0.8291519194841385,0.8518078088760376,0.872227019071579,0.8959437161684036,0.9189429193735122,0.951276496052742,1.0023532867431642
t_87,1.1110818564891816,1.1106546342372894,1.1137381851673127,1.1124854743480683,1.111954003572464,1.1125645756721496,1.1092413246631623,1.1079836428165435,1.103723978996277,1.104165679216385,1.1020797610282898,1.0982409358024596,1.0999612867832185,1.0984570622444152,1.0998405277729035,1.0945550501346588,1.092176765203476,1.088971871137619,1.0863816082477569,1.0841431200504303,1.080493587255478,1.0793916523456573,1.0763935446739197,1.0721139907836914,1.0696714997291565,1.067165094614029,1.0637950599193573,1.0575855910778045,1.0541115403175354,1.0504371702671051,1.0448861479759217,1.0413539469242097,1.0358280420303345,1.029024636745453,1.022328007221222,1.0141060292720794,1.0112079203128814,1.0009076178073884,0.9944491177797318,0.9871250331401825,0.9786208748817444,0.9685573488473892,0.9576024353504181,0.9547754257917405,0.9407083243131638,0.9319090902805328,0.9204694837331772,0.9095060855150223,0.8974714815616608,0.8869681626558303,0.8761276811361313,0.8625692486763,0.8485489070415497,0.8372220754623413,0.8248453587293625,0.8097359299659729,0.7978001326322556,0.7857834190130234,0.7726949661970138,0.7606293737888337,0.745294126868248,0.7327987462282181,0.7200677424669266,0.7055238395929336,0.6902254045009613,0.6781379401683807,0.6665271162986756,0.650383123755455,0.6407162845134735,0.6289713114500046,0.6128227561712265,0.5984668910503388,0.5856565117835999,0.5740920543670655,0.5596331357955933,0.5423579484224319,0.529939153790474,0.5167664408683776,0.5014650493860244,0.48615999072790145,0.47362528592348097,0.4588766798377037,0.44255971610546113,0.4293866530060768,0.4157331645488739,0.40280280262231827,0.3848618283867836,0.37024403363466263,0.3561209425330162,0.33928349167108535,0.32701056003570556,0.3138830468058586,0.29867724925279615,0.28529087603092196,0.2706900551915169,0.2553577654063702,0.2400913767516613,0.22630941346287728,0.21075545251369476,0.19413311034440994,0.1810191549360752,0.16603771224617958,0.15382701456546782,0.13751765191555024,0.12731638513505458,0.11389187462627888,0.10128763243556023,0.08883816935122013,0.07818895503878594,0.06585090197622775,0.05942356623709202,0.05361633393913508,0.0,0.051511642336845395,0.06056157574057579,0.06844784431159497,0.0752124298363924,0.09114659801125527,0.09867343828082084,0.1101811934262514,0.12354614771902561,0.13048770613968372,0.1404375560581684,0.15414704009890556,0.16537653729319574,0.17524534836411476,0.18581243902444838,0.1968368709087372,0.20666420236229896,0.21254457607865335,0.22840439304709434,0.2351939432322979,0.24465673342347144,0.2559009328484535,0.2660612568259239,0.2741397529840469,0.28428367227315904,0.2951050132513046,0.30387850403785704,0.31189687103033065,0.3205754399299622,0.33106374740600586,0.33832622319459915,0.3475318744778633,0.35552402287721635,0.3635717391967773,0.37106860280036924,0.3805342733860016,0.387299108505249,0.3971893772482872,0.40402224063873293,0.4144067525863647,0.4216074824333191,0.4294998675584793,0.4375118210911751,0.44536243081092836,0.45329238623380663,0.4614692345261574,0.46919966340065,0.4768054232001305,0.48584231585264204,0.49188753217458725,0.5003414645791053,0.5088096305727958,0.5172381892800331,0.5252200469374657,0.5328696548938752,0.5431861609220505,0.5511116296052933,0.5593918561935425,0.5676754593849183,0.5760808616876603,0.5850824415683746,0.5949828147888183,0.6040176212787628,0.6123596429824829,0.6225448280572892,0.6324251025915146,0.64054633975029,0.65170718729496,0.6592109978199006,0.6713878571987152,0.6809252619743347,0.6914473801851273,0.7057434648275376,0.714774739742279,0.7261449366807937,0.7391202300786972,0.7516285657882691,0.763566917181015,0.7762275874614716,0.7926903694868088,0.8084601044654847,0.8223681688308716,0.8451788872480392,0.8657097578048706,0.8895817190408707,0.9127331405878067,0.945248931646347,0.996671837568283
t_86,1.1153947472572328,1.1149400293827056,1.1179546296596528,1.1167343139648438,1.116189432144165,1.1167534172534943,1.1135184347629548,1.1122617185115815,1.1080865621566773,1.1085009396076202,1.1064360320568085,1.1026865482330321,1.1043424367904664,1.1028129518032075,1.1041691064834596,1.0989750146865844,1.096587985754013,1.0934218347072602,1.09088191986084,1.0886385142803192,1.0850371599197388,1.0839424014091492,1.0809775829315185,1.0767519116401671,1.0743031919002533,1.0718108355998992,1.0684902489185333,1.0623505651950835,1.0589165151119233,1.0552498817443847,1.0497175633907319,1.0462544560432434,1.0407434701919556,1.0340532660484314,1.0274119198322296,1.019315493106842,1.0163766384124755,1.0061961889266968,0.9998588532209396,0.9926217585802078,0.9842218816280365,0.9742320358753205,0.9634068638086319,0.9605930596590042,0.9467163890600204,0.9380211472511292,0.9267462581396103,0.9158995360136032,0.9039785593748093,0.8936726599931717,0.8829675495624543,0.8695158451795578,0.8556997418403626,0.8444889396429062,0.8323140352964401,0.8174318641424179,0.8055941134691238,0.793761694431305,0.7807518869638443,0.768897932767868,0.7537722706794738,0.7414288282394409,0.728761813044548,0.7144680202007294,0.6992786914110184,0.6873661518096924,0.6758805066347122,0.659861758351326,0.6502306759357452,0.6385907262563706,0.6224450975656509,0.6083837807178497,0.5956682562828064,0.5841365844011307,0.5697645336389542,0.5526570439338684,0.5402032941579819,0.5272310376167297,0.512257331609726,0.4969442844390869,0.4845176011323929,0.46990932524204254,0.45382945239543915,0.4406018152832985,0.4271850764751434,0.4141724228858948,0.39635212123394015,0.3817332908511162,0.36783202588558195,0.3511247828602791,0.3390053197741508,0.32589993476867674,0.31057818084955213,0.29770528227090837,0.283556205034256,0.26777085959911345,0.2522395245730877,0.23870464488863946,0.22320846393704413,0.20668706446886062,0.19396670758724213,0.17927971929311753,0.16597775667905806,0.15060868859291077,0.13965275883674622,0.12565525844693184,0.11316405050456524,0.10011625811457633,0.08873775228857994,0.07471807114779949,0.06716308668255806,0.05808928813785315,0.051511642336845395,0.0,0.05301480907946825,0.05932619981467724,0.06491176635026932,0.0796465002000332,0.08693568184971809,0.09842102080583573,0.1107442680746317,0.11762035004794598,0.12751188278198242,0.14125124961137772,0.15286175459623336,0.16228407323360444,0.17312378361821174,0.18399431332945823,0.1939411647617817,0.1999088555574417,0.21559201329946517,0.22252355441451072,0.23206449076533317,0.24361984208226203,0.2537215486168861,0.2624621674418449,0.27252989411354067,0.28338239938020704,0.2925189331173897,0.30079053789377214,0.3094374403357506,0.32005693316459655,0.3272686183452606,0.3366516441106796,0.3448947504162788,0.3528066501021385,0.36065568029880524,0.3702948376536369,0.3774315848946571,0.38725595772266386,0.39399443119764327,0.4045127734541893,0.4120276868343353,0.419836038351059,0.4279925346374512,0.4360482171177864,0.4442373067140579,0.4522592231631279,0.4602036252617836,0.4679637894034386,0.4770858436822891,0.4832415372133255,0.4917279422283173,0.5003466069698334,0.5088394999504089,0.5169936716556549,0.5247926399111748,0.5352977573871612,0.5432620584964752,0.5517078995704651,0.5601055920124054,0.5686366468667984,0.5777426928281784,0.5877345949411392,0.5969299077987671,0.6054361432790756,0.6157475471496582,0.6256347566843032,0.6338846564292908,0.6452614098787308,0.6528806626796723,0.6650571405887604,0.6746725618839264,0.6855052590370179,0.6998874038457871,0.7089128494262695,0.7204497516155243,0.733582729101181,0.746252366900444,0.7582945376634598,0.7711670458316803,0.7877518028020859,0.8036386072635651,0.8177021354436874,0.8407369703054428,0.8615176379680634,0.885593643784523,0.9089353829622269,0.9417846709489822,0.9935969024896621
t_85,1.1192963778972627,1.1188469171524047,1.1218256533145905,1.1206228852272033,1.1200782477855682,1.1206335127353668,1.117433285713196,1.1161847472190858,1.1120662271976471,1.1124651610851288,1.1104110479354858,1.106715726852417,1.1083397686481475,1.1068198442459107,1.1081591963768005,1.1030296623706817,1.100647407770157,1.0975192308425903,1.0950030744075776,1.0927735030651093,1.0892133116722107,1.0881308436393737,1.085195541381836,1.0810024619102478,1.0785778045654297,1.076113897562027,1.0728166580200196,1.0667410135269164,1.063347327709198,1.0597068548202515,1.0542272746562957,1.0508004128932953,1.0453470349311829,1.0387391448020935,1.0321491718292237,1.0241564810276031,1.0212349712848663,1.0111521244049073,1.0049068868160247,0.9977305710315705,0.9894306421279907,0.9795353055000305,0.9688298553228378,0.966035121679306,0.9523074895143508,0.9437176048755646,0.9325606912374497,0.9218368023633957,0.9100458234548569,0.8998646169900895,0.8892866909503937,0.8759424149990082,0.8623015314340592,0.8511871010065079,0.8391390413045883,0.824439850449562,0.8127150148153305,0.8010170549154282,0.7881152004003524,0.7763802468776703,0.7614227622747421,0.7492543488740921,0.7366731435060501,0.7225442469120026,0.7074785828590393,0.6957003444433212,0.6843265652656555,0.668459901213646,0.6588900268077851,0.6473955005407334,0.6313612490892411,0.6174148291349411,0.6048917561769486,0.5934163123369217,0.5791930824518203,0.5622847110033036,0.5498575985431671,0.537068048119545,0.5223066195845604,0.5071188122034073,0.494742751121521,0.4802741214632988,0.46436047852039336,0.4512687772512436,0.43809361606836317,0.42511467933654784,0.4073984384536743,0.39305892288684846,0.37918889373540876,0.36276273876428605,0.3506190165877342,0.33794392347335817,0.3224363446235657,0.30998765826225283,0.29624986499547956,0.28021850883960725,0.26476111859083173,0.25132046788930895,0.23625129014253615,0.21962015628814696,0.20704741030931473,0.19293902963399887,0.1791747748851776,0.16415941193699837,0.15235331729054452,0.1381995990872383,0.1256773266941309,0.11317922100424767,0.10077534653246403,0.08615074083209037,0.07798030376434326,0.0680106919258833,0.06056157574057579,0.05301480907946825,0.0,0.050879245065152644,0.05980487260967493,0.06736925467848778,0.07666821368038654,0.0872317012399435,0.09706278555095196,0.10591945238411427,0.1163419734686613,0.12977544367313384,0.13985820710659028,0.1503335490822792,0.1608267217874527,0.1710604138672352,0.181215363740921,0.18780602216720582,0.20312910601496698,0.21007441654801368,0.22011417523026466,0.2315310798585415,0.24191881120204925,0.25097068026661873,0.2608353689312935,0.2716962292790413,0.28073577433824537,0.2895950451493263,0.29809338301420213,0.30859843641519547,0.316255883872509,0.32565069645643235,0.33411031067371366,0.3420515716075897,0.35006380528211595,0.3596547842025757,0.3672661155462265,0.3769913002848625,0.3838488504290581,0.39438478499650953,0.4021415889263153,0.40987678319215776,0.4181044399738312,0.4263636127114296,0.434778593480587,0.442717070877552,0.45082046240568163,0.4587356701493263,0.4678996503353119,0.47424828112125395,0.48265992403030394,0.4914610758423805,0.5000728279352188,0.5082903698086738,0.5161815166473389,0.5269044131040573,0.5348576307296753,0.5434516608715058,0.5519436687231064,0.5605849087238312,0.5697844356298447,0.579837155342102,0.5891965389251709,0.5978246062994004,0.6082314729690552,0.6181540042161942,0.6265108853578567,0.6380409598350525,0.645753139257431,0.6579353362321854,0.6676588386297226,0.6787136256694793,0.6931750535964966,0.7022291004657746,0.71388179063797,0.7271473914384842,0.7399378269910812,0.7520743399858475,0.7651625573635101,0.7818361699581147,0.7978372395038604,0.8120420098304748,0.8352344810962677,0.8562414288520813,0.8804905891418457,0.9040252923965454,0.9371672570705414,0.9893506944179535
t_84,1.1234421610832215,1.122992789745331,1.1259486973285675,1.1247539222240448,1.1242196917533875,1.1247652769088745,1.1215981364250183,1.120372211933136,1.1162850201129912,1.1166896402835846,1.1146752178668975,1.110995787382126,1.1126098036766052,1.1111154794692992,1.112421488761902,1.1073466300964356,1.1049989759922028,1.101900452375412,1.0994109213352203,1.0972095549106597,1.0936652362346648,1.092606121301651,1.0896883308887482,1.0855461597442626,1.083147406578064,1.0806974589824676,1.0774429142475128,1.0714235067367555,1.0680496275424958,1.0644532799720765,1.0590364694595338,1.0556351482868194,1.0502420961856842,1.043687880039215,1.0371693670749664,1.0292501032352448,1.0263601064682006,1.016381973028183,1.0101787090301513,1.0030850023031235,0.9948590636253357,0.9850696057081223,0.9744644045829773,0.971713450551033,0.958129033446312,0.9496182978153229,0.9385634660720825,0.9279506772756576,0.9162720829248429,0.9062062233686448,0.8957079231739045,0.8825298547744751,0.8690218567848206,0.8580336689949035,0.8461039662361145,0.8315513014793396,0.819951343536377,0.8083583861589432,0.7956023812294006,0.7839818477630616,0.769165250658989,0.7570850014686584,0.7446585297584534,0.7306464523077011,0.715746495127678,0.7040403097867965,0.6927741140127182,0.6770984083414078,0.6676394701004028,0.6562538981437683,0.6404071092605591,0.6265711724758148,0.6141450643539429,0.6028273820877075,0.5887714207172394,0.5719632148742676,0.5597372323274612,0.547053062915802,0.5323787182569504,0.5173398748040199,0.5051080748438835,0.49081640094518664,0.4749929577112198,0.46214197129011153,0.4490328624844551,0.4362716838717461,0.41870623677968977,0.4045947462320328,0.3908150687813759,0.37458283007144927,0.3625666916370392,0.35004659593105314,0.33481762409210203,0.32227495312690735,0.3084897592663765,0.2929100438952446,0.2777572229504585,0.26435459554195406,0.24938790276646614,0.23298350721597672,0.22038463056087493,0.20602839514613153,0.1927354745566845,0.17724838033318518,0.1660599574446678,0.1516579233109951,0.13896130099892617,0.12645796462893485,0.11375238709151744,0.0989291675388813,0.08911059461534024,0.07779254354536533,0.06844784431159497,0.05932619981467724,0.050879245065152644,0.0,0.05286719128489494,0.0595540851354599,0.06614677645266057,0.07502912469208241,0.08524212501943111,0.09300157576799392,0.10256822183728218,0.11572734341025352,0.12589547745883464,0.13641187846660613,0.14676673635840415,0.1574092723429203,0.1677604615688324,0.1739360697567463,0.1896904304623604,0.1968035764992237,0.2067437157034874,0.21825207844376565,0.22852494865655898,0.23746494129300116,0.24747933819890022,0.25862396955490113,0.26784214824438096,0.2765810966491699,0.2852601334452629,0.29594361037015915,0.303558973968029,0.31307910531759264,0.3215971663594246,0.3296832859516144,0.3378061503171921,0.3474632740020752,0.3549354448914528,0.36495130211114885,0.3719453826546669,0.3826364278793335,0.3903497323393822,0.39831837117671964,0.40656106024980543,0.4149275183677673,0.4233462274074554,0.4315210148692131,0.4396426394581795,0.4476408436894417,0.4568812236189842,0.463268817961216,0.4718288078904152,0.48069214522838594,0.48946202993392945,0.4977239519357681,0.5057192996144295,0.5164298340678215,0.5245482787489891,0.5331918150186539,0.5417926520109176,0.5504703789949417,0.5598227679729462,0.5699445545673371,0.5793557941913605,0.5880675137042999,0.5985714346170425,0.6086205244064331,0.6170418381690979,0.6286635667085647,0.636409679055214,0.6487282544374466,0.6585345298051835,0.6696806252002716,0.6842296034097671,0.6934216767549515,0.7051820129156112,0.7185358047485352,0.7314394772052765,0.7436929941177368,0.756868714094162,0.7736466109752655,0.7897964835166931,0.8041373580694199,0.8274923980236053,0.8486326992511749,0.8730723321437835,0.8967880457639694,0.9301559746265411,0.9827467203140259
t_83,1.126651442050934,1.1262133538722991,1.129155296087265,1.1279683411121368,1.1274417102336884,1.127992171049118,1.1248430848121642,1.1236325263977052,1.119556760787964,1.1199611186981202,1.1179665744304657,1.1142961084842682,1.1159145295619965,1.1144353330135346,1.1157386779785157,1.1106847286224366,1.1083646833896637,1.1052839756011963,1.1028090715408325,1.1006282925605775,1.097103226184845,1.09605672955513,1.093158209323883,1.0890459954738616,1.086665153503418,1.0842261910438538,1.0810037791728973,1.075020158290863,1.0716655194759368,1.0680995464324952,1.0627227425575256,1.0593417525291442,1.0539853692054748,1.0474693953990937,1.0409979820251465,1.033123677968979,1.0302607655525207,1.0203473508358,1.0141799867153167,1.0071292102336884,0.9989449262619019,0.9892243355512619,0.9786828905344009,0.9759507894515991,0.9624486237764358,0.9539763778448105,0.9430092602968216,0.9324443817138672,0.9208490729331971,0.9108373671770096,0.9003921627998352,0.8873093873262405,0.8738618552684784,0.8629736721515655,0.8511251270771026,0.8366314738988876,0.8251220166683197,0.8135928601026535,0.8009403944015503,0.7893936425447464,0.774664717912674,0.7626257300376892,0.7503104865550995,0.7363628029823304,0.7215917021036148,0.7099744081497192,0.6987974911928176,0.6831719160079956,0.6738334864377975,0.6624951839447022,0.6468125700950622,0.6331058710813522,0.6207273930311203,0.6095058143138885,0.5954966276884079,0.5788660943508148,0.566799396276474,0.5541361689567565,0.5395185738801956,0.5247378826141358,0.5126503631472588,0.49842159897089006,0.4828110232949257,0.4699724644422531,0.4569587767124176,0.44440002292394637,0.427173313498497,0.4130648851394653,0.39957488775253297,0.3833171367645264,0.37161545604467394,0.358918496966362,0.34419805109500884,0.33149787336587905,0.31765628308057786,0.3025336802005768,0.2874403759837151,0.27412954568862913,0.2591928720474243,0.2430552713572979,0.2303106591105461,0.21597705632448197,0.20280040949583053,0.18771700859069823,0.17695700153708457,0.16289768740534782,0.14971557930111884,0.13634502440690993,0.1240487065166235,0.10905568599700928,0.09999371692538261,0.085904336348176,0.0752124298363924,0.06491176635026932,0.05980487260967493,0.05286719128489494,0.0,0.0560612803325057,0.05756991896778345,0.0661677498370409,0.07788478396832943,0.08230869844555855,0.09101901277899742,0.10462255403399467,0.1161472138017416,0.12478705979883671,0.13611271157860755,0.1469835929572582,0.15670158788561822,0.16276291012763977,0.17880298122763633,0.18592295572161674,0.19558327943086623,0.2072448931634426,0.21768851354718208,0.22647035047411918,0.2369309663772583,0.24806510284543037,0.25749272629618647,0.2658586367964745,0.27479751259088514,0.28569870442152023,0.2932551071047783,0.3029253765940666,0.3113781034946442,0.31968664973974226,0.32770404815673826,0.337688584625721,0.3451235398650169,0.3551919922232628,0.36217679381370543,0.3730394974350929,0.38081124126911164,0.38888049870729446,0.3973383143544197,0.40563088953495025,0.41398385018110273,0.4223559558391571,0.43054266422986986,0.4385647505521774,0.4479393526911736,0.45430184304714205,0.46305314302444456,0.471897391974926,0.4806669488549232,0.4890674531459808,0.49712852090597154,0.5078909948468209,0.5161846578121185,0.5248551800847053,0.5335084110498428,0.5422552436590194,0.5516181975603104,0.5618823558092118,0.5713228821754456,0.5801095008850098,0.590691202878952,0.6008586615324021,0.6093113243579864,0.620976734161377,0.6288303673267365,0.6413134515285492,0.6511937111616135,0.6623293846845627,0.6770181894302368,0.686294162273407,0.6981339752674103,0.7115984827280044,0.7245812952518463,0.7369227766990661,0.7501132160425186,0.7670581042766571,0.7833273023366928,0.7977518022060395,0.821328341960907,0.8425482362508774,0.8671915352344512,0.8910441637039185,0.9246307373046875,0.9775683730840683
t_82,1.1316951990127564,1.1312668085098267,1.134161800146103,1.1329981327056884,1.1324715614318848,1.1330075800418853,1.1299051642417908,1.1287037014961243,1.1246997833251953,1.1250850915908814,1.1231085658073425,1.119502019882202,1.1210790812969207,1.1196150839328767,1.1208967506885528,1.1159221231937408,1.1136092245578766,1.110574471950531,1.1081291556358337,1.1059672057628631,1.1024845361709594,1.101455569267273,1.0985904514789582,1.0945221602916717,1.092172485589981,1.0897554814815522,1.0865661561489106,1.0806583046913147,1.0773457765579224,1.0738097727298737,1.0684979557991028,1.0651609659194947,1.0598742365837097,1.0534509360790252,1.047048169374466,1.0392937123775483,1.0364457845687867,1.0266400396823883,1.0205842196941375,1.0136077165603639,1.0055443197488785,0.9959332853555679,0.9855340927839279,0.9828287363052368,0.9695093542337417,0.961158099770546,0.9503221362829208,0.9399096637964248,0.9284638911485672,0.9186029344797134,0.9083191454410553,0.8953533917665482,0.8821176588535309,0.8713284790515899,0.8596277177333832,0.8453452318906785,0.8339580327272416,0.8225997120141983,0.8100590407848358,0.7986572742462158,0.7841042399406433,0.7722793489694595,0.7600232571363449,0.7462711870670319,0.7316201388835907,0.7201656371355056,0.7091215372085571,0.6936375856399536,0.6843751400709153,0.6731817066669464,0.6575926631689072,0.6440051257610321,0.6318046301603317,0.6206488460302353,0.6067947506904602,0.5903349757194519,0.5782912462949753,0.5658448308706283,0.55143423974514,0.5367277771234512,0.5247472569346427,0.5106194406747818,0.49519780576229094,0.4824463203549385,0.46965828984975816,0.457135446369648,0.4400017917156219,0.4260895445942879,0.41268741637468337,0.3966524973511696,0.38504037708044053,0.3727023616433144,0.3578124433755875,0.3455043897032738,0.3321209609508514,0.31661935448646544,0.3016832873225212,0.28849366307258606,0.27388733327388765,0.2576003044843674,0.24526773095130922,0.23125098794698715,0.21791553124785423,0.2031920224428177,0.192144076526165,0.17777176350355148,0.1649300053715706,0.1520950138568878,0.13900329619646073,0.12336904630064964,0.11438477225601673,0.10183734446763992,0.09114659801125527,0.0796465002000332,0.06736925467848778,0.0595540851354599,0.0560612803325057,0.0,0.054897183552384377,0.059494017623364925,0.06580390185117721,0.07251535207033158,0.08119145855307579,0.09328588210046292,0.10266059078276157,0.11237591430544853,0.12304745689034462,0.13253352269530297,0.14261094629764556,0.14947227835655214,0.16443136855959892,0.1714761473238468,0.18177665024995804,0.1936093546450138,0.20397418290376662,0.2133356288075447,0.2233121193945408,0.23420802503824234,0.24360579624772072,0.252756092697382,0.26142420768737795,0.27220543324947355,0.28005490005016326,0.28975964784622193,0.29852034002542494,0.3067252665758133,0.3150964334607124,0.3250387698411942,0.3328914180397987,0.3428797617554665,0.3498754322528839,0.36071058362722397,0.3688148006796837,0.3767610415816307,0.38531340211629866,0.393795844912529,0.4024778112769127,0.4106723189353943,0.419006872177124,0.42726280093193053,0.4366503402590752,0.44320948570966723,0.4518548741936684,0.4609678417444229,0.4697941094636917,0.4782826408743858,0.48642739802598955,0.49746892899274825,0.5056878745555877,0.5145453780889511,0.523255942761898,0.5321498960256577,0.5416181951761245,0.5519335031509399,0.5615699559450149,0.5704649418592453,0.5811577409505844,0.5913069248199463,0.5999179750680923,0.6117723613977433,0.619717326760292,0.6321822106838226,0.6421814918518066,0.6535620361566543,0.6683365851640701,0.6776237487792969,0.689580911397934,0.7031891256570816,0.7163379609584808,0.7287800908088684,0.742211964726448,0.7592333495616913,0.7756257146596909,0.7901944816112518,0.8139668285846711,0.8354339718818664,0.8602635473012924,0.8843287289142608,0.918260595202446,0.9716263830661773
t_81,1.1351953446865082,1.1347662091255188,1.1376650989055634,1.136499398946762,1.135981845855713,1.136522376537323,1.1334232330322265,1.132240080833435,1.1282365500926972,1.12863832116127,1.1266812801361084,1.1230642437934875,1.1246503353118897,1.1232099652290344,1.1244755208492279,1.1195210456848144,1.1172342956066132,1.114216434955597,1.1117763102054596,1.1096365571022033,1.106159543991089,1.1051480710506438,1.1022888779640199,1.0982531905174255,1.0959223449230193,1.0935207843780517,1.0903547346591949,1.0844746351242065,1.0811749756336213,1.0776736080646514,1.0724174559116364,1.0690847039222717,1.0638424456119537,1.0574403405189514,1.051090234518051,1.043365514278412,1.0405532717704773,1.030818259716034,1.0247692584991455,1.0178399860858918,1.0098120838403701,1.0002771854400634,0.9899344980716706,0.9872547656297683,0.9740092515945434,0.9656983107328415,0.9549103140830993,0.944552543759346,0.933187597990036,0.9233600586652756,0.9131133049726486,0.9002648890018463,0.8870785295963287,0.876362270116806,0.8647213965654373,0.8504717350006104,0.8391857743263245,0.8278554230928421,0.8154133230447769,0.804051673412323,0.7895658373832702,0.777767613530159,0.7656275898218154,0.7519027680158615,0.7373565763235093,0.7259499371051789,0.7149787843227386,0.6995862782001495,0.6904177337884903,0.679289048910141,0.6638822913169861,0.6503197461366653,0.6381959557533264,0.627142533659935,0.6133972853422165,0.5970393508672714,0.5851940482854843,0.5727579057216644,0.5583327025175094,0.5438365161418914,0.5319603949785232,0.5179596304893493,0.5026355028152466,0.49003941416740415,0.4772243410348892,0.4649443656206131,0.44799672812223434,0.434200656414032,0.42095840275287627,0.4050315335392952,0.393565921485424,0.3812077701091766,0.36677245497703553,0.35441576689481735,0.3407234027981758,0.32576679438352585,0.3111772105097771,0.2980662450194359,0.28323613703250883,0.267196062207222,0.2547310099005699,0.2408044919371605,0.22820634692907332,0.21277759373188018,0.2022492431104183,0.18840496614575386,0.17527188435196878,0.1619757130742073,0.14902292490005492,0.13349191062152385,0.12509480081498622,0.1099408932030201,0.09867343828082084,0.08693568184971809,0.07666821368038654,0.06614677645266057,0.05756991896778345,0.054897183552384377,0.0,0.05327051281929016,0.06038755010813475,0.06203041635453701,0.06989139206707477,0.08263638131320476,0.09235464930534362,0.10043007396161556,0.1119520053267479,0.12190571874380111,0.1311803326010704,0.13804565817117692,0.15348521694540979,0.1607486829161644,0.17054489478468896,0.1820158526301384,0.1926690362393856,0.20156048312783242,0.21223151907324792,0.22299644351005554,0.23278506025671958,0.24143088310956956,0.2504038818180561,0.2613372504711151,0.26920400112867354,0.27895327359437944,0.28765248209238053,0.2961124315857887,0.3043322041630745,0.3143883943557739,0.32212223708629606,0.33236213624477384,0.3395118936896324,0.35044865161180494,0.3584999591112137,0.3666474312543869,0.37526101171970366,0.38375008553266526,0.39232921600341797,0.4008088752627373,0.40914713144302367,0.41744170933961866,0.4268797680735588,0.43348107784986495,0.4422791928052902,0.451450315117836,0.4603472128510475,0.46882323175668716,0.4770567432045937,0.48808823972940446,0.49648751616477965,0.5053683623671532,0.5141380146145821,0.523058807849884,0.5325733453035355,0.5429816901683807,0.5526571929454803,0.561586219072342,0.5723901182413101,0.5826429218053818,0.5912786304950715,0.6031995683908462,0.6111599504947662,0.6237947702407837,0.6338880717754364,0.6452406018972396,0.6601377189159393,0.6695147216320038,0.6815385073423386,0.695232692360878,0.7084464609622956,0.7209849238395691,0.7344497978687287,0.7515982240438461,0.7680911034345627,0.7827463418245315,0.8066810369491577,0.8282290607690811,0.8532237708568573,0.8774353235960006,0.9115404635667801,0.9652489244937896
t_80,1.137846088409424,1.137434619665146,1.1402995765209198,1.139147061109543,1.138635402917862,1.1391719341278077,1.1361047565937041,1.134933316707611,1.1309679806232453,1.1313531875610352,1.12941672205925,1.125834083557129,1.1274070084095,1.125980281829834,1.1272257566452026,1.122317910194397,1.1200501263141631,1.1170567870140076,1.1146406531333923,1.1125207424163819,1.109067589044571,1.108070319890976,1.1052344560623169,1.1012278139591216,1.098919016122818,1.0965247750282288,1.0933883249759675,1.087562245130539,1.0842852234840392,1.0808117270469666,1.0755866825580598,1.0722868621349335,1.067086213827133,1.0607465147972106,1.054430317878723,1.0467823266983032,1.0439914345741272,1.0343252837657928,1.0283447325229644,1.0214713394641877,1.0135151147842407,1.0040538519620896,0.9938039988279342,0.9911490440368652,0.978020167350769,0.9697815269231796,0.9591128319501877,0.9488448083400727,0.9375692278146743,0.9278520941734314,0.91769178211689,0.9049470037221908,0.8918973416090011,0.8812943905591964,0.8697580963373184,0.8556727439165115,0.8444689363241196,0.8332693219184876,0.82093665599823,0.8096922993659973,0.7953541547060012,0.783673369884491,0.771641606092453,0.7580641895532608,0.7436674654483795,0.7323638409376144,0.7214763134717941,0.7062440544366837,0.697168818116188,0.686138591170311,0.6708746552467346,0.6574724048376084,0.6454219043254852,0.6344734758138657,0.6208389222621917,0.6046641707420349,0.5929144233465194,0.5805631339550018,0.5662858486175537,0.5519360363483429,0.5401639908552169,0.5262895822525024,0.5111145511269569,0.49863009750843046,0.48597712218761446,0.4738773420453072,0.4570560991764069,0.44346946477890015,0.4303072810173035,0.41455098539590834,0.40316770523786544,0.3909789264202118,0.3765873908996582,0.3643461957573891,0.3508470878005028,0.3361846372485161,0.321625129878521,0.30860238820314406,0.29407135099172593,0.27824312150478364,0.26581819653511046,0.252070727199316,0.23914045318961144,0.22414189353585243,0.21342260912060737,0.19973421916365625,0.18670177534222604,0.17316406965255737,0.16067080125212668,0.14555568769574165,0.13602933511137963,0.12107427194714546,0.1101811934262514,0.09842102080583573,0.0872317012399435,0.07502912469208241,0.0661677498370409,0.059494017623364925,0.05327051281929016,0.0,0.05510305222123861,0.0582571841776371,0.06240486726164818,0.07280487641692161,0.08272654451429844,0.0909615222364664,0.10105899833142758,0.11115018501877785,0.12134694904088975,0.12650455646216868,0.14272188469767572,0.14968812540173532,0.159777220338583,0.171037770062685,0.18201034814119338,0.19084896817803382,0.20108721405267715,0.21256751716136932,0.22208751887083053,0.23092169389128686,0.2398350365459919,0.250992026925087,0.2588896222412586,0.2688892886042595,0.27764640748500824,0.2860935106873512,0.2943534955382347,0.3047246217727661,0.3125885993242264,0.3228168398141861,0.3300503343343735,0.34117758870124815,0.34925333857536317,0.35747329592704774,0.36624307185411453,0.37486509829759596,0.38349146395921707,0.3920799806714058,0.400469571352005,0.40874308347702026,0.4184633821249008,0.42505883872509004,0.43395435363054274,0.44313383251428606,0.4521758481860161,0.46076823174953463,0.46909637451171876,0.4802356854081154,0.48873713463544843,0.49770158231258393,0.506535193324089,0.5155662715435028,0.5252020269632339,0.535721731185913,0.5454538196325303,0.5545313686132431,0.5653852015733719,0.5757278114557266,0.5844894737005234,0.5964979529380798,0.6045538872480393,0.6172665774822235,0.6274129658937454,0.6389400452375412,0.6539302051067353,0.6634049445390702,0.6755611538887024,0.6893436193466187,0.7026702165603638,0.715322631597519,0.7289090692996979,0.7461683094501496,0.7628174543380737,0.7775971174240113,0.8016883283853531,0.8234229624271393,0.8486009448766708,0.8729869544506073,0.9073337703943253,0.9613757908344269
t_79,1.141384482383728,1.14095618724823,1.1437806010246276,1.1426506817340851,1.1421292006969452,1.142634677886963,1.1396270990371704,1.1384578585624694,1.1345553994178772,1.134928286075592,1.1330067336559295,1.12948699593544,1.13101606965065,1.1295809268951416,1.1307994663715362,1.1259628415107727,1.1236935317516328,1.1207265555858612,1.1183454394340515,1.116231119632721,1.1128134906291962,1.11182182431221,1.1090091824531556,1.1050445675849914,1.102737271785736,1.100364524126053,1.0972570121288299,1.0914871513843536,1.0882405161857605,1.084781390428543,1.0795839548110961,1.07632172703743,1.0711467623710633,1.0648889422416687,1.0586122751235962,1.051058304309845,1.0482473075389862,1.0386766374111176,1.032774531841278,1.0259661018848418,1.0180814862251282,1.0086878836154938,0.9985331892967224,0.9958889216184617,0.9828946769237519,0.974737697839737,0.9641803294420243,0.9540017992258072,0.9428232669830322,0.933229261636734,0.9231672555208206,0.9105071127414703,0.8976130247116089,0.8870896577835083,0.8756864666938782,0.8617674082517623,0.8506480574607849,0.8395720481872558,0.8273140460252761,0.8162036836147308,0.8020276576280594,0.7904660820960998,0.778503131866455,0.7650973677635193,0.7508089005947113,0.7396144092082977,0.7288164526224137,0.7137237101793289,0.7046818822622299,0.6937416136264801,0.678538054227829,0.6653039395809174,0.6534066051244736,0.6424951910972595,0.6289943337440491,0.6129691064357757,0.6012107193470001,0.5890448927879334,0.5750291258096695,0.5607270151376724,0.5490202188491822,0.5352999478578567,0.5202869191765785,0.5078945592045784,0.4954613000154495,0.4833584263920784,0.46661789566278455,0.4532390430569649,0.440106013417244,0.4246251255273819,0.41329083889722823,0.4013985484838486,0.3868398055434227,0.3750479698181152,0.3619141146540642,0.34700100421905516,0.33256508260965345,0.3197040021419525,0.30541070997715,0.2896374300122261,0.2776136726140976,0.26410285010933876,0.251055895537138,0.2365083321928978,0.22543983459472655,0.21160054579377174,0.19889432266354562,0.18552907705307006,0.17313192114233972,0.15772975981235504,0.14827171564102173,0.134331364184618,0.12354614771902561,0.1107442680746317,0.09706278555095196,0.08524212501943111,0.07788478396832943,0.06580390185117721,0.06038755010813475,0.05510305222123861,0.0,0.05509018898010254,0.058834576047956944,0.0681655939668417,0.07344272658228874,0.08294623494148254,0.09212855361402035,0.10106311403214932,0.11039776280522347,0.11648485995829105,0.1317247711122036,0.13882760852575302,0.14875922128558158,0.1602935142815113,0.17119738459587097,0.180518189817667,0.19038324132561685,0.20180151984095573,0.21112733706831932,0.22084437012672425,0.22955941259860993,0.24048557355999947,0.24862247109413146,0.2585494458675385,0.26775766015052793,0.2760318696498871,0.28458135277032853,0.29483324885368345,0.30321351885795594,0.3133817076683044,0.3205602154135704,0.3317330628633499,0.3400701031088829,0.3482708871364594,0.35698774456977844,0.36590211987495425,0.3748573362827301,0.383190444111824,0.39178923815488814,0.4002089098095894,0.4099834576249123,0.41676324903964995,0.42556681483983994,0.43491275161504744,0.4441474944353104,0.4528457269072533,0.46126320511102675,0.47261452972888945,0.4810460343956947,0.4901758998632431,0.49912638366222384,0.5082968443632125,0.518066680431366,0.5286211341619491,0.5385210484266281,0.5477533161640167,0.5586953908205032,0.5690648764371872,0.577947375178337,0.5901330679655075,0.5982782781124115,0.6109634548425674,0.6211862832307815,0.633020606637001,0.6480882078409195,0.657573813199997,0.6698745965957642,0.6837894022464752,0.6972483605146408,0.7100017011165619,0.723824656009674,0.7411684930324555,0.7579308420419693,0.7728764235973358,0.7971093237400055,0.8191056936979294,0.8444560021162033,0.869041234254837,0.9036889612674713,0.9580924719572067
t_78,1.1450781345367431,1.144633561372757,1.1474187910556792,1.146295189857483,1.145786863565445,1.1462786674499512,1.1433049082756042,1.1421459376811982,1.1382725954055786,1.1386391818523407,1.136746108531952,1.1332480549812316,1.1347602784633637,1.1333196640014649,1.1345332443714142,1.1297260701656342,1.1274817883968353,1.1245341718196868,1.122180598974228,1.120069032907486,1.1166720330715179,1.1156904637813567,1.1128977954387664,1.1089660584926606,1.1066669464111327,1.1042956709861755,1.101232933998108,1.0954995453357697,1.0922673761844635,1.0888288199901581,1.0836685061454774,1.0804315865039826,1.0752855479717254,1.0690727412700654,1.062856376171112,1.055363368988037,1.0525559902191162,1.043070638179779,1.0372001588344575,1.0304556906223297,1.022626268863678,1.0132987052202225,1.00322385430336,1.000596895813942,0.9877243727445603,0.9796185225248337,0.9691311895847321,0.959024628996849,0.9479246437549591,0.9384268164634705,0.9284242153167724,0.9158839762210846,0.9030645370483399,0.8926191359758378,0.8813287496566773,0.8674849748611451,0.8564572751522064,0.8454394936561584,0.8332578867673874,0.8222521275281907,0.8081638783216476,0.7966274648904801,0.7847533226013184,0.7714123517274857,0.7572134554386138,0.7460701704025269,0.7353701740503311,0.7203259974718094,0.7113538771867752,0.7004765123128891,0.6852981120347976,0.6722079932689666,0.6603042721748352,0.6494794845581054,0.6360301107168198,0.6199855893850327,0.6083723366260528,0.5962729185819626,0.5823036372661591,0.5680608421564102,0.5564636021852494,0.542807149887085,0.527893453836441,0.515549074113369,0.5030846104025841,0.491023613512516,0.47450646907091143,0.46093826442956926,0.44810298830270767,0.43251471519470214,0.42141066044569014,0.40937291383743285,0.39519845098257067,0.3831700637936592,0.3699859410524368,0.3552025243639946,0.34086116701364516,0.3280927360057831,0.3137063354253769,0.2980382189154625,0.2860046952962875,0.2722882702946663,0.2596090719103813,0.24497052133083344,0.2343774490058422,0.22061378434300422,0.2078906700015068,0.19473467767238617,0.1816156454384327,0.16602276042103767,0.156550532579422,0.1419118195772171,0.13048770613968372,0.11762035004794598,0.10591945238411427,0.09300157576799392,0.08230869844555855,0.07251535207033158,0.06203041635453701,0.0582571841776371,0.05509018898010254,0.0,0.04912937246263027,0.05792057104408741,0.06589511446654797,0.07046874798834324,0.08119295835494995,0.08984213918447495,0.09920681715011596,0.1056432280689478,0.12034169994294644,0.12759906873106958,0.13729154393076898,0.14919230341911316,0.15955648571252823,0.16906914860010147,0.17999429255723953,0.19080147370696068,0.20109051316976548,0.20990219488739967,0.21906130909919738,0.2303874671459198,0.2382108561694622,0.24833346009254456,0.2573011577129364,0.2659116625785828,0.27460362017154694,0.2849975451827049,0.2931299477815628,0.30350820571184156,0.31071825325489044,0.32204925566911696,0.3304846420884132,0.3387283876538277,0.3476695746183395,0.3564977258443832,0.36544430553913115,0.3739543542265892,0.38262689113616943,0.39129060655832293,0.400879742205143,0.40775346755981445,0.41673645079135896,0.42620521783828735,0.435364356637001,0.444131375849247,0.45265435725450515,0.46398424208164213,0.4726406067609787,0.48181224167346953,0.49086387157440187,0.5000164151191712,0.5098278641700744,0.5204525575041771,0.5304316073656082,0.5396969825029373,0.5507647067308425,0.5612633913755417,0.5701184660196305,0.5824204832315445,0.5905730307102204,0.6034426212310791,0.6137583136558533,0.6255700916051865,0.6407559752464295,0.6502853900194168,0.662654134631157,0.6766891777515411,0.6902570337057113,0.7030810743570328,0.7169120013713837,0.734383961558342,0.7512373745441436,0.7662745893001557,0.7907415151596069,0.8127730846405029,0.8383083999156952,0.8630135267972946,0.8978656470775604,0.9526404350996017
t_77,1.1476603746414185,1.1472302317619323,1.1500097155570983,1.148891067504883,1.148386651277542,1.1488842785358429,1.1459204137325287,1.1447759330272675,1.1409137785434722,1.141284590959549,1.1394090056419373,1.1359164774417878,1.137430053949356,1.1360117137432098,1.1372082650661468,1.1324303150177002,1.1302049458026886,1.1272764444351195,1.124932473897934,1.1228405296802522,1.1194558501243592,1.118489420413971,1.115708190202713,1.1118009030818938,1.1095242619514465,1.1071676909923553,1.1041228830814362,1.0984237968921662,1.0952074885368348,1.0917999505996705,1.0866763472557068,1.0834533452987671,1.0783469080924988,1.0721641898155212,1.0659847199916839,1.0585322856903077,1.0557525396347045,1.046322774887085,1.0404802560806274,1.0337761998176576,1.025984787940979,1.016724318265915,1.0067038059234619,1.0041029810905457,0.991300082206726,0.9832406669855118,0.9728214412927627,0.9627719104290009,0.95174261033535,0.9422953754663468,0.932342603802681,0.919885778427124,0.9071398615837097,0.8967755556106567,0.8855423957109452,0.871786144375801,0.8608291298151016,0.8498782098293305,0.8377951443195343,0.8268444746732712,0.8128342092037201,0.8013699114322662,0.7895880430936814,0.7763278931379318,0.7622388005256653,0.7511630207300186,0.7405216932296753,0.72559252679348,0.7166962116956711,0.7058731824159622,0.6908628940582275,0.6778299510478973,0.6660099923610687,0.6552888184785843,0.6419214159250259,0.6260388016700744,0.6145301759243011,0.6025073528289795,0.588610702753067,0.5745119839906693,0.5630230367183685,0.5494764417409896,0.5346996665000916,0.5224536910653115,0.5101040616631508,0.498221842944622,0.48184607923030853,0.4684694200754166,0.45571244359016416,0.4403278559446335,0.42930259108543395,0.4173322290182114,0.403376629948616,0.39133677184581755,0.3782827705144882,0.3637870505452156,0.3495706424117088,0.3369241625070572,0.32263214886188507,0.3072317659854889,0.2951709747314453,0.2816490948200226,0.2690407305955887,0.25451518297195436,0.24414763525128363,0.23034970387816428,0.21765992119908334,0.20452815890312195,0.1917953185737133,0.1762598417699337,0.16669891327619552,0.15212029814720154,0.1404375560581684,0.12751188278198242,0.1163419734686613,0.10256822183728218,0.09101901277899742,0.08119145855307579,0.06989139206707477,0.06240486726164818,0.058834576047956944,0.04912937246263027,0.0,0.052442532032728195,0.059603696689009666,0.06196008417755365,0.07254992797970772,0.08157147169113159,0.08997696153819561,0.09524158835411071,0.1110243920236826,0.11781057715415955,0.12701203301548958,0.1391761817038059,0.14946988299489022,0.15876290276646615,0.16957625821232797,0.18075425624847413,0.19111288636922835,0.19982824474573135,0.20904593020677567,0.2205256849527359,0.22821982502937316,0.23852270394563674,0.24753458127379419,0.2561757691204548,0.2648939937353134,0.2755441218614578,0.2835031047463417,0.2941413015127182,0.3013848945498466,0.31286523044109343,0.3213139668107033,0.32974148243665696,0.33868624567985534,0.34762795120477674,0.35661097764968874,0.365272518992424,0.37401537746191027,0.3826312512159348,0.3924615755677223,0.3992781177163124,0.4084264114499092,0.41792984008789064,0.42718509435653684,0.43604542315006256,0.44465578347444534,0.45605647563934326,0.46480647623538973,0.4740580663084984,0.48316652327775955,0.49239945560693743,0.5023108199238777,0.513065581023693,0.5230823010206223,0.5324008375406265,0.5435679286718369,0.5541507780551911,0.5630876988172531,0.5754753053188324,0.5836897134780884,0.5966824531555176,0.6070482134819031,0.6189570397138595,0.6342499375343322,0.6438844382762909,0.6563519597053528,0.6704683393239975,0.6841221213340759,0.6970458418130875,0.7109487771987915,0.7285581558942795,0.7455336064100265,0.7606696367263794,0.7852925449609757,0.8074663281440735,0.8331629484891891,0.8580169826745987,0.8930590480566025,0.9481547981500625
t_76,1.1514663577079773,1.1510227978229524,1.1537546038627624,1.1526485621929168,1.152151483297348,1.1526267886161805,1.1497117280960083,1.1485811710357665,1.1447626292705535,1.1451255679130554,1.14328373670578,1.1398289263248444,1.1413153648376464,1.1398938059806825,1.1410661876201629,1.1363442182540893,1.1341389775276185,1.131240338087082,1.128932523727417,1.1268487334251405,1.1234941601753234,1.1225384771823883,1.1197833776474,1.1159225106239319,1.113653188943863,1.111310029029846,1.108311128616333,1.1026681423187257,1.0994782269001007,1.0960976123809814,1.0910165548324584,1.0878337144851684,1.0827665865421294,1.0766579270362855,1.070540726184845,1.063180410861969,1.0604080855846405,1.0510887861251832,1.0453073382377625,1.0386923253536224,1.0309799551963805,1.0218098998069762,1.0119017899036407,1.009328454732895,0.9966864734888077,0.988715398311615,0.9784168809652328,0.9684757381677628,0.9575527846813202,0.948251673579216,0.9383943110704422,0.9260945975780487,0.9134962767362594,0.9032556861639023,0.892175018787384,0.878583624958992,0.8677442044019699,0.856923708319664,0.8449508607387543,0.8341621875762939,0.8203212141990661,0.8089478820562362,0.7973022818565368,0.784191781282425,0.770247021317482,0.7592689007520675,0.7487508296966553,0.7339787930250168,0.7251720994710922,0.7144603580236435,0.6995504111051559,0.6867059111595154,0.6749878525733948,0.6643787741661071,0.6511421203613281,0.635361123085022,0.6239931464195252,0.612093260884285,0.5983530104160308,0.5843473047018051,0.5729809135198594,0.5596127361059189,0.5449718505144119,0.5329093337059021,0.5206233754754066,0.5088647529482841,0.49265912771224973,0.4793524190783501,0.46680392026901246,0.45154424011707306,0.4406737074255943,0.42880261689424515,0.4149791061878204,0.40318328589200975,0.3902187913656235,0.37586209625005723,0.3617984727025032,0.34927585870027544,0.33514182865619657,0.3198328360915184,0.30803537368774414,0.2945086255669594,0.28205033391714096,0.26761154606938364,0.2573005586862564,0.24354768991470338,0.23111798167228698,0.2180842787027359,0.20538950189948083,0.1899293340742588,0.1802441030740738,0.16586256250739098,0.15414704009890556,0.14125124961137772,0.12977544367313384,0.11572734341025352,0.10462255403399467,0.09328588210046292,0.08263638131320476,0.07280487641692161,0.0681655939668417,0.05792057104408741,0.052442532032728195,0.0,0.05430032555013895,0.053733546659350394,0.06202297359704971,0.07110931389033795,0.07972901910543442,0.08371645994484425,0.09821354635059834,0.10501814559102059,0.11464951112866402,0.1257070954889059,0.13622984290122986,0.14558528289198874,0.1564099408686161,0.16789500340819358,0.17846563160419465,0.18693025410175323,0.19619686007499695,0.207968632876873,0.21547689884901047,0.22596962824463845,0.23497382402420045,0.24350813701748847,0.2524850994348526,0.26318350806832314,0.2712471932172775,0.2820719212293625,0.28930156379938127,0.30102658867835996,0.309342722594738,0.31798935532569883,0.3270596206188202,0.3360387936234474,0.3452711686491966,0.3539177760481834,0.3628018394112587,0.3714894264936447,0.38138634115457537,0.3883379727602005,0.39756192862987516,0.40716505646705625,0.4165632098913193,0.4254861533641815,0.4342712312936783,0.4456884875893593,0.4545796558260918,0.46394986361265184,0.47322038412094114,0.4825184360146523,0.49259447157382963,0.5033640742301941,0.5134555593132972,0.5229597568511963,0.5342053711414337,0.5449484825134278,0.5539690762758255,0.5665224581956864,0.5747839987277985,0.5878952085971832,0.5983422696590424,0.6104189246892929,0.6258641988039017,0.6355541855096817,0.6481698989868164,0.6624337792396545,0.6762204587459564,0.6892804712057113,0.7033315271139144,0.7210600227117538,0.7381929874420166,0.7534874439239502,0.7783280432224273,0.8007102370262146,0.826633197069168,0.8516922354698181,0.8870323896408081,0.9425850421190262
t_75,1.1536544680595398,1.1532224476337434,1.1559262096881866,1.1548296868801118,1.15433988571167,1.1548112630844116,1.1519135236740112,1.1507874250411987,1.1470113158226014,1.147360634803772,1.1455392301082612,1.1421078801155091,1.143577551841736,1.142174780368805,1.1433209955692292,1.1386451244354248,1.136454600095749,1.1335776209831239,1.1312882721424102,1.1292197406291962,1.1258813560009002,1.1249418079853057,1.1221978962421417,1.1183606147766114,1.1161153435707092,1.113785308599472,1.1108040750026702,1.1052062094211579,1.1020337641239166,1.0986800909042358,1.0936443328857421,1.0904739320278167,1.085465568304062,1.0794045507907868,1.0733198046684265,1.0660366415977478,1.0632829785346984,1.0540320575237274,1.048311048746109,1.0417352080345155,1.0341035425662994,1.0250169932842255,1.0151973783969879,1.0126466363668443,1.0001187741756439,0.9922339051961899,0.9820187956094741,0.9721845388412476,0.9613681167364121,0.9521682113409042,0.9423877030611039,0.9301898926496506,0.9177450925111771,0.9075952172279358,0.8965991109609603,0.8831772148609162,0.8724377870559692,0.8617292016744613,0.8498616099357605,0.8391604244709014,0.8254677355289459,0.8142148107290268,0.8026652276515961,0.7896989554166793,0.7758869051933288,0.7649524331092834,0.7545351177453995,0.739943441748619,0.7312031507492065,0.7206115186214447,0.7058149248361587,0.6930763006210328,0.6814890742301941,0.6709394037723542,0.6578580260276794,0.6421864837408066,0.6308711796998978,0.6191393703222274,0.6055219084024429,0.5916677862405777,0.5803004801273346,0.5670799970626831,0.5524863719940185,0.5406384885311126,0.5285201132297516,0.5168069526553154,0.5006754159927368,0.4876638248562813,0.4750955685973167,0.4600636690855026,0.4490956380963326,0.4376786798238754,0.4237771347165108,0.41210589855909346,0.39937213361263274,0.3851133197546005,0.3712043255567551,0.35876339077949526,0.3451034128665924,0.3296696200966835,0.3180533885955811,0.3046559676527977,0.2924186781048775,0.278101509809494,0.26763699427247045,0.2537851415574551,0.24152663275599479,0.22893509417772293,0.21635583341121672,0.20115365609526634,0.19160886034369468,0.17729174867272376,0.16537653729319574,0.15286175459623336,0.13985820710659028,0.12589547745883464,0.1161472138017416,0.10266059078276157,0.09235464930534362,0.08272654451429844,0.07344272658228874,0.06589511446654797,0.059603696689009666,0.05430032555013895,0.0,0.053077112697064874,0.05945015046745539,0.06372061278671026,0.0709296077489853,0.07579403258860111,0.08994426466524601,0.09610111899673938,0.10573322959244251,0.11637860909104347,0.12715748362243176,0.13556215316057205,0.14536137580871583,0.15789488703012466,0.16748009026050567,0.17677284851670266,0.18560292720794677,0.19700258672237397,0.20541526898741722,0.2157578743994236,0.22482097670435905,0.23353220224380494,0.24253833517432213,0.25281483829021456,0.26142760664224624,0.2721534982323647,0.2796757727861404,0.2913983345031738,0.29983683079481127,0.30846363455057146,0.3174658760428429,0.32664573192596436,0.3359054833650589,0.3448065683245659,0.3536931961774826,0.3624966457486153,0.3724335700273514,0.37951534390449526,0.3887304708361626,0.3983817622065544,0.40806434005498887,0.4170459136366844,0.4258030399680138,0.4373770147562027,0.44635878056287764,0.45569809675216677,0.4651520699262619,0.4745000049471855,0.4847627252340317,0.4955630227923393,0.5057608410716057,0.5154035791754723,0.5267096191644669,0.5375212818384171,0.5466160297393798,0.5592371135950088,0.5675728410482407,0.5807155162096024,0.5912844032049179,0.6035460948944091,0.6190399020910263,0.6288320451974869,0.641545906662941,0.6558905512094497,0.6697677642107009,0.6829152256250381,0.6971709609031678,0.7149625837802887,0.7322164595127105,0.7476566374301911,0.7725768774747849,0.7951456427574157,0.8212142765522004,0.8464572846889495,0.8820287674665451,0.937918198108673
t_74,1.1580151438713073,1.157567209005356,1.16025151014328,1.1591674268245697,1.158674144744873,1.1591276109218598,1.1562713623046874,1.1551609277725219,1.151412171125412,1.1517670333385468,1.1499607264995575,1.1465599238872528,1.1480101108551026,1.1466061234474183,1.147742885351181,1.1431119799613954,1.1409303903579713,1.1380806803703307,1.1358111143112182,1.133750206232071,1.1304380595684052,1.1295061588287354,1.1267837464809418,1.1229876816272735,1.120746248960495,1.1184295296669007,1.1154842317104339,1.1099248290061952,1.106778860092163,1.1034396290779114,1.0984359741210938,1.095303040742874,1.0903091728687286,1.084302306175232,1.078277015686035,1.0710456728935243,1.068292248249054,1.059121549129486,1.0534426271915436,1.0469294786453247,1.0393401265144349,1.0303079783916473,1.0205588698387147,1.0180237889289856,1.005596598982811,0.9977513194084168,0.9876194775104523,0.9778376877307892,0.9670902132987976,0.9579639375209809,0.948256891965866,0.9361397624015808,0.92375827729702,0.9136760294437408,0.9027832418680191,0.8894090980291367,0.8787378340959549,0.8680934041738511,0.8562863528728485,0.8456775933504105,0.8320565760135651,0.8208543628454208,0.809362730383873,0.7964559763669967,0.7827112525701523,0.7718928843736649,0.7615435391664505,0.7469648867845535,0.7382852762937546,0.7277344822883606,0.7130060404539108,0.7003695636987686,0.6888204932212829,0.6783448874950408,0.6652889758348465,0.6497148185968399,0.6384931892156601,0.6267980515956879,0.6132743567228317,0.5994755268096924,0.5882502913475036,0.5750813901424408,0.5606729298830032,0.5487717390060425,0.5366981327533722,0.5250812217593193,0.5091589450836181,0.49603173285722735,0.48371597826480867,0.4686907798051834,0.4579926922917366,0.44633257389068604,0.4327572375535965,0.42112654596567156,0.40841922760009763,0.3942030891776085,0.3803424209356308,0.36803429275751115,0.3541679561138153,0.33904765248298646,0.32739583104848863,0.31416231393814087,0.3018618807196617,0.28774264752864837,0.2775597259402275,0.2639629438519478,0.251657435297966,0.23889686092734336,0.22608553171157836,0.21079743579030036,0.20145476683974267,0.18688481599092482,0.17524534836411476,0.16228407323360444,0.1503335490822792,0.13641187846660613,0.12478705979883671,0.11237591430544853,0.10043007396161556,0.0909615222364664,0.08294623494148254,0.07046874798834324,0.06196008417755365,0.053733546659350394,0.053077112697064874,0.0,0.05229363944381475,0.05636427979916334,0.062133447267115116,0.06615348979830742,0.07862095460295677,0.08509924076497555,0.09367754980921746,0.10460605025291443,0.11469961367547513,0.1239212416112423,0.13499293923377992,0.14614152982831002,0.15709420070052146,0.16554100513458253,0.17476225942373275,0.1865713968873024,0.19425851926207544,0.20490865036845207,0.2139766164124012,0.22264469414949417,0.23183031082153321,0.24270787388086318,0.25111229717731476,0.261931362003088,0.26925569027662277,0.2811482295393944,0.28976316601037977,0.2984313189983368,0.30769364088773726,0.3168922677636147,0.32624878734350204,0.3350503444671631,0.3441195413470268,0.3530621737241745,0.3630413845181465,0.3701718032360077,0.3795060634613037,0.38932464867830274,0.39887403696775436,0.4079610377550125,0.4169301003217697,0.4285823583602905,0.43768849819898603,0.44720771461725234,0.4566685542464256,0.4661049649119377,0.47633620351552963,0.48728766441345217,0.49758572280406954,0.5072913333773613,0.5187396392226219,0.5296191990375518,0.538759782910347,0.5515714108943939,0.559968712925911,0.5732496440410614,0.5838797330856323,0.5962223082780838,0.6118626892566681,0.6216681241989136,0.6344950675964356,0.6489980846643448,0.6630021631717682,0.6762475371360779,0.6905604064464569,0.708519458770752,0.7258781731128693,0.7414012730121613,0.7666075646877288,0.7893038749694824,0.8155705988407135,0.8409624129533768,0.8767929583787918,0.9330593526363373
t_73,1.1608694314956665,1.1604177534580231,1.1630796253681184,1.1620055496692658,1.1615129232406616,1.1619553208351134,1.159131920337677,1.1580291509628295,1.1543122768402099,1.1546628773212433,1.1528725802898407,1.149500060081482,1.1509355783462525,1.1495359301567079,1.1506556749343873,1.1460635185241699,1.1438973248004913,1.141063576936722,1.1388148963451385,1.1367683053016662,1.1334738731384277,1.1325488686561584,1.1298427700996398,1.1260770857334137,1.12384632229805,1.1215381145477294,1.1186186611652373,1.1130974292755127,1.1099657654762267,1.1066472589969636,1.1016722321510315,1.0985593736171722,1.0935909152030945,1.087631380558014,1.0816368877887725,1.0744592130184174,1.0717118620872497,1.0626033246517181,1.0569630086421966,1.0504971027374268,1.04295312166214,1.0339753746986389,1.02429301738739,1.021769940853119,1.009430941939354,1.001633608341217,0.9915736645460129,0.9818524986505508,0.9711710900068283,0.9621139377355575,0.9524609267711639,0.9404265105724334,0.9281351715326309,0.9181163966655731,0.9073046952486038,0.8940267652273178,0.8834242343902587,0.8728553950786591,0.8611151099205017,0.8505907714366913,0.8370690733194351,0.8259254097938538,0.814505010843277,0.8016912668943406,0.78804432451725,0.7772856682538987,0.7670021384954453,0.7525309950113297,0.7439083606004715,0.7334227353334427,0.7187816590070725,0.7062542021274567,0.6947733908891678,0.6843658447265625,0.6714218199253082,0.6559482842683793,0.6448032468557358,0.6331887423992157,0.6197844386100769,0.6060756415128707,0.594944280385971,0.5818596720695496,0.5675642758607864,0.555776396393776,0.5438019543886184,0.5323132932186126,0.5164697214961051,0.5034869253635407,0.4912418097257614,0.4763754576444626,0.4657585024833679,0.4542846754193306,0.4407945066690445,0.4292574360966682,0.4166917562484741,0.40264611691236496,0.388958440721035,0.3767581984400749,0.36302618533372877,0.34804036617279055,0.33656672686338424,0.3234631836414337,0.3113036513328552,0.2972716107964516,0.2870659396052361,0.27372453212738035,0.2616529904305935,0.24889623671770095,0.23636382594704627,0.22114718481898307,0.2115395225584507,0.19741878360509874,0.18581243902444838,0.17312378361821174,0.1608267217874527,0.14676673635840415,0.13611271157860755,0.12304745689034462,0.1119520053267479,0.10105899833142758,0.09212855361402035,0.08119295835494995,0.07254992797970772,0.06202297359704971,0.05945015046745539,0.05229363944381475,0.0,0.0522431954741478,0.05866751223802567,0.059317420981824395,0.07102628946304321,0.07651162110269069,0.08562034629285335,0.09556332342326641,0.1056315504014492,0.11483835950493812,0.12497999779880047,0.13667695522308348,0.1470782496035099,0.15575382560491563,0.16505928635597228,0.17685705423355103,0.18454594016075135,0.1951206475496292,0.20431792736053467,0.21301959753036498,0.22223388850688935,0.23314585387706757,0.24164178222417831,0.25242621675133703,0.2598784312605858,0.2719398498535156,0.280524542927742,0.28927850127220156,0.29852345734834673,0.30789055228233336,0.31746225357055663,0.32614102214574814,0.3353190064430237,0.34434307664632796,0.35443786531686783,0.3616418823599815,0.3709954977035522,0.38088728934526445,0.3906153321266174,0.39974416196346285,0.40878154933452604,0.4205374613404274,0.42965789437294005,0.4392826080322266,0.4488246783614159,0.4583446055650711,0.46870640218257903,0.47969180047512056,0.49009226709604264,0.49989704936742785,0.5114137843251229,0.5223798960447311,0.5316206872463226,0.5445556074380875,0.552970552444458,0.5663267612457276,0.5770034283399582,0.5894983917474746,0.6052496373653412,0.6151010692119598,0.6280519187450408,0.6426405340433121,0.6567585945129395,0.6701056241989136,0.6845343470573425,0.7025865852832794,0.720063927769661,0.7357217669487,0.7610732942819596,0.7839351415634155,0.8103775680065155,0.8359329909086227,0.8720019876956939,0.9286149263381958
t_72,1.164781206846237,1.1643271505832673,1.1669474959373474,1.1658891677856444,1.1653982043266295,1.1658236980438232,1.1630392670631409,1.161942481994629,1.1582745134830474,1.1586087584495544,1.1568381309509277,1.1535098493099212,1.1549135863780975,1.1535178005695343,1.1546171069145204,1.1500807523727417,1.147922557592392,1.1451193809509277,1.1428981125354767,1.1408600449562072,1.137594187259674,1.13668212890625,1.1339982509613038,1.1302648305892944,1.1280476212501527,1.1257519960403441,1.122865879535675,1.1173969745635985,1.114290714263916,1.1109958469867707,1.1060563266277312,1.1029764711856842,1.098046565055847,1.0921576559543609,1.0862061560153962,1.0791183114051819,1.0763707756996155,1.0673483550548553,1.0617832243442535,1.055371916294098,1.0479072391986848,1.0390043616294862,1.0294143378734588,1.0269099175930023,1.0146991640329361,1.0069811403751374,0.9970230847597122,0.9873926550149917,0.9768074333667756,0.9678633809089661,0.9583013504743576,0.9463533222675323,0.9341971129179001,0.9242644071578979,0.9135608673095703,0.9004210770130158,0.8899037182331085,0.8794356048107147,0.8677742213010788,0.8573509752750397,0.84395572245121,0.8329155147075653,0.8215612411499024,0.808872041106224,0.7953171372413635,0.7846381008625031,0.7744392633438111,0.7600644499063491,0.751492828130722,0.7410983592271805,0.7264999240636826,0.7141040980815887,0.7027106612920762,0.6923383563756943,0.6794732332229614,0.6640975862741471,0.6529846966266633,0.6414961874485016,0.6282182991504669,0.6145974457263946,0.603508397936821,0.5905089318752289,0.5763263970613479,0.564600071310997,0.5527385652065278,0.5412706762552262,0.5255176678299904,0.5126263543963432,0.5004725128412246,0.48570853620767596,0.47512471824884417,0.4638303995132446,0.45030778348445893,0.4389084815979004,0.4265563428401947,0.41238961070775987,0.39879299253225325,0.3866889730095863,0.3731442004442215,0.35811073035001756,0.34675696641206744,0.3337827414274216,0.32164466381073,0.307843291759491,0.2975454077124596,0.28420071601867675,0.27224795520305634,0.2596984371542931,0.24702786207199096,0.23183528184890748,0.22248028740286827,0.20836665183305741,0.1968368709087372,0.18399431332945823,0.1710604138672352,0.1574092723429203,0.1469835929572582,0.13253352269530297,0.12190571874380111,0.11115018501877785,0.10106311403214932,0.08984213918447495,0.08157147169113159,0.07110931389033795,0.06372061278671026,0.05636427979916334,0.0522431954741478,0.0,0.05163180883973837,0.0544947637245059,0.0619687320664525,0.06648846752941609,0.0755898341536522,0.08549994081258774,0.09531157277524471,0.10444202274084091,0.11397825442254543,0.12571481205523014,0.1356165036559105,0.14504617750644683,0.15379212275147439,0.16550807207822799,0.1736390046775341,0.1842707745730877,0.19353830814361572,0.20218691527843474,0.211710062623024,0.22239797785878182,0.231477028131485,0.24199879094958304,0.24958528205752373,0.26167032569646836,0.27052016258239747,0.2790912866592407,0.28849098086357117,0.2979945197701454,0.30769311636686325,0.31641058027744295,0.32566972970962527,0.3349325329065323,0.3449721097946167,0.35232580453157425,0.36166429072618483,0.37171719670295716,0.3815635234117508,0.39075142443180083,0.3998606115579605,0.4118422165513039,0.4210382506251335,0.4307376965880394,0.44037395119667055,0.44999280124902724,0.46045666337013247,0.4715022027492523,0.48206682205200196,0.4920190706849098,0.5036167711019516,0.5146344780921936,0.5239546716213226,0.5370291739702224,0.5455196380615235,0.5589309871196747,0.569748193025589,0.5824115633964538,0.5982635140419006,0.6081359028816223,0.6211960732936859,0.6359311997890472,0.650169849395752,0.6636085957288742,0.6782345473766327,0.6963724195957184,0.7139731198549271,0.7297573119401932,0.7552966833114624,0.7783429861068726,0.8049592792987823,0.8306915909051895,0.8670425266027451,0.9240163266658783
t_71,1.167528611421585,1.1670894086360932,1.169706356525421,1.1686516940593719,1.1681674480438233,1.1686033606529236,1.1658197462558746,1.1647291421890258,1.1610762119293212,1.1614113807678224,1.1596495509147644,1.1563271880149841,1.157732790708542,1.1563591659069061,1.1574572324752808,1.1529388666152953,1.150797951221466,1.1480088472366332,1.1457910776138305,1.1437752544879913,1.1405210614204406,1.1396195769309998,1.1369471192359923,1.1332316994667053,1.1310426831245421,1.128761875629425,1.1258800387382508,1.1204418540000916,1.117351096868515,1.1140802383422852,1.1091844081878661,1.1061086893081664,1.1012244164943694,1.0953555047512054,1.0894370317459106,1.082379549741745,1.079665207862854,1.0706797420978547,1.0651415526866912,1.05874844789505,1.0513320088386535,1.0424862265586854,1.032946413755417,1.030456292629242,1.018299216032028,1.010620179772377,1.0007016241550446,0.9911326766014099,0.9806186735630036,0.9716947257518769,0.9621890723705292,0.9503001123666763,0.9382102221250535,0.9283164113759994,0.9176477670669556,0.90456263422966,0.8941115617752076,0.8836913049221039,0.8721076607704162,0.8617084145545959,0.8483709424734116,0.8374125033617019,0.8261128485202789,0.8134761303663254,0.799993097782135,0.7893926531076432,0.7792519390583038,0.7649378567934036,0.7564294606447219,0.7460935980081558,0.7316432029008866,0.7192502707242966,0.7079516530036927,0.6976392477750778,0.6848711878061294,0.6696168571710587,0.6586000949144364,0.6471632540225982,0.6339286297559739,0.6204502791166305,0.609452971816063,0.5965107679367065,0.582439973950386,0.5707904636859894,0.5590296477079392,0.5476773828268051,0.5320808023214341,0.5193424463272095,0.5072725519537926,0.4926339745521545,0.48214883655309676,0.4709518179297447,0.4576345235109329,0.44629128128290174,0.4339707314968109,0.4199995413422585,0.40657760202884674,0.39452976137399676,0.3811143904924393,0.36625206619501116,0.3549512982368469,0.34218555986881255,0.3302271232008934,0.3165369346737862,0.3064814180135727,0.29330758303403853,0.2812487453222275,0.26885977014899254,0.2563020192086697,0.24118509888648987,0.23225037753582,0.2180454194545746,0.20666420236229896,0.1939411647617817,0.181215363740921,0.1677604615688324,0.15670158788561822,0.14261094629764556,0.1311803326010704,0.12134694904088975,0.11039776280522347,0.09920681715011596,0.08997696153819561,0.07972901910543442,0.0709296077489853,0.062133447267115116,0.05866751223802567,0.05163180883973837,0.0,0.05248832516372204,0.05687275324016809,0.06082175951451063,0.06817283816635608,0.0775942351669073,0.08708711378276349,0.09514477737247944,0.10534966699779033,0.11533403508365155,0.1256357029080391,0.13527724519371986,0.1440420113503933,0.1552613392472267,0.16357763335108758,0.17408401668071746,0.1834543041884899,0.1923242025077343,0.2017797090113163,0.21247352957725524,0.2214668534696102,0.23225173056125642,0.23983844071626664,0.2518170177936554,0.26086855083703997,0.26944366544485093,0.27890570610761645,0.28842547833919524,0.2980997428297997,0.306939597427845,0.31624011099338534,0.3256318509578705,0.3357348471879959,0.3431462526321411,0.3525069817900658,0.36269489526748655,0.37256559580564497,0.381803897023201,0.39098325073719026,0.40303621888160707,0.4123114988207817,0.4221187338232994,0.43177504539489747,0.4414655640721321,0.45195806175470354,0.46312252432107925,0.4737743705511093,0.48375248461961745,0.49546134769916533,0.5065093904733657,0.5159221187233924,0.5290471613407135,0.5376666128635407,0.5511338233947753,0.562062269449234,0.5747859925031662,0.5906792372465134,0.6006650567054749,0.613788264989853,0.6286125093698501,0.6429521590471268,0.6564677774906158,0.6711967021226883,0.6894296497106552,0.7071456462144852,0.7230432689189911,0.7487209379673004,0.7718833923339844,0.7986745476722718,0.8245648562908172,0.86113041639328,0.9184575021266937
t_70,1.1685415029525756,1.1681066572666168,1.1707133233547211,1.1696602761745454,1.1691818058490753,1.1696169674396515,1.166847425699234,1.165767455101013,1.1621143698692322,1.1624480962753296,1.1607044398784638,1.15738245844841,1.158791822195053,1.1574260473251343,1.1585076808929444,1.1540000498294831,1.1518767714500426,1.1490894734859467,1.146884447336197,1.1448790967464446,1.1416266679763794,1.140730905532837,1.1380640268325806,1.1343633353710174,1.1321796119213103,1.129893922805786,1.127034318447113,1.1216145277023315,1.1185237407684325,1.1152715504169464,1.1103799998760224,1.1073107242584228,1.102432632446289,1.096581941843033,1.0906735241413117,1.0836389124393464,1.080930733680725,1.071979421377182,1.066442173719406,1.060083168745041,1.0526612877845765,1.0438495337963105,1.034325635433197,1.0318531215190887,1.0197324573993682,1.0120624244213103,1.002196913957596,0.9926336795091629,0.9821426570415497,0.9732551515102387,0.9637447357177734,0.9519151419401168,0.9398488879203797,0.9300252765417099,0.9193977415561676,0.9063600778579712,0.8959511071443558,0.8855591148138047,0.8740346968173981,0.863689973950386,0.8504116803407669,0.8394315987825394,0.8282253116369247,0.8156366586685181,0.8022657662630082,0.7916608929634095,0.7815472692251205,0.7673344671726227,0.7588843286037446,0.7485492557287217,0.734194639325142,0.7219131588935852,0.710631787776947,0.7003976255655289,0.6876668363809586,0.6725187569856643,0.6615813434123993,0.6501512706279755,0.6369960397481919,0.6236582905054092,0.6127087950706482,0.5998939394950866,0.5859007596969604,0.5743361204862595,0.562638857960701,0.5514158099889755,0.5359299421310425,0.5232869639992714,0.5112887278199196,0.49677194803953173,0.48635369539260864,0.47515916228294375,0.46198797076940534,0.4506238833069801,0.4383431777358055,0.4247205749154091,0.4113586351275444,0.3993899464607239,0.38600565046072005,0.37144449949264524,0.3602334842085838,0.34739932268857954,0.3354977160692215,0.3218692779541016,0.31191910356283187,0.2988780245184898,0.2868768721818924,0.27436831742525103,0.2621091201901436,0.24751847237348557,0.23800669685006143,0.22386915013194084,0.21254457607865335,0.1999088555574417,0.18780602216720582,0.1739360697567463,0.16276291012763977,0.14947227835655214,0.13804565817117692,0.12650455646216868,0.11648485995829105,0.1056432280689478,0.09524158835411071,0.08371645994484425,0.07579403258860111,0.06615348979830742,0.059317420981824395,0.0544947637245059,0.05248832516372204,0.0,0.0546268068253994,0.0563402321189642,0.0617409247905016,0.07084339931607246,0.08044539876282215,0.08880850411951542,0.09742800965905189,0.10984879024326802,0.11962423585355282,0.12789305970072745,0.13718540966510773,0.14913165420293809,0.1566716194152832,0.16747164130210876,0.1769063539803028,0.18562057465314866,0.1948007747530937,0.20598612055182458,0.21468465849757196,0.22582110464572908,0.23316744938492776,0.24580995365977287,0.2544776938855648,0.2634848453104496,0.2728611245751381,0.28244883120059966,0.29213754236698153,0.30119152665138244,0.31051935255527496,0.319693386554718,0.33019179105758667,0.33735758662223814,0.3470368966460228,0.3570483192801476,0.3671530455350876,0.37653467804193497,0.3857639983296394,0.3977834194898605,0.40721452981233597,0.41701012700796125,0.42674932479858396,0.43650977313518524,0.44714864939451215,0.45843183994293213,0.4690376415848732,0.4790847048163414,0.49085564315319063,0.5020519465208053,0.5114992499351502,0.5246916323900223,0.5333158582448959,0.546943125128746,0.5578532606363297,0.5706468760967255,0.5867006719112396,0.5967773526906968,0.6100053280591965,0.6248684495687484,0.6392687916755676,0.652871260046959,0.6675874471664429,0.6859757751226425,0.7037992209196091,0.719759601354599,0.7455725282430649,0.7688490241765976,0.7957700401544571,0.8217626273632049,0.8584507733583451,0.9159882426261902
t_69,1.1740865349769591,1.173640924692154,1.1761905014514924,1.175160175561905,1.174681258201599,1.1750844657421111,1.1723737955093383,1.1713011920452119,1.1677258551120757,1.1680434465408325,1.1663204848766326,1.1630659461021424,1.1644266307353974,1.163060301542282,1.1641186237335206,1.159695279598236,1.157577234506607,1.1548357605934143,1.1526640057563782,1.1506670415401459,1.1474571645259857,1.1465752303600312,1.1439437389373779,1.1402926206588746,1.1381229758262634,1.1358590722084045,1.1330402076244355,1.127688068151474,1.1246408462524413,1.1214085936546325,1.1165757656097413,1.1135611414909363,1.1087369561195373,1.1029830992221832,1.0971489667892456,1.0902266085147858,1.0875199496746064,1.0786800265312195,1.073252546787262,1.0669687032699584,1.0596761345863341,1.05095534324646,1.0415803432464599,1.0391219317913056,1.0271886050701142,1.0196345269680023,1.0098947197198869,1.0004803955554962,0.9901289135217667,0.9813987582921981,0.9720402926206588,0.960339468717575,0.9484728038311004,0.9387384504079819,0.9282704383134842,0.915417143702507,0.9051243096590043,0.8948952227830886,0.8834642559289932,0.8732710212469101,0.8601641982793808,0.8493681281805039,0.8382188856601716,0.825803616642952,0.8125140994787217,0.8020748853683471,0.7920930176973343,0.7779777973890305,0.7695885568857193,0.7594048589468002,0.7450971752405167,0.7329610139131546,0.7217888772487641,0.7116087973117828,0.6990123629570008,0.683950001001358,0.6730816096067429,0.6618209779262543,0.6488237708806992,0.6355119407176971,0.6246983736753464,0.6119386106729507,0.5980967670679093,0.5865933984518051,0.5750127017498017,0.5638377666473389,0.5484848529100418,0.5358854711055756,0.5240843221545219,0.5096114158630372,0.4993534356355667,0.48832760751247406,0.47522087544202807,0.4641180023550987,0.4520071491599083,0.43823598474264147,0.42497588992118834,0.413139733672142,0.39993110597133635,0.3853196144104004,0.374294675886631,0.36169182062149047,0.3498400792479515,0.3364758789539337,0.3265776947140694,0.313636539876461,0.3018725022673607,0.28959098905324937,0.277142795920372,0.2622870497405529,0.2533967688679695,0.23939270973205568,0.22840439304709434,0.21559201329946517,0.20312910601496698,0.1896904304623604,0.17880298122763633,0.16443136855959892,0.15348521694540979,0.14272188469767572,0.1317247711122036,0.12034169994294644,0.1110243920236826,0.09821354635059834,0.08994426466524601,0.07862095460295677,0.07102628946304321,0.0619687320664525,0.05687275324016809,0.0546268068253994,0.0,0.04791393987834454,0.054283442348241805,0.06052907723933458,0.06702181212604046,0.07656932957470416,0.08532575592398643,0.0941176526248455,0.10489423014223576,0.11368509642779827,0.12225666381418705,0.13368917107582093,0.1415211945772171,0.15203359127044677,0.16158305406570433,0.17018287628889084,0.18004543334245682,0.1909053720533848,0.20028458535671234,0.210845547914505,0.2183185525238514,0.23061995953321457,0.23986848667263985,0.24846291691064834,0.25819213315844536,0.2678471341729164,0.2778536453843117,0.2865831539034843,0.2961216911673546,0.30572455674409865,0.3159595295786858,0.3235162988305092,0.33301902264356614,0.34336853176355364,0.353393916785717,0.3628541886806488,0.37224130183458326,0.3845094695687294,0.39395572245121,0.4039608210325241,0.413804267346859,0.423672616481781,0.43438734859228134,0.44568593204021456,0.4565598234534264,0.466784405708313,0.4786879882216454,0.4898853376507759,0.49947652518749236,0.5129018783569336,0.5216622412204742,0.5352872490882874,0.546371003985405,0.5594436466693878,0.5755488097667694,0.5856270462274551,0.5990219175815582,0.614101767539978,0.6287007570266724,0.6424400568008423,0.6574416816234588,0.6759003937244416,0.6938839912414551,0.7100621491670609,0.7361385494470596,0.7596665918827057,0.7868578016757966,0.8131150364875793,0.850240895152092,0.9083596199750901
t_68,1.1759936451911925,1.1755498766899108,1.1780860424041748,1.1770606815814972,1.1765853822231294,1.176989382505417,1.1742936193943023,1.1732260406017303,1.1696658492088319,1.1699772596359252,1.1682665050029755,1.1650248110294341,1.1663786113262176,1.165015494823456,1.166068422794342,1.1616612076759338,1.1595554888248443,1.1568243563175202,1.1546653270721436,1.152672642469406,1.149477916955948,1.1486018300056458,1.1459793627262116,1.1423441290855407,1.14018172621727,1.137926071882248,1.1351247429847717,1.1297970354557036,1.126761507987976,1.123545640707016,1.1187297701835632,1.1157249450683593,1.1109227657318115,1.1051966369152069,1.0993829905986785,1.092503124475479,1.0898022294044494,1.0810087084770204,1.0756012439727782,1.0693487107753754,1.0620782375335693,1.053399658203125,1.0440617740154265,1.041615742444992,1.0297375977039338,1.0222125768661499,1.0125252336263657,1.0031391948461532,0.9928333342075348,0.9841436326503754,0.9748192131519318,0.9631662368774414,0.9513432085514069,0.941658365726471,0.9312459826469421,0.918442451953888,0.9081971615552902,0.8980023235082626,0.8866221487522126,0.8764775454998016,0.8634268045425415,0.8526539742946625,0.8415672987699508,0.8292064219713211,0.8159883230924606,0.805578601360321,0.7956402361392975,0.7815914571285247,0.7732381999492646,0.7630947351455688,0.7488491475582123,0.7367943793535232,0.7256779700517655,0.7155516564846038,0.7029970169067383,0.6880203545093536,0.6772002667188645,0.666001883149147,0.6530769973993301,0.6398602664470673,0.6291009247303009,0.6164148539304733,0.6026758760213852,0.5912251085042953,0.5797069281339645,0.5685963809490204,0.5533425629138946,0.5407875031232834,0.5290824502706528,0.5147141799330711,0.5045107513666153,0.49353922307491305,0.4805055812001228,0.4694376140832901,0.4574628219008446,0.4437723606824875,0.4306305140256882,0.41889694184064863,0.4057283341884613,0.3912299156188965,0.3802863970398903,0.36776294112205504,0.356020425260067,0.34274334609508517,0.33285242021083833,0.32001128792762756,0.3083841785788536,0.2961157873272896,0.28379503041505816,0.2690462447702885,0.260122150182724,0.2462852768599987,0.2351939432322979,0.22252355441451072,0.21007441654801368,0.1968035764992237,0.18592295572161674,0.1714761473238468,0.1607486829161644,0.14968812540173532,0.13882760852575302,0.12759906873106958,0.11781057715415955,0.10501814559102059,0.09610111899673938,0.08509924076497555,0.07651162110269069,0.06648846752941609,0.06082175951451063,0.0563402321189642,0.04791393987834454,0.0,0.051124514825642106,0.055992622300982474,0.06252737678587436,0.0709610253572464,0.07822474800050258,0.08802359700202941,0.09776912033557891,0.10681203491985798,0.11506420336663722,0.12671262621879578,0.13440269455313683,0.14513203054666518,0.15446466580033302,0.16299766600131987,0.1728588417172432,0.1838774360716343,0.19328886717557908,0.20389842391014099,0.2113022267818451,0.22382548451423645,0.23311525955796242,0.24169345200061798,0.251454059779644,0.2612405173480511,0.27138762921094894,0.28009365797042846,0.2897510439157486,0.29932871311903,0.309714512526989,0.3172944188117981,0.32686700522899625,0.33726761043071746,0.3473910540342331,0.3569143518805504,0.3663463592529297,0.37878474295139314,0.38825237303972243,0.39830233007669447,0.4082403123378754,0.4181831836700439,0.42897274643182753,0.44034516662359235,0.4512960821390152,0.46158007234334947,0.47356787472963335,0.484857913851738,0.49448995292186737,0.5080231457948685,0.5167847514152527,0.5305377840995789,0.5416607826948165,0.5548144280910492,0.5710772573947906,0.5811797022819519,0.5946586012840271,0.6098290830850601,0.6245030164718628,0.6383123219013214,0.6533791929483413,0.6719739973545075,0.690043568611145,0.7062864035367966,0.7325280040502549,0.7561948210000992,0.7835199505090713,0.8098977029323577,0.8471954554319382,0.9055744886398316
t_67,1.178903377056122,1.1784580171108245,1.1809835970401763,1.179964554309845,1.179491013288498,1.1798878252506255,1.177214252948761,1.1761596143245696,1.172615075111389,1.1729328751564025,1.171237939596176,1.1680100858211517,1.1693577826023103,1.1680078685283661,1.169043380022049,1.1646686673164368,1.1625801563262939,1.1598621785640717,1.1577197015285492,1.155744695663452,1.152561318874359,1.1516931056976318,1.1490812957286836,1.1454779505729675,1.1433261692523957,1.1410788297653198,1.1383004486560822,1.1330044507980346,1.1299799382686615,1.1267864406108856,1.1219988405704497,1.1190113425254822,1.1142292141914367,1.1085363388061524,1.102756142616272,1.0959079802036285,1.0932204604148865,1.0844788551330566,1.0790960848331452,1.0728821337223053,1.0656403422355651,1.0570152521133422,1.0477203130722046,1.0452933073043824,1.0334740161895752,1.0259822964668275,1.0163534790277482,1.0070107966661452,0.9967605471611023,0.988113671541214,0.9788223832845688,0.9672397792339325,0.9554761230945588,0.9458559423685073,0.9354957073926926,0.9227524071931839,0.912566140294075,0.9024251222610473,0.8911117374897003,0.8810221016407013,0.8680418401956558,0.8573091149330139,0.8462878555059433,0.8339872628450393,0.8208621174097062,0.8105007350444794,0.8006157457828522,0.7866403043270112,0.7783611983060836,0.7682471007108689,0.7541196048259735,0.7421274602413177,0.7310769110918045,0.7210085183382035,0.7085337847471237,0.6936683237552643,0.6829398185014725,0.6717787683010101,0.658925062417984,0.6458310931921005,0.6351541072130203,0.6225509643554688,0.6089000046253205,0.5975341767072677,0.5861065506935119,0.5751212924718857,0.5599977076053619,0.5475747495889663,0.5359429001808167,0.5216823279857635,0.5115862026810646,0.5006758898496628,0.4878208860754967,0.4767972111701965,0.46486277133226395,0.45137941688299177,0.4383615657687187,0.42669236212968825,0.4136541411280632,0.3993363842368126,0.38848585933446883,0.376034115254879,0.3644124805927277,0.35128613710403445,0.3415704444050789,0.32889660000801085,0.3172635093331337,0.30500495582818987,0.2929652094841003,0.27839520275592805,0.2695121616125107,0.25565808117389677,0.24465673342347144,0.23206449076533317,0.22011417523026466,0.2067437157034874,0.19558327943086623,0.18177665024995804,0.17054489478468896,0.159777220338583,0.14875922128558158,0.13729154393076898,0.12701203301548958,0.11464951112866402,0.10573322959244251,0.09367754980921746,0.08562034629285335,0.0755898341536522,0.06817283816635608,0.0617409247905016,0.054283442348241805,0.051124514825642106,0.0,0.05110463984310627,0.055613735876977446,0.06266123373061419,0.07060738243162631,0.07900414019823074,0.08940000347793102,0.09708842374384404,0.1058627437800169,0.11714716702699661,0.1240874920040369,0.13493292555212974,0.1442001610994339,0.15319074988365172,0.16277273297309874,0.173960842192173,0.18309979289770126,0.19396662935614586,0.20112932696938515,0.21396178975701333,0.22323329001665115,0.2321080483496189,0.24181850254535675,0.25160300433635713,0.2617275521159172,0.27050860971212387,0.2802476495504379,0.289848755300045,0.30045348554849627,0.30795773714780805,0.3177181124687195,0.32806218415498734,0.3383409813046455,0.3480119645595551,0.35749870985746385,0.36995049715042116,0.37958831936120985,0.38969846069812775,0.3996839940547943,0.4097253382205963,0.4205996602773666,0.4321072444319725,0.44310182631015776,0.4534775272011757,0.4655472457408905,0.4769340917468071,0.4866395562887192,0.5002658486366272,0.5091099351644516,0.522985714673996,0.5341588973999023,0.547433951497078,0.5638050138950348,0.5739985883235932,0.5875914752483368,0.6028744518756867,0.6176517367362976,0.6315617263317108,0.6467136949300766,0.6654405713081359,0.6836378037929535,0.7000123590230942,0.7264287978410721,0.7502294272184372,0.7777505725622177,0.8042875319719315,0.8418260723352432,0.9005543202161789
t_66,1.1816316485404967,1.1811809480190276,1.1836767196655273,1.1826644539833069,1.1822002112865448,1.1825853526592254,1.1799374222755432,1.1788924515247345,1.1753805518150329,1.1756935000419617,1.1740208864212036,1.1708162784576417,1.1721475720405579,1.1708017826080321,1.1718204200267792,1.1674846827983856,1.1654145479202271,1.162720936536789,1.1605997145175935,1.1586317777633668,1.155470758676529,1.1546134293079375,1.152020674943924,1.1484490752220153,1.1463088929653167,1.1440741539001464,1.141323882341385,1.1360695958137512,1.1330675661563874,1.1298956871032715,1.125150465965271,1.1221877872943877,1.1174487054347992,1.1118070006370544,1.1060764789581299,1.0992977976799012,1.0966284155845643,1.0879675686359405,1.0826312243938445,1.0764814555644988,1.069313073158264,1.0607625603675843,1.0515665590763092,1.0491569459438324,1.037464302778244,1.030050313472748,1.0205083429813384,1.0112635016441345,1.0011106699705123,0.9925707042217254,0.9833639770746231,0.9719164371490479,0.9602814882993698,0.9507527947425842,0.9405055195093155,0.927895012497902,0.9178115129470825,0.9077753156423569,0.8965652585029602,0.8865932911634445,0.873754358291626,0.863113185763359,0.8522156566381455,0.8400235086679458,0.8270177066326141,0.8167468577623367,0.8069633215665817,0.7931316673755646,0.7849190771579743,0.7749203562736511,0.7609068423509597,0.749041935801506,0.7380800247192383,0.7281109422445298,0.7157670080661773,0.7009902417659759,0.6903939962387085,0.6793294787406922,0.6665743052959442,0.6535865843296051,0.6430033892393112,0.6305361300706863,0.6169800221920013,0.6057704150676727,0.5943807333707809,0.5835206240415574,0.568530735373497,0.5561910837888717,0.5447156876325607,0.5305506154894829,0.5205415293574334,0.5097405031323433,0.49700959473848344,0.4861740007996559,0.4742249846458435,0.46096657663583757,0.4480892434716225,0.4365321144461632,0.42359485328197477,0.40934838354587555,0.39859357923269273,0.38627934753894805,0.3748727276921272,0.36166998744010925,0.3520021364092827,0.3395241588354111,0.3280161142349243,0.3158672824501991,0.3039752125740051,0.28953520506620406,0.280838218331337,0.2668795719742775,0.2559009328484535,0.24361984208226203,0.2315310798585415,0.21825207844376565,0.2072448931634426,0.1936093546450138,0.1820158526301384,0.171037770062685,0.1602935142815113,0.14919230341911316,0.1391761817038059,0.1257070954889059,0.11637860909104347,0.10460605025291443,0.09556332342326641,0.08549994081258774,0.0775942351669073,0.07084339931607246,0.06052907723933458,0.055992622300982474,0.05110463984310627,0.0,0.05040666218847036,0.0543899767100811,0.06087088827043772,0.0701382864266634,0.07970758378505707,0.08622681386768818,0.09411153197288513,0.1056653369218111,0.11260165981948375,0.12347435280680656,0.1322802860289812,0.1411411717534065,0.15055379569530486,0.16172593981027603,0.17121125459671022,0.1820472039282322,0.18947627544403076,0.20239010006189345,0.21127272620797158,0.22035863399505615,0.23016102910041808,0.24004241973161697,0.2502972111105919,0.2591817662119865,0.2690010145306587,0.2785404473543167,0.2892505154013634,0.296969136595726,0.306704181432724,0.31714803725481033,0.3276029139757156,0.3372015327215195,0.34690696746110916,0.3593478947877884,0.36912784576416013,0.37933485954999924,0.38950675874948504,0.39959966093301774,0.41060191094875337,0.4221044197678566,0.4331492081284523,0.4437290787696838,0.4558968976140022,0.4674303025007248,0.47723698765039446,0.49099106937646864,0.49987760484218596,0.5138701379299164,0.5251421451568603,0.5385628014802932,0.5550772100687027,0.565336549282074,0.5790836185216903,0.5944817960262299,0.6093751430511475,0.623431384563446,0.6387477993965149,0.6575863718986511,0.6759320765733718,0.6924708187580109,0.7190733760595321,0.7430962145328521,0.7708389818668365,0.797593492269516,0.8354077190160751,0.894595792889595
t_65,1.1854008615016938,1.1849480330944062,1.1874136984348298,1.186413162946701,1.1859521865844727,1.1863232970237731,1.1837051689624787,1.182669472694397,1.17919762134552,1.1795043051242828,1.1778514683246613,1.1746749222278594,1.1759866774082184,1.1746475100517273,1.1756488144397736,1.1713605284690858,1.1692998647689818,1.1666309356689453,1.164529550075531,1.1625714421272277,1.1594307184219361,1.1585832297801972,1.1560085117816925,1.1524664998054504,1.1503412902355195,1.1481173098087312,1.1453914523124695,1.1401769280433656,1.1371944785118102,1.1340422451496124,1.129332858324051,1.1263977229595183,1.1216940939426423,1.1160996198654174,1.110416555404663,1.103697454929352,1.1010348737239837,1.0924375295639037,1.0871519684791564,1.0810473680496215,1.0739418387413024,1.06544988155365,1.0563284158706665,1.0539350152015685,1.0423416435718535,1.0349863529205323,1.0255105435848235,1.0163435578346252,1.0062607675790787,0.9978043258190155,0.9886649757623672,0.9772936791181565,0.9657547771930695,0.9562851369380951,0.9461141467094422,0.9336053907871247,0.9235839188098908,0.9136283248662949,0.9024818807840347,0.8925865322351456,0.8798280388116837,0.8692716181278228,0.8584174364805222,0.8463175386190415,0.833374160528183,0.8231790035963058,0.8134595602750778,0.7997032046318054,0.7915358483791352,0.7815992355346679,0.7676474332809449,0.7558540135622025,0.7449469268321991,0.7350396454334259,0.722761070728302,0.7080505847930908,0.6975054055452347,0.6865301966667176,0.6738610327243805,0.6609004080295563,0.6503925144672393,0.6379871279001236,0.6245322465896607,0.6133694320917129,0.6020726025104522,0.591245460510254,0.5763486087322235,0.5640827357769013,0.5526638239622116,0.5386106252670289,0.5286860823631286,0.5179436534643174,0.5053215608000755,0.49449513107538223,0.4827116787433624,0.4694489523768425,0.45661552995443344,0.44513166397809983,0.4323373407125473,0.41822279542684554,0.4075029820203781,0.3953085720539093,0.3839004382491112,0.3709256678819656,0.3614137560129166,0.3488920345902443,0.3375112399458885,0.32560275942087175,0.3135994955897331,0.2992424607276917,0.29056993722915647,0.2769172742962837,0.2660612568259239,0.2537215486168861,0.24191881120204925,0.22852494865655898,0.21768851354718208,0.20397418290376662,0.1926690362393856,0.18201034814119338,0.17119738459587097,0.15955648571252823,0.14946988299489022,0.13622984290122986,0.12715748362243176,0.11469961367547513,0.1056315504014492,0.09531157277524471,0.08708711378276349,0.08044539876282215,0.06702181212604046,0.06252737678587436,0.055613735876977446,0.05040666218847036,0.0,0.05174353327602148,0.057203136011958124,0.062208409607410434,0.07332950793206691,0.07789224199950695,0.08568009883165359,0.0967187900096178,0.10274237431585789,0.11350678540766239,0.12231856547296047,0.13103732317686081,0.14067088291049004,0.15198095217347146,0.16127094253897667,0.17196841463446616,0.17919620350003243,0.19203951805830002,0.2013322167098522,0.21028642132878303,0.22012305334210397,0.23008247464895248,0.24036895260214805,0.2492304652929306,0.2591510482132435,0.2688839092850685,0.27942284643650056,0.287201726436615,0.2970380216836929,0.3076303616166115,0.3180163472890854,0.3277646541595459,0.3375340819358826,0.3500582128763199,0.3599109917879105,0.37021085023880007,0.3804690703749657,0.3905894339084625,0.40171256512403486,0.41328624784946444,0.42445772886276245,0.4350926116108894,0.4473539173603058,0.4589107304811478,0.4687797576189041,0.4826836884021759,0.49165863245725633,0.5056875005364418,0.5170292019844055,0.5306357353925705,0.5471790105104446,0.5575215011835098,0.5713781952857971,0.5868977636098862,0.6019319891929626,0.616074949502945,0.6315180033445358,0.6504588752985001,0.6689365446567536,0.6856148600578308,0.7123928934335708,0.7365805268287658,0.7645032405853271,0.791438153386116,0.8295179396867752,0.8890991568565368
t_64,1.1871346890926362,1.1866887390613556,1.1891518652439117,1.1881443023681642,1.1876989722251892,1.1880786180496217,1.1854566574096679,1.184437084197998,1.1809585809707641,1.181275451183319,1.179647833108902,1.1764503419399261,1.1777766406536103,1.1764589428901673,1.1774414718151092,1.1731623530387878,1.171132504940033,1.1684720396995545,1.1663766980171204,1.1644353866577148,1.1612924575805663,1.1604588210582734,1.1578855395317078,1.154365998506546,1.152257001399994,1.1500387609004974,1.1473323345184325,1.142137783765793,1.1391595125198364,1.1360368728637695,1.1313666701316833,1.1284273982048034,1.1237648367881774,1.118178027868271,1.112528681755066,1.1058362662792205,1.1032072603702545,1.0946625590324401,1.0893713653087616,1.08330757021904,1.0762234568595885,1.0677983462810516,1.0587213635444641,1.0563548803329468,1.0448230981826783,1.0375062584877015,1.0280730843544006,1.0189546406269074,1.0089394509792329,1.0005221247673035,0.991398224234581,0.9801454335451126,0.9686564713716507,0.9592676937580109,0.9491432964801788,0.936693686246872,0.9267589658498764,0.9168427258729934,0.9057935982942581,0.895947253704071,0.8832691878080368,0.8727280676364899,0.8620073676109314,0.8499446213245392,0.8371305674314499,0.8269409358501434,0.8172914773225785,0.8036638826131821,0.7955905944108963,0.7857150495052337,0.7719158858060837,0.760185357928276,0.7493433296680451,0.7395424872636795,0.7273697942495346,0.7127293646335602,0.7023429900407792,0.6914140194654464,0.678751677274704,0.6659718513488769,0.6555173903703689,0.6432519167661667,0.629822188615799,0.6188483774662018,0.6075715631246567,0.5968985289335251,0.5821520894765854,0.5700201153755188,0.5586831778287887,0.5447323083877563,0.5348602831363678,0.5242382273077965,0.5118034303188324,0.5009454980492591,0.48909264206886294,0.47619801461696626,0.46357832849025726,0.4521457180380821,0.4394905298948288,0.42547740042209625,0.4148042231798172,0.40259027779102324,0.3915621876716614,0.37843307852745056,0.36913886815309527,0.35680593848228453,0.34543133080005645,0.33364829123020173,0.3218476578593254,0.30773418843746186,0.2991251155734062,0.28534417003393175,0.2741397529840469,0.2624621674418449,0.25097068026661873,0.23746494129300116,0.22647035047411918,0.2133356288075447,0.20156048312783242,0.19084896817803382,0.180518189817667,0.16906914860010147,0.15876290276646615,0.14558528289198874,0.13556215316057205,0.1239212416112423,0.11483835950493812,0.10444202274084091,0.09514477737247944,0.08880850411951542,0.07656932957470416,0.0709610253572464,0.06266123373061419,0.0543899767100811,0.05174353327602148,0.0,0.05127773862332106,0.0572703655809164,0.06651023253798485,0.06980653963983059,0.07716815881431102,0.08817903026938438,0.0938575491309166,0.10496488511562348,0.11219639480113983,0.12162416726350785,0.13084875643253327,0.14193815365433693,0.15054451450705528,0.16201380491256714,0.16947197318077087,0.18250007554888725,0.19119834452867507,0.20071357488632202,0.21050170585513114,0.22042994126677512,0.23033881485462188,0.2398225374519825,0.24966438487172127,0.25922022983431814,0.2699522733688354,0.2777394771575928,0.2877983585000038,0.29827163815498353,0.3089186057448387,0.3186458185315132,0.3284655034542084,0.34086304157972336,0.35104169249534606,0.36123655289411544,0.3716700434684753,0.3817713439464569,0.3930459052324295,0.40468558520078657,0.41579379588365556,0.426553039252758,0.43887986093759535,0.45070114731788635,0.4605422019958496,0.47447009980678556,0.48341798782348633,0.49771349877119064,0.5091343224048615,0.5227063953876495,0.539425277709961,0.5499106913805007,0.5638625949621201,0.579454118013382,0.5945308089256287,0.6088010281324386,0.6242778450250626,0.6433612167835235,0.6619813531637192,0.6787719368934632,0.7057027608156204,0.7299905836582183,0.7580967545509338,0.7851978689432144,0.8234430551528931,0.883388701081276
t_63,1.1899805903434753,1.1895450353622437,1.19198876619339,1.1909924566745758,1.1905458748340607,1.1909197270870209,1.1883185744285583,1.1873058378696442,1.1838593661785126,1.1841675341129303,1.1825518786907196,1.179380363225937,1.1806916534900664,1.17938791513443,1.180351769924164,1.176113086938858,1.174090427160263,1.171450638771057,1.1693693578243256,1.1674433708190919,1.164318859577179,1.1634942829608916,1.1609365046024323,1.1574385583400726,1.1553450763225555,1.153139317035675,1.1504495799541474,1.145293790102005,1.1423342049121856,1.1392341256141663,1.1345920443534852,1.1316751956939697,1.127046287059784,1.1215068101882935,1.115884780883789,1.1092522144317627,1.1066365599632264,1.098141872882843,1.0929054200649262,1.0868735611438751,1.0798491835594177,1.0714837908744812,1.0624720990657806,1.0601210951805116,1.0486712276935577,1.0414077460765838,1.032049870491028,1.0230004847049714,1.0130591064691543,1.0047082722187042,0.9956491559743881,0.9844548285007477,0.973071813583374,0.9637432545423508,0.9536785274744034,0.9413374364376068,0.9314639419317245,0.9216313630342483,0.9106532216072083,0.900870755314827,0.8882815361022949,0.8778333067893982,0.8671619027853013,0.8552044779062271,0.8424733102321624,0.8323502689599991,0.8227593332529068,0.8092299789190293,0.801204627752304,0.7913955956697464,0.7776923209428788,0.7660256952047348,0.7552700251340866,0.7455169349908829,0.7334197252988816,0.7189064413309098,0.7085624933242798,0.6977129876613617,0.6851413756608963,0.6724633008241654,0.6620703488588333,0.6498633027076721,0.6365426391363144,0.6256339251995087,0.6144961148500443,0.6038884907960892,0.5892144620418549,0.5772443562746048,0.5659543544054031,0.5521476894617081,0.542308259010315,0.5318532422184944,0.5194625869393349,0.5087038621306419,0.4970619395375252,0.4842344284057617,0.47168106138706206,0.4603578314185143,0.44787836223840716,0.4339394137263298,0.423402863740921,0.411344638466835,0.4003455176949501,0.38740886449813844,0.378129118680954,0.36584469974040984,0.3546106666326523,0.3429461881518364,0.33131626397371294,0.3173839583992958,0.3087862700223923,0.29526324570178986,0.28428367227315904,0.27252989411354067,0.2608353689312935,0.24747933819890022,0.2369309663772583,0.2233121193945408,0.21223151907324792,0.20108721405267715,0.19038324132561685,0.17999429255723953,0.16957625821232797,0.1564099408686161,0.14536137580871583,0.13499293923377992,0.12497999779880047,0.11397825442254543,0.10534966699779033,0.09742800965905189,0.08532575592398643,0.07822474800050258,0.07060738243162631,0.06087088827043772,0.057203136011958124,0.05127773862332106,0.0,0.05409575086086989,0.05748636648058891,0.06257680505514145,0.06754817031323909,0.07748969905078411,0.08415622226893901,0.09422578439116477,0.1021093662828207,0.11057742647826671,0.11990781165659428,0.1307412188500166,0.14021621868014336,0.15104095563292502,0.1584946744143963,0.17176617234945296,0.18039775714278222,0.18985997140407562,0.19950372651219367,0.20965122655034066,0.2200172260403633,0.22938037067651748,0.23928286507725716,0.2488423503935337,0.2598228111863136,0.2675637319684029,0.2776245385408401,0.28811134994029997,0.2990348175168037,0.30890087187290194,0.3187640458345413,0.3314221456646919,0.3415101572871208,0.3517829209566116,0.3623461663722992,0.3725919336080551,0.3840794533491135,0.39576645642519,0.40698369443416593,0.41789052784442904,0.4302728846669197,0.44213427156209945,0.4521393537521362,0.46619085371494295,0.4752658367156982,0.48956895917654036,0.5010773614048958,0.5148954495787621,0.5317330896854401,0.5422853857278824,0.5563782721757888,0.5720733314752579,0.5872832298278808,0.6016649901866913,0.6173438787460327,0.6365451991558075,0.6553131937980652,0.6722317725419998,0.6993301659822464,0.723870187997818,0.7521620273590088,0.7794545590877533,0.8179952919483184,0.8783092021942138
t_62,1.1946647047996521,1.1942403674125672,1.196685802936554,1.1956985235214233,1.1952534854412078,1.195630782842636,1.1930350005626678,1.1920317471027375,1.188615745306015,1.1889300704002381,1.18731449842453,1.1841648161411285,1.1854647934436797,1.1841908395290375,1.1851573526859283,1.1809548258781433,1.1789380848407744,1.1763262271881103,1.1742438673973083,1.1723440170288086,1.1692400097846984,1.1684275686740875,1.1658879220485687,1.1624200522899628,1.1603570342063905,1.1581737339496612,1.1554861128330232,1.1503681063652038,1.147435712814331,1.1443584084510803,1.1397809743881226,1.1368753612041473,1.1323024809360505,1.1267976224422456,1.1212299823760987,1.114635956287384,1.112052810192108,1.103605830669403,1.0984147131443023,1.0924014091491698,1.085443639755249,1.0771353662014007,1.0681908130645752,1.0658494114875794,1.054463803768158,1.0472451746463776,1.037916475534439,1.0289419651031495,1.019082486629486,1.010742548108101,1.0017780810594559,0.9906201869249344,0.9793065071105957,0.9699800908565521,0.9599524438381195,0.9476368606090546,0.9378233402967453,0.9280366212129593,0.9171083480119705,0.9073363363742828,0.8947776854038239,0.8844525665044785,0.8737693220376969,0.8618403673171997,0.849126347899437,0.8391279309988022,0.8295908242464065,0.8160566180944443,0.8080733835697174,0.7983286440372467,0.7847295790910721,0.7730090737342834,0.7623499691486358,0.7526305317878723,0.7406080931425094,0.7261980414390564,0.7159092545509338,0.7051128774881363,0.6925718009471893,0.6799659699201583,0.6696760147809983,0.65745909512043,0.6442906141281128,0.6333642274141311,0.6222973883152008,0.6117811083793641,0.5972211539745331,0.5853224515914917,0.5741132378578186,0.5603851914405823,0.5506984978914261,0.5402862340211868,0.5280748680233955,0.517383299767971,0.5057865768671036,0.4929268091917038,0.48056223839521406,0.4693046540021896,0.45681421756744384,0.4430199861526489,0.43251816034317014,0.42073309421539307,0.4098777934908867,0.3970045045018196,0.38792051672935485,0.3758793637156487,0.36464360654354094,0.35313109755516053,0.341316157579422,0.32736078798770907,0.3192149728536606,0.3057694971561432,0.2951050132513046,0.28338239938020704,0.2716962292790413,0.25862396955490113,0.24806510284543037,0.23420802503824234,0.22299644351005554,0.21256751716136932,0.20180151984095573,0.19080147370696068,0.18075425624847413,0.16789500340819358,0.15789488703012466,0.14614152982831002,0.13667695522308348,0.12571481205523014,0.11533403508365155,0.10984879024326802,0.0941176526248455,0.08802359700202941,0.07900414019823074,0.0701382864266634,0.062208409607410434,0.0572703655809164,0.05409575086086989,0.0,0.05320773869752884,0.05682389792054891,0.06108849048614502,0.06882280670106411,0.07386582307517528,0.08332543820142746,0.09134887494146823,0.09977097064256668,0.10911825299263,0.12000020295381546,0.12914792783558368,0.1397155024111271,0.14685401543974877,0.15931205898523332,0.16896057426929473,0.17775631025433541,0.18772693872451782,0.19784997627139092,0.20825336426496505,0.21718088909983635,0.22722533494234085,0.2373098276555538,0.24799497574567794,0.2560089774429798,0.2657961338758469,0.2768282949924469,0.28737565129995346,0.2972083568572998,0.3071794345974922,0.3201147899031639,0.3300726324319839,0.3406962096691132,0.3510503515601158,0.361445714533329,0.3727472275495529,0.38459349125623704,0.3960721969604492,0.40689436346292496,0.4194757729768753,0.43118766993284224,0.44135025292634966,0.45556625723838806,0.46478163450956345,0.4790437415242195,0.4907229542732239,0.5045949622988701,0.5214606761932373,0.5320400118827819,0.5461854487657547,0.5620238929986954,0.5774149149656296,0.5918705999851227,0.6077061831951142,0.6269888043403625,0.645858284831047,0.662890711426735,0.6902249872684478,0.7148998022079468,0.7433886259794236,0.7708841979503631,0.809749859571457,0.8705267488956452
t_61,1.1967034578323363,1.19629026055336,1.1987383961677551,1.197752332687378,1.1973111510276795,1.1976948261260987,1.195098328590393,1.194104015827179,1.190695935487747,1.1910176753997803,1.1894094526767731,1.1862595319747924,1.1875639140605927,1.1863142192363738,1.187265580892563,1.1830837786197663,1.181082046031952,1.1784782409667969,1.1764000177383422,1.1745218455791473,1.1714204132556916,1.1706172704696656,1.168083530664444,1.1646347641944885,1.162588858604431,1.1604134261608123,1.1577338814735412,1.1526415050029755,1.1497174382209778,1.1466639995574952,1.1421191334724425,1.13921577334404,1.1346718907356261,1.1291901171207428,1.123643010854721,1.1170757353305816,1.1145158112049103,1.1061042726039887,1.1009331464767456,1.0949386537075043,1.0880119025707244,1.0797536492347717,1.0708484828472138,1.0685155272483826,1.0571779131889343,1.0499923527240753,1.0407077848911286,1.0317754030227662,1.021977609395981,1.013654962182045,1.0047225326299667,0.9936262220144272,0.9823776423931122,0.973101356625557,0.9631015956401825,0.9508406966924667,0.9410924434661865,0.931347444653511,0.9204903066158294,0.9107459783554077,0.8982582569122315,0.8879832059144974,0.8773753136396408,0.8654927402734757,0.8528760880231857,0.8429181009531022,0.8334301292896271,0.8199874132871627,0.8120742321014405,0.8023777216672897,0.7889173597097396,0.7772323846817016,0.7666702002286911,0.7570021212100982,0.7450791031122208,0.7307842075824738,0.7205769449472428,0.7098370909690856,0.6973543792963028,0.684908640384674,0.6746730804443359,0.6625335812568665,0.649446439743042,0.6386314481496811,0.6276724398136139,0.6172782629728317,0.6028390824794769,0.5911252945661545,0.5799447029829026,0.5663692384958268,0.5567261755466462,0.546499714255333,0.5343606531620025,0.5237247198820114,0.5122275412082672,0.4995603829622269,0.4873717501759529,0.4761908769607544,0.46390616297721865,0.45020053833723067,0.43979940116405486,0.42812209129333495,0.41748383045196535,0.40468707531690595,0.39567200988531115,0.3837742105126381,0.3726025864481926,0.36124039590358736,0.34972562193870543,0.3359560802578926,0.32788811177015303,0.3146249771118164,0.30387850403785704,0.2925189331173897,0.28073577433824537,0.26784214824438096,0.25749272629618647,0.24360579624772072,0.23278506025671958,0.22208751887083053,0.21112733706831932,0.20109051316976548,0.19111288636922835,0.17846563160419465,0.16748009026050567,0.15709420070052146,0.1470782496035099,0.1356165036559105,0.1256357029080391,0.11962423585355282,0.10489423014223576,0.09776912033557891,0.08940000347793102,0.07970758378505707,0.07332950793206691,0.06651023253798485,0.05748636648058891,0.05320773869752884,0.0,0.05535508710891009,0.057290883362293245,0.06148938145488501,0.06980256773531437,0.07611561045050622,0.08461785838007926,0.09197728969156742,0.1009650357067585,0.11082875169813633,0.12076645083725453,0.13050564303994178,0.13819182887673379,0.1507103383541107,0.15966753512620926,0.16838612034916878,0.17816049605607986,0.18855804875493049,0.19898887425661088,0.20793748572468757,0.21784032955765725,0.2279570907354355,0.23894218876957893,0.24688248038291932,0.25652358680963516,0.2675311490893364,0.27844058722257614,0.2882293537259102,0.2982452198863029,0.3113310098648071,0.32121294140815737,0.33188890665769577,0.3422818183898926,0.35279193669557574,0.3641803294420242,0.3761071220040321,0.3876039654016495,0.3985971212387085,0.4111730858683586,0.42302453219890596,0.4332434326410294,0.44748664647340775,0.45675150603055953,0.47109581977128984,0.48288125544786453,0.4968333199620247,0.513864953815937,0.5245083928108215,0.5387516885995864,0.5546670258045197,0.5701273143291473,0.5846832275390625,0.6006634354591369,0.6200615674257278,0.6390545129776001,0.6561932295560837,0.6836633145809173,0.7085132420063018,0.7371626824140549,0.7648324698209763,0.803925147652626,0.8650288373231888
t_60,1.1993121325969696,1.1988970756530761,1.2013222396373748,1.2003368616104126,1.1999117136001587,1.2002928256988525,1.197713440656662,1.1967302978038787,1.1933332204818725,1.1936543107032775,1.1920752108097077,1.1889261722564697,1.1902312576770782,1.18898606300354,1.1899294197559356,1.1857613325119019,1.1837895154953002,1.1811970591545105,1.1791358292102814,1.177265280485153,1.1741744995117187,1.1733800649642945,1.170859056711197,1.1674314260482788,1.1653957903385161,1.1632269144058227,1.160577017068863,1.1555093705654145,1.1525931477546691,1.1495646476745605,1.1450462102890016,1.1421563148498535,1.137643951177597,1.1321812093257904,1.1266748368740083,1.1201457679271698,1.117602038383484,1.1092522144317627,1.1040874183177949,1.0981410920619965,1.091243612766266,1.0830414652824403,1.0741839051246642,1.07187380194664,1.0606090068817138,1.0534607827663423,1.04422425031662,1.0353386998176575,1.0255941569805145,1.017329615354538,1.0084249347448349,0.9974324554204941,0.9862225830554963,0.9770219981670379,0.9670884609222412,0.9548931658267975,0.9452093809843063,0.9355077058076858,0.9247270405292511,0.9150543063879013,0.902632188796997,0.892365676164627,0.8818584144115448,0.8700246214866638,0.8575041174888611,0.8475678324699402,0.8381403028964997,0.8247897058725357,0.8169362425804139,0.8072878748178482,0.7939146995544434,0.7823241889476776,0.7717727273702621,0.762202787399292,0.7503445386886597,0.7360998630523682,0.7260153114795684,0.7153100281953811,0.7028608620166779,0.6905183762311935,0.6803582668304443,0.6683235764503479,0.6553016513586044,0.6445900022983551,0.6336329013109208,0.6233433485031128,0.6090404719114304,0.5973378717899323,0.5862852752208709,0.5727555572986602,0.5632072448730469,0.5529515326023102,0.5410474509000778,0.5303535774350167,0.5188151448965073,0.5064198076725006,0.49432690143585206,0.48321281671524047,0.47093953639268876,0.45742244869470594,0.4470688015222549,0.4353640556335449,0.4248849019408226,0.41209563314914704,0.4033081442117691,0.3915658235549927,0.3804187223315239,0.36912157386541367,0.35762582570314405,0.34412194043397903,0.3360416829586029,0.3226568251848221,0.31189687103033065,0.30079053789377214,0.2895950451493263,0.2765810966491699,0.2658586367964745,0.252756092697382,0.24143088310956956,0.23092169389128686,0.22084437012672425,0.20990219488739967,0.19982824474573135,0.18693025410175323,0.17677284851670266,0.16554100513458253,0.15575382560491563,0.14504617750644683,0.13527724519371986,0.12789305970072745,0.11368509642779827,0.10681203491985798,0.09708842374384404,0.08622681386768818,0.07789224199950695,0.06980653963983059,0.06257680505514145,0.05682389792054891,0.05535508710891009,0.0,0.050635031796991824,0.05721357651054859,0.060562684945762155,0.0677707128226757,0.07433784566819668,0.08275007233023643,0.08998139724135398,0.1009275309741497,0.10971651449799538,0.12000125013291836,0.1271755937486887,0.1404896229505539,0.14898065850138664,0.15847894474864005,0.16831661388278008,0.17821452468633653,0.18833423852920533,0.19794608131051064,0.20779862329363824,0.21768833473324775,0.2287079446017742,0.23651931658387185,0.2468102291226387,0.2575559623539448,0.2684405788779259,0.27845902740955353,0.2885452374815941,0.30136659890413287,0.3117015227675438,0.322292172908783,0.33288978040218353,0.3433418542146683,0.35490292459726336,0.3669214591383934,0.37842280268669126,0.3894731357693672,0.4021496042609215,0.4142661452293396,0.42442362755537033,0.43876183182001116,0.4480893075466156,0.4627131775021553,0.4745132699608803,0.48848097026348114,0.5056516423821449,0.5164540186524391,0.5308193057775498,0.546846666932106,0.5624096512794494,0.5770950496196747,0.5930438965559006,0.6126399993896484,0.6317953675985336,0.6490864962339401,0.6767714619636536,0.7017325967550277,0.7306225001811981,0.7584806442260742,0.7977994620800019,0.8593680739402771
t_59,1.2022962749004364,1.2018850922584534,1.2042840480804444,1.203309452533722,1.20288205742836,1.2032556295394898,1.2006980657577515,1.1997174382209779,1.1963559806346893,1.1966655433177948,1.195093560218811,1.191976010799408,1.1932611286640167,1.192017811536789,1.1929505467414856,1.1888171672821044,1.1868495225906373,1.1842765033245086,1.1822284519672395,1.1803661346435548,1.1772947788238526,1.1765066862106324,1.1740015923976899,1.1705919444561004,1.1685671389102936,1.166410255432129,1.163773775100708,1.1587412774562835,1.1558460533618926,1.1528305947780608,1.1483368754386902,1.1454668760299682,1.1409834921360016,1.1355687916278838,1.1300870716571807,1.1236156225204468,1.121076875925064,1.1127745985984803,1.107661533355713,1.1017453849315644,1.0949042320251465,1.0867478251457214,1.077955687046051,1.0756525456905366,1.06446515917778,1.0573686838150025,1.0481978476047515,1.0393740832805634,1.0296919167041778,1.0214897513389587,1.0126513421535492,1.001708734035492,0.990593957901001,0.9814374774694443,0.971569812297821,0.9594678014516831,0.9498330354690552,0.9402054607868194,0.9294779092073441,0.9198644280433654,0.9075253486633301,0.8973453164100647,0.8868748903274536,0.8751304388046265,0.8626610606908798,0.8527985066175461,0.8434230744838714,0.8301432013511658,0.8223173469305038,0.8127410799264908,0.7994143187999725,0.7878922253847123,0.7774130523204803,0.7678733021020889,0.7560860455036164,0.7419192880392075,0.7318565577268601,0.7212368071079254,0.7088706493377686,0.6965809851884842,0.6864855885505676,0.6744894742965698,0.6615650892257691,0.65089430809021,0.6400196790695191,0.6297764092683792,0.6155268460512161,0.6039191454648971,0.5929219096899032,0.5794829994440078,0.5699858069419861,0.5598596543073654,0.5479337573051453,0.5373896449804306,0.5259936705231667,0.5135619357228279,0.5015593513846397,0.49052395224571227,0.47838580757379534,0.4648910567164421,0.45461687445640564,0.4430578872561455,0.43261188417673113,0.4199794322252274,0.4111541613936424,0.3994509741663933,0.38843130469322207,0.37724699825048447,0.365859717130661,0.352342477440834,0.34442577660083773,0.3312098070979118,0.3205754399299622,0.3094374403357506,0.29809338301420213,0.2852601334452629,0.27479751259088514,0.26142420768737795,0.2504038818180561,0.2398350365459919,0.22955941259860993,0.21906130909919738,0.20904593020677567,0.19619686007499695,0.18560292720794677,0.17476225942373275,0.16505928635597228,0.15379212275147439,0.1440420113503933,0.13718540966510773,0.12225666381418705,0.11506420336663722,0.1058627437800169,0.09411153197288513,0.08568009883165359,0.07716815881431102,0.06754817031323909,0.06108849048614502,0.057290883362293245,0.050635031796991824,0.0,0.05128763895481825,0.053462025709450245,0.06070354599505663,0.06590481661260128,0.07353049069643021,0.08068434819579125,0.09093660786747933,0.10089580081403256,0.11030450016260147,0.11785767525434494,0.13052851036190988,0.13937161713838578,0.14833515286445617,0.1582892954349518,0.16843522116541862,0.1788575291633606,0.18831723183393478,0.19814339578151702,0.20814429372549056,0.2191772997379303,0.227214951813221,0.23727697357535363,0.24834297150373458,0.2592771053314209,0.26927932500839236,0.2794375464320183,0.2926132410764694,0.30280931293964386,0.3135386139154434,0.3241674840450287,0.33477872163057326,0.3464741125702858,0.35850969702005386,0.3701761901378632,0.38138101249933243,0.3941330015659332,0.4062383592128754,0.41656971275806426,0.4310283973813057,0.4404397025704384,0.4550658345222473,0.46698962450027465,0.48117902874946594,0.4984372600913048,0.5092626720666885,0.5237498670816422,0.5399062633514404,0.5556037127971649,0.5703915506601334,0.586558249592781,0.6062302827835083,0.6255272328853607,0.6429655522108078,0.6708036959171295,0.6960005551576615,0.7250805586576462,0.7531349182128906,0.7927435338497162,0.8547033727169037
t_58,1.2055115818977356,1.2051081955432892,1.2074938237667083,1.2065245747566222,1.2061060190200805,1.20647953748703,1.2039308726787568,1.202956247329712,1.1996228754520417,1.199930328130722,1.198368752002716,1.1952686965465547,1.196544098854065,1.195320737361908,1.1962457776069642,1.1921453416347503,1.1901919722557068,1.187637335062027,1.1855989754199983,1.1837544918060303,1.1806996881961822,1.1799210965633393,1.177429485321045,1.1740437686443328,1.1720427811145782,1.1698981821537018,1.1672711372375488,1.1622744500637054,1.1593972384929656,1.1564039826393127,1.1519561588764191,1.1490977227687835,1.1446617484092712,1.1392803370952607,1.1338353633880616,1.1274074971675874,1.1248971104621888,1.116639292240143,1.1115708470344543,1.1056746542453766,1.0989006161689758,1.0908033192157744,1.08207967877388,1.0797863721847534,1.0686769366264344,1.061633449792862,1.0525108993053436,1.0437676846981048,1.0341707050800324,1.0260140538215636,1.0172451496124268,1.0063726335763932,0.9953554421663284,0.9862445831298828,0.9764229148626328,0.9644027590751648,0.9548431545495987,0.9452857404947281,0.9346327930688858,0.9250665694475174,0.912806698679924,0.90273597240448,0.8923072397708893,0.8806425869464874,0.8682474792003632,0.8584680378437042,0.8491597265005112,0.8359619081020355,0.8281993985176086,0.8186899125576019,0.8054933696985245,0.7939875245094299,0.7836140692234039,0.7741221398115158,0.7624332785606385,0.7483839809894561,0.7383968889713287,0.7278450906276703,0.7155435293912887,0.7033639669418335,0.693338805437088,0.6813972026109696,0.6685678005218506,0.6579640865325928,0.6472133815288543,0.6370472818613052,0.622908741235733,0.6114617496728897,0.6005293875932693,0.5872052580118179,0.5777605175971985,0.567782199382782,0.5559797078371048,0.5455276608467102,0.5342341095209122,0.52190460562706,0.5099982276558876,0.4990296095609665,0.48708455711603166,0.4736775174736977,0.4634817972779274,0.4521313846111298,0.4417900800704956,0.42924096435308456,0.42055303156375884,0.4089768022298813,0.39796911776065824,0.38703412711620333,0.37568307369947435,0.3623244136571884,0.3546445265412331,0.3414898455142975,0.33106374740600586,0.32005693316459655,0.30859843641519547,0.29594361037015915,0.28569870442152023,0.27220543324947355,0.2613372504711151,0.250992026925087,0.24048557355999947,0.2303874671459198,0.2205256849527359,0.207968632876873,0.19700258672237397,0.1865713968873024,0.17685705423355103,0.16550807207822799,0.1552613392472267,0.14913165420293809,0.13368917107582093,0.12671262621879578,0.11714716702699661,0.1056653369218111,0.0967187900096178,0.08817903026938438,0.07748969905078411,0.06882280670106411,0.06148938145488501,0.05721357651054859,0.05128763895481825,0.0,0.05198589712381363,0.05302259773015976,0.05895809307694435,0.06624444797635079,0.0721099864691496,0.0802444476634264,0.09100795648992062,0.09959059059619904,0.10713247023522854,0.11906497366726398,0.1282639153301716,0.13690113872289658,0.14646014273166658,0.15675168260931968,0.16725686490535735,0.17653035297989844,0.1865200139582157,0.19672916755080222,0.2076740212738514,0.21583907231688498,0.2257130078971386,0.2368052087724209,0.2479167327284813,0.25794667750597,0.26810443550348284,0.281443777680397,0.29163465052843096,0.302434004843235,0.31318822503089905,0.32385284155607225,0.3355976313352585,0.3476898387074471,0.35948862731456754,0.3707578882575035,0.38359806686639786,0.39570277333259585,0.40615072548389436,0.42068025320768354,0.43027262538671496,0.44488373696804046,0.4569369688630104,0.47132156491279603,0.48856370747089384,0.4995021462440491,0.5141093924641609,0.5303823381662369,0.5461941987276078,0.561078017950058,0.5774527311325073,0.5972111701965332,0.6166302561759949,0.6342327386140824,0.662235689163208,0.6876160591840744,0.716913104057312,0.7451671123504638,0.7850865811109543,0.8474796384572982
t_57,1.2085447251796722,1.2081315636634826,1.2104899406433105,1.209531879425049,1.2091095387935638,1.2094656467437743,1.206956434249878,1.2059920608997345,1.2026851415634154,1.2029897272586823,1.2014487445354463,1.198375016450882,1.1996312022209168,1.1984046518802642,1.199309515953064,1.1952478766441346,1.193304604291916,1.1907659888267517,1.18875133395195,1.1869133532047271,1.1838742256164552,1.183101201057434,1.1806241869926453,1.1772686839103699,1.1752676725387574,1.173126369714737,1.1705340504646302,1.1655703961849213,1.1627029836177827,1.1597241938114167,1.1552881002426147,1.1524576723575592,1.1480269968509673,1.1426892638206483,1.1372777283191682,1.1308978140354156,1.1283764779567718,1.120180368423462,1.1151417016983032,1.1092982530593871,1.102545565366745,1.0944926679134368,1.0858128249645234,1.0835377991199493,1.0725041627883911,1.0654914259910584,1.056439185142517,1.0477295100688935,1.0381691098213195,1.030081570148468,1.0213472485542296,1.010531598329544,0.9995650291442871,0.9905144304037095,0.9807681977748871,0.9688107520341873,0.9592890262603759,0.9497808068990707,0.9391687899827957,0.9296803385019302,0.9174825459718704,0.9074182689189911,0.8970444470643997,0.8854431599378586,0.8731153607368469,0.8633704155683517,0.8541053086519241,0.840961018204689,0.833230260014534,0.8237444758415222,0.8105740964412689,0.7991844326257705,0.7888170927762985,0.7793761938810349,0.7677194327116013,0.7537237346172333,0.743781840801239,0.7332687586545944,0.7210505843162537,0.7089120537042618,0.6989543735980988,0.6870762377977371,0.6743339955806732,0.6637616872787475,0.6530351638793945,0.6429385334253311,0.6288562804460526,0.6173921704292298,0.606565973162651,0.593284597992897,0.5839258700609207,0.5739342004060746,0.5622154533863067,0.551803457736969,0.5405747681856156,0.5282926559448242,0.5164630889892579,0.50556021630764,0.49357835948467255,0.4803004920482635,0.4702032580971718,0.4588208690285683,0.4485083669424057,0.43607508689165114,0.42744912654161454,0.4159757971763611,0.40510408133268355,0.3940384268760681,0.38282136619091034,0.3694901719689369,0.36169897466897966,0.34872054755687715,0.33832622319459915,0.3272686183452606,0.316255883872509,0.303558973968029,0.2932551071047783,0.28005490005016326,0.26920400112867354,0.2588896222412586,0.24862247109413146,0.2382108561694622,0.22821982502937316,0.21547689884901047,0.20541526898741722,0.19425851926207544,0.18454594016075135,0.1736390046775341,0.16357763335108758,0.1566716194152832,0.1415211945772171,0.13440269455313683,0.1240874920040369,0.11260165981948375,0.10274237431585789,0.0938575491309166,0.08415622226893901,0.07386582307517528,0.06980256773531437,0.060562684945762155,0.053462025709450245,0.05198589712381363,0.0,0.051884851418435574,0.05248816404491663,0.06027445998042822,0.06534567922353744,0.07482189089059829,0.08314507380127907,0.09282238408923149,0.09856684133410454,0.11127981506288051,0.12036797143518925,0.12955928035080433,0.13917182236909867,0.14919815361499786,0.15977794006466867,0.16883329749107362,0.17899019196629523,0.1890442967414856,0.20016183704137802,0.20824138596653938,0.21834636554121972,0.22950782775878906,0.2405823178589344,0.2507315598428249,0.26096413731575013,0.2743460237979889,0.28471931219100954,0.2956182524561882,0.3063438251614571,0.31713378578424456,0.32899889498949053,0.3411501482129097,0.35303865671157836,0.36437672972679136,0.3773157253861427,0.3894885703921318,0.4000741645693779,0.41478689908981325,0.4243460983037949,0.439139062166214,0.4511872813105583,0.46567644029855726,0.48311792463064196,0.49406917542219164,0.5087919801473617,0.5251893728971482,0.5411525577306747,0.5561422169208526,0.5725589096546173,0.5924386590719223,0.6119923293590546,0.6297005981206893,0.6579256236553193,0.6834602952003479,0.7129326045513154,0.7413295179605484,0.7814796805381775,0.844217112660408
t_56,1.211551296710968,1.2111429810523986,1.2134996056556702,1.212542849779129,1.2121290385723114,1.212486845254898,1.209981268644333,1.2090235471725463,1.2057328522205353,1.2060425281524658,1.2045099198818208,1.2014422595500946,1.2026992380619048,1.2014908254146577,1.2023909747600556,1.1983497202396394,1.1964219689369202,1.1938966989517212,1.1918874382972717,1.1900671660900115,1.187038105726242,1.1862726390361786,1.1838059842586517,1.1804706871509552,1.1784902393817902,1.1763622879981994,1.1737753391265868,1.1688384473323823,1.1659858345985412,1.163029396533966,1.158635175228119,1.1558083713054657,1.1514179527759552,1.1461025655269623,1.1407249391078949,1.1343727588653565,1.1318791687488556,1.1237220108509063,1.1187053740024566,1.1128802061080934,1.1061744511127471,1.0981701374053956,1.0895421385765076,1.0872744381427766,1.07629292011261,1.0693174719810485,1.0602965772151947,1.05164293050766,1.0421505868434906,1.0340826153755187,1.0253973603248596,1.0146489977836608,1.0037460714578628,0.9947316378355027,0.9850164413452148,0.9731060713529587,0.9636473238468171,0.9541867852210999,0.9436392843723297,0.9341768443584442,0.9220362037420273,0.9120473474264145,0.9017223626375198,0.8901625603437424,0.877898919582367,0.8682200491428376,0.8590043842792511,0.845926707983017,0.8382524073123931,0.8288194805383682,0.8157799810171127,0.8043846189975739,0.7941041648387909,0.7847183644771576,0.7731511056423187,0.7592431902885437,0.749386939406395,0.7389241337776185,0.7267341047525406,0.7147056043148041,0.7048299163579941,0.6930044203996658,0.6803422659635544,0.669840931892395,0.6591927379369735,0.6491878241300583,0.6352286368608475,0.6239043831825256,0.6131188690662384,0.5999427199363708,0.5906601667404174,0.5807768285274506,0.5691998541355133,0.558847326040268,0.5476514160633087,0.5355077266693116,0.5238045781850815,0.5129709810018539,0.5011225759983062,0.48795682191848755,0.4779212296009064,0.46670295745134355,0.4565534472465515,0.4441484123468399,0.435672415792942,0.424353888630867,0.41347836554050443,0.4026461035013199,0.391475710272789,0.37831268906593324,0.37068469673395155,0.3578030183911324,0.3475318744778633,0.3366516441106796,0.32565069645643235,0.31307910531759264,0.3029253765940666,0.28975964784622193,0.27895327359437944,0.2688892886042595,0.2585494458675385,0.24833346009254456,0.23852270394563674,0.22596962824463845,0.2157578743994236,0.20490865036845207,0.1951206475496292,0.1842707745730877,0.17408401668071746,0.16747164130210876,0.15203359127044677,0.14513203054666518,0.13493292555212974,0.12347435280680656,0.11350678540766239,0.10496488511562348,0.09422578439116477,0.08332543820142746,0.07611561045050622,0.0677707128226757,0.06070354599505663,0.05302259773015976,0.051884851418435574,0.0,0.05133640617132187,0.05418539606034756,0.05862215291708708,0.06628194004297257,0.07531740479171276,0.08286955840885639,0.0891045242547989,0.10113754197955131,0.10987054333090782,0.11878617368638515,0.12802094221115112,0.13815872967243195,0.14886773452162744,0.15777452290058136,0.16776343435049057,0.17814943417906762,0.1891252726316452,0.19718118831515313,0.20720211267471314,0.21842826306819915,0.22964979261159896,0.2397575058043003,0.2500757187604904,0.2635256201028824,0.2737882435321808,0.2847923830151558,0.2955606937408447,0.3064181700348854,0.3183221623301506,0.33054050207138064,0.342492014169693,0.35388104170560836,0.36692977845668795,0.3791308537125587,0.3897868677973747,0.40454618334770204,0.41421712189912796,0.4290409281849861,0.4412141218781471,0.45582876205444334,0.4733088195323944,0.48434664607048034,0.49917862117290496,0.5156763076782227,0.5317406117916107,0.5468235462903976,0.5633824735879898,0.5833823323249817,0.6030437827110291,0.6209178119897842,0.6493005633354187,0.6749947160482407,0.7046835213899613,0.7332782804965973,0.7737019747495651,0.8368701040744781
t_55,1.2135761737823487,1.2131651103496552,1.2154978215694427,1.2145431399345399,1.2141385674476624,1.2144917011260987,1.2120009124279023,1.2110527992248534,1.2077774584293366,1.2080842792987823,1.206573212146759,1.2035128116607665,1.204763376712799,1.203559273481369,1.2044429540634156,1.2004249155521394,1.1985161900520325,1.1960037291049956,1.194010204076767,1.1921920716762542,1.1891745328903198,1.1884181678295136,1.1859616756439209,1.182647031545639,1.1806727290153503,1.178549462556839,1.1759876966476441,1.1710760235786437,1.1682354629039764,1.165295845270157,1.1609295904636383,1.1581179797649384,1.1537567555904389,1.1484710454940796,1.1431276142597198,1.1368241608142853,1.1343409895896912,1.1262438237667083,1.121250993013382,1.115473645925522,1.108806586265564,1.1008598327636718,1.092294657230377,1.090042531490326,1.0791502177715302,1.0722255408763885,1.0632640719413757,1.054669576883316,1.0452411770820618,1.0372493863105774,1.0286072909832,1.017958578467369,1.0071302682161332,0.9981889098882675,0.9885510593652725,0.9767294049263,0.9673451513051987,0.9579478651285172,0.947475379705429,0.9380970388650894,0.926052275300026,0.9160995185375214,0.9058742702007294,0.8943900763988495,0.8822220653295517,0.8725781798362732,0.8634366959333419,0.8504688918590546,0.8428506791591645,0.833494958281517,0.8205179095268249,0.8092379122972488,0.7990004569292068,0.7896974414587021,0.778206980228424,0.7643506437540054,0.7545922219753265,0.7442045927047729,0.7320821911096573,0.7201432198286056,0.7103176683187484,0.698600035905838,0.6860032945871353,0.6756224364042283,0.6650084763765335,0.6550741821527482,0.6412328779697418,0.6299395084381103,0.6192748188972473,0.6061695635318756,0.5969592541456222,0.5871315181255341,0.575664958357811,0.5653346061706543,0.5541968196630478,0.542211502790451,0.530607993900776,0.5198624178767204,0.5081043139100074,0.49501298666000365,0.4850528806447983,0.47385445833206175,0.463863243162632,0.4515133202075958,0.4431363016366959,0.4319012567400932,0.42118087857961656,0.4104184001684189,0.39931757003068924,0.3862640976905823,0.3787211447954178,0.3658515587449074,0.35552402287721635,0.3448947504162788,0.33411031067371366,0.3215971663594246,0.3113781034946442,0.29852034002542494,0.28765248209238053,0.27764640748500824,0.26775766015052793,0.2573011577129364,0.24753458127379419,0.23497382402420045,0.22482097670435905,0.2139766164124012,0.20431792736053467,0.19353830814361572,0.1834543041884899,0.1769063539803028,0.16158305406570433,0.15446466580033302,0.1442001610994339,0.1322802860289812,0.12231856547296047,0.11219639480113983,0.1021093662828207,0.09134887494146823,0.08461785838007926,0.07433784566819668,0.06590481661260128,0.05895809307694435,0.05248816404491663,0.05133640617132187,0.0,0.05175395011901855,0.05234130509197712,0.05853120293468237,0.06541472300887108,0.07372378706932067,0.07930939048528671,0.09139056131243706,0.1000816859304905,0.10905290059745312,0.11839840188622475,0.12833845764398574,0.13837161436676979,0.14772888422012329,0.1579855814576149,0.16790452376008033,0.17897136211395265,0.18727198913693427,0.1975514754652977,0.20862893015146255,0.2198426179587841,0.23008791357278824,0.24042413905262947,0.2537851020693779,0.2644862934947014,0.2753649726510048,0.2864271476864815,0.2972169488668442,0.3092783033847809,0.32154234647750857,0.3335434600710869,0.34509391635656356,0.35821563601493833,0.37067236602306364,0.3812763154506683,0.3962173029780388,0.40585767179727555,0.4209191337227821,0.43314607441425323,0.44784645885229113,0.4655244693160057,0.47664507329463957,0.4916181281208992,0.508244602382183,0.5244075536727906,0.5396257251501083,0.5562791258096695,0.5764418929815293,0.5962685972452164,0.614264714717865,0.6428818941116333,0.6687501966953278,0.6986467003822326,0.7274474710226059,0.7681265532970428,0.8317379951477051
t_54,1.216357982158661,1.215939962863922,1.2182466745376588,1.217302042245865,1.2168957471847535,1.2172319054603578,1.214771032333374,1.2138299703598023,1.21058691740036,1.2108876407146454,1.2093881905078887,1.2063565790653228,1.2075847506523132,1.2063782513141632,1.2072423934936523,1.2032675385475158,1.2013577401638031,1.1988671362400054,1.1968916356563568,1.195075309276581,1.192079085111618,1.191326344013214,1.1888846457004547,1.1855970799922944,1.1836244285106658,1.1815109431743622,1.1789708733558655,1.1740911245346068,1.1712707459926606,1.1683405041694641,1.1639917075634003,1.1612085938453673,1.156862300634384,1.1516270637512207,1.1463148653507234,1.1400687992572784,1.1375803470611572,1.1295453369617463,1.1245975732803344,1.1188683331012725,1.1122466564178466,1.1043454587459565,1.0958427309989929,1.0936051189899445,1.082798558473587,1.0759234786033631,1.0670369565486908,1.0584971249103545,1.0491237878799438,1.0412088930606842,1.0326266527175902,1.0220410585403443,1.011296609044075,1.0024123400449754,0.9928539603948593,0.9811231851577759,0.9717850148677826,0.9624618768692017,0.9520336598157882,0.9427340894937515,0.9307713568210602,0.9208756238222122,0.9106987893581391,0.8992930084466935,0.8871894657611847,0.8776098400354385,0.8685162961483002,0.8556179106235504,0.8480264067649841,0.8387171000242233,0.8257856845855713,0.8145940899848938,0.8044088572263718,0.7951475560665131,0.7837002992630004,0.7699207752943039,0.7601891696453095,0.7498716831207275,0.7378508388996124,0.7259228140115738,0.7161566913127899,0.7045164942741394,0.6920091062784195,0.6816604256629943,0.6711136698722839,0.6612058818340302,0.6474386423826217,0.6361846089363098,0.6255943030118942,0.6125739812850952,0.6034162938594818,0.5936067163944244,0.5821759581565857,0.5719775706529617,0.5609542250633239,0.5489688247442246,0.5373762845993042,0.5267357856035233,0.5150177180767059,0.502044902741909,0.4921464964747429,0.4810638576745987,0.4710315242409706,0.458842933177948,0.4504327952861786,0.4392181247472763,0.4286296218633652,0.4179528772830963,0.4069100975990295,0.39395514875650406,0.38639061748981474,0.37375388890504835,0.3635717391967773,0.3528066501021385,0.3420515716075897,0.3296832859516144,0.31968664973974226,0.3067252665758133,0.2961124315857887,0.2860935106873512,0.2760318696498871,0.2659116625785828,0.2561757691204548,0.24350813701748847,0.23353220224380494,0.22264469414949417,0.21301959753036498,0.20218691527843474,0.1923242025077343,0.18562057465314866,0.17018287628889084,0.16299766600131987,0.15319074988365172,0.1411411717534065,0.13103732317686081,0.12162416726350785,0.11057742647826671,0.09977097064256668,0.09197728969156742,0.08275007233023643,0.07353049069643021,0.06624444797635079,0.06027445998042822,0.05418539606034756,0.05175395011901855,0.0,0.05043784994632006,0.05608411636203527,0.06351154986768962,0.06877341195940971,0.07436108104884624,0.08621418289840221,0.09329647272825241,0.1014634482562542,0.11125453300774098,0.12127278260886669,0.13216986507177353,0.14074043929576874,0.15086671859025955,0.1608278326690197,0.17201318442821503,0.18003694862127304,0.19010549187660217,0.2014114312827587,0.21269714906811715,0.22282615676522255,0.23350795805454255,0.24701277613639833,0.2574169561266899,0.26860409528017043,0.27967620342969896,0.29056595265865326,0.302718748152256,0.3149850755929947,0.3270153984427452,0.33874810487031937,0.3519130364060402,0.36435451805591584,0.37507219314575196,0.39019995331764223,0.3998870447278023,0.4149150148034096,0.42716683745384215,0.44213405847549436,0.459925277531147,0.47101100981235505,0.4861140877008438,0.502848744392395,0.5191145211458206,0.5344347327947616,0.5512679725885391,0.571534377336502,0.5914563268423081,0.6095395445823669,0.6383323222398758,0.6644413262605667,0.6944746524095535,0.7234303414821625,0.7643511414527893,0.8282680034637451
t_53,1.2184957027435304,1.2180956661701203,1.2204168140888214,1.2194678962230683,1.2190721929073334,1.219426953792572,1.216949325799942,1.2160150051116942,1.2127673625946045,1.2130772531032563,1.2115837931632996,1.208536159992218,1.2097816467285156,1.2086044549942017,1.2094712495803832,1.205492901802063,1.2036065220832826,1.2011175513267518,1.1991345524787902,1.197341912984848,1.1943424701690675,1.1935978353023529,1.1911593139171601,1.1878799200057983,1.1859297931194306,1.1838264465332031,1.1812834322452546,1.1764163255691529,1.1736006021499634,1.1706970512866974,1.1663886964321137,1.1635913610458375,1.159287166595459,1.1540478944778443,1.1487576425075532,1.1425144016742705,1.1400664448738098,1.132047528028488,1.127095890045166,1.1213670432567597,1.114767110347748,1.1069055080413819,1.0984270751476288,1.0961948096752168,1.0854030549526215,1.0785429239273072,1.0696617245674134,1.0611507415771484,1.05183088183403,1.043892252445221,1.0353316128253938,1.0247979998588561,1.014075717329979,1.0052147507667542,0.9956537097692489,0.9839297026395798,0.974644473195076,0.9653352469205856,0.9549744188785553,0.9456712961196899,0.9337364256381988,0.9238875687122345,0.9137671709060669,0.9023689031600952,0.8903382122516632,0.8808060497045517,0.8717497885227203,0.8589127421379089,0.8513858020305634,0.8421190291643142,0.8293451279401779,0.8181275069713593,0.8080165386199951,0.7988208293914795,0.787457537651062,0.7737864464521408,0.7641582697629928,0.7538535088300705,0.7418283998966217,0.7300702661275864,0.7203723043203354,0.7087806344032288,0.6963630855083466,0.6860865831375123,0.6756047964096069,0.6658342391252517,0.6521926373243332,0.6410839676856994,0.6305298268795013,0.6176193356513977,0.6085413634777069,0.5988113403320312,0.5875661730766296,0.5773588091135025,0.5663235634565353,0.55460344851017,0.5431809574365616,0.5325945645570755,0.5209693476557732,0.5081514313817024,0.49827986061573026,0.48733646273612974,0.47753068804740906,0.4653108939528465,0.45709010660648347,0.44611230939626695,0.4354736790060997,0.4249019041657448,0.41403003334999083,0.40130971372127533,0.39390159398317337,0.3812371030449867,0.37106860280036924,0.36065568029880524,0.35006380528211595,0.3378061503171921,0.32770404815673826,0.3150964334607124,0.3043322041630745,0.2943534955382347,0.28458135277032853,0.27460362017154694,0.2648939937353134,0.2524850994348526,0.24253833517432213,0.23183031082153321,0.22223388850688935,0.211710062623024,0.2017797090113163,0.1948007747530937,0.18004543334245682,0.1728588417172432,0.16277273297309874,0.15055379569530486,0.14067088291049004,0.13084875643253327,0.11990781165659428,0.10911825299263,0.1009650357067585,0.08998139724135398,0.08068434819579125,0.0721099864691496,0.06534567922353744,0.05862215291708708,0.05234130509197712,0.05043784994632006,0.0,0.04977076705545187,0.0561327837407589,0.05930145140737295,0.0639532919973135,0.07599424906075,0.0822597436606884,0.0913615059107542,0.10004617609083652,0.10999968908727169,0.12022495232522487,0.12944260165095328,0.1394066445529461,0.14888456761837005,0.16042329668998717,0.16833450719714166,0.17866026610136032,0.1898019477725029,0.20110973045229913,0.21135470569133757,0.22201331779360772,0.23551799803972245,0.24601968824863435,0.2571655988693237,0.26827760487794877,0.27924834638834,0.29144986569881437,0.3038794070482254,0.31589594632387163,0.3276469647884369,0.34087914526462554,0.3534997031092644,0.3642568811774254,0.37935839742422106,0.3892024368047714,0.4043925032019615,0.4167229190468788,0.43165315836668017,0.4495891943573952,0.4608565494418144,0.4760563403367996,0.4928576096892357,0.5092134729027749,0.5246562570333481,0.5415165930986404,0.5619938522577286,0.5820689618587493,0.6002963960170746,0.6292631298303604,0.6555388659238816,0.685808676481247,0.7149790346622467,0.7561566084623337,0.8205453604459763
t_52,1.2216574907302857,1.2212541282176972,1.2235528767108916,1.2226095378398896,1.2222205758094788,1.2225689470767975,1.220109361410141,1.2191787362098694,1.2159612894058227,1.216267454624176,1.2147924482822419,1.2117626547813416,1.2129965126514435,1.211828923225403,1.2126814305782319,1.2087343037128448,1.2068674981594085,1.2043902337551118,1.2024268209934235,1.200648683309555,1.1976619362831116,1.1969262719154359,1.1945005774497985,1.19124436378479,1.1893124401569366,1.1872175812721253,1.1846933126449586,1.1798633813858033,1.177058845758438,1.1741786420345306,1.1699064314365386,1.1671196818351746,1.1628510117530824,1.1576488435268402,1.1523938298225402,1.1462013602256775,1.1437644958496094,1.1358055472373962,1.1308839619159698,1.1251911103725434,1.118643343448639,1.1108409643173218,1.1024229764938354,1.1002011954784394,1.0894908726215362,1.0826801657676697,1.0738492608070374,1.0654080271720887,1.0561592340469361,1.0482778549194336,1.0397655665874481,1.0293140530586242,1.0186816513538361,1.0098769634962081,1.0003758192062377,0.9887397110462188,0.9795300781726837,0.9702761501073838,0.9599904924631119,0.9507419496774674,0.9389001369476319,0.9291038602590561,0.9190563023090362,0.9077327698469162,0.8957883149385453,0.886291640996933,0.8773012608289719,0.8645680963993072,0.8570885300636292,0.8478884071111679,0.8351922661066056,0.8240451872348785,0.8140098750591278,0.8048653393983841,0.7936044335365295,0.7799898147583008,0.7704351067543029,0.7602114349603653,0.7482621610164643,0.7365917831659317,0.7269471913576127,0.7154414653778076,0.7030772656202317,0.6929222643375397,0.6824951618909836,0.6727928936481475,0.6592331051826477,0.648241201043129,0.6377498835325242,0.6249438017606735,0.6158879637718201,0.6063377499580384,0.5951410144567489,0.5850131630897522,0.5740481406450272,0.5623987913131714,0.551141020655632,0.5406100302934647,0.5291062593460083,0.5163290083408356,0.5066043511033058,0.49569422751665115,0.4860767602920532,0.4738810434937477,0.4657481998205185,0.454847152531147,0.4442946076393127,0.433975413441658,0.42310248911380766,0.4104593232274055,0.40319180488586426,0.3906282871961594,0.3805342733860016,0.3702948376536369,0.3596547842025757,0.3474632740020752,0.337688584625721,0.3250387698411942,0.3143883943557739,0.3047246217727661,0.29483324885368345,0.2849975451827049,0.2755441218614578,0.26318350806832314,0.25281483829021456,0.24270787388086318,0.23314585387706757,0.22239797785878182,0.21247352957725524,0.20598612055182458,0.1909053720533848,0.1838774360716343,0.173960842192173,0.16172593981027603,0.15198095217347146,0.14193815365433693,0.1307412188500166,0.12000020295381546,0.11082875169813633,0.1009275309741497,0.09093660786747933,0.0802444476634264,0.07482189089059829,0.06628194004297257,0.05853120293468237,0.05608411636203527,0.04977076705545187,0.0,0.05047946292907,0.05312274042516947,0.05835259333252907,0.06780466213822364,0.07380220703780652,0.08216809444129466,0.08944817371666432,0.09939932413399219,0.10976897738873959,0.11894291117787362,0.12864610329270362,0.13855308741331102,0.14950859621167184,0.15771874710917472,0.16777343600988387,0.1790136583149433,0.1908502049744129,0.20082060396671295,0.21143735349178314,0.22497226670384407,0.2354750692844391,0.2466622143983841,0.25792149007320403,0.26886431574821473,0.281301374733448,0.2936197116971016,0.30582807809114454,0.31769368052482605,0.3310114279389381,0.34376505613327024,0.3545286193490028,0.36973938047885896,0.3795666739344597,0.39482255280017853,0.40734728127717973,0.42243473827838895,0.44041551649570465,0.45178349167108534,0.4670884102582932,0.4840069204568863,0.50048076659441,0.5160160899162293,0.533109363913536,0.5536189109086991,0.5738391637802124,0.5922695875167847,0.6213631808757782,0.6478107333183288,0.6782942056655884,0.7076913237571716,0.7491456001996994,0.8139881283044815
t_51,1.223608386516571,1.2232202291488647,1.225526887178421,1.2245742440223695,1.2241997957229613,1.224562555551529,1.2220893323421478,1.2211733639240265,1.217941790819168,1.2182625949382782,1.2168051242828368,1.2137469470500946,1.2150017082691194,1.2138640463352204,1.2147067785263062,1.2107576906681061,1.2089182913303376,1.206446534395218,1.2044803082942963,1.2027215361595154,1.1997280299663544,1.1990025460720062,1.1965788006782532,1.1933350741863251,1.1914260149002076,1.1893314123153687,1.1868165969848632,1.1819999158382415,1.1791931450366975,1.1763389587402344,1.1721046924591065,1.1693049609661101,1.1650735676288604,1.1598635554313659,1.1546383321285247,1.1484479248523711,1.1460514187812805,1.138118988275528,1.1331801950931548,1.1275111854076385,1.1209704279899597,1.113220328092575,1.104820716381073,1.102624499797821,1.0919430553913116,1.08515065908432,1.0763310551643372,1.067920845746994,1.058713001012802,1.0508336782455445,1.0423278570175172,1.0319522738456726,1.0213358521461486,1.0125789999961854,1.0030871748924255,0.9914673030376434,0.9823136985301971,0.973072299361229,0.9628549754619599,0.9536194860935211,0.9418026328086853,0.932017371058464,0.9220511436462402,0.9107300996780395,0.8988719761371613,0.889378023147583,0.8804272562265396,0.8677684009075165,0.8603640139102936,0.8511880993843078,0.8386345714330673,0.8274817258119583,0.8174851715564728,0.8084341257810592,0.7972395300865174,0.7836851894855499,0.7742650210857391,0.7640511751174927,0.7520819187164307,0.740542608499527,0.7309715747833252,0.7195472478866577,0.7072278648614884,0.6971909999847412,0.6867785930633545,0.6772113382816315,0.6637708246707916,0.6528788357973099,0.6424482345581055,0.6297357201576232,0.6207537710666656,0.6112445086240769,0.600270465016365,0.590058782696724,0.5790630459785462,0.5676814317703247,0.5566096752882004,0.5461137175559998,0.5346782952547073,0.5220514446496963,0.5123649775981903,0.5014605894684792,0.4921258881688118,0.4798308715224266,0.47199520766735076,0.4612288370728493,0.4507055938243866,0.4404821664094925,0.4296914622187614,0.4172247305512428,0.4099787652492523,0.39750581979751587,0.387299108505249,0.3774315848946571,0.3672661155462265,0.3549354448914528,0.3451235398650169,0.3328914180397987,0.32212223708629606,0.3125885993242264,0.30321351885795594,0.2931299477815628,0.2835031047463417,0.2712471932172775,0.26142760664224624,0.25111229717731476,0.24164178222417831,0.231477028131485,0.2214668534696102,0.21468465849757196,0.20028458535671234,0.19328886717557908,0.18309979289770126,0.17121125459671022,0.16127094253897667,0.15054451450705528,0.14021621868014336,0.12914792783558368,0.12076645083725453,0.10971651449799538,0.10089580081403256,0.09100795648992062,0.08314507380127907,0.07531740479171276,0.06541472300887108,0.06351154986768962,0.0561327837407589,0.05047946292907,0.0,0.05367368664592505,0.05546757895499468,0.06286247223615646,0.0674096092581749,0.0773484505712986,0.08378721438348294,0.09269513115286827,0.10139090716838836,0.11122956201434135,0.12115321308374405,0.13015502467751502,0.1412285804748535,0.14936554431915283,0.15979429557919503,0.1709454447031021,0.18264678716659546,0.1925090178847313,0.20295523554086686,0.21612140387296677,0.22712261080741883,0.2381392903625965,0.24940775632858275,0.2602656617760658,0.27277920246124265,0.2852326363325119,0.2973180890083313,0.30901444107294085,0.32248429507017135,0.33542207777500155,0.34622484147548677,0.36148636788129807,0.37117093056440353,0.3867576986551285,0.3992942377924919,0.4142329469323158,0.4323749840259552,0.443918040394783,0.45925954431295396,0.4762254819273949,0.4927715271711349,0.5084148049354553,0.525431340932846,0.5460775822401047,0.5664466202259064,0.5849482476711273,0.6142152458429336,0.6407003432512284,0.6713505059480667,0.7008822083473205,0.7424675315618515,0.8076646715402603
t_50,1.227472174167633,1.2270792245864868,1.229361605644226,1.2284245252609254,1.2280452966690063,1.228389024734497,1.2259493827819825,1.2250397264957429,1.2218529641628266,1.2221672773361205,1.2207162737846375,1.2177005171775819,1.218925988674164,1.2177903950214386,1.2186184644699096,1.2147238969802856,1.212880939245224,1.2104354083538056,1.2084846198558807,1.206735408306122,1.203766942024231,1.2030473232269288,1.2006435334682464,1.19743150472641,1.1955282628536223,1.1934482097625732,1.1909527599811554,1.1861749172210694,1.1833939671516418,1.1805509090423585,1.1763458967208862,1.173582947254181,1.169375056028366,1.164225709438324,1.159036499261856,1.1529110074043274,1.1505111873149871,1.1426352739334107,1.13776575922966,1.1321298956871033,1.1256614446640014,1.1179542660713195,1.1096350491046905,1.107440984249115,1.0968512535095214,1.0901144921779633,1.0813751459121703,1.073036217689514,1.0639021396636963,1.0560962080955505,1.0476766228675842,1.0373536109924317,1.0268432796001434,1.01813001036644,1.0087160140275955,0.9971908628940582,0.988093963265419,0.9789451867341995,0.9687743723392487,0.9596140176057816,0.9478855311870575,0.9382040351629257,0.9282559335231781,0.9170359432697296,0.9052245885133743,0.8958385020494462,0.886951357126236,0.8743407368659973,0.8669723331928253,0.8578708738088607,0.8453573495149612,0.8342890977859497,0.8243581861257553,0.8153231292963028,0.8041976571083069,0.7907385855913163,0.781336098909378,0.7712020844221115,0.7593293845653534,0.7478462487459183,0.738334721326828,0.726924329996109,0.7147189974784851,0.7046761095523835,0.6943797111511231,0.684843310713768,0.6714865863323212,0.6606448590755463,0.6502989202737808,0.6376324206590652,0.628731083869934,0.6193060427904129,0.6083661615848541,0.5982735544443131,0.5874240696430206,0.5760054737329483,0.5649388372898102,0.5545379102230072,0.5432297885417938,0.5306513234972954,0.521022318303585,0.5103138208389282,0.5009076863527298,0.48886917233467103,0.4809796079993248,0.47034274488687516,0.45992822051048277,0.449732805788517,0.43904348760843276,0.42662579119205474,0.4195471525192261,0.4071658253669739,0.3971893772482872,0.38725595772266386,0.3769913002848625,0.36495130211114885,0.3551919922232628,0.3428797617554665,0.33236213624477384,0.3228168398141861,0.3133817076683044,0.30350820571184156,0.2941413015127182,0.2820719212293625,0.2721534982323647,0.261931362003088,0.25242621675133703,0.24199879094958304,0.23225173056125642,0.22582110464572908,0.210845547914505,0.20389842391014099,0.19396662935614586,0.1820472039282322,0.17196841463446616,0.16201380491256714,0.15104095563292502,0.1397155024111271,0.13050564303994178,0.12000125013291836,0.11030450016260147,0.09959059059619904,0.09282238408923149,0.08286955840885639,0.07372378706932067,0.06877341195940971,0.05930145140737295,0.05312274042516947,0.05367368664592505,0.0,0.04998455531895161,0.05704733859747648,0.05892082136124373,0.06554744280874729,0.07280062027275562,0.08132318556308746,0.09119965620338917,0.09990205578505992,0.1088462196290493,0.11870429329574109,0.12977442741394044,0.1375592365860939,0.1476808898150921,0.1587531879544258,0.1704629383981228,0.18041113317012786,0.19108487591147422,0.20473760589957238,0.21546073481440545,0.22665006145834923,0.23789889439940454,0.24890850484371185,0.26143490225076677,0.27389122545719147,0.28624186515808103,0.2982441529631615,0.3116698026657104,0.324556365609169,0.33544703125953673,0.35089741498231886,0.36078809946775436,0.3762920260429382,0.3889500364661217,0.4041962891817093,0.4224047839641571,0.43389937579631804,0.4494433179497719,0.46659399271011354,0.48329355120658873,0.49904965311288835,0.5163490682840347,0.5371196150779725,0.5576211661100388,0.5762879461050033,0.605820482969284,0.6325733006000519,0.6634685426950455,0.6932464659214019,0.7352644264698028,0.8009761810302735
t_49,1.2298182666301727,1.2294258773326874,1.231683498620987,1.230755203962326,1.230377161502838,1.2307093620300293,1.228298020362854,1.2273923337459565,1.2242317259311677,1.2245373964309691,1.223097687959671,1.2201081395149231,1.2213162004947662,1.22018004655838,1.2209974348545074,1.2171321213245392,1.2152965366840363,1.2128648579120636,1.2109318137168885,1.2091860890388488,1.2062349140644073,1.2055201351642608,1.203131330013275,1.199939066171646,1.198040747642517,1.1959667146205901,1.1934930503368377,1.1887457847595215,1.185978925228119,1.1831504702568054,1.1789595007896423,1.1762175679206848,1.1720273792743683,1.166916823387146,1.16175434589386,1.1556758344173432,1.1532769620418548,1.1454485476016998,1.1406172215938568,1.1350163519382477,1.128583025932312,1.1209168970584868,1.1126507759094237,1.11046501994133,1.0999490857124328,1.0932460725307465,1.0845682144165039,1.0762706696987152,1.0671859979629517,1.0594382166862488,1.0510657489299775,1.040791928768158,1.0303439438343047,1.0216777682304383,1.0123275369405746,1.000870767235756,0.9918123304843902,0.9827223539352417,0.9725926220417023,0.963499128818512,0.9518362939357757,0.9422025680541992,0.932291778922081,0.9211431354284286,0.9093898296356201,0.900054344534874,0.8912119716405869,0.8786520808935165,0.8713158994913102,0.862244313955307,0.8497787207365036,0.8387849241495132,0.8288917064666748,0.819899445772171,0.8087994068861007,0.7954177856445312,0.7860405921936036,0.7759538978338242,0.7641653805971146,0.752722316980362,0.743275710940361,0.7319127827882767,0.7197961062192917,0.7097595304250717,0.6995428532361985,0.6900252491235733,0.6767528921365737,0.6659279197454453,0.6556691735982895,0.6430502712726593,0.6342265009880066,0.62479747235775,0.6139244496822357,0.6039020210504532,0.5931529879570008,0.5817718058824539,0.5707029193639755,0.5603809177875518,0.5491128116846085,0.5366406202316284,0.5271006897091866,0.5164413660764694,0.507030539214611,0.4951209783554077,0.4872690126299858,0.4766822084784508,0.4663375481963158,0.4561519086360931,0.4455282509326935,0.4332216426730156,0.4261350780725479,0.4138597667217255,0.40402224063873293,0.39399443119764327,0.3838488504290581,0.3719453826546669,0.36217679381370543,0.3498754322528839,0.3395118936896324,0.3300503343343735,0.3205602154135704,0.31071825325489044,0.3013848945498466,0.28930156379938127,0.2796757727861404,0.26925569027662277,0.2598784312605858,0.24958528205752373,0.23983844071626664,0.23316744938492776,0.2183185525238514,0.2113022267818451,0.20112932696938515,0.18947627544403076,0.17919620350003243,0.16947197318077087,0.1584946744143963,0.14685401543974877,0.13819182887673379,0.1271755937486887,0.11785767525434494,0.10713247023522854,0.09856684133410454,0.0891045242547989,0.07930939048528671,0.07436108104884624,0.0639532919973135,0.05835259333252907,0.05546757895499468,0.04998455531895161,0.0,0.05097621940076351,0.054353759996593,0.061427660286426544,0.06676806434988976,0.07478510104119777,0.08409910686314107,0.09204262755811214,0.10189401283860207,0.11108044013381005,0.12216447442770004,0.12967062331736087,0.14012305960059165,0.1509015142917633,0.16245629042387008,0.17292261496186256,0.18346013203263284,0.197285345941782,0.20803638249635698,0.21922529563307763,0.23063401654362678,0.24176540225744247,0.2543619491159916,0.26688124537467955,0.2792606756091118,0.29129706919193266,0.3048518657684326,0.31771520227193834,0.32873696833848953,0.3443343281745911,0.35438480526208876,0.3699210211634636,0.38253970444202423,0.3980232119560242,0.4163887038826942,0.42787607461214067,0.4435360491275787,0.4608249947428703,0.47765584886074064,0.49349632263183596,0.5108920961618424,0.5318379908800125,0.5524350851774216,0.5711999535560608,0.6009631603956223,0.6279427826404571,0.6590190768241883,0.6889329344034195,0.7312264114618301,0.7972711533308029
t_48,1.2336674630641937,1.2332870841026307,1.235533845424652,1.2346108675003051,1.2342413544654847,1.2345765709877015,1.2321643948554992,1.231263816356659,1.2281307697296142,1.228433406352997,1.2270008027553558,1.2240232586860658,1.2252280831336975,1.2241103291511535,1.2249244034290314,1.2210845172405242,1.2192620873451232,1.2168495893478393,1.2149184584617614,1.2131920099258422,1.2102563381195068,1.209548968076706,1.2071754455566406,1.2040002822875977,1.2021251440048217,1.2000684678554534,1.1975976169109344,1.192881715297699,1.190137618780136,1.1873288869857788,1.1831869244575501,1.1804523229599,1.1763132452964782,1.1712318003177642,1.1661063730716705,1.1600709199905395,1.1577004492282867,1.1499141573905944,1.1451212763786316,1.1395337283611298,1.1331669867038727,1.1255559623241425,1.1173553168773651,1.1151761889457703,1.1047261774539947,1.0980760395526885,1.0894358456134796,1.0812130868434906,1.0722101151943206,1.0644903659820557,1.0561920940876006,1.0459812045097352,1.0356198310852052,1.0269821047782899,1.0176720857620238,1.006281179189682,0.9972883343696595,0.9882576435804367,0.9781972438097,0.9691342204809189,0.9575333952903747,0.9480105996131897,0.9381388753652573,0.9270489156246186,0.9153506875038147,0.9061092436313629,0.8973243832588196,0.8848327219486236,0.8775415033102035,0.8685518562793731,0.8562011271715164,0.8452094286680222,0.8354101628065109,0.8264737993478775,0.8154746353626251,0.8021936267614365,0.792887344956398,0.7828744560480118,0.7711251169443131,0.7597798824310302,0.7504224389791488,0.7390980452299118,0.7270924061536789,0.717101263999939,0.7069640755653381,0.6975445777177811,0.684365701675415,0.67367482483387,0.6634656518697739,0.6509427964687348,0.6422007560729981,0.6328905373811722,0.6221176981925964,0.6121824681758881,0.6014998972415924,0.5901963502168656,0.5792783796787262,0.5690287977457047,0.5578665912151337,0.5454767674207688,0.5359999269247055,0.5255264639854431,0.516265133023262,0.5043985307216644,0.49666882753372193,0.4862276792526245,0.4759351074695587,0.4659306526184082,0.4553679957985878,0.443132147192955,0.43628471344709396,0.42412682473659513,0.4144067525863647,0.4045127734541893,0.39438478499650953,0.3826364278793335,0.3730394974350929,0.36071058362722397,0.35044865161180494,0.34117758870124815,0.3317330628633499,0.32204925566911696,0.31286523044109343,0.30102658867835996,0.2913983345031738,0.2811482295393944,0.2719398498535156,0.26167032569646836,0.2518170177936554,0.24580995365977287,0.23061995953321457,0.22382548451423645,0.21396178975701333,0.20239010006189345,0.19203951805830002,0.18250007554888725,0.17176617234945296,0.15931205898523332,0.1507103383541107,0.1404896229505539,0.13052851036190988,0.11906497366726398,0.11127981506288051,0.10113754197955131,0.09139056131243706,0.08621418289840221,0.07599424906075,0.06780466213822364,0.06286247223615646,0.05704733859747648,0.05097621940076351,0.0,0.05285296179354191,0.05608523804694414,0.058685615099966525,0.06703814528882504,0.07378974519670009,0.08058685027062892,0.09118295572698117,0.09985933043062686,0.10992720648646355,0.11843226999044418,0.12808888591825962,0.13935282677412034,0.1503386043012142,0.160679592192173,0.17098591700196267,0.18512192666530608,0.1955509826540947,0.2068781301379204,0.21821896731853485,0.22952816188335418,0.2419699624180794,0.2545300543308258,0.26709317713975905,0.27910407781600954,0.2927912771701813,0.30551739782094955,0.31673512905836104,0.3323513254523277,0.34258766770362853,0.3580761656165123,0.3708436131477356,0.3864732891321182,0.40482406318187714,0.4163906916975975,0.4321537211537361,0.44955828636884687,0.4665436834096909,0.4824938639998436,0.5000864923000335,0.5211322337388993,0.5418746769428253,0.5608481943607331,0.5907641857862472,0.6179920971393585,0.6493192195892334,0.679495319724083,0.7221352219581604,0.788723960518837
t_47,1.2352988123893738,1.2349196672439575,1.2371724843978882,1.2362442672252656,1.2358821868896483,1.236221981048584,1.2338095307350159,1.2329233109951019,1.2297838509082795,1.2301021218299866,1.2286866009235382,1.2256921768188476,1.2269063591957092,1.2258123934268952,1.2266081631183625,1.2227802515029906,1.220978707075119,1.2185730934143066,1.2166456878185272,1.214936763048172,1.2119957387447358,1.2112988710403443,1.2089252173900604,1.205771952867508,1.203909969329834,1.201854681968689,1.1993998885154724,1.1947015345096588,1.191957950592041,1.189173012971878,1.1850679337978363,1.182331347465515,1.1782200992107392,1.1731478929519654,1.1680549085140228,1.1620336413383483,1.159691685438156,1.1519477546215058,1.1471485495567322,1.141601449251175,1.1352514922618866,1.1276930630207063,1.1195269644260406,1.1173681139945983,1.1069676756858826,1.1003448486328125,1.091737198829651,1.0835540175437928,1.0746009409427644,1.066911369562149,1.0586284041404723,1.0485139310359954,1.0381981134414673,1.029624456167221,1.0203497409820557,1.009002760052681,1.0000818192958831,0.991087007522583,0.9811005979776383,0.972081845998764,0.9605514079332351,0.9510398298501969,0.9412727534770966,0.9302056580781937,0.9186211854219437,0.9093935936689377,0.9006639808416367,0.8882778763771058,0.8810621231794358,0.8721138805150985,0.859891951084137,0.8489472985267639,0.8392099052667618,0.8303572833538055,0.8194448947906494,0.8062251031398773,0.7970491081476212,0.7870647579431533,0.7753490537405014,0.7641184478998184,0.7548118472099304,0.7436134904623032,0.7316401273012161,0.7218115091323852,0.7116900116205216,0.7023871541023254,0.6893378406763077,0.6787501066923142,0.6686041533946991,0.6561933517456054,0.6475040823221206,0.6382612138986588,0.6276423394680023,0.6177283674478531,0.6070180922746659,0.5959579199552536,0.5851871997117997,0.5749964416027069,0.5639403730630874,0.5516684770584106,0.5422564774751664,0.5317882806062698,0.5227512210607529,0.5108521267771721,0.5032716080546379,0.49293145090341567,0.4826963782310486,0.47283353209495543,0.4623994305729866,0.450333571434021,0.44350022822618484,0.43142457753419877,0.4216074824333191,0.4120276868343353,0.4021415889263153,0.3903497323393822,0.38081124126911164,0.3688148006796837,0.3584999591112137,0.34925333857536317,0.3400701031088829,0.3304846420884132,0.3213139668107033,0.309342722594738,0.29983683079481127,0.28976316601037977,0.280524542927742,0.27052016258239747,0.26086855083703997,0.2544776938855648,0.23986848667263985,0.23311525955796242,0.22323329001665115,0.21127272620797158,0.2013322167098522,0.19119834452867507,0.18039775714278222,0.16896057426929473,0.15966753512620926,0.14898065850138664,0.13937161713838578,0.1282639153301716,0.12036797143518925,0.10987054333090782,0.1000816859304905,0.09329647272825241,0.0822597436606884,0.07380220703780652,0.0674096092581749,0.05892082136124373,0.054353759996593,0.05285296179354191,0.0,0.050223403796553615,0.05292024929076433,0.05779251698404551,0.06611768044531345,0.0736886665225029,0.0815749678760767,0.08991473726928234,0.10088082514703274,0.10821281410753728,0.11785316206514836,0.1289709687232971,0.1407906100153923,0.1504539057612419,0.1614671140909195,0.17493753656744956,0.1856043018400669,0.19698392152786254,0.20845356062054635,0.21955682039260865,0.23237626776099204,0.24490703493356705,0.25711939483880997,0.2694377526640892,0.28308876007795336,0.29627233296632766,0.3073939010500908,0.323146291077137,0.3332078084349632,0.34894197434186935,0.3617867574095726,0.3773945689201355,0.3960028290748596,0.40772257149219515,0.4236020565032959,0.44105693846940996,0.4580922946333885,0.4742123231291771,0.4918894410133362,0.5130433365702629,0.5339608371257782,0.5530357778072357,0.5831421166658401,0.6105035871267319,0.6420148462057114,0.672389206290245,0.7152172446250915,0.782223641872406
t_46,1.2388553500175477,1.2384771466255189,1.2406985461711884,1.2397843241691588,1.2394229590892791,1.2397530019283294,1.2373671531677246,1.2364783704280853,1.233381634950638,1.2336845576763154,1.2322750568389893,1.229319590330124,1.2305107951164245,1.2294139623641969,1.2302088022232056,1.2264145255088805,1.2246168613433839,1.2222276210784913,1.220316505432129,1.2186125755310058,1.2156962156295776,1.2150020122528076,1.2126489758491517,1.209512859582901,1.20766139626503,1.2056148409843446,1.2031743466854095,1.1985101580619812,1.1957856833934783,1.1930120468139649,1.188924741744995,1.1862122356891631,1.1821246862411499,1.1770992815494536,1.1720285892486573,1.1660628616809845,1.1637182176113128,1.156018078327179,1.1512734949588777,1.145744377374649,1.1394526958465576,1.1319282829761506,1.1238231241703034,1.1216632604599,1.1113334059715272,1.1047543227672576,1.0962025761604308,1.0880753099918365,1.0791753649711608,1.0715389609336854,1.063325035572052,1.0532424688339233,1.043000489473343,1.0344523251056672,1.025235617160797,1.0139620631933213,1.0050779938697816,0.9961434543132782,0.9861898750066758,0.9772209495306015,0.965749591588974,0.9563164472579956,0.9465556591749191,0.9355664938688278,0.9240026921033859,0.9148560762405396,0.9061666071414948,0.8938130408525466,0.8866085529327392,0.877714803814888,0.8655084788799285,0.8546271115541458,0.8449269235134125,0.8360810786485672,0.8252176314592361,0.8120610922574997,0.8028818100690842,0.7929670214653015,0.781320458650589,0.7701237589120865,0.7608650922775269,0.7496629446744919,0.7377933114767075,0.7279433250427246,0.7179023206233979,0.7086118340492249,0.6956146448850632,0.6850445181131363,0.6749662339687348,0.662599191069603,0.6539604306221009,0.644783216714859,0.6341720879077911,0.6243400335311889,0.6137563914060593,0.6026336669921875,0.5918927878141403,0.5817736864089966,0.5707746654748916,0.5585538625717164,0.5492002487182617,0.5388737589120864,0.5297858819365502,0.5180704548954964,0.5104446977376937,0.500201977789402,0.4900546491146088,0.4802472248673439,0.46982760429382325,0.4577933132648468,0.451082244515419,0.43911009579896926,0.4294998675584793,0.419836038351059,0.40987678319215776,0.39831837117671964,0.38888049870729446,0.3767610415816307,0.3666474312543869,0.35747329592704774,0.3482708871364594,0.3387283876538277,0.32974148243665696,0.31798935532569883,0.30846363455057146,0.2984313189983368,0.28927850127220156,0.2790912866592407,0.26944366544485093,0.2634848453104496,0.24846291691064834,0.24169345200061798,0.2321080483496189,0.22035863399505615,0.21028642132878303,0.20071357488632202,0.18985997140407562,0.17775631025433541,0.16838612034916878,0.15847894474864005,0.14833515286445617,0.13690113872289658,0.12955928035080433,0.11878617368638515,0.10905290059745312,0.1014634482562542,0.0913615059107542,0.08216809444129466,0.0773484505712986,0.06554744280874729,0.061427660286426544,0.05608523804694414,0.050223403796553615,0.0,0.05065191220492125,0.05444320179522037,0.06171927507966757,0.06712414734065533,0.07412571236491203,0.08306268267333508,0.09340696670114994,0.10083118304610253,0.10950016565620899,0.1209204226732254,0.13210567235946655,0.14189061895012856,0.15265893414616585,0.1667829655110836,0.17687293365597725,0.18856894299387933,0.1998741075396538,0.21112752556800843,0.2237149953842163,0.2362771935760975,0.2489241361618042,0.261332805454731,0.2749943107366562,0.28794903606176375,0.29919948279857633,0.3150788128376007,0.3253247231245041,0.3409188002347946,0.35388636589050293,0.3697288855910301,0.3883306711912155,0.39997328221797945,0.4159754991531372,0.43357241749763487,0.4507679671049118,0.4669427439570427,0.48482486307621003,0.5060728266835213,0.5270916044712066,0.5462983995676041,0.5766051173210144,0.6041735798120499,0.6358909547328949,0.6664626002311707,0.7096300721168518,0.7770662784576416
t_45,1.241213572025299,1.2408366858959199,1.2430563271045685,1.242141956090927,1.2417854964733124,1.2421169698238372,1.239733213186264,1.2388529658317566,1.2357670545578003,1.2360783219337463,1.2346816897392272,1.2317271113395691,1.232916122674942,1.2318363189697266,1.2326135277748107,1.2288441717624665,1.2270584046840667,1.2246815085411071,1.222775584459305,1.2210856080055237,1.2181771636009215,1.2174888372421264,1.215142297744751,1.2120271563529967,1.2101865231990814,1.2081535279750824,1.2057215094566345,1.2010822236537932,1.198370385169983,1.1956171989440918,1.1915678083896637,1.1888575375080108,1.1848036706447602,1.179802417755127,1.1747628629207612,1.168833750486374,1.1665049970149994,1.158857524394989,1.1541267931461334,1.14862819314003,1.1423716306686402,1.1349009037017823,1.1268406748771667,1.1246926248073579,1.1144249200820924,1.1078848719596863,1.0993716657161712,1.0912963211536408,1.0824623703956604,1.0748576283454896,1.0666802763938903,1.0566715359687806,1.0464987397193908,1.0379955410957336,1.0288185060024262,1.0176088333129882,1.008790123462677,0.9998968005180359,0.9900125205516815,0.9810853481292725,0.9696864426136017,0.9603005677461625,0.9506144881248474,0.9396746426820755,0.9281963288784028,0.919084957242012,0.9104422628879547,0.8981833726167678,0.8910217523574829,0.882176423072815,0.8700826644897461,0.859231922030449,0.8496120244264602,0.8408362150192261,0.8300462514162064,0.8169717580080033,0.8078690797090531,0.7980082899332046,0.7864195883274079,0.775310754776001,0.7661143928766251,0.7550042986869812,0.7431950509548187,0.7334360122680664,0.7234583139419556,0.714237830042839,0.7013281852006912,0.6908868372440338,0.6808406829833984,0.6685956001281739,0.6599975466728211,0.6509152084589005,0.6403958469629287,0.6306207060813904,0.6200917422771454,0.6091126054525375,0.598493155837059,0.5884479522705078,0.5775115668773652,0.5654054403305053,0.5561323553323746,0.5458836436271668,0.5369725078344345,0.5252327755093574,0.5177353993058205,0.5075737878680229,0.4974791809916496,0.48786395490169526,0.4774948343634605,0.4656012013554573,0.4589216962456703,0.4470992565155029,0.4375118210911751,0.4279925346374512,0.4181044399738312,0.40656106024980543,0.3973383143544197,0.38531340211629866,0.37526101171970366,0.36624307185411453,0.35698774456977844,0.3476695746183395,0.33868624567985534,0.3270596206188202,0.3174658760428429,0.30769364088773726,0.29852345734834673,0.28849098086357117,0.27890570610761645,0.2728611245751381,0.25819213315844536,0.251454059779644,0.24181850254535675,0.23016102910041808,0.22012305334210397,0.21050170585513114,0.19950372651219367,0.18772693872451782,0.17816049605607986,0.16831661388278008,0.1582892954349518,0.14646014273166658,0.13917182236909867,0.12802094221115112,0.11839840188622475,0.11125453300774098,0.10004617609083652,0.08944817371666432,0.08378721438348294,0.07280062027275562,0.06676806434988976,0.058685615099966525,0.05292024929076433,0.05065191220492125,0.0,0.049458523839712144,0.05451301895081997,0.05844931192696094,0.06570091545581817,0.07334502637386323,0.08273314386606216,0.09050149917602539,0.09865980744361877,0.11014865338802338,0.12196995913982392,0.13145478069782257,0.14233481362462044,0.1563594989478588,0.16621425449848176,0.177867990732193,0.18945482671260833,0.200700356811285,0.21359195038676262,0.22614450976252556,0.2386649116873741,0.25105092823505404,0.2649209573864937,0.27806112766265867,0.289273239672184,0.3052575707435608,0.31549241989850996,0.33116072565317156,0.34419533908367156,0.3602860376238823,0.3789847955107689,0.3907766222953796,0.40693254172801974,0.4245773538947105,0.44185706973075867,0.4581451192498207,0.47620135694742205,0.4976261451840401,0.5187718242406845,0.5381552606821061,0.5686049520969391,0.5964553415775299,0.6283697634935379,0.6591721117496491,0.7025929033756256,0.7704823702573776
t_44,1.2442606568336487,1.2438951432704926,1.2461065471172332,1.2451917052268981,1.2448468685150147,1.2451837539672852,1.2428014755249024,1.2419273555278778,1.2388480663299561,1.2391596138477325,1.2377743542194366,1.234817773103714,1.2360115051269531,1.2349492728710174,1.2357258737087249,1.2319614946842194,1.2302001893520356,1.2278286397457123,1.2259291350841521,1.2242554605007172,1.221348488330841,1.2206680595874786,1.2183300971984863,1.2152270257472992,1.2134074091911315,1.2113758683204652,1.208956342935562,1.2043367505073548,1.2016297996044158,1.1988953173160553,1.1948749899864197,1.1921653389930724,1.1881428360939026,1.1831521570682526,1.1781359255313872,1.17222039103508,1.1699213147163392,1.1622946739196778,1.1575729727745057,1.1520892560482026,1.145858645439148,1.1384271562099457,1.1303971886634827,1.128262221813202,1.118027102947235,1.1115066289901734,1.1030149281024932,1.0949753940105438,1.0861841022968293,1.0785882890224456,1.070436668395996,1.0604800879955292,1.0503363728523254,1.0418686985969543,1.0327114462852478,1.021525490283966,1.0127521097660064,1.0038859754800797,0.9940562635660172,0.9851489782333374,0.973776352405548,0.9644296854734421,0.9547830313444138,0.9438708931207657,0.9324529618024826,0.9233780711889267,0.9147835671901703,0.9025713831186295,0.8954753875732422,0.8866673380136489,0.8746769428253174,0.86383715569973,0.85426567196846,0.8455428928136826,0.8348258316516877,0.8218256205320358,0.8128161519765854,0.802980563044548,0.7914008945226669,0.7804119646549225,0.7712840974330902,0.760210707783699,0.7484773844480515,0.7387908786535263,0.7288631945848465,0.7197502344846726,0.7069459676742553,0.6965870529413223,0.6866266310214997,0.6744371473789215,0.6659121423959732,0.6569090604782104,0.6465497374534607,0.6367657601833343,0.6262643814086915,0.6154236346483231,0.60494344830513,0.5949308842420578,0.5841104686260223,0.5720965981483459,0.5628954648971558,0.5527024686336517,0.54393630027771,0.5322513371706009,0.5249213501811028,0.5149064645171165,0.5048388421535492,0.49527028799057005,0.4850074306130409,0.47324704080820085,0.46670777797698976,0.4548899203538895,0.44536243081092836,0.4360482171177864,0.4263636127114296,0.4149275183677673,0.40563088953495025,0.393795844912529,0.38375008553266526,0.37486509829759596,0.36590211987495425,0.3564977258443832,0.34762795120477674,0.3360387936234474,0.32664573192596436,0.3168922677636147,0.30789055228233336,0.2979945197701454,0.28842547833919524,0.28244883120059966,0.2678471341729164,0.2612405173480511,0.25160300433635713,0.24004241973161697,0.23008247464895248,0.22042994126677512,0.20965122655034066,0.19784997627139092,0.18855804875493049,0.17821452468633653,0.16843522116541862,0.15675168260931968,0.14919815361499786,0.13815872967243195,0.12833845764398574,0.12127278260886669,0.10999968908727169,0.09939932413399219,0.09269513115286827,0.08132318556308746,0.07478510104119777,0.06703814528882504,0.05779251698404551,0.05444320179522037,0.049458523839712144,0.0,0.051097344420850274,0.054873961955308914,0.05901886746287346,0.06589591167867184,0.07503363341093064,0.08125372715294361,0.09018020145595074,0.10060584172606468,0.11233949996531009,0.12168632708489895,0.13212405070662497,0.14617844447493553,0.15631484761834144,0.1677529275417328,0.17917125895619393,0.19038247019052507,0.20346749052405358,0.21585550010204316,0.22850580215454103,0.2409014604985714,0.25466402247548103,0.2679174169898033,0.27920657098293306,0.29522749185562136,0.3055336967110634,0.3214223265647888,0.334531731903553,0.35049138963222504,0.369329896569252,0.38120061010122297,0.3973869949579239,0.41519160866737365,0.43257672488689425,0.44895969331264496,0.4670602366328239,0.488567391037941,0.5098628163337707,0.5293671518564225,0.5600376278162003,0.5879529595375061,0.6200964361429214,0.6510588616132736,0.6947651505470276,0.7631003499031067
t_43,1.2469567894935607,1.24660404920578,1.2488187432289124,1.247900128364563,1.2475650012493134,1.2479111433029175,1.245520043373108,1.2446613669395448,1.2415825247764587,1.2419032037258149,1.2405366539955138,1.2375634789466858,1.2387704014778138,1.23773512840271,1.2384986579418182,1.2347476422786712,1.2330085217952729,1.2306497395038605,1.228748869895935,1.2270958483219148,1.224188208580017,1.2235209167003631,1.2211861431598663,1.2181023955345154,1.2163020253181458,1.2142797589302063,1.2118672788143159,1.2072675764560699,1.2045673549175262,1.201859951019287,1.1978825688362122,1.195171242952347,1.1911917328834534,1.1862076461315154,1.1812261641025543,1.1753321766853333,1.1730666697025298,1.16547691822052,1.160762107372284,1.1552976310253142,1.1491032123565674,1.1417265832424164,1.1337397694587708,1.1316204488277435,1.1214351296424865,1.114947533607483,1.1064820408821106,1.098494929075241,1.0897664666175841,1.0821893632411956,1.0740668594837188,1.0641929745674132,1.054099690914154,1.04568150639534,1.0365478157997132,1.0254061341285705,1.0167034149169922,1.0078712433576584,0.9981208473443985,0.9892367392778396,0.9779249131679535,0.9686175405979156,0.9590530455112457,0.9481686174869537,0.9368381947278976,0.9277935296297073,0.9192490607500077,0.9071248054504395,0.9000964105129242,0.8913382977247238,0.8794829547405243,0.8686615616083145,0.8591397076845169,0.850489929318428,0.8398544877767563,0.8269175440073013,0.8180182337760925,0.8082129806280136,0.7966337561607361,0.7857782453298569,0.7767029494047165,0.7657006770372391,0.75401211977005,0.744418603181839,0.7345360726118088,0.7255179971456528,0.712837815284729,0.7025798231363296,0.6926586508750916,0.6805501133203506,0.6720806777477264,0.6631469190120697,0.6529408991336823,0.6431213617324829,0.6325974583625793,0.6219823002815247,0.6116120904684067,0.6016482889652253,0.5909353613853454,0.5790323466062546,0.5698310434818268,0.5597180038690567,0.5511064767837525,0.5394323319196701,0.5322540000081062,0.5223896846175193,0.5123045071959496,0.502877502143383,0.4926822006702423,0.4811077550053596,0.47465749382972716,0.4628066197037697,0.45329238623380663,0.4442373067140579,0.434778593480587,0.4233462274074554,0.41398385018110273,0.4024778112769127,0.39232921600341797,0.38349146395921707,0.3748573362827301,0.36544430553913115,0.35661097764968874,0.3452711686491966,0.3359054833650589,0.32624878734350204,0.31746225357055663,0.30769311636686325,0.2980997428297997,0.29213754236698153,0.2778536453843117,0.27138762921094894,0.2617275521159172,0.2502972111105919,0.24036895260214805,0.23033881485462188,0.2200172260403633,0.20825336426496505,0.19898887425661088,0.18833423852920533,0.1788575291633606,0.16725686490535735,0.15977794006466867,0.14886773452162744,0.13837161436676979,0.13216986507177353,0.12022495232522487,0.10976897738873959,0.10139090716838836,0.09119965620338917,0.08409910686314107,0.07378974519670009,0.06611768044531345,0.06171927507966757,0.05451301895081997,0.051097344420850274,0.0,0.04947519153356552,0.054212068580091,0.057283956184983255,0.06481286585330963,0.07190969288349151,0.0811060793697834,0.09056196846067906,0.10166697353124618,0.11095918267965317,0.12090272903442383,0.13422980457544326,0.1456593282520771,0.15630378127098082,0.1680389828979969,0.17904833257198333,0.19183219969272614,0.20465389341115953,0.2170957624912262,0.22941009625792502,0.24343048185110092,0.2567605271935463,0.267979197204113,0.28394041061401365,0.29431512504816054,0.31045720130205157,0.32364814132452013,0.33954252153635023,0.35844134986400605,0.370544807612896,0.38682482689619063,0.40469093173742293,0.4221290975809097,0.43864322602748873,0.45675630271434786,0.4784539699554443,0.49991245418787,0.519559234380722,0.5504284083843232,0.5784456580877304,0.6108318269252777,0.642014691233635,0.6859659880399704,0.7547899663448334
t_42,1.2502185821533203,1.2498515248298645,1.2520332038402557,1.2511321246623992,1.2507895171642303,1.2511117815971375,1.2487647771835326,1.247901338338852,1.2448724269866944,1.2451802909374237,1.2438109159469604,1.2408953666687013,1.2420656204223632,1.2410160660743714,1.2417702496051788,1.2380653142929077,1.23632110953331,1.233977746963501,1.2320998191833497,1.230449026823044,1.227568918466568,1.2268991827964784,1.2245873868465424,1.2215269029140472,1.219725352525711,1.2177129685878754,1.2153218388557434,1.2107619285583495,1.2080839991569519,1.2053805530071258,1.2014152884483338,1.1987350463867188,1.1947598159313202,1.189841914176941,1.184883898496628,1.1790528655052186,1.1767690420150756,1.1692368805408477,1.1645837128162384,1.1591587364673615,1.1530112206935883,1.1456674993038178,1.137745451927185,1.1356237590312959,1.12552250623703,1.1190829038619996,1.1106933176517486,1.102752536535263,1.094078540802002,1.0865707576274872,1.0785219073295593,1.068680888414383,1.0586790025234223,1.050294440984726,1.0412449300289155,1.0301827132701873,1.0215160340070724,1.012758520245552,1.0030303716659545,0.9942261129617691,0.9829935491085052,0.9737619936466217,0.9642091363668441,0.953413000702858,0.9421176224946975,0.9331659734249115,0.9246603101491928,0.9125723093748093,0.905553150177002,0.8968398779630661,0.8849901556968689,0.8742595702409744,0.8647985637187958,0.8561562657356262,0.8455628544092179,0.832707878947258,0.8237947553396225,0.814064234495163,0.8026121020317077,0.7917543113231659,0.7827522993087769,0.7717768579721451,0.7602050960063934,0.7505939930677414,0.7408008635044098,0.7317996323108673,0.7191706597805023,0.7089344501495362,0.6991020292043686,0.6870500981807709,0.6786653161048889,0.6697707533836365,0.659548869729042,0.6499179184436799,0.6395451992750167,0.6288332760334014,0.6184904336929321,0.6086331635713578,0.5979509800672531,0.5861130803823471,0.577037900686264,0.5670463979244232,0.5583950310945511,0.5468989700078964,0.53966304063797,0.5298559933900833,0.5199270993471146,0.5104996085166931,0.5003975018858909,0.48878994584083557,0.4824163898825645,0.47079292237758635,0.4614692345261574,0.4522592231631279,0.442717070877552,0.4315210148692131,0.4223559558391571,0.4106723189353943,0.4008088752627373,0.3920799806714058,0.383190444111824,0.3739543542265892,0.365272518992424,0.3539177760481834,0.3448065683245659,0.3350503444671631,0.32614102214574814,0.31641058027744295,0.306939597427845,0.30119152665138244,0.2865831539034843,0.28009365797042846,0.27050860971212387,0.2591817662119865,0.2492304652929306,0.2398225374519825,0.22938037067651748,0.21718088909983635,0.20793748572468757,0.19794608131051064,0.18831723183393478,0.17653035297989844,0.16883329749107362,0.15777452290058136,0.14772888422012329,0.14074043929576874,0.12944260165095328,0.11894291117787362,0.11122956201434135,0.09990205578505992,0.09204262755811214,0.08058685027062892,0.0736886665225029,0.06712414734065533,0.05844931192696094,0.054873961955308914,0.04947519153356552,0.0,0.050597042217850684,0.05283091999590397,0.05887562558054924,0.0666760589927435,0.07280561365187169,0.08330539502203464,0.09334781393408775,0.10280427113175392,0.11262847520411015,0.12663256861269473,0.1367480769753456,0.14826924353837967,0.1596399240195751,0.17102294862270356,0.18360340148210524,0.1962701238691807,0.20917492359876633,0.2216211199760437,0.23562303557991982,0.24872153103351594,0.2602180317044258,0.2765012413263321,0.286930575966835,0.3028253525495529,0.316034822165966,0.33240996748209,0.35140970051288606,0.3632823497056961,0.37974010556936266,0.3978203609585762,0.41544806510210036,0.43204337507486346,0.4504584908485413,0.4722363010048866,0.49378380328416827,0.5135993987321854,0.5447081178426743,0.5730660885572434,0.6056659281253814,0.6370657563209534,0.6814119666814804,0.7506778538227081
t_41,1.2534928619861603,1.253141051530838,1.2553253591060638,1.2544223487377166,1.2540911078453063,1.2544243693351746,1.2520721435546875,1.2512190520763398,1.248195517063141,1.248509693145752,1.2471530616283417,1.244230031967163,1.245410794019699,1.244388461112976,1.245139914751053,1.241444742679596,1.2397252917289734,1.2373921990394592,1.2355136156082154,1.2338870942592621,1.2310094952583313,1.2303490817546845,1.2280469238758087,1.2250009179115295,1.223226511478424,1.2212203681468963,1.2188354969024657,1.2142980217933654,1.2116250813007354,1.208948987722397,1.2050207912921906,1.202338057756424,1.198403650522232,1.1934915244579316,1.188559490442276,1.1827425122261048,1.1804922640323638,1.172982895374298,1.1683374702930451,1.162922465801239,1.1568059146404266,1.1495057821273804,1.1416158378124237,1.1395055890083312,1.129433262348175,1.1230124533176422,1.1146385669708252,1.1067393004894257,1.0981119096279144,1.090602958202362,1.0825793981552123,1.0727896094322205,1.062816971540451,1.0544636785984038,1.0454211771488189,1.0343834102153777,1.02576624751091,1.017028158903122,1.007359689474106,0.9985571295022965,0.9873509794473648,0.9781592816114426,0.9686491936445236,0.9578695178031922,0.9466356068849564,0.9377157717943192,0.9292455285787582,0.9172150641679764,0.9102526247501374,0.9015760749578476,0.889838457107544,0.8790999710559845,0.8696877986192704,0.8610947489738464,0.8505857944488525,0.8378000617027282,0.8289692819118499,0.8192609876394272,0.8078066617250442,0.7970658272504807,0.7881103485822678,0.7771706879138947,0.7656627565622329,0.7561256736516953,0.7463702261447906,0.7374723464250564,0.7249286651611329,0.7147966027259827,0.704990166425705,0.6930226236581802,0.6846820265054703,0.6758782058954239,0.6657763510942459,0.6561240017414093,0.6457523792982102,0.6351853609085083,0.6249966353178025,0.6151594609022141,0.6045714974403381,0.5928322464227677,0.5837848007678985,0.5738609105348587,0.5653575956821442,0.5538860470056534,0.5467784881591797,0.5371108651161194,0.5271819546818733,0.5178455039858818,0.5078394517302514,0.4963554531335831,0.4900732830166817,0.4784916594624519,0.46919966340065,0.4602036252617836,0.45082046240568163,0.4396426394581795,0.43054266422986986,0.419006872177124,0.40914713144302367,0.400469571352005,0.39178923815488814,0.38262689113616943,0.37401537746191027,0.3628018394112587,0.3536931961774826,0.3441195413470268,0.3353190064430237,0.32566972970962527,0.31624011099338534,0.31051935255527496,0.2961216911673546,0.2897510439157486,0.2802476495504379,0.2690010145306587,0.2591510482132435,0.24966438487172127,0.23928286507725716,0.22722533494234085,0.21784032955765725,0.20779862329363824,0.19814339578151702,0.1865200139582157,0.17899019196629523,0.16776343435049057,0.1579855814576149,0.15086671859025955,0.1394066445529461,0.12864610329270362,0.12115321308374405,0.1088462196290493,0.10189401283860207,0.09118295572698117,0.0815749678760767,0.07412571236491203,0.06570091545581817,0.05901886746287346,0.054212068580091,0.050597042217850684,0.0,0.04996324125677347,0.05496938955038786,0.05807156451046467,0.06343314461410046,0.07362389378249645,0.08427409902215004,0.09243972674012184,0.1027793038636446,0.11667429320514203,0.12636036723852156,0.13800255358219146,0.148805420845747,0.16014599055051804,0.17293826416134833,0.1855420373380184,0.19837667867541314,0.21105100512504577,0.22485955581068992,0.23814899176359178,0.24961485490202903,0.2658514782786369,0.27630708962678907,0.2923316955566406,0.30569441616535187,0.32194869965314865,0.34103100299835204,0.35305653512477875,0.36957780867815015,0.3877082228660583,0.40545312911272047,0.4221531182527542,0.4406468942761421,0.46247757524251937,0.484193716943264,0.5041577786207199,0.535409614443779,0.5638467788696289,0.5966645658016205,0.6282744079828262,0.6728771299123764,0.7426154464483261
t_40,1.2551898658275604,1.2548460364341736,1.2570255517959594,1.2561209738254546,1.2557976961135864,1.2561322271823883,1.253778326511383,1.25293328166008,1.249912977218628,1.250230997800827,1.2488853216171265,1.2459566950798036,1.2471408903598786,1.2461296021938324,1.24686998128891,1.2431859731674195,1.2414795875549316,1.2391525268554688,1.2372767210006714,1.2356595337390899,1.2327852606773377,1.232130217552185,1.2298335790634156,1.2267992556095124,1.2250312626361848,1.2230334877967834,1.2206577718257905,1.2161360085010529,1.2134737849235535,1.210813480615616,1.2069113075733184,1.2042336583137512,1.2003264725208282,1.1954313695430756,1.190523475408554,1.1847334921360015,1.182503342628479,1.1750352680683136,1.1703984260559082,1.1650125622749328,1.158923089504242,1.1516673147678376,1.1438183069229126,1.1417217910289765,1.1317009508609772,1.1253155767917633,1.1169850826263428,1.1091279625892638,1.1005514919757844,1.0930778324604034,1.0850880563259124,1.0753754079341888,1.0654548346996306,1.0571587979793549,1.0481586158275604,1.0371854245662688,1.0286245942115784,1.0199406027793885,1.0103406757116318,1.0015908181667328,0.9904566675424575,0.9813091069459915,0.9718866497278214,0.9611611217260361,0.9500182718038559,0.9411447137594223,0.9327276378870011,0.9208013087511062,0.9138939797878265,0.9052772045135498,0.8936577647924423,0.8829773545265198,0.8736318111419678,0.8651224404573441,0.8546866089105606,0.8419982492923737,0.8332607239484787,0.8236023604869842,0.8122049748897553,0.8015711963176727,0.7926930576562882,0.7818542212247849,0.7704240381717682,0.7609819412231446,0.7512943357229233,0.7424945414066315,0.7300688832998276,0.7200388699769974,0.7103040158748627,0.6984426587820053,0.6901728451251984,0.6814200431108475,0.6714402228593827,0.661857795715332,0.6515345484018326,0.64117152094841,0.6310695201158524,0.6213278532028198,0.6108257085084915,0.5992217749357224,0.5902403742074966,0.5804034769535065,0.5720271319150925,0.5606113493442535,0.5536046355962754,0.5440411627292633,0.5341938585042953,0.5249296724796295,0.5150997832417488,0.5037966787815094,0.4975549548864365,0.4860687658190727,0.4768054232001305,0.4679637894034386,0.4587356701493263,0.4476408436894417,0.4385647505521774,0.42726280093193053,0.41744170933961866,0.40874308347702026,0.4002089098095894,0.39129060655832293,0.3826312512159348,0.3714894264936447,0.3624966457486153,0.3530621737241745,0.34434307664632796,0.3349325329065323,0.3256318509578705,0.319693386554718,0.30572455674409865,0.29932871311903,0.289848755300045,0.2785404473543167,0.2688839092850685,0.25922022983431814,0.2488423503935337,0.2373098276555538,0.2279570907354355,0.21768833473324775,0.20814429372549056,0.19672916755080222,0.1890442967414856,0.17814943417906762,0.16790452376008033,0.1608278326690197,0.14888456761837005,0.13855308741331102,0.13015502467751502,0.11870429329574109,0.11108044013381005,0.09985933043062686,0.08991473726928234,0.08306268267333508,0.07334502637386323,0.06589591167867184,0.057283956184983255,0.05283091999590397,0.04996324125677347,0.0,0.04792814236134291,0.05243845116347075,0.057082054764032365,0.06503786072134972,0.07484642937779426,0.08316178657114506,0.09250068962574005,0.10597208999097348,0.11598998904228211,0.12692659422755243,0.13843936547636987,0.14968440011143685,0.16273961663246156,0.1753767892718315,0.1878792367875576,0.2005968563258648,0.21446497291326522,0.22795736268162728,0.23951601162552832,0.25582284182310105,0.26630106270313264,0.282512030005455,0.29572947770357133,0.3122259870171547,0.3315093442797661,0.3436816170811653,0.3603808805346489,0.3785648256540298,0.39635589718818665,0.41323814541101456,0.4317918673157692,0.4538986042141914,0.47578966021537783,0.49590883404016495,0.5273362696170807,0.5561124414205552,0.5891667246818543,0.6210275113582611,0.6659126043319702,0.7361600071191787
t_39,1.259312242269516,1.2589654862880706,1.2611196696758271,1.2602207124233247,1.25990731716156,1.260234248638153,1.2578998982906342,1.2570577800273894,1.2540721774101258,1.2543848514556886,1.253056710958481,1.2501490414142609,1.251318383216858,1.2503150284290314,1.251045250892639,1.2473934710025787,1.2457050323486327,1.243394422531128,1.241535669565201,1.2399281919002534,1.2370709240436555,1.2364244520664216,1.2341420114040376,1.2311311841011048,1.2293788969516755,1.2273910820484162,1.2250340044498444,1.2205457985401154,1.217899364233017,1.2152588963508606,1.211395078897476,1.2087299585342408,1.2048606634140016,1.20000262260437,1.195135098695755,1.1893988788127898,1.1871782779693603,1.179767721891403,1.175168377161026,1.1698136925697327,1.1637833833694458,1.156585341691971,1.1488018751144409,1.1467137515544892,1.136781281232834,1.1304479598999024,1.122162252664566,1.1143757820129394,1.1058759808540344,1.0984604001045226,1.0905291140079498,1.0808939278125762,1.0710570394992829,1.062802654504776,1.0538634598255157,1.0429654121398926,1.0344709873199462,1.0258409440517426,1.0163037538528443,1.0076077044010163,0.9965469062328338,0.9874656140804291,0.9780906587839127,0.9674303203821182,0.9563405960798264,0.9475192099809646,0.9391622006893158,0.9273014426231384,0.9204288184642792,0.9118722796440124,0.900308558344841,0.8896795809268951,0.8803832352161407,0.8719208776950836,0.8615526258945465,0.8488980412483216,0.8402183830738068,0.830625906586647,0.8192742526531219,0.8086906015872956,0.7998672395944595,0.7890733122825623,0.7776993364095688,0.7683093070983886,0.7586605370044708,0.7498915314674377,0.7375307232141495,0.7275489062070847,0.7178771585226059,0.7060630470514297,0.6978429824113845,0.6891731083393097,0.6792648673057556,0.6697123438119889,0.6594348877668381,0.6490992128849029,0.6390873342752457,0.629393345117569,0.6189452260732651,0.607394227385521,0.5984775602817536,0.5887032300233841,0.5804347515106201,0.5690309047698975,0.5621170550584793,0.552636730670929,0.5428328216075897,0.5337589770555496,0.5238355532288551,0.5125970646739006,0.506455360352993,0.49503949731588365,0.48584231585264204,0.4770858436822891,0.4678996503353119,0.4568812236189842,0.4479393526911736,0.4366503402590752,0.4268797680735588,0.4184633821249008,0.4099834576249123,0.400879742205143,0.3924615755677223,0.38138634115457537,0.3724335700273514,0.3630413845181465,0.35443786531686783,0.3449721097946167,0.3357348471879959,0.33019179105758667,0.3159595295786858,0.309714512526989,0.30045348554849627,0.2892505154013634,0.27942284643650056,0.2699522733688354,0.2598228111863136,0.24799497574567794,0.23894218876957893,0.2287079446017742,0.2191772997379303,0.2076740212738514,0.20016183704137802,0.1891252726316452,0.17897136211395265,0.17201318442821503,0.16042329668998717,0.14950859621167184,0.1412285804748535,0.12977442741394044,0.12216447442770004,0.10992720648646355,0.10088082514703274,0.09340696670114994,0.08273314386606216,0.07503363341093064,0.06481286585330963,0.05887562558054924,0.05496938955038786,0.04792814236134291,0.0,0.048615884780883786,0.051586657762527466,0.05830228012055159,0.06642461903393268,0.07385575994849206,0.08246211744844914,0.09547413475811481,0.10548065789043903,0.11597139164805412,0.12772989384829997,0.13871202245354652,0.15168845430016517,0.16404128521680833,0.176717084646225,0.18922888711094857,0.2034065306186676,0.2168005757033825,0.2282608225941658,0.24466127455234526,0.25515243858098985,0.27140745520591736,0.2848160952329636,0.30137666314840317,0.3206169918179512,0.3328349232673645,0.3496097758412361,0.36793493777513503,0.38586933016777036,0.4028253808617592,0.4215415269136429,0.4437012329697609,0.46572150886058805,0.486054627597332,0.517682495713234,0.5466291218996048,0.5799307614564896,0.6120227009057999,0.6572373926639556,0.728067284822464
t_38,1.2615179121494293,1.2611787259578704,1.263331699371338,1.2624336242675782,1.2621224224567413,1.2624536216259004,1.2601198077201843,1.2592859625816346,1.2562986850738525,1.2566173136234284,1.2552988290786744,1.252384853363037,1.2535604417324067,1.2525704145431518,1.2532923758029937,1.2496473610401153,1.247974020242691,1.2456670939922332,1.2438120245933533,1.2422192215919494,1.2393611013889312,1.238719290494919,1.2364414930343628,1.233443522453308,1.2317021131515502,1.2297162890434266,1.2273703396320343,1.2228987753391265,1.2202535808086394,1.2176315426826476,1.2137878775596618,1.211123090982437,1.2072714686393737,1.2024239122867584,1.1975729703903197,1.1918480038642882,1.1896464467048644,1.1822602033615113,1.1776607513427735,1.1723244488239288,1.1663047075271606,1.1591378152370453,1.1513743698596954,1.1492969870567322,1.1393899023532867,1.1330681264400482,1.1248087465763092,1.1170416951179505,1.1085728347301482,1.1011651277542114,1.0932430565357207,1.0836565136909484,1.073842853307724,1.0656256020069121,1.0567023634910584,1.0458260297775268,1.037369054555893,1.0287590444087982,1.0192675560712814,1.0105909317731858,0.9995592415332795,0.990489536523819,0.981164276599884,0.9705276280641556,0.9595019578933716,0.9507000356912613,0.9423706263303757,0.9305621027946472,0.9237395942211151,0.9152015626430512,0.9037305891513825,0.8931228429079056,0.883861842751503,0.8754505962133408,0.8651272982358933,0.8525454431772232,0.8439363926649094,0.8343568831682205,0.8230273604393006,0.8125440418720246,0.8037682831287384,0.7930240005254745,0.7817110121250153,0.7723720699548722,0.7627792328596115,0.7540874868631363,0.7418162077665329,0.731909304857254,0.7222867339849472,0.7105429351329804,0.7023698151111603,0.6937388598918914,0.6839490294456482,0.6743820101022721,0.6641416370868682,0.6539544463157654,0.644018241763115,0.6343727588653565,0.6239856153726577,0.6125596910715103,0.6036813229322433,0.5939538061618805,0.5857614696025848,0.574424558877945,0.5676198393106461,0.558239322900772,0.548452615737915,0.5394252419471741,0.529603460431099,0.5185233652591705,0.5123915940523147,0.50103400349617,0.49188753217458725,0.4832415372133255,0.47424828112125395,0.463268817961216,0.45430184304714205,0.44320948570966723,0.43348107784986495,0.42505883872509004,0.41676324903964995,0.40775346755981445,0.3992781177163124,0.3883379727602005,0.37951534390449526,0.3701718032360077,0.3616418823599815,0.35232580453157425,0.3431462526321411,0.33735758662223814,0.3235162988305092,0.3172944188117981,0.30795773714780805,0.296969136595726,0.287201726436615,0.2777394771575928,0.2675637319684029,0.2560089774429798,0.24688248038291932,0.23651931658387185,0.227214951813221,0.21583907231688498,0.20824138596653938,0.19718118831515313,0.18727198913693427,0.18003694862127304,0.16833450719714166,0.15771874710917472,0.14936554431915283,0.1375592365860939,0.12967062331736087,0.11843226999044418,0.10821281410753728,0.10083118304610253,0.09050149917602539,0.08125372715294361,0.07190969288349151,0.0666760589927435,0.05807156451046467,0.05243845116347075,0.048615884780883786,0.0,0.048415455222129825,0.05064986012876034,0.05978298466652632,0.06620430462062359,0.07564501911401748,0.08813164047896863,0.0972552590072155,0.10805393941700459,0.11899325996637344,0.12990022376179694,0.14333519637584685,0.15553363859653474,0.1681267388164997,0.18078648298978806,0.19467480704188347,0.20838629603385925,0.2196322575211525,0.23609463796019553,0.24664964973926545,0.2631049945950508,0.2764724105596542,0.29304853528738023,0.31244872510433197,0.3247719302773476,0.3416691154241562,0.36003811955451964,0.3780096858739853,0.39504909962415696,0.41378536224365237,0.43615935891866686,0.45829922407865525,0.4786854267120361,0.510537426173687,0.5396113812923431,0.573094728589058,0.6053204894065857,0.650766259431839,0.7219575732946396
t_37,1.265027242898941,1.2646904110908508,1.2668343365192414,1.2659436523914338,1.2656331300735473,1.2659586787223815,1.2636395633220672,1.2628097772598266,1.259855616092682,1.2601724028587342,1.258855015039444,1.2559686481952668,1.257126694917679,1.2561516523361207,1.2568642914295196,1.2532554984092712,1.2515861213207244,1.249299269914627,1.2474512100219726,1.2458736717700958,1.2430334448814393,1.2423968493938446,1.240134346485138,1.2371580183506012,1.2354343295097352,1.2334590971469879,1.2311183989048005,1.2266803920269012,1.224056100845337,1.221448576450348,1.2176421225070952,1.2149915814399719,1.2111755669116975,1.2063671052455902,1.2015473008155824,1.1958681881427764,1.1936801970005035,1.1863339126110077,1.1817834794521331,1.176467192173004,1.1705061078071595,1.1633839190006257,1.155680876970291,1.1536081671714782,1.1437675058841705,1.1374925017356872,1.1292793989181518,1.1215775609016418,1.1131766796112061,1.1058033227920532,1.0979523539543152,1.0884096920490265,1.0786817908287047,1.0704866528511048,1.061603319644928,1.050789374113083,1.0423840284347534,1.0338340163230897,1.0243859946727754,1.0157442778348922,1.0047771483659744,0.9958005666732788,0.9864957749843597,0.9759093970060349,0.9649236857891083,0.9562063127756119,0.9479191958904266,0.9361582159996032,0.929363664984703,0.9208824962377549,0.9094824969768525,0.8988828241825104,0.8897024095058441,0.8813138723373413,0.8710610181093216,0.8585526138544083,0.8499721616506577,0.8404533118009567,0.8291805326938629,0.8187421172857284,0.8100212812423706,0.7993036031723022,0.7880717366933823,0.7787726581096649,0.769245108962059,0.7606020629405975,0.7483948707580567,0.7385652899742127,0.7289862692356109,0.7173218607902527,0.7092016905546188,0.7006625026464463,0.6908985763788223,0.6814483165740967,0.6712939471006394,0.6610908418893814,0.6512491643428803,0.6416658073663711,0.6313671052455903,0.619975620508194,0.6111604899168015,0.6015681624412537,0.5934466332197189,0.5821904569864274,0.5753905653953553,0.5660867333412171,0.5563860177993775,0.5474576741456986,0.5376866549253464,0.5266011625528335,0.5206208676099777,0.5093963846564293,0.5003414645791053,0.4917279422283173,0.48265992403030394,0.4718288078904152,0.46305314302444456,0.4518548741936684,0.4422791928052902,0.43395435363054274,0.42556681483983994,0.41673645079135896,0.4084264114499092,0.39756192862987516,0.3887304708361626,0.3795060634613037,0.3709954977035522,0.36166429072618483,0.3525069817900658,0.3470368966460228,0.33301902264356614,0.32686700522899625,0.3177181124687195,0.306704181432724,0.2970380216836929,0.2877983585000038,0.2776245385408401,0.2657961338758469,0.25652358680963516,0.2468102291226387,0.23727697357535363,0.2257130078971386,0.21834636554121972,0.20720211267471314,0.1975514754652977,0.19010549187660217,0.17866026610136032,0.16777343600988387,0.15979429557919503,0.1476808898150921,0.14012305960059165,0.12808888591825962,0.11785316206514836,0.10950016565620899,0.09865980744361877,0.09018020145595074,0.0811060793697834,0.07280561365187169,0.06343314461410046,0.057082054764032365,0.051586657762527466,0.048415455222129825,0.0,0.047924681752920154,0.054290281236171724,0.05792040005326271,0.06693104729056358,0.0802207425236702,0.08742803819477558,0.0988322377204895,0.10916309170424938,0.12024532407522201,0.13324302062392235,0.14540963470935822,0.1580265372991562,0.17092231959104537,0.18481970801949502,0.19819353222846986,0.20976391956210136,0.22637520357966423,0.2369513638317585,0.2530026912689209,0.2665960997343063,0.28346986174583433,0.3028913885354996,0.3151227504014969,0.33211240023374555,0.35057821273803713,0.36873982548713685,0.38586978167295455,0.40498189479112623,0.4272936791181564,0.4495496556162834,0.47008256316185,0.5020787507295609,0.5314452022314071,0.5650967240333558,0.5975743979215622,0.6433671593666077,0.7150185585021973
t_36,1.2673423290252686,1.267006868124008,1.269130539894104,1.2682410538196565,1.2679388761520385,1.2682599663734435,1.265954178571701,1.2651327133178711,1.2621913373470306,1.2625059902667999,1.2612095415592193,1.2583268582820892,1.2594837605953217,1.2585133612155914,1.2592096090316773,1.2556209146976471,1.253973776102066,1.2516950607299804,1.2498618185520172,1.2482948780059815,1.2454613387584685,1.244830811023712,1.2425791919231415,1.23962259888649,1.2379051446914673,1.2359341859817505,1.2336184442043305,1.2292083919048309,1.2265919506549836,1.2240054726600647,1.2202210426330566,1.217583018541336,1.213790661096573,1.2090119659900664,1.2042198717594146,1.1985791325569153,1.196403831243515,1.189110940694809,1.1845783293247223,1.179299932718277,1.1733731627464294,1.1663013577461243,1.1586517930030822,1.15659242272377,1.146825110912323,1.1405888617038726,1.1324361205101012,1.1247807443141937,1.1164405345916748,1.1091257274150848,1.1013042449951171,1.0918554365634918,1.0821951448917388,1.0740772366523743,1.065257728099823,1.0545261263847352,1.0461893796920776,1.0376998364925385,1.0283303022384644,1.0197600901126862,1.0088801860809327,0.9999381959438324,0.9907297700643539,0.9802230417728424,0.9693455398082733,0.9606597483158111,0.9524386316537857,0.9407849937677384,0.9340615898370743,0.9256322264671326,0.9143398225307464,0.9038421332836151,0.8947078585624695,0.8863995462656021,0.876222562789917,0.8638043224811554,0.8553200215101242,0.8458539098501205,0.834648197889328,0.8243306577205658,0.8156812101602554,0.8050559639930726,0.793893238902092,0.7846841752529145,0.7752365946769715,0.7666797459125518,0.7545906364917755,0.7448573559522629,0.7353642821311951,0.723774328827858,0.7157164186239242,0.7072485566139222,0.6976140677928925,0.6881919741630554,0.6780866861343384,0.6680871725082398,0.6583054482936859,0.6487912863492966,0.6386082381010055,0.6273451000452042,0.6186117082834244,0.6090658247470856,0.6010158807039261,0.5898528844118118,0.5831628561019897,0.5739771604537964,0.5643298298120498,0.5554605454206467,0.5458463877439499,0.5349589198827743,0.5289744228124619,0.5177919685840606,0.5088096305727958,0.5003466069698334,0.4914610758423805,0.48069214522838594,0.471897391974926,0.4609678417444229,0.451450315117836,0.44313383251428606,0.43491275161504744,0.42620521783828735,0.41792984008789064,0.40716505646705625,0.3983817622065544,0.38932464867830274,0.38088728934526445,0.37171719670295716,0.36269489526748655,0.3570483192801476,0.34336853176355364,0.33726761043071746,0.32806218415498734,0.31714803725481033,0.3076303616166115,0.29827163815498353,0.28811134994029997,0.2768282949924469,0.2675311490893364,0.2575559623539448,0.24834297150373458,0.2368052087724209,0.22950782775878906,0.21842826306819915,0.20862893015146255,0.2014114312827587,0.1898019477725029,0.1790136583149433,0.1709454447031021,0.1587531879544258,0.1509015142917633,0.13935282677412034,0.1289709687232971,0.1209204226732254,0.11014865338802338,0.10060584172606468,0.09056196846067906,0.08330539502203464,0.07362389378249645,0.06503786072134972,0.05830228012055159,0.05064986012876034,0.047924681752920154,0.0,0.04938026424497366,0.05286740977317095,0.05927201043814421,0.07046840451657772,0.07859543822705746,0.08820594251155853,0.09938008449971676,0.10982907824218273,0.1232561081647873,0.13495680838823318,0.14711870178580283,0.16035258546471595,0.17398303672671317,0.18778767213225364,0.1990072175860405,0.21553667709231378,0.22628577128052713,0.24263613671064377,0.2560706205666065,0.27313920557498933,0.2926373451948166,0.3050129145383835,0.32224420756101607,0.3407916322350502,0.35892855674028395,0.3761906296014786,0.39534704089164735,0.41790585666894914,0.440319162607193,0.4610393911600113,0.4932639360427856,0.5228381305932999,0.5567795395851135,0.5894565552473068,0.6355778515338898,0.7077556341886521
t_35,1.271049177646637,1.2707229852676392,1.272841066122055,1.271955281496048,1.2716602444648744,1.2719840168952943,1.269678670167923,1.2688624680042266,1.2659373342990876,1.2662532150745391,1.2649595320224762,1.2620844781398772,1.2632382214069366,1.2622830331325532,1.262982475757599,1.259408324956894,1.2577711999416352,1.2555046021938323,1.2536711931228637,1.2521165311336517,1.2492928862571717,1.2486683249473571,1.2464293658733367,1.243483978509903,1.241784018278122,1.2398228526115418,1.2375112414360045,1.2331199288368224,1.2305198788642884,1.2279471516609193,1.2241994142532349,1.2215676009654999,1.2178118109703064,1.2130518138408661,1.2082923173904419,1.2026788413524627,1.2005260705947876,1.1932597279548645,1.1887542307376862,1.1834851682186127,1.1776020884513856,1.170570832490921,1.1629668056964875,1.1609109938144684,1.1511911273002624,1.1449852883815765,1.136858832836151,1.129253888130188,1.1209720611572265,1.1136699855327605,1.1059077858924866,1.0965021252632141,1.086888039112091,1.0787895500659943,1.0699992895126342,1.0592994213104248,1.0510062098503112,1.0425591111183166,1.0332347452640533,1.0246906936168672,1.0138460397720337,1.0049787431955337,0.99578897356987,0.9853156268596649,0.974473774433136,0.9658647894859314,0.9576859712600708,0.9460684508085251,0.9393830448389053,0.9310066491365433,0.9197916984558105,0.9093007981777191,0.9002258241176605,0.8919589787721633,0.8818434357643128,0.8695012122392655,0.8610757917165757,0.8516523331403733,0.8404740214347839,0.8302290678024292,0.8216547012329102,0.8110523164272309,0.7999922633171082,0.7907947063446045,0.78140589594841,0.7729138344526291,0.7609245330095291,0.751240935921669,0.7418240666389465,0.7302905797958374,0.7223319798707962,0.7138888210058212,0.704372501373291,0.6949957728385925,0.6849492579698563,0.6750047951936722,0.6653184682130814,0.655883914232254,0.6457491278648376,0.6345928907394409,0.6259009301662445,0.6164875537157058,0.6085293769836426,0.5974452197551727,0.5908551782369613,0.5817965388298034,0.572196289896965,0.5634261429309845,0.5538361996412278,0.543033567070961,0.5372100949287415,0.5261104136705399,0.5172381892800331,0.5088394999504089,0.5000728279352188,0.48946202993392945,0.4806669488549232,0.4697941094636917,0.4603472128510475,0.4521758481860161,0.4441474944353104,0.435364356637001,0.42718509435653684,0.4165632098913193,0.40806434005498887,0.39887403696775436,0.3906153321266174,0.3815635234117508,0.37256559580564497,0.3671530455350876,0.353393916785717,0.3473910540342331,0.3383409813046455,0.3276029139757156,0.3180163472890854,0.3089186057448387,0.2990348175168037,0.28737565129995346,0.27844058722257614,0.2684405788779259,0.2592771053314209,0.2479167327284813,0.2405823178589344,0.22964979261159896,0.2198426179587841,0.21269714906811715,0.20110973045229913,0.1908502049744129,0.18264678716659546,0.1704629383981228,0.16245629042387008,0.1503386043012142,0.1407906100153923,0.13210567235946655,0.12196995913982392,0.11233949996531009,0.10166697353124618,0.09334781393408775,0.08427409902215004,0.07484642937779426,0.06642461903393268,0.05978298466652632,0.054290281236171724,0.04938026424497366,0.0,0.04781281687319279,0.05292138922959566,0.06220004390925169,0.0699663557112217,0.07934643402695656,0.08905368447303771,0.09943613260984421,0.11170908957719802,0.12370630837976933,0.13609741926193236,0.1487862341105938,0.1625538058578968,0.17594933658838272,0.1873086489737034,0.20394283086061477,0.2148911789059639,0.23117953538894653,0.24460031911730767,0.261604006588459,0.2811577573418617,0.2934854105114937,0.3107156097888947,0.3294612929224968,0.3477499559521675,0.3650886833667755,0.3842703878879547,0.40701285004615784,0.4295376867055893,0.45036269426345826,0.4828775689005852,0.5126196533441544,0.5468185901641845,0.5797196447849273,0.6262038797140121,0.6989541202783585
t_34,1.2745608687400818,1.2742400884628295,1.2763586342334747,1.2754724621772766,1.2751838445663453,1.2755119383335114,1.2732063353061676,1.2723970711231232,1.2694819629192353,1.2698063790798186,1.2685208320617676,1.265646368265152,1.2668023824691772,1.2658670365810394,1.2665565133094787,1.2630003094673157,1.2613786518573762,1.2591233551502228,1.2572927117347716,1.2557555615901947,1.252938348054886,1.252320557832718,1.2500867128372193,1.2471603155136108,1.2454810619354248,1.2435272932052612,1.2412200152873993,1.236853265762329,1.2342630624771118,1.2317107737064361,1.2280023574829102,1.2253703594207763,1.2216480433940888,1.2169060349464416,1.2121744930744172,1.206585741043091,1.204458874464035,1.1972281336784363,1.192734283208847,1.1874870359897614,1.1816375374794006,1.174653548002243,1.1670878112316132,1.1650437653064727,1.1553668141365052,1.1491912007331848,1.1410895705223083,1.1335318505764007,1.1253029823303222,1.1180137753486634,1.1102868795394898,1.1009404122829438,1.091378289461136,1.083305835723877,1.0745374262332916,1.063867735862732,1.0556287050247193,1.0472090363502502,1.0379366040229798,1.0294075727462768,1.0186027705669403,1.009780377149582,1.0006408452987672,0.9901889264583588,0.9794008076190949,0.9708350956439972,0.9626956909894944,0.9511344313621521,0.9444933980703354,0.9361607998609542,0.925047779083252,0.914549607038498,0.9055381298065186,0.8973187386989594,0.8872796028852463,0.8749935775995255,0.866643026471138,0.8572534561157227,0.8460939586162567,0.8359292447566986,0.8274120718240738,0.8168575197458268,0.8058531552553176,0.7967346727848053,0.787379777431488,0.7789735347032547,0.7670607268810272,0.7574669152498246,0.7480914920568467,0.7366434752941131,0.7287265926599502,0.7203708976507187,0.7109493792057038,0.7016090601682663,0.6915756374597549,0.6817332178354263,0.6721886247396469,0.6627992182970047,0.6527242690324784,0.6416341453790665,0.632985532283783,0.6236571550369263,0.6158593118190765,0.6047524273395538,0.5982596814632416,0.5893142700195313,0.5797582805156708,0.5711129754781723,0.5615583240985871,0.5508226454257965,0.5451033294200898,0.5340762704610824,0.5252200469374657,0.5169936716556549,0.5082903698086738,0.4977239519357681,0.4890674531459808,0.4782826408743858,0.46882323175668716,0.46076823174953463,0.4528457269072533,0.444131375849247,0.43604542315006256,0.4254861533641815,0.4170459136366844,0.4079610377550125,0.39974416196346285,0.39075142443180083,0.381803897023201,0.37653467804193497,0.3628541886806488,0.3569143518805504,0.3480119645595551,0.3372015327215195,0.3277646541595459,0.3186458185315132,0.30890087187290194,0.2972083568572998,0.2882293537259102,0.27845902740955353,0.26927932500839236,0.25794667750597,0.2507315598428249,0.2397575058043003,0.23008791357278824,0.22282615676522255,0.21135470569133757,0.20082060396671295,0.1925090178847313,0.18041113317012786,0.17292261496186256,0.160679592192173,0.1504539057612419,0.14189061895012856,0.13145478069782257,0.12168632708489895,0.11095918267965317,0.10280427113175392,0.09243972674012184,0.08316178657114506,0.07385575994849206,0.06620430462062359,0.05792040005326271,0.05286740977317095,0.04781281687319279,0.0,0.047415870055556295,0.055582033842802046,0.060840104892849925,0.07003042213618756,0.07847693264484405,0.088722350820899,0.10096544399857521,0.11228384710848331,0.12466936111450196,0.13749568685889244,0.15127062126994134,0.16468420699238778,0.17608128488063812,0.19291221126914024,0.20351279079914092,0.21989871114492415,0.23355641067028046,0.25050623416900636,0.27020652741193774,0.28257874995470045,0.2998989760875702,0.3186794012784958,0.33708650767803194,0.3545644775032997,0.3739710748195648,0.39671423137187956,0.41939789801836014,0.4403530120849609,0.4730459228157997,0.5029796868562698,0.5373777121305465,0.570515114068985,0.617281261086464,0.6905501425266266
t_33,1.2774326622486114,1.2771273672580719,1.2792401254177093,1.2783549964427947,1.278075349330902,1.2784113883972168,1.276102489233017,1.275297850370407,1.2723927080631257,1.2727143347263337,1.2714380621910095,1.2685635089874268,1.26972354054451,1.2688077926635741,1.2694948494434357,1.2659457743167877,1.2643442690372466,1.2620946764945984,1.2602658450603486,1.2587480008602143,1.2559321105480195,1.2553221583366394,1.2530977189540864,1.2501788198947907,1.248520404100418,1.246574157476425,1.2442716300487517,1.2399255156517028,1.2373412013053895,1.2348106920719146,1.2311327397823333,1.2284990012645722,1.2248124539852143,1.2200819194316863,1.2153711020946503,1.2098041117191314,1.207701849937439,1.200493586063385,1.1960163295269013,1.1907745122909545,1.1849564611911774,1.1780139088630677,1.170480340719223,1.168444699048996,1.1588017821311951,1.152652496099472,1.1445746541023254,1.1370566487312317,1.1288794577121735,1.121595424413681,1.113902986049652,1.1045991122722625,1.0950781762599946,1.087039065361023,1.0782879710197448,1.06765815615654,1.0594663321971893,1.0510789275169372,1.0418641448020936,1.0333519876003265,1.0225911885499954,1.013820320367813,1.0047215402126313,0.9943113148212432,0.9835874497890472,0.9750551521778107,0.9669575333595276,0.9554588824510575,0.9488687157630921,0.9405801296234131,0.9295619398355484,0.9190816283226013,0.9101253926753998,0.9019550204277038,0.8919852524995804,0.8797871947288514,0.8715014547109604,0.8621517390012741,0.851017850637436,0.8409702748060226,0.8325141727924347,0.8219946205615998,0.8110654354095459,0.802006009221077,0.7927196770906448,0.784402596950531,0.772567880153656,0.7630821406841278,0.7537528485059738,0.7423843830823899,0.7345194786787033,0.7262677520513534,0.7169432014226913,0.7076158374547958,0.6976392060518265,0.6879137843847275,0.6784960687160492,0.669149923324585,0.6591741144657135,0.6481704950332642,0.6395962178707123,0.6303305357694626,0.6226674914360046,0.6116054683923722,0.6052298039197922,0.5964045852422715,0.5868906289339065,0.5783082664012908,0.5688581049442292,0.5582490503787995,0.5526118546724319,0.5416562408208847,0.5328696548938752,0.5247926399111748,0.5161815166473389,0.5057192996144295,0.49712852090597154,0.48642739802598955,0.4770567432045937,0.46909637451171876,0.46126320511102675,0.45265435725450515,0.44465578347444534,0.4342712312936783,0.4258030399680138,0.4169301003217697,0.40878154933452604,0.3998606115579605,0.39098325073719026,0.3857639983296394,0.37224130183458326,0.3663463592529297,0.35749870985746385,0.34690696746110916,0.3375340819358826,0.3284655034542084,0.3187640458345413,0.3071794345974922,0.2982452198863029,0.2885452374815941,0.2794375464320183,0.26810443550348284,0.26096413731575013,0.2500757187604904,0.24042413905262947,0.23350795805454255,0.22201331779360772,0.21143735349178314,0.20295523554086686,0.19108487591147422,0.18346013203263284,0.17098591700196267,0.1614671140909195,0.15265893414616585,0.14233481362462044,0.13212405070662497,0.12090272903442383,0.11262847520411015,0.1027793038636446,0.09250068962574005,0.08246211744844914,0.07564501911401748,0.06693104729056358,0.05927201043814421,0.05292138922959566,0.047415870055556295,0.0,0.05059254243969917,0.055050826817750934,0.06066240686923265,0.0694780383259058,0.07950107529759406,0.09112523384392261,0.10229757875204086,0.11485894806683064,0.12696704007685183,0.14072906151413916,0.15370500236749648,0.16546954587101936,0.18210838586091996,0.19281498342752457,0.20928155705332757,0.2229557991027832,0.23989867717027663,0.25961455404758454,0.27206704318523406,0.2893845349550247,0.3083299815654755,0.32682003527879716,0.3443440392613411,0.36381658762693403,0.3866838917136192,0.40951166301965714,0.43064082264900205,0.46347876489162443,0.49358913004398347,0.528230082988739,0.5615752607583999,0.6086799681186676,0.6824643433094024
t_32,1.2807377219200133,1.2804281294345856,1.2825179040431975,1.2816320180892944,1.2813683152198792,1.2816998898983,1.2794083058834076,1.2786146819591522,1.2757277607917785,1.2760534465312958,1.2748083472251892,1.2719356179237367,1.2730948448181152,1.2721896171569824,1.272860985994339,1.2693366348743438,1.2677664697170257,1.2655299484729767,1.2637208938598632,1.262217152118683,1.259410810470581,1.2588097512722016,1.2565989673137665,1.2537103593349457,1.252065622806549,1.2501260340213776,1.2478535056114197,1.2435417234897614,1.2409672737121582,1.238466590642929,1.2348273277282715,1.2322058081626892,1.2285569429397583,1.2238588690757752,1.2191954970359802,1.213674396276474,1.2115939199924468,1.2044588387012483,1.1999966621398925,1.194810265302658,1.1890401601791383,1.1821699738502502,1.1747079253196717,1.172691422700882,1.1631453096866609,1.1570512771606445,1.1490324020385743,1.141590940952301,1.1334902465343475,1.1262812435626983,1.1186281800270081,1.1094577610492706,1.1000182390213014,1.0920701205730439,1.0833960056304932,1.0728611648082733,1.0647626161575316,1.056441855430603,1.0473303258419038,1.0389065325260163,1.0282508194446565,1.0195192277431488,1.0105453938245774,1.0002098262310029,0.989611828327179,0.9811218768358231,0.9731038391590119,0.9617439687252045,0.9552320033311844,0.947009488940239,0.936119818687439,0.9257429152727127,0.9168405145406723,0.9087740123271942,0.8989151895046235,0.8867780774831772,0.8786295682191849,0.8693407565355301,0.8582704573869705,0.8483333766460419,0.8399492561817169,0.8295568317174912,0.818689888715744,0.809768807888031,0.8005250334739685,0.7923036694526673,0.7806010037660599,0.7712050586938858,0.7619611233472824,0.7506883084774018,0.7428894907236099,0.7347017973661423,0.7255309045314788,0.7162324517965317,0.706259599328041,0.6967581450939179,0.6874393165111542,0.6781624615192413,0.6682909905910492,0.6574229568243026,0.6489255666732788,0.6396952748298645,0.6321595430374145,0.6211403042078019,0.6148993998765946,0.6061775892972946,0.5967158198356628,0.5882912665605545,0.57890684902668,0.5684685230255127,0.5628445506095886,0.5519474148750305,0.5431861609220505,0.5352977573871612,0.5269044131040573,0.5164298340678215,0.5078909948468209,0.49746892899274825,0.48808823972940446,0.4802356854081154,0.47261452972888945,0.46398424208164213,0.45605647563934326,0.4456884875893593,0.4373770147562027,0.4285823583602905,0.4205374613404274,0.4118422165513039,0.40303621888160707,0.3977834194898605,0.3845094695687294,0.37878474295139314,0.36995049715042116,0.3593478947877884,0.3500582128763199,0.34086304157972336,0.3314221456646919,0.3201147899031639,0.3113310098648071,0.30136659890413287,0.2926132410764694,0.281443777680397,0.2743460237979889,0.2635256201028824,0.2537851020693779,0.24701277613639833,0.23551799803972245,0.22497226670384407,0.21612140387296677,0.20473760589957238,0.197285345941782,0.18512192666530608,0.17493753656744956,0.1667829655110836,0.1563594989478588,0.14617844447493553,0.13422980457544326,0.12663256861269473,0.11667429320514203,0.10597208999097348,0.09547413475811481,0.08813164047896863,0.0802207425236702,0.07046840451657772,0.06220004390925169,0.055582033842802046,0.05059254243969917,0.0,0.05127756036818028,0.054951957613229754,0.06325176991522312,0.06979979909956455,0.08075923658907413,0.0916413839906454,0.10283164009451866,0.114896160364151,0.12861391231417657,0.14207742735743523,0.15325646996498107,0.1697367988526821,0.1802909217774868,0.1970309816300869,0.21052129864692687,0.2274419590830803,0.24713019728660585,0.25984773486852647,0.27731681764125826,0.2962814450263977,0.3147545590996742,0.3324498862028122,0.35187492817640303,0.37490026354789735,0.3979069709777832,0.4192891210317612,0.4523047849535942,0.4825427696108818,0.517492237687111,0.5511153936386108,0.5984836727380752,0.6729327142238617
t_31,1.2840770483016968,1.2837791383266448,1.28587606549263,1.2849946677684785,1.2847298860549927,1.2850664377212524,1.282770025730133,1.2819765329360961,1.2791080474853516,1.2794363498687744,1.2781811892986297,1.275322300195694,1.2764749705791474,1.2755886673927308,1.2762588381767273,1.272751384973526,1.271184152364731,1.2689567744731902,1.2671404302120208,1.2656545698642732,1.2628592073917388,1.2622591495513915,1.260060453414917,1.2571787595748902,1.2555486917495728,1.2536228954792024,1.2513443112373352,1.2470524609088898,1.24449480175972,1.2420077800750733,1.2384022176265717,1.2357820212841033,1.2321636497974395,1.227487361431122,1.2228427886962892,1.21734721660614,1.2152852892875672,1.20817312002182,1.2037378430366517,1.1985525727272033,1.1928207457065583,1.1859817147254943,1.1785583972930909,1.1765416622161866,1.167025727033615,1.1609586477279663,1.1529637396335601,1.1455603659152984,1.1375132977962494,1.130296343564987,1.1227009415626525,1.1135488033294678,1.1041603446006776,1.0962104082107544,1.087551975250244,1.0770450949668884,1.0689817130565644,1.060696053504944,1.0516197979450226,1.0432015538215638,1.0325780153274535,1.0239309400320054,1.014966368675232,1.004662749171257,0.994091859459877,0.9856827974319458,0.9776907712221146,0.9663618057966232,0.9598714381456375,0.951697152853012,0.9408956170082092,0.9304946929216384,0.9216754406690597,0.9136374115943908,0.9038391679525375,0.8918047934770584,0.8836819261312485,0.8744403690099716,0.863414540886879,0.8535446256399155,0.8452377587556839,0.8348625957965851,0.8241026610136032,0.8151949048042297,0.8060288459062577,0.7978787571191788,0.7862525075674057,0.7769506603479386,0.7677414029836654,0.756560429930687,0.7488384664058685,0.7407235383987427,0.7316067814826965,0.722403034567833,0.7125186175107956,0.7030449837446213,0.6938477843999863,0.6846606016159058,0.6748246312141418,0.6640552610158921,0.6556273251771927,0.6465430200099945,0.6391239672899246,0.6281614243984223,0.6219769716262817,0.6133654236793518,0.6039777725934983,0.5956366777420044,0.5863554894924163,0.5759713470935821,0.570488128066063,0.5597686111927033,0.5511116296052933,0.5432620584964752,0.5348576307296753,0.5245482787489891,0.5161846578121185,0.5056878745555877,0.49648751616477965,0.48873713463544843,0.4810460343956947,0.4726406067609787,0.46480647623538973,0.4545796558260918,0.44635878056287764,0.43768849819898603,0.42965789437294005,0.4210382506251335,0.4123114988207817,0.40721452981233597,0.39395572245121,0.38825237303972243,0.37958831936120985,0.36912784576416013,0.3599109917879105,0.35104169249534606,0.3415101572871208,0.3300726324319839,0.32121294140815737,0.3117015227675438,0.30280931293964386,0.29163465052843096,0.28471931219100954,0.2737882435321808,0.2644862934947014,0.2574169561266899,0.24601968824863435,0.2354750692844391,0.22712261080741883,0.21546073481440545,0.20803638249635698,0.1955509826540947,0.1856043018400669,0.17687293365597725,0.16621425449848176,0.15631484761834144,0.1456593282520771,0.1367480769753456,0.12636036723852156,0.11598998904228211,0.10548065789043903,0.0972552590072155,0.08742803819477558,0.07859543822705746,0.0699663557112217,0.060840104892849925,0.055050826817750934,0.05127756036818028,0.0,0.048846419900655746,0.05238888617604971,0.0592234306037426,0.07082742303609849,0.07950466684997082,0.09138682782649994,0.10384173318743706,0.1167412556707859,0.1300799310207367,0.1414086900651455,0.15773210003972055,0.16856709718704224,0.18464178442955018,0.19846633821725845,0.21576151475310326,0.23552854508161544,0.24812196642160417,0.26583281904459,0.28466903865337373,0.3034344017505646,0.32121798396110535,0.3409713670611382,0.3641364395618439,0.3872574508190155,0.40884143114089966,0.4419749155640602,0.47268252819776535,0.5078550562262535,0.5417909324169159,0.5895559966564179,0.6646037429571152
t_30,1.2870416581630706,1.286747658252716,1.2888329088687898,1.287948876619339,1.287693852186203,1.2880300104618072,1.2857366383075715,1.284952735900879,1.2820929646492005,1.2824238240718842,1.2811876475811004,1.278324407339096,1.279479056596756,1.2786052227020264,1.2792586266994477,1.2757695972919465,1.2742229580879212,1.2720056354999543,1.2701985120773316,1.2687251269817352,1.2659297466278077,1.265340793132782,1.2631471395492553,1.2602828979492187,1.2586660981178284,1.2567450881004334,1.2544823348522187,1.25021271109581,1.2476622700691222,1.2451975226402283,1.2416240215301513,1.239006119966507,1.2354218900203704,1.230765050649643,1.2261485159397125,1.2206878125667573,1.2186452150344849,1.2115737318992614,1.207151848077774,1.2019946455955506,1.1962994396686555,1.189512801170349,1.1821342945098876,1.1801328778266906,1.1706789791584016,1.1646486282348634,1.1566931366920472,1.1493429005146027,1.1413571000099183,1.1341804444789887,1.1266138970851898,1.117548257112503,1.1082211017608643,1.1003288924694061,1.0917098224163055,1.0812672972679138,1.073270720243454,1.0650292813777924,1.0560291886329651,1.0476551115512849,1.037099575996399,1.028489989042282,1.01960486471653,1.00935560464859,0.9988745868206024,0.9904882133007049,0.9825558185577392,0.9713202327489853,0.9648949861526489,0.956771370768547,0.9460752904415131,0.9357289642095565,0.9269605845212936,0.9189948201179504,0.9092741042375565,0.8973022252321243,0.8892772167921066,0.880080571770668,0.86908820271492,0.8593334674835205,0.8510827034711838,0.8407807230949402,0.8300684809684753,0.8212593555450439,0.8121458113193512,0.804072591662407,0.7925432562828064,0.7833378970623016,0.7741922408342361,0.7630805641412735,0.7554056376218796,0.7473845452070236,0.738383561372757,0.7291869908571244,0.7193357348442078,0.7100290596485138,0.7009197384119034,0.6917823404073715,0.682063814997673,0.6713675439357758,0.6630034208297729,0.6539648324251175,0.6466684311628341,0.6357451677322388,0.62968028485775,0.6211677491664886,0.6118254095315934,0.6035903543233871,0.5943772584199906,0.584141606092453,0.5787101775407791,0.5680171698331833,0.5593918561935425,0.5517078995704651,0.5434516608715058,0.5331918150186539,0.5248551800847053,0.5145453780889511,0.5053683623671532,0.49770158231258393,0.4901758998632431,0.48181224167346953,0.4740580663084984,0.46394986361265184,0.45569809675216677,0.44720771461725234,0.4392826080322266,0.4307376965880394,0.4221187338232994,0.41701012700796125,0.4039608210325241,0.39830233007669447,0.38969846069812775,0.37933485954999924,0.37021085023880007,0.36123655289411544,0.3517829209566116,0.3406962096691132,0.33188890665769577,0.322292172908783,0.3135386139154434,0.302434004843235,0.2956182524561882,0.2847923830151558,0.2753649726510048,0.26860409528017043,0.2571655988693237,0.2466622143983841,0.2381392903625965,0.22665006145834923,0.21922529563307763,0.2068781301379204,0.19698392152786254,0.18856894299387933,0.177867990732193,0.1677529275417328,0.15630378127098082,0.14826924353837967,0.13800255358219146,0.12692659422755243,0.11597139164805412,0.10805393941700459,0.0988322377204895,0.08820594251155853,0.07934643402695656,0.07003042213618756,0.06066240686923265,0.054951957613229754,0.048846419900655746,0.0,0.04931012876331806,0.05302774719893932,0.06367981471121312,0.07130416370928287,0.08130156062543392,0.09279189705848694,0.1059981007128954,0.11919867061078548,0.1301399476826191,0.1464780606329441,0.1569481760263443,0.17346422225236893,0.18697478175163268,0.20431665629148482,0.22412323132157325,0.23692422807216645,0.2547021724283695,0.2736173391342163,0.29229456931352615,0.31017973124980924,0.3299492925405502,0.35325233191251754,0.3765309274196625,0.3982624411582947,0.43158196210861205,0.46244868338108064,0.49786788672208787,0.5320036113262177,0.5800763130187988,0.6556517481803894
t_29,1.291363102197647,1.2910851657390594,1.2931804537773133,1.2922976851463317,1.2920473992824555,1.2923921525478363,1.2900946378707885,1.2893165230751038,1.286464089155197,1.2868030309677123,1.2855641663074493,1.2827037930488587,1.2838647544384003,1.2830187618732452,1.2836748719215394,1.2801958739757537,1.2786631882190704,1.276454472541809,1.2746414065361023,1.273196166753769,1.2704052805900574,1.2698207139968871,1.2676377058029176,1.2647854447364808,1.2631938993930816,1.2612825870513915,1.259017527103424,1.254770666360855,1.2522282660007478,1.2497836709022523,1.2462485551834106,1.243627142906189,1.2400747001171113,1.235429722070694,1.230836707353592,1.2253846228122711,1.2233717024326325,1.2163150668144227,1.2119089365005493,1.2067502200603486,1.2010836899280548,1.1943298697471618,1.1869750618934631,1.1849794507026672,1.1755388259887696,1.169518953561783,1.1615760624408722,1.1542546272277832,1.1463099896907807,1.1391068696975708,1.1315774977207185,1.1225267231464386,1.113223487138748,1.1053358495235444,1.096713137626648,1.086264443397522,1.078298944234848,1.0700714528560638,1.06110480427742,1.052717423439026,1.042165505886078,1.0336082220077514,1.0247283190488816,1.0144805133342742,1.0040299415588378,0.9957026958465576,0.9877895653247833,0.9765681177377701,0.970184987783432,0.9620870321989059,0.9514916390180588,0.9411012560129166,0.9323936998844147,0.9244500398635864,0.9147937029600144,0.9029147773981094,0.894936665892601,0.8857530355453491,0.8747678369283676,0.865117073059082,0.8569345593452453,0.8466377407312393,0.8360183089971542,0.8272264033555985,0.81817367374897,0.8102083593606949,0.7987538725137711,0.7896457970142364,0.7805373191833496,0.7695008993148804,0.7619034647941589,0.7539493083953858,0.7450497835874558,0.7358787149190903,0.7260649472475051,0.7168343394994736,0.7078835219144821,0.6987848848104476,0.6891140073537827,0.6785277187824249,0.670205146074295,0.6612778156995773,0.6540976345539093,0.6432242155075073,0.637263435125351,0.6289135336875915,0.6195755451917648,0.6113875925540924,0.6022722989320755,0.5921171873807907,0.586813285946846,0.5761995702981949,0.5676754593849183,0.5601055920124054,0.5519436687231064,0.5417926520109176,0.5335084110498428,0.523255942761898,0.5141380146145821,0.506535193324089,0.49912638366222384,0.49086387157440187,0.48316652327775955,0.47322038412094114,0.4651520699262619,0.4566685542464256,0.4488246783614159,0.44037395119667055,0.43177504539489747,0.42674932479858396,0.413804267346859,0.4082403123378754,0.3996839940547943,0.38950675874948504,0.3804690703749657,0.3716700434684753,0.3623461663722992,0.3510503515601158,0.3422818183898926,0.33288978040218353,0.3241674840450287,0.31318822503089905,0.3063438251614571,0.2955606937408447,0.2864271476864815,0.27967620342969896,0.26827760487794877,0.25792149007320403,0.24940775632858275,0.23789889439940454,0.23063401654362678,0.21821896731853485,0.20845356062054635,0.1998741075396538,0.18945482671260833,0.17917125895619393,0.1680389828979969,0.1596399240195751,0.148805420845747,0.13843936547636987,0.12772989384829997,0.11899325996637344,0.10916309170424938,0.09938008449971676,0.08905368447303771,0.07847693264484405,0.0694780383259058,0.06325176991522312,0.05238888617604971,0.04931012876331806,0.0,0.046243219077587126,0.055250019393861295,0.06104570310562849,0.07177490368485451,0.08248514756560325,0.09470287859439849,0.10757802352309227,0.11849052347242832,0.13464104682207106,0.14513134956359863,0.16159727647900582,0.1753477208316326,0.19230358079075813,0.21218309327960014,0.22492918744683266,0.24269386231899262,0.26165777891874314,0.2805507093667984,0.2984978184103966,0.31834251433610916,0.34167958199977877,0.36511142253875734,0.3869665160775185,0.4204841986298561,0.4514609664678574,0.48711866438388823,0.5214779227972031,0.5698934018611908,0.6459956109523773
t_28,1.2942785680294038,1.2939997255802154,1.2960755407810212,1.2951961398124694,1.2949550569057464,1.295295888185501,1.2930106043815612,1.2922407150268556,1.2894070446491241,1.289744782447815,1.2885266184806823,1.2856718719005584,1.2868279278278352,1.2859931290149689,1.2866344153881073,1.2831794381141663,1.2816671431064606,1.27947239279747,1.2776731967926025,1.2762390851974488,1.2734574139118195,1.2728822231292725,1.2707106053829194,1.26787970662117,1.2663033604621887,1.2643984079360961,1.2621534943580628,1.2579352259635925,1.2554049730300902,1.2529831230640411,1.2494829654693604,1.2468712151050567,1.2433564007282256,1.2387398779392242,1.2341860592365266,1.228778785467148,1.2267829298973083,1.2197844922542571,1.2154001295566559,1.210282826423645,1.204661339521408,1.197968989610672,1.190673041343689,1.1886932313442231,1.1793360531330108,1.1733658492565155,1.1654737830162047,1.1582170307636261,1.1503422617912293,1.1431988775730133,1.1357123255729675,1.1267601788043975,1.1175308346748352,1.1097089111804963,1.101145601272583,1.090778684616089,1.082888090610504,1.0747170269489288,1.0658279836177826,1.0575049281120301,1.0470387279987334,1.0385268747806549,1.029730987548828,1.0195493936538695,1.0091881990432738,1.000899314880371,0.9930478811264039,0.9819280445575714,0.9756006807088852,0.9675619512796402,0.9570570409297943,0.9467390269041062,0.9380817621946335,0.930210092663765,0.9206312984228134,0.9088065534830093,0.9009223252534866,0.8917937099933624,0.880858302116394,0.8712873756885529,0.8631544768810272,0.8529413968324662,0.8423783004283905,0.8336811780929565,0.8246710687875748,0.8167640298604966,0.8054041862487793,0.7963586747646332,0.7873207747936248,0.7763574451208115,0.768806341290474,0.7609142482280731,0.7521183758974075,0.7429723799228668,0.7331948310136795,0.7240868210792542,0.7152096658945084,0.7061699092388153,0.6965810120105743,0.6860785365104676,0.6778103560209274,0.6689308822154999,0.6618486315011978,0.6510166585445404,0.6451424986124039,0.6368589043617249,0.6275876969099045,0.6195228368043899,0.610428187251091,0.6003897458314895,0.5951258301734924,0.5845693916082382,0.5760808616876603,0.5686366468667984,0.5605849087238312,0.5504703789949417,0.5422552436590194,0.5321498960256577,0.523058807849884,0.5155662715435028,0.5082968443632125,0.5000164151191712,0.49239945560693743,0.4825184360146523,0.4745000049471855,0.4661049649119377,0.4583446055650711,0.44999280124902724,0.4414655640721321,0.43650977313518524,0.423672616481781,0.4181831836700439,0.4097253382205963,0.39959966093301774,0.3905894339084625,0.3817713439464569,0.3725919336080551,0.361445714533329,0.35279193669557574,0.3433418542146683,0.33477872163057326,0.32385284155607225,0.31713378578424456,0.3064181700348854,0.2972169488668442,0.29056595265865326,0.27924834638834,0.26886431574821473,0.2602656617760658,0.24890850484371185,0.24176540225744247,0.22952816188335418,0.21955682039260865,0.21112752556800843,0.200700356811285,0.19038247019052507,0.17904833257198333,0.17102294862270356,0.16014599055051804,0.14968440011143685,0.13871202245354652,0.12990022376179694,0.12024532407522201,0.10982907824218273,0.09943613260984421,0.088722350820899,0.07950107529759406,0.06979979909956455,0.0592234306037426,0.05302774719893932,0.046243219077587126,0.0,0.05070617776364088,0.053770380280911925,0.06238278187811375,0.07286234200000763,0.08411386348307133,0.09762281067669391,0.10747230388224124,0.12364641427993775,0.1337854117155075,0.15039829686284065,0.16404930353164673,0.18112468868494033,0.20090018436312676,0.21383258625864981,0.2317628115415573,0.25072057321667673,0.2695745438337326,0.2876202568411827,0.3075653836131096,0.3310287997126579,0.3546053409576416,0.3766127020120621,0.4103484034538269,0.4414910152554512,0.4773786008358002,0.5119887530803681,0.5607062041759491,0.6374362796545029
t_27,1.2983632147312165,1.2980941474437713,1.300177413225174,1.2992999374866485,1.2990616977214813,1.2994072258472442,1.2971197485923767,1.2963585138320923,1.2935356020927429,1.293884938955307,1.2926659882068634,1.289814293384552,1.2909711241722106,1.290159183740616,1.2907969176769256,1.2873604536056518,1.285859763622284,1.2836783289909364,1.2818752646446228,1.2804620265960693,1.277688694000244,1.277120178937912,1.2749580025672913,1.2721463024616242,1.2705864310264587,1.268694168329239,1.2664524018764496,1.2622568428516387,1.2597406506538391,1.2573380887508392,1.2538800239562988,1.2512712836265565,1.2477892637252808,1.24319229722023,1.2386675119400024,1.2332828640937805,1.23131263256073,1.2243461728096008,1.2199832201004028,1.2148772716522216,1.2092930912971496,1.202642524242401,1.1953869760036469,1.1934134662151337,1.184093451499939,1.1781492948532104,1.1702831983566284,1.1630690276622773,1.1552515923976898,1.1481054782867433,1.1406690537929536,1.1317599594593049,1.1225754201412201,1.114771658182144,1.106228494644165,1.095880502462387,1.0880423605442047,1.0798998177051544,1.0710614979267121,1.0627486884593964,1.0523151397705077,1.043865942955017,1.0351025938987732,1.0249402940273284,1.0146273106336594,1.0064095288515091,0.9985959440469742,0.9875134795904159,0.981232151389122,0.9732383638620377,0.9628382980823517,0.9525162786245346,0.9439332962036133,0.9361052840948105,0.9265941113233567,0.91486054956913,0.9070395499467849,0.8979500323534012,0.8870440751314164,0.877576932311058,0.86952044069767,0.8593438625335693,0.8488759577274323,0.8402091979980468,0.8312683820724487,0.823445999622345,0.8121967881917953,0.8032327145338058,0.7942566424608231,0.7833702832460403,0.7759081333875656,0.7680624693632125,0.7593893229961395,0.7502901315689087,0.7405542641878128,0.7315416187047958,0.7227811485528945,0.7138134181499481,0.7042760193347931,0.6938866347074508,0.6856692373752594,0.6769138395786285,0.669948622584343,0.6591711670160294,0.6533954620361329,0.6452655076980591,0.6360200822353363,0.6280518382787704,0.6190211534500122,0.6090782314538956,0.6039601355791092,0.5934722304344178,0.5850824415683746,0.5777426928281784,0.5697844356298447,0.5598227679729462,0.5516181975603104,0.5416181951761245,0.5325733453035355,0.5252020269632339,0.518066680431366,0.5098278641700744,0.5023108199238777,0.49259447157382963,0.4847627252340317,0.47633620351552963,0.46870640218257903,0.46045666337013247,0.45195806175470354,0.44714864939451215,0.43438734859228134,0.42897274643182753,0.4205996602773666,0.41060191094875337,0.40171256512403486,0.3930459052324295,0.3840794533491135,0.3727472275495529,0.3641803294420242,0.35490292459726336,0.3464741125702858,0.3355976313352585,0.32899889498949053,0.3183221623301506,0.3092783033847809,0.302718748152256,0.29144986569881437,0.281301374733448,0.27277920246124265,0.26143490225076677,0.2543619491159916,0.2419699624180794,0.23237626776099204,0.2237149953842163,0.21359195038676262,0.20346749052405358,0.19183219969272614,0.18360340148210524,0.17293826416134833,0.16273961663246156,0.15168845430016517,0.14333519637584685,0.13324302062392235,0.1232561081647873,0.11170908957719802,0.10096544399857521,0.09112523384392261,0.08075923658907413,0.07082742303609849,0.06367981471121312,0.055250019393861295,0.05070617776364088,0.0,0.04848233461380005,0.05644551608711481,0.06393479146063327,0.07593549713492394,0.08613897934556007,0.09681855142116547,0.1122374027967453,0.12281588092446327,0.13862061947584153,0.1526177480816841,0.16904404237866402,0.1887814976274967,0.201450714468956,0.2192175179719925,0.2384009450674057,0.25741987973451613,0.2754725247621536,0.2954129368066788,0.3190059676766396,0.34260198324918745,0.364645753800869,0.39872912168502805,0.429944109916687,0.4661044582724571,0.5009156256914139,0.5499831467866898,0.6272705256938934
t_26,1.3023064076900481,1.3020355105400085,1.3040915608406067,1.3032183527946473,1.3029905617237092,1.303327876329422,1.3010601818561554,1.3003024935722352,1.2975099861621857,1.297853308916092,1.2966534316539764,1.2938206136226653,1.294966197013855,1.2941593527793884,1.2947854697704315,1.2913782238960265,1.2898973643779754,1.2877297937870025,1.2859457194805146,1.2845424354076385,1.281783890724182,1.2812199294567108,1.2790735065937042,1.2762834548950195,1.2747398972511292,1.2728546261787415,1.2706337034702302,1.2664752364158631,1.2639732122421266,1.261591225862503,1.258166790008545,1.2555730819702149,1.2521261036396027,1.2475696861743928,1.2430811047554016,1.2377504050731658,1.2357946574687957,1.228886616230011,1.2245588600635529,1.219492381811142,1.2139644384384156,1.2073721528053283,1.2001872956752777,1.1982253968715668,1.1889948070049285,1.1831043243408204,1.1752972781658173,1.1681559324264525,1.1604113399982452,1.1533326268196107,1.1459508299827577,1.1371352136135102,1.1280390202999115,1.1202986419200898,1.1118220746517182,1.101566845178604,1.0937993824481964,1.0857281863689423,1.0769616723060609,1.0687241554260254,1.0583802223205567,1.0500010669231414,1.0413095593452453,1.0312280833721161,1.0210001200437546,1.0128397941589355,1.005095860362053,0.9941113024950028,0.987882775068283,0.9799576193094254,0.9696417540311814,0.9593923181295395,0.9508711755275726,0.9431085258722305,0.9336861729621887,0.9220232248306275,0.9142818182706833,0.9052591890096664,0.8944195121526718,0.8850281596183777,0.8770435243844986,0.8669362783432006,0.8565393179655075,0.8479607850313187,0.8390763461589813,0.8313215494155883,0.8201504200696945,0.8112640619277954,0.8023632824420929,0.7915492057800293,0.7841391652822495,0.7763912916183472,0.7677922636270523,0.7587656170129776,0.7490887343883514,0.7401587218046188,0.7314906269311905,0.7225835621356964,0.7131366282701492,0.7028118401765824,0.6946776181459426,0.68598672747612,0.6791138827800751,0.6683848619461059,0.6626834779977798,0.6546290129423141,0.6454718917608261,0.6375980883836746,0.628629493713379,0.618765977025032,0.6137062191963196,0.6033156365156174,0.5949828147888183,0.5877345949411392,0.579837155342102,0.5699445545673371,0.5618823558092118,0.5519335031509399,0.5429816901683807,0.535721731185913,0.5286211341619491,0.5204525575041771,0.513065581023693,0.5033640742301941,0.4955630227923393,0.48728766441345217,0.47969180047512056,0.4715022027492523,0.46312252432107925,0.45843183994293213,0.44568593204021456,0.44034516662359235,0.4321072444319725,0.4221044197678566,0.41328624784946444,0.40468558520078657,0.39576645642519,0.38459349125623704,0.3761071220040321,0.3669214591383934,0.35850969702005386,0.3476898387074471,0.3411501482129097,0.33054050207138064,0.32154234647750857,0.3149850755929947,0.3038794070482254,0.2936197116971016,0.2852326363325119,0.27389122545719147,0.26688124537467955,0.2545300543308258,0.24490703493356705,0.2362771935760975,0.22614450976252556,0.21585550010204316,0.20465389341115953,0.1962701238691807,0.1855420373380184,0.1753767892718315,0.16404128521680833,0.15553363859653474,0.14540963470935822,0.13495680838823318,0.12370630837976933,0.11228384710848331,0.10229757875204086,0.0916413839906454,0.07950466684997082,0.07130416370928287,0.06104570310562849,0.053770380280911925,0.04848233461380005,0.0,0.04803629163652658,0.05475291572511196,0.06389882043004036,0.07416219264268875,0.08359460160136223,0.09889066591858864,0.10897237621247768,0.12468626163899899,0.13876039907336235,0.15545495152473449,0.17515244111418724,0.18769898191094397,0.20580152794718742,0.22493310272693634,0.24405621588230134,0.26222264021635056,0.28249540328979494,0.30605587512254717,0.3298227861523628,0.3521482303738594,0.3863528624176979,0.41793692409992217,0.45436050146818163,0.48946370780467985,0.5389799565076828,0.6169935613870621
t_25,1.3052016496658325,1.304937046766281,1.3069905698299409,1.306114423274994,1.3058964133262634,1.3062362134456635,1.3039665281772614,1.3032218158245086,1.300434648990631,1.3007878124713899,1.2996036648750304,1.296762579679489,1.297912746667862,1.2971267342567443,1.2977365255355835,1.2943464994430542,1.2928872644901275,1.2907309234142303,1.288949328660965,1.2875641524791717,1.2848075687885285,1.2842524290084838,1.2821134507656098,1.279344654083252,1.2778153359889983,1.275938194990158,1.2737309873104095,1.2695937871932983,1.2671025335788726,1.2647454202175141,1.2613629281520844,1.2587724387645722,1.2553662180900573,1.2508259534835815,1.246375560760498,1.241074514389038,1.2391477704048157,1.232286310195923,1.2279704451560973,1.2229371905326842,1.2174503087997437,1.2109176158905028,1.2037855744361878,1.2018402457237243,1.1926777839660645,1.1868297159671783,1.1790640234947205,1.1719845473766326,1.1643116235733033,1.1572695672512054,1.1499313116073608,1.1412135481834411,1.1321868419647216,1.1245075345039368,1.116077321767807,1.1058907985687256,1.0982009768486023,1.0901875913143158,1.0815066635608672,1.0733199417591095,1.0630544781684876,1.0547323763370513,1.0461364150047303,1.0361075520515441,1.0259823024272918,1.0178690075874328,1.0101870983839034,0.999311763048172,0.9931557208299637,0.9852890878915787,0.9751122087240219,0.9649113923311233,0.9564579486846924,0.9487859636545182,0.9394528865814209,0.9278765499591828,0.9202470421791077,0.9112730920314789,0.9004794925451278,0.8912040054798126,0.8832906156778335,0.8732824891805648,0.8629535049200058,0.85448057949543,0.8456573724746704,0.8379957705736161,0.8269537210464477,0.8181688815355301,0.8093359619379044,0.7986132383346558,0.7912695288658143,0.7835863709449769,0.7751212596893311,0.7661246836185456,0.7564720094203949,0.7477348864078521,0.7391553461551666,0.7303229212760926,0.7209795832633972,0.7107722580432891,0.7026926577091217,0.6940703451633453,0.6873276740312576,0.676639610528946,0.6710575699806214,0.6631033688783645,0.6539922386407853,0.6462374567985535,0.6373688489198684,0.6276577949523926,0.622648823261261,0.6123352617025375,0.6040176212787628,0.5969299077987671,0.5891965389251709,0.5793557941913605,0.5713228821754456,0.5615699559450149,0.5526571929454803,0.5454538196325303,0.5385210484266281,0.5304316073656082,0.5230823010206223,0.5134555593132972,0.5057608410716057,0.49758572280406954,0.49009226709604264,0.48206682205200196,0.4737743705511093,0.4690376415848732,0.4565598234534264,0.4512960821390152,0.44310182631015776,0.4331492081284523,0.42445772886276245,0.41579379588365556,0.40698369443416593,0.3960721969604492,0.3876039654016495,0.37842280268669126,0.3701761901378632,0.35948862731456754,0.35303865671157836,0.342492014169693,0.3335434600710869,0.3270153984427452,0.31589594632387163,0.30582807809114454,0.2973180890083313,0.28624186515808103,0.2792606756091118,0.26709317713975905,0.25711939483880997,0.2489241361618042,0.2386649116873741,0.22850580215454103,0.2170957624912262,0.20917492359876633,0.19837667867541314,0.1878792367875576,0.176717084646225,0.1681267388164997,0.1580265372991562,0.14711870178580283,0.13609741926193236,0.12466936111450196,0.11485894806683064,0.10283164009451866,0.09138682782649994,0.08130156062543392,0.07177490368485451,0.06238278187811375,0.05644551608711481,0.04803629163652658,0.0,0.04776520356535911,0.05418153833597898,0.06508291289210319,0.07261430248618125,0.0870237447321415,0.09674503095448017,0.11251158192753792,0.12591420263051986,0.14261787459254266,0.16248209029436111,0.17523349598050117,0.1935804530978203,0.21241864934563637,0.23138451650738717,0.24977678507566453,0.2700094610452652,0.29374449253082274,0.3176654189825058,0.3401465639472008,0.37450323402881625,0.4063389465212822,0.44301935881376264,0.478370700776577,0.5281558483839035,0.6067949652671814
t_24,1.3089845716953277,1.3087389051914216,1.3108032464981079,1.3099229335784912,1.3097163140773773,1.3100721836090088,1.3077846884727478,1.3070460081100463,1.3042595982551575,1.3046208262443542,1.3034415543079376,1.3005877375602721,1.301749050617218,1.3009940028190612,1.3016046404838562,1.2982170164585114,1.2967763125896454,1.2946271002292633,1.2928377449512483,1.2914748907089233,1.2887192010879516,1.2881712734699249,1.2860385000705719,1.2832767426967622,1.281775289773941,1.2799086928367616,1.2776973724365235,1.2735777080059052,1.2710934698581695,1.2687605798244477,1.2654199659824372,1.2628179728984832,1.2594539761543273,1.2549151003360748,1.250491088628769,1.2452004313468934,1.243309384584427,1.2364676415920257,1.232154667377472,1.2271221101284027,1.2216614007949829,1.2151736736297607,1.208066427707672,1.2061325132846832,1.1969903707504272,1.1911605417728424,1.183401197195053,1.1763595342636108,1.1687382519245149,1.1616753816604615,1.1543719947338105,1.1456939995288848,1.1366937279701232,1.1290278136730194,1.1205967545509339,1.1104191601276399,1.1027753949165344,1.094771385192871,1.086147713661194,1.077952790260315,1.0677031338214875,1.0594282448291779,1.0508690237998963,1.0408505082130433,1.0307789385318755,1.0227086067199707,1.0150603920221328,1.0042317748069762,0.9981239646673202,0.9902950644493103,0.98023981153965,0.9700079470872879,0.9616215288639068,0.9540084958076477,0.9447427868843079,0.9332508027553559,0.9257004916667938,0.9167523980140686,0.9059620320796966,0.8968013465404511,0.8889629364013671,0.8789845168590545,0.8687366575002671,0.8603198021650315,0.8515503436326981,0.8439862221479416,0.8330391556024551,0.8243595272302627,0.8155707269906998,0.80494225025177,0.7976699471473694,0.7900522291660309,0.781728994846344,0.7727348417043686,0.7631147563457489,0.7545058280229568,0.7460882931947708,0.7373116880655288,0.7280145138502121,0.7179273635149002,0.7098973006010055,0.7013719886541366,0.6948095858097076,0.6841172605752945,0.6786878079175949,0.6708726763725281,0.6617877215147019,0.6541562259197236,0.6453201591968536,0.6357393950223923,0.6308421850204468,0.6206087023019791,0.6123596429824829,0.6054361432790756,0.5978246062994004,0.5880675137042999,0.5801095008850098,0.5704649418592453,0.561586219072342,0.5545313686132431,0.5477533161640167,0.5396969825029373,0.5324008375406265,0.5229597568511963,0.5154035791754723,0.5072913333773613,0.49989704936742785,0.4920190706849098,0.48375248461961745,0.4790847048163414,0.466784405708313,0.46158007234334947,0.4534775272011757,0.4437290787696838,0.4350926116108894,0.426553039252758,0.41789052784442904,0.40689436346292496,0.3985971212387085,0.3894731357693672,0.38138101249933243,0.3707578882575035,0.36437672972679136,0.35388104170560836,0.34509391635656356,0.33874810487031937,0.3276469647884369,0.31769368052482605,0.30901444107294085,0.2982441529631615,0.29129706919193266,0.27910407781600954,0.2694377526640892,0.261332805454731,0.25105092823505404,0.2409014604985714,0.22941009625792502,0.2216211199760437,0.21105100512504577,0.2005968563258648,0.18922888711094857,0.18078648298978806,0.17092231959104537,0.16035258546471595,0.1487862341105938,0.13749568685889244,0.12696704007685183,0.114896160364151,0.10384173318743706,0.09279189705848694,0.08248514756560325,0.07286234200000763,0.06393479146063327,0.05475291572511196,0.04776520356535911,0.0,0.049969743192195895,0.05523478649556637,0.06268236320465803,0.0766792755573988,0.08525408245623112,0.10103595554828644,0.11416422575712204,0.1299775242805481,0.14971395656466485,0.16272554472088813,0.1806037098169327,0.19955667108297348,0.21862142235040666,0.2369680605828762,0.25695656090974806,0.2809367164969444,0.3049506530165672,0.32750870287418365,0.3621258318424225,0.39402624368667605,0.4309662565588951,0.4665316119790077,0.5165995001792908,0.5958702743053437
t_23,1.312969583272934,1.3127300977706908,1.3147795259952546,1.3139024138450623,1.313702827692032,1.3140571773052216,1.3117797315120696,1.311047649383545,1.3082813441753387,1.3086421370506287,1.3074753165245057,1.3046313047409057,1.3057907223701477,1.3050493001937866,1.3056507468223573,1.3022863388061523,1.3008651793003083,1.298729121685028,1.2969490885734558,1.2956058204174041,1.2928592443466187,1.29231698513031,1.2901977479457856,1.287457525730133,1.285973346233368,1.2841157853603362,1.2819204807281495,1.2778333663940429,1.275362455844879,1.2730534076690674,1.2697490394115447,1.2671583831310271,1.2638306736946106,1.2593236148357392,1.2549342870712281,1.2496846556663512,1.2478167057037353,1.241025596857071,1.236741065979004,1.2317400336265565,1.2263288080692292,1.2198957622051239,1.2128478646278382,1.2109264731407166,1.2018533885478973,1.1960686922073365,1.188360971212387,1.1813795387744903,1.1738269090652467,1.1668067932128907,1.1595552206039428,1.1509594559669494,1.1420321106910705,1.1344286978244782,1.1260465204715728,1.115941470861435,1.1083676159381866,1.1004261910915374,1.0918758988380433,1.0837353885173797,1.0735620319843293,1.0653531014919282,1.056861436367035,1.046907639503479,1.036923897266388,1.028914338350296,1.0213275641202926,1.010590699315071,1.0045486629009246,0.9967819601297379,0.9868379384279251,0.9766574174165725,0.9683402895927429,0.960788470506668,0.9516174733638764,0.9402221292257309,0.9327539026737213,0.9238654226064682,0.9131354808807373,0.9040820360183716,0.8963137298822403,0.8864044725894928,0.8762500286102295,0.8679120033979416,0.859220239520073,0.851745018362999,0.8409018218517303,0.8323263704776764,0.8236044347286224,0.8130703896284104,0.8058633893728256,0.7983425319194793,0.79011749625206,0.7811798334121705,0.7716317713260651,0.7631448596715927,0.7548259377479554,0.7461163699626923,0.7369401752948761,0.7269509434700012,0.718998584151268,0.7105584591627121,0.704082065820694,0.6934917747974396,0.6881438881158829,0.6804341942071914,0.6714176595211029,0.6638647496700287,0.6551569700241089,0.6456889182329177,0.6408636033535003,0.6307311356067657,0.6225448280572892,0.6157475471496582,0.6082314729690552,0.5985714346170425,0.590691202878952,0.5811577409505844,0.5723901182413101,0.5653852015733719,0.5586953908205032,0.5507647067308425,0.5435679286718369,0.5342053711414337,0.5267096191644669,0.5187396392226219,0.5114137843251229,0.5036167711019516,0.49546134769916533,0.49085564315319063,0.4786879882216454,0.47356787472963335,0.4655472457408905,0.4558968976140022,0.4473539173603058,0.43887986093759535,0.4302728846669197,0.4194757729768753,0.4111730858683586,0.4021496042609215,0.3941330015659332,0.38359806686639786,0.3773157253861427,0.36692977845668795,0.35821563601493833,0.3519130364060402,0.34087914526462554,0.3310114279389381,0.32248429507017135,0.3116698026657104,0.3048518657684326,0.2927912771701813,0.28308876007795336,0.2749943107366562,0.2649209573864937,0.25466402247548103,0.24343048185110092,0.23562303557991982,0.22485955581068992,0.21446497291326522,0.2034065306186676,0.19467480704188347,0.18481970801949502,0.17398303672671317,0.1625538058578968,0.15127062126994134,0.14072906151413916,0.12861391231417657,0.1167412556707859,0.1059981007128954,0.09470287859439849,0.08411386348307133,0.07593549713492394,0.06389882043004036,0.05418153833597898,0.049969743192195895,0.0,0.050110299699008466,0.05326896514743566,0.06508760042488575,0.07318721003830433,0.08830433003604413,0.1005563497543335,0.11649336963891983,0.13604118973016738,0.14888629242777823,0.16713301539421083,0.18585155159235,0.2047244630753994,0.2232145167887211,0.24348492473363875,0.2674285039305687,0.29159643948078157,0.314340703189373,0.3490146458148956,0.38121984004974363,0.41836415976285934,0.4542034983634949,0.5047088354825974,0.5846441924571991
t_22,1.317833411693573,1.3176027894020081,1.3196473956108092,1.3187787353992462,1.3185775697231292,1.3189256966114045,1.3166590332984924,1.31593456864357,1.3131953418254851,1.313558828830719,1.31239373087883,1.3095696151256562,1.3107164323329925,1.309995847940445,1.310586541891098,1.3072569847106934,1.305841314792633,1.3037250876426696,1.3019480407238007,1.300626677274704,1.2978915631771089,1.2973575234413146,1.2952532589435577,1.2925348699092865,1.2910699665546417,1.289226496219635,1.2870351433753968,1.2829804182052613,1.2805294811725616,1.2782393634319305,1.2749761700630189,1.2723987340927123,1.2691077709197998,1.2646373212337494,1.2602819561958314,1.2550713002681733,1.2532217860221864,1.2464652597904204,1.2422252893447876,1.23723925948143,1.231886726617813,1.225502109527588,1.2185094118118287,1.2165965020656586,1.2075826287269593,1.201836758852005,1.1941716849803925,1.1872551083564757,1.1797684252262115,1.1727711737155915,1.1655862390995027,1.1570305347442627,1.1481777489185334,1.1405944347381591,1.1322427451610566,1.122190809249878,1.114664041996002,1.1067760705947876,1.0982747614383697,1.0901568114757538,1.0800272285938264,1.0719137847423554,1.06343332529068,1.0535277009010315,1.0435831367969512,1.0356568038463592,1.0281112551689149,1.0174129009246826,1.011407843232155,1.0036914467811584,0.9938350945711136,0.9836530834436417,0.9754078686237335,0.9678888022899628,0.9587840497493744,0.9474801182746887,0.940051257610321,0.9312090337276459,0.9205168277025223,0.9115367323160172,0.9038387089967728,0.8939414322376251,0.8838816553354263,0.8755600780248642,0.8669498831033706,0.8595383495092392,0.8487589806318283,0.840278273820877,0.831598487496376,0.8211355745792389,0.8139919251203537,0.8065514683723449,0.7983928978443146,0.7895301729440689,0.7800613909959793,0.7715990334749222,0.7633666723966599,0.7547167211771011,0.7456158190965653,0.7357077062129974,0.7278077095746994,0.7195070445537567,0.7130816251039505,0.7025864392518997,0.6972929745912552,0.689694058895111,0.6807317078113556,0.6732512921094894,0.6646014899015427,0.6551992565393447,0.6505009233951569,0.6404607892036438,0.6324251025915146,0.6256347566843032,0.6181540042161942,0.6086205244064331,0.6008586615324021,0.5913069248199463,0.5826429218053818,0.5757278114557266,0.5690648764371872,0.5612633913755417,0.5541507780551911,0.5449484825134278,0.5375212818384171,0.5296191990375518,0.5223798960447311,0.5146344780921936,0.5065093904733657,0.5020519465208053,0.4898853376507759,0.484857913851738,0.4769340917468071,0.4674303025007248,0.4589107304811478,0.45070114731788635,0.44213427156209945,0.43118766993284224,0.42302453219890596,0.4142661452293396,0.4062383592128754,0.39570277333259585,0.3894885703921318,0.3791308537125587,0.37067236602306364,0.36435451805591584,0.3534997031092644,0.34376505613327024,0.33542207777500155,0.324556365609169,0.31771520227193834,0.30551739782094955,0.29627233296632766,0.28794903606176375,0.27806112766265867,0.2679174169898033,0.2567605271935463,0.24872153103351594,0.23814899176359178,0.22795736268162728,0.2168005757033825,0.20838629603385925,0.19819353222846986,0.18778767213225364,0.17594933658838272,0.16468420699238778,0.15370500236749648,0.14207742735743523,0.1300799310207367,0.11919867061078548,0.10757802352309227,0.09762281067669391,0.08613897934556007,0.07416219264268875,0.06508291289210319,0.05523478649556637,0.050110299699008466,0.0,0.04856355879455805,0.05736570134758949,0.06461630091071129,0.0758759967982769,0.08854318968951702,0.10412346459925174,0.12281648516654968,0.1348621092736721,0.15270220041275023,0.17174524068832397,0.1910554863512516,0.20939548164606095,0.22996611818671225,0.2537136524915695,0.2778826653957367,0.30064821541309356,0.33556543439626696,0.3680347353219986,0.40541102439165116,0.4414628863334656,0.49245757460594175,0.5729831486940384
t_21,1.3209117472171783,1.3206800401210785,1.3227124094963074,1.3218430876731873,1.3216521799564362,1.3220005750656127,1.3197393476963044,1.3190193831920625,1.31629336476326,1.3166606843471527,1.315509694814682,1.3126859664916992,1.3138318240642548,1.3131213426589965,1.3137010753154754,1.3103884875774383,1.3089916110038757,1.3068851351737976,1.3051157534122466,1.3038019120693207,1.3010752141475677,1.3005471289157868,1.2984512984752654,1.2957504510879516,1.2942970991134644,1.2924604296684266,1.2902857661247253,1.286253774166107,1.2838126122951508,1.2815424978733063,1.278314232826233,1.2757401585578918,1.2724803328514098,1.2680340886116028,1.2637110114097596,1.2585380017757415,1.256705003976822,1.250004231929779,1.2457762002944945,1.2408267199993133,1.235510003566742,1.2291789114475251,1.2222391605377196,1.2203353703022004,1.211394840478897,1.2056908130645752,1.198065036535263,1.1911997616291046,1.1837791323661804,1.1768237054347992,1.16967431306839,1.1612099647521972,1.1524174153804778,1.1448905050754548,1.1365919828414917,1.1266021430492401,1.1191499054431915,1.1113053619861604,1.1028714597225189,1.0948083817958831,1.0847553551197051,1.0766709625720978,1.0682757079601288,1.0584205210208892,1.048564714193344,1.040669286251068,1.0331818401813506,1.0225744426250458,1.0166231960058212,1.0089608132839203,0.9991892486810684,0.9890754669904709,0.9808808773756027,0.97343230843544,0.9644001603126526,0.9531481713056564,0.945802628993988,0.9370214909315109,0.9263820350170135,0.9174870163202286,0.9098350137472153,0.9000281155109405,0.8900225996971131,0.88178750872612,0.87321957051754,0.8658583223819732,0.855188837647438,0.8467550188302994,0.8381474673748016,0.827757203578949,0.8206686645746231,0.8132716327905655,0.805219167470932,0.7963764876127243,0.7869376569986344,0.7786003440618515,0.7704430431127548,0.7618650585412979,0.7528171122074128,0.7430063396692276,0.735158360004425,0.7268971383571625,0.7205766201019287,0.7101183027029038,0.7049084484577179,0.6973811209201812,0.6884763151407242,0.6811229586601257,0.6724800944328309,0.663205823302269,0.6585387617349625,0.6485580921173095,0.64054633975029,0.6338846564292908,0.6265108853578567,0.6170418381690979,0.6093113243579864,0.5999179750680923,0.5912786304950715,0.5844894737005234,0.577947375178337,0.5701184660196305,0.5630876988172531,0.5539690762758255,0.5466160297393798,0.538759782910347,0.5316206872463226,0.5239546716213226,0.5159221187233924,0.5114992499351502,0.49947652518749236,0.49448995292186737,0.4866395562887192,0.47723698765039446,0.4687797576189041,0.4605422019958496,0.4521393537521362,0.44135025292634966,0.4332434326410294,0.42442362755537033,0.41656971275806426,0.40615072548389436,0.4000741645693779,0.3897868677973747,0.3812763154506683,0.37507219314575196,0.3642568811774254,0.3545286193490028,0.34622484147548677,0.33544703125953673,0.32873696833848953,0.31673512905836104,0.3073939010500908,0.29919948279857633,0.289273239672184,0.27920657098293306,0.267979197204113,0.2602180317044258,0.24961485490202903,0.23951601162552832,0.2282608225941658,0.2196322575211525,0.20976391956210136,0.1990072175860405,0.1873086489737034,0.17608128488063812,0.16546954587101936,0.15325646996498107,0.1414086900651455,0.1301399476826191,0.11849052347242832,0.10747230388224124,0.09681855142116547,0.08359460160136223,0.07261430248618125,0.06268236320465803,0.05326896514743566,0.04856355879455805,0.0,0.0494887962937355,0.05354238860309124,0.06601456589996815,0.0770237062126398,0.09203135706484318,0.11073680184781551,0.12304140254855156,0.14129439294338225,0.15992007479071618,0.17872453331947327,0.19714674949645997,0.21775391846895217,0.24185752496123314,0.26606365889310835,0.2890305116772652,0.3241837456822395,0.35678652226924895,0.3943503171205521,0.43068567365407945,0.48196260780096056,0.5632041186094284
t_20,1.3253069877624513,1.325097805261612,1.327130424976349,1.326257938146591,1.3260827481746673,1.3264454901218414,1.3241710722446443,1.32345969080925,1.3207384943962097,1.3211105644702912,1.3199719130992889,1.3171367824077607,1.3182964205741883,1.3176161766052246,1.3181952834129333,1.3148864567279817,1.3135192692279816,1.3114210426807404,1.3096500933170319,1.3083653628826142,1.3056399047374725,1.3051210522651673,1.3030350148677825,1.3003453254699706,1.298922175168991,1.2970971047878266,1.294925284385681,1.2909183740615844,1.2884858548641205,1.2862474143505096,1.2830644071102142,1.280484926700592,1.2772762537002564,1.27283735871315,1.2685452699661255,1.2633923888206482,1.261605191230774,1.2549334049224854,1.2507160127162933,1.2457750678062438,1.2405009746551514,1.2342292547225953,1.2273318648338318,1.2254429876804351,1.2165421724319458,1.210869598388672,1.2032712996006012,1.1964625120162964,1.189109867811203,1.1821540296077728,1.1750463187694549,1.1666562616825105,1.1579147338867188,1.1504374265670776,1.1421554267406464,1.1322140991687775,1.1248306393623353,1.117022830247879,1.1086831927299499,1.1006389379501342,1.0906397104263306,1.0826245427131653,1.0743073761463164,1.0644956588745118,1.0547363698482513,1.0468997955322266,1.039468663930893,1.0289597988128663,1.0230863511562347,1.0154838263988495,1.0058826148509978,0.9957851827144623,0.9876764059066773,0.980308610200882,0.9713876903057098,0.9602635949850082,0.9530335336923599,0.9442971557378769,0.9336879432201386,0.9249677419662475,0.9174111634492874,0.90767343044281,0.8977723509073258,0.8896393150091171,0.8811533331871033,0.8739357650279999,0.8633969366550446,0.8551268517971039,0.8465799242258072,0.8363038301467896,0.8292985439300538,0.8220236212015152,0.8141298145055771,0.8053108721971511,0.7959223836660385,0.7877930670976638,0.7798107773065567,0.7712964445352555,0.7623796492815018,0.7527121722698211,0.7449371427297592,0.7367825776338577,0.7306368887424469,0.7202331840991973,0.7151806443929672,0.7078257918357849,0.6989367812871933,0.6917109370231629,0.6832194179296494,0.6741118460893631,0.6695621609687805,0.6596620321273804,0.65170718729496,0.6452614098787308,0.6380409598350525,0.6286635667085647,0.620976734161377,0.6117723613977433,0.6031995683908462,0.5964979529380798,0.5901330679655075,0.5824204832315445,0.5754753053188324,0.5665224581956864,0.5592371135950088,0.5515714108943939,0.5445556074380875,0.5370291739702224,0.5290471613407135,0.5246916323900223,0.5129018783569336,0.5080231457948685,0.5002658486366272,0.49099106937646864,0.4826836884021759,0.47447009980678556,0.46619085371494295,0.45556625723838806,0.44748664647340775,0.43876183182001116,0.4310283973813057,0.42068025320768354,0.41478689908981325,0.40454618334770204,0.3962173029780388,0.39019995331764223,0.37935839742422106,0.36973938047885896,0.36148636788129807,0.35089741498231886,0.3443343281745911,0.3323513254523277,0.323146291077137,0.3150788128376007,0.3052575707435608,0.29522749185562136,0.28394041061401365,0.2765012413263321,0.2658514782786369,0.25582284182310105,0.24466127455234526,0.23609463796019553,0.22637520357966423,0.21553667709231378,0.20394283086061477,0.19291221126914024,0.18210838586091996,0.1697367988526821,0.15773210003972055,0.1464780606329441,0.13464104682207106,0.12364641427993775,0.1122374027967453,0.09889066591858864,0.0870237447321415,0.0766792755573988,0.06508760042488575,0.05736570134758949,0.0494887962937355,0.0,0.04698126688599587,0.05502285845577717,0.0660787221044302,0.07835933454334736,0.09541226252913475,0.10809011049568654,0.1263303879648447,0.14418131858110428,0.16303068101406099,0.1813925877213478,0.2017328105866909,0.22588476911187172,0.2502202033996582,0.2735141471028328,0.3085760101675987,0.341306608915329,0.3792857676744461,0.41586732417345046,0.4674883410334587,0.5495013356208801
t_19,1.3286960661411285,1.3284852147102355,1.3305095791816712,1.3296361982822418,1.3294688045978547,1.3298274040222169,1.327563261985779,1.3268593907356263,1.3241502165794372,1.3245267391204834,1.323401963710785,1.3205699980258943,1.321727591753006,1.321057951450348,1.3216230392456054,1.3183343648910522,1.3169836521148681,1.3148951649665832,1.3131328284740449,1.3118592143058776,1.309140330553055,1.308626663684845,1.3065485954284668,1.3038786828517914,1.3024668276309967,1.3006460666656494,1.2984896540641784,1.2945067703723907,1.2920815825462342,1.289862984418869,1.2867113173007965,1.2841355443000793,1.2809539258480072,1.2765385150909423,1.2722773551940918,1.267159742116928,1.265384554862976,1.2587634384632111,1.2545582234859467,1.2496539175510406,1.244407832622528,1.238188087940216,1.231334114074707,1.2294587433338164,1.2206190824508667,1.2149824142456054,1.2074221789836883,1.2006578326225281,1.1933593928813935,1.186439538002014,1.1793629765510558,1.1710495829582215,1.1623619854450227,1.1549309313297271,1.146693331003189,1.1367999851703643,1.1294771373271941,1.1217032670974731,1.1134175717830659,1.105416077375412,1.0954769730567933,1.087483787536621,1.079236340522766,1.069458556175232,1.0597708523273468,1.0519564211368562,1.0445696413516998,1.0341329216957091,1.0283030331134797,1.0207432895898818,1.011211597919464,1.001156598329544,0.9930913746356964,0.9857802718877793,0.9769214421510697,0.9658329159021377,0.9586781829595565,0.9499803304672241,0.9394047230482101,0.9307485699653626,0.9232341825962067,0.913565593957901,0.9037020534276963,0.8956487834453583,0.8871802031993866,0.8800198346376419,0.8695484668016433,0.8613224774599075,0.8528287082910537,0.8426169335842133,0.8356509894132614,0.8284270077943802,0.8206018060445786,0.8118105322122574,0.8024359554052353,0.794393801689148,0.7865096092224121,0.7780509978532791,0.7691637635231018,0.7595558911561966,0.7518327355384826,0.743701645731926,0.7376812517642974,0.7272654384374618,0.7222852855920792,0.7149976640939713,0.7061883687973023,0.6990250378847123,0.6905580282211303,0.6815147280693055,0.6769853919744492,0.6671620965003967,0.6592109978199006,0.6528806626796723,0.645753139257431,0.636409679055214,0.6288303673267365,0.619717326760292,0.6111599504947662,0.6045538872480393,0.5982782781124115,0.5905730307102204,0.5836897134780884,0.5747839987277985,0.5675728410482407,0.559968712925911,0.552970552444458,0.5455196380615235,0.5376666128635407,0.5333158582448959,0.5216622412204742,0.5167847514152527,0.5091099351644516,0.49987760484218596,0.49165863245725633,0.48341798782348633,0.4752658367156982,0.46478163450956345,0.45675150603055953,0.4480893075466156,0.4404397025704384,0.43027262538671496,0.4243460983037949,0.41421712189912796,0.40585767179727555,0.3998870447278023,0.3892024368047714,0.3795666739344597,0.37117093056440353,0.36078809946775436,0.35438480526208876,0.34258766770362853,0.3332078084349632,0.3253247231245041,0.31549241989850996,0.3055336967110634,0.29431512504816054,0.286930575966835,0.27630708962678907,0.26630106270313264,0.25515243858098985,0.24664964973926545,0.2369513638317585,0.22628577128052713,0.2148911789059639,0.20351279079914092,0.19281498342752457,0.1802909217774868,0.16856709718704224,0.1569481760263443,0.14513134956359863,0.1337854117155075,0.12281588092446327,0.10897237621247768,0.09674503095448017,0.08525408245623112,0.07318721003830433,0.06461630091071129,0.05354238860309124,0.04698126688599587,0.0,0.04938235376030207,0.05765438545495272,0.0682690154761076,0.08587442301213741,0.09790213257074357,0.11597473658621311,0.1334642820060253,0.15197344794869422,0.17038583382964134,0.19073857590556145,0.21484464555978774,0.23927818536758422,0.26262530237436293,0.2979113295674324,0.3307858183979988,0.36883457750082016,0.4056584522128105,0.4575135871767998,0.54011290371418
t_18,1.3339026868343353,1.3336948454380035,1.3357044756412506,1.334840965270996,1.33467139005661,1.3350180208683013,1.3327735185623169,1.3320753693580627,1.3294090509414673,1.3297835648059846,1.3286641538143158,1.325863915681839,1.326999795436859,1.326347815990448,1.326892614364624,1.323655217885971,1.3223105788230896,1.3202482640743256,1.31849462389946,1.3172446846961976,1.3145429909229278,1.3140382945537568,1.311980390548706,1.3093403100967407,1.3079476237297059,1.3061429142951966,1.3039986789226532,1.3000614166259765,1.29766086935997,1.2954664468765258,1.2923638641834259,1.2898094713687898,1.28667254447937,1.2823144495487213,1.2780988574028016,1.2730433762073516,1.2712869942188263,1.2647269189357757,1.2605846285820008,1.2557123601436615,1.2505504727363586,1.2443937540054322,1.2376276969909668,1.2357605576515198,1.2270234107971192,1.2214534997940063,1.21396364569664,1.2072955071926117,1.2000923871994018,1.1932344019412995,1.1862531304359436,1.1780193328857422,1.1694524049758912,1.162068098783493,1.153894740343094,1.1441042363643645,1.136858230829239,1.1291772603988648,1.1209641695022583,1.113025951385498,1.103185874223709,1.0953196585178375,1.08711678981781,1.0774312615394592,1.0678179144859314,1.0601104915142059,1.0527926146984101,1.0424416840076447,1.0366603791713715,1.029182678461075,1.0197514474391938,1.0097426921129227,1.001771193742752,0.9945097744464875,0.9857479691505432,0.9747712761163712,0.9676650166511536,0.9590477347373962,0.9485571980476379,0.9399728119373322,0.932535982131958,0.9229194074869156,0.9131649166345597,0.9051575750112534,0.8967967987060547,0.8896939218044281,0.8793139398097992,0.8712019085884094,0.862759706377983,0.8526492178440094,0.8457538515329361,0.8386335164308548,0.8308643788099289,0.8221933603286743,0.8129262834787369,0.8049248784780503,0.7971118211746215,0.788735568523407,0.7799637407064438,0.7704445391893386,0.7628035813570022,0.7548162311315536,0.74883151948452,0.7385580569505692,0.7336098402738571,0.7264091849327088,0.7176820486783981,0.710635456442833,0.7022470146417618,0.6932811200618744,0.6888672173023224,0.6791782855987549,0.6713878571987152,0.6650571405887604,0.6579353362321854,0.6487282544374466,0.6413134515285492,0.6321822106838226,0.6237947702407837,0.6172665774822235,0.6109634548425674,0.6034426212310791,0.5966824531555176,0.5878952085971832,0.5807155162096024,0.5732496440410614,0.5663267612457276,0.5589309871196747,0.5511338233947753,0.546943125128746,0.5352872490882874,0.5305377840995789,0.522985714673996,0.5138701379299164,0.5056875005364418,0.49771349877119064,0.48956895917654036,0.4790437415242195,0.47109581977128984,0.4627131775021553,0.4550658345222473,0.44488373696804046,0.439139062166214,0.4290409281849861,0.4209191337227821,0.4149150148034096,0.4043925032019615,0.39482255280017853,0.3867576986551285,0.3762920260429382,0.3699210211634636,0.3580761656165123,0.34894197434186935,0.3409188002347946,0.33116072565317156,0.3214223265647888,0.31045720130205157,0.3028253525495529,0.2923316955566406,0.282512030005455,0.27140745520591736,0.2631049945950508,0.2530026912689209,0.24263613671064377,0.23117953538894653,0.21989871114492415,0.20928155705332757,0.1970309816300869,0.18464178442955018,0.17346422225236893,0.16159727647900582,0.15039829686284065,0.13862061947584153,0.12468626163899899,0.11251158192753792,0.10103595554828644,0.08830433003604413,0.0758759967982769,0.06601456589996815,0.05502285845577717,0.04938235376030207,0.0,0.047189469635486606,0.057325679063797,0.07076766379177571,0.08163828067481518,0.09992968291044235,0.11622151881456375,0.13512929230928422,0.15334725752472878,0.17464367300271988,0.19829098731279374,0.2225511185824871,0.24603974372148513,0.2812318608164787,0.314704130589962,0.35289245992898943,0.3900873064994812,0.44250309765338897,0.5258237302303315
t_17,1.3377307057380676,1.3375233650207519,1.339512401819229,1.3386523723602295,1.3384913206100464,1.3388320982456208,1.336603933572769,1.3359106183052063,1.3332671165466308,1.333639770746231,1.3325338006019591,1.3297481775283813,1.3308763563632966,1.3302285254001618,1.3307648360729218,1.3275510013103484,1.3262249827384949,1.3241740465164185,1.3224332571029662,1.3211925446987152,1.3185053944587708,1.3180040299892426,1.3159613072872163,1.3133398294448853,1.3119575083255768,1.3101610600948335,1.3080350041389466,1.304127424955368,1.3017411291599275,1.2995660245418548,1.2964925527572633,1.2939514994621277,1.2908440411090851,1.286519056558609,1.2823348820209504,1.2773234963417053,1.2755818128585816,1.2690757811069489,1.2649604439735413,1.2601260244846344,1.2550063490867616,1.248902440071106,1.2421951651573182,1.2403405606746674,1.2316774547100067,1.2261520504951477,1.2187185168266297,1.2121049761772156,1.204963845014572,1.1981562614440917,1.191222643852234,1.18307067155838,1.1745733976364137,1.1672496914863586,1.1591343462467194,1.149420017004013,1.1422369480133057,1.1346168398857117,1.1264730453491212,1.118598884344101,1.1088366746902465,1.1010239660739898,1.0928933143615722,1.0832777082920075,1.0737480401992798,1.066096168756485,1.0588360130786896,1.0485765278339385,1.0428483843803407,1.0354283273220062,1.026088297367096,1.0161546260118484,1.0082439959049225,1.0010515183210373,0.9923659414052963,0.9814709901809693,0.974444979429245,0.9658859252929688,0.9554700911045074,0.9469658344984054,0.939600470662117,0.9300639688968658,0.9203882217407227,0.9124550342559814,0.9041599005460739,0.8971253097057342,0.8868418663740159,0.878798097372055,0.870431798696518,0.8604031294584275,0.8535744577646256,0.8465043723583221,0.8388294667005539,0.8302234977483749,0.8210237175226212,0.8131342887878418,0.8053854674100875,0.7970892161130905,0.7883928537368774,0.7789802193641663,0.7714070230722427,0.7634961158037186,0.7575790286064148,0.7473914116621018,0.742507952451706,0.7353889405727386,0.7267449706792831,0.7197694718837738,0.7114713907241821,0.7026166260242462,0.6982307821512223,0.6886483490467071,0.6809252619743347,0.6746725618839264,0.6676588386297226,0.6585345298051835,0.6511937111616135,0.6421814918518066,0.6338880717754364,0.6274129658937454,0.6211862832307815,0.6137583136558533,0.6070482134819031,0.5983422696590424,0.5912844032049179,0.5838797330856323,0.5770034283399582,0.569748193025589,0.562062269449234,0.5578532606363297,0.546371003985405,0.5416607826948165,0.5341588973999023,0.5251421451568603,0.5170292019844055,0.5091343224048615,0.5010773614048958,0.4907229542732239,0.48288125544786453,0.4745132699608803,0.46698962450027465,0.4569369688630104,0.4511872813105583,0.4412141218781471,0.43314607441425323,0.42716683745384215,0.4167229190468788,0.40734728127717973,0.3992942377924919,0.3889500364661217,0.38253970444202423,0.3708436131477356,0.3617867574095726,0.35388636589050293,0.34419533908367156,0.334531731903553,0.32364814132452013,0.316034822165966,0.30569441616535187,0.29572947770357133,0.2848160952329636,0.2764724105596542,0.2665960997343063,0.2560706205666065,0.24460031911730767,0.23355641067028046,0.2229557991027832,0.21052129864692687,0.19846633821725845,0.18697478175163268,0.1753477208316326,0.16404930353164673,0.1526177480816841,0.13876039907336235,0.12591420263051986,0.11416422575712204,0.1005563497543335,0.08854318968951702,0.0770237062126398,0.0660787221044302,0.05765438545495272,0.047189469635486606,0.0,0.05130110066384077,0.061992214433848856,0.07169540300965309,0.08920604027807713,0.10497873649001122,0.12251607663929462,0.14077566266059877,0.16191256269812584,0.18559452146291733,0.20985552966594695,0.23350831493735313,0.2686800181865692,0.30249104648828506,0.34081886112689974,0.37824328392744067,0.4309965446591377,0.5150038510560989
t_16,1.3426044523715972,1.342426359653473,1.3444485247135163,1.34357590675354,1.3434321343898774,1.3438052713871003,1.3415366947650909,1.3408594369888305,1.3381901741027833,1.3385891497135163,1.3374897181987762,1.3346616625785828,1.335825765132904,1.3352297484874724,1.3357704281806946,1.3325412929058076,1.3312499940395355,1.3292032599449157,1.3274416267871856,1.3262397825717926,1.3235419988632202,1.3230521023273467,1.321010035276413,1.3183978974819184,1.317054271697998,1.3152698874473572,1.3131373345851898,1.309239822626114,1.3068561136722565,1.3047181367874146,1.3017059445381165,1.2991402924060822,1.2960911691188812,1.2917425453662872,1.2875957429409026,1.2825716137886047,1.2808922171592712,1.2743999004364013,1.2702604532241821,1.2654228627681732,1.260320645570755,1.2542731881141662,1.247579699754715,1.2457447588443755,1.237081629037857,1.2315638840198517,1.2241168558597564,1.2175358712673188,1.210452288389206,1.2035890698432923,1.1966749370098113,1.1885858833789826,1.1800860941410065,1.1727879405021668,1.1646479308605193,1.1549080312252045,1.1477938652038575,1.1401615679264068,1.132102757692337,1.1241973757743835,1.1144357740879058,1.1066547751426696,1.0985971987247467,1.0889551639556885,1.079512393474579,1.0718957841396333,1.0646785199642181,1.0544824004173279,1.04884312748909,1.0414641916751861,1.0323194444179535,1.0223252326250076,1.0144980251789093,1.007394978404045,0.9988133817911148,0.9880285501480103,0.981148225069046,0.9726010948419571,0.9621454745531082,0.9538484752178192,0.946573942899704,0.9370926022529602,0.9275159507989883,0.9196915596723556,0.9114413440227509,0.9045782417058945,0.8944470703601837,0.8865503162145615,0.8782496958971023,0.8683363348245621,0.8616056084632874,0.8546277314424515,0.8471845358610153,0.8385270595550537,0.8293221831321717,0.821675282716751,0.8141753584146499,0.8059356987476349,0.7973134577274322,0.7880569666624069,0.7805399894714355,0.7727140605449676,0.7670803308486939,0.7568537175655365,0.7522013902664184,0.7452994734048843,0.7366571009159089,0.7298153072595597,0.7216078102588653,0.7129369825124741,0.7086972057819366,0.6991643309593201,0.6914473801851273,0.6855052590370179,0.6787136256694793,0.6696806252002716,0.6623293846845627,0.6535620361566543,0.6452406018972396,0.6389400452375412,0.633020606637001,0.6255700916051865,0.6189570397138595,0.6104189246892929,0.6035460948944091,0.5962223082780838,0.5894983917474746,0.5824115633964538,0.5747859925031662,0.5706468760967255,0.5594436466693878,0.5548144280910492,0.547433951497078,0.5385628014802932,0.5306357353925705,0.5227063953876495,0.5148954495787621,0.5045949622988701,0.4968333199620247,0.48848097026348114,0.48117902874946594,0.47132156491279603,0.46567644029855726,0.45582876205444334,0.44784645885229113,0.44213405847549436,0.43165315836668017,0.42243473827838895,0.4142329469323158,0.4041962891817093,0.3980232119560242,0.3864732891321182,0.3773945689201355,0.3697288855910301,0.3602860376238823,0.35049138963222504,0.33954252153635023,0.33240996748209,0.32194869965314865,0.3122259870171547,0.30137666314840317,0.29304853528738023,0.28346986174583433,0.27313920557498933,0.261604006588459,0.25050623416900636,0.23989867717027663,0.2274419590830803,0.21576151475310326,0.20431665629148482,0.19230358079075813,0.18112468868494033,0.16904404237866402,0.15545495152473449,0.14261787459254266,0.1299775242805481,0.11649336963891983,0.10412346459925174,0.09203135706484318,0.07835933454334736,0.0682690154761076,0.057325679063797,0.05130110066384077,0.0,0.05034170411527157,0.058423813246190545,0.07325733043253421,0.08784621208906174,0.10533019192516804,0.1232934046536684,0.14303120821714402,0.16697498932480812,0.19143907129764556,0.21484735384583473,0.25058356001973153,0.28398225754499434,0.3226822555065155,0.360265651345253,0.4132630333304405,0.4981184735894203
t_15,1.348695707321167,1.348531025648117,1.3505205035209655,1.3496565580368043,1.3495248198509215,1.3498956680297851,1.3476461172103882,1.3469748497009277,1.3443486392498016,1.3447381198406219,1.3436570405960082,1.340855473279953,1.342006778717041,1.3414320826530457,1.3419633150100707,1.3387740790843963,1.337508600950241,1.3354877829551697,1.333743268251419,1.332563090324402,1.3298869013786316,1.329408770799637,1.3273909270763398,1.3248037993907928,1.3234928011894227,1.3217231929302216,1.319607174396515,1.3157615661621094,1.3134014010429382,1.3112959265708923,1.3083392441272736,1.3057909250259399,1.3028044044971465,1.2985070586204528,1.2944108903408051,1.2894534051418305,1.28780699968338,1.2813809514045715,1.2772994339466095,1.2725001513957976,1.2674865901470185,1.2615228116512298,1.2549230456352234,1.2531038761138915,1.2445517778396606,1.2391094803810119,1.2317351877689362,1.2252629458904267,1.2182859361171723,1.2114933609962464,1.204670512676239,1.1966920375823975,1.1883158206939697,1.1810928523540496,1.1730278193950654,1.1634148418903352,1.156396609544754,1.148861163854599,1.1409056901931762,1.1330773472785949,1.1234288573265077,1.1157679200172423,1.107788759469986,1.0982562482357026,1.0889205276966094,1.0813985884189605,1.0742709815502167,1.064198112487793,1.058632677793503,1.0513458907604218,1.0423344552516938,1.0324179768562316,1.024684140086174,1.0176575273275374,1.0092004418373108,0.9985343992710114,0.9917439222335815,0.9832886636257172,0.9729231297969818,0.9647356122732162,0.9575499773025513,0.9481509327888489,0.9386820733547211,0.9309452623128891,0.9227985143661499,0.9160300046205521,0.9060089498758316,0.898246756196022,0.8900224000215531,0.880220478773117,0.8735610753297806,0.8667107224464417,0.8593689233064652,0.8508053541183471,0.8416904389858246,0.8341556876897812,0.8267566502094269,0.8185884654521942,0.8101162672042846,0.8009743928909302,0.7935396879911423,0.785841754078865,0.7802802622318268,0.7701770067214966,0.765618646144867,0.7588230431079864,0.7502458691596985,0.7435516715049744,0.7354257375001907,0.7268790394067765,0.722737941145897,0.7133088737726212,0.7057434648275376,0.6998874038457871,0.6931750535964966,0.6842296034097671,0.6770181894302368,0.6683365851640701,0.6601377189159393,0.6539302051067353,0.6480882078409195,0.6407559752464295,0.6342499375343322,0.6258641988039017,0.6190399020910263,0.6118626892566681,0.6052496373653412,0.5982635140419006,0.5906792372465134,0.5867006719112396,0.5755488097667694,0.5710772573947906,0.5638050138950348,0.5550772100687027,0.5471790105104446,0.539425277709961,0.5317330896854401,0.5214606761932373,0.513864953815937,0.5056516423821449,0.4984372600913048,0.48856370747089384,0.48311792463064196,0.4733088195323944,0.4655244693160057,0.459925277531147,0.4495891943573952,0.44041551649570465,0.4323749840259552,0.4224047839641571,0.4163887038826942,0.40482406318187714,0.3960028290748596,0.3883306711912155,0.3789847955107689,0.369329896569252,0.35844134986400605,0.35140970051288606,0.34103100299835204,0.3315093442797661,0.3206169918179512,0.31244872510433197,0.3028913885354996,0.2926373451948166,0.2811577573418617,0.27020652741193774,0.25961455404758454,0.24713019728660585,0.23552854508161544,0.22412323132157325,0.21218309327960014,0.20090018436312676,0.1887814976274967,0.17515244111418724,0.16248209029436111,0.14971395656466485,0.13604118973016738,0.12281648516654968,0.11073680184781551,0.09541226252913475,0.08587442301213741,0.07076766379177571,0.061992214433848856,0.05034170411527157,0.0,0.04690524656325579,0.05996042713522911,0.0702016144990921,0.08684342578053475,0.10440217293798923,0.124233428388834,0.14727121219038963,0.17162254303693772,0.1957555554807186,0.2309563271701336,0.2645505055785179,0.3036362186074257,0.34159832298755644,0.3951028034090996,0.4809384658932686
t_14,1.3531624317169189,1.3529895067214965,1.3549618422985077,1.3541046917438506,1.353972029685974,1.3543277382850647,1.352101022005081,1.3514325499534607,1.3488360524177552,1.3492234170436859,1.3481436669826508,1.3453715205192567,1.3465033710002898,1.345928180217743,1.346447044610977,1.3432917237281798,1.3420299589633942,1.3400256931781769,1.3382921993732453,1.3371200919151307,1.3344626545906066,1.3339859127998352,1.3319828927516937,1.3294182240962982,1.3281110048294067,1.326351249217987,1.324253410100937,1.3204388439655304,1.3180989027023315,1.3160049855709075,1.3130746006965637,1.3105466187000274,1.3075782358646393,1.3033272862434386,1.2992616176605225,1.2943551421165467,1.2927095592021942,1.2863370835781098,1.2822962284088135,1.2775315821170807,1.272566205263138,1.266643798351288,1.2601047933101654,1.258290058374405,1.2498134255409241,1.2444137990474702,1.2370977818965911,1.230676543712616,1.2237621188163756,1.2170145690441132,1.2102534651756287,1.2023281514644624,1.1940260112285614,1.186838936805725,1.1788326621055603,1.1692771673202516,1.1623116612434388,1.1548314213752746,1.1469192683696747,1.1391456961631774,1.1295629441738129,1.1219635128974914,1.1140237629413605,1.1045500695705415,1.095263135433197,1.0878128707408905,1.0807279229164124,1.0707021832466126,1.0651666939258575,1.0579327523708344,1.0489672303199769,1.039104962348938,1.0314277410507202,1.0244350492954255,1.0160312801599503,1.0054344475269317,0.9986780256032943,0.9902814745903015,0.9799831122159958,0.9718403279781341,0.9647145807743073,0.9553552836179733,0.9459687262773514,0.9382579267024994,0.9301691651344299,0.9234371542930603,0.9134919255971908,0.9057597637176513,0.8976066976785659,0.8878533184528351,0.8812623113393784,0.8744529366493226,0.8671551048755646,0.8586807399988174,0.8496434658765792,0.842112809419632,0.834770655632019,0.8266794562339783,0.8182452350854874,0.8091632574796677,0.8017952620983124,0.7941863507032394,0.7886611759662628,0.7786461144685746,0.7740968197584153,0.7673780530691147,0.7588893890380859,0.7522423952817917,0.7441627740859985,0.73565514087677,0.7315830141305923,0.7222522586584091,0.714774739742279,0.7089128494262695,0.7022291004657746,0.6934216767549515,0.686294162273407,0.6776237487792969,0.6695147216320038,0.6634049445390702,0.657573813199997,0.6502853900194168,0.6438844382762909,0.6355541855096817,0.6288320451974869,0.6216681241989136,0.6151010692119598,0.6081359028816223,0.6006650567054749,0.5967773526906968,0.5856270462274551,0.5811797022819519,0.5739985883235932,0.565336549282074,0.5575215011835098,0.5499106913805007,0.5422853857278824,0.5320400118827819,0.5245083928108215,0.5164540186524391,0.5092626720666885,0.4995021462440491,0.49406917542219164,0.48434664607048034,0.47664507329463957,0.47101100981235505,0.4608565494418144,0.45178349167108534,0.443918040394783,0.43389937579631804,0.42787607461214067,0.4163906916975975,0.40772257149219515,0.39997328221797945,0.3907766222953796,0.38120061010122297,0.370544807612896,0.3632823497056961,0.35305653512477875,0.3436816170811653,0.3328349232673645,0.3247719302773476,0.3151227504014969,0.3050129145383835,0.2934854105114937,0.28257874995470045,0.27206704318523406,0.25984773486852647,0.24812196642160417,0.23692422807216645,0.22492918744683266,0.21383258625864981,0.201450714468956,0.18769898191094397,0.17523349598050117,0.16272554472088813,0.14888629242777823,0.1348621092736721,0.12304140254855156,0.10809011049568654,0.09790213257074357,0.08163828067481518,0.07169540300965309,0.058423813246190545,0.04690524656325579,0.0,0.05173816159367561,0.059641065821051595,0.07591218464076518,0.09257893785834312,0.11269286423921585,0.13497288078069686,0.158819093555212,0.18268748223781586,0.21833544299006463,0.25217548087239267,0.291302227973938,0.3293530628085136,0.38339251428842547,0.4697767823934555
t_13,1.358278900384903,1.358125478029251,1.3601032435894012,1.359243482351303,1.359120988845825,1.3594900786876678,1.3572513937950135,1.3565909743309021,1.3540023922920228,1.3543967366218568,1.3533237338066102,1.3505461096763611,1.351687753200531,1.3511443316936493,1.3516601502895356,1.3485178232192994,1.3472781300544738,1.345287209749222,1.3435494959354402,1.3424039244651795,1.33975191116333,1.339283287525177,1.3372925043106079,1.3347428500652314,1.3334665179252625,1.3317200303077699,1.329623246192932,1.3258355915546418,1.323509430885315,1.3214449644088746,1.3185665607452393,1.3160344898700713,1.313117653131485,1.3088810920715332,1.304851871728897,1.299970805644989,1.2983668982982635,1.2920307397842408,1.2880068719387054,1.283257281780243,1.2783388316631317,1.2724786281585694,1.2659879088401795,1.2641875565052032,1.2557596921920777,1.2503974795341493,1.243108606338501,1.2367494642734527,1.229908674955368,1.2231637954711914,1.216457188129425,1.208600753545761,1.2003552317619324,1.1932080268859864,1.1852222800254821,1.1757109105587005,1.1688166618347169,1.1613750219345094,1.1535420775413514,1.1457846581935882,1.1362509787082673,1.1287254214286804,1.1208461701869965,1.1114066779613494,1.102202010154724,1.0948157966136933,1.0877886593341828,1.0778416514396667,1.0723745048046112,1.0652031779289246,1.0563822090625763,1.0465220868587495,1.038936334848404,1.032014137506485,1.0237073123455047,1.0132241517305374,1.0065641492605208,0.9982219964265824,0.9879542380571366,0.9799503356218338,0.9729060262441636,0.9636098951101303,0.954323410987854,0.9466976821422577,0.9386836886405945,0.9320647478103637,0.9222359836101532,0.9146307855844498,0.9065437346696854,0.8969004303216934,0.8903871923685074,0.8836773931980133,0.8765175968408585,0.8680803686380386,0.8590987265110016,0.8517084687948226,0.8445261478424072,0.8365085363388062,0.8281702667474746,0.8192099779844284,0.8119125604629517,0.8044060498476029,0.7990481466054916,0.789078488945961,0.7846628725528717,0.7780796587467194,0.7696426033973693,0.763121834397316,0.7551183998584747,0.7467426300048828,0.7427900016307831,0.7335545301437378,0.7261449366807937,0.7204497516155243,0.71388179063797,0.7051820129156112,0.6981339752674103,0.689580911397934,0.6815385073423386,0.6755611538887024,0.6698745965957642,0.662654134631157,0.6563519597053528,0.6481698989868164,0.641545906662941,0.6344950675964356,0.6280519187450408,0.6211960732936859,0.613788264989853,0.6100053280591965,0.5990219175815582,0.5946586012840271,0.5875914752483368,0.5790836185216903,0.5713781952857971,0.5638625949621201,0.5563782721757888,0.5461854487657547,0.5387516885995864,0.5308193057775498,0.5237498670816422,0.5141093924641609,0.5087919801473617,0.49917862117290496,0.4916181281208992,0.4861140877008438,0.4760563403367996,0.4670884102582932,0.45925954431295396,0.4494433179497719,0.4435360491275787,0.4321537211537361,0.4236020565032959,0.4159754991531372,0.40693254172801974,0.3973869949579239,0.38682482689619063,0.37974010556936266,0.36957780867815015,0.3603808805346489,0.3496097758412361,0.3416691154241562,0.33211240023374555,0.32224420756101607,0.3107156097888947,0.2998989760875702,0.2893845349550247,0.27731681764125826,0.26583281904459,0.2547021724283695,0.24269386231899262,0.2317628115415573,0.2192175179719925,0.20580152794718742,0.1935804530978203,0.1806037098169327,0.16713301539421083,0.15270220041275023,0.14129439294338225,0.1263303879648447,0.11597473658621311,0.09992968291044235,0.08920604027807713,0.07325733043253421,0.05996042713522911,0.05173816159367561,0.0,0.05364527199417353,0.06359637770801782,0.07875535748898983,0.0977885726839304,0.11921457462012768,0.14249709397554397,0.1656413421034813,0.20152639374136924,0.23516550436615943,0.2743269056081772,0.31245269775390627,0.3668023645877838,0.45385343581438065
t_12,1.3636609196662903,1.3635222136974334,1.3654983520507813,1.364638662338257,1.3645276069641112,1.364900541305542,1.362660938501358,1.3620140612125398,1.3594425082206727,1.359845507144928,1.358788138628006,1.3560097754001617,1.3571553587913514,1.3566446244716643,1.357145571708679,1.354029655456543,1.3528163254261016,1.3508442759513855,1.3491085648536683,1.3479934751987457,1.3453496456146241,1.3448931872844696,1.342916303873062,1.3403924703598022,1.339144116640091,1.3374127268791198,1.33532754778862,1.3315772652626037,1.3292675256729125,1.3272394478321075,1.3244195342063905,1.3218918859958648,1.3190323889255524,1.314824151992798,1.3108440101146699,1.3060052633285522,1.3044426918029786,1.2981626033782958,1.2941663920879365,1.2894489586353302,1.284593439102173,1.2788097500801086,1.2723887264728546,1.2706087052822113,1.2622601807117462,1.2569508135318757,1.2497114956378936,1.2434357464313508,1.2366858899593354,1.2299741804599762,1.2233339905738831,1.215584123134613,1.2074242293834687,1.2003394305706023,1.192402583360672,1.1829696118831634,1.1761669278144837,1.1687910556793213,1.161059021949768,1.153351503610611,1.1439028263092041,1.1364654123783111,1.128680908679962,1.1193071007728577,1.1102151691913604,1.1029016733169557,1.0959469974040985,1.0861203134059907,1.0807338297367095,1.0736400008201599,1.0649822056293488,1.0551595270633698,1.0476658940315247,1.0408402025699615,1.0326515138149261,1.0222846418619156,1.0157443821430205,1.0074642479419709,0.9972495645284652,0.9893921673297882,0.9824398338794709,0.9732341408729553,0.9640517830848694,0.9565324753522872,0.9486011594533921,0.9421029567718506,0.9324061065912247,0.9249426037073135,0.9169217586517334,0.9073999732732773,0.9009656548500061,0.8943661332130433,0.8873490810394287,0.8789600491523742,0.8700342297554016,0.8628239452838897,0.8557876378297806,0.8478510499000549,0.8396223247051239,0.8308015048503876,0.8235790461301804,0.8161797434091568,0.8109759896993637,0.8010664403438568,0.7967772603034973,0.7903349548578262,0.7819596737623214,0.7755708545446396,0.7676678836345673,0.7594445079565049,0.7555741637945175,0.7464518487453461,0.7391202300786972,0.733582729101181,0.7271473914384842,0.7185358047485352,0.7115984827280044,0.7031891256570816,0.695232692360878,0.6893436193466187,0.6837894022464752,0.6766891777515411,0.6704683393239975,0.6624337792396545,0.6558905512094497,0.6489980846643448,0.6426405340433121,0.6359311997890472,0.6286125093698501,0.6248684495687484,0.614101767539978,0.6098290830850601,0.6028744518756867,0.5944817960262299,0.5868977636098862,0.579454118013382,0.5720733314752579,0.5620238929986954,0.5546670258045197,0.546846666932106,0.5399062633514404,0.5303823381662369,0.5251893728971482,0.5156763076782227,0.508244602382183,0.502848744392395,0.4928576096892357,0.4840069204568863,0.4762254819273949,0.46659399271011354,0.4608249947428703,0.44955828636884687,0.44105693846940996,0.43357241749763487,0.4245773538947105,0.41519160866737365,0.40469093173742293,0.3978203609585762,0.3877082228660583,0.3785648256540298,0.36793493777513503,0.36003811955451964,0.35057821273803713,0.3407916322350502,0.3294612929224968,0.3186794012784958,0.3083299815654755,0.2962814450263977,0.28466903865337373,0.2736173391342163,0.26165777891874314,0.25072057321667673,0.2384009450674057,0.22493310272693634,0.21241864934563637,0.19955667108297348,0.18585155159235,0.17174524068832397,0.15992007479071618,0.14418131858110428,0.1334642820060253,0.11622151881456375,0.10497873649001122,0.08784621208906174,0.0702016144990921,0.059641065821051595,0.05364527199417353,0.0,0.04979034475982189,0.06124192327260971,0.07916562743484974,0.09920574389398099,0.12202559225261211,0.14572618380188943,0.1807479031383991,0.21482150852680207,0.2541964754462242,0.29277036190032957,0.3474042057991028,0.4354777291417122
t_11,1.368673312664032,1.3685443937778472,1.370514953136444,1.3696518421173096,1.3695510864257812,1.369929802417755,1.3676883280277252,1.3670479953289032,1.3644883394241334,1.3648973762989045,1.363851660490036,1.3610717177391052,1.3622206926345826,1.3617333889007568,1.3622229635715484,1.3591270208358766,1.3579360485076903,1.3559806406497956,1.354246735572815,1.35315380692482,1.350517851114273,1.3500697135925293,1.3481048583984374,1.3456012606620789,1.3443764865398407,1.342659866809845,1.340585434436798,1.3368660449981689,1.3345746397972107,1.332574063539505,1.3298050463199615,1.327282929420471,1.3244705080986023,1.3202933311462401,1.3163563787937165,1.311560183763504,1.310032707452774,1.3038123905658723,1.2998382508754731,1.2951570630073548,1.2903557419776917,1.2846476256847381,1.2782929480075835,1.2765302658081055,1.2682615756988525,1.2630073487758637,1.2558221817016602,1.2496197521686554,1.2429625868797303,1.2362876176834106,1.2297065377235412,1.2220650494098664,1.2139909744262696,1.2069754660129548,1.1990906059741975,1.18973308801651,1.1830252826213836,1.1757102489471436,1.1680764615535737,1.16042121052742,1.1510622382164002,1.1436997830867768,1.1360168278217315,1.1267080128192901,1.1177284836769104,1.1104838252067566,1.1036051869392396,1.0938951194286346,1.088586586713791,1.0815725326538086,1.073067206144333,1.063296777009964,1.0558989882469176,1.0491676688194276,1.0410883903503418,1.0308402895927429,1.024417555332184,1.0162123024463654,1.0060583770275116,0.9983397603034974,0.9914793699979783,0.9823692530393601,0.9732877373695373,0.96588234603405,0.9580333173274994,0.9516435444355011,0.9420875668525696,0.9347485154867172,0.9268144875764847,0.9174120128154755,0.9110654950141907,0.9045620560646057,0.8976872742176056,0.8893621772527694,0.8805065214633941,0.873462587594986,0.8665621757507325,0.8587199747562408,0.8506036758422851,0.8419162660837174,0.8347748041152954,0.8274867087602615,0.822430071234703,0.8125897914171218,0.8084224343299866,0.802109494805336,0.793812707066536,0.7875549376010895,0.7797556072473526,0.7716858088970184,0.7679093688726425,0.7588900715112686,0.7516285657882691,0.746252366900444,0.7399378269910812,0.7314394772052765,0.7245812952518463,0.7163379609584808,0.7084464609622956,0.7026702165603638,0.6972483605146408,0.6902570337057113,0.6841221213340759,0.6762204587459564,0.6697677642107009,0.6630021631717682,0.6567585945129395,0.650169849395752,0.6429521590471268,0.6392687916755676,0.6287007570266724,0.6245030164718628,0.6176517367362976,0.6093751430511475,0.6019319891929626,0.5945308089256287,0.5872832298278808,0.5774149149656296,0.5701273143291473,0.5624096512794494,0.5556037127971649,0.5461941987276078,0.5411525577306747,0.5317406117916107,0.5244075536727906,0.5191145211458206,0.5092134729027749,0.50048076659441,0.4927715271711349,0.48329355120658873,0.47765584886074064,0.4665436834096909,0.4580922946333885,0.4507679671049118,0.44185706973075867,0.43257672488689425,0.4221290975809097,0.41544806510210036,0.40545312911272047,0.39635589718818665,0.38586933016777036,0.3780096858739853,0.36873982548713685,0.35892855674028395,0.3477499559521675,0.33708650767803194,0.32682003527879716,0.3147545590996742,0.3034344017505646,0.29229456931352615,0.2805507093667984,0.2695745438337326,0.25741987973451613,0.24405621588230134,0.23138451650738717,0.21862142235040666,0.2047244630753994,0.1910554863512516,0.17872453331947327,0.16303068101406099,0.15197344794869422,0.13512929230928422,0.12251607663929462,0.10533019192516804,0.08684342578053475,0.07591218464076518,0.06359637770801782,0.04979034475982189,0.0,0.047180268168449405,0.06337139718234538,0.08152413740754128,0.103585534542799,0.1267424501478672,0.16143045350909233,0.19575948789715766,0.23492171615362167,0.273731105029583,0.328695572912693,0.4176011741161346
t_10,1.3741174817085267,1.3739977300167083,1.3759581208229066,1.375098353624344,1.3750045359134675,1.3753852903842927,1.3731504499912262,1.3725160896778106,1.369978231191635,1.3703884303569793,1.3693525075912476,1.3665828704833984,1.3677298426628113,1.3672614336013793,1.3677456855773926,1.364673775434494,1.3635027408599854,1.3615633726119996,1.3598345994949341,1.3587637841701508,1.3561405181884765,1.3556995153427125,1.3537499189376831,1.351266199350357,1.350064182281494,1.3483618140220641,1.3462988078594207,1.3426142454147338,1.3403395175933839,1.3383671402931214,1.3356426417827607,1.3331292510032653,1.3303609251976014,1.32621591091156,1.3223182439804078,1.3175643384456635,1.3160637259483337,1.3098949670791626,1.3059542775154114,1.301298940181732,1.296554160118103,1.2909072279930114,1.2846130430698395,1.2828620612621306,1.2746633291244507,1.269455760717392,1.2623185634613037,1.2561851143836975,1.2496041059494019,1.2429597079753876,1.2364415585994721,1.2288762271404265,1.2208772778511048,1.2139122784137726,1.2060727536678315,1.19678076505661,1.1901476502418518,1.182888126373291,1.175335454940796,1.1677201986312866,1.1584318101406097,1.1511465430259704,1.143529623746872,1.1342809796333313,1.1253868401050569,1.1182123064994811,1.1113952815532684,1.101770466566086,1.0965272247791291,1.0895765841007232,1.08119375705719,1.071463704109192,1.0641499578952789,1.057485157251358,1.0495037496089936,1.0393652379512788,1.0330263912677764,1.0248832702636719,1.0147923827171326,1.0071897566318513,1.000410082936287,0.9913684964179993,0.9823891818523407,0.9750596076250077,0.9672932922840118,0.960998398065567,0.9515555232763291,0.9443246126174927,0.9364610016345978,0.9271642237901687,0.9208922654390335,0.9144801527261734,0.907717975974083,0.899456587433815,0.8906780362129212,0.8837427139282227,0.8769608169794083,0.8691985040903092,0.8611801862716675,0.8526088446378708,0.8455378770828247,0.8383564800024033,0.8334082961082458,0.8236554861068726,0.8195825338363647,0.8133822858333588,0.805152302980423,0.7990067183971405,0.7912829041481018,0.7833343029022217,0.7796455979347229,0.7707290172576904,0.763566917181015,0.7582945376634598,0.7520743399858475,0.7436929941177368,0.7369227766990661,0.7287800908088684,0.7209849238395691,0.715322631597519,0.7100017011165619,0.7030810743570328,0.6970458418130875,0.6892804712057113,0.6829152256250381,0.6762475371360779,0.6701056241989136,0.6636085957288742,0.6564677774906158,0.652871260046959,0.6424400568008423,0.6383123219013214,0.6315617263317108,0.623431384563446,0.616074949502945,0.6088010281324386,0.6016649901866913,0.5918705999851227,0.5846832275390625,0.5770950496196747,0.5703915506601334,0.561078017950058,0.5561422169208526,0.5468235462903976,0.5396257251501083,0.5344347327947616,0.5246562570333481,0.5160160899162293,0.5084148049354553,0.49904965311288835,0.49349632263183596,0.4824938639998436,0.4742123231291771,0.4669427439570427,0.4581451192498207,0.44895969331264496,0.43864322602748873,0.43204337507486346,0.4221531182527542,0.41323814541101456,0.4028253808617592,0.39504909962415696,0.38586978167295455,0.3761906296014786,0.3650886833667755,0.3545644775032997,0.3443440392613411,0.3324498862028122,0.32121798396110535,0.31017973124980924,0.2984978184103966,0.2876202568411827,0.2754725247621536,0.26222264021635056,0.24977678507566453,0.2369680605828762,0.2232145167887211,0.20939548164606095,0.19714674949645997,0.1813925877213478,0.17038583382964134,0.15334725752472878,0.14077566266059877,0.1232934046536684,0.10440217293798923,0.09257893785834312,0.07875535748898983,0.06124192327260971,0.047180268168449405,0.0,0.05364722833037376,0.06729748733341694,0.08674672283232213,0.10935714468359947,0.1435132682323456,0.1777119219303131,0.21672690883278847,0.25561841279268266,0.31094661206007,0.4005671560764313
t_9,1.3798378467559815,1.3797360122203828,1.3816989481449127,1.3808327078819276,1.380756938457489,1.3811551451683044,1.3789080798625946,1.3782875180244445,1.3757468521595002,1.3761666655540465,1.3751490354537963,1.3723602533340453,1.373526430130005,1.3730900228023528,1.3735736191272736,1.3705047130584718,1.3693669438362122,1.367438304424286,1.36570805311203,1.3646636486053467,1.362045842409134,1.3616133093833924,1.359674870967865,1.3572065234184265,1.3560346603393554,1.3543452143669128,1.3522929191589355,1.3486322283744812,1.3463675916194915,1.3444299340248107,1.3417561292648315,1.3392378091812134,1.3365207672119142,1.3323801338672638,1.3285268247127533,1.3237919926643371,1.3223378896713256,1.3162132382392884,1.3122673034667969,1.307637107372284,1.3029250919818878,1.2973462045192719,1.2910933673381806,1.2893615126609803,1.2812106907367706,1.2760339260101319,1.2689253330230712,1.262842833995819,1.256332665681839,1.249692690372467,1.243210679292679,1.2357423067092896,1.2277781963348389,1.2208747565746307,1.2130660653114318,1.203810715675354,1.1972614765167235,1.1900308072566985,1.182579755783081,1.174997228384018,1.165763759613037,1.158519184589386,1.151005792617798,1.1417928457260131,1.1330113351345061,1.1258882701396942,1.1191353917121887,1.1096157371997832,1.1044565379619598,1.0975675463676453,1.0893580675125123,1.0796595692634583,1.072428822517395,1.0658684849739075,1.0579940736293794,1.04797403216362,1.0417768001556396,1.0336779654026031,1.023622328042984,1.0161919802427293,1.0095094472169877,1.0005689561367035,0.9917021304368973,0.98448326587677,0.9767761886119842,0.9706290990114212,0.9613370776176453,0.9542259961366654,0.9464552283287049,0.9372756868600846,0.9311076402664185,0.9247638881206512,0.9182017773389817,0.9099422335624695,0.9011982262134552,0.8944902360439301,0.8878825634717942,0.8802038878202438,0.8722629964351654,0.8638657033443451,0.8568732798099518,0.8497719556093216,0.8450141310691833,0.8353046923875809,0.8314061999320984,0.8253779321908951,0.817191994190216,0.8111670851707459,0.8035499185323716,0.7957818031311035,0.7921683728694916,0.7833425134420395,0.7762275874614716,0.7711670458316803,0.7651625573635101,0.756868714094162,0.7501132160425186,0.742211964726448,0.7344497978687287,0.7289090692996979,0.723824656009674,0.7169120013713837,0.7109487771987915,0.7033315271139144,0.6971709609031678,0.6905604064464569,0.6845343470573425,0.6782345473766327,0.6711967021226883,0.6675874471664429,0.6574416816234588,0.6533791929483413,0.6467136949300766,0.6387477993965149,0.6315180033445358,0.6242778450250626,0.6173438787460327,0.6077061831951142,0.6006634354591369,0.5930438965559006,0.586558249592781,0.5774527311325073,0.5725589096546173,0.5633824735879898,0.5562791258096695,0.5512679725885391,0.5415165930986404,0.533109363913536,0.525431340932846,0.5163490682840347,0.5108920961618424,0.5000864923000335,0.4918894410133362,0.48482486307621003,0.47620135694742205,0.4670602366328239,0.45675630271434786,0.4504584908485413,0.4406468942761421,0.4317918673157692,0.4215415269136429,0.41378536224365237,0.40498189479112623,0.39534704089164735,0.3842703878879547,0.3739710748195648,0.36381658762693403,0.35187492817640303,0.3409713670611382,0.3299492925405502,0.31834251433610916,0.3075653836131096,0.2954129368066788,0.28249540328979494,0.2700094610452652,0.25695656090974806,0.24348492473363875,0.22996611818671225,0.21775391846895217,0.2017328105866909,0.19073857590556145,0.17464367300271988,0.16191256269812584,0.14303120821714402,0.124233428388834,0.11269286423921585,0.0977885726839304,0.07916562743484974,0.06337139718234538,0.05364722833037376,0.0,0.053617602400481704,0.07051147818565369,0.09163759909570217,0.12532199770212174,0.15795462653040887,0.19747206270694734,0.23620199859142305,0.29132547080516813,0.38190687000751494
t_8,1.3873674869537354,1.3872791826725006,1.3892167448997497,1.3883578300476074,1.3882932543754578,1.3886881232261659,1.386460280418396,1.3858499825000763,1.3833528697490691,1.383769452571869,1.3827706277370453,1.3800097107887268,1.3811646223068237,1.3807557284832002,1.3812246918678284,1.3782038688659668,1.377095240354538,1.3751970767974853,1.3734818756580354,1.372471308708191,1.3698764383792876,1.3694560289382935,1.3675468623638154,1.365112119913101,1.3639780223369598,1.3623063206672668,1.360275501012802,1.3566754162311554,1.3544391572475434,1.3525414705276488,1.349933534860611,1.347437047958374,1.3447882413864136,1.3407041311264039,1.3369122385978698,1.332249641418457,1.3308361411094665,1.3247870743274688,1.3209046602249146,1.3163217961788178,1.311706358194351,1.3062226593494415,1.3000730216503142,1.2983630537986754,1.2903322756290436,1.2852341115474701,1.2782079219818114,1.2722439229488374,1.265848273038864,1.259278655052185,1.2528987586498261,1.2455480515956878,1.2377130150794984,1.2308921992778779,1.2231577694416047,1.2140243589878081,1.2075825452804565,1.2004522442817689,1.1931119024753571,1.1856045961380004,1.1764842391014099,1.1693685710430146,1.1619438409805298,1.1528323948383332,1.1441724121570587,1.137148880958557,1.1304874897003174,1.1210970163345337,1.1160223543643952,1.1092328786849976,1.101174885034561,1.0915436446666718,1.084420734643936,1.077946138381958,1.0702111780643464,1.0603232443332673,1.054235005378723,1.0462267577648163,1.036253559589386,1.0289556384086609,1.0223724216222763,1.0135177075862885,1.0047662734985352,0.9976568877696991,0.9900529772043228,0.9840210199356079,0.9748497754335403,0.9678893536329269,0.9601992815732956,0.9511441051959991,0.9450584590435028,0.9388638377189636,0.9324123203754425,0.9242500841617585,0.9156007498502732,0.909004294872284,0.9025464951992035,0.8949450463056564,0.8871567040681839,0.8788663953542709,0.8719764590263367,0.8649966537952423,0.8603524774312973,0.8507514327764512,0.8469509214162827,0.8410538703203201,0.8329597175121307,0.8270613819360733,0.8195470124483109,0.8118900418281555,0.8083823949098587,0.7996816396713257,0.7926903694868088,0.7877518028020859,0.7818361699581147,0.7736466109752655,0.7670581042766571,0.7592333495616913,0.7515982240438461,0.7461683094501496,0.7411684930324555,0.734383961558342,0.7285581558942795,0.7210600227117538,0.7149625837802887,0.708519458770752,0.7025865852832794,0.6963724195957184,0.6894296497106552,0.6859757751226425,0.6759003937244416,0.6719739973545075,0.6654405713081359,0.6575863718986511,0.6504588752985001,0.6433612167835235,0.6365451991558075,0.6269888043403625,0.6200615674257278,0.6126399993896484,0.6062302827835083,0.5972111701965332,0.5924386590719223,0.5833823323249817,0.5764418929815293,0.571534377336502,0.5619938522577286,0.5536189109086991,0.5460775822401047,0.5371196150779725,0.5318379908800125,0.5211322337388993,0.5130433365702629,0.5060728266835213,0.4976261451840401,0.488567391037941,0.4784539699554443,0.4722363010048866,0.46247757524251937,0.4538986042141914,0.4437012329697609,0.43615935891866686,0.4272936791181564,0.41790585666894914,0.40701285004615784,0.39671423137187956,0.3866838917136192,0.37490026354789735,0.3641364395618439,0.35325233191251754,0.34167958199977877,0.3310287997126579,0.3190059676766396,0.30605587512254717,0.29374449253082274,0.2809367164969444,0.2674285039305687,0.2537136524915695,0.24185752496123314,0.22588476911187172,0.21484464555978774,0.19829098731279374,0.18559452146291733,0.16697498932480812,0.14727121219038963,0.13497288078069686,0.11921457462012768,0.09920574389398099,0.08152413740754128,0.06729748733341694,0.053617602400481704,0.0,0.05118635818362236,0.0704188209027052,0.10090617164969444,0.1330212913453579,0.1725081570446491,0.21137137040495874,0.26705591529607775,0.35861566066741946
t_7,1.394589865207672,1.3945096552371978,1.3964352428913116,1.3955805838108062,1.3955227553844451,1.3959193587303163,1.3937004387378693,1.393099457025528,1.3906313598155975,1.3910524606704713,1.3900656282901764,1.3873181164264679,1.3884679973125458,1.388085037469864,1.3885443329811096,1.3855592131614685,1.3844725847244264,1.3826000571250916,1.3808915317058563,1.3799069106578827,1.3773312985897064,1.3769195020198821,1.375029194355011,1.3726248681545257,1.3715187847614287,1.3698673248291016,1.367853158712387,1.364297354221344,1.3620875358581543,1.3602218925952911,1.3576775014400482,1.3551964461803436,1.352604466676712,1.3485669553279878,1.344832295179367,1.34022775888443,1.3388497054576873,1.3328758358955384,1.3290340960025788,1.3244942843914032,1.3199554860591889,1.3145591020584106,1.308497244119644,1.3068024814128876,1.2988765001296998,1.2938461244106292,1.2868880569934844,1.2810159206390381,1.2747296571731568,1.2682069778442382,1.2619119048118592,1.2546737492084503,1.2469459414482116,1.2401951789855956,1.232526308298111,1.2234823763370515,1.2171428501605988,1.2100899279117585,1.2028539896011352,1.195411217212677,1.1863913595676423,1.1793790578842163,1.1720469117164611,1.1630189836025238,1.1544698655605317,1.1475442469120025,1.1409695208072663,1.1316938161849976,1.1267021894454956,1.1200049102306366,1.1121025443077088,1.1025295972824096,1.0955199241638183,1.0891388654708862,1.0815262198448181,1.0717716455459594,1.0657942652702332,1.0578764498233795,1.0479838967323303,1.0408188104629517,1.0343428552150726,1.0255840361118316,1.0169619411230086,1.0099507868289948,1.0024487107992173,0.9965250611305236,0.9875060111284256,0.9806675225496292,0.9730791777372361,0.9641534358263015,0.958170935511589,0.9520809322595596,0.9457766830921173,0.9377062827348709,0.9291474282741546,0.9226844817399978,0.9163677275180817,0.9088817805051803,0.9012036740779876,0.8930550009012223,0.8862631738185882,0.8794219195842743,0.8749205589294433,0.8654188215732574,0.8617325127124786,0.855975067615509,0.8479848802089691,0.8422319144010544,0.8347992092370987,0.8272907644510269,0.8239007085561753,0.8153298616409301,0.8084601044654847,0.8036386072635651,0.7978372395038604,0.7897964835166931,0.7833273023366928,0.7756257146596909,0.7680911034345627,0.7628174543380737,0.7579308420419693,0.7512373745441436,0.7455336064100265,0.7381929874420166,0.7322164595127105,0.7258781731128693,0.720063927769661,0.7139731198549271,0.7071456462144852,0.7037992209196091,0.6938839912414551,0.690043568611145,0.6836378037929535,0.6759320765733718,0.6689365446567536,0.6619813531637192,0.6553131937980652,0.645858284831047,0.6390545129776001,0.6317953675985336,0.6255272328853607,0.6166302561759949,0.6119923293590546,0.6030437827110291,0.5962685972452164,0.5914563268423081,0.5820689618587493,0.5738391637802124,0.5664466202259064,0.5576211661100388,0.5524350851774216,0.5418746769428253,0.5339608371257782,0.5270916044712066,0.5187718242406845,0.5098628163337707,0.49991245418787,0.49378380328416827,0.484193716943264,0.47578966021537783,0.46572150886058805,0.45829922407865525,0.4495496556162834,0.440319162607193,0.4295376867055893,0.41939789801836014,0.40951166301965714,0.3979069709777832,0.3872574508190155,0.3765309274196625,0.36511142253875734,0.3546053409576416,0.34260198324918745,0.3298227861523628,0.3176654189825058,0.3049506530165672,0.29159643948078157,0.2778826653957367,0.26606365889310835,0.2502202033996582,0.23927818536758422,0.2225511185824871,0.20985552966594695,0.19143907129764556,0.17162254303693772,0.158819093555212,0.14249709397554397,0.12202559225261211,0.103585534542799,0.08674672283232213,0.07051147818565369,0.05118635818362236,0.0,0.051868006214499475,0.07802800424396991,0.1086621806025505,0.14731568619608879,0.18610843494534493,0.24212219640612603,0.3345606788992882
t_6,1.4009315729141236,1.4008619010448455,1.4027963817119598,1.4019383847713471,1.4018846571445465,1.402284699678421,1.4000622630119324,1.3994758784770966,1.397014844417572,1.3974537789821624,1.3964746057987214,1.393723154067993,1.394877552986145,1.394525408744812,1.3949701488018036,1.392014616727829,1.3909436166286469,1.3890941262245178,1.3873811423778535,1.38642675280571,1.3838616967201234,1.3834597587585449,1.3815813899040221,1.3792075097560883,1.378125160932541,1.3764944314956664,1.3744900107383728,1.3709688305854797,1.3687815845012665,1.3669489800930024,1.3644660472869874,1.3619946599006654,1.359452211856842,1.3554466784000396,1.3517684519290925,1.3472021758556365,1.3458655953407288,1.3399545192718505,1.336139476299286,1.3316368222236634,1.32715505361557,1.321838802099228,1.3158438742160796,1.314168792963028,1.306320595741272,1.3013398349285126,1.2944335222244263,1.288637673854828,1.2824445188045501,1.2759446024894714,1.2697198152542115,1.262580406665802,1.2549302101135253,1.2482389152050017,1.2406160831451416,1.2316270351409913,1.2253838658332825,1.2183857262134552,1.211244374513626,1.2038395345211028,1.1948923110961913,1.187964779138565,1.1807231247425078,1.1717390835285186,1.1632914245128632,1.1564505338668822,1.1499464571475984,1.1407648563385009,1.1358551204204559,1.1292361915111542,1.1214999198913573,1.1119435548782348,1.1050411820411683,1.0987518370151519,1.0912414073944092,1.0816147208213807,1.0757544875144958,1.0679004669189454,1.0580524027347564,1.0510341942310333,1.0446532368659973,1.0359804213047028,1.0274709194898606,1.0205558776855468,1.013140207529068,1.0073338210582734,0.9984644770622253,0.9917492568492889,0.9842469185590744,0.9754436075687408,0.9695587038993836,0.9635505557060242,0.9574062079191208,0.9493898421525955,0.9409123688936234,0.9346006870269775,0.9284398078918457,0.9210547834634781,0.9134746134281159,0.9054726749658585,0.898751974105835,0.8920399010181427,0.8877017349004745,0.8782717525959015,0.8747179985046387,0.8691098511219024,0.8612032443284988,0.8555800467729568,0.8482331305742263,0.8408766657114028,0.8376039654016495,0.8291519194841385,0.8223681688308716,0.8177021354436874,0.8120420098304748,0.8041373580694199,0.7977518022060395,0.7901944816112518,0.7827463418245315,0.7775971174240113,0.7728764235973358,0.7662745893001557,0.7606696367263794,0.7534874439239502,0.7476566374301911,0.7414012730121613,0.7357217669487,0.7297573119401932,0.7230432689189911,0.719759601354599,0.7100621491670609,0.7062864035367966,0.7000123590230942,0.6924708187580109,0.6856148600578308,0.6787719368934632,0.6722317725419998,0.662890711426735,0.6561932295560837,0.6490864962339401,0.6429655522108078,0.6342327386140824,0.6297005981206893,0.6209178119897842,0.614264714717865,0.6095395445823669,0.6002963960170746,0.5922695875167847,0.5849482476711273,0.5762879461050033,0.5711999535560608,0.5608481943607331,0.5530357778072357,0.5462983995676041,0.5381552606821061,0.5293671518564225,0.519559234380722,0.5135993987321854,0.5041577786207199,0.49590883404016495,0.486054627597332,0.4786854267120361,0.47008256316185,0.4610393911600113,0.45036269426345826,0.4403530120849609,0.43064082264900205,0.4192891210317612,0.40884143114089966,0.3982624411582947,0.3869665160775185,0.3766127020120621,0.364645753800869,0.3521482303738594,0.3401465639472008,0.32750870287418365,0.314340703189373,0.30064821541309356,0.2890305116772652,0.2735141471028328,0.26262530237436293,0.24603974372148513,0.23350831493735313,0.21484735384583473,0.1957555554807186,0.18268748223781586,0.1656413421034813,0.14572618380188943,0.1267424501478672,0.10935714468359947,0.09163759909570217,0.0704188209027052,0.051868006214499475,0.0,0.062029132060706614,0.08867899216711521,0.1250487484037876,0.16288285478949546,0.21906326934695244,0.31177914291620257
t_5,1.410438859462738,1.41039537191391,1.4123085677623748,1.4114535570144653,1.4114188075065612,1.4118304312229157,1.4096119701862335,1.4090362250804902,1.4066145718097687,1.4070502817630768,1.4060943067073821,1.4033582389354706,1.404514354467392,1.4042065799236298,1.4046404898166656,1.4017261207103728,1.4006988286972046,1.3988828241825104,1.3971800923347473,1.3962690591812135,1.393728744983673,1.3933424770832061,1.391495019197464,1.3891551673412323,1.3881261944770813,1.386525136232376,1.3845379829406739,1.3810858309268952,1.3789332687854767,1.3771554589271546,1.374763286113739,1.3723076581954956,1.3698611438274384,1.365910577774048,1.3623098373413085,1.3578240692615509,1.3565541565418244,1.3507376611232758,1.3469824850559236,1.3425326943397522,1.3381686151027679,1.3329828441143037,1.3271105527877807,1.3254634320735932,1.317756825685501,1.3128765165805816,1.3060646891593932,1.3004175305366517,1.2943800508975982,1.2879534363746643,1.2818498194217682,1.2748824656009674,1.2673907041549684,1.260816478729248,1.2532832741737365,1.2444573163986206,1.2383664846420288,1.2314933300018311,1.2245286107063293,1.2172176003456117,1.2084323465824127,1.2016722738742829,1.19458327293396,1.1857443749904633,1.177489799261093,1.1707845985889436,1.164413321018219,1.1554480731487273,1.150670087337494,1.1442010223865509,1.1367236137390138,1.1272643685340882,1.1205360174179078,1.114398366212845,1.107100135087967,1.097691422700882,1.0920091271400452,1.0842956960201264,1.0745790481567383,1.067782598733902,1.061556440591812,1.0530459523200988,1.0447218120098114,1.0379941642284394,1.030736082792282,1.025123342871666,1.0164580374956131,1.0099934935569763,1.0026144087314606,0.9940354943275451,0.9882776945829391,0.9824832260608674,0.9765382826328277,0.9686614662408829,0.9603237807750702,0.9542636930942535,0.9483297169208527,0.941092100739479,0.9337328314781189,0.9259408116340637,0.9193768471479415,0.9128527820110321,0.9087263822555542,0.8994518995285035,0.8960727989673615,0.8906568109989166,0.882885730266571,0.8774776816368103,0.8703204661607742,0.863191232085228,0.8600568354129792,0.8518078088760376,0.8451788872480392,0.8407369703054428,0.8352344810962677,0.8274923980236053,0.821328341960907,0.8139668285846711,0.8066810369491577,0.8016883283853531,0.7971093237400055,0.7907415151596069,0.7852925449609757,0.7783280432224273,0.7725768774747849,0.7666075646877288,0.7610732942819596,0.7552966833114624,0.7487209379673004,0.7455725282430649,0.7361385494470596,0.7325280040502549,0.7264287978410721,0.7190733760595321,0.7123928934335708,0.7057027608156204,0.6993301659822464,0.6902249872684478,0.6836633145809173,0.6767714619636536,0.6708036959171295,0.662235689163208,0.6579256236553193,0.6493005633354187,0.6428818941116333,0.6383323222398758,0.6292631298303604,0.6213631808757782,0.6142152458429336,0.605820482969284,0.6009631603956223,0.5907641857862472,0.5831421166658401,0.5766051173210144,0.5686049520969391,0.5600376278162003,0.5504284083843232,0.5447081178426743,0.535409614443779,0.5273362696170807,0.517682495713234,0.510537426173687,0.5020787507295609,0.4932639360427856,0.4828775689005852,0.4730459228157997,0.46347876489162443,0.4523047849535942,0.4419749155640602,0.43158196210861205,0.4204841986298561,0.4103484034538269,0.39872912168502805,0.3863528624176979,0.37450323402881625,0.3621258318424225,0.3490146458148956,0.33556543439626696,0.3241837456822395,0.3085760101675987,0.2979113295674324,0.2812318608164787,0.2686800181865692,0.25058356001973153,0.2309563271701336,0.21833544299006463,0.20152639374136924,0.1807479031383991,0.16143045350909233,0.1435132682323456,0.12532199770212174,0.10090617164969444,0.07802800424396991,0.062029132060706614,0.0,0.05938591305166483,0.09171063303947449,0.12891838923096657,0.18401449248194696,0.27764148116111753
t_4,1.420262485742569,1.4202482223510742,1.422154051065445,1.4212966918945313,1.4212806820869446,1.4217112064361572,1.4194886565208436,1.4189353048801423,1.4165300011634827,1.4169772744178772,1.4160451471805573,1.4133040070533753,1.414477276802063,1.414219480752945,1.4146499276161193,1.4117652535438538,1.4107808232307435,1.409000140428543,1.407298070192337,1.4064329981803894,1.4039136528968812,1.4035434961318969,1.4017212092876434,1.399417507648468,1.3984435081481934,1.3968700349330903,1.3949046432971954,1.3915064573287963,1.3893827080726624,1.3876605927944183,1.3853567123413086,1.3829127311706544,1.3805552423000336,1.3766353130340576,1.373118257522583,1.3686808943748474,1.3674829185009003,1.3617506682872773,1.3580247700214385,1.3536261737346649,1.3493460178375245,1.3442789316177368,1.3384984970092773,1.3368840217590332,1.3292841553688048,1.3244756221771241,1.317730301618576,1.312194186449051,1.3062825441360473,1.2998904049396516,1.2938757836818695,1.2870516419410705,1.2796544432640076,1.2731776356697082,1.265706044435501,1.2569662630558014,1.2510106027126313,1.2442054808139802,1.2373912155628204,1.2301337003707886,1.2214482069015502,1.214791864156723,1.207836526632309,1.19907466173172,1.1909798741340638,1.1843691766262054,1.178106552362442,1.1692880690097809,1.1646364212036133,1.1582700312137604,1.1510285794734956,1.1416191399097442,1.1350200951099396,1.1290128767490386,1.121882575750351,1.1126429617404938,1.107139378786087,1.0995132625102997,1.089858841896057,1.083287763595581,1.0771886944770812,1.0688057780265807,1.0606312453746796,1.0540590167045594,1.0469085931777955,1.0414809107780456,1.0330179929733276,1.0267337650060653,1.0194734454154968,1.0110590010881424,1.005431517958641,0.9997770696878433,0.9940700978040695,0.9862332701683044,0.9779759287834168,0.9721540302038193,0.966452133655548,0.9593186914920807,0.9521218240261078,0.9445250868797302,0.9380721688270569,0.9316882342100143,0.9277807623147964,0.9186064094305039,0.9154332637786865,0.9102305680513382,0.9025384545326233,0.8973110496997834,0.8902736157178879,0.8833551585674286,0.8803545653820037,0.872227019071579,0.8657097578048706,0.8615176379680634,0.8562414288520813,0.8486326992511749,0.8425482362508774,0.8354339718818664,0.8282290607690811,0.8234229624271393,0.8191056936979294,0.8127730846405029,0.8074663281440735,0.8007102370262146,0.7951456427574157,0.7893038749694824,0.7839351415634155,0.7783429861068726,0.7718833923339844,0.7688490241765976,0.7596665918827057,0.7561948210000992,0.7502294272184372,0.7430962145328521,0.7365805268287658,0.7299905836582183,0.723870187997818,0.7148998022079468,0.7085132420063018,0.7017325967550277,0.6960005551576615,0.6876160591840744,0.6834602952003479,0.6749947160482407,0.6687501966953278,0.6644413262605667,0.6555388659238816,0.6478107333183288,0.6407003432512284,0.6325733006000519,0.6279427826404571,0.6179920971393585,0.6105035871267319,0.6041735798120499,0.5964553415775299,0.5879529595375061,0.5784456580877304,0.5730660885572434,0.5638467788696289,0.5561124414205552,0.5466291218996048,0.5396113812923431,0.5314452022314071,0.5228381305932999,0.5126196533441544,0.5029796868562698,0.49358913004398347,0.4825427696108818,0.47268252819776535,0.46244868338108064,0.4514609664678574,0.4414910152554512,0.429944109916687,0.41793692409992217,0.4063389465212822,0.39402624368667605,0.38121984004974363,0.3680347353219986,0.35678652226924895,0.341306608915329,0.3307858183979988,0.314704130589962,0.30249104648828506,0.28398225754499434,0.2645505055785179,0.25217548087239267,0.23516550436615943,0.21482150852680207,0.19575948789715766,0.1777119219303131,0.15795462653040887,0.1330212913453579,0.1086621806025505,0.08867899216711521,0.05938591305166483,0.0,0.06370365247130394,0.09565148800611496,0.1500968538224697,0.24426331445574762
t_3,1.430855941772461,1.4308590531349181,1.4327529966831207,1.4318978846073152,1.4318918347358705,1.4323237180709838,1.4301114618778228,1.4295763790607452,1.4272066116333009,1.4276654422283173,1.4267535507678986,1.4240275382995606,1.42519873380661,1.4249847829341888,1.4253940463066102,1.422567653656006,1.421616804599762,1.4198795557022095,1.418185192346573,1.4173649966716766,1.4148754715919494,1.4145208597183228,1.4127284228801726,1.4104753494262696,1.4095468819141388,1.4080105602741242,1.4060685575008391,1.4027444958686828,1.4006647646427155,1.3989981055259704,1.3967932760715485,1.394377017021179,1.3921105504035949,1.3882603883743285,1.3848384082317353,1.3804886996746064,1.3793541848659516,1.3737408101558686,1.370079618692398,1.3657539308071136,1.3615938901901246,1.3566667556762695,1.3510214805603027,1.349439364671707,1.342000848054886,1.3373018205165863,1.3306615054607391,1.3252761304378509,1.3195307672023773,1.3132156789302827,1.307334792613983,1.3006921112537384,1.293460386991501,1.287101972103119,1.2797280967235565,1.2711377620697022,1.265344077348709,1.258665108680725,1.2520182013511658,1.2448557436466217,1.2363300800323487,1.2298386454582215,1.2230388462543487,1.2144051849842072,1.2064926266670226,1.200026285648346,1.1939019203186034,1.1852729618549347,1.1807515740394592,1.1745344519615173,1.1675397396087646,1.1582125067710876,1.1517893314361571,1.1459350526332854,1.1389953792095184,1.1299629628658294,1.1246370911598205,1.1171505153179169,1.107611745595932,1.1012498438358307,1.0953023254871368,1.0870786666870118,1.0790859162807465,1.072686207294464,1.0656904876232147,1.0604306876659393,1.052192795276642,1.046119076013565,1.0389930784702301,1.0307924807071687,1.0253039300441742,1.0198226690292358,1.0143325239419938,1.0066271543502807,0.9985158205032348,0.9929162323474884,0.9874307066202164,0.980462858080864,0.9734528958797455,0.9660701811313629,0.9597593367099762,0.9535758197307587,0.9498845875263214,0.9408554911613465,0.9378583610057831,0.9328482329845429,0.9253146976232529,0.9203008115291595,0.9134039521217346,0.906707888841629,0.9038610577583313,0.8959437161684036,0.8895817190408707,0.885593643784523,0.8804905891418457,0.8730723321437835,0.8671915352344512,0.8602635473012924,0.8532237708568573,0.8486009448766708,0.8444560021162033,0.8383083999156952,0.8331629484891891,0.826633197069168,0.8212142765522004,0.8155705988407135,0.8103775680065155,0.8049592792987823,0.7986745476722718,0.7957700401544571,0.7868578016757966,0.7835199505090713,0.7777505725622177,0.7708389818668365,0.7645032405853271,0.7580967545509338,0.7521620273590088,0.7433886259794236,0.7371626824140549,0.7306225001811981,0.7250805586576462,0.716913104057312,0.7129326045513154,0.7046835213899613,0.6986467003822326,0.6944746524095535,0.685808676481247,0.6782942056655884,0.6713505059480667,0.6634685426950455,0.6590190768241883,0.6493192195892334,0.6420148462057114,0.6358909547328949,0.6283697634935379,0.6200964361429214,0.6108318269252777,0.6056659281253814,0.5966645658016205,0.5891667246818543,0.5799307614564896,0.573094728589058,0.5650967240333558,0.5567795395851135,0.5468185901641845,0.5373777121305465,0.528230082988739,0.517492237687111,0.5078550562262535,0.49786788672208787,0.48711866438388823,0.4773786008358002,0.4661044582724571,0.45436050146818163,0.44301935881376264,0.4309662565588951,0.41836415976285934,0.40541102439165116,0.3943503171205521,0.3792857676744461,0.36883457750082016,0.35289245992898943,0.34081886112689974,0.3226822555065155,0.3036362186074257,0.291302227973938,0.2743269056081772,0.2541964754462242,0.23492171615362167,0.21672690883278847,0.19747206270694734,0.1725081570446491,0.14731568619608879,0.1250487484037876,0.09171063303947449,0.06370365247130394,0.0,0.06102161537855864,0.11073741987347603,0.20463514998555182
t_2,1.44170081615448,1.4417177140712738,1.443591171503067,1.4427385449409484,1.442743569612503,1.443175160884857,1.4409802734851838,1.4404622256755828,1.4381269991397858,1.4385922729969025,1.4377031981945039,1.4349964737892151,1.4361653327941895,1.4359842836856842,1.4363785445690156,1.4336045980453491,1.4326895713806151,1.4309947848320008,1.4293129682540893,1.4285336256027221,1.4260759770870208,1.4257356107234955,1.4239733695983887,1.4217676758766173,1.420881634950638,1.419377762079239,1.4174671649932862,1.4142118990421295,1.4121714770793914,1.410556548833847,1.408438104391098,1.4060529708862304,1.4038640320301057,1.4000786900520326,1.3967434644699097,1.3924726486206054,1.3913948357105255,1.385890579223633,1.382286936044693,1.3780309975147247,1.3739769458770752,1.3691759407520294,1.3636504411697388,1.3620982587337493,1.354805451631546,1.3501970946788788,1.3436616837978363,1.33840651512146,1.3328080773353577,1.3265657007694245,1.3208003640174866,1.3143239855766295,1.3072311937808991,1.3009901642799377,1.2937154352664948,1.2852554798126221,1.279608005285263,1.2730389475822448,1.2665499687194823,1.2594837248325348,1.2510999858379364,1.2447454154491424,1.2380983173847198,1.2295828759670258,1.2218438327312469,1.2155098974704743,1.2095111012458801,1.2010571300983428,1.1966624975204467,1.1905773818492889,1.1838132679462432,1.1745814681053162,1.1683133006095887,1.1626004993915557,1.1558358371257782,1.1470016181468963,1.1418455064296722,1.1344805002212524,1.12505801320076,1.118900215625763,1.1131049931049346,1.1050307869911193,1.0972127735614776,1.090970867872238,1.0841114819049835,1.0790210127830506,1.0709955513477325,1.0651047289371491,1.0581237733364106,1.0501051008701325,1.044757854938507,1.0394214272499085,1.034145039319992,1.0265503168106078,1.0185770481824874,1.0131899952888488,1.0079067319631576,1.0010843396186828,0.9942490547895432,0.9870741903781891,0.9808982789516449,0.974888625741005,0.9713866025209427,0.962510558962822,0.9596812397241592,0.9548637062311173,0.9474644511938095,0.9426302343606949,0.9358811497688293,0.9293952107429504,0.9266798436641693,0.9189429193735122,0.9127331405878067,0.9089353829622269,0.9040252923965454,0.8967880457639694,0.8910441637039185,0.8843287289142608,0.8774353235960006,0.8729869544506073,0.869041234254837,0.8630135267972946,0.8580169826745987,0.8516922354698181,0.8464572846889495,0.8409624129533768,0.8359329909086227,0.8306915909051895,0.8245648562908172,0.8217626273632049,0.8131150364875793,0.8098977029323577,0.8042875319719315,0.797593492269516,0.791438153386116,0.7851978689432144,0.7794545590877533,0.7708841979503631,0.7648324698209763,0.7584806442260742,0.7531349182128906,0.7451671123504638,0.7413295179605484,0.7332782804965973,0.7274474710226059,0.7234303414821625,0.7149790346622467,0.7076913237571716,0.7008822083473205,0.6932464659214019,0.6889329344034195,0.679495319724083,0.672389206290245,0.6664626002311707,0.6591721117496491,0.6510588616132736,0.642014691233635,0.6370657563209534,0.6282744079828262,0.6210275113582611,0.6120227009057999,0.6053204894065857,0.5975743979215622,0.5894565552473068,0.5797196447849273,0.570515114068985,0.5615752607583999,0.5511153936386108,0.5417909324169159,0.5320036113262177,0.5214779227972031,0.5119887530803681,0.5009156256914139,0.48946370780467985,0.478370700776577,0.4665316119790077,0.4542034983634949,0.4414628863334656,0.43068567365407945,0.41586732417345046,0.4056584522128105,0.3900873064994812,0.37824328392744067,0.360265651345253,0.34159832298755644,0.3293530628085136,0.31245269775390627,0.29277036190032957,0.273731105029583,0.25561841279268266,0.23620199859142305,0.21137137040495874,0.18610843494534493,0.16288285478949546,0.12891838923096657,0.09565148800611496,0.06102161537855864,0.0,0.07644502110779286,0.1666621245443821
t_1,1.4562888503074647,1.4563336670398712,1.4581889092922211,1.457334077358246,1.4573622345924377,1.457809841632843,1.4556201577186585,1.4551298856735229,1.4528286099433898,1.453307557106018,1.4524540305137634,1.4497541964054108,1.4509326636791229,1.4508130729198456,1.4511890769004823,1.4484744191169738,1.4476176798343658,1.4459744274616242,1.4443058490753173,1.4435844540596008,1.4411670327186585,1.44084535241127,1.4391234755516051,1.4369785785675049,1.4361572027206422,1.4347020268440247,1.4328260004520417,1.429660928249359,1.42767174243927,1.426135128736496,1.424142801761627,1.4217869818210602,1.4197197794914245,1.4160047471523285,1.4127940237522125,1.408620011806488,1.4076375603675841,1.402284950017929,1.3987416088581086,1.3945773124694825,1.3906647324562074,1.386051505804062,1.3806840837001801,1.3791809797286987,1.3720824778079987,1.3676039755344391,1.3611971735954285,1.3561289191246033,1.3507374405860901,1.3445886552333832,1.3389739990234375,1.332752251625061,1.3258496582508088,1.3197772920131683,1.3126300513744353,1.3043560147285462,1.2989286184310913,1.2925085723400116,1.2862632870674133,1.2793197154998779,1.2711426854133605,1.2649766385555268,1.258570659160614,1.25021533370018,1.2427412748336792,1.2365812957286835,1.2307645857334137,1.2225842893123626,1.2183788120746613,1.2124822318553925,1.206078565120697,1.1969679057598115,1.1909305334091187,1.1854437649250031,1.1789441049098968,1.170393431186676,1.1655080020427704,1.1583219289779663,1.1490469336509705,1.1432067096233367,1.137618750333786,1.1297932863235474,1.1222160935401917,1.1162400364875793,1.109570848941803,1.1047474801540376,1.0970407605171204,1.0914414763450622,1.0846559047698974,1.0769337654113769,1.0717837452888488,1.0666697144508361,1.0617236614227294,1.0542766511440278,1.046477311849594,1.0414579033851623,1.0364951312541961,1.0298895955085754,1.0233070641756057,1.016449648141861,1.0104689002037048,1.0047009468078614,1.0015204161405564,0.9928242653608322,0.9902683466672897,0.9857309132814407,0.9785195797681808,0.9739785104990005,0.9674437999725342,0.9612918764352798,0.9587520360946655,0.951276496052742,0.945248931646347,0.9417846709489822,0.9371672570705414,0.9301559746265411,0.9246307373046875,0.918260595202446,0.9115404635667801,0.9073337703943253,0.9036889612674713,0.8978656470775604,0.8930590480566025,0.8870323896408081,0.8820287674665451,0.8767929583787918,0.8720019876956939,0.8670425266027451,0.86113041639328,0.8584507733583451,0.850240895152092,0.8471954554319382,0.8418260723352432,0.8354077190160751,0.8295179396867752,0.8234430551528931,0.8179952919483184,0.809749859571457,0.803925147652626,0.7977994620800019,0.7927435338497162,0.7850865811109543,0.7814796805381775,0.7737019747495651,0.7681265532970428,0.7643511414527893,0.7561566084623337,0.7491456001996994,0.7424675315618515,0.7352644264698028,0.7312264114618301,0.7221352219581604,0.7152172446250915,0.7096300721168518,0.7025929033756256,0.6947651505470276,0.6859659880399704,0.6814119666814804,0.6728771299123764,0.6659126043319702,0.6572373926639556,0.650766259431839,0.6433671593666077,0.6355778515338898,0.6262038797140121,0.617281261086464,0.6086799681186676,0.5984836727380752,0.5895559966564179,0.5800763130187988,0.5698934018611908,0.5607062041759491,0.5499831467866898,0.5389799565076828,0.5281558483839035,0.5165995001792908,0.5047088354825974,0.49245757460594175,0.48196260780096056,0.4674883410334587,0.4575135871767998,0.44250309765338897,0.4309965446591377,0.4132630333304405,0.3951028034090996,0.38339251428842547,0.3668023645877838,0.3474042057991028,0.328695572912693,0.31094661206007,0.29132547080516813,0.26705591529607775,0.24212219640612603,0.21906326934695244,0.18401449248194696,0.1500968538224697,0.11073741987347603,0.07644502110779286,0.0,0.11229984425008296
t_0,1.4812110185623169,1.481273853778839,1.4830873966217042,1.4822347164154053,1.4822796821594237,1.4827162623405457,1.4805737853050231,1.4801222085952759,1.4778881072998047,1.4783822774887085,1.477573323249817,1.4749241590499877,1.4760898649692535,1.4760309219360352,1.4763725876808167,1.4737783372402191,1.4729834258556367,1.4714350938796996,1.4697976768016816,1.469150573015213,1.4668142378330231,1.4665101289749145,1.4648513317108154,1.4628158211708069,1.462067687511444,1.4606946527957916,1.4588749945163726,1.455858623981476,1.453965425491333,1.4525290369987487,1.450701367855072,1.448423445224762,1.4465046525001526,1.44293292760849,1.4399031043052672,1.4358972191810608,1.4350211322307587,1.4299019157886506,1.4264826834201814,1.4224665462970734,1.4187781870365144,1.414425754547119,1.4093093574047089,1.407863700389862,1.4010683000087738,1.3967900395393371,1.3906054317951202,1.3858113706111908,1.3807207942008972,1.3747316300868988,1.3693581402301789,1.3634846210479736,1.3568937838077546,1.3510569632053375,1.3441172659397125,1.3361188054084778,1.3310064435005189,1.3248281061649323,1.3189169585704803,1.312165242433548,1.3043038547039032,1.298443192243576,1.2923550128936767,1.284255814552307,1.2771382987499238,1.2712737023830414,1.2657227098941803,1.2579082012176515,1.2539676070213317,1.2483518183231355,1.2424386262893676,1.2335213840007782,1.2278332233428955,1.2226490259170533,1.2165154576301576,1.2084000945091247,1.2038677513599396,1.1969478726387024,1.1879298865795136,1.1825187623500824,1.1772478997707367,1.1697550296783448,1.1625599324703217,1.1569229245185852,1.1505662322044372,1.1461086094379425,1.1388614177703857,1.133674144744873,1.1271942555904388,1.1198934257030486,1.11504824757576,1.1102629840373992,1.1057534277439118,1.0985840797424316,1.0911136448383332,1.0865387439727783,1.0820055782794953,1.0757348716259003,1.0695462703704834,1.0631427884101867,1.0574585914611816,1.0520936191082,1.0493033349514007,1.040956711769104,1.03873091340065,1.0346043765544892,1.0277006387710572,1.0235613107681274,1.0173711359500885,1.011670583486557,1.0094181716442108,1.0023532867431642,0.996671837568283,0.9935969024896621,0.9893506944179535,0.9827467203140259,0.9775683730840683,0.9716263830661773,0.9652489244937896,0.9613757908344269,0.9580924719572067,0.9526404350996017,0.9481547981500625,0.9425850421190262,0.937918198108673,0.9330593526363373,0.9286149263381958,0.9240163266658783,0.9184575021266937,0.9159882426261902,0.9083596199750901,0.9055744886398316,0.9005543202161789,0.894595792889595,0.8890991568565368,0.883388701081276,0.8783092021942138,0.8705267488956452,0.8650288373231888,0.8593680739402771,0.8547033727169037,0.8474796384572982,0.844217112660408,0.8368701040744781,0.8317379951477051,0.8282680034637451,0.8205453604459763,0.8139881283044815,0.8076646715402603,0.8009761810302735,0.7972711533308029,0.788723960518837,0.782223641872406,0.7770662784576416,0.7704823702573776,0.7631003499031067,0.7547899663448334,0.7506778538227081,0.7426154464483261,0.7361600071191787,0.728067284822464,0.7219575732946396,0.7150185585021973,0.7077556341886521,0.6989541202783585,0.6905501425266266,0.6824643433094024,0.6729327142238617,0.6646037429571152,0.6556517481803894,0.6459956109523773,0.6374362796545029,0.6272705256938934,0.6169935613870621,0.6067949652671814,0.5958702743053437,0.5846441924571991,0.5729831486940384,0.5632041186094284,0.5495013356208801,0.54011290371418,0.5258237302303315,0.5150038510560989,0.4981184735894203,0.4809384658932686,0.4697767823934555,0.45385343581438065,0.4354777291417122,0.4176011741161346,0.4005671560764313,0.38190687000751494,0.35861566066741946,0.3345606788992882,0.31177914291620257,0.27764148116111753,0.24426331445574762,0.20463514998555182,0.1666621245443821,0.11229984425008296,0.0
