,t_199,t_198,t_197,t_196,t_195,t_194,t_193,t_192,t_191,t_190,t_189,t_188,t_187,t_186,t_185,t_184,t_183,t_182,t_181,t_180,t_179,t_178,t_177,t_176,t_175,t_174,t_173,t_172,t_171,t_170,t_169,t_168,t_167,t_166,t_165,t_164,t_163,t_162,t_161,t_160,t_159,t_158,t_157,t_156,t_155,t_154,t_153,t_152,t_151,t_150,t_149,t_148,t_147,t_146,t_145,t_144,t_143,t_142,t_141,t_140,t_139,t_138,t_137,t_136,t_135,t_134,t_133,t_132,t_131,t_130,t_129,t_128,t_127,t_126,t_125,t_124,t_123,t_122,t_121,t_120,t_119,t_118,t_117,t_116,t_115,t_114,t_113,t_112,t_111,t_110,t_109,t_108,t_107,t_106,t_105,t_104,t_103,t_102,t_101,t_100,t_99,t_98,t_97,t_96,t_95,t_94,t_93,t_92,t_91,t_90,t_89,t_88,t_87,t_86,t_85,t_84,t_83,t_82,t_81,t_80,t_79,t_78,t_77,t_76,t_75,t_74,t_73,t_72,t_71,t_70,t_69,t_68,t_67,t_66,t_65,t_64,t_63,t_62,t_61,t_60,t_59,t_58,t_57,t_56,t_55,t_54,t_53,t_52,t_51,t_50,t_49,t_48,t_47,t_46,t_45,t_44,t_43,t_42,t_41,t_40,t_39,t_38,t_37,t_36,t_35,t_34,t_33,t_32,t_31,t_30,t_29,t_28,t_27,t_26,t_25,t_24,t_23,t_22,t_21,t_20,t_19,t_18,t_17,t_16,t_15,t_14,t_13,t_12,t_11,t_10,t_9,t_8,t_7,t_6,t_5,t_4,t_3,t_2,t_1,t_0
t_199,0.0,0.07792660929262638,0.07447233907878399,0.0780163824558258,0.08311617150902748,0.09372175373136997,0.10926478318870067,0.12629635855555535,0.14919429421424865,0.16042977198958397,0.17896302565932273,0.19958891719579697,0.20596023499965668,0.23431712090969087,0.2462957240641117,0.27602518647909163,0.3005152940750122,0.3294802516698837,0.3415330722928047,0.3702798321843147,0.39845073521137236,0.4084023326635361,0.4331715852022171,0.4626543700695038,0.4829937696456909,0.49829926788806916,0.51897232234478,0.5461966305971145,0.5652339637279511,0.5828675329685211,0.6113510489463806,0.623202669620514,0.6487677425146103,0.6648145735263824,0.6883689492940903,0.7066881209611893,0.7150437146425247,0.7346394538879395,0.7479828387498856,0.7646021485328675,0.7747373163700104,0.7902680814266205,0.8075618058443069,0.8155140072107315,0.8390344530344009,0.8407964587211609,0.8543494492769241,0.8655770987272262,0.8824637651443481,0.8928333282470703,0.9024338871240616,0.914696553349495,0.9291176736354828,0.938734981417656,0.9491088360548019,0.964218533039093,0.9766868054866791,0.9874650210142135,0.9913668125867844,0.9996235370635986,1.0164329349994659,1.0241201043128967,1.0329220235347747,1.0424221396446227,1.048885202407837,1.0621029913425446,1.0696901321411132,1.078135597705841,1.087573653459549,1.0972124755382537,1.098509931564331,1.1093277096748353,1.126230275630951,1.1208828508853912,1.131878000497818,1.1339701533317565,1.142129135131836,1.1463874459266663,1.1641985833644868,1.1625776708126068,1.1677397727966308,1.1759129106998443,1.1811955869197845,1.1957326352596283,1.1960492253303527,1.2015213012695312,1.2018953502178191,1.2071828424930573,1.213105994462967,1.2162627041339875,1.2235729038715362,1.227293562889099,1.2398947954177857,1.2366808295249938,1.2438147425651551,1.2542411506175994,1.250510686635971,1.260122674703598,1.2599186301231384,1.2608440458774566,1.2654124796390533,1.2707893431186676,1.2768386065959931,1.2854515671730042,1.287172782421112,1.2864398896694182,1.286720860004425,1.2968420803546905,1.2924136519432068,1.2940361380577088,1.298487901687622,1.3002501606941224,1.306927317380905,1.3042656183242798,1.3094119071960448,1.3118897080421448,1.311337685585022,1.3156372785568238,1.3163716793060303,1.3226176619529724,1.3340812146663665,1.323392105102539,1.3272534310817719,1.3305676698684692,1.3296181201934814,1.335499292612076,1.338159877061844,1.3391421139240265,1.3387681722640992,1.3375627756118775,1.3418834626674652,1.3431368589401245,1.3431607067584992,1.3468760788440703,1.3472252070903779,1.3549017906188965,1.3509136080741881,1.3512861847877502,1.355674636363983,1.3536219954490663,1.3555068850517273,1.359377807378769,1.3616215646266938,1.358177024126053,1.3608716011047364,1.3602676451206208,1.3630858600139617,1.3632090508937835,1.363968586921692,1.3655063450336455,1.3647268891334534,1.3659856021404266,1.3688711285591126,1.3683915197849275,1.3698904633522033,1.3699331343173982,1.3711942851543426,1.370744091272354,1.374035656452179,1.3739003479480743,1.3731543958187102,1.372989195585251,1.374455213546753,1.3800545513629914,1.3773024559020997,1.3762337625026704,1.382444578409195,1.3787222027778625,1.3786789417266845,1.3781456768512725,1.3778324246406555,1.3812400639057159,1.3812289178371429,1.3856466472148896,1.3805855631828308,1.3809017539024353,1.38657346367836,1.380296629667282,1.3830530405044557,1.3878187358379364,1.3831148087978362,1.3816012024879456,1.381950670480728,1.3846685230731963,1.3924558937549592,1.3859385907649995,1.383120322227478,1.3840124785900116,1.3879311561584473,1.3863825261592866,1.3851389288902283,1.386488276720047,1.3843023836612702,1.3861179649829865,1.3854625344276428,1.3837023377418518,1.3854673266410829,1.3846763730049134,1.3847979784011841,1.3863863587379455
t_198,0.07792660929262638,0.0,0.06948555000126362,0.07040471322834492,0.07435361631214618,0.07935872636735439,0.097516018897295,0.1123486090451479,0.1328987918794155,0.14270154237747193,0.16455329433083535,0.1827783077955246,0.18935754150152206,0.21666259542107583,0.2287784643471241,0.26035008728504183,0.2839808791875839,0.31245178878307345,0.3243068352341652,0.3535699561238289,0.3822477743029594,0.391994072496891,0.41709101796150205,0.44750919193029404,0.4676485076546669,0.4829027831554413,0.5040628522634506,0.5317900002002716,0.5509272247552872,0.5688871562480926,0.5979918718338013,0.6098753601312638,0.635867303609848,0.6527320712804794,0.6765658527612686,0.6951624244451523,0.7034849315881729,0.7235301405191421,0.737341758608818,0.7542343735694885,0.7646462857723236,0.7803025066852569,0.7981546610593796,0.8065391212701798,0.8311823576688766,0.832039812207222,0.8459911644458771,0.8575973451137543,0.8750445634126663,0.8857377290725708,0.8954530954360962,0.9080458492040634,0.9230768889188766,0.932754835486412,0.9433661490678787,0.9590859055519104,0.971980768442154,0.982949510216713,0.986500284075737,0.9951282382011414,1.0124917536973954,1.020383244752884,1.0292889475822449,1.0390290319919586,1.0454902172088623,1.0591793060302734,1.0668706476688385,1.0755975663661956,1.0853112995624543,1.0952927887439727,1.0963871359825135,1.1074874758720399,1.1249874651432037,1.1191618382930755,1.1305349946022034,1.1324951291084289,1.1409036576747895,1.1451408743858338,1.1636489510536194,1.1616746723651885,1.166934883594513,1.1752294838428496,1.1806509613990783,1.1956240653991699,1.1958558082580566,1.2015226125717162,1.2016285598278045,1.2070953607559205,1.2131220042705535,1.2163604080677033,1.2237730085849763,1.2276057064533235,1.2406734228134155,1.2370799720287322,1.2444742918014526,1.255267184972763,1.251301747560501,1.2612087786197663,1.2608717441558839,1.2617550790309906,1.2663429141044618,1.27194402217865,1.278139317035675,1.2869560241699218,1.2886717915534973,1.2879101037979126,1.2881733894348144,1.2985900580883025,1.2939501643180846,1.2955355584621429,1.3000754415988922,1.3018782079219817,1.3086827218532562,1.305946010351181,1.3111993730068208,1.3137149512767792,1.313130009174347,1.3175497114658357,1.3182772159576417,1.3246379137039184,1.3364412784576416,1.325423890352249,1.3293224155902863,1.332781147956848,1.3317686200141907,1.3378001630306244,1.3404362201690674,1.3414372205734253,1.341058486700058,1.3398339390754699,1.3442555010318755,1.345491886138916,1.3455204486846923,1.3493308365345,1.3496659994125366,1.357503777742386,1.3533916532993318,1.353776067495346,1.3582177877426147,1.3561513364315032,1.3580692172050477,1.3620002269744873,1.3643041014671327,1.3607852697372436,1.3634974956512451,1.3629095137119294,1.3657699167728423,1.3659095466136932,1.3666691124439239,1.3681850969791411,1.3674599945545196,1.3687195301055908,1.3717170000076293,1.371172958612442,1.372677594423294,1.3727690041065217,1.37402400970459,1.3735785901546478,1.3769344508647918,1.3767892003059388,1.3760266780853272,1.375854378938675,1.377333217859268,1.3830494344234467,1.3802620410919189,1.379110586643219,1.3854665100574493,1.3816920936107635,1.3816398441791535,1.381083792448044,1.3807472348213197,1.3842283368110657,1.3841933727264404,1.3886945784091949,1.383568251132965,1.3838660299777985,1.3896546244621277,1.3832504987716674,1.386063677072525,1.3909359097480773,1.3860827326774596,1.3845804452896118,1.3849284648895264,1.387695348262787,1.395625603199005,1.3889626026153565,1.3861153066158294,1.387013953924179,1.3910124242305755,1.3894204437732696,1.3881535351276397,1.389543354511261,1.3873207092285156,1.389170664548874,1.3885085821151733,1.3867156445980071,1.388510251045227,1.3876935064792633,1.3878242731094361,1.3895003974437714
t_197,0.07447233907878399,0.06948555000126362,0.0,0.06812998466193676,0.07689387910068035,0.08065971173346043,0.09961616210639476,0.11483844332396984,0.13647886589169503,0.1465296447277069,0.1680440276861191,0.18694922402501107,0.19298317283391953,0.22026050761342048,0.23242408260703087,0.2637951374053955,0.2878714546561241,0.31637888997793195,0.3282444208860397,0.3573470011353493,0.38608295023441314,0.3957958996295929,0.4209087908267975,0.4512160196900368,0.4714354187250137,0.48664140701293945,0.5076983109116554,0.5354343175888061,0.554517662525177,0.5724891632795334,0.601470085978508,0.6133681952953338,0.6392588466405869,0.6561263293027878,0.6799096465110779,0.6985409617424011,0.706850117444992,0.7269014298915863,0.7406470894813537,0.7575091600418091,0.7679164618253708,0.7835956066846848,0.8013790279626847,0.8097217977046967,0.8342975527048111,0.8352308601140976,0.849162358045578,0.8607306391000747,0.8781457781791687,0.8888054341077805,0.8985033303499221,0.9110865890979767,0.9260438084602356,0.9356752961874009,0.9462817877531051,0.9619182646274567,0.9747677803039551,0.9856871068477631,0.9892633944749832,0.9978565782308578,1.0151317417621613,1.022983717918396,1.0318491160869598,1.0415408670902253,1.0479917466640472,1.06159451007843,1.06925008893013,1.0779231190681458,1.0875560760498046,1.0974775791168212,1.0985792934894563,1.109625643491745,1.1269929111003876,1.121217566728592,1.13252711892128,1.134470373392105,1.142826110124588,1.1470630049705506,1.1654397964477539,1.163487011194229,1.1687029898166656,1.176945436000824,1.1823444187641143,1.1972258627414702,1.197454470396042,1.2030799448490144,1.2031766057014466,1.2086179733276368,1.2145986676216125,1.2178220868110656,1.2251746952533722,1.2289997518062592,1.2419866800308228,1.2383944988250732,1.2457591831684112,1.2564886033535003,1.2525285065174103,1.2623791575431824,1.262030255794525,1.2629010498523712,1.2674618065357208,1.2730300724506378,1.279190993309021,1.2879485189914703,1.2896601378917694,1.2888931035995483,1.2891428351402283,1.2994959235191346,1.2948715090751648,1.2964510440826416,1.300939792394638,1.3027396142482757,1.3095052003860475,1.3067773818969726,1.311996614933014,1.314495176076889,1.3139052212238311,1.318295991420746,1.3190149068832397,1.3253424406051635,1.3371054410934449,1.3261007428169251,1.3299883127212524,1.3334146916866303,1.3324061393737794,1.3384114325046539,1.3410355865955352,1.3420229852199554,1.341639333963394,1.3404024243354797,1.3448170244693756,1.346044647693634,1.3460686802864075,1.3498577058315278,1.350197958946228,1.3579946279525756,1.3538892984390258,1.354270488023758,1.3586988508701325,1.3566185355186462,1.3585316777229308,1.3624539911746978,1.3647366881370544,1.3612236022949218,1.3639240026474,1.36332710981369,1.3661790549755097,1.3663247048854827,1.3670734405517577,1.3685801327228546,1.3678532898426057,1.3691090643405914,1.3720812499523163,1.3715314209461211,1.373037075996399,1.3731181025505066,1.3743708670139312,1.3739121496677398,1.3772680461406708,1.3771181046962737,1.3763532161712646,1.376182734966278,1.377643609046936,1.383356076478958,1.3805700361728668,1.379412180185318,1.385750025510788,1.381987100839615,1.3819246470928193,1.3813749134540558,1.3810344636440277,1.384494239091873,1.3844708740711211,1.3889618635177612,1.3838361382484436,1.3841316759586335,1.3899145126342773,1.3835189759731292,1.3863274216651917,1.3911767780780793,1.3863312304019928,1.3848259031772614,1.385176420211792,1.3879287958145141,1.3958546996116639,1.389208322763443,1.3863479495048523,1.387243205308914,1.391234242916107,1.3896476566791534,1.3883772313594818,1.3897574424743653,1.3875385701656342,1.3893829941749574,1.388723647594452,1.3869217395782472,1.3887231588363647,1.3879032671451568,1.3880179464817046,1.3896926939487457
t_196,0.0780163824558258,0.07040471322834492,0.06812998466193676,0.0,0.0687176164239645,0.0701052039861679,0.08857948407530784,0.10157413333654404,0.1225619561970234,0.13250317722558974,0.1527544692158699,0.17213993966579438,0.17799207866191863,0.2056315377354622,0.21757616177201272,0.24862748757004738,0.27294678539037703,0.30184309035539625,0.31394163966178895,0.3430101975798607,0.37193469554185865,0.3818273082375526,0.4071026772260666,0.4374971315264702,0.45807246416807174,0.47352511435747147,0.4947249412536621,0.5227191984653473,0.5420933276414871,0.5602340549230576,0.5894860297441482,0.6015860199928283,0.6277335166931153,0.6446441948413849,0.6687513917684555,0.687635600566864,0.6961221575737,0.7164235770702362,0.7302734166383743,0.7473451346158981,0.7578872889280319,0.773867842555046,0.7918202310800553,0.8001694828271866,0.8248040348291397,0.8261546283960343,0.8402590990066529,0.8519561737775803,0.8695151746273041,0.880309721827507,0.8902096182107926,0.9029557406902313,0.91799256503582,0.9278230637311935,0.9385970532894135,0.9543385088443757,0.9673097610473633,0.978360065817833,0.9822059541940689,0.9909107834100723,1.0082820415496827,1.0162426590919496,1.0252613484859467,1.0350997865200042,1.041739135980606,1.0553922772407531,1.0631508767604827,1.0719393908977508,1.0816444039344788,1.091623306274414,1.0928855299949647,1.1040445208549499,1.121416050195694,1.1158550024032592,1.127217024564743,1.1293081998825074,1.1377233803272246,1.1420793950557708,1.1604432284832,1.158652776479721,1.1639437615871429,1.1722520112991333,1.177745258808136,1.1926224410533905,1.1929411947727204,1.1985962688922882,1.198870313167572,1.2043168127536774,1.210371345281601,1.2136576175689697,1.2210511147975922,1.2249400615692139,1.2378814756870269,1.234443837404251,1.241818130016327,1.2525253295898438,1.248687928915024,1.2585409820079803,1.2582846462726593,1.2592329919338225,1.26384180188179,1.2694194614887238,1.275575715303421,1.2843521237373352,1.286096465587616,1.2853946745395661,1.285685169696808,1.2960217356681825,1.2914784133434296,1.2931115627288818,1.2976193010807038,1.2994611263275146,1.3062260687351226,1.3035591959953308,1.3087868094444275,1.3113206326961517,1.3107800960540772,1.3151723623275757,1.3159240245819093,1.3222473502159118,1.3339657723903655,1.3230689465999603,1.3269654035568237,1.3304003655910492,1.32942995429039,1.3354189097881317,1.3380593836307526,1.339066642522812,1.3387224137783051,1.3375054180622101,1.3419222772121429,1.343168956041336,1.3432230174541473,1.3470014095306397,1.3473589897155762,1.355138611793518,1.3510842621326447,1.3514880895614625,1.3559113025665284,1.3538556933403014,1.3557691514492034,1.3596900343894958,1.3619831562042237,1.3585061967372893,1.3612160861492157,1.3606273829936981,1.3634773015975952,1.3636212527751923,1.364381378889084,1.3658964395523072,1.3651882886886597,1.3664448022842408,1.3694010078907013,1.3688784420490265,1.3703737199306487,1.3704806983470916,1.3717324793338777,1.3712935090065002,1.3746358692646026,1.3744950950145722,1.3737450778484344,1.3735922574996948,1.3750564813613892,1.380729329586029,1.3779733061790467,1.3768372058868408,1.3831539630889893,1.3794093608856202,1.3793646335601806,1.3788252174854279,1.3784964978694916,1.3819639027118682,1.381926667690277,1.3864055514335631,1.3813053011894225,1.3816155910491943,1.3873687446117402,1.3810140252113343,1.3838141322135926,1.3886530160903932,1.3838431537151337,1.382353848218918,1.3827068209648132,1.3854451060295105,1.3933426678180694,1.386729496717453,1.3838924765586853,1.3847906470298768,1.3887648463249207,1.387186622619629,1.3859300911426544,1.3873106241226196,1.3851049363613128,1.3869442462921142,1.3862825691699983,1.3845071971416474,1.3862971842288971,1.3854852616786957,1.385603094100952,1.3872693717479705
t_195,0.08311617150902748,0.07435361631214618,0.07689387910068035,0.0687176164239645,0.0,0.06985025629401206,0.08152609206736088,0.09352664016187191,0.11366548202931881,0.123094692081213,0.14200283586978912,0.16136975809931756,0.16762517690658568,0.19530873447656633,0.20694480538368226,0.2375183403491974,0.2616632878780365,0.2909743174910545,0.3031671971082687,0.33239482045173646,0.3611787736415863,0.3712713986635208,0.39658758640289304,0.4270203486084938,0.44778714925050733,0.4634323924779892,0.48476449102163316,0.5129185259342194,0.5324670076370239,0.5507196843624115,0.5801484644412994,0.5923798382282257,0.6187348037958145,0.6355774432420731,0.6599539905786515,0.6790151357650757,0.6876140743494034,0.7080868750810623,0.7219928592443466,0.7392377316951751,0.7498692512512207,0.7660497635602951,0.7840960085391998,0.7924237459897995,0.8170689851045608,0.8187811523675919,0.8330279797315597,0.8447887629270554,0.8624237507581711,0.8732916325330734,0.8833347827196121,0.8962146520614624,0.9112833261489868,0.9212889671325684,0.9321862787008286,0.9479718446731568,0.9610115826129914,0.9721742093563079,0.9762714296579361,0.9850367128849029,1.0024674147367478,1.0105144441127778,1.0196610391139984,1.0295849561691284,1.036393505334854,1.0500916182994842,1.057961255311966,1.0668352127075196,1.0765941202640534,1.0866116166114808,1.0880324602127076,1.0992729842662812,1.1166484475135803,1.111255031824112,1.1226481199264526,1.1248839557170869,1.1333310425281524,1.1377952873706818,1.1561335504055024,1.1545224368572236,1.1598628759384155,1.1682431519031524,1.1737906694412232,1.188682234287262,1.1890723049640655,1.1947572827339172,1.1951872766017915,1.200643575191498,1.2067663371562958,1.2100928902626038,1.2175567865371704,1.2214614152908325,1.234367573261261,1.2311028063297271,1.2384650647640227,1.2491498827934264,1.2454057395458222,1.2552522361278533,1.2550820291042328,1.2561176359653472,1.2607667446136475,1.2663331568241118,1.272507631778717,1.2813040614128113,1.2830767154693603,1.2824175477027893,1.2827486753463746,1.2930890381336213,1.2886135876178741,1.2903150558471679,1.2948436915874482,1.2967073142528533,1.303486442565918,1.300858849287033,1.3061050474643707,1.3086797535419463,1.308180421590805,1.3125753104686737,1.3133628249168396,1.3197003126144409,1.331360548734665,1.320568984746933,1.3244804918766022,1.327913910150528,1.3269830346107483,1.3329601228237151,1.3356265902519227,1.3366561830043793,1.3363377511501313,1.3351461052894593,1.3395624697208404,1.3408248603343964,1.3409094870090486,1.3446740329265594,1.3450500428676606,1.3528215706348419,1.3488134026527405,1.3492347955703736,1.3536583364009858,1.351638376712799,1.3535509943962096,1.3574685752391815,1.3597617864608764,1.3563185155391693,1.3590353310108185,1.3584625363349914,1.361310636997223,1.3614760994911195,1.3622363269329072,1.363765251636505,1.3630629479885101,1.3643347442150116,1.36727574467659,1.366784828901291,1.3682875096797944,1.3683841526508331,1.369653570652008,1.3692208051681518,1.3725541174411773,1.372426438331604,1.3716894388198853,1.3715460777282715,1.3730220377445221,1.3786579370498657,1.3759117782115937,1.3748133838176728,1.3810875833034515,1.3773776650428773,1.377340841293335,1.3768144369125366,1.3765005052089692,1.3799408018589019,1.3799210727214812,1.384375548362732,1.3792965471744538,1.3796183705329894,1.3853325247764587,1.379031527042389,1.3818190157413484,1.3866239011287689,1.3818627953529359,1.3803832590579987,1.380737316608429,1.3834724843502044,1.3913109302520752,1.3847402930259705,1.3819350898265839,1.382829236984253,1.3867789447307586,1.3852186739444732,1.3839695274829864,1.3853460848331451,1.3831577837467193,1.384975403547287,1.3843349277973176,1.382565873861313,1.3843464612960816,1.3835504293441772,1.3836760580539704,1.3853310585021972
t_194,0.09372175373136997,0.07935872636735439,0.08065971173346043,0.0701052039861679,0.06985025629401206,0.0,0.07683544345200062,0.08707048520445823,0.10489941500127316,0.1138662688434124,0.13387174904346466,0.15241986215114595,0.1578938752412796,0.18470626473426818,0.1962980128824711,0.22802013903856277,0.2519064873456955,0.2809478178620338,0.293055422604084,0.32239379435777665,0.351565358042717,0.3616372838616371,0.38719695508480073,0.41808622926473615,0.4388676777482033,0.4545474469661713,0.47603843808174134,0.5046638160943985,0.5242575287818909,0.5428317487239838,0.5725824147462845,0.5849771231412888,0.611491996049881,0.6289138346910477,0.6534746497869491,0.6728061348199844,0.6814218074083328,0.7022117048501968,0.7164148718118668,0.7337753444910049,0.7446489036083221,0.7609634935855866,0.779293242096901,0.7878825634717941,0.8131458461284637,0.8144609034061432,0.8289116382598877,0.8409533649682999,0.8588727355003357,0.8699413955211639,0.8800660341978073,0.8931203871965409,0.9085001587867737,0.9185204595327378,0.929573267698288,0.9456776589155197,0.9589510828256607,0.9701846659183502,0.9740719735622406,0.9830969393253326,1.0007664680480957,1.0089131265878677,1.0180822491645813,1.028138679265976,1.0349715232849122,1.0488215386867523,1.0567401111125947,1.0657836139202117,1.075628823041916,1.0858156204223632,1.087130868434906,1.0985174655914307,1.116102820634842,1.1105135142803193,1.1220792174339294,1.124253475666046,1.132811564207077,1.1372569382190705,1.1559383511543273,1.154127150774002,1.1595176219940186,1.1679271399974822,1.1735535919666291,1.1886009275913239,1.1889695644378662,1.194753849506378,1.195025134086609,1.2005819261074067,1.2067287981510162,1.2101185381412507,1.217570275068283,1.2215635538101197,1.234683346748352,1.2311838150024415,1.2386984348297119,1.2495471119880677,1.2456803679466248,1.2556670963764192,1.25541695356369,1.256408953666687,1.2610544621944428,1.2667386949062347,1.2729740679264068,1.28182293176651,1.2835896968841554,1.2829372107982635,1.2832575917243958,1.2937274813652038,1.289140260219574,1.2908164739608765,1.2953472852706909,1.2972479045391083,1.3040632009506226,1.3014115571975708,1.3066913485527039,1.3092777192592622,1.3087597370147706,1.3132245123386384,1.3140011787414552,1.3203711330890655,1.3322132170200347,1.3212315678596496,1.3251503109931946,1.328658127784729,1.3276939809322357,1.3337380588054657,1.3363734185695648,1.3374142050743103,1.337090528011322,1.3358883082866668,1.3403465032577515,1.3415988028049468,1.3416831612586975,1.3455052196979522,1.3458730101585388,1.3537065863609314,1.3496446073055268,1.350065493583679,1.3545168578624724,1.3524734377861023,1.3544029593467712,1.3583482205867767,1.3606672167778016,1.3571839451789856,1.359914767742157,1.3593329727649688,1.3622060418128967,1.3623753190040588,1.3631358802318574,1.3646459221839904,1.3639710366725921,1.3652315795421601,1.368229514360428,1.367691594362259,1.369190400838852,1.3693371176719666,1.3705913066864013,1.3701628863811492,1.3735215961933136,1.3733946859836579,1.3726404309272766,1.3724908173084258,1.3739725828170777,1.379676240682602,1.3768998384475708,1.3757557690143585,1.3821074187755584,1.3783737897872925,1.3783263683319091,1.3778047621250153,1.3774708926677703,1.3809416234493255,1.3809090673923492,1.385405272245407,1.3802956581115722,1.3806173741817473,1.3863921761512756,1.3800238788127899,1.3828389585018157,1.3876993894577025,1.3828534364700318,1.3813879787921906,1.381745022535324,1.3844840109348298,1.3924143731594085,1.3857674717903137,1.3829442858695984,1.3838427424430848,1.387833195924759,1.3862474024295808,1.3849902749061584,1.3863878190517425,1.3841767311096191,1.3860173106193543,1.3853757441043855,1.3835938334465028,1.3853941202163695,1.3845708906650542,1.3846878290176392,1.3863943338394165
t_193,0.10926478318870067,0.097516018897295,0.09961616210639476,0.08857948407530784,0.08152609206736088,0.07683544345200062,0.0,0.07197613753378392,0.08690601065754891,0.09634099341928959,0.11178305596113206,0.13023021444678307,0.13566468954086303,0.16227239966392518,0.17341494113206862,0.20343559831380845,0.22753889933228494,0.2569422245025635,0.2692563831806183,0.2986790150403976,0.32776579409837725,0.338121135532856,0.3638673037290573,0.39478850960731504,0.4160474568605423,0.43208240270614623,0.4537357896566391,0.48271194845438004,0.5027432069182396,0.5215059757232666,0.5516641587018967,0.5643493711948395,0.5913724780082703,0.6087128043174743,0.6337580353021621,0.6534897178411484,0.6624678254127503,0.6835864275693894,0.6979293912649155,0.7156691908836365,0.7267624825239182,0.743546211719513,0.7620805442333222,0.7706980347633362,0.7960631608963012,0.798150172829628,0.8128454893827438,0.8250812143087387,0.8432641595602035,0.8545436799526215,0.8650034904479981,0.8783478230237961,0.8938393831253052,0.9042196184396744,0.91556436419487,0.9318157821893692,0.9452822536230088,0.9567748129367828,0.9611240237951278,0.970342031121254,0.9881666243076325,0.9965246558189392,1.0059523940086366,1.0162531793117524,1.023427391052246,1.0373565196990966,1.0455107986927032,1.054758870601654,1.0647488474845885,1.075034749507904,1.0766758978366853,1.0882236301898955,1.105855506658554,1.1006205677986145,1.1122545897960663,1.1147201478481292,1.1233776390552521,1.1280189514160157,1.1466832637786866,1.1451790988445283,1.1506929397583008,1.1592511296272279,1.165039211511612,1.180123257637024,1.1806318163871765,1.1865104675292968,1.1870668947696685,1.1926890850067138,1.198954713344574,1.202464610338211,1.2100368738174438,1.2140945196151733,1.2271907567977904,1.2239850759506226,1.231521987915039,1.2423300206661225,1.2386714935302734,1.2486629962921143,1.248595517873764,1.2497283935546875,1.2544596254825593,1.2601691246032716,1.266434383392334,1.2753109097480775,1.2771477401256561,1.276606124639511,1.2770047068595887,1.2874670386314393,1.2830200970172883,1.2848012089729308,1.2893555223941804,1.2913321137428284,1.2981586933135987,1.2956076502799987,1.30091535449028,1.3035655319690704,1.303115576505661,1.307591164112091,1.3084419429302216,1.3148284018039704,1.326579713821411,1.3157709658145904,1.3197240233421326,1.3232348382472991,1.3223533868789672,1.3283780574798585,1.3310485124588012,1.3321395576000215,1.3318598330020905,1.3307114481925963,1.3351746022701263,1.3364520013332366,1.336596941947937,1.3403983533382415,1.3408106088638305,1.348610770702362,1.3446241438388824,1.3450869143009185,1.3495315492153168,1.3475546479225158,1.3494870483875274,1.353431361913681,1.355752593278885,1.352335923910141,1.3550850808620454,1.354522979259491,1.357391119003296,1.3575953662395477,1.3583544671535492,1.3598908007144928,1.3592446804046632,1.360517531633377,1.3634954512119293,1.363005518913269,1.36450452208519,1.3646638572216034,1.3659444808959962,1.3655369222164153,1.3688869953155518,1.3687738239765168,1.3680351734161378,1.3679139614105225,1.3694131910800933,1.3750680983066559,1.372326272726059,1.3712321162223815,1.3775148391723633,1.3738387525081635,1.3738053798675538,1.3733044028282166,1.372991144657135,1.3764519214630127,1.376433116197586,1.3808948814868927,1.375842308998108,1.37616868019104,1.3818885743618012,1.3755971610546112,1.3783902943134307,1.3832232773303985,1.378441834449768,1.3770095527172088,1.3773639440536498,1.3800870597362518,1.3879579067230225,1.3813727974891663,1.3785898983478546,1.379493033885956,1.3834429144859315,1.381888508796692,1.3806443631649017,1.3820377886295319,1.3798493206501008,1.3816869854927063,1.3810576975345612,1.379290121793747,1.3810830116271973,1.3802793800830842,1.3804012179374694,1.3820919334888457
t_192,0.12629635855555535,0.1123486090451479,0.11483844332396984,0.10157413333654404,0.09352664016187191,0.08707048520445823,0.07197613753378392,0.0,0.07403969280421734,0.08177282623946666,0.09524578750133514,0.11289244219660759,0.11778124570846557,0.14329490810632706,0.15418462455272675,0.18379152268171312,0.2079505518078804,0.2371170587837696,0.24956418722867965,0.2788894012570381,0.3082762032747269,0.3185827970504761,0.3446114048361778,0.3758134052157402,0.3972910165786743,0.41345192641019823,0.43549186885356905,0.46478659063577654,0.48503261208534243,0.5041019067168235,0.5346691399812699,0.54749675989151,0.5749405652284623,0.5925837218761444,0.6180167943239212,0.6380858898162842,0.6471954643726349,0.668700435757637,0.6832988232374191,0.701358100771904,0.7126531273126602,0.7297558426856995,0.7486540675163269,0.7574065208435059,0.7832198530435562,0.7853757292032242,0.800402507185936,0.8128567725419998,0.8313680022954941,0.8428801000118256,0.8535708129405976,0.8671709358692169,0.8829503446817398,0.8935395121574402,0.9051389485597611,0.9217008769512176,0.9354417979717254,0.9471331834793091,0.9516560792922973,0.9610752075910568,0.9792207688093185,0.9877486735582351,0.9973840981721878,1.007895901799202,1.0152701437473297,1.0294538855552673,1.037765884399414,1.0472193658351898,1.0573888897895813,1.067858135700226,1.0696150004863738,1.0813844621181488,1.09926176071167,1.0940456509590148,1.1059025943279266,1.108448213338852,1.1172646760940552,1.122043627500534,1.1409551858901978,1.1395036339759828,1.1451291203498841,1.1538116753101348,1.1597515165805816,1.1750349879264832,1.1756014943122863,1.1815995872020721,1.18222616314888,1.1879477500915527,1.1943320870399474,1.1979271054267884,1.2056127905845642,1.209776759147644,1.223006546497345,1.2198332786560058,1.2274690985679626,1.238414454460144,1.2347759306430817,1.2448963463306426,1.2448687076568603,1.2460787832736968,1.2508802473545075,1.2566865503787994,1.2630162954330444,1.2719994068145752,1.2738973796367645,1.273387360572815,1.273830384016037,1.284400498867035,1.2799449503421783,1.281781417131424,1.2863969683647156,1.288436609506607,1.295316255092621,1.2928087770938874,1.2981657266616822,1.3008698225021362,1.3004563629627228,1.304995024204254,1.3058666646480561,1.3123099386692048,1.3241673529148101,1.313330066204071,1.3173197865486146,1.3208831191062926,1.320019817352295,1.32609001994133,1.3287950336933136,1.3299108922481537,1.329663622379303,1.3285235464572906,1.3330493986606597,1.3343447387218474,1.3345149874687194,1.3383518159389496,1.3387852966785432,1.3466256439685822,1.3426507413387299,1.3431385695934295,1.3476223409175874,1.3456534504890443,1.34760422706604,1.3515715301036835,1.353917223215103,1.3505009651184081,1.3532720983028412,1.3527273297309876,1.3556184649467469,1.3558361172676086,1.356608235836029,1.3581451237201692,1.3575324773788453,1.3588182508945466,1.3618152439594269,1.3613391757011413,1.362841385602951,1.363026601076126,1.3643026232719422,1.3639165699481963,1.3672840178012848,1.367182445526123,1.3664498031139374,1.3663463771343232,1.3678479194641113,1.3735252737998962,1.3707892656326295,1.369691753387451,1.37600035071373,1.372331726551056,1.3723072469234467,1.37182377576828,1.3715044200420379,1.374987357854843,1.3749570369720459,1.3794414162635804,1.3743808448314667,1.3747187495231628,1.3804470777511597,1.3741556048393249,1.3769737601280212,1.3818098306655884,1.3770168840885162,1.3756003499031066,1.3759579479694366,1.378694862127304,1.3866006493568421,1.3799797296524048,1.377205216884613,1.378132128715515,1.3820978939533233,1.3805363833904267,1.3792915403842927,1.3807023167610168,1.3785167634487152,1.3803498566150665,1.3797316789627074,1.377972412109375,1.3797695815563202,1.3789676308631897,1.379099041223526,1.3808128833770752
t_191,0.14919429421424865,0.1328987918794155,0.13647886589169503,0.1225619561970234,0.11366548202931881,0.10489941500127316,0.08690601065754891,0.07403969280421734,0.0,0.06998217552900314,0.07960549257695675,0.09304597154259682,0.09708580784499646,0.12058569975197315,0.13134465739130974,0.1606578193604946,0.18367426916956903,0.21268818601965905,0.22481856867671013,0.2542815960943699,0.28394296765327454,0.29433530420064924,0.3205547213554382,0.35226755291223527,0.37394981980323794,0.39031928330659865,0.4126927301287651,0.44255912601947783,0.46309506595134736,0.4825690120458603,0.5137620627880096,0.5268337488174438,0.5548030942678451,0.5729548782110214,0.5988841384649277,0.6193791389465332,0.6287306517362594,0.6506660997867584,0.6656822383403778,0.6840561002492904,0.6956758677959443,0.7131660014390946,0.7325040638446808,0.7415577530860901,0.768126568198204,0.7701384484767914,0.7855472147464753,0.7983700126409531,0.817376333475113,0.8292044401168823,0.8401522606611251,0.8540877819061279,0.8702919661998749,0.881107023358345,0.8930171102285385,0.9100388616323472,0.9241700083017349,0.9360887765884399,0.9406350135803223,0.9504059851169586,0.9689747542142868,0.9777511984109879,0.9875724196434021,0.9983704626560211,1.0059434711933135,1.0204309105873108,1.0289452373981476,1.0386925637722015,1.0490705609321593,1.0598272681236267,1.0616278946399689,1.0736821651458741,1.09189493060112,1.086614042520523,1.0987438619136811,1.1013721346855163,1.1104054689407348,1.1153026640415191,1.1346123039722442,1.1331208884716033,1.138854718208313,1.1477010369300842,1.1538228690624237,1.1693764746189117,1.169975858926773,1.176149183511734,1.1767671227455139,1.1826412498950958,1.1891475319862366,1.1928657829761504,1.2006641387939454,1.204973167181015,1.2184714436531068,1.2151905596256256,1.2230270862579347,1.2341805517673492,1.230507481098175,1.2408270418643952,1.24080770611763,1.2420646369457244,1.2469203114509582,1.2528848588466643,1.259310281276703,1.2684124052524566,1.2703606903553009,1.2698968052864075,1.2703853726387024,1.281137579679489,1.2766214847564696,1.2784999668598176,1.2831576466560364,1.2852927505970002,1.2922473967075347,1.2897635996341705,1.2951848387718201,1.2979601562023162,1.2975739061832428,1.3021954834461211,1.3031035363674164,1.309621274471283,1.321675431728363,1.3106934368610381,1.3147312104701996,1.3183948755264283,1.3175343573093414,1.3236905694007874,1.326395708322525,1.3275534927845,1.3273362934589386,1.3262096405029298,1.330806452035904,1.332121878862381,1.3323258936405182,1.3362114250659942,1.3366745293140412,1.3445855021476745,1.3405888497829437,1.3411003649234772,1.3456319212913512,1.3436723172664642,1.3456436932086944,1.3496783077716827,1.352051019668579,1.348632949590683,1.3514270842075349,1.3508991360664369,1.353810930252075,1.3540570139884949,1.3548425555229187,1.3563702881336213,1.3558062255382537,1.3571033716201781,1.3601532936096192,1.359644705057144,1.3611627280712129,1.3613933980464936,1.3626744210720063,1.3622966885566712,1.3657076418399812,1.3656128168106079,1.3648758947849273,1.364776849746704,1.3662992417812347,1.3720419883728028,1.3692976593971253,1.3681571185588837,1.374534660577774,1.370874434709549,1.3708586931228637,1.3703756153583526,1.3700558543205261,1.373571628332138,1.3735307335853577,1.3780643463134765,1.3729805290699004,1.3733243584632873,1.3791133522987367,1.3727905869483947,1.3756190717220307,1.380512821674347,1.3756520450115204,1.3742655098438263,1.374635237455368,1.3773706138134003,1.3853632748126983,1.378687608242035,1.3759131491184236,1.3768450498580933,1.3808463215827942,1.3792753219604492,1.378022277355194,1.3794761180877686,1.3772721469402314,1.379137134552002,1.3785260140895843,1.3767544150352478,1.378578919172287,1.377768349647522,1.377909117937088,1.3796859741210938
t_190,0.16042977198958397,0.14270154237747193,0.1465296447277069,0.13250317722558974,0.123094692081213,0.1138662688434124,0.09634099341928959,0.08177282623946666,0.06998217552900314,0.0,0.07663166001439095,0.08586257100105285,0.09046550467610359,0.11230124719440937,0.12230987884104252,0.15160808861255645,0.17386214658617974,0.202682251483202,0.2148264043033123,0.24405835568904877,0.2738935872912407,0.284440304338932,0.31075467765331266,0.34259931892156603,0.3644461095333099,0.38084847331047056,0.4033177703619003,0.433514703810215,0.45411373376846315,0.4738749906420708,0.5053302645683289,0.5185044467449188,0.5466275781393051,0.5651726841926574,0.5912898451089859,0.6120395839214325,0.6214686006307601,0.6437002658843994,0.6588791906833649,0.6773896902799607,0.6892078459262848,0.7068989038467407,0.7264491051435471,0.7356414377689362,0.762601175904274,0.76451016664505,0.7801302462816239,0.7931444317102432,0.8123626559972763,0.8243403255939483,0.8354086130857468,0.8495155304670334,0.8658948838710785,0.8767929136753082,0.888870108127594,0.9060882359743119,0.9204043239355088,0.9323876887559891,0.9369234323501587,0.9468950986862182,0.9656102776527404,0.9745087087154388,0.9844021648168564,0.995302140712738,1.0029705435037612,1.0175574243068695,1.0261323690414428,1.0360132098197936,1.0464711010456085,1.057337749004364,1.0591550052165986,1.071319544315338,1.0896532952785491,1.0843384206295013,1.0965920448303224,1.0992453575134278,1.1083553194999696,1.1132990658283233,1.1327824473381043,1.131251037120819,1.1370274484157563,1.1459058284759522,1.152101892232895,1.1677499830722808,1.1683611512184142,1.174602997303009,1.175198882818222,1.1811326444149017,1.1876818656921386,1.1914522886276244,1.199265056848526,1.203629243373871,1.2172281742095947,1.213867288827896,1.2217943131923676,1.233025747537613,1.2293228447437285,1.239696878194809,1.239670205116272,1.2409543156623841,1.2458068609237671,1.2518304705619812,1.2583016633987427,1.2674384355545043,1.2693979024887085,1.268945449590683,1.269440585374832,1.280256348848343,1.2757026374340057,1.2775821805000305,1.2822573482990265,1.2844237804412841,1.2913840055465697,1.2889096915721894,1.2943472564220428,1.2971359729766845,1.2967626869678497,1.3014127671718598,1.3023265898227692,1.3088619351387023,1.3209730625152587,1.3099422991275786,1.3139954864978791,1.317683458328247,1.3168225288391113,1.3230113685131073,1.3257026731967927,1.3268645465373994,1.3266617774963378,1.3255311787128448,1.3301544487476349,1.3314605116844178,1.3316847264766694,1.3355803728103637,1.3360396921634674,1.3439836978912354,1.3399716377258302,1.3404907405376434,1.3450293719768525,1.3430791735649108,1.34506756067276,1.349098652601242,1.3514934301376342,1.348072588443756,1.3508632063865662,1.3503405153751373,1.353267902135849,1.3535246670246124,1.354304814338684,1.3558256030082703,1.3552938520908355,1.3565826773643495,1.359651607275009,1.3591349184513093,1.3606581389904022,1.3609031558036804,1.3621777534484862,1.361812424659729,1.3652358412742616,1.3651392102241515,1.3644104957580567,1.3643144428730012,1.365839421749115,1.3715947091579437,1.3688408792018891,1.3676986038684844,1.374095046520233,1.370429652929306,1.370410794019699,1.3699290335178376,1.3696107864379883,1.3731324672698975,1.3730956614017487,1.377642172574997,1.3725536823272706,1.3728887140750885,1.3786939561367035,1.3723615407943726,1.3752038776874542,1.380112612247467,1.3752193331718445,1.3738495051860808,1.3742139637470245,1.3769484162330627,1.3849733352661133,1.3782684683799744,1.3755094468593598,1.3764418244361878,1.3804442226886748,1.378878688812256,1.3776133179664611,1.3790768146514893,1.3768660187721253,1.378741842508316,1.3781344592571259,1.3763568460941316,1.3781829297542572,1.3773737847805023,1.3775146186351777,1.3793185651302338
t_189,0.17896302565932273,0.16455329433083535,0.1680440276861191,0.1527544692158699,0.14200283586978912,0.13387174904346466,0.11178305596113206,0.09524578750133514,0.07960549257695675,0.07663166001439095,0.0,0.07689000479876995,0.07860484793782234,0.09816762283444405,0.10647401846945286,0.1307173989713192,0.15376725047826767,0.1826063685119152,0.19512197747826576,0.223675986379385,0.2529448114335537,0.2638217121362686,0.2900163605809212,0.32139036655426023,0.34377354234457014,0.36062009632587433,0.3830639600753784,0.4134749248623848,0.4344746068120003,0.454312601685524,0.4859106406569481,0.4994460418820381,0.5278891801834107,0.546042412519455,0.5726226538419723,0.5937563687562942,0.6035051584243775,0.626039445400238,0.6412420302629471,0.6601159065961838,0.6720679253339767,0.6902554959058762,0.7099105209112168,0.7189732164144516,0.7456926941871643,0.7487849742174149,0.7645936578512191,0.7777258217334747,0.7970407038927079,0.8091659307479858,0.8205891251564026,0.8349220961332321,0.8512612402439117,0.8625869184732438,0.8749108225107193,0.8921376019716263,0.9065294623374939,0.9187683582305908,0.9239738672971726,0.9340253531932831,0.9528051227331161,0.9618417263031006,0.9720217198133468,0.983115941286087,0.9911763787269592,1.005736953020096,1.0145520329475404,1.0245907425880432,1.0351256847381591,1.0460170447826385,1.048240351676941,1.060543566942215,1.0787461578845978,1.0739592075347901,1.0862070322036743,1.0892324090003966,1.0983805179595947,1.1035455524921418,1.1228349089622498,1.121749871969223,1.1276481211185456,1.1366563618183136,1.1429948329925537,1.1585596442222594,1.159363704919815,1.165651297569275,1.1666567742824554,1.172604775428772,1.1792626857757569,1.1831315100193023,1.1910438358783721,1.1954551577568053,1.2088829100131988,1.2059754371643066,1.2138430237770081,1.2249465882778168,1.221532303094864,1.2318486869335175,1.232060146331787,1.2335031807422638,1.2384580612182616,1.244451892375946,1.2509141087532043,1.260045874118805,1.2620852410793304,1.2617752194404601,1.2623689234256745,1.2731061637401582,1.2687597572803497,1.2707763850688933,1.2754730463027955,1.277708899974823,1.2846682727336884,1.2823019921779633,1.2877505123615265,1.2906153559684754,1.29032444357872,1.2949637532234193,1.295957124233246,1.302489572763443,1.3144318222999574,1.3036852419376372,1.3077564537525177,1.3114232122898102,1.3106573700904847,1.3168007731437683,1.3195358157157897,1.320749580860138,1.3206130504608153,1.3195441305637359,1.3241372287273407,1.325487631559372,1.3257694244384766,1.3296358168125153,1.3301415205001832,1.3380159080028533,1.334132868051529,1.3346878051757813,1.3392143368721008,1.3373358428478241,1.3393059372901917,1.3433230578899384,1.345700353384018,1.342376136779785,1.3451863169670104,1.3446899592876433,1.347598934173584,1.3478775799274445,1.3486689805984498,1.3502237141132354,1.3496961891651154,1.3510145723819733,1.354036992788315,1.3535879313945771,1.3551028311252593,1.355356901884079,1.356665027141571,1.3563304245471954,1.359710943698883,1.359630638360977,1.3589393496513367,1.358873224258423,1.3604080259799958,1.3660783469676971,1.3633727312088013,1.3622964084148408,1.3685969829559326,1.3650094151496888,1.3650255382061005,1.3645738244056702,1.3642810344696046,1.3677660703659058,1.3677483260631562,1.372245877981186,1.367216992378235,1.367589783668518,1.3732922554016114,1.3670818150043487,1.3698858201503754,1.3747274696826934,1.3699596703052521,1.3686147451400756,1.3689947783946992,1.3716984808444976,1.379610574245453,1.3730240225791932,1.370301568508148,1.3712452828884125,1.3751967012882234,1.3736695647239685,1.3724355161190034,1.3738822281360625,1.37172429561615,1.3735794723033905,1.372993814945221,1.3712421715259553,1.3730549335479736,1.3722700893878936,1.3724242269992828,1.3741858422756195
t_188,0.19958891719579697,0.1827783077955246,0.18694922402501107,0.17213993966579438,0.16136975809931756,0.15241986215114595,0.13023021444678307,0.11289244219660759,0.09304597154259682,0.08586257100105285,0.07689000479876995,0.0,0.06855258531868458,0.0838045597076416,0.09130009040236473,0.11559350304305553,0.13548299819231033,0.16349056288599967,0.1753702074289322,0.2038276292383671,0.23322467431426047,0.24391370341181756,0.27013426274061203,0.3020228028297424,0.32444268763065337,0.3412233620882034,0.3639902681112289,0.3947197631001472,0.41586189717054367,0.4359847217798233,0.46818986982107164,0.4817612588405609,0.5107199877500535,0.529432424902916,0.5563551485538483,0.5777672678232193,0.5876356989145279,0.6105260699987411,0.6261414557695388,0.6452851563692092,0.6575229644775391,0.6759729504585266,0.6960906445980072,0.7054972022771835,0.7330472201108933,0.7357023030519485,0.7518589913845062,0.7653665751218796,0.785189014673233,0.7976320117712021,0.8092290848493576,0.8238782316446305,0.8407278716564178,0.8522045582532882,0.8647858679294587,0.8825245559215545,0.8973415613174438,0.9097916305065155,0.914887934923172,0.9252866268157959,0.9445262253284454,0.9538120955228806,0.9641578465700149,0.9755219161510468,0.9837156444787979,0.9986544460058212,1.0076254069805146,1.0179418087005616,1.0287334263324737,1.0399148046970368,1.0421100378036499,1.054668313264847,1.0733491480350494,1.068332064151764,1.080898904800415,1.083919107913971,1.0933032393455506,1.098530012369156,1.1183304965496064,1.117104572057724,1.1231265604496001,1.132276999950409,1.1387816548347474,1.1546867430210113,1.1554933130741118,1.1619605839252471,1.1628719687461853,1.1689900934696198,1.1757784724235534,1.1797516822814942,1.1877898395061492,1.1923389256000518,1.2061062514781953,1.2030025362968444,1.2110995829105378,1.2224622428417207,1.218945723772049,1.2295118570327759,1.2296828746795654,1.2311469674110413,1.2361529290676116,1.2423282623291017,1.2489204049110412,1.2582061827182769,1.26028413772583,1.25998557806015,1.260604101419449,1.2715548396110534,1.2670986890792846,1.2691366374492645,1.2739002466201783,1.2762019991874696,1.2832555174827576,1.280894273519516,1.2864237904548645,1.2893379867076873,1.28906107544899,1.2937918186187745,1.294799768924713,1.3014220952987672,1.3136010706424712,1.3026570677757263,1.3067735135555267,1.310536152124405,1.309762316942215,1.3159980475902557,1.318748813867569,1.319985693693161,1.319849818944931,1.3187835395336152,1.3234656035900116,1.324820441007614,1.3251207888126373,1.3290486752986908,1.3295622706413268,1.337542313337326,1.3336044728755951,1.3341728150844574,1.3387554466724396,1.3368734180927277,1.3388643860816956,1.3429547846317291,1.345371389389038,1.3420048892498015,1.3448371767997742,1.344352912902832,1.3472931623458861,1.347597634792328,1.348387175798416,1.349942260980606,1.3494594156742097,1.350782424211502,1.3538646340370177,1.3533880114555359,1.3549264550209046,1.3552095472812653,1.3565088570117951,1.356177133321762,1.3596232652664184,1.3595375001430512,1.3588430404663085,1.358784943819046,1.3603313326835633,1.3660855293273926,1.363353568315506,1.3622318089008332,1.3686265230178833,1.3650200128555299,1.3650270521640777,1.3645691871643066,1.3642723500728606,1.3678077518939973,1.3677826464176177,1.3723370909690857,1.3672732174396516,1.3676330983638763,1.3734274685382843,1.3671308040618897,1.3699843883514404,1.3748878300189973,1.3700261950492858,1.3686952352523805,1.3690746784210206,1.3718019247055053,1.3798279404640197,1.3731411516666412,1.3704121649265288,1.3713622331619262,1.3753623723983766,1.3738094568252563,1.3725642621517182,1.3740448176860809,1.3718608438968658,1.3737365305423737,1.373152846097946,1.3713941991329193,1.373227947950363,1.3724271595478057,1.3725897908210754,1.3744191646575927
t_187,0.20596023499965668,0.18935754150152206,0.19298317283391953,0.17799207866191863,0.16762517690658568,0.1578938752412796,0.13566468954086303,0.11778124570846557,0.09708580784499646,0.09046550467610359,0.07860484793782234,0.06855258531868458,0.0,0.07735124975442886,0.08497989140450954,0.10874473191797733,0.1297232910990715,0.15728679820895194,0.16906875297427176,0.19696073457598687,0.22671734392642975,0.23722236827015877,0.2637318387627602,0.2955816850066185,0.31822449415922166,0.3349931538105011,0.35786597728729247,0.3888333737850189,0.410052502155304,0.4303471863269806,0.4626202151179314,0.47633621394634246,0.5053914785385132,0.5243801653385163,0.5514449149370193,0.5731301337480545,0.5830717116594315,0.6061750292778015,0.6218961775302887,0.6411646217107773,0.6535579532384872,0.6721943914890289,0.6924299955368042,0.7019112586975098,0.7296708047389984,0.7324014633893967,0.7487241148948669,0.76232331097126,0.7822856187820435,0.7948622196912766,0.8065435260534286,0.8213225454092026,0.8382725924253464,0.8498075157403946,0.8625024378299713,0.8803586214780807,0.8952821582555771,0.9077895522117615,0.9129497438669205,0.9234455674886703,0.9427686721086502,0.952101594209671,0.9624871641397477,0.9739338904619217,0.9822021633386612,0.9971823424100876,1.0061938643455506,1.0165748834609984,1.027396297454834,1.0386179387569427,1.0408515453338623,1.053485518693924,1.0721540987491607,1.0671902000904083,1.0797971427440642,1.0828430712223054,1.0922583878040313,1.0975427329540253,1.1173524856567383,1.116153210401535,1.122177654504776,1.1313428282737732,1.1378902673721314,1.1538042962551116,1.1546385645866395,1.161118173599243,1.162058800458908,1.168169867992401,1.1749801933765411,1.1789874732494354,1.1870206475257874,1.191601037979126,1.2053853631019593,1.2022739350795746,1.2103889346122743,1.2217792868614197,1.2182599484920502,1.2288342595100403,1.229015851020813,1.2304943799972534,1.2355045318603515,1.2417121708393097,1.2482861518859862,1.2575777173042297,1.2596621751785277,1.2593876779079438,1.2600109934806825,1.27096928358078,1.266506814956665,1.2685731828212738,1.273316103219986,1.2756409645080566,1.2826854884624481,1.28034108877182,1.2858776032924653,1.2888085186481475,1.288539320230484,1.2932779908180236,1.2942990779876709,1.3009105980396272,1.313103723526001,1.3021526038646698,1.3062755763530731,1.3100560545921325,1.3092859864234925,1.315522164106369,1.3182607591152191,1.3195027589797974,1.31938117146492,1.3183203220367432,1.3230042934417725,1.324363100528717,1.3246751308441163,1.3286012291908265,1.3291195571422576,1.3371022760868072,1.333150964975357,1.3337344408035279,1.3383073031902313,1.3364231169223786,1.3384341835975646,1.342511349916458,1.3449331045150756,1.3415726006031037,1.344401079416275,1.343915456533432,1.3468563377857208,1.3471634328365325,1.3479528963565826,1.349496978521347,1.3490353643894195,1.3503448843955994,1.3534371435642243,1.3529486894607543,1.3544966876506805,1.3547899961471557,1.3560791790485383,1.3557497024536134,1.3591968715190887,1.3591193556785583,1.3584209620952605,1.3583634316921234,1.3599082231521606,1.365672904253006,1.3629490435123444,1.361807245016098,1.3682094395160675,1.3646036028861999,1.3646172344684602,1.3641613483428956,1.3638560116291045,1.3673919677734374,1.3673655807971954,1.3719227075576783,1.3668571054935454,1.3672101080417634,1.3730128884315491,1.3667235732078553,1.3695736885070802,1.3744831025600432,1.369605189561844,1.368289089202881,1.3686618208885193,1.3713825464248657,1.3794236838817597,1.3727257311344148,1.3699899315834045,1.370949673652649,1.3749483346939086,1.3733964920043946,1.372149246931076,1.3736328601837158,1.3714559257030488,1.3733268439769746,1.3727398991584778,1.3709913611412048,1.3728193402290345,1.3720229804515838,1.3721719324588775,1.374015700817108
t_186,0.23431712090969087,0.21666259542107583,0.22026050761342048,0.2056315377354622,0.19530873447656633,0.18470626473426818,0.16227239966392518,0.14329490810632706,0.12058569975197315,0.11230124719440937,0.09816762283444405,0.0838045597076416,0.07735124975442886,0.0,0.07154623419046402,0.09011165834963322,0.10801586471498012,0.13269976973533631,0.14391698092222213,0.17046432718634605,0.2001466177403927,0.21024231538176535,0.2368508905172348,0.26899937689304354,0.2915313556790352,0.30831349790096285,0.3315406680107117,0.36312676817178724,0.38452610522508623,0.4052566111087799,0.43809478878974917,0.4520502284169197,0.4816398799419403,0.5013788372278214,0.528878590464592,0.5511598259210586,0.5613160908222199,0.5850215196609497,0.6012525469064712,0.6209275990724563,0.6337492346763611,0.6528274923563003,0.6736397832632065,0.6834518551826477,0.7122227489948273,0.7147833168506622,0.7315986573696136,0.7456628531217575,0.766204297542572,0.7791880518198013,0.7912059903144837,0.8064186692237854,0.8238965392112731,0.8357176184654236,0.8488234132528305,0.8672583162784576,0.8826544910669327,0.8954418718814849,0.9006116479635239,0.9115853428840637,0.9314054876565934,0.9410389989614487,0.9516718536615372,0.9634660214185715,0.9719824314117431,0.9873091816902161,0.9965582937002182,1.0073048889636993,1.018383526802063,1.0299367010593414,1.0322237670421601,1.0451861679553986,1.0642719268798828,1.0592060327529906,1.072142595052719,1.0753002762794495,1.0849599838256836,1.0903549790382385,1.1106707394123077,1.1094139218330383,1.1155889689922334,1.1249218821525573,1.1316803872585297,1.1479144513607025,1.148782640695572,1.1554848313331605,1.1563902735710143,1.1626948177814485,1.1696440398693084,1.1738113522529603,1.1819662690162658,1.1866921186447144,1.2007916510105132,1.1975713849067688,1.2059224724769593,1.2175403714179993,1.2139679074287415,1.2247858107089997,1.2249728560447692,1.2265053629875182,1.2315825879573823,1.237961971759796,1.2446658849716186,1.254105281829834,1.2562428772449494,1.2560190439224244,1.2566808402538299,1.2678575813770294,1.2633220851421356,1.2654459655284882,1.270245909690857,1.2726594746112823,1.2798016846179963,1.2774781286716461,1.2831020593643188,1.2861005246639252,1.2858591437339784,1.2906993806362153,1.2917405724525453,1.2984506964683533,1.3108555138111115,1.2997541308403016,1.3039330542087555,1.3078153252601623,1.3070444405078887,1.3133767664432525,1.3161369502544402,1.317419284582138,1.3173216819763183,1.3162584125995636,1.3210264921188355,1.3224067270755768,1.322751384973526,1.3267376244068145,1.3272769510746003,1.3353551208972931,1.3313727378845215,1.3319643557071685,1.3365881204605103,1.3347278535366058,1.3367543756961822,1.3408937752246857,1.3433530390262605,1.3399763464927674,1.342819720506668,1.3423564791679383,1.3453287363052369,1.34567431807518,1.3464668154716493,1.3480067312717439,1.347603088617325,1.3489133417606354,1.3520737409591674,1.3515530169010161,1.3531079411506652,1.3534465491771699,1.3547452926635741,1.3544263601303101,1.3579190969467163,1.357845550775528,1.357142198085785,1.3570924639701842,1.3586509346961975,1.3644869923591614,1.3617362976074219,1.3605671167373656,1.3670431911945342,1.363432365655899,1.3634474217891692,1.3629955768585205,1.362690705060959,1.3662629961967467,1.3662277936935425,1.370833194255829,1.365755021572113,1.3661051273345948,1.3719621539115905,1.365624690055847,1.3685075283050536,1.3734735906124116,1.368515008687973,1.3672270774841309,1.367612761259079,1.3703443109989166,1.3784643948078155,1.3716981112957,1.36896413564682,1.3699321627616883,1.3739663720130921,1.3724006772041322,1.3711439788341522,1.372656512260437,1.3704752922058105,1.372354543209076,1.3717841148376464,1.3700155556201934,1.3718720376491547,1.37106351852417,1.3712211072444915,1.3731142699718475
t_185,0.2462957240641117,0.2287784643471241,0.23242408260703087,0.21757616177201272,0.20694480538368226,0.1962980128824711,0.17341494113206862,0.15418462455272675,0.13134465739130974,0.12230987884104252,0.10647401846945286,0.09130009040236473,0.08497989140450954,0.07154623419046402,0.0,0.08246199786663055,0.09914054349064827,0.12206457890570163,0.1327618405222893,0.1591118410229683,0.18775899708271027,0.19846830517053604,0.22478426545858382,0.25694026947021487,0.2795745059847832,0.2966418206691742,0.3198657676577568,0.35165315121412277,0.37323002368211744,0.3941492706537247,0.4272064507007599,0.4414646849036217,0.47113825380802155,0.4909478545188904,0.5188894689083099,0.541394853591919,0.5516773492097855,0.5757327228784561,0.5920528024435043,0.6119641780853271,0.6249991655349731,0.6443757027387619,0.6653660535812378,0.6752823412418365,0.7041827768087388,0.7071209639310837,0.7241649001836776,0.7384004294872284,0.7591358810663223,0.7722711801528931,0.7845010191202164,0.7999401837587357,0.8174966514110565,0.8295101076364517,0.8428200453519821,0.8613584965467453,0.8768852233886719,0.88979651927948,0.8952365756034851,0.9063913941383361,0.9262622088193894,0.9360367029905319,0.9467917680740356,0.958716756105423,0.967443224787712,0.982804748415947,0.9921586245298386,1.003035122156143,1.0141462087631226,1.0257583439350129,1.0282309710979463,1.041295623779297,1.060338670015335,1.0554947137832642,1.068459504842758,1.0717539608478546,1.0814494967460633,1.0869658052921296,1.107242339849472,1.1061229169368745,1.1123601734638213,1.1217264175415038,1.1285819828510284,1.1447783887386322,1.145733368396759,1.1524558246135712,1.153511071205139,1.1598368227481841,1.1668070912361146,1.1710427224636077,1.1792061746120452,1.1839993476867676,1.1980363428592682,1.1949483036994935,1.2032946586608886,1.2148757457733155,1.211416918039322,1.2222109675407409,1.222479110956192,1.2240801692008971,1.2291761815547944,1.2355547726154328,1.2422536194324494,1.251672899723053,1.2538328170776367,1.2536639451980591,1.2543633341789246,1.2655096709728242,1.2610470831394196,1.2632038176059723,1.2680127203464509,1.2704573392868042,1.2775661408901215,1.2753080666065215,1.2809267520904541,1.2839456617832183,1.2837446749210357,1.2885798215866089,1.2896490275859833,1.2963449299335479,1.3086741507053374,1.2976869344711304,1.3018640995025634,1.3057327926158906,1.3050020635128021,1.3113225936889648,1.3140659272670745,1.3153652489185332,1.3153030097484588,1.3142639219760894,1.3190406203269958,1.3204166531562804,1.3207896947860718,1.3247642993927002,1.3253132343292235,1.333349597454071,1.329433113336563,1.3300446212291717,1.334652417898178,1.3328258275985718,1.3348441123962402,1.3389842689037323,1.3414201200008393,1.3381006479263307,1.3409482419490815,1.3404935359954835,1.3434564173221588,1.3438126504421235,1.344609260559082,1.3461384534835816,1.3457530856132507,1.3470712721347808,1.350213062763214,1.3497120499610902,1.3512582540512086,1.351616883277893,1.352906185388565,1.3526073336601256,1.356087040901184,1.3560122191905974,1.3553260922431947,1.3552857756614685,1.3568502426147462,1.3626451730728149,1.3599217712879181,1.3587740063667297,1.3652180552482605,1.3616284608840943,1.3616551995277404,1.3612268030643464,1.3609140992164612,1.3644805669784545,1.364448070526123,1.3690361320972442,1.363984727859497,1.3643439531326294,1.370170259475708,1.3638769209384918,1.3667532563209535,1.371678227186203,1.3667729258537293,1.3654913902282715,1.3658710360527038,1.3685988664627076,1.3766768038272859,1.369935303926468,1.3672322869300841,1.3681989073753358,1.3722051620483398,1.370661211013794,1.369402277469635,1.3709124982357026,1.3687344074249268,1.3706094324588776,1.370044046640396,1.3682869255542756,1.3701292753219605,1.369324404001236,1.3694873750209808,1.3713721096515656
t_184,0.27602518647909163,0.26035008728504183,0.2637951374053955,0.24862748757004738,0.2375183403491974,0.22802013903856277,0.20343559831380845,0.18379152268171312,0.1606578193604946,0.15160808861255645,0.1307173989713192,0.11559350304305553,0.10874473191797733,0.09011165834963322,0.08246199786663055,0.0,0.08102658055722714,0.10063410513103008,0.1108284804970026,0.13249277994036673,0.1595748595893383,0.17015655115246772,0.1958588905632496,0.22683650851249695,0.2499433860182762,0.2672959312796593,0.29045535922050475,0.32241266667842866,0.3444245904684067,0.36551201343536377,0.3987799048423767,0.4133599951863289,0.44359314143657685,0.46317139863967893,0.4916912630200386,0.514837709069252,0.5255779176950455,0.5501161336898803,0.5665821343660354,0.5870119422674179,0.6003063023090363,0.6203932613134384,0.6416835635900497,0.6515795171260834,0.6805719673633576,0.6846449673175812,0.702092069387436,0.7165922611951828,0.7376787424087524,0.751104336977005,0.7638483017683029,0.7796785295009613,0.7973770290613175,0.8099095612764359,0.8236544847488403,0.8424382001161576,0.8582541793584824,0.8714964538812637,0.8776387184858322,0.8890620321035385,0.9091954052448272,0.9192587941884994,0.9304028421640396,0.942660117149353,0.9519004344940185,0.9673759341239929,0.9770649641752243,0.9882412791252136,0.9995497465133667,1.0113181710243224,1.014246118068695,1.027549922466278,1.0466592490673066,1.0423075795173644,1.0554312765598297,1.0591339230537415,1.0689828753471375,1.0748167872428893,1.0950748801231385,1.094390296936035,1.1008136332035066,1.1103903114795686,1.117469948530197,1.1337387323379517,1.1349133729934693,1.1417503118515016,1.1432070672512054,1.1496320188045501,1.156790941953659,1.1611849546432496,1.1695146322250367,1.1744111239910127,1.1884136021137237,1.1857191145420074,1.1941104412078858,1.2056636452674865,1.2024886667728425,1.2132979571819305,1.2138281285762786,1.2156260371208192,1.2208396315574646,1.2272588789463044,1.234008675813675,1.2434819877147674,1.2457440793514252,1.2457370698451995,1.2465595781803132,1.2576930105686188,1.2534168660640717,1.2557254314422608,1.2605792582035065,1.263129085302353,1.2702653229236602,1.2681348979473115,1.273782068490982,1.2769046485424043,1.2767942726612092,1.2816608667373657,1.2828167915344237,1.2895346403121948,1.3017887353897095,1.2910204827785492,1.295222771167755,1.2991168975830079,1.2984759151935577,1.3047770321369172,1.307579255104065,1.308937555551529,1.3089437663555146,1.3079763889312743,1.3127577185630799,1.3141831874847412,1.3146252393722535,1.3185789227485656,1.3191896736621858,1.3271908581256866,1.3233746409416198,1.3240363359451295,1.328652209043503,1.3268910109996797,1.3289087176322938,1.3330540835857392,1.3354982733726501,1.3322600722312927,1.3351105391979217,1.334703004360199,1.3376565158367157,1.3380484402179718,1.3388582289218902,1.3404186725616456,1.3400722980499267,1.3414178669452668,1.3445369064807893,1.344081348180771,1.3456304669380188,1.3460179686546325,1.3473298132419587,1.3470761895179748,1.350538980960846,1.3504936754703523,1.3498366713523864,1.3498289704322814,1.3514140129089356,1.3571640789508819,1.3544757306575774,1.3533950567245483,1.3597632884979247,1.356256228685379,1.3563073456287384,1.3559076189994812,1.3556298732757568,1.359175479412079,1.3591569304466247,1.3637056171894073,1.358716642856598,1.359106284379959,1.3648642718791961,1.3586666226387023,1.361524945497513,1.3664081633090972,1.3615858018398286,1.360355055332184,1.3607452809810638,1.3634524583816527,1.3714445233345032,1.364793848991394,1.362138307094574,1.3631261885166168,1.3670863211154938,1.3655693113803864,1.3643446445465088,1.365860253572464,1.363718980550766,1.3655907928943634,1.365043479204178,1.3633173286914826,1.3651563942432403,1.3643773019313812,1.3645567655563355,1.3664402544498444
t_183,0.3005152940750122,0.2839808791875839,0.2878714546561241,0.27294678539037703,0.2616632878780365,0.2519064873456955,0.22753889933228494,0.2079505518078804,0.18367426916956903,0.17386214658617974,0.15376725047826767,0.13548299819231033,0.1297232910990715,0.10801586471498012,0.09914054349064827,0.08102658055722714,0.0,0.08594764843583107,0.09480566456913948,0.11241545826196671,0.13770321011543274,0.14813457876443864,0.17249600663781167,0.20356162190437316,0.22646616995334626,0.24374593794345856,0.26684909164905546,0.2992119625210762,0.32118741124868394,0.3427623718976974,0.3766971006989479,0.39139450788497926,0.42200858145952225,0.44220582842826844,0.47125164270401,0.494741290807724,0.5057012364268303,0.5307919532060623,0.5477283298969269,0.5684575229883194,0.5821515202522278,0.6026719242334366,0.6244512528181076,0.6347449243068695,0.6646171361207962,0.6684646278619766,0.6863676697015763,0.7013105154037476,0.7229356437921524,0.7367668479681015,0.7497992008924484,0.7660332143306732,0.7842339396476745,0.7970157235860824,0.8111481666564941,0.830448779463768,0.84671930372715,0.8602022290229797,0.8663480401039123,0.8782474368810653,0.8988284885883331,0.909203764796257,0.9205321639776229,0.9331123024225235,0.9426147282123566,0.9584060788154602,0.9682995706796647,0.9798397988080978,0.9913788795471191,1.0034478664398194,1.0064533293247222,1.0200726568698884,1.0395131170749665,1.0350973784923554,1.0485205471515655,1.0523236215114593,1.062382048368454,1.0683484196662902,1.0890395998954774,1.088314551115036,1.0948396503925324,1.1045643627643584,1.111858081817627,1.1283977627754211,1.1296164631843566,1.1366535305976868,1.1380798161029815,1.1446591138839721,1.1519417643547059,1.1564720153808594,1.1649214267730712,1.1699652075767517,1.1842365860939026,1.1814281702041627,1.19002103805542,1.2018057644367217,1.1985996067523956,1.2096174299716949,1.210134708881378,1.212002122402191,1.2172586381435395,1.2238570690155028,1.2307261645793914,1.240316593647003,1.2426391243934631,1.2426871597766875,1.2435561537742614,1.2548962473869323,1.2505464613437653,1.252901542186737,1.257803875207901,1.2604494273662568,1.2676614820957184,1.265561056137085,1.271269154548645,1.2744551062583924,1.2743835151195526,1.2793335556983947,1.2805218935012816,1.2873155236244203,1.2997370421886445,1.2888602256774901,1.2931075811386108,1.297090268135071,1.2964637935161591,1.3028437316417694,1.3056346774101257,1.3070332825183868,1.3070735931396484,1.3061085402965547,1.3109652161598206,1.3124091148376464,1.3128799438476562,1.3168819785118102,1.3175103664398193,1.3255744338035584,1.3217356622219085,1.3224242985248567,1.3270760476589203,1.3253353357315063,1.327366828918457,1.3315634429454803,1.3340356349945068,1.3307865858078003,1.3336583912372588,1.3332652390003203,1.336238932609558,1.3366574585437774,1.3374838888645173,1.3390264093875885,1.3387373626232146,1.3400748074054718,1.3432519793510438,1.3427898705005645,1.3443503260612488,1.3447657823562622,1.3460766077041626,1.3458412408828735,1.3493198692798614,1.3492824733257294,1.3486417174339294,1.348638653755188,1.3502366602420808,1.3560323536396026,1.3533391058444977,1.3522322237491609,1.3586554944515228,1.3551513493061065,1.3552095651626588,1.3548175632953643,1.35452561378479,1.3581067025661469,1.3580831348896027,1.362673246860504,1.3576601326465607,1.35806143283844,1.3638513088226318,1.3576403915882111,1.3605135440826417,1.3654446482658387,1.3605578243732452,1.3593506038188934,1.3597481071949005,1.3624651253223419,1.3705362260341645,1.3638198971748352,1.3611759424209595,1.3621704578399658,1.3661572635173798,1.3646312177181243,1.3634046912193298,1.3649424076080323,1.3627988934516906,1.3646820425987243,1.3641450822353363,1.3624115705490112,1.364272141456604,1.3634726583957673,1.3636817455291748,1.3656171083450317
t_182,0.3294802516698837,0.31245178878307345,0.31637888997793195,0.30184309035539625,0.2909743174910545,0.2809478178620338,0.2569422245025635,0.2371170587837696,0.21268818601965905,0.202682251483202,0.1826063685119152,0.16349056288599967,0.15728679820895194,0.13269976973533631,0.12206457890570163,0.10063410513103008,0.08594764843583107,0.0,0.07796639688313008,0.09258796684443951,0.11375704929232597,0.12246968634426594,0.1457444503903389,0.17650486454367637,0.19830622151494026,0.21492868661880493,0.23864182233810424,0.27114897668361665,0.2929907113313675,0.31483887135982513,0.3490652948617935,0.36395673304796217,0.39505498111248016,0.4159159943461418,0.44535999894142153,0.46935753226280214,0.48053797632455825,0.5062067955732346,0.523636057972908,0.5448654592037201,0.5589322090148926,0.5799169391393661,0.6022913932800293,0.6129561185836792,0.6438635766506196,0.6475502371788024,0.6660196214914322,0.681399917602539,0.7037131428718567,0.7179648607969285,0.7313709914684295,0.7480969935655594,0.7668932288885116,0.780017814040184,0.7945670783519745,0.8145248711109161,0.8313198775053025,0.8451627224683762,0.8513861685991287,0.8637701898813248,0.8849255323410035,0.8956508040428162,0.9072632849216461,0.9202489346265793,0.9300203770399094,0.9462611854076386,0.9564539939165115,0.9683720260858536,0.9802305102348328,0.9926738023757935,0.9957908183336258,1.009787529706955,1.0297343611717225,1.0252400517463685,1.039028573036194,1.0429682731628418,1.0533471941947936,1.0594639539718629,1.0807181537151336,1.079955530166626,1.086699801683426,1.0966433227062224,1.1041706204414368,1.1211212694644928,1.1224023342132567,1.129673969745636,1.1311410307884215,1.1379434406757354,1.1453928649425507,1.1501118659973144,1.158724808692932,1.1639281868934632,1.1785790264606475,1.1756985366344452,1.1845414340496063,1.1965943157672883,1.1933643102645874,1.2046363592147826,1.2052087426185607,1.2071416974067688,1.2124913454055786,1.2192858934402466,1.22631316781044,1.2360824823379517,1.2384648263454436,1.238581782579422,1.2395119667053223,1.2510548293590547,1.2466602325439453,1.2490882575511932,1.2540845155715943,1.2568270087242126,1.2641561388969422,1.2620696544647216,1.267875874042511,1.2711466372013092,1.271097230911255,1.2761673212051392,1.2773910522460938,1.2842902958393096,1.2969318509101868,1.2859104573726654,1.2902358949184418,1.2943213999271392,1.2936998665332795,1.3001922607421874,1.303009831905365,1.3044514298439025,1.3045194447040558,1.3035707235336305,1.3085213005542755,1.3099830389022826,1.3104951620101928,1.3145723640918732,1.3152199566364289,1.323398369550705,1.3195211470127106,1.320244663953781,1.3249500572681427,1.32322199344635,1.3252911031246186,1.3295416176319121,1.3320603549480439,1.3288032114505768,1.3317037582397462,1.3313308238983155,1.3343423545360564,1.334804928302765,1.3356319308280944,1.33717120885849,1.3369394659996032,1.3382940769195557,1.341539239883423,1.3410582482814788,1.3426313161849976,1.3430866301059723,1.3444119930267333,1.3441900849342345,1.3477206647396087,1.347693967819214,1.3470445990562439,1.3470629930496216,1.3486751854419707,1.3545448184013367,1.351839280128479,1.3506996035575867,1.3572084844112395,1.3536893725395203,1.3537667751312257,1.3533691704273223,1.3530809998512268,1.3567072868347168,1.3566664397716521,1.3613146781921386,1.35628222823143,1.3566677629947663,1.362538856267929,1.356261819601059,1.3591838836669923,1.3641667902469634,1.359212690591812,1.3580232203006743,1.3584309637546539,1.3611629784107209,1.3693256080150604,1.3625433802604676,1.3598960041999817,1.3609052896499634,1.3649299204349519,1.3633862853050231,1.3621406376361846,1.3637211740016937,1.3615655779838562,1.3634686768054962,1.3629457771778106,1.361214953660965,1.3630823254585267,1.3622823238372803,1.362489116191864,1.3644927144050598
t_181,0.3415330722928047,0.3243068352341652,0.3282444208860397,0.31394163966178895,0.3031671971082687,0.293055422604084,0.2692563831806183,0.24956418722867965,0.22481856867671013,0.2148264043033123,0.19512197747826576,0.1753702074289322,0.16906875297427176,0.14391698092222213,0.1327618405222893,0.1108284804970026,0.09480566456913948,0.07796639688313008,0.0,0.08640198707580567,0.10393643341958522,0.11245558559894561,0.13533613979816436,0.16536496281623841,0.18659902065992356,0.203286125510931,0.22673272341489792,0.25916334986686707,0.2811135560274124,0.30300413221120837,0.3375635460019112,0.35251534879207613,0.383950462937355,0.4049754962325096,0.4347360223531723,0.45882716178894045,0.4700890079140663,0.49600389450788496,0.5136619210243225,0.5350733250379562,0.5493281543254852,0.5705189198255539,0.5931795120239258,0.6040968298912048,0.6355189234018326,0.6389783501625061,0.6577123820781707,0.6733423113822937,0.6959489852190017,0.7104472666978836,0.7239856868982315,0.7409365028142929,0.7600096642971039,0.7732330679893493,0.7880053043365478,0.808298921585083,0.8253351718187332,0.8393277525901794,0.8455119252204895,0.8581251353025436,0.8795563668012619,0.8904671847820282,0.9021629691123962,0.915321198105812,0.9252285659313202,0.9416354060173034,0.9519462943077087,0.9640519320964813,0.9760465443134307,0.98866006731987,0.9918094575405121,1.005959790945053,1.0261399686336516,1.021557903289795,1.0355361521244049,1.039502739906311,1.0500206649303436,1.0561943113803864,1.0777012705802917,1.076908963918686,1.0837183475494385,1.09375718832016,1.1013761162757874,1.118507868051529,1.1197840511798858,1.1271715998649596,1.1286032915115356,1.1354885697364807,1.1430145978927613,1.1478116631507873,1.1564917027950288,1.1617687821388245,1.176585817337036,1.1736357033252716,1.182600700855255,1.1947803139686584,1.1915013134479522,1.2029094636440276,1.203475332260132,1.2054370403289796,1.2108052551746369,1.2177088677883148,1.2248006343841553,1.2346447825431823,1.2370684385299682,1.2371974229812621,1.2381468832492828,1.2498093903064729,1.2453564524650573,1.2478110134601592,1.2528517603874207,1.2556285798549651,1.26300448179245,1.2609330773353578,1.2667960405349732,1.2700966775417328,1.270058512687683,1.2751765906810761,1.2764146983623506,1.2833621084690094,1.2961355865001678,1.2850204765796662,1.2893646240234375,1.293501651287079,1.2928850471973419,1.299433672428131,1.3022617518901825,1.3037200212478637,1.3037895083427429,1.302854335308075,1.3078532457351684,1.3093177676200867,1.3098406612873077,1.3139577209949493,1.3146161437034607,1.3228492259979248,1.3189461648464202,1.3196741580963134,1.3244197607040404,1.322695106267929,1.3247695088386535,1.3290611028671264,1.3316019296646118,1.3283275961875916,1.331239515542984,1.3308732330799102,1.3339076817035675,1.3343800008296967,1.335207337141037,1.3367438852787017,1.3365481734275817,1.3379007220268249,1.341188645362854,1.3406893849372863,1.3422716736793519,1.342752569913864,1.344062477350235,1.343856531381607,1.347423356771469,1.347384089231491,1.3467373907566071,1.3467639803886413,1.3483780086040498,1.354299783706665,1.3515764117240905,1.3504131317138672,1.35697683095932,1.353437113761902,1.3535100281238557,1.3531262814998626,1.3528314232826233,1.3564819872379303,1.3564350605010986,1.3611173331737518,1.3560684740543365,1.3564580023288726,1.3623665630817414,1.3560578227043152,1.3590031027793885,1.3640101075172424,1.3590167582035064,1.3578427135944366,1.3582474768161774,1.3609867215156555,1.3692053139209748,1.3623708009719848,1.3597254812717439,1.3607418537139893,1.3647824883461,1.363228017091751,1.3619839906692506,1.3635856747627257,1.3614096581935882,1.3633177518844604,1.36279838681221,1.3610549747943879,1.362934225797653,1.3621297657489777,1.362339323759079,1.3643625617027282
t_180,0.3702798321843147,0.3535699561238289,0.3573470011353493,0.3430101975798607,0.33239482045173646,0.32239379435777665,0.2986790150403976,0.2788894012570381,0.2542815960943699,0.24405835568904877,0.223675986379385,0.2038276292383671,0.19696073457598687,0.17046432718634605,0.1591118410229683,0.13249277994036673,0.11241545826196671,0.09258796684443951,0.08640198707580567,0.0,0.0849668636918068,0.09024861492216588,0.11018901653587818,0.13710441440343857,0.15833910703659057,0.17432500720024108,0.1973392114043236,0.2299490787088871,0.2517388053238392,0.2740155503153801,0.30864178389310837,0.32396743148565293,0.3556067258119583,0.37725268453359606,0.4073998123407364,0.4323717027902603,0.4439390778541565,0.4705090582370758,0.4885981649160385,0.5103993460536003,0.5251989334821701,0.5471140712499618,0.5702268362045289,0.5813883125782013,0.6135172486305237,0.6174283772706985,0.6367257714271546,0.6528390884399414,0.6760149121284484,0.6909599810838699,0.7049920350313187,0.7224357396364212,0.7419046968221664,0.7555603414773941,0.7708294868469239,0.7915983378887177,0.8091096729040146,0.8233909547328949,0.8299667000770569,0.8430714994668961,0.8648871958255768,0.8761424511671067,0.888158130645752,0.9016997426748276,0.9120630294084549,0.9287296414375306,0.9393310695886612,0.9518464088439942,0.9640536546707154,0.9769466489553451,0.9803628742694854,0.9948523759841919,1.0152218997478486,1.0108853548765182,1.0251327753067017,1.0293698072433473,1.0400874018669128,1.0465258955955505,1.068274188041687,1.0676556527614594,1.0746224880218507,1.0848340153694154,1.0927405059337616,1.1100306391716004,1.1114669263362884,1.1190338432788849,1.1206523060798645,1.1276846170425414,1.1353719830513,1.1403611123561859,1.149153959751129,1.1545939683914184,1.1695464670658111,1.1666992068290711,1.1758188307285309,1.1881183564662934,1.1849531829357147,1.1964795112609863,1.197166347503662,1.1992693364620208,1.204704260826111,1.2117402970790863,1.218904572725296,1.2288186728954316,1.231317687034607,1.231561267375946,1.2326015830039978,1.2443524420261383,1.2399645388126372,1.242514169216156,1.2475800335407257,1.250481164455414,1.2578800082206727,1.2559082865715028,1.2618105292320252,1.2651917815208436,1.265218836069107,1.2703986406326293,1.271686500310898,1.2786883175373078,1.291507399082184,1.2804336845874786,1.2848111987113953,1.2890147984027862,1.2884480357170105,1.2950200021266938,1.2978619754314422,1.2993538498878479,1.2994856774806975,1.29858478307724,1.3036280751228333,1.305126816034317,1.3057076990604402,1.3098262965679168,1.310519778728485,1.3187723934650422,1.3149113535881043,1.3156698584556579,1.3204387366771697,1.3187491834163665,1.3208557546138764,1.3251538753509522,1.3277235448360443,1.3244863748550415,1.3274119734764098,1.3270735383033752,1.3301191210746766,1.3306226193904878,1.33146111369133,1.332994395494461,1.332854837179184,1.3342222034931184,1.3375190496444702,1.33703356385231,1.338618928194046,1.339138388633728,1.3404654741287232,1.340271681547165,1.3438447535037994,1.3438289642333985,1.3431942641735077,1.3432451844215394,1.3448773801326752,1.3507983326911925,1.348095554113388,1.3469244360923767,1.3534861862659455,1.3499992489814758,1.3500875651836395,1.349720722436905,1.349432748556137,1.3530909538269043,1.3530430674552918,1.3577264726161957,1.3526967465877533,1.3530984401702881,1.359007477760315,1.3527134716510774,1.3556713819503785,1.3606901168823242,1.3556787431240083,1.3545398831367492,1.3549518764019013,1.357688045501709,1.3659126579761505,1.3590822577476502,1.3564601123332978,1.357489275932312,1.3615242838859558,1.3599789679050445,1.3587380290031432,1.3603645503520965,1.358200490474701,1.3601132333278656,1.3596109688282012,1.3578837037086486,1.3597665429115295,1.358957427740097,1.359185129404068,1.361232227087021
t_179,0.39845073521137236,0.3822477743029594,0.38608295023441314,0.37193469554185865,0.3611787736415863,0.351565358042717,0.32776579409837725,0.3082762032747269,0.28394296765327454,0.2738935872912407,0.2529448114335537,0.23322467431426047,0.22671734392642975,0.2001466177403927,0.18775899708271027,0.1595748595893383,0.13770321011543274,0.11375704929232597,0.10393643341958522,0.0849668636918068,0.0,0.07553561478853225,0.08986391015350818,0.1123262695968151,0.1307828791439533,0.1470745913684368,0.16866593658924103,0.2008001185953617,0.22242088243365288,0.244874270260334,0.27967202961444854,0.29528407752513885,0.3269649878144264,0.348635196685791,0.3794805511832237,0.40473811477422716,0.4166594669222832,0.44382905811071394,0.4621919184923172,0.4844378024339676,0.49965287148952486,0.5221722811460495,0.5457327097654343,0.5571648597717285,0.589831656217575,0.594348418712616,0.6141313493251801,0.630693131685257,0.6543697953224182,0.6697344005107879,0.68423191010952,0.7022152781486511,0.7220172852277755,0.7361433058977127,0.7519392460584641,0.7731432169675827,0.7910979598760605,0.8057159572839737,0.8127107381820678,0.8263317435979843,0.8484941780567169,0.8601637154817581,0.8725015848875046,0.8864392399787903,0.8972839891910553,0.9141688227653504,0.9251069813966751,0.9380118608474731,0.9504538089036941,0.9636334538459778,0.9673777610063553,0.9822039693593979,1.002794998884201,0.9987453490495681,1.0132250308990478,1.0177963018417358,1.0287248194217682,1.0354402244091034,1.0574199378490448,1.0570406854152679,1.0642118871212005,1.0746085822582245,1.0827772676944734,1.100262951850891,1.1018512666225433,1.1096213400363921,1.1114646732807159,1.1186673104763032,1.1265300929546356,1.1316984117031097,1.1406358480453491,1.1462413668632507,1.1613349318504333,1.1586776494979858,1.16793332695961,1.180333286523819,1.1773547649383544,1.188988721370697,1.1898570954799652,1.1921083807945252,1.1976457834243774,1.2048096537590027,1.212061768770218,1.2220718562602997,1.2246729850769043,1.22505584359169,1.2262014985084533,1.238061398267746,1.233751082420349,1.2364269196987152,1.241561907529831,1.2445856511592865,1.2520405232906342,1.2501782178878784,1.2561340808868409,1.2596183240413665,1.2597106218338012,1.264971762895584,1.2663328349590302,1.2733859241008758,1.2862428307533265,1.2752568542957305,1.2796731531620025,1.2839479267597198,1.2834391117095947,1.2900586128234863,1.2929130017757415,1.294481873512268,1.2946565568447113,1.2938073515892028,1.2989009320735931,1.300419521331787,1.301052463054657,1.3052026569843291,1.305944013595581,1.314206451177597,1.3104102432727813,1.3112045764923095,1.3159897029399872,1.3143737077713014,1.3164800584316254,1.3208105623722077,1.3233872592449187,1.3202131032943725,1.3231494009494782,1.3228602945804595,1.3259028434753417,1.326451551914215,1.327303022146225,1.3288347542285919,1.328768652677536,1.3301470160484314,1.3334737300872803,1.3330073535442353,1.3345930933952332,1.3351454854011535,1.3364833354949952,1.3363358974456787,1.3399087011814117,1.339901828765869,1.3392971813678742,1.3393656969070435,1.3410167038440703,1.3469270050525666,1.3442504167556764,1.3431020736694337,1.3496542692184448,1.3462140262126923,1.346315085887909,1.3459724545478822,1.3456911206245423,1.3493647813796996,1.3493237316608429,1.3540088295936585,1.3490102887153625,1.3494266033172608,1.3553251266479491,1.3490690767765046,1.35203577876091,1.357043093442917,1.3520573794841766,1.3509605467319488,1.351368600130081,1.3541086256504058,1.3623234272003173,1.3555183947086333,1.3529305517673493,1.3539754271507263,1.3579817414283752,1.3564545929431915,1.3552250504493712,1.3568754017353057,1.3547137141227723,1.3566276133060455,1.3561467230319977,1.3544298708438873,1.3563051044940948,1.355508989095688,1.3557528972625732,1.357815545797348
t_178,0.4084023326635361,0.391994072496891,0.3957958996295929,0.3818273082375526,0.3712713986635208,0.3616372838616371,0.338121135532856,0.3185827970504761,0.29433530420064924,0.284440304338932,0.2638217121362686,0.24391370341181756,0.23722236827015877,0.21024231538176535,0.19846830517053604,0.17015655115246772,0.14813457876443864,0.12246968634426594,0.11245558559894561,0.09024861492216588,0.07553561478853225,0.0,0.08269093707203864,0.10495282039046287,0.12198996059596538,0.13629846572875975,0.1587402679026127,0.19032607600092888,0.2115813247859478,0.23361702710390092,0.2683840572834015,0.2837880507111549,0.3159130424261093,0.3378858670592308,0.368725061416626,0.3941659390926361,0.4061419263482094,0.4334463864564896,0.45205451399087904,0.4745297387242317,0.4898501753807068,0.5125191256403923,0.5363837808370591,0.5479697257280349,0.5812813699245453,0.585457319021225,0.6055007487535476,0.622242221236229,0.6463251352310181,0.661891707777977,0.676507318019867,0.6947035104036331,0.7149051696062088,0.7291542023420334,0.7451050072908402,0.7667219340801239,0.7849376380443573,0.7997794330120087,0.8067300170660019,0.8205137610435486,0.8430887877941131,0.8548762887716294,0.8673678278923035,0.8815006911754608,0.8924201786518097,0.9096073836088181,0.9206916809082031,0.9337577968835831,0.9463932186365127,0.9597729086875916,0.963498768210411,0.9785372734069824,0.9994818985462188,0.9952463388442994,1.0099707305431367,1.0145323663949966,1.0256490528583526,1.0323865115642548,1.054739534854889,1.0542858719825745,1.0615263104438781,1.0720747470855714,1.0803456902503967,1.0980765700340271,1.0996600151062013,1.1075313329696654,1.1093459844589233,1.1166401386260987,1.1245978474617004,1.1298443734645844,1.138891339302063,1.144564837217331,1.1598958909511565,1.1571473836898805,1.166543424129486,1.1791060626506806,1.176062673330307,1.18786501288414,1.1887152314186096,1.1909845769405365,1.1965691864490509,1.2038423538208007,1.2111962139606476,1.2213193237781526,1.2239439249038697,1.2243178009986877,1.22548805475235,1.2374887108802795,1.2331081628799438,1.235816103219986,1.241009032726288,1.2440519988536836,1.2515935122966766,1.2497092187404633,1.255747526884079,1.2592554152011872,1.259352546930313,1.2646665275096893,1.2660407662391662,1.2731700658798217,1.2861693441867827,1.2750589787960052,1.2795157492160798,1.2838451862335205,1.2833262622356414,1.2900120079517365,1.2928939580917358,1.2944677770137787,1.2946535706520081,1.2937845289707184,1.298936229944229,1.3004721224308013,1.3011164665222168,1.3052990138530731,1.3060459911823272,1.3143989205360413,1.3105520904064178,1.311350977420807,1.316178834438324,1.3145536839962007,1.3166689455509186,1.321048629283905,1.3236584067344666,1.3204477727413177,1.323413336277008,1.3231049299240112,1.3261871993541718,1.3267408430576324,1.3276002824306488,1.3291354656219483,1.3290775835514068,1.330452126264572,1.3338193774223328,1.3333437383174895,1.334943550825119,1.3355105340480804,1.3368411183357238,1.3366940319538116,1.340296059846878,1.340290015935898,1.3396727323532105,1.3397424042224884,1.3414001405239104,1.3473723590373994,1.34467271566391,1.3434889912605286,1.35010307431221,1.3466388404369354,1.346750509738922,1.3463961601257324,1.3461163282394408,1.3498158991336822,1.3497618913650513,1.354489690065384,1.3494615435600281,1.3498749375343322,1.3558260321617126,1.3495189130306244,1.3525055170059204,1.3575576901435853,1.3525175034999848,1.3514264345169067,1.3518397092819214,1.3545842587947845,1.3628892421722412,1.3560262262821197,1.3534144759178162,1.3544724524021148,1.358519619703293,1.3569784820079804,1.3557362616062165,1.357407122850418,1.355238938331604,1.3571691393852234,1.3566927850246429,1.3549719750881195,1.3568704664707183,1.3560651600360871,1.3563139021396637,1.358403354883194
t_177,0.4331715852022171,0.41709101796150205,0.4209087908267975,0.4071026772260666,0.39658758640289304,0.38719695508480073,0.3638673037290573,0.3446114048361778,0.3205547213554382,0.31075467765331266,0.2900163605809212,0.27013426274061203,0.2637318387627602,0.2368508905172348,0.22478426545858382,0.1958588905632496,0.17249600663781167,0.1457444503903389,0.13533613979816436,0.11018901653587818,0.08986391015350818,0.08269093707203864,0.0,0.08584102354943753,0.10164582170546055,0.1139478400349617,0.13490259200334548,0.16513403356075287,0.1858180917799473,0.20799253061413764,0.24266200959682466,0.2582665078341961,0.29046283662319183,0.31232045143842696,0.343725810945034,0.3695115402340889,0.3817178964614868,0.4096002414822578,0.4284719482064247,0.4513636827468872,0.46706621497869494,0.4902794361114502,0.514615124464035,0.5264821797609329,0.5603645741939545,0.5649299174547195,0.5854998230934143,0.6026792764663697,0.6272772431373597,0.6432750344276428,0.6583446353673935,0.6770035862922669,0.6975544303655624,0.7122036010026932,0.7286598891019821,0.7507410883903504,0.7693950176239014,0.7845303893089295,0.7918150842189788,0.8061028897762299,0.8290391892194748,0.841208764910698,0.8539657086133957,0.8684884667396545,0.8798254489898681,0.8972397744655609,0.9086410343647003,0.9220837682485581,0.9349325507879257,0.9485764861106872,0.9525856345891952,0.9679106175899506,0.989089098572731,0.9850606381893158,1.0000428348779677,1.0048694252967834,1.0161814004182816,1.0231641411781311,1.0457630395889281,1.0454783976078033,1.0528866291046142,1.0635930478572846,1.0721011817455293,1.090015435218811,1.0917349696159362,1.0997853994369506,1.101765114068985,1.1092108905315399,1.117329204082489,1.1227533102035523,1.1319209516048432,1.137736201286316,1.1532145202159882,1.150577872991562,1.1601208448410034,1.172812634706497,1.1698861360549926,1.1818177342414855,1.1827990055084228,1.1851912677288055,1.1908528864383698,1.198253571987152,1.2057016670703888,1.2159075021743775,1.2186056852340699,1.2191096544265747,1.2203548669815063,1.2324649333953857,1.2281457245349885,1.2309526681900025,1.236195170879364,1.2393345654010772,1.2469268321990967,1.2451317071914674,1.2512118875980378,1.254815512895584,1.2549620985984802,1.2603570163249969,1.2617866039276122,1.2689716041088104,1.2820202589035035,1.2709604978561402,1.275461745262146,1.2798593282699584,1.2793943762779236,1.2861306726932527,1.2890229403972626,1.290644347667694,1.2908767759799957,1.2900507926940918,1.2952532708644866,1.2968128442764282,1.2974986493587495,1.301708883047104,1.3024996519088745,1.3108760237693786,1.307060569524765,1.3079004764556885,1.3127531468868257,1.3111701607704163,1.3133051156997682,1.3177138090133667,1.320328062772751,1.317162150144577,1.320133537054062,1.3198694288730621,1.3229577660560607,1.3235456585884093,1.3244185388088225,1.3259514272212982,1.3259508907794952,1.3273397564888,1.3307374000549317,1.3302706897258758,1.3318701267242432,1.3324631214141847,1.3338096737861633,1.33368479013443,1.33730309009552,1.337322610616684,1.3367043733596802,1.3368066906929017,1.3384754359722137,1.3444465041160583,1.341759341955185,1.3406124055385589,1.347221052646637,1.3437915086746215,1.343901813030243,1.3435772836208344,1.3432987749576568,1.347010326385498,1.3469611644744872,1.3516926348209382,1.346683293581009,1.347112673521042,1.3530696511268616,1.3467787742614745,1.3497835159301759,1.3548306822776794,1.3498062014579773,1.3487366437911987,1.349156415462494,1.3519057154655456,1.3601942777633667,1.3533535718917846,1.3507768929004669,1.3518416941165925,1.3558824837207795,1.354339700937271,1.3531218409538268,1.3548075318336488,1.3526409327983857,1.3545813739299775,1.3541263103485108,1.3524140000343323,1.3543067634105683,1.3535118043422698,1.353784841299057,1.3558894991874695
t_176,0.4626543700695038,0.44750919193029404,0.4512160196900368,0.4374971315264702,0.4270203486084938,0.41808622926473615,0.39478850960731504,0.3758134052157402,0.35226755291223527,0.34259931892156603,0.32139036655426023,0.3020228028297424,0.2955816850066185,0.26899937689304354,0.25694026947021487,0.22683650851249695,0.20356162190437316,0.17650486454367637,0.16536496281623841,0.13710441440343857,0.1123262695968151,0.10495282039046287,0.08584102354943753,0.0,0.08281726054847241,0.09414083771407604,0.1095017608255148,0.13693146407604218,0.15680846348404884,0.17797865271568297,0.21159073039889337,0.227463748306036,0.25929818898439405,0.2811149895191193,0.31274753361940383,0.33928183615207674,0.3519202694296837,0.3803317338228226,0.3994199961423874,0.42262997627258303,0.4388800010085106,0.4629258200526237,0.48757900297641754,0.49958527386188506,0.5338279575109481,0.539422157406807,0.5605511605739594,0.5782029449939727,0.6032710283994674,0.6197223663330078,0.6353982537984848,0.6545941203832626,0.6754182547330856,0.6906079053878784,0.7076817363500595,0.7301484793424606,0.7492594599723816,0.7647446185350418,0.7726689338684082,0.7874871164560318,0.8107355296611786,0.8233190923929214,0.8364627301692963,0.8514120548963546,0.8633812099695206,0.8809407711029053,0.89271859228611,0.9065969258546829,0.9196746200323105,0.9335884869098663,0.9380520284175873,0.9537435561418534,0.9750031292438507,0.9714585661888122,0.9866667151451111,0.9919194459915162,1.0034412443637848,1.0107683181762694,1.0334752202033997,1.0335703313350677,1.041178333759308,1.0520950496196746,1.0609100759029388,1.0789337694644927,1.0808723747730256,1.0891106009483338,1.0914338946342468,1.0990408122539521,1.1073438823223114,1.1129888892173767,1.122300273180008,1.1283028364181518,1.1438097834587098,1.141475683450699,1.1511400759220123,1.1638769149780273,1.16119042634964,1.173193734884262,1.1743814826011658,1.1769720315933228,1.182726836204529,1.1902500867843628,1.1977546155452727,1.2080177307128905,1.210833728313446,1.211493581533432,1.2128825247287751,1.2250383138656615,1.2208467900753022,1.2238110303878784,1.229084700345993,1.2323771953582763,1.2399708032608032,1.2383439004421235,1.244457972049713,1.2481768429279327,1.2484268128871918,1.2538779854774476,1.2553865432739257,1.2625942945480346,1.2756275534629822,1.264726197719574,1.2692607283592223,1.27371307015419,1.2733447849750519,1.2800741136074065,1.2829989969730378,1.2846835553646088,1.2849948167800904,1.2842180848121643,1.2894667267799378,1.291057324409485,1.2918258905410767,1.2960356712341308,1.2968769907951354,1.3052233278751373,1.3015032827854156,1.302398431301117,1.3072680234909058,1.3057565867900849,1.3079055011272431,1.3123348653316498,1.3149572789669037,1.311877316236496,1.3148613333702088,1.3146456837654115,1.3177236437797546,1.3183578312397004,1.319263219833374,1.3207865417003632,1.3208616197109222,1.32225102186203,1.3256698846817017,1.3252278566360474,1.3268309593200684,1.3274668753147125,1.3288243591785431,1.328746145963669,1.3323615431785583,1.3323929846286773,1.331806367635727,1.3319496929645538,1.3336308002471924,1.3395800590515137,1.3369215488433839,1.335807693004608,1.3423743784427642,1.3390204012393951,1.3391519248485566,1.338852322101593,1.3386083662509918,1.3423064410686494,1.3422566533088685,1.346979284286499,1.3420114636421203,1.3424679458141326,1.3483818769454956,1.3421694457530975,1.3451659739017487,1.3501816749572755,1.3451986372470857,1.344177210330963,1.3446045160293578,1.347331166267395,1.355587887763977,1.3487943947315215,1.3462707996368408,1.3473426759243012,1.3513502776622772,1.349833792448044,1.3486317932605743,1.350341832637787,1.3482023477554321,1.3501459300518035,1.3497099697589874,1.3480250835418701,1.3499118387699127,1.3491300463676452,1.3494271516799927,1.351566994190216
t_175,0.4829937696456909,0.4676485076546669,0.4714354187250137,0.45807246416807174,0.44778714925050733,0.4388676777482033,0.4160474568605423,0.3972910165786743,0.37394981980323794,0.3644461095333099,0.34377354234457014,0.32444268763065337,0.31822449415922166,0.2915313556790352,0.2795745059847832,0.2499433860182762,0.22646616995334626,0.19830622151494026,0.18659902065992356,0.15833910703659057,0.1307828791439533,0.12198996059596538,0.10164582170546055,0.08281726054847241,0.0,0.08023464530706406,0.09310838580131531,0.11742731891572475,0.13607610762119293,0.15612706169486046,0.1892924651503563,0.20502181574702263,0.2367511935532093,0.258799359947443,0.29066905975341795,0.31717701256275177,0.3298482492566109,0.3586655676364899,0.37817304730415346,0.4017069935798645,0.41829847246408464,0.44257541447877885,0.46778389662504194,0.4802115857601166,0.5156027376651764,0.5207264065742493,0.5423655956983566,0.5604434758424759,0.5861414313316345,0.6030472457408905,0.6190283507108688,0.6386752754449845,0.6600984066724778,0.675617927312851,0.6930943369865418,0.7162409394979476,0.735853374004364,0.7516536384820938,0.7595651775598526,0.7748873978853226,0.7987322956323624,0.8116557359695434,0.8250382781028748,0.8403700083494187,0.8525942862033844,0.8705730706453323,0.8826315551996231,0.8968885660171508,0.9102694302797317,0.9245472013950348,0.929083588719368,0.9451161891222,0.9669069170951843,0.9631915092468262,0.9787796795368194,0.9841282784938812,0.9959460705518722,1.0033901572227477,1.026656150817871,1.026692944765091,1.0344702780246735,1.0455973327159882,1.054611724615097,1.0730274617671967,1.0749924659729004,1.0834744930267335,1.0857839286327362,1.0935883402824402,1.1020541846752168,1.1078548669815063,1.1173476457595826,1.123466008901596,1.1393462061882018,1.1369237303733826,1.1468028604984284,1.1597811043262483,1.1570723116397859,1.1693077087402344,1.1705264031887055,1.1731821477413178,1.179005217552185,1.1867131531238555,1.1943815112113954,1.204813188314438,1.20767982006073,1.2083981096744538,1.2098196983337401,1.2222101867198945,1.217951363325119,1.2209790766239166,1.2263503670692444,1.2297235369682311,1.2374377727508545,1.2358032822608949,1.2420232474803925,1.2457975149154663,1.2460769653320312,1.2516288936138154,1.2531679153442383,1.2604931712150573,1.27371826171875,1.262688308954239,1.2672854840755463,1.271832400560379,1.27146275639534,1.2783111691474915,1.2812554001808167,1.282985520362854,1.2833041965961456,1.2825501918792725,1.2878798186779021,1.2894923686981201,1.2902759909629822,1.2945593535900115,1.2954175472259521,1.3038746058940887,1.3001220881938935,1.3010161936283111,1.305952513217926,1.3044569194316864,1.3066238403320312,1.311104941368103,1.3137564301490783,1.31066455245018,1.3136751055717468,1.313480979204178,1.3166002869606017,1.3172665357589721,1.3181685924530029,1.3197166681289674,1.3198178350925445,1.321231836080551,1.3247153639793396,1.3242647171020507,1.3258861958980561,1.3265424966812134,1.327911639213562,1.3278514444828033,1.3315134227275849,1.331545889377594,1.3309522986412048,1.331111228466034,1.3328121781349183,1.3388320922851562,1.3361543774604798,1.3350141584873199,1.341655719280243,1.3382713794708252,1.3384300649166108,1.3381190657615663,1.3378754675388336,1.3416132986545564,1.341569870710373,1.3463252484798431,1.3413496494293213,1.3418007671833039,1.3477677762508393,1.3414949238300324,1.3445354461669923,1.3496059119701385,1.3445659279823303,1.3435347378253937,1.343981808423996,1.3467407941818237,1.355060440301895,1.348208051919937,1.3456775665283203,1.3467701911926269,1.3508044719696044,1.349262523651123,1.348067843914032,1.3497959077358246,1.3476344704627992,1.3496003091335296,1.349168348312378,1.3474715113639832,1.3493732154369353,1.3485926866531373,1.3488908588886261,1.3510528802871704
t_174,0.49829926788806916,0.4829027831554413,0.48664140701293945,0.47352511435747147,0.4634323924779892,0.4545474469661713,0.43208240270614623,0.41345192641019823,0.39031928330659865,0.38084847331047056,0.36062009632587433,0.3412233620882034,0.3349931538105011,0.30831349790096285,0.2966418206691742,0.2672959312796593,0.24374593794345856,0.21492868661880493,0.203286125510931,0.17432500720024108,0.1470745913684368,0.13629846572875975,0.1139478400349617,0.09414083771407604,0.08023464530706406,0.0,0.0869538091123104,0.10586382523179054,0.11983480677008629,0.14035361558198928,0.17259081602096557,0.18759384974837304,0.21941842287778854,0.24211207330226897,0.27371229976415634,0.3004447162151337,0.31312884092330934,0.3422662436962128,0.3621376305818558,0.38584155291318895,0.40271113961935046,0.42729451060295104,0.45291211158037187,0.4656232953071594,0.5019145146012306,0.5066703587770462,0.5287229031324386,0.5471835225820542,0.5734080016613007,0.5906419962644577,0.6068893879652023,0.6269036322832108,0.6488046437501908,0.6645331621170044,0.6823034524917603,0.7060091912746429,0.7260325282812119,0.742043748497963,0.7499538689851761,0.7656703382730484,0.789951404929161,0.8031345844268799,0.8167053371667862,0.8323437184095382,0.8447555899620056,0.8630732327699662,0.8753224223852157,0.8898869156837463,0.903504604101181,0.9180521816015244,0.9226210594177247,0.9389411151409149,0.9610929310321807,0.9572730749845505,0.9731503427028656,0.9785673201084137,0.9906064242124557,0.9981502383947373,1.0218294441699982,1.0217976152896882,1.029708456993103,1.0409825980663299,1.0501536548137664,1.0688634932041168,1.0708566963672639,1.079499065876007,1.0817881941795349,1.0897398889064789,1.0983140468597412,1.1042401552200318,1.1138373374938966,1.1200778484344482,1.1362220168113708,1.1337125420570373,1.1437837421894073,1.156966459751129,1.1542084991931916,1.1666380941867829,1.1678852498531342,1.170563268661499,1.1764530181884765,1.1842944383621217,1.192064106464386,1.2026248097419738,1.205544775724411,1.206276136636734,1.207745087146759,1.2202881515026092,1.2159773647785186,1.2190402925014496,1.2244683802127838,1.2279027998447418,1.2356904983520507,1.2340552449226379,1.240345960855484,1.2441770374774932,1.244466644525528,1.2501046657562256,1.251653105020523,1.259054386615753,1.272438371181488,1.2612867414951325,1.2659252464771271,1.2705573678016662,1.2701747596263886,1.2770960628986359,1.2800683200359344,1.2818162441253662,1.282154232263565,1.281397944688797,1.2867940366268158,1.2884235501289367,1.2892252266407014,1.2935479998588562,1.2944145560264588,1.3029386341571807,1.2991591155529023,1.3000733017921449,1.305043363571167,1.3035497844219208,1.3057395219802856,1.3102632641792298,1.312941312789917,1.3098236501216889,1.3128581464290618,1.3126691460609436,1.3158161222934723,1.316500860452652,1.3174126088619231,1.3189508259296416,1.3190898776054383,1.3205105781555175,1.3240350008010864,1.323564839363098,1.325196200609207,1.325879657268524,1.32725071310997,1.327196377515793,1.3308781206607818,1.3309200763702393,1.3303163707256318,1.3304905414581298,1.332193523645401,1.3382554292678832,1.335575944185257,1.3344015419483184,1.3411037027835846,1.3377193331718444,1.337866622209549,1.337567889690399,1.3373125731945037,1.34108664393425,1.3410281777381896,1.3458385527133943,1.3408258259296417,1.3412785887718202,1.347302746772766,1.340988075733185,1.3440613985061645,1.3491691827774048,1.3440636694431305,1.3430652737617492,1.3434979438781738,1.3462747097015382,1.3546711385250092,1.34775430560112,1.3452162742614746,1.3463222563266755,1.350388514995575,1.3488361239433289,1.347619253396988,1.349369716644287,1.3472102642059327,1.3491879522800445,1.3487542629241944,1.3470581591129303,1.348958832025528,1.3481611549854278,1.348477017879486,1.3506770789623261
t_173,0.51897232234478,0.5040628522634506,0.5076983109116554,0.4947249412536621,0.48476449102163316,0.47603843808174134,0.4537357896566391,0.43549186885356905,0.4126927301287651,0.4033177703619003,0.3830639600753784,0.3639902681112289,0.35786597728729247,0.3315406680107117,0.3198657676577568,0.29045535922050475,0.26684909164905546,0.23864182233810424,0.22673272341489792,0.1973392114043236,0.16866593658924103,0.1587402679026127,0.13490259200334548,0.1095017608255148,0.09310838580131531,0.0869538091123104,0.0,0.09066480547189712,0.10479588136076927,0.12240250296890735,0.15305010229349136,0.16816429868340493,0.19835853204131126,0.22091759368777275,0.25252239108085633,0.2795396760106087,0.29251851588487626,0.32203232645988467,0.3419303923845291,0.3658104196190834,0.38311795592308046,0.40823780596256254,0.4340466231107712,0.4470253258943558,0.4836964175105095,0.4890413209795952,0.5114940464496612,0.5303960472345353,0.557013389468193,0.5746186286211014,0.5913021385669708,0.6117757022380829,0.6338586747646332,0.6499322950839996,0.6682388693094253,0.6922130137681961,0.7125883549451828,0.7288410693407059,0.7370804071426391,0.7533654689788818,0.777784675359726,0.7913424015045166,0.8051019102334976,0.8210880279541015,0.8339637964963913,0.8523104012012481,0.8648263514041901,0.8797800153493881,0.8934898138046264,0.9082476794719696,0.9131450682878495,0.9296964019536972,0.9518768906593322,0.9484062224626542,0.964438259601593,0.9701478183269501,0.9823389112949371,0.990109097957611,1.013916826248169,1.0140970826148987,1.0221392214298248,1.033521342277527,1.0429389953613282,1.0616910338401795,1.0638400495052338,1.0726562857627868,1.0751020789146424,1.0832130670547486,1.0919009685516357,1.0980004847049714,1.1076545655727386,1.1140361487865449,1.1302397906780244,1.127840119600296,1.1380409359931947,1.1512641489505768,1.1486552298069,1.161145430803299,1.1625098407268524,1.1653193533420563,1.171219676733017,1.179181033372879,1.1870030164718628,1.1975603520870208,1.2005491077899932,1.201412069797516,1.2029646277427672,1.2155702710151672,1.211336076259613,1.2144776225090026,1.2199213325977325,1.2234453737735749,1.2312335669994354,1.2297123968601227,1.2360168993473053,1.2399107336997985,1.240262758731842,1.2459436058998108,1.247560304403305,1.2549730002880097,1.268340414762497,1.2572785854339599,1.2619216740131378,1.2666112720966338,1.266298633813858,1.2732216894626618,1.2761607348918915,1.277974361181259,1.278356397151947,1.2776445865631103,1.2830673277378082,1.2847054839134215,1.2855729341506958,1.2899058997631072,1.2908022344112395,1.2993048965930938,1.295589989423752,1.296539855003357,1.3014981746673584,1.3000883638858796,1.3022702932357788,1.3067944169044494,1.3094904601573945,1.306431382894516,1.3094587922096252,1.309309333562851,1.3124406039714813,1.3131714344024659,1.3140807628631592,1.3156216382980346,1.3158117413520813,1.3172366261482238,1.3207865238189698,1.320324045419693,1.3219471335411073,1.3226705312728881,1.3240513324737548,1.3240140974521637,1.3277240514755249,1.3277650117874145,1.3271717071533202,1.327363795042038,1.3290877521038056,1.3351380407810212,1.3324588298797608,1.3313187181949615,1.33799649477005,1.3346528172492982,1.3348140358924865,1.3345274329185486,1.3342906355857849,1.3380589425563811,1.338013768196106,1.3427947163581848,1.337833786010742,1.33828763961792,1.3442834794521332,1.3380136907100677,1.341088879108429,1.346176302433014,1.3410982489585876,1.34012468457222,1.3405864477157592,1.3433283030986787,1.3516946852207183,1.3448264598846436,1.3423157632350922,1.3434313535690308,1.3474593043327332,1.3459206700325013,1.3447265923023224,1.3464962899684907,1.3443484902381897,1.3463082909584045,1.3459027349948882,1.3442127108573914,1.3461151540279388,1.3453155517578126,1.3456372439861297,1.3478627324104309
t_172,0.5461966305971145,0.5317900002002716,0.5354343175888061,0.5227191984653473,0.5129185259342194,0.5046638160943985,0.48271194845438004,0.46478659063577654,0.44255912601947783,0.433514703810215,0.4134749248623848,0.3947197631001472,0.3888333737850189,0.36312676817178724,0.35165315121412277,0.32241266667842866,0.2992119625210762,0.27114897668361665,0.25916334986686707,0.2299490787088871,0.2008001185953617,0.19032607600092888,0.16513403356075287,0.13693146407604218,0.11742731891572475,0.10586382523179054,0.09066480547189712,0.0,0.08961315080523491,0.09696056954562664,0.12440802417695522,0.1382712386548519,0.16729109063744546,0.18838777989149094,0.2197501018643379,0.2464180499315262,0.25942367836833,0.28907242715358733,0.3092138722538948,0.3334068194031715,0.3509912952780724,0.37662820518016815,0.4029509902000427,0.41622750014066695,0.4536526814103127,0.45931963324546815,0.4824123427271843,0.5017664954066277,0.5291249364614486,0.5472908347845078,0.5645449727773666,0.5856440901756287,0.6083346277475357,0.62495336830616,0.6439056277275086,0.6686236917972564,0.6896602839231492,0.7064175307750702,0.7151792228221894,0.7319889038801193,0.7571427822113037,0.7712249279022216,0.7854680418968201,0.801957705616951,0.8154046714305878,0.8342847049236297,0.8472589075565338,0.8627029418945312,0.8768396407365799,0.8920148640871048,0.8972877562046051,0.9143120467662811,0.9370121717453003,0.9337337881326675,0.9502129882574082,0.956266188621521,0.9688202679157257,0.9769378423690795,1.0011683225631713,1.0016247510910035,1.0099406689405441,1.021649381518364,1.0314179897308349,1.0505501985549928,1.0528865933418274,1.0619345366954804,1.0646797955036162,1.0729824662208558,1.0819600462913512,1.0882924556732179,1.0982064425945282,1.1047935783863068,1.1212498188018798,1.1190694749355317,1.129471516609192,1.1428865969181061,1.1404540181159972,1.153155791759491,1.15471311211586,1.1577320039272307,1.163799339532852,1.1719204843044282,1.1799066603183745,1.1906547904014588,1.1937777698040009,1.1947650909423828,1.1964404702186584,1.209205973148346,1.2050441801548004,1.208335131406784,1.2138971507549285,1.2175630927085876,1.2254640460014343,1.2240347027778626,1.230435585975647,1.2344677865505218,1.234890055656433,1.2406856775283814,1.2423627376556396,1.2498831748962402,1.2633724749088286,1.2523503124713897,1.2570625722408295,1.2618382692337036,1.261585783958435,1.2685786664485932,1.2716175019741058,1.2734808802604676,1.2739208579063415,1.273264992237091,1.2787715137004851,1.280450439453125,1.2813621699810027,1.2857595443725587,1.286690992116928,1.2952633261680604,1.2915906488895417,1.292577201128006,1.2976027488708497,1.2962221264839173,1.298437249660492,1.3030382633209228,1.305748426914215,1.302723753452301,1.3057768940925598,1.3056814789772033,1.3088442981243134,1.3096049785614015,1.3105500161647796,1.3120940148830413,1.3123480200767517,1.313797014951706,1.317386931180954,1.316938763856888,1.3185865938663484,1.3193248450756072,1.3207260012626647,1.3207276999950408,1.3244398832321167,1.3245070099830627,1.3239443898200989,1.3241632521152495,1.3258902728557587,1.3319740056991578,1.3293211579322814,1.3281807780265809,1.3348825812339782,1.3315562427043914,1.3317465782165527,1.3314792811870575,1.3312555193901061,1.3350528240203858,1.3349988639354706,1.339816051721573,1.334840852022171,1.335320508480072,1.3413398206233977,1.3350709915161132,1.3381726562976837,1.3432797193527222,1.338184303045273,1.3372451663017273,1.3377029240131377,1.3404596388339995,1.3488697826862335,1.3419877648353578,1.3394958794116973,1.3406423270702361,1.344672930240631,1.343142181634903,1.3419484198093414,1.343748152256012,1.3415952146053314,1.3435667634010315,1.3431895077228546,1.3414952397346496,1.3434054672718048,1.3426223814487457,1.342964380979538,1.3452120959758758
t_171,0.5652339637279511,0.5509272247552872,0.554517662525177,0.5420933276414871,0.5324670076370239,0.5242575287818909,0.5027432069182396,0.48503261208534243,0.46309506595134736,0.45411373376846315,0.4344746068120003,0.41586189717054367,0.410052502155304,0.38452610522508623,0.37323002368211744,0.3444245904684067,0.32118741124868394,0.2929907113313675,0.2811135560274124,0.2517388053238392,0.22242088243365288,0.2115813247859478,0.1858180917799473,0.15680846348404884,0.13607610762119293,0.11983480677008629,0.10479588136076927,0.08961315080523491,0.0,0.08658500388264656,0.10819754600524903,0.11889161169528961,0.14611031040549277,0.16775716170668603,0.19836967661976815,0.2247018836438656,0.23778476491570472,0.2676821291446686,0.28814696818590163,0.3123240992426872,0.3303083911538124,0.35633049309253695,0.38305712640285494,0.39676477313041686,0.43526622503995893,0.4404391050338745,0.46401395201683043,0.48390902280807496,0.5118616044521331,0.5304901272058486,0.5480670779943466,0.569631290435791,0.5928296953439712,0.6096882104873658,0.6291101306676865,0.6544228553771972,0.6759757488965988,0.6929645270109177,0.701719331741333,0.719175112247467,0.74475756585598,0.7591877847909927,0.7736152112483978,0.7905056297779083,0.8043023109436035,0.8234752476215362,0.8366718918085099,0.8525633662939072,0.866928705573082,0.8824587285518646,0.8878518491983414,0.9052404940128327,0.9282622098922729,0.9249991685152054,0.9418178737163544,0.9480037331581116,0.9608247369527817,0.9691128522157669,0.9937982231378555,0.9942371547222137,1.002679270505905,1.0145555764436722,1.0245899617671967,1.04402716755867,1.0464267194271089,1.0557161509990691,1.0584539651870728,1.0669838607311248,1.0760847687721253,1.0826050758361816,1.0926226377487183,1.0994165301322938,1.1161509990692138,1.1138853192329408,1.1245251834392547,1.138170099258423,1.1357251703739166,1.1486555874347686,1.1502358198165894,1.153338122367859,1.159443211555481,1.1677709221839905,1.1758737206459045,1.1867585122585296,1.1899456202983856,1.1910254597663879,1.1927510976791382,1.2057067334651947,1.2014916658401489,1.2048391580581665,1.2104642271995545,1.2142268300056458,1.2222082138061523,1.2208235085010528,1.2272781372070312,1.2313805282115937,1.2318416595458985,1.2377382218837738,1.2394547879695892,1.2470601201057434,1.2607127904891968,1.249588245153427,1.2543449699878693,1.2592156767845153,1.2589756786823272,1.2660577952861787,1.2690796852111816,1.2709857821464539,1.2714544475078582,1.2708157539367675,1.2763912439346314,1.2780884683132172,1.2790344953536987,1.2834848940372467,1.2844347417354585,1.2930794596672057,1.2893814980983733,1.2904048144817353,1.2954601049423218,1.2941151201725005,1.2963506877422333,1.3009846806526184,1.303738248348236,1.300706970691681,1.303773546218872,1.3037024676799773,1.3068843603134155,1.3076844453811645,1.3086328983306885,1.3101748824119568,1.3104868412017823,1.3119340062141418,1.3155758917331695,1.315132701396942,1.3167742252349854,1.3175640642642974,1.3189738512039184,1.3189870476722718,1.3227330327033997,1.3228124737739564,1.322253954410553,1.3224868774414062,1.3242225527763367,1.3303683280944825,1.3277097582817077,1.3265357792377472,1.333303654193878,1.3299890637397767,1.3301758468151093,1.329919558763504,1.3296917796134948,1.333530193567276,1.333466124534607,1.33831906914711,1.3333281517028808,1.333828967809677,1.3398776352405548,1.3335823118686676,1.3367111802101135,1.3418614864349365,1.3367120802402497,1.3358009576797485,1.3362651944160462,1.33903728723526,1.3475277841091156,1.3405813574790955,1.3381063580513,1.3392577469348907,1.3433131515979766,1.34177468419075,1.340568608045578,1.342397540807724,1.3402426779270171,1.342221748828888,1.3418528318405152,1.3401585936546325,1.3420746624469757,1.3412669539451598,1.341627061367035,1.3439245402812958
t_170,0.5828675329685211,0.5688871562480926,0.5724891632795334,0.5602340549230576,0.5507196843624115,0.5428317487239838,0.5215059757232666,0.5041019067168235,0.4825690120458603,0.4738749906420708,0.454312601685524,0.4359847217798233,0.4303471863269806,0.4052566111087799,0.3941492706537247,0.36551201343536377,0.3427623718976974,0.31483887135982513,0.30300413221120837,0.2740155503153801,0.244874270260334,0.23361702710390092,0.20799253061413764,0.17797865271568297,0.15612706169486046,0.14035361558198928,0.12240250296890735,0.09696056954562664,0.08658500388264656,0.0,0.09124825522303581,0.1010005947202444,0.1269136656075716,0.14654934257268906,0.17599187567830085,0.20196624249219894,0.2148743189871311,0.24462295621633529,0.2650321736931801,0.2895187005400658,0.3075457900762558,0.333819217979908,0.36087652295827866,0.3746905863285065,0.4137821957468987,0.4192495927214622,0.44323054403066636,0.4634494364261627,0.4919328510761261,0.5109236270189286,0.5289627999067307,0.5509752303361892,0.5746775507926941,0.5920004576444626,0.611858120560646,0.6376984715461731,0.6597264528274536,0.677160668373108,0.6863351285457611,0.7041544079780578,0.7303051441907883,0.7450824290513992,0.7598961144685745,0.7771957069635391,0.7914050042629241,0.8109686881303787,0.8245221644639968,0.8407764673233032,0.8554518967866898,0.871256360411644,0.8769424170255661,0.8946671307086944,0.9180855244398117,0.914939147233963,0.9320577353239059,0.9385141998529434,0.9515789151191711,0.9600948959589004,0.9850831806659699,0.98573237657547,0.994378861784935,1.0065145820379258,1.0167571187019349,1.0364682734012605,1.039009165763855,1.048441219329834,1.0514097213745117,1.0600732266902924,1.0693621456623077,1.0760439157485961,1.08628169298172,1.0931727945804597,1.110081946849823,1.1080059945583343,1.1187496304512023,1.1325112879276276,1.1301961481571197,1.1432541191577912,1.1449912667274476,1.1482168078422545,1.1544353723526002,1.1628536820411681,1.1710600018501283,1.1820703089237212,1.1853472948074342,1.1864875614643098,1.1882936775684356,1.201378482580185,1.1972267627716064,1.200671762228012,1.2063816487789154,1.2102161526679993,1.2182809591293335,1.2169416129589081,1.2234796226024627,1.2276572704315185,1.2281786441802978,1.2341389179229736,1.235901015996933,1.2435834586620331,1.257305496931076,1.2462162017822265,1.2510350048542023,1.255965769290924,1.255768209695816,1.262893009185791,1.2659935116767884,1.2679469287395477,1.2684443175792695,1.2678402483463287,1.273475432395935,1.2752055883407594,1.2761846959590912,1.280676007270813,1.2816603422164916,1.290341591835022,1.2866832196712494,1.2877260327339173,1.2928353011608125,1.2914977252483368,1.2937672853469848,1.2984323740005492,1.3012121200561524,1.2982047557830811,1.3012974739074707,1.3012544810771942,1.3044494688510895,1.3052754342555999,1.3062450289726257,1.3078082621097564,1.308142614364624,1.3096046149730682,1.3132813215255736,1.3128510057926177,1.3144981622695924,1.3152871429920197,1.3167262971401215,1.316754150390625,1.3205171763896941,1.3206118166446685,1.3200586140155792,1.3203074872493743,1.3220552384853363,1.3282128930091859,1.325563085079193,1.3244088292121887,1.3311881065368651,1.3278872907161712,1.328090000152588,1.327835923433304,1.3276219367980957,1.3314620733261109,1.331401026248932,1.3362717628479004,1.3312875390052796,1.3317984879016875,1.3378504753112792,1.3315686881542206,1.3347066819667817,1.3398622393608093,1.3347182631492616,1.3338246107101441,1.3342967092990876,1.3370699822902679,1.345563292503357,1.338628602027893,1.3361538529396058,1.337336790561676,1.3413846790790558,1.3398476779460906,1.3386668145656586,1.34050213098526,1.3383513569831849,1.3403533756732942,1.3399932622909545,1.3382965743541717,1.3402186691761018,1.3394312143325806,1.339802885055542,1.342120921611786
t_169,0.6113510489463806,0.5979918718338013,0.601470085978508,0.5894860297441482,0.5801484644412994,0.5725824147462845,0.5516641587018967,0.5346691399812699,0.5137620627880096,0.5053302645683289,0.4859106406569481,0.46818986982107164,0.4626202151179314,0.43809478878974917,0.4272064507007599,0.3987799048423767,0.3766971006989479,0.3490652948617935,0.3375635460019112,0.30864178389310837,0.27967202961444854,0.2683840572834015,0.24266200959682466,0.21159073039889337,0.1892924651503563,0.17259081602096557,0.15305010229349136,0.12440802417695522,0.10819754600524903,0.09124825522303581,0.0,0.08222933113574982,0.09957304149866104,0.11727335005998611,0.14359427317976953,0.1694071926176548,0.18211318626999856,0.21153533309698105,0.2319081947207451,0.25626380443573,0.27476081997156143,0.30159173160791397,0.3287760242819786,0.3427695035934448,0.3825745567679405,0.38876228779554367,0.4134090289473534,0.4341485947370529,0.4632068336009979,0.48274932205677035,0.5014649704098701,0.5241556078195572,0.5483443826436997,0.5662618815898895,0.5868423759937287,0.6134084522724151,0.6360322743654251,0.6538910806179047,0.6636463165283203,0.682250314950943,0.7089039236307144,0.7242210805416107,0.7395033091306686,0.7574107587337494,0.7723188459873199,0.7921781718730927,0.8062323689460754,0.8230624765157699,0.8380820840597153,0.854320764541626,0.8604460090398789,0.8786658585071564,0.9023772180080414,0.8996473640203476,0.917134577035904,0.9240514814853669,0.9374433487653733,0.9463527739048004,0.9716886848211288,0.9726460129022598,0.9815813809633255,0.9939850896596909,1.0046173304319381,1.0245778769254685,1.0273573517799377,1.0370663702487946,1.040353286266327,1.0492578625679017,1.0588041245937347,1.0657827854156494,1.0762035191059112,1.0833140015602112,1.1004498779773713,1.09858381152153,1.1095607161521912,1.1234756052494048,1.1213708877563477,1.134613311290741,1.1365700781345367,1.1399925768375396,1.1463199734687806,1.1549362182617187,1.163278305530548,1.17440727353096,1.1778024673461913,1.1791164517402648,1.181065320968628,1.1942804396152495,1.1902295768260955,1.193846344947815,1.1996383488178253,1.2036228060722352,1.2117473006248474,1.2105433583259582,1.2171601951122284,1.2214603185653687,1.2220645189285277,1.2281190633773804,1.229958963394165,1.2377308130264282,1.2515143930912018,1.2404913425445556,1.2453662931919098,1.2503987729549408,1.2502772092819214,1.2574563026428223,1.260593181848526,1.2626211941242218,1.2631792724132538,1.2626503884792328,1.2683366358280181,1.270116353034973,1.2711604833602905,1.275693315267563,1.2767179608345032,1.2854440987110138,1.281842577457428,1.2829408407211305,1.2880657851696014,1.2867964327335357,1.2890992403030395,1.293805569410324,1.296604174375534,1.2936517357826234,1.2967620670795441,1.2967641949653625,1.2999844133853913,1.3008541703224181,1.3018532633781432,1.3034138679504395,1.303818452358246,1.3052966892719269,1.3090188384056092,1.3086059093475342,1.3102491557598115,1.3110880494117736,1.3125361561775208,1.3125893354415894,1.3163896441459655,1.3164946556091308,1.3159582197666169,1.3162428200244904,1.3180075585842133,1.3241736710071563,1.3215611934661866,1.320404291152954,1.32719144821167,1.3239442467689515,1.324174565076828,1.3239290475845338,1.3237348258495332,1.3275983214378357,1.3275454938411713,1.3324200332164764,1.3274687588214875,1.328004276752472,1.3340482831001281,1.3277955293655395,1.330956017971039,1.3361045658588409,1.3309796690940856,1.3301218271255493,1.330602753162384,1.3333855092525482,1.3418833434581756,1.3349497377872468,1.3325203478336334,1.3337157905101775,1.3377469897270202,1.3362229406833648,1.3350573897361755,1.336916595697403,1.334781640768051,1.3367943704128264,1.3364453673362733,1.334767460823059,1.336683738231659,1.3359137177467346,1.3363040685653687,1.338646686077118
t_168,0.623202669620514,0.6098753601312638,0.6133681952953338,0.6015860199928283,0.5923798382282257,0.5849771231412888,0.5643493711948395,0.54749675989151,0.5268337488174438,0.5185044467449188,0.4994460418820381,0.4817612588405609,0.47633621394634246,0.4520502284169197,0.4414646849036217,0.4133599951863289,0.39139450788497926,0.36395673304796217,0.35251534879207613,0.32396743148565293,0.29528407752513885,0.2837880507111549,0.2582665078341961,0.227463748306036,0.20502181574702263,0.18759384974837304,0.16816429868340493,0.1382712386548519,0.11889161169528961,0.1010005947202444,0.08222933113574982,0.0,0.09113001152873039,0.10771896839141845,0.13083962649106978,0.1552025370299816,0.16745323985815047,0.19633730724453927,0.2167922779917717,0.24081171452999114,0.25918191373348237,0.2861156493425369,0.3135257676243782,0.3278032153844833,0.3683746486902237,0.37383839190006257,0.3987922415137291,0.4197999358177185,0.4494305714964867,0.46926923394203185,0.4881915584206581,0.5111847311258316,0.5359054237604142,0.5539553254842758,0.57484729886055,0.6019074082374573,0.6249820500612259,0.6430989265441894,0.6528899371623993,0.6718158841133117,0.6990094900131225,0.7145608365535736,0.730063396692276,0.7482533425092697,0.7633465558290482,0.7836341738700867,0.7978702425956726,0.8150089472532273,0.8303195506334304,0.8468266367912293,0.8530193984508514,0.8715335994958877,0.8957036554813385,0.892844894528389,0.9106807112693787,0.9176433026790619,0.931289604306221,0.9403213709592819,0.9660975009202957,0.9670528322458267,0.9760861963033676,0.9886956870555877,0.9995255172252655,1.0198165953159333,1.0226237952709198,1.0324999272823334,1.0357991933822632,1.044834738969803,1.0545252203941344,1.061612355709076,1.0721865594387054,1.0794243395328522,1.0968212127685546,1.094904100894928,1.106053638458252,1.1201679110527039,1.1180441915988921,1.1314722418785095,1.1334452688694001,1.136936104297638,1.1433391571044922,1.1520828008651733,1.1605361640453338,1.171820378303528,1.1752720117568969,1.1766168534755708,1.1785950720310212,1.191973227262497,1.1878700137138367,1.1915292203426362,1.1973918437957765,1.201441752910614,1.2096698939800263,1.2084633588790894,1.2151478111743927,1.2195119440555573,1.2201399326324462,1.2262627124786376,1.2281267821788788,1.2359810650348664,1.2499257385730744,1.2388023614883423,1.2437178432941436,1.248829472064972,1.248713731765747,1.2559650361537933,1.2591497600078583,1.2611902058124542,1.2617700517177581,1.2612448751926422,1.2670031249523164,1.2687956511974334,1.2698579251766204,1.2744348764419555,1.27548605799675,1.28427973985672,1.2806447327136994,1.2817684352397918,1.2869546592235566,1.2856850564479827,1.2880129754543304,1.2927689671516418,1.2955984115600585,1.2926252424716949,1.295773094892502,1.2957855582237243,1.299032026529312,1.29991272687912,1.300927311182022,1.3025005280971527,1.3029415547847747,1.3044254660606385,1.3081878423690796,1.307770800590515,1.309431779384613,1.3102733492851257,1.3117497563362122,1.3118219256401062,1.3156286835670472,1.3157476782798767,1.3152319490909576,1.3155187964439392,1.3172843039035798,1.323504912853241,1.3208873689174652,1.3197181284427644,1.326551115512848,1.323286670446396,1.3235260844230652,1.323297518491745,1.3230857074260711,1.3269877851009368,1.3269268810749053,1.3318480253219604,1.3268601655960084,1.3274011433124542,1.3334972560405731,1.3272029638290406,1.3303911507129669,1.3355873644351959,1.3304051637649537,1.3295548737049103,1.3300487995147705,1.3328478991985322,1.341419517993927,1.3344410181045532,1.3319871544837951,1.3332124292850493,1.3372730016708374,1.3357446849346162,1.3345584332942964,1.336452704668045,1.334300798177719,1.3363213419914246,1.3359806299209596,1.3343019962310791,1.3362363934516908,1.3354598820209502,1.3358635306358337,1.3382523655891418
t_167,0.6487677425146103,0.635867303609848,0.6392588466405869,0.6277335166931153,0.6187348037958145,0.611491996049881,0.5913724780082703,0.5749405652284623,0.5548030942678451,0.5466275781393051,0.5278891801834107,0.5107199877500535,0.5053914785385132,0.4816398799419403,0.47113825380802155,0.44359314143657685,0.42200858145952225,0.39505498111248016,0.383950462937355,0.3556067258119583,0.3269649878144264,0.3159130424261093,0.29046283662319183,0.25929818898439405,0.2367511935532093,0.21941842287778854,0.19835853204131126,0.16729109063744546,0.14611031040549277,0.1269136656075716,0.09957304149866104,0.09113001152873039,0.0,0.08776195794343948,0.10616566613316536,0.12862897515296937,0.13978857100009917,0.16797330006957054,0.18789381980895997,0.2108437515795231,0.2300386629998684,0.25707689523696897,0.28438533693552015,0.2991130411624908,0.3404999867081642,0.34593805819749834,0.3715026393532753,0.3932341307401657,0.4232498973608017,0.44373319000005723,0.463160303235054,0.48681031465530394,0.5119590401649475,0.5304106384515762,0.552159783244133,0.5798555552959442,0.603627872467041,0.6219372302293777,0.6320457577705383,0.6520002514123917,0.6796027839183807,0.6957127332687378,0.7115289092063903,0.7303448587656021,0.7461026847362519,0.7666346490383148,0.7812276691198349,0.7990571022033691,0.8146038830280304,0.8315655142068863,0.8381154030561447,0.8571333348751068,0.8814917266368866,0.8789807587862015,0.8972437739372253,0.9045646518468857,0.9185143291950226,0.9279493808746337,0.9540936022996902,0.9552439421415329,0.9645149022340774,0.977299690246582,0.9885533452033997,1.0090769708156586,1.012108051776886,1.022292673587799,1.0257635861635208,1.0350832611322403,1.0449729800224303,1.0523761689662934,1.0630559086799622,1.0705879390239716,1.088207733631134,1.0863532245159149,1.097793710231781,1.1121020317077637,1.1101505517959596,1.123780620098114,1.1258970856666566,1.1295777678489685,1.1360211730003358,1.1450237691402436,1.1535932838916778,1.1649738252162933,1.1685336768627166,1.1700676739215852,1.1721604585647583,1.1857186734676362,1.1816604793071748,1.185429036617279,1.1913429081439972,1.1955539286136627,1.2038288354873656,1.2027583777904511,1.209516316652298,1.2139806389808654,1.2147121667861938,1.220937544107437,1.2228831112384797,1.2307867407798767,1.2448612809181214,1.233732807636261,1.2387008011341094,1.2439401566982269,1.2438768565654754,1.2511862456798553,1.254370880126953,1.2564740478992462,1.2571305990219117,1.2566377639770507,1.2624880790710449,1.264303207397461,1.265427565574646,1.2700648844242095,1.2711359560489655,1.279971992969513,1.2763773918151855,1.2775583446025849,1.2827495276927947,1.2815553784370421,1.2838952898979188,1.2886964619159698,1.2915518522262572,1.288625818490982,1.2917857587337493,1.2918339192867279,1.2950934171676636,1.2960317432880402,1.2970542907714844,1.2986064493656158,1.2991439044475555,1.3006261348724366,1.3044401943683623,1.3040212750434876,1.3056657016277313,1.3065806746482849,1.3080578029155732,1.3081595480442048,1.312000924348831,1.3121275365352632,1.3116128623485566,1.311922436952591,1.3137060403823853,1.3199682593345643,1.3173555970191955,1.31616467833519,1.3230309545993806,1.3198128640651703,1.3200570106506349,1.3198518931865693,1.3196569204330444,1.323570567369461,1.3234988689422607,1.3284381091594697,1.3234791696071624,1.3240209519863129,1.3301394522190093,1.3238530278205871,1.3270565032958985,1.3322778642177582,1.3270557582378388,1.3262701988220216,1.3267601490020753,1.3295517086982727,1.3381694853305817,1.3311675906181335,1.3287561416625977,1.329995721578598,1.3340422987937928,1.3325331330299377,1.3313492238521576,1.3332713663578033,1.331130361557007,1.3331617951393127,1.3328513026237487,1.3311765491962433,1.3331107556819917,1.3323231101036073,1.332750415802002,1.3352111399173736
t_166,0.6648145735263824,0.6527320712804794,0.6561263293027878,0.6446441948413849,0.6355774432420731,0.6289138346910477,0.6087128043174743,0.5925837218761444,0.5729548782110214,0.5651726841926574,0.546042412519455,0.529432424902916,0.5243801653385163,0.5013788372278214,0.4909478545188904,0.46317139863967893,0.44220582842826844,0.4159159943461418,0.4049754962325096,0.37725268453359606,0.348635196685791,0.3378858670592308,0.31232045143842696,0.2811149895191193,0.258799359947443,0.24211207330226897,0.22091759368777275,0.18838777989149094,0.16775716170668603,0.14654934257268906,0.11727335005998611,0.10771896839141845,0.08776195794343948,0.0,0.0908645212650299,0.10751229450106621,0.11919975988566875,0.14570149034261703,0.16317179203033447,0.1873300701379776,0.2054981365799904,0.2325984314084053,0.2597402215003967,0.27369684129953387,0.31383881270885466,0.3219380587339401,0.34767072051763537,0.36908254474401475,0.39919791370630264,0.4197698399424553,0.43984582722187043,0.46394219547510146,0.48889831602573397,0.5081613302230835,0.53031887114048,0.5580896854400634,0.5819745123386383,0.6008509814739227,0.6122348040342331,0.6323354423046113,0.6600884467363357,0.676588723063469,0.6929164946079254,0.7121167182922363,0.7285699009895324,0.7491822153329849,0.7643334567546844,0.7823987752199173,0.7981457591056824,0.8152181208133698,0.8225344002246857,0.8417985737323761,0.8661555647850037,0.864461013674736,0.8827501922845841,0.8907063871622085,0.9048396527767182,0.9146718084812164,0.9405985951423645,0.9424732387065887,0.9520093113183975,0.9651309877634049,0.9766037285327911,0.9971300691366196,1.0004692852497101,1.010710072517395,1.0149002701044083,1.024269884824753,1.0344090431928634,1.0419834494590758,1.0529391646385193,1.0604920625686645,1.0779711842536925,1.076830416917801,1.0882180750370025,1.1023890614509582,1.1008824825286865,1.1144471526145936,1.1169649124145509,1.120931977033615,1.127573049068451,1.1365145564079284,1.1451414227485657,1.156574445962906,1.1602871656417846,1.1619950473308562,1.1642543852329255,1.1777422249317169,1.1740024149417878,1.1779927670955659,1.1840048849582672,1.1883170902729034,1.1966338932514191,1.1957207322120667,1.2025095224380493,1.2071045815944672,1.2079494178295136,1.2141882002353668,1.2162343084812164,1.224194085597992,1.2380107641220093,1.227306717634201,1.2323312640190125,1.2375242710113525,1.2376194775104523,1.244874995946884,1.2481615245342255,1.2503568708896637,1.2510699331760406,1.2506771564483643,1.2565079510211945,1.2584116280078887,1.2595870077610016,1.2642076432704925,1.2653350472450255,1.2741090178489685,1.2707055628299713,1.271918100118637,1.2771201014518738,1.2760104179382323,1.2783511400222778,1.2831618368625641,1.2859816670417785,1.2832030534744263,1.286371546983719,1.2864848971366882,1.2897380769252778,1.290701115131378,1.2917680978775024,1.2933742582798005,1.293905919790268,1.295443594455719,1.2992197394371032,1.298894077539444,1.3005505859851838,1.3014450073242188,1.3029536426067352,1.303107464313507,1.3069041669368744,1.3070583820343018,1.3065998017787934,1.3069487810134888,1.3087467670440673,1.3148991644382477,1.3123614192008972,1.3112766563892364,1.3180262982845306,1.314884352684021,1.315175038576126,1.3150063753128052,1.3148489713668823,1.3187414765357972,1.3186922132968903,1.323565846681595,1.3186752796173096,1.3192745566368103,1.3252809882164,1.3191605627536773,1.3223057031631469,1.3274199903011321,1.3223888874053955,1.3216328740119934,1.322129249572754,1.3249061703681946,1.3333475112915039,1.3265095353126526,1.3241650581359863,1.3254318535327911,1.329412192106247,1.3279306411743164,1.3268096148967743,1.3287190794944763,1.326611590385437,1.3286384999752046,1.3283554792404175,1.3267165184020997,1.328625625371933,1.3278914988040924,1.3283750593662262,1.3307613134384155
t_165,0.6883689492940903,0.6765658527612686,0.6799096465110779,0.6687513917684555,0.6599539905786515,0.6534746497869491,0.6337580353021621,0.6180167943239212,0.5988841384649277,0.5912898451089859,0.5726226538419723,0.5563551485538483,0.5514449149370193,0.528878590464592,0.5188894689083099,0.4916912630200386,0.47125164270401,0.44535999894142153,0.4347360223531723,0.4073998123407364,0.3794805511832237,0.368725061416626,0.343725810945034,0.31274753361940383,0.29066905975341795,0.27371229976415634,0.25252239108085633,0.2197501018643379,0.19836967661976815,0.17599187567830085,0.14359427317976953,0.13083962649106978,0.10616566613316536,0.0908645212650299,0.0,0.0895112194120884,0.09691237546503544,0.11919744424521923,0.136793764680624,0.15784261822700502,0.17588011175394058,0.20275727957487105,0.22943832576274872,0.24362539499998093,0.2847600817680359,0.29232023656368256,0.31838316172361375,0.3405313268303871,0.37106224745512006,0.3922844067215919,0.41289945840835574,0.43747288137674334,0.4632599279284477,0.48290683329105377,0.5056882470846176,0.5343321740627289,0.5590133309364319,0.5782798290252685,0.5898221731185913,0.6107710003852844,0.6392276406288147,0.6562958508729935,0.673041570186615,0.6928619056940079,0.7098442196846009,0.7309405922889709,0.7465587586164475,0.7653080105781556,0.7815069794654846,0.799109336733818,0.8066763550043106,0.8264736026525498,0.8514305114746094,0.8497907549142838,0.8685903310775757,0.8768772274255753,0.8914052158594131,0.9015192091464996,0.9281387120485306,0.9300603896379471,0.9398805290460587,0.9533063471317291,0.9651445239782334,0.9861013710498809,0.9896185636520386,1.0002075672149657,1.0044913232326507,1.0141663134098053,1.0245585858821868,1.0324231803417205,1.0435833513736725,1.0513705253601073,1.06928790807724,1.0681344151496888,1.079840499162674,1.0942951500415803,1.092855566740036,1.1067428767681122,1.109372889995575,1.1134510338306427,1.1202129423618317,1.1294227361679077,1.1382474958896638,1.1498757183551789,1.153703010082245,1.1555396974086762,1.157915711402893,1.1716740787029267,1.1679196119308473,1.172030520439148,1.1781482994556427,1.1825882911682128,1.1910536885261536,1.1901975393295288,1.197103238105774,1.201814192533493,1.2027267038822174,1.2090943217277528,1.2112293899059297,1.2193075299263,1.2333764731884003,1.2225403428077697,1.2276406466960907,1.2329994797706605,1.2331104040145875,1.2405063569545747,1.243833976984024,1.2460853993892669,1.2468349993228913,1.246482914686203,1.2524076581001282,1.2543504536151886,1.255570411682129,1.2602904677391051,1.261451780796051,1.2703394949436189,1.266917532682419,1.2681594610214233,1.2734220564365386,1.2723443150520324,1.274740034341812,1.2796081721782684,1.2824928343296051,1.279704076051712,1.2829279243946075,1.2830551862716675,1.2863519370555878,1.2873778879642486,1.2884437322616578,1.290080338716507,1.2906729340553285,1.2922185778617858,1.296079123020172,1.295752489566803,1.2974162757396699,1.2983641803264618,1.2998917758464814,1.3000658571720123,1.303923374414444,1.3040894210338592,1.3036214232444763,1.303988754749298,1.3058244585990906,1.312054604291916,1.309508925676346,1.30839284658432,1.3152372658252716,1.312090927362442,1.3123972177505494,1.3122266769409179,1.3120863318443299,1.3160071551799775,1.3159648537635804,1.3208913326263427,1.3159867167472838,1.3165885150432586,1.3226579308509827,1.3164858222007751,1.319679868221283,1.324872189760208,1.3197518587112427,1.319023311138153,1.3195373296737671,1.3223334729671479,1.3308729588985444,1.3239804267883302,1.321626079082489,1.3229008138179779,1.3269243836402893,1.3254290640354156,1.3243089079856873,1.3262508630752563,1.3241415739059448,1.3261902034282684,1.325922465324402,1.3242793023586272,1.3262102782726288,1.3254660427570344,1.3259562849998474,1.3284224271774292
t_164,0.7066881209611893,0.6951624244451523,0.6985409617424011,0.687635600566864,0.6790151357650757,0.6728061348199844,0.6534897178411484,0.6380858898162842,0.6193791389465332,0.6120395839214325,0.5937563687562942,0.5777672678232193,0.5731301337480545,0.5511598259210586,0.541394853591919,0.514837709069252,0.494741290807724,0.46935753226280214,0.45882716178894045,0.4323717027902603,0.40473811477422716,0.3941659390926361,0.3695115402340889,0.33928183615207674,0.31717701256275177,0.3004447162151337,0.2795396760106087,0.2464180499315262,0.2247018836438656,0.20196624249219894,0.1694071926176548,0.1552025370299816,0.12862897515296937,0.10751229450106621,0.0895112194120884,0.0,0.08095828965306281,0.09760017320513725,0.11212451457977295,0.13292164877057075,0.14946183636784555,0.17470943704247474,0.2013160303235054,0.21569213196635245,0.2575440645217896,0.26418063789606094,0.2905822187662125,0.31282172352075577,0.34409226179122926,0.36564190983772277,0.38659352213144305,0.4117709070444107,0.43809873312711717,0.45814830660820005,0.4815699905157089,0.5108925610780716,0.5362174600362778,0.5559142768383026,0.567744916677475,0.5893563389778137,0.6185972452163696,0.6362365305423736,0.6533601462841034,0.673707127571106,0.6912300378084183,0.7129318118095398,0.7289961248636245,0.7483044624328613,0.7649396061897278,0.7830412894487381,0.7909589082002639,0.8112431079149246,0.8368539094924927,0.835298952460289,0.8546146482229233,0.8631789296865463,0.8781297922134399,0.8885883748531341,0.915740168094635,0.9178650110960007,0.9279728919267655,0.9417495280504227,0.95395567715168,0.9754312545061111,0.979088482260704,0.9899714708328247,0.9944653391838074,1.0044131577014923,1.015096014738083,1.0231978952884675,1.03467116355896,1.0426924586296082,1.0609612226486207,1.0599386811256408,1.071892464160919,1.0866115808486938,1.085303682088852,1.0994478523731233,1.102241003513336,1.106506484746933,1.1134128510951995,1.122830832004547,1.1318284690380096,1.143705415725708,1.1476400434970855,1.1495938181877137,1.152076357603073,1.1660370647907257,1.1623340666294097,1.1665583670139312,1.1728322327136993,1.1773833572864532,1.1859936714172363,1.1852135896682738,1.1922234892845154,1.1970609605312348,1.1980306327342987,1.2045231580734252,1.2067211806774139,1.214924430847168,1.2291364967823029,1.2182951986789703,1.2234808385372162,1.2289289712905884,1.229100775718689,1.2365563571453095,1.23997220993042,1.242278093099594,1.243079262971878,1.242765760421753,1.2487824618816377,1.2507737100124359,1.252030223608017,1.2568147659301758,1.2580142378807069,1.2669735074043273,1.26357758641243,1.2648512363433837,1.2701890885829925,1.2691486358642579,1.2715692579746247,1.2765195488929748,1.279408371448517,1.2766537845134736,1.2799104452133179,1.2800889968872071,1.2834084033966064,1.2844683885574342,1.2855875015258789,1.2872279703617096,1.287864911556244,1.2894374072551726,1.2933629035949707,1.2930419623851777,1.2947371363639832,1.2956867873668672,1.2972442924976348,1.2974521338939666,1.3013291716575623,1.301503324508667,1.3010806500911714,1.3014626562595368,1.3033037424087524,1.3095842182636261,1.3070480227470398,1.3059423625469209,1.312819743156433,1.309692394733429,1.310015070438385,1.3098627984523774,1.309725284576416,1.313691210746765,1.3136309742927552,1.3186023890972138,1.313693594932556,1.3143109500408172,1.3204171299934386,1.3142367064952851,1.3174443304538728,1.3226794719696044,1.3175317764282226,1.3168224692344666,1.3173481047153472,1.3201706767082215,1.3287500023841858,1.3218334674835206,1.3195066034793854,1.3208105087280273,1.3248443841934203,1.3233542263507843,1.322235256433487,1.324207365512848,1.3220871150493623,1.3241568982601166,1.3239128232002257,1.3222575426101684,1.3241933703422546,1.3234719276428222,1.3239938974380494,1.3264880776405334
t_163,0.7150437146425247,0.7034849315881729,0.706850117444992,0.6961221575737,0.6876140743494034,0.6814218074083328,0.6624678254127503,0.6471954643726349,0.6287306517362594,0.6214686006307601,0.6035051584243775,0.5876356989145279,0.5830717116594315,0.5613160908222199,0.5516773492097855,0.5255779176950455,0.5057012364268303,0.48053797632455825,0.4700890079140663,0.4439390778541565,0.4166594669222832,0.4061419263482094,0.3817178964614868,0.3519202694296837,0.3298482492566109,0.31312884092330934,0.29251851588487626,0.25942367836833,0.23778476491570472,0.2148743189871311,0.18211318626999856,0.16745323985815047,0.13978857100009917,0.11919975988566875,0.09691237546503544,0.08095828965306281,0.0,0.08984834738075734,0.10283968448638917,0.122728980332613,0.1380434013903141,0.16221632435917854,0.188983778655529,0.20348978713154792,0.2461282841861248,0.2512961685657501,0.27808367908000947,0.3004697307944298,0.33193192034959795,0.353756982088089,0.3746902018785477,0.4002739295363426,0.4270735517144203,0.4471586987376213,0.4708116427063942,0.5007237225770951,0.5264108151197433,0.5463065654039383,0.557991236448288,0.5800286173820496,0.6097283124923706,0.6275351822376252,0.6448927491903305,0.6655090689659119,0.6832293272018433,0.7052944153547287,0.7215206950902939,0.7411312937736512,0.7580074816942215,0.7763932466506958,0.7842930912971496,0.804934510588646,0.8309871554374695,0.8292614072561264,0.8488819867372512,0.8574906826019287,0.8726825654506684,0.8832445681095124,0.9108960449695587,0.9129406690597535,0.9231902599334717,0.9371533304452896,0.9495449185371398,0.9713326960802078,0.9750235706567765,0.9860373198986053,0.990550184249878,1.0006374835968017,1.0114524036645889,1.0196816802024842,1.0313066720962525,1.039427924156189,1.0579842984676362,1.0568961381912232,1.0690171480178834,1.083969348669052,1.082623291015625,1.0969767034053803,1.0997664272785186,1.1040872156620025,1.1110693991184235,1.1206278026103973,1.1297594547271728,1.1417990803718567,1.1457796335220336,1.1477582573890686,1.1502663850784303,1.1644419431686401,1.1606670081615449,1.1649185240268707,1.1712961792945862,1.1759016454219817,1.1846172213554382,1.1838220238685608,1.190931063890457,1.1958210587501525,1.1968113243579865,1.2033823668956756,1.2056054890155792,1.2139132797718049,1.2282994627952575,1.217317944765091,1.222565883398056,1.2280992031097413,1.2282548069953918,1.2358142733573914,1.2392525792121887,1.241585636138916,1.2423691868782043,1.2420744955539704,1.2481676101684571,1.2501684367656707,1.2514271557331085,1.2562808692455292,1.2574834644794464,1.266535472869873,1.2631156206130982,1.2643943309783936,1.2697849094867706,1.2687238693237304,1.271175742149353,1.276174294948578,1.2790906608104706,1.2763135075569152,1.279589182138443,1.279781812429428,1.283136135339737,1.2841960072517395,1.285330021381378,1.286988341808319,1.2876403212547303,1.289219504594803,1.2931958794593812,1.2928565680980681,1.2945635437965393,1.2955153703689575,1.2970908164978028,1.297293448448181,1.3012106716632843,1.3013902008533478,1.3009544134140014,1.3013351082801818,1.3031970322132111,1.3095242857933045,1.306973546743393,1.3058509886264802,1.31280158162117,1.309640896320343,1.3099669456481933,1.3097977936267853,1.3096620261669158,1.3136653363704682,1.313604599237442,1.3186137914657592,1.3136669516563415,1.3142940700054169,1.320456510782242,1.3142249226570129,1.3174555242061614,1.322725534439087,1.317542552947998,1.316817146539688,1.3173588156700133,1.3202037990093232,1.3288398027420043,1.3218839645385743,1.31954185962677,1.3208506464958192,1.3249196767807008,1.3234087347984314,1.3222884237766266,1.32429096698761,1.3221456170082093,1.3242384433746337,1.32400039434433,1.3223375380039215,1.3242914080619812,1.3235675513744354,1.3240977942943573,1.3266088008880614
t_162,0.7346394538879395,0.7235301405191421,0.7269014298915863,0.7164235770702362,0.7080868750810623,0.7022117048501968,0.6835864275693894,0.668700435757637,0.6506660997867584,0.6437002658843994,0.626039445400238,0.6105260699987411,0.6061750292778015,0.5850215196609497,0.5757327228784561,0.5501161336898803,0.5307919532060623,0.5062067955732346,0.49600389450788496,0.4705090582370758,0.44382905811071394,0.4334463864564896,0.4096002414822578,0.3803317338228226,0.3586655676364899,0.3422662436962128,0.32203232645988467,0.28907242715358733,0.2676821291446686,0.24462295621633529,0.21153533309698105,0.19633730724453927,0.16797330006957054,0.14570149034261703,0.11919744424521923,0.09760017320513725,0.08984834738075734,0.0,0.08668273985385895,0.10010697357356549,0.11376946754753589,0.13535805121064187,0.16035623103380203,0.17482057958841324,0.21717335134744645,0.22166429460048676,0.24807488545775414,0.270774145424366,0.30239434987306596,0.3245920196175575,0.3459190145134926,0.3716858133673668,0.39915652871131896,0.41965173929929733,0.4437320023775101,0.4744253113865852,0.500736977159977,0.521115517616272,0.5331367284059525,0.5557333707809449,0.5862218856811523,0.6045911937952042,0.6224051594734192,0.643623873591423,0.6618586719036103,0.6845060348510742,0.7012580960988999,0.7214513301849366,0.7388222962617874,0.757719886302948,0.7659915626049042,0.78712757229805,0.8138348698616028,0.8122328072786331,0.8323694199323655,0.8413611978292466,0.8569785594940186,0.8678613483905793,0.8961316406726837,0.8983864903450012,0.9089615106582641,0.9233042746782303,0.9360678732395172,0.9583299428224563,0.9622048377990723,0.9735793590545654,0.9783424496650696,0.9887116849422455,0.9998335540294647,1.0083590120077133,1.020277774333954,1.028619074821472,1.0475880801677704,1.0466432869434357,1.0590543150901794,1.0742785513401032,1.073061466217041,1.0877241492271423,1.0907037436962128,1.0951895117759705,1.1023376822471618,1.112128072977066,1.1214743435382843,1.1337482154369354,1.1378640174865722,1.1399726748466492,1.1426092445850373,1.1570253133773805,1.153302937746048,1.1577256739139556,1.1642388463020326,1.1689591765403748,1.1778607785701751,1.1771180331707,1.1843642592430115,1.1893771231174468,1.190440833568573,1.1971511006355287,1.1994525849819184,1.2079074442386628,1.222484052181244,1.2114504992961883,1.2167915225028991,1.2224499344825746,1.2226518034934997,1.2303298830986023,1.2338614642620087,1.2362662613391877,1.2370923519134522,1.2368482172489166,1.243030458688736,1.2450970590114594,1.2464043855667115,1.251351398229599,1.252598136663437,1.2617575168609618,1.2583479404449462,1.2596774399280548,1.2651322782039642,1.264119702577591,1.2666161417961121,1.271677428483963,1.274644237756729,1.271886944770813,1.2752058029174804,1.2754382014274597,1.2788291573524475,1.2799537181854248,1.2810960710048676,1.282798320055008,1.2834959983825684,1.2851099848747254,1.289134019613266,1.2888332426548004,1.2905632734298706,1.2915353000164032,1.2931507527828217,1.2933791756629944,1.2973357915878296,1.2975296199321746,1.297117418050766,1.2975195467472076,1.2994042932987213,1.3058214485645294,1.3032648801803588,1.3021328389644622,1.3091399013996123,1.305984777212143,1.3063490033149718,1.3061778843402863,1.3060639441013335,1.3101013720035553,1.3100499212741852,1.315109807252884,1.3101542115211486,1.3107860565185547,1.3170098423957826,1.3107430994510652,1.3140206277370452,1.3193398356437682,1.3141098320484161,1.3134145796298982,1.3139705240726471,1.3168375551700593,1.3255617678165437,1.318551880121231,1.3162101686000824,1.3175509452819825,1.3216507017612458,1.3201400935649872,1.3190284013748168,1.3210475623607636,1.3189177751541137,1.321026909351349,1.3208029747009278,1.3191396117210388,1.3211140275001525,1.3203808546066285,1.3209497451782226,1.3235308349132537
t_161,0.7479828387498856,0.737341758608818,0.7406470894813537,0.7302734166383743,0.7219928592443466,0.7164148718118668,0.6979293912649155,0.6832988232374191,0.6656822383403778,0.6588791906833649,0.6412420302629471,0.6261414557695388,0.6218961775302887,0.6012525469064712,0.5920528024435043,0.5665821343660354,0.5477283298969269,0.523636057972908,0.5136619210243225,0.4885981649160385,0.4621919184923172,0.45205451399087904,0.4284719482064247,0.3994199961423874,0.37817304730415346,0.3621376305818558,0.3419303923845291,0.3092138722538948,0.28814696818590163,0.2650321736931801,0.2319081947207451,0.2167922779917717,0.18789381980895997,0.16317179203033447,0.136793764680624,0.11212451457977295,0.10283968448638917,0.08668273985385895,0.0,0.09004232659935951,0.1003834541887045,0.11919837854802609,0.14242140278220178,0.15545280203223227,0.196403805911541,0.20230729654431343,0.2288213349878788,0.2507962353527546,0.2824394017457962,0.3045641899108887,0.32629252076148985,0.35251478254795077,0.37980335801839826,0.40073554366827013,0.4253665491938591,0.4561119213700294,0.4826753124594688,0.5033503502607346,0.5162305682897568,0.5392901182174683,0.5698584347963334,0.5886218249797821,0.606772831082344,0.6284036695957184,0.647256588935852,0.6700170576572418,0.6871517449617386,0.707706531882286,0.7252343863248825,0.7443394899368286,0.7531778603792191,0.7746029764413833,0.8013405710458755,0.8003127485513687,0.8206540554761886,0.8300936281681061,0.8459114998579025,0.8571916162967682,0.8854204267263412,0.8881608068943023,0.8989359259605407,0.913523456454277,0.9265675514936447,0.9488881230354309,0.9530399382114411,0.9645051509141922,0.9697401493787765,0.9802117109298706,0.9915277004241944,1.0002459943294526,1.0123354613780975,1.020819091796875,1.039751547574997,1.0391916632652283,1.0516748487949372,1.0668711364269257,1.0659505248069763,1.0806342363357544,1.0838716983795167,1.0885869562625885,1.0958263218402862,1.105680024623871,1.115065336227417,1.1273973643779756,1.1316266477108001,1.1339006006717682,1.1366758048534393,1.1510868310928344,1.147545975446701,1.1521196067333221,1.1586874961853026,1.1635358273983,1.1724648773670197,1.1718614876270295,1.17913276553154,1.1842335760593414,1.1854031920433044,1.1921570658683778,1.1945363104343414,1.2030328154563903,1.2175255954265594,1.20672367811203,1.2121002793312072,1.2177772104740143,1.2180907428264618,1.2257458925247193,1.2293416500091552,1.2318054735660553,1.2326932072639465,1.2325197398662566,1.2387278079986572,1.2408386826515199,1.2421913206577302,1.2471553564071656,1.2484444618225097,1.2575742244720458,1.2542765259742736,1.255649447441101,1.2611102223396302,1.260172587633133,1.262673956155777,1.2677476227283477,1.2707136511802672,1.2680416405200958,1.271377009153366,1.2716591775417327,1.2750497102737426,1.2762070953845979,1.2773755371570588,1.279084062576294,1.2798249781131745,1.2814587712287904,1.285480785369873,1.2852273523807525,1.2869640231132506,1.287942123413086,1.289582407474518,1.289842462539673,1.293791002035141,1.2940089046955108,1.2936299204826356,1.2940559029579162,1.2959548354148864,1.3023255348205567,1.2998236060142516,1.2987379908561707,1.3056944131851196,1.3025881052017212,1.3029742002487184,1.3028420388698578,1.3027424335479736,1.3067846179008484,1.3067290663719178,1.3117617905139922,1.3068608343601227,1.3075273036956787,1.3136920034885406,1.3075117290019989,1.3107595145702362,1.3160449385643005,1.3108914732933044,1.3102340161800385,1.3107956528663636,1.3136530756950378,1.322311943769455,1.3153703808784485,1.3130776405334472,1.314429247379303,1.3184829115867616,1.3170070469379425,1.3159188508987427,1.317958903312683,1.315842378139496,1.3179420590400697,1.3177406251430512,1.316108912229538,1.3180603563785553,1.3173576533794402,1.3179570615291596,1.3205119788646698
t_160,0.7646021485328675,0.7542343735694885,0.7575091600418091,0.7473451346158981,0.7392377316951751,0.7337753444910049,0.7156691908836365,0.701358100771904,0.6840561002492904,0.6773896902799607,0.6601159065961838,0.6452851563692092,0.6411646217107773,0.6209275990724563,0.6119641780853271,0.5870119422674179,0.5684575229883194,0.5448654592037201,0.5350733250379562,0.5103993460536003,0.4844378024339676,0.4745297387242317,0.4513636827468872,0.42262997627258303,0.4017069935798645,0.38584155291318895,0.3658104196190834,0.3334068194031715,0.3123240992426872,0.2895187005400658,0.25626380443573,0.24081171452999114,0.2108437515795231,0.1873300701379776,0.15784261822700502,0.13292164877057075,0.122728980332613,0.10010697357356549,0.09004232659935951,0.0,0.08510375469923019,0.10258336886763572,0.12125718109309673,0.13446415588259697,0.1742554359138012,0.17852695882320405,0.2044314682483673,0.22742121145129204,0.25863148272037506,0.2812932461500168,0.30312070101499555,0.32954508662223814,0.35732364654541016,0.37831661105155945,0.4033739745616913,0.43487785905599596,0.46216069608926774,0.48285979181528094,0.4957295686006546,0.5196598798036576,0.5507474720478058,0.5700017929077148,0.5883984416723251,0.6106083124876023,0.6299340397119522,0.6530509829521179,0.6705266326665879,0.6917833000421524,0.7096310913562774,0.7292306751012803,0.7382643073797226,0.7602047115564347,0.7873553991317749,0.7864316552877426,0.80724495947361,0.816967996954918,0.8331276625394821,0.8447250723838806,0.8735229969024658,0.8763270735740661,0.8873487174510956,0.9021649390459061,0.915613466501236,0.9383090138435364,0.9426210165023804,0.9544550776481628,0.9597502738237381,0.9705098360776901,0.9820710211992264,0.9910811662673951,1.0033270806074142,1.012086993455887,1.031402388215065,1.0308156162500381,1.04363294839859,1.0591021955013276,1.0582412779331207,1.0732104003429412,1.076542115211487,1.0813965439796447,1.0887335777282714,1.098871910572052,1.1084121584892273,1.1209245026111603,1.125256848335266,1.1276508510112762,1.1305443942546844,1.1452085018157958,1.141642189025879,1.146320778131485,1.1529846608638763,1.1579547286033631,1.1669896125793457,1.1664776086807251,1.1738548815250396,1.1790809214115143,1.1803324103355408,1.1871994853019714,1.1896410703659057,1.1982288420200349,1.2129446506500243,1.2020286917686462,1.2074661731719971,1.213290846347809,1.2136288404464721,1.2213927805423737,1.2249949872493744,1.2275147259235382,1.22845698595047,1.2283126890659333,1.23464292883873,1.2367614150047301,1.2381657421588899,1.2432038605213165,1.2445321083068848,1.253756469488144,1.2504499554634094,1.2518337607383727,1.2573602378368378,1.2564561903476714,1.2589931666851044,1.264142596721649,1.2671377897262572,1.2644687235355376,1.2678242564201354,1.2681394517421722,1.271550476551056,1.2727661728858948,1.2739446938037873,1.2756675899028778,1.276474153995514,1.278118234872818,1.2822083353996276,1.2819339036941528,1.2836786210536957,1.2847275912761689,1.2863745987415314,1.2866592586040497,1.290660458803177,1.2908774316310883,1.2905112326145172,1.2909580707550048,1.2928691387176514,1.29931600689888,1.296803778409958,1.2956931471824646,1.3027234256267548,1.2996191203594207,1.3000252008438111,1.299896425008774,1.2997945368289947,1.3038774728775024,1.3038241863250732,1.3089113891124726,1.3039774000644684,1.3046452045440673,1.3108775854110717,1.3046698987483978,1.3079600095748902,1.3133055448532105,1.3080718696117402,1.3074432730674743,1.3080212950706482,1.310897570848465,1.3196424543857574,1.3126412630081177,1.310350126028061,1.3117284536361695,1.3158133804798127,1.3143334567546845,1.3132302701473235,1.3153200030326844,1.3132085502147675,1.3153255581855774,1.315140998363495,1.313516080379486,1.3155033469200135,1.3147882878780366,1.3154104948043823,1.3180810153484344
t_159,0.7747373163700104,0.7646462857723236,0.7679164618253708,0.7578872889280319,0.7498692512512207,0.7446489036083221,0.7267624825239182,0.7126531273126602,0.6956758677959443,0.6892078459262848,0.6720679253339767,0.6575229644775391,0.6535579532384872,0.6337492346763611,0.6249991655349731,0.6003063023090363,0.5821515202522278,0.5589322090148926,0.5493281543254852,0.5251989334821701,0.49965287148952486,0.4898501753807068,0.46706621497869494,0.4388800010085106,0.41829847246408464,0.40271113961935046,0.38311795592308046,0.3509912952780724,0.3303083911538124,0.3075457900762558,0.27476081997156143,0.25918191373348237,0.2300386629998684,0.2054981365799904,0.17588011175394058,0.14946183636784555,0.1380434013903141,0.11376946754753589,0.1003834541887045,0.08510375469923019,0.0,0.08896644487977028,0.10685031116008759,0.11835114061832427,0.15686482414603234,0.16050730943679808,0.1859981507062912,0.20810089632868767,0.23942587822675704,0.261883419752121,0.2840026870369911,0.31055097877979276,0.33845773339271545,0.35971321165561676,0.3850191280245781,0.41682213842868804,0.4443380326032639,0.4655046507716179,0.4787904888391495,0.502908107638359,0.5345113724470139,0.5539750933647156,0.572781378030777,0.5953252524137497,0.6150598883628845,0.6385958313941955,0.6564396470785141,0.6779691427946091,0.696175828576088,0.7160083800554276,0.7253953069448471,0.7476708650588989,0.7753061294555664,0.7745350331068039,0.7956585347652435,0.8056421846151351,0.822087961435318,0.8339844435453415,0.8630951076745987,0.8661745697259903,0.8774197816848754,0.892567801475525,0.9062584578990937,0.9292689144611359,0.9337500482797623,0.9457097798585892,0.9513349771499634,0.9622379124164582,0.9740496188402176,0.9832248330116272,0.9957462072372436,1.0046307563781738,1.0241377830505372,1.0237990409135818,1.0367473661899567,1.052350491285324,1.0516685009002686,1.0668132543563842,1.0703054785728454,1.0753457069396972,1.082840222120285,1.0930687487125397,1.1027545154094696,1.1154604017734528,1.1199049830436707,1.1223962306976318,1.1253793954849243,1.1401738345623016,1.1367087960243225,1.1415104746818543,1.1482980012893678,1.1533631920814513,1.1625317871570586,1.162068623304367,1.1695401072502136,1.1748636960983276,1.176164013147354,1.1831176161766053,1.185627543926239,1.1943283200263977,1.2091081202030183,1.1982456028461457,1.2037822306156158,1.2096700072288513,1.2100573480129242,1.2178911328315736,1.2215809166431426,1.224161034822464,1.2251402854919433,1.2250455856323241,1.2314285397529603,1.2336061775684357,1.2350455462932586,1.2401301681995391,1.2414977371692657,1.2507774233818054,1.247503048181534,1.2489362001419066,1.2545180559158324,1.2536266684532165,1.2561914682388307,1.2613936185836792,1.2644132316112517,1.2617707252502441,1.2651843190193177,1.2655196845531465,1.268964296579361,1.2701921701431274,1.2714044511318208,1.27316734790802,1.2739881575107574,1.2756576895713807,1.2797813057899474,1.2795465290546417,1.2813120245933534,1.282355010509491,1.2840275049209595,1.2843357145786285,1.2883509159088136,1.2885910630226136,1.2882498323917388,1.2887020587921143,1.2906378507614136,1.297091442346573,1.2946097135543824,1.2935097754001617,1.30054669380188,1.2974699914455414,1.297884649038315,1.2977719247341155,1.2976814806461334,1.30179563164711,1.3017390966415405,1.306855422258377,1.3019134938716888,1.3026282131671905,1.308856737613678,1.3026627242565154,1.3059498369693756,1.3113206148147583,1.306093657016754,1.3054832458496093,1.3060730338096618,1.3089594721794129,1.3177213311195373,1.3107222199440003,1.308454567193985,1.3098503053188324,1.3139388918876649,1.312482190132141,1.3113866984844207,1.3134901642799377,1.3113800525665282,1.3135174095630646,1.3133424937725067,1.3117306232452393,1.3137160122394562,1.3130297124385835,1.313680398464203,1.3163643300533294
t_158,0.7902680814266205,0.7803025066852569,0.7835956066846848,0.773867842555046,0.7660497635602951,0.7609634935855866,0.743546211719513,0.7297558426856995,0.7131660014390946,0.7068989038467407,0.6902554959058762,0.6759729504585266,0.6721943914890289,0.6528274923563003,0.6443757027387619,0.6203932613134384,0.6026719242334366,0.5799169391393661,0.5705189198255539,0.5471140712499618,0.5221722811460495,0.5125191256403923,0.4902794361114502,0.4629258200526237,0.44257541447877885,0.42729451060295104,0.40823780596256254,0.37662820518016815,0.35633049309253695,0.333819217979908,0.30159173160791397,0.2861156493425369,0.25707689523696897,0.2325984314084053,0.20275727957487105,0.17470943704247474,0.16221632435917854,0.13535805121064187,0.11919837854802609,0.10258336886763572,0.08896644487977028,0.0,0.09013344012200833,0.10004861988127231,0.13773798421025277,0.13583730906248093,0.1603842481970787,0.1817048467695713,0.2129219204187393,0.23544706925749778,0.2571974642574787,0.28400551825761794,0.3127219706773758,0.33390379399061204,0.35954241156578065,0.3923096239566803,0.4205482259392738,0.4420111790299416,0.45491971969604494,0.47980246543884275,0.5123435601592063,0.5323629140853882,0.5514982402324676,0.5746101081371308,0.5946660727262497,0.6189920216798782,0.6373483896255493,0.6594947695732116,0.6782641798257828,0.6987771213054657,0.7082957744598388,0.731164300441742,0.7597965657711029,0.7587482750415802,0.7805181622505188,0.7907262653112411,0.8077203601598739,0.8198699653148651,0.8499631106853485,0.8529784321784973,0.8646035969257355,0.8801865339279175,0.8942305088043213,0.917984339594841,0.9225587248802185,0.9349111139774322,0.9406086891889572,0.9518885016441345,0.9640036731958389,0.9734740555286407,0.9863516181707382,0.9954375058412552,1.0155762553215026,1.015221005678177,1.0285039126873017,1.0445542514324189,1.043873918056488,1.0594297528266907,1.0630098402500152,1.0681640565395356,1.0758211016654968,1.0863510727882386,1.0963228285312652,1.1093803346157074,1.1139246642589569,1.116491675376892,1.1195659458637237,1.1347445845603943,1.131229931116104,1.1361331939697266,1.1431130290031433,1.1482818961143493,1.1576936185359954,1.157218611240387,1.1648774206638337,1.170321875810623,1.1716580748558045,1.1788012027740478,1.1813702702522277,1.1902805984020233,1.2053831934928894,1.1942979037761687,1.1999575734138488,1.2059957265853882,1.2063769578933716,1.2143930971622467,1.2181755781173706,1.2208131790161132,1.2217957139015199,1.2217380821704864,1.2282498121261596,1.2304813385009765,1.231932234764099,1.2371587693691253,1.238539695739746,1.2480072796344757,1.244687134027481,1.2461403965950013,1.2518204212188722,1.250950038433075,1.253570169210434,1.2588662683963776,1.26194167137146,1.2592728555202484,1.2627454221248626,1.2631089389324188,1.2666184246540069,1.2678943216800689,1.2691213607788085,1.2709383726119996,1.2717812776565551,1.273479276895523,1.2776977479457856,1.2774651229381562,1.2792527854442597,1.2803183317184448,1.2820173025131225,1.2823458790779114,1.2864246666431427,1.2866666972637177,1.2863282442092896,1.2867919147014617,1.2887630939483643,1.2953494369983674,1.2928231835365296,1.2916874051094056,1.2988558769226075,1.295736598968506,1.2961804270744324,1.2960366129875183,1.2959702968597413,1.3001404285430909,1.3000886976718902,1.3052828192710877,1.3002836167812348,1.301000440120697,1.3073484420776367,1.3010313212871552,1.3043880343437195,1.3098632216453552,1.3045397996902466,1.3039110600948334,1.3045223891735076,1.307462066411972,1.316355925798416,1.309258335828781,1.3069583415985107,1.308378767967224,1.3125420451164245,1.3110532581806182,1.3099607348442077,1.312092524766922,1.3099534928798675,1.312121170759201,1.3119541943073272,1.3103309571743011,1.3123294472694398,1.3116563141345978,1.3123230695724488,1.3150702476501466
t_157,0.8075618058443069,0.7981546610593796,0.8013790279626847,0.7918202310800553,0.7840960085391998,0.779293242096901,0.7620805442333222,0.7486540675163269,0.7325040638446808,0.7264491051435471,0.7099105209112168,0.6960906445980072,0.6924299955368042,0.6736397832632065,0.6653660535812378,0.6416835635900497,0.6244512528181076,0.6022913932800293,0.5931795120239258,0.5702268362045289,0.5457327097654343,0.5363837808370591,0.514615124464035,0.48757900297641754,0.46778389662504194,0.45291211158037187,0.4340466231107712,0.4029509902000427,0.38305712640285494,0.36087652295827866,0.3287760242819786,0.3135257676243782,0.28438533693552015,0.2597402215003967,0.22943832576274872,0.2013160303235054,0.188983778655529,0.16035623103380203,0.14242140278220178,0.12125718109309673,0.10685031116008759,0.09013344012200833,0.0,0.0827063899487257,0.1158311553299427,0.11402469612658024,0.1359853297472,0.15587863102555274,0.1855623319745064,0.2080904461443424,0.23003097772598266,0.256735310703516,0.28534292727708815,0.3069377362728119,0.3331045761704445,0.3660847648978233,0.3947309941053391,0.41633055061101915,0.4300846055150032,0.4556364730000496,0.4884128779172897,0.5089187920093536,0.5284955978393555,0.5521867364645004,0.5730356723070145,0.5975154250860214,0.6163114845752716,0.6391173392534256,0.6581566065549851,0.6790383845567703,0.6891724675893783,0.7125142335891723,0.7413192003965378,0.740876293182373,0.7630310237407685,0.7738006502389908,0.7911033540964126,0.8037325471639634,0.8340311408042907,0.8375315994024277,0.8494470685720443,0.8653342455625535,0.8798396319150925,0.9037683039903641,0.908679187297821,0.9213166326284409,0.9274784475564957,0.9389743447303772,0.9513861745595932,0.9611909955739975,0.974274754524231,0.9836211174726486,1.0038939028978349,1.003889226913452,1.017381626367569,1.0335340738296508,1.0331627786159516,1.0488942444324494,1.0527576565742494,1.0581968486309052,1.0659995198249816,1.0767118096351624,1.0868077218532561,1.0999721050262452,1.104687935113907,1.107466572523117,1.1107209086418153,1.1260124802589417,1.1226496040821075,1.1277586281299592,1.1348199486732482,1.140171080827713,1.1496329307556152,1.149353301525116,1.1570760428905487,1.162664133310318,1.1641382336616517,1.1713718175888062,1.1740597248077393,1.1830349028110505,1.1981928646564484,1.187247884273529,1.1929865717887878,1.1991107940673829,1.1996057033538818,1.207669085264206,1.2114975929260254,1.2142233371734619,1.2153040945529938,1.2153154551982879,1.2219038605690002,1.2241831839084625,1.2257205724716187,1.2309916853904723,1.23243505358696,1.2419099450111388,1.238682210445404,1.2402007460594178,1.2459081292152405,1.2451163530349731,1.2477773666381835,1.2530982315540313,1.2561965882778168,1.253616100549698,1.257101446390152,1.2575255513191224,1.26105477809906,1.2623779416084289,1.2636426448822022,1.2654702723026277,1.2663941562175751,1.2681218385696411,1.272364991903305,1.272164022922516,1.2739546656608582,1.2750832736492157,1.2767964422702789,1.2771699190139771,1.2812724232673645,1.2815301895141602,1.2812400996685027,1.2817313492298126,1.2837071597576142,1.2903027296066285,1.287823897600174,1.2867070257663726,1.2938690841197968,1.2908119678497314,1.291291320323944,1.291182816028595,1.2911399602890015,1.2953153192996978,1.2952637732028962,1.3004607856273651,1.295526772737503,1.296256387233734,1.3025764584541322,1.2963428378105164,1.2997004449367524,1.3051609575748444,1.2998611569404601,1.299294537305832,1.2999262809753418,1.3028443574905395,1.3117439448833466,1.3046878695487976,1.3024270296096803,1.3038646578788757,1.3080105900764465,1.3065519213676453,1.3054767966270446,1.307634139060974,1.3055268824100494,1.3077060997486114,1.3075731992721558,1.3059671700000763,1.3079900205135346,1.307328462600708,1.3080470561981201,1.3108629286289215
t_156,0.8155140072107315,0.8065391212701798,0.8097217977046967,0.8001694828271866,0.7924237459897995,0.7878825634717941,0.7706980347633362,0.7574065208435059,0.7415577530860901,0.7356414377689362,0.7189732164144516,0.7054972022771835,0.7019112586975098,0.6834518551826477,0.6752823412418365,0.6515795171260834,0.6347449243068695,0.6129561185836792,0.6040968298912048,0.5813883125782013,0.5571648597717285,0.5479697257280349,0.5264821797609329,0.49958527386188506,0.4802115857601166,0.4656232953071594,0.4470253258943558,0.41622750014066695,0.39676477313041686,0.3746905863285065,0.3427695035934448,0.3278032153844833,0.2991130411624908,0.27369684129953387,0.24362539499998093,0.21569213196635245,0.20348978713154792,0.17482057958841324,0.15545280203223227,0.13446415588259697,0.11835114061832427,0.10004861988127231,0.0827063899487257,0.0,0.10132010541856289,0.10546656511723995,0.1255850803107023,0.1433672711253166,0.17128022015094757,0.19308641403913498,0.2153816655278206,0.24196799099445343,0.2698677718639374,0.29207926988601685,0.3183253616094589,0.3508516147732735,0.3794098675251007,0.4013324201107025,0.41647981852293015,0.44186772853136064,0.4745505839586258,0.4951136469841003,0.515139676630497,0.5391233682632446,0.5605460584163666,0.5849025428295136,0.6040432512760162,0.6269748091697693,0.6461099058389663,0.6669252693653107,0.6776929318904876,0.7011985599994659,0.7298215508460999,0.7301486641168594,0.7522465825080872,0.763566929101944,0.7809116095304489,0.7938473224639893,0.8238668769598008,0.8279880374670029,0.8400923937559128,0.856179141998291,0.8708347290754318,0.8946460008621215,0.8998265445232392,0.9124865829944611,0.9192338466644288,0.9307347297668457,0.9433331370353699,0.9532509177923203,0.9664972931146621,0.9758794039487839,0.9959638684988021,0.9965376675128936,1.0099723219871521,1.025976225733757,1.025990402698517,1.041657167673111,1.0458259165287018,1.051489007472992,1.059446281194687,1.0701199114322661,1.080232208967209,1.0934254944324493,1.0982427775859833,1.101185804605484,1.104562246799469,1.1198177814483643,1.1166863799095155,1.1219690978527068,1.1290833294391631,1.1345362603664397,1.1440248847007752,1.1438610672950744,1.1516217648983003,1.1573193788528442,1.1588917076587677,1.166131329536438,1.1689248561859131,1.1779053866863252,1.192888069152832,1.1822617590427398,1.18805251121521,1.1941537797451018,1.1947786867618562,1.202794599533081,1.2067158639431,1.2094981610774993,1.210647189617157,1.2107278466224671,1.2173016369342804,1.2196431040763855,1.2212307512760163,1.2264893352985382,1.2279993414878845,1.237414002418518,1.2343225479125977,1.235886573791504,1.2416042506694793,1.2408735692501067,1.2435379683971406,1.2488695323467254,1.251962387561798,1.2494723796844482,1.25298815369606,1.2534512042999268,1.2569718182086944,1.2583399772644044,1.2596284449100494,1.2614967465400695,1.2624261498451232,1.2641902804374694,1.2683999717235566,1.2682817459106446,1.2700831294059753,1.2712008595466613,1.2729450285434722,1.2733569681644439,1.2774364411830903,1.277722668647766,1.2774637281894683,1.2779784739017486,1.2799724400043488,1.286489975452423,1.2840775668621063,1.2830341935157776,1.2901163220405578,1.2871230781078338,1.2876294136047364,1.2875528752803802,1.2875341176986694,1.291697120666504,1.2916695713996886,1.2968266010284424,1.2919374346733092,1.292716646194458,1.2989684522151947,1.2928383469581604,1.2961640298366546,1.3015739381313325,1.2963934540748596,1.2958506762981414,1.2964947760105132,1.2994012713432312,1.3081910133361816,1.301242607831955,1.2990275859832763,1.3004797101020813,1.3045892894268036,1.303168386220932,1.3021326541900635,1.3042761743068696,1.3022111117839814,1.3043820440769196,1.304257881641388,1.3026936292648315,1.3047010123729705,1.3040724575519562,1.3048230171203614,1.307605755329132
t_155,0.8390344530344009,0.8311823576688766,0.8342975527048111,0.8248040348291397,0.8170689851045608,0.8131458461284637,0.7960631608963012,0.7832198530435562,0.768126568198204,0.762601175904274,0.7456926941871643,0.7330472201108933,0.7296708047389984,0.7122227489948273,0.7041827768087388,0.6805719673633576,0.6646171361207962,0.6438635766506196,0.6355189234018326,0.6135172486305237,0.589831656217575,0.5812813699245453,0.5603645741939545,0.5338279575109481,0.5156027376651764,0.5019145146012306,0.4836964175105095,0.4536526814103127,0.43526622503995893,0.4137821957468987,0.3825745567679405,0.3683746486902237,0.3404999867081642,0.31383881270885466,0.2847600817680359,0.2575440645217896,0.2461282841861248,0.21717335134744645,0.196403805911541,0.1742554359138012,0.15686482414603234,0.13773798421025277,0.1158311553299427,0.10132010541856289,0.0,0.1019243411719799,0.11009867861866951,0.1215860765427351,0.14007171466946602,0.15922032669186592,0.18196545392274857,0.2073245093226433,0.23151203840970994,0.2550320699810982,0.2815723940730095,0.3122536584734917,0.340237694978714,0.36257047951221466,0.38137129247188567,0.4065402030944824,0.43835791349411013,0.45937484204769136,0.48039529472589493,0.5049190148711205,0.5279108494520187,0.5517630070447922,0.5717725604772568,0.5951142728328704,0.6143472552299499,0.6351597994565964,0.647725173830986,0.6715357571840286,0.6994595944881439,0.7020361989736557,0.7240314036607742,0.7367868065834046,0.7542787164449691,0.7682261675596237,0.7973024427890778,0.8031164884567261,0.8157476752996444,0.832311162352562,0.8474846959114075,0.8709412455558777,0.8769587486982345,0.8897265374660492,0.8980185329914093,0.9095573186874389,0.9226202458143234,0.9329563915729523,0.946519735455513,0.956143644452095,0.9756663799285888,0.9777590245008468,0.9910362780094146,1.006641685962677,1.007725328207016,1.0231670916080475,1.0281875640153886,1.034470546245575,1.0427525281906127,1.0533567011356353,1.0634928524494172,1.076690149307251,1.0818078339099884,1.085221242904663,1.0889744222164155,1.10396249294281,1.1015565693378448,1.1072704017162323,1.1144940555095673,1.1202041029930114,1.1296583712100983,1.1299368858337402,1.1376981377601623,1.1436387777328492,1.1454905688762664,1.1527396976947784,1.1557769656181336,1.1647552073001861,1.179211139678955,1.169501119852066,1.1753546297550201,1.1814141929149629,1.1823637306690216,1.1902340650558472,1.1943103194236755,1.197255802154541,1.1985898613929749,1.1988844394683837,1.205406165122986,1.2078835904598235,1.2096247315406798,1.2148209273815156,1.2164970576763152,1.2256657838821412,1.2230045080184937,1.2246830403804778,1.2303541719913482,1.2298355996608734,1.232524585723877,1.2378304481506348,1.2408722758293151,1.2386940598487854,1.242223471403122,1.2428095459938049,1.2462996780872344,1.2477446377277375,1.2490948796272279,1.2510469198226928,1.2520548284053803,1.2538709342479706,1.2579827666282655,1.258060908317566,1.259857839345932,1.2609935402870178,1.2627981841564178,1.263305115699768,1.2672866940498353,1.267645239830017,1.2674931466579438,1.2681037127971648,1.2701218903064728,1.276408952474594,1.2741916060447693,1.273314118385315,1.280136901140213,1.277374541759491,1.277958220243454,1.277962762117386,1.278029626607895,1.2820950150489807,1.2821164965629577,1.2871296763420106,1.2824504554271698,1.2833150982856751,1.2893324732780456,1.2835624158382415,1.28676580786705,1.292003720998764,1.2871283292770386,1.2866938650608062,1.2873602390289307,1.2901890873908997,1.2986581802368165,1.292054569721222,1.2899950742721558,1.2914689302444458,1.2954272270202636,1.294106650352478,1.2931671023368836,1.2953019917011261,1.293349152803421,1.2954767346382141,1.2954328775405883,1.2939742386341095,1.2959251761436463,1.2954027831554413,1.2962345898151397,1.2989821434020996
t_154,0.8407964587211609,0.832039812207222,0.8352308601140976,0.8261546283960343,0.8187811523675919,0.8144609034061432,0.798150172829628,0.7853757292032242,0.7701384484767914,0.76451016664505,0.7487849742174149,0.7357023030519485,0.7324014633893967,0.7147833168506622,0.7071209639310837,0.6846449673175812,0.6684646278619766,0.6475502371788024,0.6389783501625061,0.6174283772706985,0.594348418712616,0.585457319021225,0.5649299174547195,0.539422157406807,0.5207264065742493,0.5066703587770462,0.4890413209795952,0.45931963324546815,0.4404391050338745,0.4192495927214622,0.38876228779554367,0.37383839190006257,0.34593805819749834,0.3219380587339401,0.29232023656368256,0.26418063789606094,0.2512961685657501,0.22166429460048676,0.20230729654431343,0.17852695882320405,0.16050730943679808,0.13583730906248093,0.11402469612658024,0.10546656511723995,0.1019243411719799,0.0,0.08985192440450192,0.10570732019841671,0.12979049384593963,0.15011944994330406,0.16984406113624573,0.19583172872662544,0.22441279292106628,0.24513780176639557,0.2715740203857422,0.3059095025062561,0.3357880115509033,0.35764738619327546,0.3714005723595619,0.3982060715556145,0.4325859099626541,0.45400130152702334,0.4744472667574883,0.4993784070014954,0.5213106364011765,0.5472885400056839,0.5670683205127716,0.5912409245967865,0.6113796710968018,0.6335277497768402,0.6442905932664871,0.6690035253763199,0.6995603829622269,0.6991751909255981,0.7227559298276901,0.7342149317264557,0.7526396483182907,0.7662221223115921,0.7981750577688217,0.8020565003156662,0.8147886455059051,0.8316500544548034,0.8471685707569122,0.8724216669797897,0.8778148382902146,0.8912218421697616,0.898026043176651,0.9102077871561051,0.9234753429889679,0.9340058028697967,0.9478713184595108,0.9578909397125244,0.9792259484529495,0.9795036345720292,0.9937855333089829,1.010755145549774,1.010691437125206,1.0272779762744904,1.031533595919609,1.0374598324298858,1.0457484304904938,1.0570854008197785,1.067717844247818,1.0816096544265748,1.08667853474617,1.0897618055343627,1.0933440327644348,1.109333097934723,1.106041020154953,1.111525309085846,1.118985617160797,1.1247135758399964,1.1346063911914825,1.13451429605484,1.1426038503646851,1.1485591590404511,1.1502346873283387,1.1578090608119964,1.1607196509838105,1.170072966814041,1.185800176858902,1.1746772348880767,1.180699384212494,1.1871302247047424,1.1877465903759004,1.1961178719997405,1.200191503763199,1.203084272146225,1.2042822062969207,1.2044124543666839,1.211272668838501,1.2136817812919616,1.2153429806232452,1.22085343003273,1.2223978221416474,1.2321644008159638,1.2289440214633942,1.2305867552757264,1.2365028858184814,1.2357569336891174,1.2385449409484863,1.2440860986709594,1.2473133087158204,1.24473477602005,1.2483543574810028,1.2488714933395386,1.2525120019912719,1.2539425015449523,1.255307388305664,1.2572029829025269,1.2582509100437165,1.2600412786006927,1.2644318878650664,1.2642777025699616,1.266159999370575,1.2673454463481904,1.2691411912441253,1.2695724070072174,1.273792576789856,1.274104243516922,1.273853886127472,1.27439945936203,1.2764326751232147,1.2832175016403198,1.2807607173919677,1.2796170353889464,1.2869694232940674,1.283912581205368,1.2844268918037414,1.2843474328517914,1.28431738615036,1.2886269986629486,1.2885898351669312,1.2939114928245545,1.2889179944992066,1.2896962225437165,1.2961781919002533,1.289848166704178,1.2932833552360534,1.298893278837204,1.2934817552566529,1.2929662227630616,1.293629413843155,1.2966191649436951,1.3057164430618287,1.2985466361045837,1.29629425406456,1.297788178920746,1.302016830444336,1.300583577156067,1.299499160051346,1.3017508149147035,1.2996304869651794,1.3018616616725922,1.3017690479755402,1.300200068950653,1.3022628843784332,1.3016622841358185,1.3024638831615447,1.305438941717148
t_153,0.8543494492769241,0.8459911644458771,0.849162358045578,0.8402590990066529,0.8330279797315597,0.8289116382598877,0.8128454893827438,0.800402507185936,0.7855472147464753,0.7801302462816239,0.7645936578512191,0.7518589913845062,0.7487241148948669,0.7315986573696136,0.7241649001836776,0.702092069387436,0.6863676697015763,0.6660196214914322,0.6577123820781707,0.6367257714271546,0.6141313493251801,0.6055007487535476,0.5854998230934143,0.5605511605739594,0.5423655956983566,0.5287229031324386,0.5114940464496612,0.4824123427271843,0.46401395201683043,0.44323054403066636,0.4134090289473534,0.3987922415137291,0.3715026393532753,0.34767072051763537,0.31838316172361375,0.2905822187662125,0.27808367908000947,0.24807488545775414,0.2288213349878788,0.2044314682483673,0.1859981507062912,0.1603842481970787,0.1359853297472,0.1255850803107023,0.11009867861866951,0.08985192440450192,0.0,0.09252821318805218,0.10995013751089573,0.12839331105351448,0.14671771600842476,0.17107005715370177,0.19926958233118058,0.21961093619465827,0.24575789719820024,0.28010333329439163,0.31031235307455063,0.332359716296196,0.34629064053297043,0.37345764189958575,0.4083071619272232,0.43012090474367143,0.45085748136043546,0.4763354867696762,0.498736535012722,0.5250633448362351,0.5453729838132858,0.5701129496097564,0.5906848430633544,0.6132305771112442,0.6244616001844406,0.6495651721954345,0.6807049959897995,0.6805625408887863,0.7045505285263062,0.7165304481983185,0.735310509800911,0.7492551684379578,0.781724426150322,0.7859256893396378,0.7990175247192383,0.8162825733423233,0.8321683079004287,0.8578386813402176,0.8634978950023651,0.8772439181804657,0.8843943476676941,0.8968910485506058,0.9104730933904648,0.9212972611188889,0.9354820996522903,0.945693901181221,0.9673865228891373,0.9679178953170776,0.982449296116829,0.999644649028778,0.9998004108667373,1.0166555315256118,1.021159514784813,1.0273052036762238,1.0357617259025573,1.0473366498947143,1.0581556558609009,1.0722737908363342,1.0775007903575897,1.0807458996772765,1.0844788074493408,1.100719839334488,1.0975210964679718,1.1031820893287658,1.110797256231308,1.116666841506958,1.1267206788063049,1.126708483695984,1.1349453151226043,1.1410444676876068,1.142816859483719,1.150538969039917,1.153550672531128,1.163042163848877,1.178918719291687,1.1678250789642335,1.173938512802124,1.1805162489414216,1.1811973214149476,1.1896722733974456,1.1938395261764527,1.1968141973018647,1.1980677545070648,1.1982642769813538,1.20521582365036,1.207693636417389,1.2094191491603852,1.2150098502635955,1.2166296362876892,1.226479023694992,1.223302525281906,1.2249930799007416,1.2309828221797943,1.2302857220172883,1.2331274271011352,1.2387294471263885,1.2420117020606996,1.2394662261009217,1.2431509375572205,1.2437041699886322,1.2473760008811952,1.248872208595276,1.2502536654472352,1.252215600013733,1.2532920360565185,1.2551246285438538,1.2595766127109527,1.2594768285751343,1.2613596141338348,1.262584352493286,1.2644297301769256,1.2648831903934479,1.269149023294449,1.269482582807541,1.2692568242549895,1.2698297917842865,1.2718931496143342,1.2787378251552581,1.2762865602970124,1.2751587092876435,1.2825563549995422,1.2794995069503785,1.2800611674785614,1.2799960613250732,1.279992151260376,1.2843141078948974,1.2843099236488342,1.2896686971187592,1.2846833527088166,1.2854650974273683,1.2919932544231414,1.2856574475765228,1.2891225397586823,1.2947975039482116,1.2893491744995118,1.288856416940689,1.2895584166049958,1.2925441443920136,1.3017189860343934,1.2945290625095367,1.292279875278473,1.2937998533248902,1.2980690479278565,1.2966218769550324,1.2955668807029723,1.2978278040885924,1.2957345426082612,1.2979879796504974,1.2979061484336853,1.2963411927223205,1.2984331846237183,1.2978258013725281,1.2986645460128785,1.301710969209671
t_152,0.8655770987272262,0.8575973451137543,0.8607306391000747,0.8519561737775803,0.8447887629270554,0.8409533649682999,0.8250812143087387,0.8128567725419998,0.7983700126409531,0.7931444317102432,0.7777258217334747,0.7653665751218796,0.76232331097126,0.7456628531217575,0.7384004294872284,0.7165922611951828,0.7013105154037476,0.681399917602539,0.6733423113822937,0.6528390884399414,0.630693131685257,0.622242221236229,0.6026792764663697,0.5782029449939727,0.5604434758424759,0.5471835225820542,0.5303960472345353,0.5017664954066277,0.48390902280807496,0.4634494364261627,0.4341485947370529,0.4197999358177185,0.3932341307401657,0.36908254474401475,0.3405313268303871,0.31282172352075577,0.3004697307944298,0.270774145424366,0.2507962353527546,0.22742121145129204,0.20810089632868767,0.1817048467695713,0.15587863102555274,0.1433672711253166,0.1215860765427351,0.10570732019841671,0.09252821318805218,0.0,0.09272032715380192,0.10724429078400136,0.1253784105181694,0.147764902561903,0.1752849079668522,0.19534554705023766,0.22132844105362892,0.2556149438023567,0.28558291494846344,0.30791026800870896,0.32287083119153975,0.34987927228212357,0.3850869104266167,0.40707860589027406,0.42833576202392576,0.45413374453783034,0.47711133807897566,0.5038934484124183,0.524624441564083,0.5496092528104782,0.5705451428890228,0.5933569729328155,0.6052209466695786,0.630707848072052,0.6623251140117645,0.6626373499631881,0.6869923621416092,0.6994216203689575,0.7185717463493347,0.7329911172389985,0.7657031744718552,0.7704473912715912,0.7838443994522095,0.8015714973211289,0.817845419049263,0.8438229203224182,0.8497725427150726,0.8636992365121842,0.8714407444000244,0.8840946793556214,0.8980298578739166,0.9091254949569703,0.9236552000045777,0.9340640515089035,0.9559206366539001,0.9569582670927048,0.9716252952814102,0.9889402866363526,0.9894306361675262,1.0064544886350633,1.0112689048051835,1.0177229046821594,1.0264347523450852,1.0380978047847749,1.0491210520267487,1.0634765028953552,1.0688674747943878,1.0722690641880035,1.0761708557605743,1.0925511956214904,1.0895294010639192,1.0954049408435822,1.1031756818294525,1.1092145025730134,1.1194118142127991,1.1195236206054688,1.1278796792030334,1.1341580986976623,1.1360303342342377,1.1438531875610352,1.146976786851883,1.1565964639186859,1.1725231766700746,1.1615903556346894,1.1678285360336305,1.1744571805000306,1.1752434492111206,1.1837783753871918,1.1880820572376252,1.1911270380020142,1.192471408843994,1.192729014158249,1.1997606456279755,1.202325165271759,1.2040906488895415,1.2097520887851716,1.2114326059818268,1.2213407933712006,1.218263280391693,1.2199999511241912,1.2260597467422485,1.2254024863243103,1.2282911360263824,1.2339663982391358,1.2372640192508697,1.2347703933715821,1.2385125994682311,1.2391140282154083,1.2428421318531035,1.2443642437458038,1.2458107948303223,1.2477993011474608,1.2489243388175963,1.2507839500904083,1.2552591145038605,1.255210918188095,1.2571354687213898,1.2583702325820922,1.2602548718452453,1.2607431709766388,1.2650113701820374,1.2653908669948577,1.2651951134204864,1.2657921612262726,1.2678679823875427,1.274736511707306,1.2723281383514404,1.2712400913238526,1.2786322832107544,1.2756193995475769,1.2761931478977204,1.2761663615703582,1.2761750280857087,1.2805368423461914,1.2805292129516601,1.2859139382839202,1.280923569202423,1.2817579865455628,1.288286703824997,1.2819814145565034,1.2854605913162231,1.2911255180835723,1.2857284545898438,1.2852611243724823,1.2859795093536377,1.2889999389648437,1.298157525062561,1.29099161028862,1.2887842237949372,1.2903335213661193,1.2946003317832946,1.2931926488876342,1.292152190208435,1.2944351196289063,1.2923532485961915,1.2946279883384704,1.2945817112922668,1.293046623468399,1.2951493322849275,1.2945937395095826,1.2954830646514892,1.2985414624214173
t_151,0.8824637651443481,0.8750445634126663,0.8781457781791687,0.8695151746273041,0.8624237507581711,0.8588727355003357,0.8432641595602035,0.8313680022954941,0.817376333475113,0.8123626559972763,0.7970407038927079,0.785189014673233,0.7822856187820435,0.766204297542572,0.7591358810663223,0.7376787424087524,0.7229356437921524,0.7037131428718567,0.6959489852190017,0.6760149121284484,0.6543697953224182,0.6463251352310181,0.6272772431373597,0.6032710283994674,0.5861414313316345,0.5734080016613007,0.557013389468193,0.5291249364614486,0.5118616044521331,0.4919328510761261,0.4632068336009979,0.4494305714964867,0.4232498973608017,0.39919791370630264,0.37106224745512006,0.34409226179122926,0.33193192034959795,0.30239434987306596,0.2824394017457962,0.25863148272037506,0.23942587822675704,0.2129219204187393,0.1855623319745064,0.17128022015094757,0.14007171466946602,0.12979049384593963,0.10995013751089573,0.09272032715380192,0.0,0.08627081848680973,0.09988604113459587,0.11961079202592373,0.14378139227628708,0.16357577219605446,0.18936460465192795,0.22248890474438668,0.25243551954627036,0.274643337726593,0.2910687655210495,0.3182584524154663,0.35347321480512617,0.3757231652736664,0.39765285700559616,0.4240737438201904,0.44803879261016843,0.4747589588165283,0.4961238920688629,0.5217933431267738,0.5430730283260345,0.566252988576889,0.579023751616478,0.6050485908985138,0.636817780137062,0.6380960613489151,0.6628112405538559,0.6761086642742157,0.6956492096185685,0.7106942802667617,0.743568480014801,0.749111270904541,0.7630446404218674,0.7812344551086425,0.7979636937379837,0.8241752862930298,0.8306566894054412,0.8449258983135224,0.8534643411636352,0.8664191395044327,0.880797478556633,0.8922851234674454,0.9071708112955094,0.9178480982780457,0.939818149805069,0.9415655225515366,0.9564147502183914,0.9737929344177246,0.9748485833406448,0.9920469224452972,0.997327595949173,1.0041620314121247,1.0131284147500992,1.0249856203794478,1.0361799120903015,1.0507381200790404,1.0563370287418365,1.0600544035434722,1.0642322301864624,1.0807418763637542,1.0780478179454804,1.0842050075531007,1.0921320378780366,1.0983809292316438,1.1087022721767426,1.109049791097641,1.1175341069698335,1.1240281939506531,1.126076763868332,1.134019023180008,1.1373260617256165,1.1470556676387786,1.1629336714744567,1.1523208796977997,1.158662748336792,1.1653699040412904,1.1663249552249908,1.174900269508362,1.1793299317359924,1.182497465610504,1.183953434228897,1.184342509508133,1.1914211213588715,1.194083720445633,1.1959629714488984,1.201667720079422,1.2034528076648712,1.2133543372154236,1.210451853275299,1.212284415960312,1.21836376786232,1.2178401708602906,1.2207779288291931,1.2264775693416596,1.2298190355300904,1.2274577140808105,1.231235671043396,1.2319302260875702,1.2356684803962708,1.2372774124145507,1.2387428104877471,1.2408246517181396,1.2420051872730256,1.2439206957817077,1.2484142899513244,1.2484386920928956,1.25038400888443,1.2516678988933563,1.2536011815071106,1.254148894548416,1.2584278404712677,1.2588496565818788,1.2587134122848511,1.259332501888275,1.261457186937332,1.2682917356491088,1.2659604370594024,1.2649300873279572,1.27227264046669,1.2693414688110352,1.2699665665626525,1.269981825351715,1.2700340747833252,1.2743894338607789,1.274424171447754,1.2797835350036622,1.2748752951622009,1.2757574379444123,1.2822377979755402,1.2760478377342224,1.2795020639896393,1.2851546943187713,1.2798465967178345,1.2794348359107972,1.2801917254924775,1.283185112476349,1.2922902762889863,1.2852329313755035,1.2830708622932434,1.284637439250946,1.288872915506363,1.2875057697296142,1.2865166544914246,1.2888137459754945,1.2867960453033447,1.2890687584877014,1.289066982269287,1.2875697374343873,1.2896613717079162,1.2891406416893005,1.290072637796402,1.2931763410568238
t_150,0.8928333282470703,0.8857377290725708,0.8888054341077805,0.880309721827507,0.8732916325330734,0.8699413955211639,0.8545436799526215,0.8428801000118256,0.8292044401168823,0.8243403255939483,0.8091659307479858,0.7976320117712021,0.7948622196912766,0.7791880518198013,0.7722711801528931,0.751104336977005,0.7367668479681015,0.7179648607969285,0.7104472666978836,0.6909599810838699,0.6697344005107879,0.661891707777977,0.6432750344276428,0.6197223663330078,0.6030472457408905,0.5906419962644577,0.5746186286211014,0.5472908347845078,0.5304901272058486,0.5109236270189286,0.48274932205677035,0.46926923394203185,0.44373319000005723,0.4197698399424553,0.3922844067215919,0.36564190983772277,0.353756982088089,0.3245920196175575,0.3045641899108887,0.2812932461500168,0.261883419752121,0.23544706925749778,0.2080904461443424,0.19308641403913498,0.15922032669186592,0.15011944994330406,0.12839331105351448,0.10724429078400136,0.08627081848680973,0.0,0.09032887779176235,0.10496379323303699,0.1250004604458809,0.14429890140891075,0.16880860030651093,0.20100765451788902,0.23046141266822814,0.2525210097432137,0.2698826342821121,0.2968867227435112,0.3319907978177071,0.3544213116168976,0.3767496258020401,0.4034955635666847,0.427879111468792,0.454822364449501,0.47662917524576187,0.5026448830962181,0.5241845890879631,0.5476107031106949,0.5609324991703033,0.5873217582702637,0.6194687098264694,0.6211954474449157,0.646196472644806,0.6599752843379975,0.6798068165779114,0.6952944278717041,0.7284004032611847,0.734427323937416,0.7486815273761749,0.7672504663467408,0.7843441486358642,0.8108401775360108,0.8176215827465058,0.8320945709943771,0.8411873579025269,0.8543118685483932,0.8690230965614318,0.880773451924324,0.8959690988063812,0.9068209558725357,0.9289731025695801,0.9311675816774369,0.9461658656597137,0.9636676847934723,0.9650393605232239,0.9824092239141464,0.9879947245121002,0.9950890898704529,1.0042461156845093,1.0162533074617386,1.0275910586118697,1.0423522889614105,1.0481107532978058,1.0519973397254945,1.0563209354877472,1.072980946302414,1.0704525351524352,1.0767999589443207,1.0848696529865265,1.0912480056285858,1.101706326007843,1.102172303199768,1.1107633709907532,1.1173918008804322,1.11954185962677,1.1275747537612915,1.1309880018234253,1.1408268451690673,1.156730628013611,1.1462761342525483,1.1527104675769806,1.1594765961170197,1.160535591840744,1.1691672921180725,1.1736929833889007,1.1769409894943237,1.178455150127411,1.178922039270401,1.186068171262741,1.1887894511222838,1.1907329738140107,1.1964802026748658,1.1983280897140502,1.2082489848136901,1.2054480075836183,1.2073303759098053,1.213460099697113,1.213001197576523,1.2159684658050538,1.2217109024524688,1.2250840544700623,1.2227883994579316,1.2266062438488006,1.2273470640182496,1.2311107575893403,1.2327673017978669,1.2342746138572693,1.236396861076355,1.2376074731349944,1.2395659685134888,1.2440825283527375,1.2441530883312226,1.2461255669593811,1.2474289417266846,1.2493962228298188,1.249974799156189,1.2542746007442473,1.2547040700912475,1.2546140730381012,1.2552728831768036,1.2574076414108277,1.2642493426799775,1.261958932876587,1.2609593152999878,1.2683060586452484,1.2654018342494964,1.266066962480545,1.2661126017570496,1.266182965040207,1.2705679833889008,1.270619910955429,1.275978422164917,1.271100068092346,1.2720249056816102,1.2784898161888123,1.2723486721515656,1.275799995660782,1.2814664721488953,1.2761916041374206,1.2758082687854766,1.2765852570533753,1.279592800140381,1.2886694014072417,1.2816636264324188,1.2795397877693175,1.2811275541782379,1.2853661894798278,1.2840213119983672,1.2830600619316102,1.2853735208511352,1.283373975753784,1.2856554210186004,1.2857015073299407,1.284219092130661,1.2863290786743165,1.2858562767505646,1.2868288040161133,1.289948320388794
t_149,0.9024338871240616,0.8954530954360962,0.8985033303499221,0.8902096182107926,0.8833347827196121,0.8800660341978073,0.8650034904479981,0.8535708129405976,0.8401522606611251,0.8354086130857468,0.8205891251564026,0.8092290848493576,0.8065435260534286,0.7912059903144837,0.7845010191202164,0.7638483017683029,0.7497992008924484,0.7313709914684295,0.7239856868982315,0.7049920350313187,0.68423191010952,0.676507318019867,0.6583446353673935,0.6353982537984848,0.6190283507108688,0.6068893879652023,0.5913021385669708,0.5645449727773666,0.5480670779943466,0.5289627999067307,0.5014649704098701,0.4881915584206581,0.463160303235054,0.43984582722187043,0.41289945840835574,0.38659352213144305,0.3746902018785477,0.3459190145134926,0.32629252076148985,0.30312070101499555,0.2840026870369911,0.2571974642574787,0.23003097772598266,0.2153816655278206,0.18196545392274857,0.16984406113624573,0.14671771600842476,0.1253784105181694,0.09988604113459587,0.09032887779176235,0.0,0.08877057507634163,0.10860680863261223,0.12604985162615776,0.1477428585290909,0.18031975626945496,0.2097485676407814,0.23120049014687538,0.24739576280117034,0.27451900243759153,0.31037624925374985,0.33292501121759416,0.3552838176488876,0.3824559897184372,0.40681611746549606,0.4345470771193504,0.45659239292144777,0.4830409690737724,0.5051459848880768,0.5291315659880638,0.5423929125070572,0.5693452566862106,0.6025672405958176,0.6038218766450882,0.6295414686203002,0.6433676958084107,0.663750159740448,0.6794830441474915,0.7136564046144486,0.7195435583591461,0.734150904417038,0.7531478613615036,0.7706632405519486,0.7979147911071778,0.8047985911369324,0.8196581959724426,0.8288210332393646,0.842324075102806,0.8573738843202591,0.869455075263977,0.8850106507539749,0.8961524903774262,0.9189605712890625,0.9210570365190506,0.9364919930696487,0.954494309425354,0.9558408468961715,0.9737104773521423,0.9793470054864883,0.9866170138120651,0.9959862530231476,1.0083204418420793,1.0199521243572236,1.0350970327854156,1.0409914612770081,1.04497731924057,1.0494064390659332,1.0664896845817566,1.063875949382782,1.0703561842441558,1.0786231398582458,1.0851748168468476,1.095858782529831,1.0963380873203277,1.1051426947116851,1.1119332373142243,1.1141424477100372,1.1223849654197693,1.1258742928504943,1.1359189450740814,1.1522287487983705,1.1415124773979186,1.1480835199356079,1.1550351142883302,1.1561083972454071,1.1649288058280944,1.169563227891922,1.172867614030838,1.1744370877742767,1.174918568134308,1.1822318136692047,1.1850111782550812,1.1869972705841065,1.1928779661655426,1.1947592973709107,1.2049044132232667,1.202030885219574,1.2039563596248626,1.210199373960495,1.2097192525863647,1.212779313325882,1.2186328947544098,1.222075915336609,1.2197353065013885,1.223619818687439,1.2243737578392029,1.2282305121421815,1.2299165546894073,1.231468266248703,1.2336002826690673,1.2348777651786804,1.2368599891662597,1.2414748549461365,1.2415238678455354,1.2435516476631165,1.2448871552944183,1.246878045797348,1.2474696636199951,1.2518549382686615,1.2523109376430512,1.2522227883338928,1.2528817415237428,1.2550545513629914,1.2620388507843017,1.2597074031829834,1.258673757314682,1.2661710739135743,1.2632272779941558,1.2638873398303985,1.2639399409294128,1.2639996469020844,1.2684799313545227,1.2685028731822967,1.2739858746528625,1.2690300941467285,1.269957435131073,1.276553326845169,1.2703101754188537,1.2738249719142913,1.2795982301235198,1.2742113411426543,1.273837971687317,1.2746344447135924,1.2776861250400544,1.2869390726089478,1.2797906577587128,1.2776470839977265,1.2792521238327026,1.2835782825946809,1.282218760251999,1.281235146522522,1.2835904836654664,1.2815746545791626,1.2839048385620118,1.2839410305023193,1.2824566125869752,1.2846017360687256,1.2841281056404115,1.285128754377365,1.2883503079414367
t_148,0.914696553349495,0.9080458492040634,0.9110865890979767,0.9029557406902313,0.8962146520614624,0.8931203871965409,0.8783478230237961,0.8671709358692169,0.8540877819061279,0.8495155304670334,0.8349220961332321,0.8238782316446305,0.8213225454092026,0.8064186692237854,0.7999401837587357,0.7796785295009613,0.7660332143306732,0.7480969935655594,0.7409365028142929,0.7224357396364212,0.7022152781486511,0.6947035104036331,0.6770035862922669,0.6545941203832626,0.6386752754449845,0.6269036322832108,0.6117757022380829,0.5856440901756287,0.569631290435791,0.5509752303361892,0.5241556078195572,0.5111847311258316,0.48681031465530394,0.46394219547510146,0.43747288137674334,0.4117709070444107,0.4002739295363426,0.3716858133673668,0.35251478254795077,0.32954508662223814,0.31055097877979276,0.28400551825761794,0.256735310703516,0.24196799099445343,0.2073245093226433,0.19583172872662544,0.17107005715370177,0.147764902561903,0.11961079202592373,0.10496379323303699,0.08877057507634163,0.0,0.09211082458496093,0.1047583907842636,0.1236469179391861,0.1549447052180767,0.18392740711569786,0.20444685146212577,0.22051207050681115,0.2469590798020363,0.2834095984697342,0.3057313233613968,0.3284689724445343,0.3559830322861671,0.3806918501853943,0.4088736891746521,0.43125575929880144,0.4582228198647499,0.4807654619216919,0.505209444463253,0.5188215732574463,0.5462788313627243,0.5802417695522308,0.5816259354352951,0.6078807920217514,0.6221526831388473,0.6429974347352981,0.6591541916131973,0.6939965397119522,0.7002149254083634,0.7151858299970627,0.7346755892038346,0.7526672154664993,0.7804704517126083,0.7876303970813752,0.8029168307781219,0.812462317943573,0.8262895792722702,0.841783019900322,0.8542080253362656,0.8701347470283508,0.8816076785326004,0.904869768023491,0.9072407752275466,0.9230230838060379,0.9413296610116959,0.942918848991394,0.9611799836158752,0.967079958319664,0.9746281385421753,0.9842543870210647,0.9968633949756622,1.0087785422801971,1.0242561995983124,1.0303419053554534,1.0345172941684724,1.039124423265457,1.0565375566482544,1.0540098428726197,1.0607165098190308,1.0691960871219635,1.0759302854537964,1.0868040084838868,1.0874209702014923,1.0964219748973847,1.1033832907676697,1.1057064712047577,1.1141435384750367,1.1177533745765686,1.1279742181301118,1.1445662438869477,1.1338046610355377,1.1405200719833375,1.1476301014423371,1.148781841993332,1.1577413260936738,1.162514877319336,1.1659074544906616,1.1675721883773804,1.1681139826774598,1.175556617975235,1.1784125030040742,1.1804773211479187,1.1864762485027314,1.1884170711040496,1.1986890077590941,1.1958507657051087,1.1978504538536072,1.204204374551773,1.2037666141986847,1.206878477334976,1.2128477215766906,1.216362315416336,1.2140483021736146,1.2180157124996185,1.2188126564025878,1.2227238774299622,1.224492073059082,1.2260634362697602,1.2282609164714813,1.2295942187309266,1.2316092193126678,1.2362989783287048,1.2363937437534331,1.2384414672851562,1.2398378431797028,1.24187490940094,1.242493599653244,1.246936982870102,1.2474252045154572,1.2473613142967224,1.2480493068695069,1.2502476572990417,1.2573354363441467,1.2550055861473084,1.2539737284183503,1.2615471124649047,1.2586198210716248,1.2593097150325776,1.259392112493515,1.259455943107605,1.2639896869659424,1.2640295028686523,1.2695724487304687,1.264607733488083,1.2655673146247863,1.2722289919853211,1.2659419298171997,1.2695059835910798,1.275352907180786,1.2699192404747008,1.2695855259895326,1.270411229133606,1.273482358455658,1.2828446865081786,1.2756536304950714,1.2735145688056946,1.275140380859375,1.2795160472393037,1.2781776189804077,1.277205377817154,1.2796059668064117,1.2776018619537353,1.2799560129642487,1.2800192832946777,1.2785601317882538,1.280749225616455,1.2802932560443878,1.2813328385353089,1.2846512496471405
t_147,0.9291176736354828,0.9230768889188766,0.9260438084602356,0.91799256503582,0.9112833261489868,0.9085001587867737,0.8938393831253052,0.8829503446817398,0.8702919661998749,0.8658948838710785,0.8512612402439117,0.8407278716564178,0.8382725924253464,0.8238965392112731,0.8174966514110565,0.7973770290613175,0.7842339396476745,0.7668932288885116,0.7600096642971039,0.7419046968221664,0.7220172852277755,0.7149051696062088,0.6975544303655624,0.6754182547330856,0.6600984066724778,0.6488046437501908,0.6338586747646332,0.6083346277475357,0.5928296953439712,0.5746775507926941,0.5483443826436997,0.5359054237604142,0.5119590401649475,0.48889831602573397,0.4632599279284477,0.43809873312711717,0.4270735517144203,0.39915652871131896,0.37980335801839826,0.35732364654541016,0.33845773339271545,0.3127219706773758,0.28534292727708815,0.2698677718639374,0.23151203840970994,0.22441279292106628,0.19926958233118058,0.1752849079668522,0.14378139227628708,0.1250004604458809,0.10860680863261223,0.09211082458496093,0.0,0.08784561343491078,0.10317838564515114,0.128106876835227,0.1549062691628933,0.17378868758678437,0.19359491467475892,0.21956307888031007,0.25366546362638476,0.2764222487807274,0.29958114176988604,0.32731356024742125,0.3534357130527496,0.3806508228182793,0.40376001298427583,0.43110245317220686,0.4534627988934517,0.477919340133667,0.49308514446020124,0.5207544520497323,0.5540201455354691,0.5572810381650924,0.5834786623716355,0.5989457458257675,0.6199258089065551,0.6370279401540756,0.6711206525564194,0.6786454319953918,0.6940796196460723,0.7139428436756134,0.7324435412883759,0.7600114285945893,0.7678614795207978,0.7832950115203857,0.7940628230571747,0.8080059200525284,0.823892343044281,0.8367725938558579,0.8529665738344192,0.8646627366542816,0.887613844871521,0.8910812646150589,0.9068998873233796,0.9249818027019501,0.9274068683385849,0.9455648809671402,0.9521405279636384,0.9602131962776184,0.9700742334127426,0.9827671080827713,0.9947335928678512,1.0102635741233825,1.016611784696579,1.0211799889802933,1.0261242628097533,1.0434296369552611,1.0414252996444702,1.0485058188438416,1.0570576667785645,1.064083105325699,1.0749516308307647,1.0759388387203217,1.0849947214126587,1.0921739220619202,1.0947541296482086,1.103239017724991,1.107054305076599,1.1173269510269166,1.1335817515850066,1.1234713196754456,1.1302865862846374,1.1374006986618042,1.1388152897357942,1.1477080285549164,1.1525869607925414,1.1561343193054199,1.1579573631286622,1.1586826205253602,1.1661283671855927,1.1690953493118286,1.1712882757186889,1.177272915840149,1.1793610632419587,1.1895110249519347,1.1869622588157653,1.18907088637352,1.1954002857208252,1.1951597869396209,1.1982970774173736,1.2042607486248016,1.207759863138199,1.2056709408760071,1.209663563966751,1.210575169324875,1.2144671082496643,1.2163168847560883,1.217945283651352,1.2201846361160278,1.2215921461582184,1.2236707925796508,1.2283286213874818,1.2285385966300963,1.230599045753479,1.2320300698280335,1.2341057538986206,1.234828621149063,1.2392265021800994,1.239769345521927,1.2397711336612702,1.2405409395694733,1.2427581548690796,1.2497178792953492,1.247513073682785,1.2465989470481873,1.2540225565433503,1.2512545466423035,1.2520054936408997,1.2521476805210114,1.2522872745990754,1.2567821621894837,1.2568752229213715,1.2623150646686554,1.2575047731399536,1.258528232574463,1.265052616596222,1.2590202271938324,1.2625045716762542,1.2682700634002686,1.263027685880661,1.2627750873565673,1.2636344611644745,1.2666790962219239,1.2758435606956482,1.268870657682419,1.2668567597866058,1.2685231029987336,1.2728065371513366,1.2715433537960052,1.2706293642520905,1.2730640769004822,1.271130418777466,1.2734723448753358,1.2736050069332123,1.272219181060791,1.2743818700313567,1.2740063846111298,1.2751206517219544,1.2784301459789276
t_146,0.938734981417656,0.932754835486412,0.9356752961874009,0.9278230637311935,0.9212889671325684,0.9185204595327378,0.9042196184396744,0.8935395121574402,0.881107023358345,0.8767929136753082,0.8625869184732438,0.8522045582532882,0.8498075157403946,0.8357176184654236,0.8295101076364517,0.8099095612764359,0.7970157235860824,0.780017814040184,0.7732330679893493,0.7555603414773941,0.7361433058977127,0.7291542023420334,0.7122036010026932,0.6906079053878784,0.675617927312851,0.6645331621170044,0.6499322950839996,0.62495336830616,0.6096882104873658,0.5920004576444626,0.5662618815898895,0.5539553254842758,0.5304106384515762,0.5081613302230835,0.48290683329105377,0.45814830660820005,0.4471586987376213,0.41965173929929733,0.40073554366827013,0.37831661105155945,0.35971321165561676,0.33390379399061204,0.3069377362728119,0.29207926988601685,0.2550320699810982,0.24513780176639557,0.21961093619465827,0.19534554705023766,0.16357577219605446,0.14429890140891075,0.12604985162615776,0.1047583907842636,0.08784561343491078,0.0,0.09022798351943492,0.11287245750427247,0.1386077284812927,0.15538793951272964,0.17126337215304374,0.19789906963706017,0.23264257311820985,0.25531528145074844,0.277951779961586,0.30599716007709504,0.3321195036172867,0.36018453985452653,0.3831944540143013,0.4114052355289459,0.43415132313966753,0.45939937978982925,0.4742493391036987,0.5024684339761734,0.5368942797183991,0.5393956705927849,0.5666191339492798,0.5819329202175141,0.6035323649644851,0.6210125416517258,0.6563195586204529,0.6634889870882035,0.6792780220508575,0.699441546201706,0.7185521751642228,0.7469750344753265,0.7548950642347336,0.7708058476448059,0.7814429074525833,0.795857360959053,0.812083175778389,0.825375708937645,0.8418284624814987,0.8540042042732239,0.8777617841959,0.8808373630046844,0.8972667425870895,0.9160013765096664,0.9183010786771775,0.9370387405157089,0.9435860961675644,0.9518148303031921,0.9618252754211426,0.9749690413475036,0.9872491419315338,1.0031452029943466,1.009632521867752,1.0143039643764495,1.0193515568971634,1.0371200144290924,1.0349464416503906,1.0421263515949248,1.0508370518684387,1.0580599665641786,1.0691405653953552,1.0701969146728516,1.0794326305389403,1.0867617726325989,1.089412474632263,1.0981190204620361,1.1019807279109954,1.1124528408050538,1.1292562127113341,1.1187625646591186,1.1256881594657897,1.133039218187332,1.1344328701496125,1.1435508608818055,1.148477977514267,1.1520775854587555,1.1539810121059417,1.1547045588493348,1.1623687088489532,1.1653472304344177,1.1676194787025451,1.1737561166286468,1.1758543848991394,1.1862321376800538,1.1836052715778351,1.1857605278491974,1.1922171473503114,1.1919602274894714,1.1951872527599334,1.2012802004814147,1.2048876643180848,1.2027296125888824,1.2067862331867218,1.2077250719070434,1.2116986751556396,1.213602638244629,1.215267789363861,1.217501026391983,1.2190014660358428,1.2210937201976777,1.2258712947368622,1.2260288536548614,1.228144145011902,1.2296598315238954,1.2317560493946076,1.2324734330177307,1.2369873046875,1.2375384747982026,1.2375418066978454,1.2383272349834442,1.2405654311180114,1.2477050721645355,1.2454620063304902,1.2444555521011353,1.2520771622657776,1.2492481410503387,1.250003057718277,1.2501589596271514,1.2502631366252899,1.2548713028430938,1.2549328744411468,1.2605174601078033,1.2556130945682527,1.2566445231437684,1.2633268892765046,1.257137370109558,1.2607239067554474,1.266627126932144,1.2612036526203156,1.2609853148460388,1.2618505895137786,1.2649444937705994,1.2743458807468415,1.2671891510486604,1.2651515543460845,1.2668382346630096,1.27120441198349,1.2699312210083007,1.2689743638038635,1.2714669585227967,1.269521164894104,1.2718933939933776,1.272046983242035,1.2706445634365082,1.2728727400302886,1.272475117444992,1.2736152470111848,1.2770813047885894
t_145,0.9491088360548019,0.9433661490678787,0.9462817877531051,0.9385970532894135,0.9321862787008286,0.929573267698288,0.91556436419487,0.9051389485597611,0.8930171102285385,0.888870108127594,0.8749108225107193,0.8647858679294587,0.8625024378299713,0.8488234132528305,0.8428200453519821,0.8236544847488403,0.8111481666564941,0.7945670783519745,0.7880053043365478,0.7708294868469239,0.7519392460584641,0.7451050072908402,0.7286598891019821,0.7076817363500595,0.6930943369865418,0.6823034524917603,0.6682388693094253,0.6439056277275086,0.6291101306676865,0.611858120560646,0.5868423759937287,0.57484729886055,0.552159783244133,0.53031887114048,0.5056882470846176,0.4815699905157089,0.4708116427063942,0.4437320023775101,0.4253665491938591,0.4033739745616913,0.3850191280245781,0.35954241156578065,0.3331045761704445,0.3183253616094589,0.2815723940730095,0.2715740203857422,0.24575789719820024,0.22132844105362892,0.18936460465192795,0.16880860030651093,0.1477428585290909,0.1236469179391861,0.10317838564515114,0.09022798351943492,0.0,0.09621340818703175,0.11939519383013249,0.13246241360902786,0.1474365770816803,0.1712157905101776,0.20606239661574363,0.2281056150794029,0.251134467124939,0.2794273391366005,0.304912306368351,0.3339278131723404,0.35727746933698656,0.3855442747473717,0.4091255530714989,0.43476894348859785,0.4497060239315033,0.47835898250341413,0.5140144005417824,0.5162400841712952,0.5440471678972244,0.5596299469470978,0.5817634582519531,0.5995526880025863,0.6358560681343078,0.643169617652893,0.6593902587890625,0.6801944732666015,0.6996858835220336,0.7288765847682953,0.7370384335517883,0.7533221125602723,0.7643597662448883,0.7790966898202896,0.795799845457077,0.8094240456819535,0.8263835579156875,0.8387759983539581,0.8631677120923996,0.8665107935667038,0.8832859456539154,0.9024322658777237,0.9048760086297989,0.9241031408309937,0.930907917022705,0.9393716603517532,0.9497151553630829,0.9631351113319397,0.9757685452699661,0.9921215355396271,0.99879270195961,1.003585159778595,1.0088052153587341,1.0269875943660736,1.0248355865478516,1.0322574257850647,1.0412375211715699,1.0486295998096467,1.0599987268447877,1.0611047387123107,1.0705760955810546,1.0781181097030639,1.0808438599109649,1.089757400751114,1.093741524219513,1.1044729471206665,1.121627676486969,1.1109869241714478,1.1181096136569977,1.1256239354610442,1.1270611047744752,1.1363881707191468,1.1415024876594544,1.1451874315738677,1.1471316754817962,1.147925990819931,1.1557200253009796,1.1588146150112153,1.1611268162727355,1.167421418428421,1.1695840120315553,1.1801554024219514,1.177512091398239,1.1797353744506835,1.1863370180130004,1.186080849170685,1.1893986642360688,1.1956160843372345,1.199300879240036,1.1971306383609772,1.201290762424469,1.202250212430954,1.2063179552555083,1.2082778751850127,1.2099974751472473,1.2123092532157898,1.213834947347641,1.215970265865326,1.2208508372306823,1.2210332095623015,1.2232148766517639,1.2247490763664246,1.2268950700759889,1.227644693851471,1.2322323381900788,1.2328265011310577,1.2328440964221954,1.2336455762386322,1.2359318256378173,1.2432056963443756,1.2409460246562958,1.2399378716945648,1.2476903438568114,1.2448314547538757,1.2456214725971222,1.2457882702350616,1.24591121673584,1.2505941689014435,1.2506799280643464,1.2563508450984955,1.2514011144638062,1.2524460554122925,1.25925053358078,1.2529863834381103,1.2566305935382842,1.2626277565956117,1.2571264982223511,1.2569303572177888,1.2578230142593383,1.2609683394432067,1.270525825023651,1.2632619798183442,1.2612073063850402,1.2629216372966767,1.2673741698265075,1.266098642349243,1.2651460826396943,1.2676832497119903,1.2657208144664764,1.268147748708725,1.2683042585849762,1.2669168949127196,1.269190400838852,1.2688076853752137,1.2699746668338776,1.2735120475292205
t_144,0.964218533039093,0.9590859055519104,0.9619182646274567,0.9543385088443757,0.9479718446731568,0.9456776589155197,0.9318157821893692,0.9217008769512176,0.9100388616323472,0.9060882359743119,0.8921376019716263,0.8825245559215545,0.8803586214780807,0.8672583162784576,0.8613584965467453,0.8424382001161576,0.830448779463768,0.8145248711109161,0.808298921585083,0.7915983378887177,0.7731432169675827,0.7667219340801239,0.7507410883903504,0.7301484793424606,0.7162409394979476,0.7060091912746429,0.6922130137681961,0.6686236917972564,0.6544228553771972,0.6376984715461731,0.6134084522724151,0.6019074082374573,0.5798555552959442,0.5580896854400634,0.5343321740627289,0.5108925610780716,0.5007237225770951,0.4744253113865852,0.4561119213700294,0.43487785905599596,0.41682213842868804,0.3923096239566803,0.3660847648978233,0.3508516147732735,0.3122536584734917,0.3059095025062561,0.28010333329439163,0.2556149438023567,0.22248890474438668,0.20100765451788902,0.18031975626945496,0.1549447052180767,0.128106876835227,0.11287245750427247,0.09621340818703175,0.0,0.09644805453717709,0.10636192075908184,0.1258945468813181,0.14539351016283036,0.17567684054374694,0.19697679057717324,0.22032070606946946,0.2483573704957962,0.27525239288806913,0.3026783406734467,0.3264337360858917,0.35500478297472,0.3782459184527397,0.4036202818155289,0.42048227190971377,0.44908116906881335,0.48391578793525697,0.4884168982505798,0.5160240009427071,0.5329946428537369,0.5551820278167725,0.5739364266395569,0.6092113018035888,0.6182568192481994,0.6349541157484054,0.6561761170625686,0.6762150019407273,0.7051001191139221,0.7141224950551986,0.7305516809225082,0.7430251985788345,0.7579243808984757,0.7750817567110062,0.7891237646341324,0.8064228743314743,0.8191280901432038,0.843069314956665,0.8478211760520935,0.8645272016525268,0.8833781242370605,0.8868802517652512,0.9060030043125152,0.9135813534259796,0.9226904690265656,0.9333403170108795,0.9467864096164703,0.9594834595918655,0.9759184628725052,0.9829047709703446,0.9881554901599884,0.993744072318077,1.0118352711200713,1.0103317350149155,1.0181316018104554,1.0272756457328795,1.0349516034126283,1.0463324308395385,1.0478441298007966,1.0573896169662476,1.0652036845684052,1.0682126998901367,1.0772015392780303,1.0814290404319764,1.092194241285324,1.1089945793151856,1.0991163790225982,1.1063222289085388,1.1138547599315642,1.115608322620392,1.1248251140117644,1.130094403028488,1.133956825733185,1.1360879838466644,1.137084537744522,1.1449024200439453,1.1481140017509461,1.1505890011787414,1.15686594247818,1.1591737389564514,1.1696303844451905,1.167306864261627,1.1696690142154693,1.1762461006641387,1.1762054443359375,1.179539406299591,1.1857595026493073,1.1894537508487701,1.1875297844409942,1.1917254686355592,1.1927994668483735,1.1968536794185638,1.1989240288734435,1.2006810128688812,1.203077530860901,1.2046923756599426,1.2068928599357605,1.211701625585556,1.2120600044727325,1.2142509341239929,1.215828889608383,1.2180366277694703,1.2188908874988555,1.2234351813793183,1.2240800082683563,1.2241996467113494,1.2250692307949067,1.2273941397666932,1.2345362246036529,1.2324231326580048,1.231543916463852,1.239101415872574,1.2364401817321777,1.2372950911521912,1.2375566482543945,1.2377317607402802,1.2423887372016906,1.2425126254558563,1.2480958223342895,1.2433073222637177,1.2444420993328094,1.2510652720928193,1.2450709760189056,1.2486346781253814,1.2545317709445953,1.2492664575576782,1.249157041311264,1.2500875473022461,1.253182202577591,1.2625353515148163,1.2555292785167693,1.2535911858081819,1.2553463399410247,1.2596838474273682,1.2585135579109192,1.257643699645996,1.260187464952469,1.2583273649215698,1.260722714662552,1.260980451107025,1.2596562206745148,1.2619070947170257,1.2616018652915955,1.2628607749938965,1.2664198219776153
t_143,0.9766868054866791,0.971980768442154,0.9747677803039551,0.9673097610473633,0.9610115826129914,0.9589510828256607,0.9452822536230088,0.9354417979717254,0.9241700083017349,0.9204043239355088,0.9065294623374939,0.8973415613174438,0.8952821582555771,0.8826544910669327,0.8768852233886719,0.8582541793584824,0.84671930372715,0.8313198775053025,0.8253351718187332,0.8091096729040146,0.7910979598760605,0.7849376380443573,0.7693950176239014,0.7492594599723816,0.735853374004364,0.7260325282812119,0.7125883549451828,0.6896602839231492,0.6759757488965988,0.6597264528274536,0.6360322743654251,0.6249820500612259,0.603627872467041,0.5819745123386383,0.5590133309364319,0.5362174600362778,0.5264108151197433,0.500736977159977,0.4826753124594688,0.46216069608926774,0.4443380326032639,0.4205482259392738,0.3947309941053391,0.3794098675251007,0.340237694978714,0.3357880115509033,0.31031235307455063,0.28558291494846344,0.25243551954627036,0.23046141266822814,0.2097485676407814,0.18392740711569786,0.1549062691628933,0.1386077284812927,0.11939519383013249,0.09644805453717709,0.0,0.09415645897388458,0.11395593285560608,0.12610384933650493,0.1522312916815281,0.17222733944654464,0.19513424336910248,0.22172710970044135,0.2496266856789589,0.27596720308065414,0.300110886991024,0.3283223703503609,0.35151020288467405,0.37654213309288026,0.3948292925953865,0.4233983293175697,0.4580348566174507,0.4639695078134537,0.4914062932133675,0.5094098389148712,0.5317567497491836,0.5512377172708511,0.5860018640756607,0.5962549686431885,0.613436272740364,0.6351623952388763,0.6555794656276703,0.6844869256019592,0.6941114217042923,0.7107047826051712,0.7243737190961838,0.7393843799829483,0.7570166140794754,0.771437868475914,0.7891729176044464,0.8020590633153916,0.8259180873632431,0.8317367494106293,0.848478052020073,0.86724733710289,0.8714998841285706,0.8906594395637513,0.8988815784454346,0.9084834963083267,0.9194496512413025,0.9329881191253662,0.9458422154188156,0.9624917209148407,0.9697207540273667,0.9753275513648987,0.9812176585197449,0.9993577688932419,0.998293113708496,1.006473183631897,1.0157751083374023,1.0236937403678894,1.0352025091648103,1.0370025873184203,1.0466630637645722,1.0546954989433288,1.0579099595546722,1.0670036375522614,1.0714389562606812,1.0823198854923248,1.098943054676056,1.089569526910782,1.096911185979843,1.1044759452342987,1.1064438760280608,1.1156894385814666,1.1211249113082886,1.1251183807849885,1.1273920834064484,1.128534597158432,1.1363766074180603,1.1397271931171418,1.142317259311676,1.1486118972301482,1.1510477840900422,1.161469864845276,1.159385335445404,1.1618417501449585,1.1684664964675904,1.1685453295707702,1.171920245885849,1.1781912982463836,1.1818851411342621,1.1801371574401855,1.184392023086548,1.185546690225601,1.1896259188652039,1.1917538106441499,1.1935993671417235,1.1960668504238128,1.1977264702320098,1.199988639354706,1.2048077404499054,1.2052731394767762,1.2075014412403107,1.209095799922943,1.2113528430461884,1.2122803390026093,1.216815823316574,1.2175070643424988,1.2177066206932068,1.2186341106891632,1.220976287126541,1.2280571281909942,1.2260332584381104,1.2252509236335754,1.2327370405197144,1.230193305015564,1.2310733258724214,1.2313950955867767,1.2316158652305602,1.2362739324569703,1.236437302827835,1.2419814825057984,1.2372904300689698,1.2384846031665802,1.2450320661067962,1.2391932010650635,1.2427308917045594,1.2485669791698455,1.243462723493576,1.243415492773056,1.2443573772907257,1.2474544107913972,1.2566828608512879,1.2498362362384796,1.2479870319366455,1.249752026796341,1.2540633797645568,1.2529497861862182,1.2521568298339845,1.254694825410843,1.252893579006195,1.255303108692169,1.2556093454360961,1.2543466687202454,1.256598287820816,1.2563694298267365,1.2576922833919526,1.2612463533878326
t_142,0.9874650210142135,0.982949510216713,0.9856871068477631,0.978360065817833,0.9721742093563079,0.9701846659183502,0.9567748129367828,0.9471331834793091,0.9360887765884399,0.9323876887559891,0.9187683582305908,0.9097916305065155,0.9077895522117615,0.8954418718814849,0.88979651927948,0.8714964538812637,0.8602022290229797,0.8451627224683762,0.8393277525901794,0.8233909547328949,0.8057159572839737,0.7997794330120087,0.7845303893089295,0.7647446185350418,0.7516536384820938,0.742043748497963,0.7288410693407059,0.7064175307750702,0.6929645270109177,0.677160668373108,0.6538910806179047,0.6430989265441894,0.6219372302293777,0.6008509814739227,0.5782798290252685,0.5559142768383026,0.5463065654039383,0.521115517616272,0.5033503502607346,0.48285979181528094,0.4655046507716179,0.4420111790299416,0.41633055061101915,0.4013324201107025,0.36257047951221466,0.35764738619327546,0.332359716296196,0.30791026800870896,0.274643337726593,0.2525210097432137,0.23120049014687538,0.20444685146212577,0.17378868758678437,0.15538793951272964,0.13246241360902786,0.10636192075908184,0.09415645897388458,0.0,0.09924282431602478,0.10802948921918869,0.1267759919166565,0.14672673344612122,0.16839633285999298,0.19610279574990272,0.2239594854414463,0.24960273131728172,0.273701810836792,0.3031120628118515,0.3261392444372177,0.35194060653448106,0.37056785970926287,0.39966130554676055,0.4344072178006172,0.440717051923275,0.4688949421048164,0.4872674852609634,0.5101675912737846,0.5303595393896103,0.5657151758670806,0.5761290311813354,0.5937750250101089,0.6157004803419113,0.6369293183088303,0.6662588477134704,0.6762022525072098,0.6933894872665405,0.7072753340005875,0.7227852433919907,0.7407898098230362,0.7557976752519607,0.7736672133207321,0.7871580630540848,0.8114612966775894,0.8173205345869065,0.8346269458532334,0.8537950575351715,0.8582877516746521,0.8778637886047364,0.8862928003072739,0.8962238848209381,0.9073573857545852,0.9213296443223953,0.9344246745109558,0.9512909829616547,0.958758482336998,0.9646382212638855,0.9707687079906464,0.98923619389534,0.9882490843534469,0.9966079354286194,1.0060429602861405,1.0142744839191438,1.025874626636505,1.0279362797737122,1.0377434253692628,1.0459826588630676,1.0493693828582764,1.058660876750946,1.063232457637787,1.0742447674274445,1.0911831557750702,1.0817732989788056,1.0891960620880128,1.096981167793274,1.0990630686283112,1.1084275662899017,1.1138915359973907,1.118009126186371,1.1204316318035126,1.1216520011425017,1.1296665608882903,1.1330387890338898,1.1357510566711426,1.1421620190143584,1.1446709752082824,1.1551930069923402,1.1531707167625427,1.1557205617427826,1.1623893976211548,1.162574052810669,1.1660261690616607,1.172389966249466,1.1761595904827118,1.1744695842266082,1.1787621080875397,1.1799872934818267,1.1841160356998444,1.1863431870937347,1.1882176399230957,1.190674179792404,1.1924745976924895,1.1947561979293824,1.1996559798717499,1.2001132786273956,1.2023677229881287,1.2040918827056886,1.2063521504402162,1.20732524394989,1.2119302809238435,1.2126602530479431,1.2128742575645446,1.2138473272323609,1.2162241756916046,1.2233851313591004,1.2213886976242065,1.2205693900585175,1.2281399607658385,1.2256425857543944,1.2265471875667573,1.22690891623497,1.2271433413028716,1.2318684816360475,1.2320223689079284,1.237621933221817,1.2329546809196472,1.2341565191745758,1.2407721281051636,1.2349446892738343,1.2385234534740448,1.2444233238697051,1.2392386972904206,1.2392744660377502,1.2402377724647522,1.2433413982391357,1.2526757836341857,1.2457615375518798,1.2439626932144165,1.2457575023174285,1.2500812232494354,1.2490013360977172,1.2481846153736114,1.2508128702640533,1.2490126252174378,1.251449418067932,1.2517855942249299,1.2505564212799072,1.2528510391712189,1.2526202201843262,1.2539832770824433,1.2576566696166993
t_141,0.9913668125867844,0.986500284075737,0.9892633944749832,0.9822059541940689,0.9762714296579361,0.9740719735622406,0.9611240237951278,0.9516560792922973,0.9406350135803223,0.9369234323501587,0.9239738672971726,0.914887934923172,0.9129497438669205,0.9006116479635239,0.8952365756034851,0.8776387184858322,0.8663480401039123,0.8513861685991287,0.8455119252204895,0.8299667000770569,0.8127107381820678,0.8067300170660019,0.7918150842189788,0.7726689338684082,0.7595651775598526,0.7499538689851761,0.7370804071426391,0.7151792228221894,0.701719331741333,0.6863351285457611,0.6636463165283203,0.6528899371623993,0.6320457577705383,0.6122348040342331,0.5898221731185913,0.567744916677475,0.557991236448288,0.5331367284059525,0.5162305682897568,0.4957295686006546,0.4787904888391495,0.45491971969604494,0.4300846055150032,0.41647981852293015,0.38137129247188567,0.3714005723595619,0.34629064053297043,0.32287083119153975,0.2910687655210495,0.2698826342821121,0.24739576280117034,0.22051207050681115,0.19359491467475892,0.17126337215304374,0.1474365770816803,0.1258945468813181,0.11395593285560608,0.09924282431602478,0.0,0.09771156013011932,0.11992250643670559,0.13811222463846207,0.1556300029158592,0.18231807202100753,0.20717261508107185,0.23516388460993767,0.2582556203007698,0.2890086084604263,0.31288654506206515,0.340667624771595,0.35578483939170835,0.3860031604766846,0.42418034970760343,0.42597698122262956,0.4562069058418274,0.4729421764612198,0.4969796106219292,0.5165495872497559,0.5559625029563904,0.5636043578386307,0.5815121859312058,0.6037847995758057,0.6255603104829788,0.65708127617836,0.6664336651563645,0.6845952928066253,0.6966399818658828,0.7131543308496475,0.7314500600099564,0.7469316184520721,0.7651055872440338,0.7792005091905594,0.8058308273553848,0.8095601856708526,0.8282350957393646,0.8490735173225403,0.852329996228218,0.8733018487691879,0.8810071885585785,0.8906094014644623,0.9017879724502563,0.9167619556188583,0.9305137097835541,0.9481680721044541,0.9556388884782792,0.9613391071557998,0.9673574209213257,0.9870712518692016,0.9851795196533203,0.9933777570724487,1.0030783116817474,1.0114452481269836,1.0235668241977691,1.025315237045288,1.0355627596378327,1.0438993990421295,1.047148013114929,1.0569072127342225,1.061415922641754,1.072891104221344,1.0912657618522643,1.0803543508052826,1.0879854798316955,1.0962921023368835,1.0980590403079986,1.108032238483429,1.113483226299286,1.11759974360466,1.119930201768875,1.12102672457695,1.1294477224349975,1.1327907502651215,1.135487699508667,1.1422568082809448,1.1447009801864625,1.1558851540088653,1.1533260285854339,1.1558504760265351,1.1627999603748322,1.162817245721817,1.1664181172847747,1.1730208456516267,1.1770127713680267,1.17493394613266,1.1793671786785125,1.1805423617362976,1.1848415374755858,1.1871369540691377,1.1889983475208283,1.19144327044487,1.1932999908924102,1.1955822288990021,1.2008276283740997,1.2010457873344422,1.2033573031425475,1.2051931381225587,1.207469630241394,1.2083855748176575,1.2132788121700286,1.213979834318161,1.214077389240265,1.214994990825653,1.2174388766288757,1.2251367270946503,1.222874540090561,1.2217941462993622,1.2299397528171538,1.2271494150161744,1.2280059695243835,1.228285014629364,1.2284638047218324,1.2334238708019256,1.2335439622402191,1.2394798696041107,1.2344910144805907,1.2356222212314605,1.2427379369735718,1.2363577961921692,1.2401830971240997,1.246489667892456,1.240763211250305,1.2407422244548798,1.2417215347290038,1.2449816107749938,1.2550028860569,1.2474998652935028,1.2455312073230744,1.247330117225647,1.2519851982593537,1.2507561564445495,1.2498290181159972,1.2526041328907014,1.2506895840168,1.2532309949398042,1.2535370945930482,1.252208137512207,1.2546587228775024,1.254312413930893,1.2556713461875915,1.2596244156360625
t_140,0.9996235370635986,0.9951282382011414,0.9978565782308578,0.9909107834100723,0.9850367128849029,0.9830969393253326,0.970342031121254,0.9610752075910568,0.9504059851169586,0.9468950986862182,0.9340253531932831,0.9252866268157959,0.9234455674886703,0.9115853428840637,0.9063913941383361,0.8890620321035385,0.8782474368810653,0.8637701898813248,0.8581251353025436,0.8430714994668961,0.8263317435979843,0.8205137610435486,0.8061028897762299,0.7874871164560318,0.7748873978853226,0.7656703382730484,0.7533654689788818,0.7319889038801193,0.719175112247467,0.7041544079780578,0.682250314950943,0.6718158841133117,0.6520002514123917,0.6323354423046113,0.6107710003852844,0.5893563389778137,0.5800286173820496,0.5557333707809449,0.5392901182174683,0.5196598798036576,0.502908107638359,0.47980246543884275,0.4556364730000496,0.44186772853136064,0.4065402030944824,0.3982060715556145,0.37345764189958575,0.34987927228212357,0.3182584524154663,0.2968867227435112,0.27451900243759153,0.2469590798020363,0.21956307888031007,0.19789906963706017,0.1712157905101776,0.14539351016283036,0.12610384933650493,0.10802948921918869,0.09771156013011932,0.0,0.10251496993005275,0.11258022785186768,0.13072031289339064,0.15434106513857843,0.17822469472885133,0.2069544203579426,0.22984415739774705,0.25920704156160357,0.2840332671999931,0.3111624851822853,0.32718896120786667,0.35721173882484436,0.39668902605772016,0.39886600375175474,0.42918606102466583,0.4465129643678665,0.47085590958595275,0.49102080762386324,0.5303998053073883,0.5391653478145599,0.557539215683937,0.5807177901268006,0.6026157051324844,0.6347542941570282,0.644485953450203,0.6627487748861313,0.6760571092367172,0.6925500690937042,0.7115410983562469,0.7271749258041382,0.7461550563573838,0.7603115111589431,0.787066200375557,0.7919918686151505,0.8106334567070007,0.8315887689590454,0.8354469656944274,0.8566834062337876,0.8649688452482224,0.8750548779964447,0.886765393614769,0.901770144701004,0.915808442234993,0.9339687049388885,0.9417270511388779,0.9475909024477005,0.9538750320672988,0.9737914741039276,0.9722231358289719,0.9808333843946457,0.9908964902162551,0.9994265466928482,1.0118628084659576,1.0137486577033996,1.0242427051067353,1.0328495979309082,1.0362852573394776,1.0461759507656097,1.0508660674095154,1.062586784362793,1.0810387790203095,1.0704001843929292,1.0782721281051635,1.0866205453872682,1.0885842621326447,1.098643285036087,1.1044418454170226,1.1086718440055847,1.1111050307750703,1.1123274445533753,1.1208208441734313,1.1243535459041596,1.127128392457962,1.1339759945869445,1.1365483283996582,1.147811633348465,1.1454123079776763,1.1480542480945588,1.1551480174064637,1.1551690340042113,1.158885383605957,1.1656013309955597,1.169656127691269,1.1676577508449555,1.17221457362175,1.173428761959076,1.1778424620628356,1.1801587402820588,1.1821251451969146,1.1846900582313538,1.1865713357925416,1.1889435946941376,1.1941723763942718,1.1945388317108154,1.1969651520252227,1.1987548351287842,1.2011148035526276,1.202069526910782,1.2069844126701355,1.2077571332454682,1.2079496204853057,1.208916223049164,1.2113648414611817,1.219099909067154,1.2169191539287567,1.2159153938293457,1.224056112766266,1.2213138043880463,1.222232836484909,1.22255597114563,1.2227615356445312,1.2277572989463805,1.2279171705245973,1.2339005410671233,1.228912490606308,1.2301043391227722,1.2372293949127198,1.2309007108211518,1.2347392320632935,1.2410650372505188,1.2354068160057068,1.2354027152061462,1.2364174664020537,1.2397201478481292,1.2497548580169677,1.2422917783260345,1.2403291642665863,1.242189484834671,1.2468650758266449,1.2456992626190186,1.2448115527629853,1.2475610494613647,1.2456668496131897,1.2482506871223449,1.2485877871513367,1.247289490699768,1.2497742295265197,1.2494980216026306,1.2508944749832154,1.25486478805542
t_139,1.0164329349994659,1.0124917536973954,1.0151317417621613,1.0082820415496827,1.0024674147367478,1.0007664680480957,0.9881666243076325,0.9792207688093185,0.9689747542142868,0.9656102776527404,0.9528051227331161,0.9445262253284454,0.9427686721086502,0.9314054876565934,0.9262622088193894,0.9091954052448272,0.8988284885883331,0.8849255323410035,0.8795563668012619,0.8648871958255768,0.8484941780567169,0.8430887877941131,0.8290391892194748,0.8107355296611786,0.7987322956323624,0.789951404929161,0.777784675359726,0.7571427822113037,0.74475756585598,0.7303051441907883,0.7089039236307144,0.6990094900131225,0.6796027839183807,0.6600884467363357,0.6392276406288147,0.6185972452163696,0.6097283124923706,0.5862218856811523,0.5698584347963334,0.5507474720478058,0.5345113724470139,0.5123435601592063,0.4884128779172897,0.4745505839586258,0.43835791349411013,0.4325859099626541,0.4083071619272232,0.3850869104266167,0.35347321480512617,0.3319907978177071,0.31037624925374985,0.2834095984697342,0.25366546362638476,0.23264257311820985,0.20606239661574363,0.17567684054374694,0.1522312916815281,0.1267759919166565,0.11992250643670559,0.10251496993005275,0.0,0.09503816664218903,0.10357562862336636,0.1257013626396656,0.14917112216353418,0.17245458960533142,0.19591281637549401,0.22520434483885765,0.24854312986135482,0.275355239212513,0.29403138607740403,0.3234036237001419,0.36083047837018967,0.36627828776836396,0.3960222005844116,0.4151566788554192,0.43950011730194094,0.46100152730941774,0.4988790422677994,0.5094537660479546,0.5284482911229134,0.5518272817134857,0.5746036469936371,0.606082484126091,0.616947227716446,0.6355276554822922,0.6504002690315247,0.6672438025474549,0.6866490781307221,0.7030349135398865,0.7221672862768174,0.7368377804756164,0.7631970286369324,0.7695162266492843,0.7882745832204818,0.8089748114347458,0.8140178620815277,0.8351407319307327,0.8443702667951584,0.8551766872406006,0.8671576648950576,0.8823718428611755,0.896487683057785,0.9146234661340713,0.9227390199899673,0.9292618572711945,0.9360401093959808,0.9558592766523362,0.9550119161605835,0.9640758812427521,0.9742232829332351,0.9831736087799072,0.9955406248569488,0.9980128467082977,1.008543610572815,1.0174461364746095,1.0212337672710419,1.031224936246872,1.0362378120422364,1.047957867383957,1.0660407423973084,1.0562489449977874,1.0641837775707246,1.0726158499717713,1.0749300479888917,1.0849172651767731,1.0907792031764985,1.0952226161956786,1.0979241907596589,1.0993886113166809,1.1079445660114289,1.1115760326385498,1.1145597577095032,1.1214219748973846,1.1241561591625213,1.1352654635906219,1.1332659661769866,1.1360412776470183,1.1430972814559937,1.143413496017456,1.147141456604004,1.1538662254810332,1.1579128205776215,1.1562414765357971,1.1607887268066406,1.1621639430522919,1.1665502607822418,1.1690236747264862,1.1710286557674408,1.1736406862735749,1.1756545066833497,1.178081399202347,1.1833140850067139,1.18382089138031,1.1862203478813171,1.1881167531013488,1.1905211925506591,1.1916121006011964,1.1965006709098815,1.197325599193573,1.1976226687431335,1.198673677444458,1.2011815547943114,1.2087616145610809,1.206717026233673,1.2058560073375701,1.2138189911842345,1.2112986087799071,1.2122820556163787,1.2127068936824799,1.2129963219165802,1.2179656207561493,1.2181631326675415,1.2240331828594209,1.219279807806015,1.2205332696437836,1.2274869918823241,1.2214639484882355,1.2252394676208496,1.2314584493637084,1.2260304749011994,1.2261692881584167,1.2272214114665985,1.2304534673690797,1.2402552604675292,1.2330908834934236,1.2313022911548615,1.2331864297389985,1.237730211019516,1.2366816520690918,1.2358744978904723,1.238678640127182,1.2369041562080383,1.239457404613495,1.2398965895175933,1.2386966407299043,1.24115891456604,1.2409555613994598,1.242448365688324,1.246438843011856
t_138,1.0241201043128967,1.020383244752884,1.022983717918396,1.0162426590919496,1.0105144441127778,1.0089131265878677,0.9965246558189392,0.9877486735582351,0.9777511984109879,0.9745087087154388,0.9618417263031006,0.9538120955228806,0.952101594209671,0.9410389989614487,0.9360367029905319,0.9192587941884994,0.909203764796257,0.8956508040428162,0.8904671847820282,0.8761424511671067,0.8601637154817581,0.8548762887716294,0.841208764910698,0.8233190923929214,0.8116557359695434,0.8031345844268799,0.7913424015045166,0.7712249279022216,0.7591877847909927,0.7450824290513992,0.7242210805416107,0.7145608365535736,0.6957127332687378,0.676588723063469,0.6562958508729935,0.6362365305423736,0.6275351822376252,0.6045911937952042,0.5886218249797821,0.5700017929077148,0.5539750933647156,0.5323629140853882,0.5089187920093536,0.4951136469841003,0.45937484204769136,0.45400130152702334,0.43012090474367143,0.40707860589027406,0.3757231652736664,0.3544213116168976,0.33292501121759416,0.3057313233613968,0.2764222487807274,0.25531528145074844,0.2281056150794029,0.19697679057717324,0.17222733944654464,0.14672673344612122,0.13811222463846207,0.11258022785186768,0.09503816664218903,0.0,0.09078472852706909,0.10792772136628628,0.1285121202468872,0.15034862831234933,0.17163212299346925,0.2001694105565548,0.22394933551549911,0.2502168618142605,0.26867184042930603,0.2985634580254555,0.3366922318935394,0.3422233209013939,0.37234452068805696,0.39176612049341203,0.4162478744983673,0.4382342889904976,0.4766489639878273,0.48782279938459394,0.5072434023022652,0.531167908012867,0.554371976852417,0.5862956404685974,0.5975191712379455,0.6163246423006058,0.632006698846817,0.6489821076393127,0.6689998030662536,0.6856700897216796,0.7053177326917648,0.720302751660347,0.7470045238733292,0.753875869512558,0.7729144841432571,0.7938961386680603,0.7993193686008453,0.8208568662405014,0.8303679376840591,0.8416011065244675,0.8540264904499054,0.8693864494562149,0.8838013231754303,0.9023841708898545,0.9107527047395706,0.9174628138542176,0.9244520425796509,0.9445979535579682,0.943909752368927,0.9533061921596527,0.9636698216199875,0.9728756487369538,0.9855133533477783,0.9881163865327836,0.9989016741514206,1.0080592572689056,1.0120194971561431,1.022201669216156,1.027350777387619,1.0392808616161346,1.0576297044754028,1.0478803932666778,1.056020325422287,1.0645866572856904,1.0670364141464233,1.077150934934616,1.0832249641418457,1.0877720892429352,1.09057697057724,1.0921518445014953,1.1008179664611817,1.1045640707015991,1.107650625705719,1.1146283507347108,1.117451822757721,1.1287067234516144,1.1267542004585267,1.129650604724884,1.1368305385112762,1.1371622920036315,1.140997874736786,1.147819495201111,1.1519498705863953,1.1503059923648835,1.1549740970134734,1.1563879787921905,1.1608604073524476,1.1633863270282745,1.1654534816741944,1.168160480260849,1.1702074229717254,1.1727164030075072,1.177962851524353,1.178543931245804,1.1810170888900757,1.1829512596130372,1.1854125678539276,1.186534547805786,1.1914685010910033,1.1923437476158143,1.1926894187927246,1.1937700748443603,1.1962995767593383,1.203979629278183,1.2019707083702087,1.2011137545108794,1.2091395020484925,1.2066552817821503,1.207672369480133,1.208136010169983,1.208433496952057,1.2134635686874389,1.2136642336845398,1.2196145057678223,1.2148501515388488,1.216155207157135,1.2231558978557586,1.2171427249908446,1.2209673941135406,1.2272330224514008,1.2217826783657073,1.2219689607620239,1.223049920797348,1.226304143667221,1.2362204313278198,1.2290010750293732,1.2272246897220611,1.2291442513465882,1.2337386548519134,1.2327311992645265,1.2319373905658721,1.2347755968570708,1.2330159783363341,1.235611665248871,1.2360787272453309,1.2349053919315338,1.2374309360980988,1.2372486889362335,1.2387731671333313,1.2428601205348968
t_137,1.0329220235347747,1.0292889475822449,1.0318491160869598,1.0252613484859467,1.0196610391139984,1.0180822491645813,1.0059523940086366,0.9973840981721878,0.9875724196434021,0.9844021648168564,0.9720217198133468,0.9641578465700149,0.9624871641397477,0.9516718536615372,0.9467917680740356,0.9304028421640396,0.9205321639776229,0.9072632849216461,0.9021629691123962,0.888158130645752,0.8725015848875046,0.8673678278923035,0.8539657086133957,0.8364627301692963,0.8250382781028748,0.8167053371667862,0.8051019102334976,0.7854680418968201,0.7736152112483978,0.7598961144685745,0.7395033091306686,0.730063396692276,0.7115289092063903,0.6929164946079254,0.673041570186615,0.6533601462841034,0.6448927491903305,0.6224051594734192,0.606772831082344,0.5883984416723251,0.572781378030777,0.5514982402324676,0.5284955978393555,0.515139676630497,0.48039529472589493,0.4744472667574883,0.45085748136043546,0.42833576202392576,0.39765285700559616,0.3767496258020401,0.3552838176488876,0.3284689724445343,0.29958114176988604,0.277951779961586,0.251134467124939,0.22032070606946946,0.19513424336910248,0.16839633285999298,0.1556300029158592,0.13072031289339064,0.10357562862336636,0.09078472852706909,0.0,0.09439717680215835,0.10990121774375439,0.12962419763207436,0.1509261131286621,0.1796322226524353,0.20233361050486565,0.22943932861089705,0.2473836250603199,0.27675757110118865,0.3158642753958702,0.3200693801045418,0.3509349912405014,0.37028596103191375,0.3954894974827766,0.41762461960315705,0.4572684869170189,0.46780004799366,0.4875490337610245,0.5116920441389083,0.5355726405978203,0.5683150082826615,0.5796856641769409,0.5991588771343231,0.6145670592784882,0.6321923762559891,0.6525396853685379,0.6698171228170395,0.6896666169166565,0.7051596403121948,0.7328198403120041,0.7392847567796708,0.7590705662965774,0.7807551473379135,0.7861224353313446,0.8082762092351914,0.8178736746311188,0.8293025076389313,0.8418202459812164,0.8578163474798203,0.8725814163684845,0.8914968192577362,0.9000588744878769,0.9069853335618973,0.914157709479332,0.9348792046308517,0.934082743525505,0.9436143934726715,0.9541845113039017,0.9636475294828415,0.9764941722154618,0.9792405724525451,0.990238681435585,0.9996058285236359,1.0036717921495437,1.0141538202762603,1.0194199919700622,1.0315883219242097,1.0504596054553985,1.0404134035110473,1.048679232597351,1.0575322091579438,1.0600008726119996,1.0703806161880494,1.0765003085136413,1.0811582028865814,1.0840470135211944,1.0856729090213775,1.09456667304039,1.0983549416065217,1.1015340209007263,1.1086856305599213,1.1115706861019135,1.1230488836765289,1.1210590422153472,1.1240012049674988,1.1313042223453522,1.1316854417324067,1.1356311440467834,1.1425609767436982,1.1467932283878326,1.145118647813797,1.1498483061790465,1.1513124585151673,1.1558599829673768,1.1584756016731261,1.1605746388435363,1.1632856249809265,1.165444052219391,1.1679771482944488,1.173388773202896,1.1739232957363128,1.1764127671718598,1.1784703075885772,1.1809546232223511,1.1820985615253448,1.1871465682983398,1.188052523136139,1.1884033918380736,1.1895054399967193,1.1920785903930664,1.1999435126781464,1.197888034582138,1.1969658315181733,1.2051834762096405,1.202677184343338,1.203704869747162,1.2041920125484467,1.2044873416423798,1.2096189558506012,1.209832066297531,1.2158820569515227,1.2110726952552795,1.2123809635639191,1.2195504486560822,1.213413453102112,1.217326545715332,1.2237412452697753,1.2181344866752624,1.2183669269084931,1.219465857744217,1.222780579328537,1.2329056441783905,1.2255352556705474,1.2237580299377442,1.2257089614868164,1.2303944826126099,1.2293782711029053,1.2285554230213165,1.2314825654029846,1.2297210931777953,1.2323524713516236,1.2328456521034241,1.2316842913627624,1.2342654109001159,1.2340632438659669,1.2356327533721925,1.2398650884628295
t_136,1.0424221396446227,1.0390290319919586,1.0415408670902253,1.0350997865200042,1.0295849561691284,1.028138679265976,1.0162531793117524,1.007895901799202,0.9983704626560211,0.995302140712738,0.983115941286087,0.9755219161510468,0.9739338904619217,0.9634660214185715,0.958716756105423,0.942660117149353,0.9331123024225235,0.9202489346265793,0.915321198105812,0.9016997426748276,0.8864392399787903,0.8815006911754608,0.8684884667396545,0.8514120548963546,0.8403700083494187,0.8323437184095382,0.8210880279541015,0.801957705616951,0.7905056297779083,0.7771957069635391,0.7574107587337494,0.7482533425092697,0.7303448587656021,0.7121167182922363,0.6928619056940079,0.673707127571106,0.6655090689659119,0.643623873591423,0.6284036695957184,0.6106083124876023,0.5953252524137497,0.5746101081371308,0.5521867364645004,0.5391233682632446,0.5049190148711205,0.4993784070014954,0.4763354867696762,0.45413374453783034,0.4240737438201904,0.4034955635666847,0.3824559897184372,0.3559830322861671,0.32731356024742125,0.30599716007709504,0.2794273391366005,0.2483573704957962,0.22172710970044135,0.19610279574990272,0.18231807202100753,0.15434106513857843,0.1257013626396656,0.10792772136628628,0.09439717680215835,0.0,0.09804825820028781,0.11032340303063393,0.12791908383369446,0.1553244948387146,0.17677540108561515,0.2027718260884285,0.22055453062057495,0.24918983057141303,0.2891039282083511,0.29315929412841796,0.32422739267349243,0.343916055560112,0.36916035413742065,0.39198846071958543,0.4316979333758354,0.4428006589412689,0.4629520639777184,0.4876077607274055,0.5119100496172905,0.5452822595834732,0.5569496810436249,0.5767908573150635,0.5929655969142914,0.6108837634325027,0.6317278563976287,0.6494273781776428,0.6698710769414902,0.6856927663087845,0.7137462675571442,0.720824146270752,0.7409303724765778,0.7629730582237244,0.768787294626236,0.7913195610046386,0.801407465338707,0.8132755309343338,0.8261898249387741,0.8424692213535309,0.8575836211442948,0.8769374549388885,0.8858033508062363,0.8930179744958877,0.9004719018936157,0.9215263813734055,0.9209772974252701,0.9308313876390457,0.941659563779831,0.9514219582080841,0.9645332902669906,0.9675040543079376,0.978746873140335,0.9883603751659393,0.992627027630806,1.0033109456300735,1.0087582051753998,1.021165233850479,1.0402934968471527,1.030351895093918,1.0388257026672363,1.047847366333008,1.0504677295684814,1.0609970092773438,1.0673105895519257,1.0720917940139771,1.075144737958908,1.0768555521965026,1.0859188973903655,1.0898226082324982,1.0931048572063446,1.1003753781318664,1.1033696413040162,1.1149840176105499,1.1130843043327332,1.1161534309387207,1.1235774040222168,1.124014550447464,1.1280421197414399,1.1351026713848114,1.139420175552368,1.137802505493164,1.142623198032379,1.1441686034202576,1.1487922847270966,1.1514937222003936,1.153676724433899,1.156442356109619,1.1586696326732635,1.1612658739089965,1.1667469501495362,1.1673378825187684,1.1699076175689698,1.171996885538101,1.17453271150589,1.1757380843162537,1.1808647990226746,1.181804072856903,1.1822160243988038,1.1833674907684326,1.1859721124172211,1.193931120634079,1.191897028684616,1.1910108268260955,1.1992957711219787,1.1968200564384461,1.197893637418747,1.19840447306633,1.198734176158905,1.203940111398697,1.2041629612445832,1.2102914154529572,1.2054772615432738,1.206819188594818,1.214056956768036,1.2079226911067962,1.2118905127048492,1.2183468401432038,1.2127183318138122,1.2130230128765107,1.214144730567932,1.2175020575523376,1.2276998579502105,1.220322948694229,1.2185705184936524,1.2205590188503266,1.2252817273139953,1.2243057787418365,1.2234920620918275,1.226483201980591,1.2247200846672057,1.2274015307426454,1.227938950061798,1.226789379119873,1.2293957889080047,1.2292472660541534,1.230877548456192,1.2351598680019378
t_135,1.048885202407837,1.0454902172088623,1.0479917466640472,1.041739135980606,1.036393505334854,1.0349715232849122,1.023427391052246,1.0152701437473297,1.0059434711933135,1.0029705435037612,0.9911763787269592,0.9837156444787979,0.9822021633386612,0.9719824314117431,0.967443224787712,0.9519004344940185,0.9426147282123566,0.9300203770399094,0.9252285659313202,0.9120630294084549,0.8972839891910553,0.8924201786518097,0.8798254489898681,0.8633812099695206,0.8525942862033844,0.8447555899620056,0.8339637964963913,0.8154046714305878,0.8043023109436035,0.7914050042629241,0.7723188459873199,0.7633465558290482,0.7461026847362519,0.7285699009895324,0.7098442196846009,0.6912300378084183,0.6832293272018433,0.6618586719036103,0.647256588935852,0.6299340397119522,0.6150598883628845,0.5946660727262497,0.5730356723070145,0.5605460584163666,0.5279108494520187,0.5213106364011765,0.498736535012722,0.47711133807897566,0.44803879261016843,0.427879111468792,0.40681611746549606,0.3806918501853943,0.3534357130527496,0.3321195036172867,0.304912306368351,0.27525239288806913,0.2496266856789589,0.2239594854414463,0.20717261508107185,0.17822469472885133,0.14917112216353418,0.1285121202468872,0.10990121774375439,0.09804825820028781,0.0,0.09631206505000592,0.11222191117703914,0.13376049920916558,0.15647269412875175,0.18284875452518462,0.19721637442708015,0.22526557520031928,0.2687340132892132,0.2687052071094513,0.30098798871040344,0.31901042610406877,0.34540942758321763,0.3678946062922478,0.4104227855801582,0.41994481682777407,0.44058756679296496,0.4659771859645844,0.49053639024496076,0.5257678344845772,0.5372787028551101,0.5577143102884292,0.5733752161264419,0.5919496506452561,0.6133867770433425,0.6314072996377945,0.6525572866201401,0.6687612473964691,0.6984659522771836,0.7048774570226669,0.7258339345455169,0.749004065990448,0.754385358095169,0.777999410033226,0.7879165917634964,0.7998818606138229,0.8131957352161407,0.8300956547260284,0.8458222359418869,0.866016685962677,0.8750434458255768,0.8822090089321136,0.8897739291191101,0.9117387682199478,0.910841292142868,0.9208483338356018,0.9321049690246582,0.9420240432024002,0.9556756526231766,0.9585139513015747,0.970193812251091,0.9800296634435653,0.9843300849199295,0.9953851372003555,1.0009184241294862,1.0137527406215667,1.0337938010692596,1.0231467247009278,1.0318780303001405,1.041249281167984,1.0437981843948365,1.0547805190086366,1.0613047420978545,1.066163146495819,1.0692169547080994,1.0709266245365143,1.0802795946598054,1.0842927753925324,1.087601512670517,1.0951512098312377,1.0981906652450562,1.1102542459964753,1.1081491827964782,1.111282652616501,1.1189517974853516,1.1192912757396698,1.1234721541404724,1.13077409863472,1.135254430770874,1.1334603488445283,1.1384457647800446,1.139988249540329,1.144785624742508,1.147532480955124,1.1497709035873414,1.1526292502880096,1.1548900246620177,1.1575541138648986,1.1632201969623566,1.1637799978256225,1.1664547324180603,1.1685921669006347,1.171179074048996,1.1723915755748748,1.177697193622589,1.1786589920520782,1.1790492296218873,1.1802229940891267,1.1828753173351287,1.1911664247512816,1.1890319645404817,1.1880383670330048,1.1966804623603822,1.1940513610839845,1.1951241612434387,1.1956375300884248,1.1959399163722992,1.2013154745101928,1.2015556037425994,1.207896876335144,1.2029200911521911,1.2042552411556244,1.2117939352989198,1.2053686082363129,1.2094977259635926,1.216210675239563,1.2103113889694215,1.2105952203273773,1.2117441892623901,1.2152121305465697,1.225820356607437,1.218122810125351,1.2163029432296752,1.218316227197647,1.2232377171516418,1.2222257375717163,1.2213755607604981,1.224431961774826,1.2226224958896637,1.2253836631774901,1.22592351436615,1.2247406542301178,1.227477091550827,1.2273081839084625,1.2289565682411194,1.2334282457828523
t_134,1.0621029913425446,1.0591793060302734,1.06159451007843,1.0553922772407531,1.0500916182994842,1.0488215386867523,1.0373565196990966,1.0294538855552673,1.0204309105873108,1.0175574243068695,1.005736953020096,0.9986544460058212,0.9971823424100876,0.9873091816902161,0.982804748415947,0.9673759341239929,0.9584060788154602,0.9462611854076386,0.9416354060173034,0.9287296414375306,0.9141688227653504,0.9096073836088181,0.8972397744655609,0.8809407711029053,0.8705730706453323,0.8630732327699662,0.8523104012012481,0.8342847049236297,0.8234752476215362,0.8109686881303787,0.7921781718730927,0.7836341738700867,0.7666346490383148,0.7491822153329849,0.7309405922889709,0.7129318118095398,0.7052944153547287,0.6845060348510742,0.6700170576572418,0.6530509829521179,0.6385958313941955,0.6189920216798782,0.5975154250860214,0.5849025428295136,0.5517630070447922,0.5472885400056839,0.5250633448362351,0.5038934484124183,0.4747589588165283,0.454822364449501,0.4345470771193504,0.4088736891746521,0.3806508228182793,0.36018453985452653,0.3339278131723404,0.3026783406734467,0.27596720308065414,0.24960273131728172,0.23516388460993767,0.2069544203579426,0.17245458960533142,0.15034862831234933,0.12962419763207436,0.11032340303063393,0.09631206505000592,0.0,0.09289077259600162,0.1108949463814497,0.12774641811847687,0.15248265191912652,0.1697981610894203,0.19580905586481095,0.23532778546214103,0.23943324536085128,0.2698979593813419,0.29068072736263273,0.3163457825779915,0.3400479182600975,0.38028950691223146,0.3918685257434845,0.4131576120853424,0.4384175732731819,0.46375783532857895,0.4977873921394348,0.5104927778244018,0.5313207298517227,0.5485752612352371,0.5674334853887558,0.5892513722181321,0.6080595999956131,0.6291759341955185,0.6458025068044663,0.6749162197113037,0.682838860154152,0.7038834124803544,0.7266215056180954,0.7333173662424087,0.7566859245300293,0.7675905376672745,0.7802760094404221,0.7937943488359451,0.8108827859163285,0.8266360342502594,0.8466737329959869,0.8560711771249772,0.8639688670635224,0.8720330774784089,0.8938940614461899,0.8937483191490173,0.9042385339736938,0.9155252367258072,0.9258423775434494,0.9394066751003265,0.9428632736206055,0.9545780062675476,0.964695805311203,0.9693766534328461,0.980540207028389,0.9864150285720825,0.999233627319336,1.0188154041767121,1.0090764671564103,1.0178531765937806,1.027311635017395,1.0302293837070464,1.041116428375244,1.0476825475692748,1.0527858853340148,1.0560895204544067,1.0580757856369019,1.0674443364143371,1.0715369880199432,1.0750934779644012,1.0826368033885956,1.0858752310276032,1.09772669672966,1.096044272184372,1.0993076860904694,1.1069011926651,1.1075943768024445,1.1117996513843535,1.1190692484378815,1.1235311090946198,1.1220747768878936,1.1270695686340333,1.128773832321167,1.1335345089435578,1.136443543434143,1.1387111485004424,1.141648095846176,1.144027042388916,1.1467389643192292,1.1524148166179657,1.1531236112117766,1.1557461678981782,1.1580190658569336,1.1606403529644012,1.161989438533783,1.16725395321846,1.1682864010334015,1.1687638342380524,1.1700132608413696,1.1727424263954163,1.1808531284332275,1.178858709335327,1.1780232846736909,1.1864668667316436,1.1840695977210998,1.1852067112922668,1.1858042418956756,1.1862335503101349,1.1915285408496856,1.1918354392051698,1.1980257153511047,1.1933047831058503,1.194711947441101,1.202038335800171,1.1959661722183228,1.2000078737735749,1.2066007852554321,1.200943648815155,1.201376920938492,1.2025721490383148,1.2059415698051452,1.2163172483444213,1.2088987052440643,1.2072703123092652,1.2092868030071258,1.2140986144542694,1.213167852163315,1.2124243915081023,1.2155192077159882,1.2138483464717864,1.2165866851806642,1.2172255277633668,1.2161508977413178,1.2188655078411101,1.2187580108642577,1.2204852640628814,1.2249984800815583
t_133,1.0696901321411132,1.0668706476688385,1.06925008893013,1.0631508767604827,1.057961255311966,1.0567401111125947,1.0455107986927032,1.037765884399414,1.0289452373981476,1.0261323690414428,1.0145520329475404,1.0076254069805146,1.0061938643455506,0.9965582937002182,0.9921586245298386,0.9770649641752243,0.9682995706796647,0.9564539939165115,0.9519462943077087,0.9393310695886612,0.9251069813966751,0.9206916809082031,0.9086410343647003,0.89271859228611,0.8826315551996231,0.8753224223852157,0.8648263514041901,0.8472589075565338,0.8366718918085099,0.8245221644639968,0.8062323689460754,0.7978702425956726,0.7812276691198349,0.7643334567546844,0.7465587586164475,0.7289961248636245,0.7215206950902939,0.7012580960988999,0.6871517449617386,0.6705266326665879,0.6564396470785141,0.6373483896255493,0.6163114845752716,0.6040432512760162,0.5717725604772568,0.5670683205127716,0.5453729838132858,0.524624441564083,0.4961238920688629,0.47662917524576187,0.45659239292144777,0.43125575929880144,0.40376001298427583,0.3831944540143013,0.35727746933698656,0.3264337360858917,0.300110886991024,0.273701810836792,0.2582556203007698,0.22984415739774705,0.19591281637549401,0.17163212299346925,0.1509261131286621,0.12791908383369446,0.11222191117703914,0.09289077259600162,0.0,0.09867123737931252,0.11026164591312408,0.13168928474187852,0.1461879253387451,0.1714482307434082,0.2114348106086254,0.2142437607049942,0.24585828930139542,0.2657797083258629,0.2916746810078621,0.31605613231658936,0.3572953075170517,0.36850083619356155,0.3899070620536804,0.4153644606471062,0.4416386649012566,0.4764656722545624,0.4893414378166199,0.5107562750577926,0.5280524104833603,0.5474330931901932,0.5697183012962341,0.5890651851892471,0.61046402156353,0.6279609590768814,0.6577634572982788,0.6654806315898896,0.6872463971376419,0.7107377111911773,0.7175373554229736,0.7416068583726882,0.7526196449995041,0.7656927317380905,0.7794853001832962,0.7971429169178009,0.8132403135299683,0.8337650179862977,0.8434479117393494,0.8516095310449601,0.8598904401063919,0.8823019862174988,0.8821224242448806,0.8928210973739624,0.9043204635381699,0.9150283426046372,0.9288051158189774,0.9325037091970444,0.9444778501987457,0.9548550605773926,0.9597342252731323,0.9711696624755859,0.9771795898675919,0.9902154922485351,1.0103728145360946,1.0003971457481384,1.0093421578407287,1.0191015481948853,1.0221058309078217,1.0331969380378723,1.0398593306541444,1.0450635373592376,1.048550432920456,1.050608605146408,1.0602173805236816,1.064365917444229,1.0680515885353088,1.0757559716701508,1.0790429830551147,1.0911086559295655,1.0894138932228088,1.0927959203720092,1.1005257070064545,1.101250910758972,1.105564498901367,1.1129673898220063,1.1175819516181946,1.1161028504371644,1.1211721777915955,1.1229454815387725,1.1277918875217439,1.130774462223053,1.1330930531024932,1.1360296130180358,1.138573169708252,1.1412990808486938,1.1470842123031617,1.1477692186832429,1.1504483997821808,1.1528418898582458,1.1555199146270752,1.1568754732608795,1.162255847454071,1.1633241653442383,1.1638460040092469,1.1651148319244384,1.1678673505783081,1.1761578500270844,1.1741671681404113,1.173245120048523,1.181857568025589,1.1794955670833587,1.180640733242035,1.181300014257431,1.1816781103610992,1.187088853120804,1.1873805344104766,1.1937122821807862,1.18893061876297,1.1903554677963257,1.1978179931640625,1.1916783154010773,1.1957938075065613,1.2025238692760467,1.1966897308826447,1.197213637828827,1.198435866832733,1.2018390417098999,1.2124392092227936,1.204877460002899,1.2032533228397368,1.2053091406822205,1.2101771235466003,1.209294283390045,1.208504468202591,1.2117014825344086,1.2100239753723145,1.2127940833568573,1.2134809255599976,1.2124143183231353,1.2152101337909698,1.2150772333145141,1.2168420255184174,1.2215471267700195
t_132,1.078135597705841,1.0755975663661956,1.0779231190681458,1.0719393908977508,1.0668352127075196,1.0657836139202117,1.054758870601654,1.0472193658351898,1.0386925637722015,1.0360132098197936,1.0245907425880432,1.0179418087005616,1.0165748834609984,1.0073048889636993,1.003035122156143,0.9882412791252136,0.9798397988080978,0.9683720260858536,0.9640519320964813,0.9518464088439942,0.9380118608474731,0.9337577968835831,0.9220837682485581,0.9065969258546829,0.8968885660171508,0.8898869156837463,0.8797800153493881,0.8627029418945312,0.8525633662939072,0.8407764673233032,0.8230624765157699,0.8150089472532273,0.7990571022033691,0.7823987752199173,0.7653080105781556,0.7483044624328613,0.7411312937736512,0.7214513301849366,0.707706531882286,0.6917833000421524,0.6779691427946091,0.6594947695732116,0.6391173392534256,0.6269748091697693,0.5951142728328704,0.5912409245967865,0.5701129496097564,0.5496092528104782,0.5217933431267738,0.5026448830962181,0.4830409690737724,0.4582228198647499,0.43110245317220686,0.4114052355289459,0.3855442747473717,0.35500478297472,0.3283223703503609,0.3031120628118515,0.2890086084604263,0.25920704156160357,0.22520434483885765,0.2001694105565548,0.1796322226524353,0.1553244948387146,0.13376049920916558,0.1108949463814497,0.09867123737931252,0.0,0.09575455263257027,0.11288942545652389,0.12624824829399586,0.1473539002239704,0.18663490563631058,0.18967072889208794,0.21902918741106986,0.23894682377576829,0.26448389440774916,0.28925089687108996,0.3295043781399727,0.3419532775878906,0.3637965559959412,0.3900568589568138,0.41612084209918976,0.45121143758296967,0.4646243616938591,0.4858408600091934,0.504690320789814,0.5239113464951515,0.5468889534473419,0.5664153069257736,0.5886806637048722,0.6060741901397705,0.6360755681991577,0.6451271414756775,0.6668445438146591,0.690426480770111,0.6979099631309509,0.7222355723381042,0.7339332014322281,0.7475794881582261,0.7619933247566223,0.7796798825263977,0.7961060285568238,0.8171658426523208,0.8271996885538101,0.8355908930301666,0.8441924244165421,0.8668463677167892,0.867077213525772,0.8782843559980392,0.8901535958051682,0.901125431060791,0.9152399152517319,0.9190989315509797,0.9313641577959061,0.9420826107263565,0.9471948117017746,0.9588091880083084,0.9650396555662155,0.9783798038959504,0.9985944539308548,0.9889540016651154,0.9981859534978866,1.0080066263675689,1.0112541645765305,1.0224641025066377,1.0294998168945313,1.0348391890525819,1.038429081439972,1.0406564950942994,1.050355702638626,1.0547273993492126,1.0585163295269013,1.0663250207901,1.0697525441646576,1.081929874420166,1.080423229932785,1.0839305520057678,1.091805624961853,1.092579758167267,1.0970160961151123,1.1045350313186646,1.1091978788375854,1.1078321099281312,1.1130292475223542,1.1148725986480712,1.1198162019252778,1.122869998216629,1.1252919435501099,1.1283630907535553,1.130901074409485,1.1337448179721832,1.1395344018936158,1.1403497993946075,1.1431579351425172,1.145500475168228,1.1482631385326385,1.1496880054473877,1.1550984025001525,1.1562468230724334,1.1568319916725158,1.1581759691238402,1.160960179567337,1.169287759065628,1.1673829019069673,1.1665453612804413,1.175171786546707,1.172858214378357,1.1740602433681488,1.1747742891311646,1.1751914322376251,1.1806684672832488,1.1809995353221894,1.1873738944530488,1.1826119005680085,1.184110015630722,1.1915890872478485,1.1855121314525605,1.1896451473236085,1.1963858604431152,1.1906661808490753,1.191205221414566,1.192462718486786,1.1959110081195832,1.2065340459346772,1.1990192890167237,1.1974255621433259,1.1995335578918458,1.204435396194458,1.2036114752292633,1.2028684496879578,1.20607328414917,1.2044289052486419,1.2072423636913299,1.2079607188701629,1.2069467842578887,1.20977241396904,1.2097241580486298,1.211560958623886,1.2162590384483338
t_131,1.087573653459549,1.0853112995624543,1.0875560760498046,1.0816444039344788,1.0765941202640534,1.075628823041916,1.0647488474845885,1.0573888897895813,1.0490705609321593,1.0464711010456085,1.0351256847381591,1.0287334263324737,1.027396297454834,1.018383526802063,1.0141462087631226,0.9995497465133667,0.9913788795471191,0.9802305102348328,0.9760465443134307,0.9640536546707154,0.9504538089036941,0.9463932186365127,0.9349325507879257,0.9196746200323105,0.9102694302797317,0.903504604101181,0.8934898138046264,0.8768396407365799,0.866928705573082,0.8554518967866898,0.8380820840597153,0.8303195506334304,0.8146038830280304,0.7981457591056824,0.7815069794654846,0.7649396061897278,0.7580074816942215,0.7388222962617874,0.7252343863248825,0.7096310913562774,0.696175828576088,0.6782641798257828,0.6581566065549851,0.6461099058389663,0.6143472552299499,0.6113796710968018,0.5906848430633544,0.5705451428890228,0.5430730283260345,0.5241845890879631,0.5051459848880768,0.4807654619216919,0.4534627988934517,0.43415132313966753,0.4091255530714989,0.3782459184527397,0.35151020288467405,0.3261392444372177,0.31288654506206515,0.2840332671999931,0.24854312986135482,0.22394933551549911,0.20233361050486565,0.17677540108561515,0.15647269412875175,0.12774641811847687,0.11026164591312408,0.09575455263257027,0.0,0.09794921465218068,0.10963085480034351,0.12755566872656346,0.16097176745533942,0.1673791639506817,0.19475494101643562,0.21637375876307488,0.24095910862088205,0.26694321632385254,0.3051981940865517,0.31887695044279096,0.34109482169151306,0.36707106977701187,0.3940504461526871,0.4283828973770142,0.44258562475442886,0.4641094893217087,0.4841248899698257,0.5035464912652969,0.5268619894981384,0.5471276670694352,0.5694074928760529,0.5873383611440659,0.6170351535081864,0.6270490825176239,0.6490375578403473,0.6725236982107162,0.6808979123830795,0.7052175611257553,0.7176088035106659,0.7318764358758927,0.7464915603399277,0.7644883215427398,0.7810240834951401,0.8021162539720536,0.8124148726463318,0.8214063763618469,0.8304034739732742,0.853091362118721,0.8538159698247909,0.865411177277565,0.8773304641246795,0.8887026697397232,0.902798381447792,0.9071572929620743,0.9195068955421448,0.9304613202810288,0.9358870148658752,0.9476446628570556,0.9541222065687179,0.9675064384937286,0.9875483602285385,0.9784851968288422,0.9877670049667359,0.9977256387472153,1.0012257367372512,1.0124454349279404,1.019515585899353,1.0250189125537872,1.028859168291092,1.0312544524669647,1.0410370647907257,1.0454728782176972,1.0494487464427948,1.0572937548160553,1.0608665347099304,1.0729687988758088,1.071741235256195,1.0753727674484252,1.083238136768341,1.0842246234416961,1.088696551322937,1.0962584912776947,1.1009350061416625,1.0997941851615907,1.1050019323825837,1.1069773316383362,1.1119267344474792,1.1150918364524842,1.1175599336624145,1.1206503927707672,1.123318761587143,1.1262055873870849,1.1320108294487,1.1329111158847809,1.1357108294963836,1.1381877720355988,1.1409725069999694,1.1424853026866912,1.1478998005390166,1.1491055965423584,1.1497653901576996,1.1511775255203247,1.1540107429027557,1.162255162000656,1.1604575157165526,1.1597027361392975,1.1682270646095276,1.1660704731941223,1.1673176348209382,1.1681263506412507,1.1685938119888306,1.174063539505005,1.1744264304637908,1.180740511417389,1.176125204563141,1.177673488855362,1.1850548148155213,1.1791875779628753,1.1832904279232026,1.189973646402359,1.1843823730945586,1.185042130947113,1.1863088607788086,1.1897251844406127,1.2002229154109956,1.1928643345832826,1.1913951873779296,1.1935284912586213,1.1983561217784882,1.1976086914539337,1.1969177901744843,1.2001885712146758,1.1986096560955048,1.2014149188995362,1.2022062599658967,1.2012664198875427,1.204090678691864,1.204078996181488,1.2059925317764282,1.2107228875160216
t_130,1.0972124755382537,1.0952927887439727,1.0974775791168212,1.091623306274414,1.0866116166114808,1.0858156204223632,1.075034749507904,1.067858135700226,1.0598272681236267,1.057337749004364,1.0460170447826385,1.0399148046970368,1.0386179387569427,1.0299367010593414,1.0257583439350129,1.0113181710243224,1.0034478664398194,0.9926738023757935,0.98866006731987,0.9769466489553451,0.9636334538459778,0.9597729086875916,0.9485764861106872,0.9335884869098663,0.9245472013950348,0.9180521816015244,0.9082476794719696,0.8920148640871048,0.8824587285518646,0.871256360411644,0.854320764541626,0.8468266367912293,0.8315655142068863,0.8152181208133698,0.799109336733818,0.7830412894487381,0.7763932466506958,0.757719886302948,0.7443394899368286,0.7292306751012803,0.7160083800554276,0.6987771213054657,0.6790383845567703,0.6669252693653107,0.6351597994565964,0.6335277497768402,0.6132305771112442,0.5933569729328155,0.566252988576889,0.5476107031106949,0.5291315659880638,0.505209444463253,0.477919340133667,0.45939937978982925,0.43476894348859785,0.4036202818155289,0.37654213309288026,0.35194060653448106,0.340667624771595,0.3111624851822853,0.275355239212513,0.2502168618142605,0.22943932861089705,0.2027718260884285,0.18284875452518462,0.15248265191912652,0.13168928474187852,0.11288942545652389,0.09794921465218068,0.0,0.10264800265431404,0.10830537676811218,0.13641756623983384,0.14663945138454437,0.17002105116844177,0.19303643181920052,0.21615860015153884,0.24245472401380538,0.2770265445113182,0.293985079228878,0.3161295220255852,0.34242760837078096,0.36951790750026703,0.4025719612836838,0.4178669944405556,0.43892890512943267,0.46127734482288363,0.48038283586502073,0.5041490212082863,0.5246279552578926,0.5473964005708695,0.5653894126415253,0.5942693144083023,0.6063560992479324,0.6279619574546814,0.6509078204631805,0.6605930775403976,0.6846664279699326,0.6980651825666427,0.7131497859954834,0.7282618552446365,0.7461131483316421,0.7627054631710053,0.7839686542749404,0.794629231095314,0.804126250743866,0.8135537356138229,0.8360979437828064,0.8375998467206955,0.8497276276350021,0.8618630260229111,0.8735472589731217,0.8877525508403779,0.8925222933292389,0.9050073981285095,0.9162938475608826,0.9220583707094192,0.9338728874921799,0.9406324535608291,0.9541366815567016,0.9738143444061279,0.965600311756134,0.9750481367111206,0.9849997609853745,0.9888939976692199,1.000013041496277,1.0073399603366853,1.0130355536937714,1.0170959770679473,1.0197325706481934,1.0295412421226502,1.0341535568237306,1.0383188068866729,1.046162873506546,1.0499157786369324,1.0618900954723358,1.0610492765903472,1.064845860004425,1.0727598190307617,1.0739265024662017,1.0784607887268067,1.0860467314720155,1.090740591287613,1.0898702085018157,1.0951719641685487,1.0972463667392731,1.102226096391678,1.1054825186729431,1.1080482006072998,1.1112642467021943,1.113997507095337,1.116982752084732,1.1227223217487334,1.123821246623993,1.126679652929306,1.1291550815105438,1.1320212423801421,1.133643525838852,1.139024794101715,1.1403072655200959,1.141065627336502,1.1425578117370605,1.1454346776008606,1.1535329163074493,1.1519078016281128,1.1512998521327973,1.1596867978572845,1.1577099323272706,1.1590274751186371,1.1599287271499634,1.1604561686515809,1.1659189522266389,1.1663192331790924,1.1725642800331115,1.1681072652339934,1.1697593867778777,1.1769898295402528,1.1713741719722748,1.1754147708415985,1.1820155084133148,1.1766539096832276,1.1774124026298523,1.1787255585193634,1.182112067937851,1.19243945479393,1.1853021025657653,1.1839574098587036,1.186144483089447,1.190881210565567,1.1902428448200226,1.189636081457138,1.192899751663208,1.1914287269115449,1.1942290902137755,1.1950935661792754,1.194241040945053,1.1970655620098114,1.1971392452716827,1.19912993311882,1.2038585364818573
t_129,1.098509931564331,1.0963871359825135,1.0985792934894563,1.0928855299949647,1.0880324602127076,1.087130868434906,1.0766758978366853,1.0696150004863738,1.0616278946399689,1.0591550052165986,1.048240351676941,1.0421100378036499,1.0408515453338623,1.0322237670421601,1.0282309710979463,1.014246118068695,1.0064533293247222,0.9957908183336258,0.9918094575405121,0.9803628742694854,0.9673777610063553,0.963498768210411,0.9525856345891952,0.9380520284175873,0.929083588719368,0.9226210594177247,0.9131450682878495,0.8972877562046051,0.8878518491983414,0.8769424170255661,0.8604460090398789,0.8530193984508514,0.8381154030561447,0.8225344002246857,0.8066763550043106,0.7909589082002639,0.7842930912971496,0.7659915626049042,0.7531778603792191,0.7382643073797226,0.7253953069448471,0.7082957744598388,0.6891724675893783,0.6776929318904876,0.647725173830986,0.6442905932664871,0.6244616001844406,0.6052209466695786,0.579023751616478,0.5609324991703033,0.5423929125070572,0.5188215732574463,0.49308514446020124,0.4742493391036987,0.4497060239315033,0.42048227190971377,0.3948292925953865,0.37056785970926287,0.35578483939170835,0.32718896120786667,0.29403138607740403,0.26867184042930603,0.2473836250603199,0.22055453062057495,0.19721637442708015,0.1697981610894203,0.1461879253387451,0.12624824829399586,0.10963085480034351,0.10264800265431404,0.0,0.10026878379285335,0.13139407113194465,0.12724264152348042,0.15530118346214294,0.17301625162363052,0.19662374779582023,0.22164080068469047,0.2634297087788582,0.2744732081890106,0.297155088186264,0.32372971922159194,0.35102357566356657,0.38769630044698716,0.4015264272689819,0.42397772073745726,0.44371775090694426,0.4639082297682762,0.4882565140724182,0.5091985434293747,0.5324169814586639,0.5511954933404922,0.5830918699502945,0.5925148129463196,0.6158416330814361,0.6409932494163513,0.6490590453147889,0.6750287234783172,0.6874616324901581,0.7022438377141953,0.7176067590713501,0.7365736395120621,0.7540313065052032,0.7763905614614487,0.7871452987194061,0.7963691264390945,0.8057378202676773,0.8297988504171372,0.8302476733922959,0.8423375904560089,0.8548610597848892,0.8667510718107223,0.8816226750612259,0.8860543847084046,0.8991436123847961,0.9105900645256042,0.9162388205528259,0.9286047250032425,0.935354283452034,0.9494141429662705,0.9707604944705963,0.9608542352914811,0.9706402570009232,0.9811761736869812,0.9847601234912873,0.9965737015008926,1.0040109604597092,1.0097029268741609,1.0136929482221604,1.0161931097507477,1.0264329612255096,1.0310647249221803,1.0352153539657594,1.0434830486774445,1.047192007303238,1.0599170923233032,1.0585048377513886,1.0623299062252045,1.0705762207508087,1.071533215045929,1.076260244846344,1.0841671109199524,1.0891116619110108,1.0878224611282348,1.0933168053627014,1.0953121781349182,1.1005219221115112,1.1038452744483949,1.1064371466636658,1.1096653044223785,1.1124542236328125,1.1154489040374755,1.121547532081604,1.1224495410919189,1.1253979742527007,1.1279970943927764,1.1308943212032319,1.1324506521224975,1.138148808479309,1.1394280433654784,1.1400947213172912,1.1415434777736664,1.144468903541565,1.1531922459602355,1.1512937784194945,1.15040123462677,1.159435546398163,1.1571528255939483,1.1584198236465455,1.1592708826065063,1.1597150444984436,1.1654578804969788,1.165847021341324,1.1724738121032714,1.1676772594451905,1.169246929883957,1.177049845457077,1.1708341419696808,1.1751711070537567,1.1822119176387786,1.176243644952774,1.1769619286060333,1.178309029340744,1.181853139400482,1.1929499089717865,1.185170179605484,1.1836348533630372,1.185855394601822,1.1909469306468963,1.1901866257190705,1.189456582069397,1.192859846353531,1.1912639260292053,1.1941816091537476,1.1950073421001435,1.1940814554691315,1.1970859706401824,1.1970481336116792,1.1990053236484528,1.204035723209381
t_128,1.1093277096748353,1.1074874758720399,1.109625643491745,1.1040445208549499,1.0992729842662812,1.0985174655914307,1.0882236301898955,1.0813844621181488,1.0736821651458741,1.071319544315338,1.060543566942215,1.054668313264847,1.053485518693924,1.0451861679553986,1.041295623779297,1.027549922466278,1.0200726568698884,1.009787529706955,1.005959790945053,0.9948523759841919,0.9822039693593979,0.9785372734069824,0.9679106175899506,0.9537435561418534,0.9451161891222,0.9389411151409149,0.9296964019536972,0.9143120467662811,0.9052404940128327,0.8946671307086944,0.8786658585071564,0.8715335994958877,0.8571333348751068,0.8417985737323761,0.8264736026525498,0.8112431079149246,0.804934510588646,0.78712757229805,0.7746029764413833,0.7602047115564347,0.7476708650588989,0.731164300441742,0.7125142335891723,0.7011985599994659,0.6715357571840286,0.6690035253763199,0.6495651721954345,0.630707848072052,0.6050485908985138,0.5873217582702637,0.5693452566862106,0.5462788313627243,0.5207544520497323,0.5024684339761734,0.47835898250341413,0.44908116906881335,0.4233983293175697,0.39966130554676055,0.3860031604766846,0.35721173882484436,0.3234036237001419,0.2985634580254555,0.27675757110118865,0.24918983057141303,0.22526557520031928,0.19580905586481095,0.1714482307434082,0.1473539002239704,0.12755566872656346,0.10830537676811218,0.10026878379285335,0.0,0.11074667684733867,0.1015476018190384,0.1241492185741663,0.14316349551081659,0.16519273966550826,0.19059475138783455,0.22922162413597108,0.24190417900681496,0.26491318345069886,0.2915708512067795,0.3191497176885605,0.3558879479765892,0.3703709214925766,0.39300569891929626,0.4142489492893219,0.4346370965242386,0.4595046445727348,0.4809442162513733,0.5048883855342865,0.5238086581230164,0.555774810910225,0.5666934788227082,0.5901010513305665,0.6152505546808242,0.6243507385253906,0.6505014270544052,0.6638897299766541,0.6793422758579254,0.6952146619558335,0.7144587695598602,0.7322535872459411,0.7549593925476075,0.7661533206701279,0.7758569598197937,0.7857227385044098,0.8100348114967346,0.811020889878273,0.8236571669578552,0.8365344852209091,0.8487957149744034,0.8639507263898849,0.8687758952379226,0.8821343898773193,0.8939437747001648,0.8999502301216126,0.9125391483306885,0.9195941656827926,0.9339093655347824,0.9552731513977051,0.9459565341472626,0.9559526711702346,0.966632530093193,0.9705304354429245,0.9824629455804825,0.9901758074760437,0.9960835874080658,1.000302916765213,1.003042110800743,1.0134378612041473,1.0182588338851928,1.022587203979492,1.0309814929962158,1.0348801970481873,1.0476574838161468,1.0465368509292603,1.0505000293254851,1.0588599681854247,1.0600082993507385,1.0648487687110901,1.0728446781635284,1.07789466381073,1.0767689406871797,1.0823649704456328,1.0845255970954895,1.0898042738437652,1.0932469606399535,1.0959257185459137,1.0992588758468629,1.1021492898464202,1.105227667093277,1.1113901436328888,1.1124205768108368,1.1154358506202697,1.1181057333946227,1.1210837721824647,1.1227384090423584,1.128482848405838,1.1298340678215026,1.1305996239185334,1.1321369051933288,1.135118317604065,1.1438611686229705,1.1420615136623382,1.1412588596343993,1.1502787590026855,1.1481223583221436,1.1494669616222382,1.1503762185573578,1.1508738577365876,1.1566762983798982,1.1571064472198487,1.1637447774410248,1.1590418696403504,1.1606850564479827,1.1684708714485168,1.162381774187088,1.1667421817779542,1.1737877905368805,1.1679078042507172,1.168723952770233,1.1701099693775177,1.1736809611320496,1.1847699761390686,1.1770812690258026,1.17563636302948,1.1779029190540313,1.1829926729202271,1.1823108315467834,1.181637555360794,1.1850979447364807,1.1835573136806488,1.1865167140960693,1.187413716316223,1.186541074514389,1.1895902752876282,1.189612591266632,1.19167702794075,1.1968051731586455
t_127,1.126230275630951,1.1249874651432037,1.1269929111003876,1.121416050195694,1.1166484475135803,1.116102820634842,1.105855506658554,1.09926176071167,1.09189493060112,1.0896532952785491,1.0787461578845978,1.0733491480350494,1.0721540987491607,1.0642719268798828,1.060338670015335,1.0466592490673066,1.0395131170749665,1.0297343611717225,1.0261399686336516,1.0152218997478486,1.002794998884201,0.9994818985462188,0.989089098572731,0.9750031292438507,0.9669069170951843,0.9610929310321807,0.9518768906593322,0.9370121717453003,0.9282622098922729,0.9180855244398117,0.9023772180080414,0.8957036554813385,0.8814917266368866,0.8661555647850037,0.8514305114746094,0.8368539094924927,0.8309871554374695,0.8138348698616028,0.8013405710458755,0.7873553991317749,0.7753061294555664,0.7597965657711029,0.7413192003965378,0.7298215508460999,0.6994595944881439,0.6995603829622269,0.6807049959897995,0.6623251140117645,0.636817780137062,0.6194687098264694,0.6025672405958176,0.5802417695522308,0.5540201455354691,0.5368942797183991,0.5140144005417824,0.48391578793525697,0.4580348566174507,0.4344072178006172,0.42418034970760343,0.39668902605772016,0.36083047837018967,0.3366922318935394,0.3158642753958702,0.2891039282083511,0.2687340132892132,0.23532778546214103,0.2114348106086254,0.18663490563631058,0.16097176745533942,0.13641756623983384,0.13139407113194465,0.11074667684733867,0.0,0.10980003997683525,0.1125168677419424,0.13540926426649094,0.1473170556128025,0.1758963793516159,0.19783445000648497,0.2186902493238449,0.24104179590940475,0.26514284387230874,0.2938241347670555,0.3235485076904297,0.3414554789662361,0.3629442274570465,0.38909623622894285,0.40841611176729203,0.4333439588546753,0.45583290606737137,0.4785603404045105,0.49835373014211654,0.5266606509685516,0.5415126204490661,0.5640256881713868,0.5871492326259613,0.5993668556213378,0.6238995730876923,0.639297291636467,0.6563504040241241,0.6724100708961487,0.6912390649318695,0.7084621250629425,0.7302212119102478,0.7420239090919495,0.7531595677137375,0.7638786941766739,0.7869986355304718,0.789830082654953,0.8033119857311248,0.8158627212047577,0.8288920193910598,0.8432862669229507,0.8495589703321457,0.8625612705945969,0.8747862607240677,0.881569367647171,0.8939637511968612,0.9015653312206269,0.9154017627239227,0.9352278888225556,0.9282862484455109,0.9381595253944397,0.9487049490213394,0.9534007102251053,0.9647236883640289,0.9724303960800171,0.9786569088697433,0.9834628105163574,0.9866663128137588,0.9969069004058838,1.0018228858709335,1.0066213607788086,1.0146958470344543,1.0189202189445496,1.0309025406837464,1.0308176040649415,1.0350679099559783,1.0430936336517334,1.0448584616184236,1.0496591925621033,1.05745330452919,1.0623780071735383,1.0620227396488189,1.0674820423126221,1.0699524700641632,1.075044536590576,1.0787147402763366,1.0814570248126985,1.0848162531852723,1.0879745662212372,1.0910985112190246,1.097020834684372,1.0983262538909913,1.1012913405895233,1.1041630566120149,1.1071489870548248,1.109018576145172,1.1145447134971618,1.1160457849502563,1.1170043051242828,1.1187187254428863,1.1217206478118897,1.1298520505428313,1.1284856617450714,1.1280052423477174,1.136363583803177,1.1347992479801179,1.1362299561500548,1.1373999476432801,1.1380510807037354,1.1436211705207824,1.144110268354416,1.1503420233726502,1.1462275207042694,1.148009830713272,1.1551589906215667,1.1499763011932373,1.1540349006652832,1.1606197118759156,1.1554123878479003,1.1565377473831178,1.1579386591911316,1.161284190416336,1.1715808749198913,1.1646669864654542,1.1636317193508148,1.1659185528755187,1.1705902636051178,1.1701786041259765,1.169658398628235,1.1731352806091309,1.171883338689804,1.174697035551071,1.1757706165313722,1.1751408100128173,1.1780643820762635,1.1782123804092408,1.1803923308849336,1.1854322671890258
t_126,1.1208828508853912,1.1191618382930755,1.121217566728592,1.1158550024032592,1.111255031824112,1.1105135142803193,1.1006205677986145,1.0940456509590148,1.086614042520523,1.0843384206295013,1.0739592075347901,1.068332064151764,1.0671902000904083,1.0592060327529906,1.0554947137832642,1.0423075795173644,1.0350973784923554,1.0252400517463685,1.021557903289795,1.0108853548765182,0.9987453490495681,0.9952463388442994,0.9850606381893158,0.9714585661888122,0.9631915092468262,0.9572730749845505,0.9484062224626542,0.9337337881326675,0.9249991685152054,0.914939147233963,0.8996473640203476,0.892844894528389,0.8789807587862015,0.864461013674736,0.8497907549142838,0.835298952460289,0.8292614072561264,0.8122328072786331,0.8003127485513687,0.7864316552877426,0.7745350331068039,0.7587482750415802,0.740876293182373,0.7301486641168594,0.7020361989736557,0.6991751909255981,0.6805625408887863,0.6626373499631881,0.6380960613489151,0.6211954474449157,0.6038218766450882,0.5816259354352951,0.5572810381650924,0.5393956705927849,0.5162400841712952,0.4884168982505798,0.4639695078134537,0.440717051923275,0.42597698122262956,0.39886600375175474,0.36627828776836396,0.3422233209013939,0.3200693801045418,0.29315929412841796,0.2687052071094513,0.23943324536085128,0.2142437607049942,0.18967072889208794,0.1673791639506817,0.14663945138454437,0.12724264152348042,0.1015476018190384,0.10980003997683525,0.0,0.09856612905859947,0.1086287446320057,0.12800208516418934,0.15020932033658027,0.1916266620159149,0.19923143535852433,0.22187751531600952,0.24767545983195305,0.2763248935341835,0.3149042218923569,0.32877236157655715,0.35293606817722323,0.37276274859905245,0.3942249044775963,0.419829024374485,0.4425761789083481,0.46668484061956406,0.4870468989014626,0.5213470548391342,0.5307981342077255,0.5561508566141129,0.5831629812717438,0.5918049126863479,0.6196523189544678,0.6330089151859284,0.6489565402269364,0.6652608901262284,0.6859221935272217,0.7045816421508789,0.7282927900552749,0.7399273902177811,0.7501400470733642,0.7604272782802581,0.7862024366855621,0.7868263959884644,0.7999157011508942,0.8132199585437775,0.8261899083852768,0.8419119000434876,0.8470803946256638,0.8610861957073211,0.8733975857496261,0.8797064572572708,0.89296595454216,0.9003207743167877,0.9151907384395599,0.9379555225372315,0.9277622610330581,0.9381388902664185,0.9495407432317734,0.9535214632749558,0.966044956445694,0.9739274263381958,0.9800781369209289,0.9845400124788284,0.9873953640460968,0.9983237385749817,1.0032418102025986,1.0078373402357101,1.0166514575481416,1.0206939637660981,1.0340430796146394,1.0327858567237853,1.0369454741477966,1.0456011652946473,1.0468458771705627,1.0519304394721984,1.0602598428726195,1.0655612528324128,1.064362394809723,1.0701470971107483,1.0724172711372375,1.0778898239135741,1.0815611124038695,1.0843033850193025,1.0876856446266174,1.090825182199478,1.0939507186412811,1.1004665851593018,1.10141618847847,1.1045018017292023,1.1074680864810944,1.110494041442871,1.112203335762024,1.1182446300983429,1.119661819934845,1.1204310834407807,1.1220101416110992,1.1251151978969574,1.1342867374420167,1.1323954105377196,1.1314216911792756,1.1409230172634124,1.1386970460414887,1.1400627493858337,1.1410122036933898,1.1415047287940978,1.147561377286911,1.14799884557724,1.1549211859703064,1.1500887870788574,1.1517211675643921,1.1599047839641572,1.1535337269306183,1.158102023601532,1.1655053079128266,1.1592150032520294,1.1601492404937743,1.1615769863128662,1.165263330936432,1.1769278824329377,1.1688218712806702,1.1673613369464875,1.1696942031383515,1.1750029981136323,1.174332195520401,1.1735838174819946,1.1772396743297577,1.1757019639015198,1.1787524104118348,1.1797132790088654,1.1788637936115265,1.1820728480815887,1.182056039571762,1.184169352054596,1.1896651327610015
t_125,1.131878000497818,1.1305349946022034,1.13252711892128,1.127217024564743,1.1226481199264526,1.1220792174339294,1.1122545897960663,1.1059025943279266,1.0987438619136811,1.0965920448303224,1.0862070322036743,1.080898904800415,1.0797971427440642,1.072142595052719,1.068459504842758,1.0554312765598297,1.0485205471515655,1.039028573036194,1.0355361521244049,1.0251327753067017,1.0132250308990478,1.0099707305431367,1.0000428348779677,0.9866667151451111,0.9787796795368194,0.9731503427028656,0.964438259601593,0.9502129882574082,0.9418178737163544,0.9320577353239059,0.917134577035904,0.9106807112693787,0.8972437739372253,0.8827501922845841,0.8685903310775757,0.8546146482229233,0.8488819867372512,0.8323694199323655,0.8206540554761886,0.80724495947361,0.7956585347652435,0.7805181622505188,0.7630310237407685,0.7522465825080872,0.7240314036607742,0.7227559298276901,0.7045505285263062,0.6869923621416092,0.6628112405538559,0.646196472644806,0.6295414686203002,0.6078807920217514,0.5834786623716355,0.5666191339492798,0.5440471678972244,0.5160240009427071,0.4914062932133675,0.4688949421048164,0.4562069058418274,0.42918606102466583,0.3960222005844116,0.37234452068805696,0.3509349912405014,0.32422739267349243,0.30098798871040344,0.2698979593813419,0.24585828930139542,0.21902918741106986,0.19475494101643562,0.17002105116844177,0.15530118346214294,0.1241492185741663,0.1125168677419424,0.09856612905859947,0.0,0.09697156883776188,0.10595863610506058,0.12776796221733094,0.15854834616184235,0.17023832425475122,0.1932854250073433,0.21845042258501052,0.24646226763725282,0.2819822669029236,0.297553950548172,0.320961032807827,0.3441380947828293,0.3651148691773415,0.39101806879043577,0.41404618322849274,0.4385739088058472,0.458558751642704,0.4916169762611389,0.5041293025016784,0.5287793159484864,0.5547438323497772,0.565357905626297,0.5926526874303818,0.607448959350586,0.6244290500879288,0.6412770479917527,0.6616977900266647,0.6804340571165085,0.7041417717933655,0.7162258297204971,0.727223351597786,0.7381340950727463,0.7636686444282532,0.765444278717041,0.779227203130722,0.7927847772836685,0.8060833245515824,0.8218933403491974,0.8276931017637252,0.84183289706707,0.8544993489980698,0.8612790375947952,0.8746139019727707,0.8824169605970382,0.8973924696445466,0.9194637566804886,0.9105898916721344,0.9211542099714279,0.9325313955545426,0.93699451982975,0.9494463533163071,0.9575852066278457,0.9640048235654831,0.9687697291374207,0.9719595462083817,0.9828937232494355,0.9880229473114014,0.9928454726934433,1.0016741365194322,1.0059682369232177,1.0191056251525878,1.0184258818626404,1.0227545917034149,1.031396245956421,1.032963490486145,1.0380940318107605,1.046443510055542,1.05171839594841,1.0509247779846191,1.056777572631836,1.0592345237731933,1.0647121906280517,1.0685438573360444,1.071372640132904,1.0749235093593597,1.07811159491539,1.0813641130924225,1.0878280818462371,1.0890379071235656,1.0921629309654235,1.0951629161834717,1.0982782900333405,1.1001537621021271,1.106139749288559,1.107658314704895,1.1085347831249237,1.1102563202381135,1.1134482204914093,1.1223984241485596,1.1207119643688201,1.1199897944927215,1.12925882935524,1.127272605895996,1.12874516248703,1.1298207581043243,1.1304263651371003,1.1364454925060272,1.1369783103466033,1.1437285900115968,1.1391746342182159,1.140953356027603,1.1488834083080293,1.142898553609848,1.1473767638206482,1.1546321570873261,1.1487185418605805,1.1497613191604614,1.151260644197464,1.1548903465270997,1.1662381529808044,1.1585024118423461,1.1572347044944764,1.1596095860004425,1.1647943437099457,1.1642307102680207,1.1636274099349975,1.1672957122325898,1.1658823430538177,1.1689393997192383,1.1699921488761902,1.1692594587802887,1.1724345266819,1.172530370950699,1.1747634649276733,1.1801836907863616
t_124,1.1339701533317565,1.1324951291084289,1.134470373392105,1.1293081998825074,1.1248839557170869,1.124253475666046,1.1147201478481292,1.108448213338852,1.1013721346855163,1.0992453575134278,1.0892324090003966,1.083919107913971,1.0828430712223054,1.0753002762794495,1.0717539608478546,1.0591339230537415,1.0523236215114593,1.0429682731628418,1.039502739906311,1.0293698072433473,1.0177963018417358,1.0145323663949966,1.0048694252967834,0.9919194459915162,0.9841282784938812,0.9785673201084137,0.9701478183269501,0.956266188621521,0.9480037331581116,0.9385141998529434,0.9240514814853669,0.9176433026790619,0.9045646518468857,0.8907063871622085,0.8768772274255753,0.8631789296865463,0.8574906826019287,0.8413611978292466,0.8300936281681061,0.816967996954918,0.8056421846151351,0.7907262653112411,0.7738006502389908,0.763566929101944,0.7367868065834046,0.7342149317264557,0.7165304481983185,0.6994216203689575,0.6761086642742157,0.6599752843379975,0.6433676958084107,0.6221526831388473,0.5989457458257675,0.5819329202175141,0.5596299469470978,0.5329946428537369,0.5094098389148712,0.4872674852609634,0.4729421764612198,0.4465129643678665,0.4151566788554192,0.39176612049341203,0.37028596103191375,0.343916055560112,0.31901042610406877,0.29068072736263273,0.2657797083258629,0.23894682377576829,0.21637375876307488,0.19303643181920052,0.17301625162363052,0.14316349551081659,0.13540926426649094,0.1086287446320057,0.09697156883776188,0.0,0.09510866925120354,0.1096297949552536,0.14878388196229936,0.15088751241564752,0.17234118580818175,0.19793979078531265,0.2261587053537369,0.265362174063921,0.27939772307872773,0.3033952206373215,0.3232609793543816,0.34527711421251295,0.3716872125864029,0.39505466669797895,0.4202031672000885,0.4412885919213295,0.47748545855283736,0.4869212985038757,0.513421393930912,0.5418698787689209,0.5507599174976349,0.5800360649824142,0.5937993973493576,0.6105775505304336,0.6278096377849579,0.6494243294000626,0.6690561026334763,0.6940276533365249,0.7062776476144791,0.7170320391654968,0.7278930574655533,0.7549897193908691,0.7557067573070526,0.7694451868534088,0.7834894925355911,0.7971342831850052,0.8136301070451737,0.8192217946052551,0.8339589387178421,0.846884137392044,0.8536322265863419,0.8674953281879425,0.8753029376268386,0.89083491563797,0.9146837681531906,0.9042463809251785,0.9151262998580932,0.9271125733852387,0.9313233345746994,0.9444341450929642,0.9527487874031066,0.959191307425499,0.9639375597238541,0.9670351713895797,0.9784691333770752,0.9836499989032745,0.9884764850139618,0.9977192610502243,1.0019676685333252,1.0158617198467255,1.0146773278713226,1.0190788686275483,1.0280936062335968,1.0294448912143708,1.0347902178764343,1.0434908807277679,1.0490260362625121,1.047852522134781,1.0539218723773955,1.0563330829143525,1.0620424926280976,1.0659087479114533,1.0688177287578582,1.0723420321941375,1.0756689846515655,1.0789495766162873,1.085730904340744,1.0867581069469452,1.0900159120559691,1.0931186556816102,1.0962749421596527,1.0981120109558105,1.1043871104717256,1.1059178054332732,1.1067576706409454,1.1084475636482238,1.1116570949554443,1.1211904466152192,1.119313609600067,1.1183083772659301,1.1281542360782624,1.1259262800216674,1.1273678183555602,1.1284027874469758,1.1289148151874542,1.1352327585220336,1.1357136130332948,1.1428767502307893,1.1379542529582978,1.1396847486495971,1.1481639444828033,1.1416345357894897,1.1463964343070985,1.1540600419044496,1.147578626871109,1.1486085414886475,1.1501107692718506,1.153927606344223,1.1660178124904632,1.1576734364032746,1.1562475264072418,1.1586796462535858,1.1641656577587127,1.1635474622249604,1.1627894937992096,1.1666246354579926,1.165079367160797,1.1682604014873506,1.169295334815979,1.1684970378875732,1.1718545436859131,1.1718771159648895,1.1741284251213073,1.179880005121231
t_123,1.142129135131836,1.1409036576747895,1.142826110124588,1.1377233803272246,1.1333310425281524,1.132811564207077,1.1233776390552521,1.1172646760940552,1.1104054689407348,1.1083553194999696,1.0983805179595947,1.0933032393455506,1.0922583878040313,1.0849599838256836,1.0814494967460633,1.0689828753471375,1.062382048368454,1.0533471941947936,1.0500206649303436,1.0400874018669128,1.0287248194217682,1.0256490528583526,1.0161814004182816,1.0034412443637848,0.9959460705518722,0.9906064242124557,0.9823389112949371,0.9688202679157257,0.9608247369527817,0.9515789151191711,0.9374433487653733,0.931289604306221,0.9185143291950226,0.9048396527767182,0.8914052158594131,0.8781297922134399,0.8726825654506684,0.8569785594940186,0.8459114998579025,0.8331276625394821,0.822087961435318,0.8077203601598739,0.7911033540964126,0.7809116095304489,0.7542787164449691,0.7526396483182907,0.735310509800911,0.7185717463493347,0.6956492096185685,0.6798068165779114,0.663750159740448,0.6429974347352981,0.6199258089065551,0.6035323649644851,0.5817634582519531,0.5551820278167725,0.5317567497491836,0.5101675912737846,0.4969796106219292,0.47085590958595275,0.43950011730194094,0.4162478744983673,0.3954894974827766,0.36916035413742065,0.34540942758321763,0.3163457825779915,0.2916746810078621,0.26448389440774916,0.24095910862088205,0.21615860015153884,0.19662374779582023,0.16519273966550826,0.1473170556128025,0.12800208516418934,0.10595863610506058,0.09510866925120354,0.0,0.0990236584097147,0.12543822042644023,0.12662616781890393,0.14939520582556726,0.1721665233373642,0.19988227486610413,0.23792174383997916,0.25230635777115823,0.2758241966366768,0.297936724126339,0.3195787325501442,0.3462119147181511,0.370008559525013,0.39523744732141497,0.4166073456406593,0.4521963581442833,0.4633448451757431,0.48966278582811357,0.5177687406539917,0.527901753783226,0.5571084558963776,0.5717810094356537,0.5893760085105896,0.6070742666721344,0.6287090420722962,0.6485170215368271,0.6736978113651275,0.6863545924425125,0.6976385951042176,0.709022867679596,0.7361823171377182,0.7375310838222504,0.7518895149230957,0.7661181032657624,0.7801501423120498,0.7967764735221863,0.8028455972671509,0.817778903245926,0.8310834527015686,0.8381864160299302,0.8522091031074523,0.8603551000356674,0.8760443300008773,0.8997567176818848,0.8899575233459472,0.9010259658098221,0.913145586848259,0.917725396156311,0.9308541864156723,0.9393643826246262,0.9460408687591553,0.9510319501161575,0.9543800592422486,0.9658930093050003,0.9712510764598846,0.9763018012046814,0.985593056678772,0.9900310963392258,1.0038874626159668,1.0030288964509964,1.0076187342405318,1.016687923669815,1.018262016773224,1.023673313856125,1.0324525952339172,1.038035398721695,1.0371051847934722,1.0432633340358735,1.0457969069480897,1.0515660524368287,1.055545723438263,1.05853111743927,1.0621880173683167,1.065602296590805,1.068974256515503,1.0757544577121734,1.0769309103488922,1.0802358508110046,1.083427119255066,1.0866612672805787,1.0885951519012451,1.0948796689510345,1.0965119361877442,1.0974432051181793,1.0992132902145386,1.1024710893630982,1.1119785189628602,1.1102098882198335,1.109322303533554,1.1190973043441772,1.1170315742492676,1.1185332357883453,1.1196686387062074,1.1202353358268737,1.1265699446201325,1.1271060705184937,1.1342364132404328,1.129450649023056,1.131267237663269,1.1396614193916321,1.1333369731903076,1.1380689918994904,1.1457171976566314,1.1393710672855377,1.1405197441577912,1.1420666456222535,1.1458580493927002,1.1578764498233796,1.1496783792972565,1.1483564138412476,1.1508261919021607,1.1562792539596558,1.1557456016540528,1.1550635516643524,1.1589245259761811,1.15748730301857,1.1606723487377166,1.1617789804935454,1.1610571503639222,1.16446253657341,1.164535140991211,1.1668481230735779,1.1726769745349883
t_122,1.1463874459266663,1.1451408743858338,1.1470630049705506,1.1420793950557708,1.1377952873706818,1.1372569382190705,1.1280189514160157,1.122043627500534,1.1153026640415191,1.1132990658283233,1.1035455524921418,1.098530012369156,1.0975427329540253,1.0903549790382385,1.0869658052921296,1.0748167872428893,1.0683484196662902,1.0594639539718629,1.0561943113803864,1.0465258955955505,1.0354402244091034,1.0323865115642548,1.0231641411781311,1.0107683181762694,1.0033901572227477,0.9981502383947373,0.990109097957611,0.9769378423690795,0.9691128522157669,0.9600948959589004,0.9463527739048004,0.9403213709592819,0.9279493808746337,0.9146718084812164,0.9015192091464996,0.8885883748531341,0.8832445681095124,0.8678613483905793,0.8571916162967682,0.8447250723838806,0.8339844435453415,0.8198699653148651,0.8037325471639634,0.7938473224639893,0.7682261675596237,0.7662221223115921,0.7492551684379578,0.7329911172389985,0.7106942802667617,0.6952944278717041,0.6794830441474915,0.6591541916131973,0.6370279401540756,0.6210125416517258,0.5995526880025863,0.5739364266395569,0.5512377172708511,0.5303595393896103,0.5165495872497559,0.49102080762386324,0.46100152730941774,0.4382342889904976,0.41762461960315705,0.39198846071958543,0.3678946062922478,0.3400479182600975,0.31605613231658936,0.28925089687108996,0.26694321632385254,0.24245472401380538,0.22164080068469047,0.19059475138783455,0.1758963793516159,0.15020932033658027,0.12776796221733094,0.1096297949552536,0.0990236584097147,0.0,0.1184069860726595,0.11417198628187179,0.1313766911625862,0.1546084463596344,0.17895062416791915,0.21935876160860063,0.2314140282571316,0.2564080633223057,0.27507587522268295,0.29741609543561937,0.32447532266378404,0.3479952499270439,0.3740742221474648,0.39510824382305143,0.43331229835748675,0.4429651528596878,0.4702165499329567,0.4997589260339737,0.5088232740759849,0.5395079523324966,0.5537677586078644,0.5711586475372314,0.5892283529043197,0.6117078185081481,0.6322524428367615,0.6583777457475662,0.6711728632450104,0.6824398428201676,0.6938835829496384,0.7223346889019012,0.7231642842292786,0.7377041637897491,0.7524183958768844,0.7665679574012756,0.7840093702077866,0.789754331111908,0.8053151696920395,0.8189150124788285,0.8259880512952804,0.8405496746301651,0.84886234998703,0.8651040405035019,0.8899555325508117,0.8791840881109237,0.8906551986932755,0.9032364785671234,0.9077023237943649,0.9214185327291489,0.9301855057477951,0.9370075911283493,0.9419544517993927,0.945323246717453,0.9571811497211457,0.9626838266849518,0.9677594840526581,0.9774531424045563,0.9819941699504853,0.9964022397994995,0.9952917367219924,0.9998792946338654,1.0092818319797516,1.0107935696840287,1.016401571035385,1.0253981530666352,1.0312039792537688,1.030068850517273,1.0364452302455902,1.0389673292636872,1.044936066865921,1.0490397572517396,1.052056074142456,1.055857253074646,1.0592890977859497,1.0627273142337799,1.0697918653488159,1.0709672749042511,1.0743431746959686,1.0775997459888458,1.080912286043167,1.0828685760498047,1.0894035160541535,1.0910413444042206,1.091933047771454,1.093703418970108,1.0970840096473693,1.106991070508957,1.1050567924976349,1.1040692329406738,1.114296120405197,1.1120326578617097,1.1135710656642914,1.1146584391593932,1.1152420043945312,1.1217430531978607,1.1223460376262664,1.1297015368938446,1.124757891893387,1.126553910970688,1.1353276431560517,1.1286138117313385,1.1335643708705903,1.1415466964244843,1.1348710417747498,1.1359888076782227,1.137614667415619,1.1415034651756286,1.1540393710136414,1.1454881250858306,1.1440614938735962,1.146564894914627,1.152285647392273,1.1516593396663666,1.1509686589241028,1.1549103200435638,1.153424286842346,1.1567348122596741,1.1578510344028472,1.1570763826370238,1.1606157839298248,1.1606692492961883,1.163013994693756,1.1690627574920653
t_121,1.1641985833644868,1.1636489510536194,1.1654397964477539,1.1604432284832,1.1561335504055024,1.1559383511543273,1.1466832637786866,1.1409551858901978,1.1346123039722442,1.1327824473381043,1.1228349089622498,1.1183304965496064,1.1173524856567383,1.1106707394123077,1.107242339849472,1.0950748801231385,1.0890395998954774,1.0807181537151336,1.0777012705802917,1.068274188041687,1.0574199378490448,1.054739534854889,1.0457630395889281,1.0334752202033997,1.026656150817871,1.0218294441699982,1.013916826248169,1.0011683225631713,0.9937982231378555,0.9850831806659699,0.9716886848211288,0.9660975009202957,0.9540936022996902,0.9405985951423645,0.9281387120485306,0.915740168094635,0.9108960449695587,0.8961316406726837,0.8854204267263412,0.8735229969024658,0.8630951076745987,0.8499631106853485,0.8340311408042907,0.8238668769598008,0.7973024427890778,0.7981750577688217,0.781724426150322,0.7657031744718552,0.743568480014801,0.7284004032611847,0.7136564046144486,0.6939965397119522,0.6711206525564194,0.6563195586204529,0.6358560681343078,0.6092113018035888,0.5860018640756607,0.5657151758670806,0.5559625029563904,0.5303998053073883,0.4988790422677994,0.4766489639878273,0.4572684869170189,0.4316979333758354,0.4104227855801582,0.38028950691223146,0.3572953075170517,0.3295043781399727,0.3051981940865517,0.2770265445113182,0.2634297087788582,0.22922162413597108,0.19783445000648497,0.1916266620159149,0.15854834616184235,0.14878388196229936,0.12543822042644023,0.1184069860726595,0.0,0.10789801701903343,0.11781765930354596,0.13275883123278617,0.1529310815036297,0.17767131477594375,0.19548178166151048,0.21536401733756066,0.24579626247286795,0.2642164915800095,0.2908334344625473,0.31463280618190764,0.34005281031131745,0.3606126204133034,0.3915636658668518,0.410117968916893,0.4342521086335182,0.45956971645355227,0.4743473768234253,0.501775874197483,0.5198620408773422,0.5398909687995911,0.5586192220449447,0.5796535342931748,0.5992940574884414,0.6243159741163253,0.6380666226148606,0.651147210597992,0.6639249861240387,0.690195494890213,0.6942173331975937,0.7101599931716919,0.7247957617044449,0.7397686064243316,0.7563818603754043,0.764021348953247,0.7791056334972382,0.7932660669088364,0.8015016049146653,0.8155949592590332,0.8246736496686935,0.8404120981693268,0.8625835448503494,0.8558255761861802,0.8672680139541626,0.8792937666177749,0.8850460529327393,0.8977864623069763,0.9069648146629333,0.9141673922538758,0.9199129968881607,0.923991683125496,0.9354672461748124,0.9412940740585327,0.9469138741493225,0.9561331003904343,0.9611156135797501,0.9743945479393006,0.9748458415269852,0.9798696398735046,0.9888941287994385,0.9911608397960663,0.9966910302639007,1.0054350972175599,1.0110163360834121,1.0109772771596908,1.0172600984573363,1.0202005445957183,1.0259610295295716,1.0302412927150726,1.0334624528884888,1.0374044060707093,1.0410478711128235,1.0446423053741456,1.0512115359306335,1.0529512584209442,1.056349229812622,1.0596333980560302,1.0630418717861176,1.0653204202651978,1.0714538753032685,1.073308563232422,1.0745315313339234,1.0765841364860536,1.0799397468566894,1.0889119684696198,1.0876708269119262,1.087270152568817,1.0964537560939789,1.0949857473373412,1.096730464696884,1.098137629032135,1.0989353358745575,1.105121874809265,1.105803233385086,1.1126299440860747,1.1084123492240905,1.110495924949646,1.1183201849460602,1.1129034101963042,1.1174162387847901,1.124688869714737,1.1191349565982818,1.1205962479114533,1.122259646654129,1.1258908927440643,1.1372028648853303,1.129855465888977,1.128932821750641,1.1315029382705688,1.1366436898708343,1.1364201486110688,1.1360178768634797,1.1398837924003602,1.1387383580207824,1.141871017217636,1.1432232677936554,1.1427671909332275,1.1460894107818604,1.146413666009903,1.148968333005905,1.1546851515769958
t_120,1.1625776708126068,1.1616746723651885,1.163487011194229,1.158652776479721,1.1545224368572236,1.154127150774002,1.1451790988445283,1.1395036339759828,1.1331208884716033,1.131251037120819,1.121749871969223,1.117104572057724,1.116153210401535,1.1094139218330383,1.1061229169368745,1.094390296936035,1.088314551115036,1.079955530166626,1.076908963918686,1.0676556527614594,1.0570406854152679,1.0542858719825745,1.0454783976078033,1.0335703313350677,1.026692944765091,1.0217976152896882,1.0140970826148987,1.0016247510910035,0.9942371547222137,0.98573237657547,0.9726460129022598,0.9670528322458267,0.9552439421415329,0.9424732387065887,0.9300603896379471,0.9178650110960007,0.9129406690597535,0.8983864903450012,0.8881608068943023,0.8763270735740661,0.8661745697259903,0.8529784321784973,0.8375315994024277,0.8279880374670029,0.8031164884567261,0.8020565003156662,0.7859256893396378,0.7704473912715912,0.749111270904541,0.734427323937416,0.7195435583591461,0.7002149254083634,0.6786454319953918,0.6634889870882035,0.643169617652893,0.6182568192481994,0.5962549686431885,0.5761290311813354,0.5636043578386307,0.5391653478145599,0.5094537660479546,0.48782279938459394,0.46780004799366,0.4428006589412689,0.41994481682777407,0.3918685257434845,0.36850083619356155,0.3419532775878906,0.31887695044279096,0.293985079228878,0.2744732081890106,0.24190417900681496,0.2186902493238449,0.19923143535852433,0.17023832425475122,0.15088751241564752,0.12662616781890393,0.11417198628187179,0.10789801701903343,0.0,0.09875237233936787,0.10777954421937466,0.12874787636101245,0.1664735831320286,0.17731174677610398,0.20132803097367286,0.22129594087600707,0.24331953153014182,0.27018667906522753,0.29508197903633115,0.32087076604366305,0.34311378449201585,0.38170343190431594,0.392290960252285,0.4205653160810471,0.4506805822253227,0.461042183637619,0.4923848882317543,0.5077868580818177,0.5265214025974274,0.5452708929777146,0.568760547041893,0.5899721622467041,0.6167506068944931,0.6303498983383179,0.6427279770374298,0.6552151799201965,0.6844266206026077,0.6859938204288483,0.7014951527118682,0.7166890650987625,0.7318791508674621,0.7496266782283783,0.7565111339092254,0.7725713521242141,0.7868455708026886,0.7947231978178024,0.8097958594560624,0.818708723783493,0.8353796124458313,0.8607397615909577,0.8506332218647004,0.8624465584754943,0.8755814075469971,0.8806420713663101,0.8946447432041168,0.9037500292062759,0.9109641939401627,0.9164892256259918,0.9202619969844819,0.9325630187988281,0.9383094996213913,0.9438437551259995,0.9537922620773316,0.95864038169384,0.9732368260622024,0.9726001858711243,0.9775533825159073,0.9871076017618179,0.989020112156868,0.9948512613773346,1.0041302621364594,1.0101161539554595,1.009297725558281,1.0158550947904588,1.0186555802822113,1.0247792601585388,1.0291789293289184,1.0323570609092712,1.0362556457519532,1.0400110006332397,1.0435947000980377,1.0508493721485137,1.0521351218223571,1.0556122839450837,1.059172761440277,1.0625934660434724,1.0647454261779785,1.0714078307151795,1.0732153534889222,1.074246698617935,1.0761714220046996,1.0796744704246521,1.0896538496017456,1.0879195630550385,1.0869892239570618,1.0973122894763947,1.0952824890613555,1.0969204783439637,1.0981672167778016,1.098834490776062,1.1055152237415313,1.106136929988861,1.1136037290096283,1.1087809026241302,1.1107013821601868,1.1195281386375426,1.1130196094512939,1.1180448710918427,1.1261000633239746,1.1194420158863068,1.1208202838897705,1.1224877536296844,1.1264370918273925,1.1390779256820678,1.1305618703365325,1.129318118095398,1.1319367706775665,1.137656146287918,1.137189793586731,1.1365430235862732,1.140695756673813,1.139310175180435,1.1426657259464263,1.1439332783222198,1.1432938277721405,1.146907114982605,1.1470317602157594,1.1495364367961884,1.155825001001358
t_119,1.1677397727966308,1.166934883594513,1.1687029898166656,1.1639437615871429,1.1598628759384155,1.1595176219940186,1.1506929397583008,1.1451291203498841,1.138854718208313,1.1370274484157563,1.1276481211185456,1.1231265604496001,1.122177654504776,1.1155889689922334,1.1123601734638213,1.1008136332035066,1.0948396503925324,1.086699801683426,1.0837183475494385,1.0746224880218507,1.0642118871212005,1.0615263104438781,1.0528866291046142,1.041178333759308,1.0344702780246735,1.029708456993103,1.0221392214298248,1.0099406689405441,1.002679270505905,0.994378861784935,0.9815813809633255,0.9760861963033676,0.9645149022340774,0.9520093113183975,0.9398805290460587,0.9279728919267655,0.9231902599334717,0.9089615106582641,0.8989359259605407,0.8873487174510956,0.8774197816848754,0.8646035969257355,0.8494470685720443,0.8400923937559128,0.8157476752996444,0.8147886455059051,0.7990175247192383,0.7838443994522095,0.7630446404218674,0.7486815273761749,0.734150904417038,0.7151858299970627,0.6940796196460723,0.6792780220508575,0.6593902587890625,0.6349541157484054,0.613436272740364,0.5937750250101089,0.5815121859312058,0.557539215683937,0.5284482911229134,0.5072434023022652,0.4875490337610245,0.4629520639777184,0.44058756679296496,0.4131576120853424,0.3899070620536804,0.3637965559959412,0.34109482169151306,0.3161295220255852,0.297155088186264,0.26491318345069886,0.24104179590940475,0.22187751531600952,0.1932854250073433,0.17234118580818175,0.14939520582556726,0.1313766911625862,0.11781765930354596,0.09875237233936787,0.0,0.09918954148888588,0.11744528561830521,0.14931172803044318,0.15948108062148095,0.18327783346176146,0.20073219984769822,0.22224656865000725,0.24910781979560853,0.2741576358675957,0.2998748868703842,0.3229092136025429,0.36189826726913454,0.3717654824256897,0.40069798976182935,0.4313951894640923,0.44157924354076383,0.4736547529697418,0.4891229882836342,0.5083067640662193,0.5272782623767853,0.551395383477211,0.5728842198848725,0.6001431703567505,0.6140590906143188,0.6267508178949356,0.6394351899623871,0.669213131070137,0.6706994652748108,0.6865719586610795,0.7019812434911727,0.7176332712173462,0.7356337666511535,0.7428112864494324,0.7591307669878006,0.7737986981868744,0.7819036900997162,0.7972865551710129,0.8064117342233658,0.8233422189950943,0.8493459016084671,0.8389871329069137,0.8510830760002136,0.8645594090223312,0.8697471618652344,0.8839786022901535,0.8932620376348496,0.9006200939416885,0.9063749134540557,0.9102698147296906,0.9228466868400573,0.9286878138780594,0.9344076424837112,0.9445596724748612,0.9494889378547668,0.9643237620592118,0.9636997610330582,0.9688350081443786,0.9785774499177933,0.9805432796478272,0.9865198194980621,0.9959697723388672,1.002136191725731,1.001315528154373,1.0079788535833358,1.0108789473772049,1.0171021938323974,1.0215994477272035,1.0248697638511657,1.0288057029247284,1.0327426970005036,1.0363822042942048,1.0437239706516266,1.0450543940067292,1.0486331701278686,1.052285647392273,1.0557692170143127,1.0579753339290618,1.0647562384605407,1.0666467905044557,1.0677131772041322,1.069700938463211,1.0732186496257783,1.0834237337112427,1.0817172825336456,1.0807185232639314,1.0911942064762115,1.0892276167869568,1.0909102439880372,1.0922301948070525,1.0928737580776215,1.0996780335903167,1.1002950191497802,1.1079134404659272,1.1030446112155914,1.1050216257572174,1.1139686465263368,1.10740807056427,1.1125260293483734,1.1207329869270324,1.113914918899536,1.1154016077518463,1.1171032071113587,1.121067726612091,1.1340239346027374,1.1253470182418823,1.1241226971149445,1.1267594397068024,1.1325991213321687,1.1321821987628937,1.1315051317214966,1.1357536733150482,1.1343867421150207,1.1377745032310487,1.1391028225421906,1.138480144739151,1.1422075748443603,1.1423234403133393,1.1448938965797424,1.1514046669006348
t_118,1.1759129106998443,1.1752294838428496,1.176945436000824,1.1722520112991333,1.1682431519031524,1.1679271399974822,1.1592511296272279,1.1538116753101348,1.1477010369300842,1.1459058284759522,1.1366563618183136,1.132276999950409,1.1313428282737732,1.1249218821525573,1.1217264175415038,1.1103903114795686,1.1045643627643584,1.0966433227062224,1.09375718832016,1.0848340153694154,1.0746085822582245,1.0720747470855714,1.0635930478572846,1.0520950496196746,1.0455973327159882,1.0409825980663299,1.033521342277527,1.021649381518364,1.0145555764436722,1.0065145820379258,0.9939850896596909,0.9886956870555877,0.977299690246582,0.9651309877634049,0.9533063471317291,0.9417495280504227,0.9371533304452896,0.9233042746782303,0.913523456454277,0.9021649390459061,0.892567801475525,0.8801865339279175,0.8653342455625535,0.856179141998291,0.832311162352562,0.8316500544548034,0.8162825733423233,0.8015714973211289,0.7812344551086425,0.7672504663467408,0.7531478613615036,0.7346755892038346,0.7139428436756134,0.699441546201706,0.6801944732666015,0.6561761170625686,0.6351623952388763,0.6157004803419113,0.6037847995758057,0.5807177901268006,0.5518272817134857,0.531167908012867,0.5116920441389083,0.4876077607274055,0.4659771859645844,0.4384175732731819,0.4153644606471062,0.3900568589568138,0.36707106977701187,0.34242760837078096,0.32372971922159194,0.2915708512067795,0.26514284387230874,0.24767545983195305,0.21845042258501052,0.19793979078531265,0.1721665233373642,0.1546084463596344,0.13275883123278617,0.10777954421937466,0.09918954148888588,0.0,0.09836533851921558,0.12760025560855864,0.1331634506583214,0.1574440710246563,0.1728601112961769,0.1945518210530281,0.22069730386137962,0.24719916954636573,0.2715241387486458,0.29592380821704867,0.3356419920921326,0.3445515513420105,0.37474906742572783,0.40609167218208314,0.4166481986641884,0.44936501383781435,0.46502184867858887,0.4848262369632721,0.5037388414144516,0.528867956995964,0.5507282018661499,0.5781493723392487,0.5925113469362259,0.6058956176042557,0.6191055715084076,0.6495260924100876,0.6512168705463409,0.667446893453598,0.6829347282648086,0.6993156164884567,0.7173754334449768,0.7252607941627502,0.7418540388345718,0.7569018363952636,0.7654518485069275,0.7811945915222168,0.7906688243150711,0.8077512413263321,0.8342978566884994,0.8240395724773407,0.8362180233001709,0.8501732647418976,0.8556109935045242,0.8700588822364808,0.879320102930069,0.8869390100240707,0.8930108100175858,0.8971203774213791,0.9100370526313781,0.9159111142158508,0.9219074308872223,0.9322508633136749,0.9373459398746491,0.9523048907518387,0.9518515557050705,0.9571767300367355,0.9669789761304856,0.9692183762788773,0.9753026843070984,0.9849140912294387,0.9911834865808486,0.9905204474925995,0.9972639858722687,1.0003388494253158,1.0065888434648513,1.0112875342369079,1.0146172761917114,1.018544813990593,1.0227589428424835,1.0264012038707733,1.0339494585990905,1.0352592170238495,1.0388274312019348,1.042781162261963,1.0462887465953827,1.0485689342021942,1.0555019676685333,1.0574700295925141,1.0585946917533875,1.060666823387146,1.0642532408237457,1.0745942056179048,1.072932517528534,1.0718909204006195,1.0824927508831024,1.0806692242622375,1.0823824405670166,1.0837980329990387,1.0844625294208527,1.0913703083992004,1.0920020282268523,1.0997015118598938,1.0949157655239106,1.0968944430351257,1.1059372186660767,1.0994517624378204,1.104623657464981,1.1129300355911256,1.106000304222107,1.1076716423034667,1.109422504901886,1.113380593061447,1.1264769971370696,1.1177374124526978,1.11663219332695,1.1193361341953278,1.1251895308494568,1.1248444259166717,1.124157589673996,1.1285693407058717,1.127251648902893,1.1306869864463807,1.1320989847183227,1.1315338551998138,1.1353366315364837,1.1354441940784454,1.1381010115146637,1.144856333732605
t_117,1.1811955869197845,1.1806509613990783,1.1823444187641143,1.177745258808136,1.1737906694412232,1.1735535919666291,1.165039211511612,1.1597515165805816,1.1538228690624237,1.152101892232895,1.1429948329925537,1.1387816548347474,1.1378902673721314,1.1316803872585297,1.1285819828510284,1.117469948530197,1.111858081817627,1.1041706204414368,1.1013761162757874,1.0927405059337616,1.0827772676944734,1.0803456902503967,1.0721011817455293,1.0609100759029388,1.054611724615097,1.0501536548137664,1.0429389953613282,1.0314179897308349,1.0245899617671967,1.0167571187019349,1.0046173304319381,0.9995255172252655,0.9885533452033997,0.9766037285327911,0.9651445239782334,0.95395567715168,0.9495449185371398,0.9360678732395172,0.9265675514936447,0.915613466501236,0.9062584578990937,0.8942305088043213,0.8798396319150925,0.8708347290754318,0.8474846959114075,0.8471685707569122,0.8321683079004287,0.817845419049263,0.7979636937379837,0.7843441486358642,0.7706632405519486,0.7526672154664993,0.7324435412883759,0.7185521751642228,0.6996858835220336,0.6762150019407273,0.6555794656276703,0.6369293183088303,0.6255603104829788,0.6026157051324844,0.5746036469936371,0.554371976852417,0.5355726405978203,0.5119100496172905,0.49053639024496076,0.46375783532857895,0.4416386649012566,0.41612084209918976,0.3940504461526871,0.36951790750026703,0.35102357566356657,0.3191497176885605,0.2938241347670555,0.2763248935341835,0.24646226763725282,0.2261587053537369,0.19988227486610413,0.17895062416791915,0.1529310815036297,0.12874787636101245,0.11744528561830521,0.09836533851921558,0.0,0.11426411345601081,0.1136494867503643,0.1352946378290653,0.14999052584171296,0.16908613294363023,0.19464404806494712,0.21936099231243134,0.244714467972517,0.26720994859933855,0.30784140676259997,0.31788793951272964,0.3474522978067398,0.3792468637228012,0.3898838609457016,0.42313072830438614,0.4393052726984024,0.4592155084013939,0.4791485145688057,0.504236315190792,0.5268224239349365,0.5551961719989776,0.5699078112840652,0.5833437085151673,0.5970160603523255,0.6282188087701798,0.6301444470882416,0.646948567032814,0.6631898254156112,0.679655110836029,0.6985725581645965,0.7063907951116561,0.7236048251390457,0.7389588952064514,0.7477725654840469,0.7638529986143112,0.7736760914325714,0.7913491576910019,0.8182824552059174,0.8081333369016648,0.820776304602623,0.8349427253007888,0.8406016021966934,0.8554561734199524,0.865264755487442,0.8730884581804276,0.8792387843132019,0.8835294663906097,0.8966051518917084,0.902825516462326,0.908916762471199,0.9195508062839508,0.9248658269643784,0.9402033984661102,0.9398703515529633,0.9452572822570801,0.9553527206182479,0.957669585943222,0.963920596241951,0.9737184852361679,0.980139085650444,0.9795358955860138,0.9865181982517243,0.9896540552377701,0.9961154639720917,1.0009341150522233,1.0043585270643234,1.0085639894008636,1.0126859426498414,1.016527134180069,1.0241864323616028,1.0256916224956512,1.0293624877929688,1.0332774341106414,1.036920416355133,1.039316898584366,1.046355777978897,1.0483770966529846,1.0495777308940888,1.051701420545578,1.0554008960723877,1.065899807214737,1.064232349395752,1.0633105397224427,1.0740914404392243,1.0722002744674684,1.0739937126636505,1.0754136741161346,1.0761764645576477,1.0831685423851014,1.0838966369628906,1.0916885733604431,1.0869173645973205,1.0889492213726044,1.0981553196907043,1.0915705502033233,1.096858561038971,1.105276769399643,1.0983944296836854,1.1000146925449372,1.1018271565437316,1.1059118986129761,1.1191429495811462,1.1103976011276244,1.109250283241272,1.111997276544571,1.1180026233196259,1.1176257848739624,1.1170436680316924,1.1214501082897186,1.1201577007770538,1.1236887514591216,1.1251178443431855,1.124600499868393,1.1284564435482025,1.1286372184753417,1.1313790082931519,1.1381589949131012
t_116,1.1957326352596283,1.1956240653991699,1.1972258627414702,1.1926224410533905,1.188682234287262,1.1886009275913239,1.180123257637024,1.1750349879264832,1.1693764746189117,1.1677499830722808,1.1585596442222594,1.1546867430210113,1.1538042962551116,1.1479144513607025,1.1447783887386322,1.1337387323379517,1.1283977627754211,1.1211212694644928,1.118507868051529,1.1100306391716004,1.100262951850891,1.0980765700340271,1.090015435218811,1.0789337694644927,1.0730274617671967,1.0688634932041168,1.0616910338401795,1.0505501985549928,1.04402716755867,1.0364682734012605,1.0245778769254685,1.0198165953159333,1.0090769708156586,0.9971300691366196,0.9861013710498809,0.9754312545061111,0.9713326960802078,0.9583299428224563,0.9488881230354309,0.9383090138435364,0.9292689144611359,0.917984339594841,0.9037683039903641,0.8946460008621215,0.8709412455558777,0.8724216669797897,0.8578386813402176,0.8438229203224182,0.8241752862930298,0.8108401775360108,0.7979147911071778,0.7804704517126083,0.7600114285945893,0.7469750344753265,0.7288765847682953,0.7051001191139221,0.6844869256019592,0.6662588477134704,0.65708127617836,0.6347542941570282,0.606082484126091,0.5862956404685974,0.5683150082826615,0.5452822595834732,0.5257678344845772,0.4977873921394348,0.4764656722545624,0.45121143758296967,0.4283828973770142,0.4025719612836838,0.38769630044698716,0.3558879479765892,0.3235485076904297,0.3149042218923569,0.2819822669029236,0.265362174063921,0.23792174383997916,0.21935876160860063,0.17767131477594375,0.1664735831320286,0.14931172803044318,0.12760025560855864,0.11426411345601081,0.0,0.10067347027361392,0.11086948402225971,0.135545963793993,0.14696798250079154,0.1696052886545658,0.19407025277614592,0.21539437249302865,0.23806087747216226,0.27112037092447283,0.2880531415343285,0.31509349793195723,0.34282609820365906,0.35833956152200697,0.3888005167245865,0.40782482028007505,0.4301586836576462,0.4504850745201111,0.4745635658502579,0.496187287569046,0.5232396066188812,0.5387523621320724,0.554144361615181,0.5691266566514969,0.5985642343759536,0.6031052559614182,0.6212618857622146,0.637085086107254,0.6544707328081131,0.6725214213132858,0.682228633761406,0.6990714132785797,0.7149771392345429,0.7248519957065582,0.740677946805954,0.7512842297554017,0.7684117972850799,0.7934411555528641,0.7863436579704285,0.798940771818161,0.8129275351762771,0.8196377366781235,0.8337929010391235,0.8437400430440902,0.8520072132349015,0.8588626235723495,0.8638249397277832,0.8766527086496353,0.8831005156040191,0.8897633790969849,0.9000999808311463,0.9058394432067871,0.9202387124300003,0.9212080925703049,0.9270037949085236,0.9367373943328857,0.9397828370332718,0.9460556864738464,0.9556253463029861,0.9619084507226944,0.9622423619031906,0.9691672474145889,0.9726550161838532,0.9789295375347138,0.9840488582849503,0.9875831723213195,0.9919015944004059,0.9963054716587066,1.0002491384744645,1.0076107323169707,1.0094943791627884,1.0131814897060394,1.0172972083091736,1.0209975838661194,1.0236566305160522,1.0304560482501983,1.0326895475387574,1.0341098010540009,1.036461454629898,1.0401917338371276,1.050044596195221,1.0488883078098297,1.0483656764030456,1.0584058463573456,1.0572004973888398,1.0591404676437377,1.06084343791008,1.0617944061756135,1.0685383081436157,1.0693786084651946,1.0767167687416077,1.0726245582103728,1.0748399138450622,1.0833499014377594,1.0777670860290527,1.082742989063263,1.0906954407691956,1.084590059518814,1.0865503013134004,1.0884135842323304,1.0922497749328612,1.1046310842037201,1.0967504322528838,1.0960896909236908,1.0988412737846374,1.1044166028499602,1.1043541491031648,1.1040048539638518,1.1084019184112548,1.1074316263198853,1.110832303762436,1.1124683320522308,1.1122202217578887,1.11595658659935,1.116324746608734,1.119191473722458,1.1258700609207153
t_115,1.1960492253303527,1.1958558082580566,1.197454470396042,1.1929411947727204,1.1890723049640655,1.1889695644378662,1.1806318163871765,1.1756014943122863,1.169975858926773,1.1683611512184142,1.159363704919815,1.1554933130741118,1.1546385645866395,1.148782640695572,1.145733368396759,1.1349133729934693,1.1296164631843566,1.1224023342132567,1.1197840511798858,1.1114669263362884,1.1018512666225433,1.0996600151062013,1.0917349696159362,1.0808723747730256,1.0749924659729004,1.0708566963672639,1.0638400495052338,1.0528865933418274,1.0464267194271089,1.039009165763855,1.0273573517799377,1.0226237952709198,1.012108051776886,1.0004692852497101,0.9896185636520386,0.979088482260704,0.9750235706567765,0.9622048377990723,0.9530399382114411,0.9426210165023804,0.9337500482797623,0.9225587248802185,0.908679187297821,0.8998265445232392,0.8769587486982345,0.8778148382902146,0.8634978950023651,0.8497725427150726,0.8306566894054412,0.8176215827465058,0.8047985911369324,0.7876303970813752,0.7678614795207978,0.7548950642347336,0.7370384335517883,0.7141224950551986,0.6941114217042923,0.6762022525072098,0.6664336651563645,0.644485953450203,0.616947227716446,0.5975191712379455,0.5796856641769409,0.5569496810436249,0.5372787028551101,0.5104927778244018,0.4893414378166199,0.4646243616938591,0.44258562475442886,0.4178669944405556,0.4015264272689819,0.3703709214925766,0.3414554789662361,0.32877236157655715,0.297553950548172,0.27939772307872773,0.25230635777115823,0.2314140282571316,0.19548178166151048,0.17731174677610398,0.15948108062148095,0.1331634506583214,0.1136494867503643,0.10067347027361392,0.0,0.10366867631673812,0.11703728847205638,0.12791559770703315,0.14949121251702308,0.17351974695920944,0.19544412940740585,0.21812430247664452,0.25574539676308633,0.26850036680698397,0.2973950862884521,0.3275763139128685,0.3406537681818008,0.37350850701332095,0.3912441611289978,0.4129938244819641,0.43333065807819365,0.4587957188487053,0.4815029680728912,0.5098588109016419,0.5254844039678573,0.5404164373874665,0.5552830636501312,0.586580216884613,0.5898718893527984,0.6080585062503815,0.6244897693395615,0.6420570433139801,0.6610252946615219,0.6702958941459656,0.6878629744052887,0.7040186643600463,0.7137948334217071,0.7302389770746232,0.7408840477466583,0.7587544918060303,0.7854970276355744,0.7768156111240387,0.7898285567760468,0.8043850362300873,0.8108895599842072,0.8257816553115844,0.835984182357788,0.8442884355783462,0.851108393073082,0.8560032278299332,0.8693349093198777,0.8758743107318878,0.882527306675911,0.8933497726917267,0.8990837901830673,0.9142814934253692,0.9147617399692536,0.9205888211727142,0.9307416349649429,0.9336332947015762,0.9400921791791916,0.9500445008277894,0.9565961509943008,0.9565604865550995,0.9637476146221161,0.9671892672777176,0.9737103044986725,0.9789061546325684,0.9825121611356735,0.9869120299816132,0.9913604706525803,0.9953921765089035,1.0030754119157792,1.0048801273107528,1.0086494982242584,1.0128720611333848,1.0166455626487731,1.0192766785621643,1.026360946893692,1.028613519668579,1.0300061285495759,1.0323489487171174,1.0361660599708558,1.0465794801712036,1.0452032327651977,1.0444735050201417,1.0551091372966765,1.0536386847496033,1.0555800795555115,1.0572279334068297,1.0581507802009582,1.065170454978943,1.0660053372383118,1.0737263321876527,1.0693098247051238,1.0714923202991486,1.0805588960647583,1.074436569213867,1.0796914100646973,1.0880494952201842,1.0814389050006867,1.0833820700645447,1.0852739632129669,1.0893056213855743,1.1024287283420562,1.0939598381519318,1.093098556995392,1.095940399169922,1.1018676280975341,1.1017077922821046,1.101252555847168,1.1058025240898133,1.104703664779663,1.1082790851593018,1.1098874926567077,1.1095649540424346,1.1134765028953553,1.1137941658496857,1.1166850686073304,1.1236560106277467
t_114,1.2015213012695312,1.2015226125717162,1.2030799448490144,1.1985962688922882,1.1947572827339172,1.194753849506378,1.1865104675292968,1.1815995872020721,1.176149183511734,1.174602997303009,1.165651297569275,1.1619605839252471,1.161118173599243,1.1554848313331605,1.1524558246135712,1.1417503118515016,1.1366535305976868,1.129673969745636,1.1271715998649596,1.1190338432788849,1.1096213400363921,1.1075313329696654,1.0997853994369506,1.0891106009483338,1.0834744930267335,1.079499065876007,1.0726562857627868,1.0619345366954804,1.0557161509990691,1.048441219329834,1.0370663702487946,1.0324999272823334,1.022292673587799,1.010710072517395,1.0002075672149657,0.9899714708328247,0.9860373198986053,0.9735793590545654,0.9645051509141922,0.9544550776481628,0.9457097798585892,0.9349111139774322,0.9213166326284409,0.9124865829944611,0.8897265374660492,0.8912218421697616,0.8772439181804657,0.8636992365121842,0.8449258983135224,0.8320945709943771,0.8196581959724426,0.8029168307781219,0.7832950115203857,0.7708058476448059,0.7533221125602723,0.7305516809225082,0.7107047826051712,0.6933894872665405,0.6845952928066253,0.6627487748861313,0.6355276554822922,0.6163246423006058,0.5991588771343231,0.5767908573150635,0.5577143102884292,0.5313207298517227,0.5107562750577926,0.4858408600091934,0.4641094893217087,0.43892890512943267,0.42397772073745726,0.39300569891929626,0.3629442274570465,0.35293606817722323,0.320961032807827,0.3033952206373215,0.2758241966366768,0.2564080633223057,0.21536401733756066,0.20132803097367286,0.18327783346176146,0.1574440710246563,0.1352946378290653,0.11086948402225971,0.10366867631673812,0.0,0.11528110802173615,0.11589258946478367,0.1341841623187065,0.15475108698010445,0.1760889433324337,0.1957753323018551,0.22971216812729836,0.2472058854997158,0.2735421806573868,0.3017633453011513,0.3171209439635277,0.3486223816871643,0.36788090169429777,0.3909947410225868,0.412469819188118,0.4366499751806259,0.4592803195118904,0.488130421936512,0.5040318861603736,0.5194207698106765,0.5349200636148452,0.5656590342521668,0.5702326983213425,0.5892572939395905,0.6060931086540222,0.6239918261766434,0.6431386291980743,0.6529635995626449,0.6706971734762192,0.6873191148042679,0.6976107239723206,0.7139943569898606,0.7250186860561371,0.7431253075599671,0.7692340314388275,0.7619084358215332,0.7752291917800903,0.7896112531423569,0.7966791480779648,0.811428016424179,0.8221744894981384,0.8306780368089676,0.8378030568361282,0.8429888784885406,0.8563407033681869,0.8631967812776565,0.870035645365715,0.8808389395475388,0.8868161559104919,0.9018798798322678,0.9029507458209991,0.9089949727058411,0.9192602515220643,0.9223145842552185,0.9288955569267273,0.9389411091804505,0.9454480975866317,0.9457963794469834,0.9531078577041626,0.9567071467638015,0.963309708237648,0.9685620248317719,0.9723759233951569,0.9769423037767411,0.9814014106988906,0.9855894178152085,0.993171575665474,0.9952424049377442,0.9991651624441147,1.0033144414424897,1.007210186123848,1.0100002586841583,1.0169969886541366,1.0193728864192964,1.0209183037281035,1.0233832895755768,1.0272344648838043,1.0374461710453033,1.0363411843776702,1.0358529388904572,1.0462630569934845,1.044980174303055,1.047062772512436,1.0488239467144012,1.0498105585575104,1.0568335592746734,1.0577383577823638,1.0654062926769257,1.061147791147232,1.0634603261947633,1.072336232662201,1.066545593738556,1.0717254400253295,1.0799290120601654,1.0737156569957733,1.075725442171097,1.0776270627975464,1.0816807210445405,1.0945098161697389,1.0863943338394164,1.0856711566448212,1.088590782880783,1.094393366575241,1.0943732738494873,1.0940380811691284,1.0986010372638702,1.0975485146045685,1.101148110628128,1.1028495967388152,1.1026472866535186,1.1065152764320374,1.1069901764392853,1.1100329756736755,1.1168603420257568
t_113,1.2018953502178191,1.2016285598278045,1.2031766057014466,1.198870313167572,1.1951872766017915,1.195025134086609,1.1870668947696685,1.18222616314888,1.1767671227455139,1.175198882818222,1.1666567742824554,1.1628719687461853,1.162058800458908,1.1563902735710143,1.153511071205139,1.1432070672512054,1.1380798161029815,1.1311410307884215,1.1286032915115356,1.1206523060798645,1.1114646732807159,1.1093459844589233,1.101765114068985,1.0914338946342468,1.0857839286327362,1.0817881941795349,1.0751020789146424,1.0646797955036162,1.0584539651870728,1.0514097213745117,1.040353286266327,1.0357991933822632,1.0257635861635208,1.0149002701044083,1.0044913232326507,0.9944653391838074,0.990550184249878,0.9783424496650696,0.9697401493787765,0.9597502738237381,0.9513349771499634,0.9406086891889572,0.9274784475564957,0.9192338466644288,0.8980185329914093,0.898026043176651,0.8843943476676941,0.8714407444000244,0.8534643411636352,0.8411873579025269,0.8288210332393646,0.812462317943573,0.7940628230571747,0.7814429074525833,0.7643597662448883,0.7430251985788345,0.7243737190961838,0.7072753340005875,0.6966399818658828,0.6760571092367172,0.6504002690315247,0.632006698846817,0.6145670592784882,0.5929655969142914,0.5733752161264419,0.5485752612352371,0.5280524104833603,0.504690320789814,0.4841248899698257,0.46127734482288363,0.44371775090694426,0.4142489492893219,0.38909623622894285,0.37276274859905245,0.3441380947828293,0.3232609793543816,0.297936724126339,0.27507587522268295,0.24579626247286795,0.22129594087600707,0.20073219984769822,0.1728601112961769,0.14999052584171296,0.135545963793993,0.11703728847205638,0.11528110802173615,0.0,0.09950105622410774,0.11209935024380684,0.1325267992913723,0.1516081713140011,0.174762611836195,0.22100570127367974,0.2213694341480732,0.2551521062850952,0.2907698929309845,0.29828708469867704,0.33536105751991274,0.3497666984796524,0.3705633878707886,0.3909508168697357,0.419457745552063,0.4439439684152603,0.47457611858844756,0.49036755263805387,0.505100105702877,0.5199691444635391,0.5547774463891983,0.5558919697999954,0.5739953875541687,0.5913183182477951,0.6097525537014008,0.6302025854587555,0.6392506629228591,0.6581195086240769,0.6749644666910172,0.6848730832338333,0.7026641577482223,0.7136130124330521,0.7326936751604081,0.7631042569875717,0.7514636904001236,0.7651806861162186,0.7812348932027817,0.7874497473239899,0.8038217306137085,0.8142457634210587,0.8228668123483658,0.8299217849969864,0.8347932875156403,0.8492781698703766,0.8559627711772919,0.862871989607811,0.8746183693408967,0.8804625540971756,0.8971165239810943,0.8968239605426789,0.9028760373592377,0.9137854665517807,0.9165783673524857,0.9234969407320023,0.9341971427202225,0.9412950247526168,0.9407755464315415,0.9483900785446167,0.9518910139799118,0.9588863521814346,0.9643533825874329,0.9681044846773148,0.9725512236356735,0.9773824244737626,0.9814880788326263,0.9899439007043839,0.9914469838142395,0.9954292714595795,1.0000488489866257,1.0039453148841857,1.006615224480629,1.0143261849880219,1.0166560530662536,1.017961996793747,1.0203444361686707,1.0243369579315185,1.035826599597931,1.0341307461261748,1.0329636573791503,1.0447230637073517,1.0428822457790374,1.0448454678058625,1.0464898705482484,1.0473030507564545,1.0548998534679412,1.055704015493393,1.0641466915607452,1.0592020571231842,1.0613517999649047,1.0713666260242463,1.0643783390522004,1.070137119293213,1.0793218195438385,1.0716874301433563,1.0737094700336456,1.0756802082061767,1.0799887478351593,1.0944949209690094,1.084993988275528,1.083941602706909,1.0868609189987182,1.093364280462265,1.0931113064289093,1.0924617290496825,1.0973658502101897,1.0960967123508454,1.0999449133872985,1.1015972793102264,1.1011772513389588,1.1054603159427643,1.105622398853302,1.1086224436759948,1.116342693567276
t_112,1.2071828424930573,1.2070953607559205,1.2086179733276368,1.2043168127536774,1.200643575191498,1.2005819261074067,1.1926890850067138,1.1879477500915527,1.1826412498950958,1.1811326444149017,1.172604775428772,1.1689900934696198,1.168169867992401,1.1626948177814485,1.1598368227481841,1.1496320188045501,1.1446591138839721,1.1379434406757354,1.1354885697364807,1.1276846170425414,1.1186673104763032,1.1166401386260987,1.1092108905315399,1.0990408122539521,1.0935883402824402,1.0897398889064789,1.0832130670547486,1.0729824662208558,1.0669838607311248,1.0600732266902924,1.0492578625679017,1.044834738969803,1.0350832611322403,1.024269884824753,1.0141663134098053,1.0044131577014923,1.0006374835968017,0.9887116849422455,0.9802117109298706,0.9705098360776901,0.9622379124164582,0.9518885016441345,0.9389743447303772,0.9307347297668457,0.9095573186874389,0.9102077871561051,0.8968910485506058,0.8840946793556214,0.8664191395044327,0.8543118685483932,0.842324075102806,0.8262895792722702,0.8080059200525284,0.795857360959053,0.7790966898202896,0.7579243808984757,0.7393843799829483,0.7227852433919907,0.7131543308496475,0.6925500690937042,0.6672438025474549,0.6489821076393127,0.6321923762559891,0.6108837634325027,0.5919496506452561,0.5674334853887558,0.5474330931901932,0.5239113464951515,0.5035464912652969,0.48038283586502073,0.4639082297682762,0.4346370965242386,0.40841611176729203,0.3942249044775963,0.3651148691773415,0.34527711421251295,0.3195787325501442,0.29741609543561937,0.2642164915800095,0.24331953153014182,0.22224656865000725,0.1945518210530281,0.16908613294363023,0.14696798250079154,0.12791559770703315,0.11589258946478367,0.09950105622410774,0.0,0.09615074843168259,0.11241127401590348,0.13027164414525033,0.15083202049136163,0.19403114467859267,0.1981359176337719,0.2296340212225914,0.26372202634811404,0.27231675684452056,0.30901453644037247,0.3245970219373703,0.3466262355446815,0.36833129078149796,0.39585946798324584,0.4202269181609154,0.45127845406532285,0.4676002740859985,0.4826953291893005,0.4982864409685135,0.5326535493135452,0.5348099261522293,0.5540261566638947,0.5716375410556793,0.5905584812164306,0.611191788315773,0.6208667486906052,0.6399243593215942,0.6572962492704392,0.6677801877260208,0.6855407565832138,0.696891850233078,0.7161779135465622,0.7461602121591568,0.7356770485639572,0.7497664242982864,0.765687358379364,0.772470012307167,0.7887258470058441,0.7997459977865219,0.808554059267044,0.815927854180336,0.8210998147726059,0.8355912148952485,0.8426176071166992,0.8497422963380814,0.8615002661943436,0.8675867766141891,0.8841417849063873,0.8843961238861084,0.8907236814498901,0.9017230093479156,0.9046782195568085,0.9117664933204651,0.9225304633378982,0.9296591252088546,0.9294521301984787,0.9372450858354568,0.9408804476261139,0.9479813724756241,0.9535275667905807,0.957475271821022,0.9621000707149505,0.9669614195823669,0.9712684571743011,0.9795455545186996,0.9813413590192794,0.9855043917894364,0.9900772571563721,0.9940895110368728,0.9968758136034012,1.0045307159423829,1.0070096731185914,1.0084957540035249,1.0110171496868134,1.0149962782859803,1.02634938955307,1.0249124348163605,1.0239421427249908,1.0355073630809783,1.0338873445987702,1.0359647810459136,1.0377354681491853,1.038622897863388,1.0462133824825286,1.0470875740051269,1.0554958522319793,1.0507438123226165,1.05299614071846,1.062862801551819,1.0561995446681975,1.0619070887565614,1.0709423184394837,1.0636483490467072,1.065760177373886,1.067756760120392,1.0720977067947388,1.0863825917243957,1.0771424114704131,1.0762066662311554,1.0792299568653108,1.085640114545822,1.0855438768863679,1.0849876165390016,1.0898901879787446,1.0886926770210266,1.0925617873668672,1.0942811727523805,1.094013911485672,1.0982656300067901,1.0986002564430237,1.1017066895961762,1.109343808889389
t_111,1.213105994462967,1.2131220042705535,1.2145986676216125,1.210371345281601,1.2067663371562958,1.2067287981510162,1.198954713344574,1.1943320870399474,1.1891475319862366,1.1876818656921386,1.1792626857757569,1.1757784724235534,1.1749801933765411,1.1696440398693084,1.1668070912361146,1.156790941953659,1.1519417643547059,1.1453928649425507,1.1430145978927613,1.1353719830513,1.1265300929546356,1.1245978474617004,1.117329204082489,1.1073438823223114,1.1020541846752168,1.0983140468597412,1.0919009685516357,1.0819600462913512,1.0760847687721253,1.0693621456623077,1.0588041245937347,1.0545252203941344,1.0449729800224303,1.0344090431928634,1.0245585858821868,1.015096014738083,1.0114524036645889,0.9998335540294647,0.9915277004241944,0.9820710211992264,0.9740496188402176,0.9640036731958389,0.9513861745595932,0.9433331370353699,0.9226202458143234,0.9234753429889679,0.9104730933904648,0.8980298578739166,0.880797478556633,0.8690230965614318,0.8573738843202591,0.841783019900322,0.823892343044281,0.812083175778389,0.795799845457077,0.7750817567110062,0.7570166140794754,0.7407898098230362,0.7314500600099564,0.7115410983562469,0.6866490781307221,0.6689998030662536,0.6525396853685379,0.6317278563976287,0.6133867770433425,0.5892513722181321,0.5697183012962341,0.5468889534473419,0.5268619894981384,0.5041490212082863,0.4882565140724182,0.4595046445727348,0.4333439588546753,0.419829024374485,0.39101806879043577,0.3716872125864029,0.3462119147181511,0.32447532266378404,0.2908334344625473,0.27018667906522753,0.24910781979560853,0.22069730386137962,0.19464404806494712,0.1696052886545658,0.14949121251702308,0.1341841623187065,0.11209935024380684,0.09615074843168259,0.0,0.09736721999943257,0.1086659874767065,0.1293502263724804,0.17188127785921098,0.17209120616316795,0.20375331714749337,0.23792608752846717,0.24590363577008248,0.28313510566949845,0.29807685762643815,0.3204792901873589,0.3416753351688385,0.37023381888866425,0.3951122730970383,0.4264479637145996,0.44298784136772157,0.4586488977074623,0.4745693549513817,0.509912870824337,0.5119926676154136,0.5315205544233322,0.5494192630052567,0.5688945055007935,0.5897792667150498,0.600052273273468,0.6195145845413208,0.6372646808624267,0.6481151640415191,0.666372787952423,0.6780565172433853,0.6977501422166824,0.7284876972436904,0.7178755730390549,0.7322317034006118,0.7486952245235443,0.7557010471820831,0.7723179489374161,0.7834546566009521,0.7925047129392624,0.8002490371465683,0.8056294739246368,0.8205547094345093,0.8276991128921509,0.835086727142334,0.8471376299858093,0.8533913344144821,0.870236673951149,0.870624229311943,0.8771506041288376,0.8883389413356781,0.8915547817945481,0.8987616240978241,0.9097925096750259,0.9170911729335784,0.9169985562562942,0.9249479115009308,0.9287485867738724,0.9359514057636261,0.9417255699634552,0.9457745671272277,0.9504490941762924,0.9555417388677597,0.959920135140419,0.9684475392103196,0.970281395316124,0.974490475654602,0.9792930364608765,0.9833733379840851,0.9862920135259629,0.9941228985786438,0.9966705411672592,0.9982076942920685,1.000825935602188,1.004901146888733,1.0164710521697997,1.0150720924139023,1.0140684843063354,1.0258381426334382,1.0242958843708039,1.026438057422638,1.0282753467559815,1.0291850805282592,1.0369487464427949,1.037848949432373,1.0463999509811401,1.0416360020637512,1.0439590990543366,1.053975224494934,1.047256064414978,1.0530853867530823,1.062289696931839,1.05487180352211,1.0571237921714782,1.059177076816559,1.0635493397712708,1.0781210601329803,1.0687426686286927,1.0678798615932465,1.070964628458023,1.0774720072746278,1.0774201035499573,1.0768587350845338,1.0819195985794068,1.0807389676570893,1.08469078540802,1.0864872097969056,1.0862555503845215,1.090599912405014,1.090938937664032,1.094150996208191,1.1020443201065064
t_110,1.2162627041339875,1.2163604080677033,1.2178220868110656,1.2136576175689697,1.2100928902626038,1.2101185381412507,1.202464610338211,1.1979271054267884,1.1928657829761504,1.1914522886276244,1.1831315100193023,1.1797516822814942,1.1789874732494354,1.1738113522529603,1.1710427224636077,1.1611849546432496,1.1564720153808594,1.1501118659973144,1.1478116631507873,1.1403611123561859,1.1316984117031097,1.1298443734645844,1.1227533102035523,1.1129888892173767,1.1078548669815063,1.1042401552200318,1.0980004847049714,1.0882924556732179,1.0826050758361816,1.0760439157485961,1.0657827854156494,1.061612355709076,1.0523761689662934,1.0419834494590758,1.0324231803417205,1.0231978952884675,1.0196816802024842,1.0083590120077133,1.0002459943294526,0.9910811662673951,0.9832248330116272,0.9734740555286407,0.9611909955739975,0.9532509177923203,0.9329563915729523,0.9340058028697967,0.9212972611188889,0.9091254949569703,0.8922851234674454,0.880773451924324,0.869455075263977,0.8542080253362656,0.8367725938558579,0.825375708937645,0.8094240456819535,0.7891237646341324,0.771437868475914,0.7557976752519607,0.7469316184520721,0.7271749258041382,0.7030349135398865,0.6856700897216796,0.6698171228170395,0.6494273781776428,0.6314072996377945,0.6080595999956131,0.5890651851892471,0.5664153069257736,0.5471276670694352,0.5246279552578926,0.5091985434293747,0.4809442162513733,0.45583290606737137,0.4425761789083481,0.41404618322849274,0.39505466669797895,0.370008559525013,0.3479952499270439,0.31463280618190764,0.29508197903633115,0.2741576358675957,0.24719916954636573,0.21936099231243134,0.19407025277614592,0.17351974695920944,0.15475108698010445,0.1325267992913723,0.11241127401590348,0.09736721999943257,0.0,0.1007322546094656,0.1116537969559431,0.15233663618564605,0.1533012442290783,0.1814335823059082,0.21480401530861853,0.22199314311146737,0.25942649245262145,0.2738681986927986,0.29627716094255446,0.3184028401970863,0.3462022587656975,0.37152914255857467,0.40411423295736315,0.4208475828170776,0.43612069338560105,0.452191224694252,0.4883183315396309,0.4904800280928612,0.5104780226945878,0.5291612267494201,0.5486528664827347,0.5705181270837784,0.5804943948984146,0.6005495250225067,0.6187750697135925,0.6298204869031906,0.6483400613069534,0.6603964686393737,0.6806547105312347,0.711998450756073,0.7013381004333497,0.7162073820829391,0.7328839242458344,0.7400990277528763,0.7571010380983353,0.7688680410385131,0.7781507253646851,0.7859911918640137,0.7915505021810532,0.8066726267337799,0.8142023265361786,0.8216811925172806,0.8340242177248001,0.8404891401529312,0.8577234745025635,0.8581908583641052,0.8648725062608719,0.8764360874891282,0.8796656399965286,0.8870735794305802,0.8983358442783356,0.9058116465806961,0.905762505531311,0.913987073302269,0.9178383141756058,0.9253114581108093,0.9311117380857468,0.9353241235017776,0.9402738362550735,0.9453440278768539,0.9499084919691085,0.958497953414917,0.9605368196964263,0.9649578273296356,0.9696677833795547,0.9739301294088364,0.9769350558519363,0.9848867118358612,0.9875066488981247,0.9891453385353088,0.991857397556305,0.9960037291049957,1.0077596604824066,1.006385287642479,1.00549875497818,1.017410546541214,1.0158469200134277,1.0180962562561036,1.0199833691120148,1.0209501564502717,1.028828513622284,1.0297934770584107,1.0385047435760497,1.03368883728981,1.0361000776290894,1.0462746620178223,1.0394737660884856,1.0453927934169769,1.054755437374115,1.0473628699779511,1.04958815574646,1.05174520611763,1.0562065422534943,1.070979219675064,1.0615777790546417,1.0606669068336487,1.063837116956711,1.0704842686653138,1.0704606413841247,1.0699788630008698,1.0750501930713654,1.0738778591156006,1.0779435336589813,1.0797906696796418,1.0795735955238341,1.0840247869491577,1.0844560742378235,1.0877697169780731,1.0957469701766969
t_109,1.2235729038715362,1.2237730085849763,1.2251746952533722,1.2210511147975922,1.2175567865371704,1.217570275068283,1.2100368738174438,1.2056127905845642,1.2006641387939454,1.199265056848526,1.1910438358783721,1.1877898395061492,1.1870206475257874,1.1819662690162658,1.1792061746120452,1.1695146322250367,1.1649214267730712,1.158724808692932,1.1564917027950288,1.149153959751129,1.1406358480453491,1.138891339302063,1.1319209516048432,1.122300273180008,1.1173476457595826,1.1138373374938966,1.1076545655727386,1.0982064425945282,1.0926226377487183,1.08628169298172,1.0762035191059112,1.0721865594387054,1.0630559086799622,1.0529391646385193,1.0435833513736725,1.03467116355896,1.0313066720962525,1.020277774333954,1.0123354613780975,1.0033270806074142,0.9957462072372436,0.9863516181707382,0.974274754524231,0.9664972931146621,0.946519735455513,0.9478713184595108,0.9354820996522903,0.9236552000045777,0.9071708112955094,0.8959690988063812,0.8850106507539749,0.8701347470283508,0.8529665738344192,0.8418284624814987,0.8263835579156875,0.8064228743314743,0.7891729176044464,0.7736672133207321,0.7651055872440338,0.7461550563573838,0.7221672862768174,0.7053177326917648,0.6896666169166565,0.6698710769414902,0.6525572866201401,0.6291759341955185,0.61046402156353,0.5886806637048722,0.5694074928760529,0.5473964005708695,0.5324169814586639,0.5048883855342865,0.4785603404045105,0.46668484061956406,0.4385739088058472,0.4202031672000885,0.39523744732141497,0.3740742221474648,0.34005281031131745,0.32087076604366305,0.2998748868703842,0.2715241387486458,0.244714467972517,0.21539437249302865,0.19544412940740585,0.1760889433324337,0.1516081713140011,0.13027164414525033,0.1086659874767065,0.1007322546094656,0.0,0.10260693468153477,0.13726654276251793,0.12739169746637344,0.15833422243595124,0.19225119426846504,0.19750885292887688,0.23590272516012192,0.2485702306032181,0.2713264375925064,0.2928885594010353,0.3222327545285225,0.3474501892924309,0.37943431437015535,0.3966458112001419,0.4129943162202835,0.42974825799465177,0.46652532517910006,0.4686091959476471,0.4889640688896179,0.5072228744626045,0.5278501689434052,0.5492757201194763,0.5606543838977813,0.5807641297578812,0.5994387775659561,0.6111677676439286,0.6301304847002029,0.6426059633493424,0.6627530515193939,0.6948938399553299,0.684274685382843,0.6990950614213943,0.7165205150842666,0.7240697324275971,0.7412471413612366,0.7527551054954529,0.7623707979917527,0.7707223147153854,0.7766010493040085,0.7921075522899628,0.7995639950037002,0.8075282037258148,0.8200589388608932,0.826733660697937,0.8440375655889512,0.8447387158870697,0.851723924279213,0.8632364302873612,0.8668745249509812,0.8744376301765442,0.8858101934194564,0.8934893429279327,0.8936746835708618,0.9019275397062302,0.9060013920068741,0.9134531885385513,0.9196004867553711,0.9237963318824768,0.9286974519491196,0.9342264175415039,0.9387298792600631,0.9475744485855102,0.9495165467262268,0.9538899093866349,0.9590817362070083,0.9633437126874924,0.9664369225502014,0.9745535045862198,0.977305656671524,0.9789965093135834,0.9817774802446365,0.9860166251659394,0.9979032754898072,0.9966061592102051,0.9956409394741058,1.0076559096574784,1.0063287526369096,1.0085953682661057,1.0106144845485687,1.0115922808647155,1.019548636674881,1.0205429136753081,1.0292998373508453,1.0246490359306335,1.0270587742328643,1.0372943878173828,1.0306491255760193,1.0366305887699128,1.0460748195648193,1.0384904861450195,1.0410291075706481,1.0431761264801025,1.0476007878780365,1.0625381529331208,1.0530589401721955,1.0523401618003845,1.055500364303589,1.0621315240859985,1.0622351348400116,1.0616956532001496,1.066992038488388,1.0659226655960083,1.0699707806110381,1.0719346880912781,1.0718234717845916,1.0763524889945983,1.0767228305339813,1.0800829172134399,1.0884267807006835
t_108,1.227293562889099,1.2276057064533235,1.2289997518062592,1.2249400615692139,1.2214614152908325,1.2215635538101197,1.2140945196151733,1.209776759147644,1.204973167181015,1.203629243373871,1.1954551577568053,1.1923389256000518,1.191601037979126,1.1866921186447144,1.1839993476867676,1.1744111239910127,1.1699652075767517,1.1639281868934632,1.1617687821388245,1.1545939683914184,1.1462413668632507,1.144564837217331,1.137736201286316,1.1283028364181518,1.123466008901596,1.1200778484344482,1.1140361487865449,1.1047935783863068,1.0994165301322938,1.0931727945804597,1.0833140015602112,1.0794243395328522,1.0705879390239716,1.0604920625686645,1.0513705253601073,1.0426924586296082,1.039427924156189,1.028619074821472,1.020819091796875,1.012086993455887,1.0046307563781738,0.9954375058412552,0.9836211174726486,0.9758794039487839,0.956143644452095,0.9578909397125244,0.945693901181221,0.9340640515089035,0.9178480982780457,0.9068209558725357,0.8961524903774262,0.8816076785326004,0.8646627366542816,0.8540042042732239,0.8387759983539581,0.8191280901432038,0.8020590633153916,0.7871580630540848,0.7792005091905594,0.7603115111589431,0.7368377804756164,0.720302751660347,0.7051596403121948,0.6856927663087845,0.6687612473964691,0.6458025068044663,0.6279609590768814,0.6060741901397705,0.5873383611440659,0.5653894126415253,0.5511954933404922,0.5238086581230164,0.49835373014211654,0.4870468989014626,0.458558751642704,0.4412885919213295,0.4166073456406593,0.39510824382305143,0.3606126204133034,0.34311378449201585,0.3229092136025429,0.29592380821704867,0.26720994859933855,0.23806087747216226,0.21812430247664452,0.1957753323018551,0.174762611836195,0.15083202049136163,0.1293502263724804,0.1116537969559431,0.10260693468153477,0.0,0.11819725185632705,0.11598099321126938,0.138118364661932,0.16691406667232514,0.17316517233848572,0.20910317823290825,0.22356944009661675,0.24618732035160065,0.26873795688152313,0.2962063282728195,0.3218997478485107,0.35497486889362334,0.3721244275569916,0.3881259307265282,0.40539187788963316,0.4423822358250618,0.4452874183654785,0.4667090937495232,0.485970264673233,0.5061579540371894,0.5288027256727219,0.539633697271347,0.5604392439126968,0.5794883847236634,0.5914019078016282,0.6104927152395249,0.6234299629926682,0.6444418430328369,0.6760493755340576,0.6663944125175476,0.6818739980459213,0.6990728825330734,0.7069539994001388,0.7244917005300522,0.7369218111038208,0.746764749288559,0.755071821808815,0.7611987441778183,0.7767392933368683,0.7847343206405639,0.7927120506763459,0.8055191218852997,0.8124963939189911,0.8300593078136445,0.8311649024486542,0.8381277620792389,0.8500374287366868,0.8537313669919968,0.8614746123552323,0.8730377495288849,0.8806990593671798,0.8811157047748566,0.8896794945001603,0.8938150137662888,0.9015014499425889,0.9077637761831283,0.9121533215045929,0.9174900650978088,0.9226715266704559,0.9275475353002548,0.9363820552825928,0.9387153685092926,0.9432694226503372,0.9482600390911102,0.9526986628770828,0.9559725999832154,0.9640786498785019,0.9669210702180863,0.9687045812606812,0.971600079536438,0.9759925603866577,0.9878908485174179,0.9866433382034302,0.9859866797924042,0.9980426400899887,0.9966445803642273,0.999092185497284,1.001107043027878,1.0022638946771623,1.010258322954178,1.0114307045936584,1.0201721370220185,1.015612405538559,1.0181385397911071,1.0284273266792296,1.0218052804470061,1.027818900346756,1.0372812688350677,1.0300737857818603,1.0324930787086486,1.0347313582897186,1.0393041610717773,1.0541027784347534,1.0448661029338837,1.0441442847251892,1.047411698102951,1.0541254103183746,1.0542123854160308,1.0539211452007293,1.0591299533843994,1.0581118583679199,1.0622868239879608,1.064281988143921,1.0642528474330901,1.068811160326004,1.0693786680698394,1.0728998363018036,1.0810890555381776
t_107,1.2398947954177857,1.2406734228134155,1.2419866800308228,1.2378814756870269,1.234367573261261,1.234683346748352,1.2271907567977904,1.223006546497345,1.2184714436531068,1.2172281742095947,1.2088829100131988,1.2061062514781953,1.2053853631019593,1.2007916510105132,1.1980363428592682,1.1884136021137237,1.1842365860939026,1.1785790264606475,1.176585817337036,1.1695464670658111,1.1613349318504333,1.1598958909511565,1.1532145202159882,1.1438097834587098,1.1393462061882018,1.1362220168113708,1.1302397906780244,1.1212498188018798,1.1161509990692138,1.110081946849823,1.1004498779773713,1.0968212127685546,1.088207733631134,1.0779711842536925,1.06928790807724,1.0609612226486207,1.0579842984676362,1.0475880801677704,1.039751547574997,1.031402388215065,1.0241377830505372,1.0155762553215026,1.0038939028978349,0.9959638684988021,0.9756663799285888,0.9792259484529495,0.9673865228891373,0.9559206366539001,0.939818149805069,0.9289731025695801,0.9189605712890625,0.904869768023491,0.887613844871521,0.8777617841959,0.8631677120923996,0.843069314956665,0.8259180873632431,0.8114612966775894,0.8058308273553848,0.787066200375557,0.7631970286369324,0.7470045238733292,0.7328198403120041,0.7137462675571442,0.6984659522771836,0.6749162197113037,0.6577634572982788,0.6360755681991577,0.6170351535081864,0.5942693144083023,0.5830918699502945,0.555774810910225,0.5266606509685516,0.5213470548391342,0.4916169762611389,0.47748545855283736,0.4521963581442833,0.43331229835748675,0.3915636658668518,0.38170343190431594,0.36189826726913454,0.3356419920921326,0.30784140676259997,0.27112037092447283,0.25574539676308633,0.22971216812729836,0.22100570127367974,0.19403114467859267,0.17188127785921098,0.15233663618564605,0.13726654276251793,0.11819725185632705,0.0,0.12655792348086833,0.11889232844114303,0.12919933274388312,0.1511395439505577,0.17201486974954605,0.19527309834957124,0.22279947474598885,0.2455078788101673,0.26596287041902544,0.2880826011300087,0.3177892163395882,0.3364569962024689,0.3554034993052483,0.37441136240959166,0.4061467915773392,0.4150186538696289,0.4385863497853279,0.4571172371506691,0.47826591432094573,0.4991533949971199,0.5129007190465927,0.5325462132692337,0.5521166980266571,0.5657961070537567,0.5837780833244324,0.5978787541389465,0.6176787704229355,0.6448662936687469,0.6414730578660965,0.6568492978811264,0.6729072213172913,0.6827667683362961,0.6986108422279358,0.7116843312978745,0.7219984650611877,0.7314089119434357,0.7385424911975861,0.7533428013324738,0.761824506521225,0.770520094037056,0.7825604617595673,0.7901671320199967,0.8060298472642898,0.8093564450740814,0.8169436872005462,0.8282528311014176,0.8329721689224243,0.8406246036291123,0.8517761439085006,0.8591129809617997,0.8610534310340882,0.8694648653268814,0.8741541117429733,0.8815603435039521,0.8879746109247207,0.892681485414505,0.8982453107833862,0.9036455601453781,0.9087629407644272,0.9168298214673996,0.9199806243181229,0.9246461778879166,0.9295419722795486,0.9341496437788009,0.9378012776374817,0.9453334599733353,0.9485048025846481,0.950761741399765,0.9540291756391526,0.9583462625741959,0.9689464658498764,0.968675720691681,0.9688161432743072,0.9794347316026688,0.9790936470031738,0.981819924712181,0.984252268075943,0.9857046216726303,0.9932495772838592,0.9945430397987366,1.0025729298591615,0.9989820867776871,1.0018561035394669,1.0108949899673463,1.0059596717357635,1.011404663324356,1.0198705911636352,1.014208549261093,1.0170216858386993,1.0192935466766357,1.0235629022121429,1.0367267906665802,1.0290612995624542,1.0289764761924745,1.0323587298393249,1.0383063495159148,1.0389008045196533,1.038982880115509,1.0440442562103271,1.04342041015625,1.0474125504493714,1.0496557295322417,1.0500257313251495,1.0542894363403321,1.0552587151527404,1.0589836061000824,1.0666814506053925
t_106,1.2366808295249938,1.2370799720287322,1.2383944988250732,1.234443837404251,1.2311028063297271,1.2311838150024415,1.2239850759506226,1.2198332786560058,1.2151905596256256,1.213867288827896,1.2059754371643066,1.2030025362968444,1.2022739350795746,1.1975713849067688,1.1949483036994935,1.1857191145420074,1.1814281702041627,1.1756985366344452,1.1736357033252716,1.1666992068290711,1.1586776494979858,1.1571473836898805,1.150577872991562,1.141475683450699,1.1369237303733826,1.1337125420570373,1.127840119600296,1.1190694749355317,1.1138853192329408,1.1080059945583343,1.09858381152153,1.094904100894928,1.0863532245159149,1.076830416917801,1.0681344151496888,1.0599386811256408,1.0568961381912232,1.0466432869434357,1.0391916632652283,1.0308156162500381,1.0237990409135818,1.015221005678177,1.003889226913452,0.9965376675128936,0.9777590245008468,0.9795036345720292,0.9679178953170776,0.9569582670927048,0.9415655225515366,0.9311675816774369,0.9210570365190506,0.9072407752275466,0.8910812646150589,0.8808373630046844,0.8665107935667038,0.8478211760520935,0.8317367494106293,0.8173205345869065,0.8095601856708526,0.7919918686151505,0.7695162266492843,0.753875869512558,0.7392847567796708,0.720824146270752,0.7048774570226669,0.682838860154152,0.6654806315898896,0.6451271414756775,0.6270490825176239,0.6063560992479324,0.5925148129463196,0.5666934788227082,0.5415126204490661,0.5307981342077255,0.5041293025016784,0.4869212985038757,0.4633448451757431,0.4429651528596878,0.410117968916893,0.392290960252285,0.3717654824256897,0.3445515513420105,0.31788793951272964,0.2880531415343285,0.26850036680698397,0.2472058854997158,0.2213694341480732,0.1981359176337719,0.17209120616316795,0.1533012442290783,0.12739169746637344,0.11598099321126938,0.12655792348086833,0.0,0.11343718729913235,0.1421811744570732,0.13584265038371085,0.17314949706196786,0.17936385944485664,0.19978591278195382,0.22075641378760338,0.2516477949917316,0.27760513722896574,0.3103431209921837,0.32794043719768523,0.3447675883769989,0.3622576668858528,0.40158364921808243,0.40273294895887374,0.424189518392086,0.44302031546831133,0.4652696162462234,0.48788594007492064,0.5004063308238983,0.5217816829681396,0.5417515516281128,0.5545918494462967,0.5748163074254989,0.5883655965328216,0.6096699595451355,0.6444386690855026,0.6330762505531311,0.6488751232624054,0.6677479386329651,0.6759861379861831,0.694327226281166,0.7065442949533463,0.7168840080499649,0.7261277377605438,0.7325938463211059,0.7492881059646607,0.757264056801796,0.7660006225109101,0.779476672410965,0.7866905033588409,0.8050004959106445,0.8060186803340912,0.81361123919487,0.8258176565170288,0.829947653412819,0.8381331026554107,0.8502681314945221,0.8584913909435272,0.8589121997356415,0.8676942408084869,0.8721743941307067,0.8801365673542023,0.8868605375289917,0.8913960039615632,0.8965793073177337,0.9026338219642639,0.9074929803609848,0.9169108629226684,0.9190080344676972,0.9236943036317825,0.929433473944664,0.9339634418487549,0.93732770383358,0.9459356963634491,0.9490157485008239,0.9508860379457473,0.9539469450712204,0.9584210574626922,0.9710150569677353,0.9698132842779159,0.968780106306076,0.9814754515886307,0.9802712500095367,0.9827398091554642,0.9849802792072296,0.9860589742660523,0.9944871068000793,0.995579132437706,1.0047961831092835,1.0001440227031708,1.0026891559362412,1.0135144293308258,1.0067025512456893,1.0130557775497437,1.0229793310165405,1.0150216400623322,1.0178950250148773,1.0201990604400635,1.0248246610164642,1.0405740082263946,1.030688065290451,1.0301405906677246,1.0334846317768096,1.0404529452323914,1.0407004594802856,1.0402095198631287,1.0458765566349029,1.044877529144287,1.0491776764392853,1.0513481676578522,1.0514129281044007,1.0562657117843628,1.0567191779613494,1.060354483127594,1.0694171965122223
t_105,1.2438147425651551,1.2444742918014526,1.2457591831684112,1.241818130016327,1.2384650647640227,1.2386984348297119,1.231521987915039,1.2274690985679626,1.2230270862579347,1.2217943131923676,1.2138430237770081,1.2110995829105378,1.2103889346122743,1.2059224724769593,1.2032946586608886,1.1941104412078858,1.19002103805542,1.1845414340496063,1.182600700855255,1.1758188307285309,1.16793332695961,1.166543424129486,1.1601208448410034,1.1511400759220123,1.1468028604984284,1.1437837421894073,1.1380409359931947,1.129471516609192,1.1245251834392547,1.1187496304512023,1.1095607161521912,1.106053638458252,1.097793710231781,1.0882180750370025,1.079840499162674,1.071892464160919,1.0690171480178834,1.0590543150901794,1.0516748487949372,1.04363294839859,1.0367473661899567,1.0285039126873017,1.017381626367569,1.0099723219871521,0.9910362780094146,0.9937855333089829,0.982449296116829,0.9716252952814102,0.9564147502183914,0.9461658656597137,0.9364919930696487,0.9230230838060379,0.9068998873233796,0.8972667425870895,0.8832859456539154,0.8645272016525268,0.848478052020073,0.8346269458532334,0.8282350957393646,0.8106334567070007,0.7882745832204818,0.7729144841432571,0.7590705662965774,0.7409303724765778,0.7258339345455169,0.7038834124803544,0.6872463971376419,0.6668445438146591,0.6490375578403473,0.6279619574546814,0.6158416330814361,0.5901010513305665,0.5640256881713868,0.5561508566141129,0.5287793159484864,0.513421393930912,0.48966278582811357,0.4702165499329567,0.4342521086335182,0.4205653160810471,0.40069798976182935,0.37474906742572783,0.3474522978067398,0.31509349793195723,0.2973950862884521,0.2735421806573868,0.2551521062850952,0.2296340212225914,0.20375331714749337,0.1814335823059082,0.15833422243595124,0.138118364661932,0.11889232844114303,0.11343718729913235,0.0,0.11454048566520214,0.11555020734667779,0.14165241569280623,0.15159032866358757,0.17552776113152505,0.19709839224815368,0.22074568942189216,0.24508533552289008,0.277373243868351,0.2958218455314636,0.31321687549352645,0.3315488427877426,0.3684645161032677,0.3733177974820137,0.39641628265380857,0.41593184024095536,0.4379924476146698,0.46073022335767744,0.4740889102220535,0.495398174226284,0.5157985985279083,0.5295313507318496,0.5492508262395859,0.5636512815952301,0.5849881172180176,0.6172796338796616,0.6095808923244477,0.6258723497390747,0.6439628779888154,0.653335303068161,0.6711178779602051,0.6844433903694153,0.6951193749904633,0.7048245966434479,0.7119787454605102,0.7282302677631378,0.7368580430746079,0.7459436565637588,0.7592116862535476,0.7669241428375244,0.7846284478902816,0.7869332760572434,0.7948561519384384,0.8070980101823807,0.8116831034421921,0.8199242025613784,0.8320013642311096,0.8400755316019058,0.8413567036390305,0.8503488659858703,0.8551007241010666,0.8631154477596283,0.869890695810318,0.874764409661293,0.8804234832525253,0.8862927585840226,0.8915284305810929,0.9005329638719559,0.9033534109592438,0.9082661718130112,0.9136902511119842,0.9184542566537857,0.9221334964036941,0.9304467648267746,0.9337147444486618,0.9359296679496765,0.9392208635807038,0.9437310993671417,0.9557505220174789,0.9550288587808609,0.9546460419893265,0.9666499376296998,0.9658828526735306,0.9686279028654099,0.971046257019043,0.972380980849266,0.9805751532316208,0.9818751573562622,0.990779435634613,0.9865738481283188,0.9894107103347778,0.9996403008699417,0.993620079755783,0.9997139632701874,1.009198060631752,1.002268722653389,1.0051900327205658,1.0075879752635957,1.0121578752994538,1.027066433429718,1.0180921792984008,1.0177890062332153,1.0212826788425446,1.0279393553733827,1.0284209251403809,1.0282724261283875,1.0337690114974976,1.0329853415489196,1.03726926445961,1.0395906925201417,1.0398428857326507,1.0445737361907959,1.045367830991745,1.0492018163204193,1.05789715051651
t_104,1.2542411506175994,1.255267184972763,1.2564886033535003,1.2525253295898438,1.2491498827934264,1.2495471119880677,1.2423300206661225,1.238414454460144,1.2341805517673492,1.233025747537613,1.2249465882778168,1.2224622428417207,1.2217792868614197,1.2175403714179993,1.2148757457733155,1.2056636452674865,1.2018057644367217,1.1965943157672883,1.1947803139686584,1.1881183564662934,1.180333286523819,1.1791060626506806,1.172812634706497,1.1638769149780273,1.1597811043262483,1.156966459751129,1.1512641489505768,1.1428865969181061,1.138170099258423,1.1325112879276276,1.1234756052494048,1.1201679110527039,1.1121020317077637,1.1023890614509582,1.0942951500415803,1.0866115808486938,1.083969348669052,1.0742785513401032,1.0668711364269257,1.0591021955013276,1.052350491285324,1.0445542514324189,1.0335340738296508,1.025976225733757,1.006641685962677,1.010755145549774,0.999644649028778,0.9889402866363526,0.9737929344177246,0.9636676847934723,0.954494309425354,0.9413296610116959,0.9249818027019501,0.9160013765096664,0.9024322658777237,0.8833781242370605,0.86724733710289,0.8537950575351715,0.8490735173225403,0.8315887689590454,0.8089748114347458,0.7938961386680603,0.7807551473379135,0.7629730582237244,0.749004065990448,0.7266215056180954,0.7107377111911773,0.690426480770111,0.6725236982107162,0.6509078204631805,0.6409932494163513,0.6152505546808242,0.5871492326259613,0.5831629812717438,0.5547438323497772,0.5418698787689209,0.5177687406539917,0.4997589260339737,0.45956971645355227,0.4506805822253227,0.4313951894640923,0.40609167218208314,0.3792468637228012,0.34282609820365906,0.3275763139128685,0.3017633453011513,0.2907698929309845,0.26372202634811404,0.23792608752846717,0.21480401530861853,0.19225119426846504,0.16691406667232514,0.12919933274388312,0.1421811744570732,0.11454048566520214,0.0,0.1074139628559351,0.11128663010895253,0.13315273001790046,0.16070324629545213,0.17996398359537125,0.1961124934256077,0.2159583166241646,0.24456114545464516,0.2635711684823036,0.283597894012928,0.30393905788660047,0.33584254384040835,0.3463481396436691,0.3717867821455002,0.3909533187747002,0.4131345316767693,0.4345861867070198,0.45011705309152605,0.4705087035894394,0.491551348567009,0.5065805599093437,0.5252196699380874,0.5407050311565399,0.561255294084549,0.5890701174736023,0.5873086810111999,0.6036307483911514,0.6205721855163574,0.6316047191619873,0.6479583650827407,0.6620924592018127,0.6732381284236908,0.6837047517299653,0.691807559132576,0.7073366552591324,0.716502133011818,0.7260916084051132,0.7387577712535858,0.747085240483284,0.7633123248815536,0.7676264971494675,0.7759166538715363,0.7877629488706589,0.7932570219039917,0.8013590842485427,0.8130478948354721,0.8207877814769745,0.8234345316886902,0.8324194103479385,0.8376025289297104,0.8453900158405304,0.8523528009653092,0.8574220985174179,0.8635059744119644,0.8693453848361969,0.8748660534620285,0.8832014590501786,0.886869540810585,0.8918412536382675,0.8971012979745865,0.9020335584878921,0.9061029762029648,0.9139015227556229,0.9174055933952332,0.9199970036745071,0.923619619011879,0.9281467914581298,0.9390483170747757,0.9391212910413742,0.9394832283258439,0.9502628982067108,0.9503541827201843,0.9533903151750565,0.9560869097709656,0.9577697783708572,0.965533173084259,0.967016625404358,0.9752576231956482,0.9719261109828949,0.975091478228569,0.9842243432998657,0.9796201020479203,0.9852174609899521,0.9938892960548401,0.988384085893631,0.991578271985054,0.9940575361251831,0.9983548015356064,1.0118261516094207,1.0043131202459334,1.0045203864574432,1.0080718904733659,1.0141627550125123,1.0150200188159944,1.0152910113334657,1.0205719470977783,1.0201884925365448,1.024367129802704,1.0268801212310792,1.0274800777435302,1.0319708049297334,1.0331409513950347,1.0371726751327515,1.0453972339630127
t_103,1.250510686635971,1.251301747560501,1.2525285065174103,1.248687928915024,1.2454057395458222,1.2456803679466248,1.2386714935302734,1.2347759306430817,1.230507481098175,1.2293228447437285,1.221532303094864,1.218945723772049,1.2182599484920502,1.2139679074287415,1.211416918039322,1.2024886667728425,1.1985996067523956,1.1933643102645874,1.1915013134479522,1.1849531829357147,1.1773547649383544,1.176062673330307,1.1698861360549926,1.16119042634964,1.1570723116397859,1.1542084991931916,1.1486552298069,1.1404540181159972,1.1357251703739166,1.1301961481571197,1.1213708877563477,1.1180441915988921,1.1101505517959596,1.1008824825286865,1.092855566740036,1.085303682088852,1.082623291015625,1.073061466217041,1.0659505248069763,1.0582412779331207,1.0516685009002686,1.043873918056488,1.0331627786159516,1.025990402698517,1.007725328207016,1.010691437125206,0.9998004108667373,0.9894306361675262,0.9748485833406448,0.9650393605232239,0.9558408468961715,0.942918848991394,0.9274068683385849,0.9183010786771775,0.9048760086297989,0.8868802517652512,0.8714998841285706,0.8582877516746521,0.852329996228218,0.8354469656944274,0.8140178620815277,0.7993193686008453,0.7861224353313446,0.768787294626236,0.754385358095169,0.7333173662424087,0.7175373554229736,0.6979099631309509,0.6808979123830795,0.6605930775403976,0.6490590453147889,0.6243507385253906,0.5993668556213378,0.5918049126863479,0.565357905626297,0.5507599174976349,0.527901753783226,0.5088232740759849,0.4743473768234253,0.461042183637619,0.44157924354076383,0.4166481986641884,0.3898838609457016,0.35833956152200697,0.3406537681818008,0.3171209439635277,0.29828708469867704,0.27231675684452056,0.24590363577008248,0.22199314311146737,0.19750885292887688,0.17316517233848572,0.1511395439505577,0.13584265038371085,0.11555020734667779,0.1074139628559351,0.0,0.11172450110316276,0.11467234827578068,0.13476013243198395,0.15414005741477013,0.17716483995318413,0.20043006911873817,0.23274290934205055,0.2504228390753269,0.26733109205961225,0.28609856963157654,0.3242777273058891,0.32779534012079237,0.35241945534944535,0.37250066846609114,0.39509782642126084,0.4188783422112465,0.4324486583471298,0.4547477960586548,0.47616481184959414,0.49045461863279344,0.5108530521392822,0.5258514255285263,0.5481848150491715,0.5820821344852447,0.5738414108753205,0.5910175085067749,0.6098070830106735,0.6196957051753997,0.6382029861211777,0.6524356186389924,0.6635681867599488,0.6737305164337158,0.681265577673912,0.6981651991605758,0.7073338478803635,0.7168641686439514,0.7307482242584229,0.738860285282135,0.7572912782430649,0.7598427474498749,0.7681361228227616,0.7810033857822418,0.7857409209012985,0.7945005059242248,0.807068207859993,0.8155584514141083,0.8169239193201066,0.8264480769634247,0.83135686814785,0.8397645503282547,0.8469271898269654,0.8520523428916931,0.858071893453598,0.8641129761934281,0.8696623504161834,0.8789641588926316,0.8820158272981644,0.8872404336929322,0.8928701728582382,0.8978481888771057,0.9017104953527451,0.9103358298540115,0.9138634711503982,0.916179096698761,0.9196700394153595,0.9243514895439148,0.9368295967578888,0.9361848443746567,0.9358336806297303,0.9482978880405426,0.9475752294063569,0.9504640489816666,0.9530243575572968,0.9544682502746582,0.9629529774188995,0.9643648236989975,0.9736095637083053,0.9693628519773483,0.9723081022500992,0.9829640865325928,0.9767962753772735,0.9831437408924103,0.9929651200771332,0.9858687460422516,0.9889482975006103,0.9914403647184372,0.9961796790361405,1.0116541057825088,1.0024242758750916,1.0021451890468598,1.0057883083820343,1.0127162158489227,1.013299822807312,1.013203364610672,1.0188737213611603,1.0181491911411285,1.0226473391056061,1.0250443875789643,1.0254720985889434,1.0304178893566132,1.0313071250915526,1.0353223025798797,1.0444127202033997
t_102,1.260122674703598,1.2612087786197663,1.2623791575431824,1.2585409820079803,1.2552522361278533,1.2556670963764192,1.2486629962921143,1.2448963463306426,1.2408270418643952,1.239696878194809,1.2318486869335175,1.2295118570327759,1.2288342595100403,1.2247858107089997,1.2222109675407409,1.2132979571819305,1.2096174299716949,1.2046363592147826,1.2029094636440276,1.1964795112609863,1.188988721370697,1.18786501288414,1.1818177342414855,1.173193734884262,1.1693077087402344,1.1666380941867829,1.161145430803299,1.153155791759491,1.1486555874347686,1.1432541191577912,1.134613311290741,1.1314722418785095,1.123780620098114,1.1144471526145936,1.1067428767681122,1.0994478523731233,1.0969767034053803,1.0877241492271423,1.0806342363357544,1.0732104003429412,1.0668132543563842,1.0594297528266907,1.0488942444324494,1.041657167673111,1.0231670916080475,1.0272779762744904,1.0166555315256118,1.0064544886350633,0.9920469224452972,0.9824092239141464,0.9737104773521423,0.9611799836158752,0.9455648809671402,0.9370387405157089,0.9241031408309937,0.9060030043125152,0.8906594395637513,0.8778637886047364,0.8733018487691879,0.8566834062337876,0.8351407319307327,0.8208568662405014,0.8082762092351914,0.7913195610046386,0.777999410033226,0.7566859245300293,0.7416068583726882,0.7222355723381042,0.7052175611257553,0.6846664279699326,0.6750287234783172,0.6505014270544052,0.6238995730876923,0.6196523189544678,0.5926526874303818,0.5800360649824142,0.5571084558963776,0.5395079523324966,0.501775874197483,0.4923848882317543,0.4736547529697418,0.44936501383781435,0.42313072830438614,0.3888005167245865,0.37350850701332095,0.3486223816871643,0.33536105751991274,0.30901453644037247,0.28313510566949845,0.25942649245262145,0.23590272516012192,0.20910317823290825,0.17201486974954605,0.17314949706196786,0.14165241569280623,0.11128663010895253,0.11172450110316276,0.0,0.10845586769282818,0.12831849828362465,0.14354555457830429,0.15414606183767318,0.1717124029994011,0.19961795210838318,0.21796125397086144,0.23767509460449218,0.2577617302536964,0.2906156420707703,0.3003445193171501,0.3267131358385086,0.3460071414709091,0.36902983486652374,0.3912733644247055,0.40728412121534346,0.4283608376979828,0.45014003068208697,0.4659367725253105,0.4853154718875885,0.5014239862561226,0.522997111082077,0.5526598632335663,0.5502166897058487,0.5673806965351105,0.5851903110742569,0.5966889172792434,0.6139654606580734,0.628832322359085,0.6404626399278641,0.6515022277832031,0.6599565327167511,0.676340115070343,0.6860033810138703,0.6960796296596528,0.7094389885663986,0.7181547164916993,0.7352404803037643,0.7397767573595047,0.7484605640172959,0.7609403878450394,0.7666350603103638,0.775296613574028,0.7875422656536102,0.7957440078258514,0.7984335988759994,0.8079052627086639,0.8133257836103439,0.8215459197759628,0.8289086669683456,0.8342840909957886,0.8406153976917267,0.8467111378908158,0.8525598168373107,0.8613265037536622,0.865100947022438,0.8703997671604157,0.8759586751461029,0.8810670405626297,0.8853436291217804,0.8935310512781143,0.8972674489021302,0.8999940693378449,0.9037913620471955,0.908502459526062,0.9199797153472901,0.9200718402862549,0.9204140126705169,0.9317867010831833,0.9318536669015884,0.9350358724594117,0.937862652540207,0.9396087437868118,0.9477564811706543,0.9493363291025162,0.9579843550920486,0.9545490235090256,0.957801628112793,0.9675012230873108,0.962620559334755,0.9685574740171432,0.9776092737913131,0.971838116645813,0.97518270611763,0.9777197986841202,0.9822822451591492,0.9964043855667114,0.9885074168443679,0.9887375295162201,0.9924817144870758,0.998848608136177,0.9997744619846344,1.000061395764351,1.0056373834609986,1.0052447080612184,1.009623920917511,1.0122663021087646,1.0129790246486663,1.0177131414413452,1.0189783573150635,1.0231974959373473,1.0318670213222503
t_101,1.2599186301231384,1.2608717441558839,1.262030255794525,1.2582846462726593,1.2550820291042328,1.25541695356369,1.248595517873764,1.2448687076568603,1.24080770611763,1.239670205116272,1.232060146331787,1.2296828746795654,1.229015851020813,1.2249728560447692,1.222479110956192,1.2138281285762786,1.210134708881378,1.2052087426185607,1.203475332260132,1.197166347503662,1.1898570954799652,1.1887152314186096,1.1827990055084228,1.1743814826011658,1.1705264031887055,1.1678852498531342,1.1625098407268524,1.15471311211586,1.1502358198165894,1.1449912667274476,1.1365700781345367,1.1334452688694001,1.1258970856666566,1.1169649124145509,1.109372889995575,1.102241003513336,1.0997664272785186,1.0907037436962128,1.0838716983795167,1.076542115211487,1.0703054785728454,1.0630098402500152,1.0527576565742494,1.0458259165287018,1.0281875640153886,1.031533595919609,1.021159514784813,1.0112689048051835,0.997327595949173,0.9879947245121002,0.9793470054864883,0.967079958319664,0.9521405279636384,0.9435860961675644,0.930907917022705,0.9135813534259796,0.8988815784454346,0.8862928003072739,0.8810071885585785,0.8649688452482224,0.8443702667951584,0.8303679376840591,0.8178736746311188,0.801407465338707,0.7879165917634964,0.7675905376672745,0.7526196449995041,0.7339332014322281,0.7176088035106659,0.6980651825666427,0.6874616324901581,0.6638897299766541,0.639297291636467,0.6330089151859284,0.607448959350586,0.5937993973493576,0.5717810094356537,0.5537677586078644,0.5198620408773422,0.5077868580818177,0.4891229882836342,0.46502184867858887,0.4393052726984024,0.40782482028007505,0.3912441611289978,0.36788090169429777,0.3497666984796524,0.3245970219373703,0.29807685762643815,0.2738681986927986,0.2485702306032181,0.22356944009661675,0.19527309834957124,0.17936385944485664,0.15159032866358757,0.13315273001790046,0.11467234827578068,0.10845586769282818,0.0,0.10334687642753124,0.11841632202267646,0.13164770007133483,0.1506040595471859,0.18182030618190764,0.1990485742688179,0.21538058966398238,0.23443088605999945,0.2733345448970795,0.276871494948864,0.302145379781723,0.3220377743244171,0.34575882703065874,0.3697145625948906,0.3848562613129616,0.4074229300022125,0.429696162045002,0.4453024387359619,0.46616062968969346,0.48221838623285296,0.5049957737326622,0.5400240898132325,0.5325968414545059,0.5503156840801239,0.5699405372142792,0.5807392418384552,0.5997446805238724,0.6145729124546051,0.6263130575418472,0.637418121099472,0.6456283003091812,0.6632430136203766,0.6728722035884858,0.6831385731697083,0.6974857389926911,0.7061531722545624,0.7249997586011887,0.728222781419754,0.7371617048978806,0.7503773212432862,0.755746579170227,0.7648576706647873,0.777880322933197,0.786718276143074,0.7886300206184387,0.7985244661569595,0.8038471758365631,0.8125745594501496,0.8201278209686279,0.8255886793136596,0.8318660914897918,0.8383877098560333,0.8442037522792816,0.8538197904825211,0.8571014016866684,0.8625833451747894,0.8686043441295623,0.8738284051418305,0.8779752373695373,0.886874595284462,0.8906555891036987,0.8932476311922073,0.8969942778348923,0.9018711119890213,0.9145462334156036,0.9142048090696335,0.913993826508522,0.9266382575035095,0.9262312859296798,0.9293385356664657,0.932138592004776,0.9336970686912537,0.942430517077446,0.9439663648605346,0.9534014254808426,0.9493395328521729,0.9524927735328674,0.9632739394903183,0.957356870174408,0.9638487994670868,0.9738042026758194,0.9667836904525757,0.9702002078294754,0.9728115439414978,0.9776454538106918,0.9933393836021424,0.9841878533363342,0.9841482669115067,0.9879611015319825,0.9949465960264205,0.9957412898540496,0.9957499802112579,1.0017006129026413,1.0011026322841645,1.0057324647903443,1.0083826184272766,1.0089802742004395,1.0141099989414215,1.0151649832725524,1.0194337666034698,1.0289216816425324
t_100,1.2608440458774566,1.2617550790309906,1.2629010498523712,1.2592329919338225,1.2561176359653472,1.256408953666687,1.2497283935546875,1.2460787832736968,1.2420646369457244,1.2409543156623841,1.2335031807422638,1.2311469674110413,1.2304943799972534,1.2265053629875182,1.2240801692008971,1.2156260371208192,1.212002122402191,1.2071416974067688,1.2054370403289796,1.1992693364620208,1.1921083807945252,1.1909845769405365,1.1851912677288055,1.1769720315933228,1.1731821477413178,1.170563268661499,1.1653193533420563,1.1577320039272307,1.153338122367859,1.1482168078422545,1.1399925768375396,1.136936104297638,1.1295777678489685,1.120931977033615,1.1134510338306427,1.106506484746933,1.1040872156620025,1.0951895117759705,1.0885869562625885,1.0813965439796447,1.0753457069396972,1.0681640565395356,1.0581968486309052,1.051489007472992,1.034470546245575,1.0374598324298858,1.0273052036762238,1.0177229046821594,1.0041620314121247,0.9950890898704529,0.9866170138120651,0.9746281385421753,0.9602131962776184,0.9518148303031921,0.9393716603517532,0.9226904690265656,0.9084834963083267,0.8962238848209381,0.8906094014644623,0.8750548779964447,0.8551766872406006,0.8416011065244675,0.8293025076389313,0.8132755309343338,0.7998818606138229,0.7802760094404221,0.7656927317380905,0.7475794881582261,0.7318764358758927,0.7131497859954834,0.7022438377141953,0.6793422758579254,0.6563504040241241,0.6489565402269364,0.6244290500879288,0.6105775505304336,0.5893760085105896,0.5711586475372314,0.5398909687995911,0.5265214025974274,0.5083067640662193,0.4848262369632721,0.4592155084013939,0.4301586836576462,0.4129938244819641,0.3909947410225868,0.3705633878707886,0.3466262355446815,0.3204792901873589,0.29627716094255446,0.2713264375925064,0.24618732035160065,0.22279947474598885,0.19978591278195382,0.17552776113152505,0.16070324629545213,0.13476013243198395,0.12831849828362465,0.10334687642753124,0.0,0.10732698254287243,0.1165219571441412,0.138667281717062,0.1703042581677437,0.1853431433439255,0.1978674851357937,0.2149852767586708,0.2575059197843075,0.25675941482186315,0.2809264466166496,0.3015205442905426,0.3246786341071129,0.3502428144216537,0.36397205144166944,0.3877797171473503,0.41019591987133025,0.4253516048192978,0.4471106544137001,0.46324659436941146,0.4870606631040573,0.5253083258867264,0.5147230982780456,0.5330288052558899,0.5538013786077499,0.5639776736497879,0.5843869835138321,0.5994766652584076,0.6114308297634125,0.6222893416881561,0.6304469853639603,0.6487951427698135,0.6585855185985565,0.6689169526100158,0.6840662002563477,0.6928313314914704,0.7128998547792434,0.7153966456651688,0.7243325382471084,0.7381759613752366,0.743371969461441,0.7528543084859848,0.7663996756076813,0.7756702393293381,0.777116197347641,0.7874199897050858,0.7926916301250457,0.801840215921402,0.8096044093370438,0.815074297785759,0.821599480509758,0.8281668573617935,0.8341286808252335,0.8443060785531997,0.8474460184574127,0.8530758589506149,0.8593315631151199,0.8646453946828843,0.8688434392213822,0.8781775295734405,0.8819885909557342,0.8845180898904801,0.8882612019777298,0.8933139085769654,0.9068732589483262,0.9061327189207077,0.9056761503219605,0.9192165195941925,0.9184431284666061,0.9215454250574112,0.9242675304412842,0.9258345901966095,0.9349407494068146,0.9365262269973755,0.9464514285326004,0.9420634239912034,0.9451477974653244,0.9567323952913285,0.9500396549701691,0.9569595158100128,0.9675415068864822,0.9598096400499344,0.9631761997938156,0.9658912420272827,0.9709846675395966,0.9876555562019348,0.977781993150711,0.9775235772132873,0.9813915997743606,0.9888904601335525,0.9895421653985977,0.9894684761762619,0.9955865412950515,0.9949370920658112,0.9998138308525085,1.002418467402458,1.0029761344194412,1.0083831012248994,1.0093811810016633,1.013694441318512,1.023748528957367
t_99,1.2654124796390533,1.2663429141044618,1.2674618065357208,1.26384180188179,1.2607667446136475,1.2610544621944428,1.2544596254825593,1.2508802473545075,1.2469203114509582,1.2458068609237671,1.2384580612182616,1.2361529290676116,1.2355045318603515,1.2315825879573823,1.2291761815547944,1.2208396315574646,1.2172586381435395,1.2124913454055786,1.2108052551746369,1.204704260826111,1.1976457834243774,1.1965691864490509,1.1908528864383698,1.182726836204529,1.179005217552185,1.1764530181884765,1.171219676733017,1.163799339532852,1.159443211555481,1.1544353723526002,1.1463199734687806,1.1433391571044922,1.1360211730003358,1.127573049068451,1.1202129423618317,1.1134128510951995,1.1110693991184235,1.1023376822471618,1.0958263218402862,1.0887335777282714,1.082840222120285,1.0758211016654968,1.0659995198249816,1.059446281194687,1.0427525281906127,1.0457484304904938,1.0357617259025573,1.0264347523450852,1.0131284147500992,1.0042461156845093,0.9959862530231476,0.9842543870210647,0.9700742334127426,0.9618252754211426,0.9497151553630829,0.9333403170108795,0.9194496512413025,0.9073573857545852,0.9017879724502563,0.886765393614769,0.8671576648950576,0.8540264904499054,0.8418202459812164,0.8261898249387741,0.8131957352161407,0.7937943488359451,0.7794853001832962,0.7619933247566223,0.7464915603399277,0.7282618552446365,0.7176067590713501,0.6952146619558335,0.6724100708961487,0.6652608901262284,0.6412770479917527,0.6278096377849579,0.6070742666721344,0.5892283529043197,0.5586192220449447,0.5452708929777146,0.5272782623767853,0.5037388414144516,0.4791485145688057,0.4504850745201111,0.43333065807819365,0.412469819188118,0.3909508168697357,0.36833129078149796,0.3416753351688385,0.3184028401970863,0.2928885594010353,0.26873795688152313,0.2455078788101673,0.22075641378760338,0.19709839224815368,0.17996398359537125,0.15414005741477013,0.14354555457830429,0.11841632202267646,0.10732698254287243,0.0,0.11343837492167949,0.1294202208518982,0.15479705557227136,0.16650327667593956,0.1803836517035961,0.19644241482019426,0.24057567417621611,0.2371239386498928,0.26044952422380446,0.28017654567956923,0.30395406633615496,0.32905817627906797,0.3439305067062378,0.36760910153388976,0.39007116109132767,0.4055081561207771,0.4282201543450356,0.4445457860827446,0.4684791028499603,0.5082403749227524,0.49671454131603243,0.5148909091949463,0.5367905855178833,0.547064208984375,0.5679894030094147,0.5825681090354919,0.5948648631572724,0.6063113987445832,0.6146524906158447,0.633766058087349,0.6433347672224045,0.6541678726673126,0.6697217136621475,0.6785807311534882,0.6990165174007416,0.7015041321516037,0.7106267273426056,0.7245410293340683,0.7302745431661606,0.7398668855428696,0.7537157267332077,0.7632274150848388,0.7647308945655823,0.7750957518815994,0.7806888729333877,0.7897686809301376,0.7979920357465744,0.8034710764884949,0.8098512142896652,0.8169521898031235,0.8228647738695145,0.8334857881069183,0.8365159600973129,0.842112559080124,0.84886834025383,0.8541453093290329,0.858467185497284,0.8681105673313141,0.8720019578933715,0.8744912922382355,0.878375244140625,0.8835319817066193,0.8974227756261826,0.8967092067003251,0.8960531383752823,0.9099137246608734,0.9092876076698303,0.912433284521103,0.9152503281831741,0.9168205916881561,0.9261263251304627,0.927694508433342,0.9377882659435273,0.9334201604127884,0.9365308821201325,0.9483269840478897,0.9415677160024643,0.9486377000808716,0.9594965130090714,0.9513846814632416,0.9550338387489319,0.9578177183866501,0.9628623753786087,0.9799878120422363,0.9698375910520554,0.969716665148735,0.9736320167779923,0.9812115430831909,0.9819175928831101,0.9817890971899033,0.9882163614034652,0.987571170926094,0.9925037384033203,0.9952567279338836,0.9958414733409882,1.0013835281133652,1.0023186534643174,1.0067635834217072,1.0173265874385833
t_98,1.2707893431186676,1.27194402217865,1.2730300724506378,1.2694194614887238,1.2663331568241118,1.2667386949062347,1.2601691246032716,1.2566865503787994,1.2528848588466643,1.2518304705619812,1.244451892375946,1.2423282623291017,1.2417121708393097,1.237961971759796,1.2355547726154328,1.2272588789463044,1.2238570690155028,1.2192858934402466,1.2177088677883148,1.2117402970790863,1.2048096537590027,1.2038423538208007,1.198253571987152,1.1902500867843628,1.1867131531238555,1.1842944383621217,1.179181033372879,1.1719204843044282,1.1677709221839905,1.1628536820411681,1.1549362182617187,1.1520828008651733,1.1450237691402436,1.1365145564079284,1.1294227361679077,1.122830832004547,1.1206278026103973,1.112128072977066,1.105680024623871,1.098871910572052,1.0930687487125397,1.0863510727882386,1.0767118096351624,1.0701199114322661,1.0533567011356353,1.0570854008197785,1.0473366498947143,1.0380978047847749,1.0249856203794478,1.0162533074617386,1.0083204418420793,0.9968633949756622,0.9827671080827713,0.9749690413475036,0.9631351113319397,0.9467864096164703,0.9329881191253662,0.9213296443223953,0.9167619556188583,0.901770144701004,0.8823718428611755,0.8693864494562149,0.8578163474798203,0.8424692213535309,0.8300956547260284,0.8108827859163285,0.7971429169178009,0.7796798825263977,0.7644883215427398,0.7461131483316421,0.7365736395120621,0.7144587695598602,0.6912390649318695,0.6859221935272217,0.6616977900266647,0.6494243294000626,0.6287090420722962,0.6117078185081481,0.5796535342931748,0.568760547041893,0.551395383477211,0.528867956995964,0.504236315190792,0.4745635658502579,0.4587957188487053,0.4366499751806259,0.419457745552063,0.39585946798324584,0.37023381888866425,0.3462022587656975,0.3222327545285225,0.2962063282728195,0.26596287041902544,0.2516477949917316,0.22074568942189216,0.1961124934256077,0.17716483995318413,0.15414606183767318,0.13164770007133483,0.1165219571441412,0.11343837492167949,0.0,0.10302928425371646,0.1281883202493191,0.14005103334784508,0.15003874227404596,0.1651513621211052,0.20531563833355904,0.20756527483463288,0.2325409770011902,0.252783989161253,0.2757826879620552,0.30096614360809326,0.3160988882184029,0.33966375291347506,0.36252610981464384,0.3789215922355652,0.40046860873699186,0.4178463026881218,0.4419219419360161,0.4785932630300522,0.4714199736714363,0.49031234383583067,0.5109821528196334,0.522555610537529,0.5427076548337937,0.5589219778776169,0.5715759128332139,0.5833136439323425,0.5924387693405151,0.6109490424394608,0.6214694887399673,0.6325123697519303,0.6478156596422195,0.657291829586029,0.6770866841077805,0.681063511967659,0.6905528277158737,0.7046285897493363,0.7107031434774399,0.7203833073377609,0.7341779798269272,0.7435219585895538,0.7459756165742875,0.7566510081291199,0.7624389410018921,0.771758395433426,0.7799436122179031,0.7858002752065658,0.792827382683754,0.7995912820100785,0.8059593141078949,0.8160761773586274,0.8199236243963242,0.825820928812027,0.8321762084960938,0.8377668142318726,0.8423839986324311,0.8516921132802964,0.8558300405740737,0.8587275713682174,0.8628339231014251,0.8680517792701721,0.8813503563404084,0.8811374038457871,0.8811950594186783,0.8943891823291779,0.894191661477089,0.8976031452417373,0.9006162911653519,0.9024648189544677,0.9115827083587646,0.913352119922638,0.9231720000505448,0.91928671002388,0.9226834267377854,0.9339183658361435,0.9279702872037887,0.9348321080207824,0.945158165693283,0.9381952106952667,0.9418574780225754,0.944735124707222,0.9497992426156998,0.9660554766654968,0.9568654149770737,0.9569622993469238,0.961048424243927,0.9683705776929855,0.9693165600299836,0.9695815414190292,0.9757775783538818,0.9753824383020401,0.9803313702344895,0.9832168549299241,0.9840257674455642,0.9894873023033142,0.990821436047554,0.9954581469297409,1.0056091368198394
t_97,1.2768386065959931,1.278139317035675,1.279190993309021,1.275575715303421,1.272507631778717,1.2729740679264068,1.266434383392334,1.2630162954330444,1.259310281276703,1.2583016633987427,1.2509141087532043,1.2489204049110412,1.2482861518859862,1.2446658849716186,1.2422536194324494,1.234008675813675,1.2307261645793914,1.22631316781044,1.2248006343841553,1.218904572725296,1.212061768770218,1.2111962139606476,1.2057016670703888,1.1977546155452727,1.1943815112113954,1.192064106464386,1.1870030164718628,1.1799066603183745,1.1758737206459045,1.1710600018501283,1.163278305530548,1.1605361640453338,1.1535932838916778,1.1451414227485657,1.1382474958896638,1.1318284690380096,1.1297594547271728,1.1214743435382843,1.115065336227417,1.1084121584892273,1.1027545154094696,1.0963228285312652,1.0868077218532561,1.080232208967209,1.0634928524494172,1.067717844247818,1.0581556558609009,1.0491210520267487,1.0361799120903015,1.0275910586118697,1.0199521243572236,1.0087785422801971,0.9947335928678512,0.9872491419315338,0.9757685452699661,0.9594834595918655,0.9458422154188156,0.9344246745109558,0.9305137097835541,0.915808442234993,0.896487683057785,0.8838013231754303,0.8725814163684845,0.8575836211442948,0.8458222359418869,0.8266360342502594,0.8132403135299683,0.7961060285568238,0.7810240834951401,0.7627054631710053,0.7540313065052032,0.7322535872459411,0.7084621250629425,0.7045816421508789,0.6804340571165085,0.6690561026334763,0.6485170215368271,0.6322524428367615,0.5992940574884414,0.5899721622467041,0.5728842198848725,0.5507282018661499,0.5268224239349365,0.496187287569046,0.4815029680728912,0.4592803195118904,0.4439439684152603,0.4202269181609154,0.3951122730970383,0.37152914255857467,0.3474501892924309,0.3218997478485107,0.2880826011300087,0.27760513722896574,0.24508533552289008,0.2159583166241646,0.20043006911873817,0.1717124029994011,0.1506040595471859,0.138667281717062,0.1294202208518982,0.10302928425371646,0.0,0.10700082331895829,0.11686445288360119,0.12710221037268638,0.14302522987127303,0.17785847261548043,0.18293462097644805,0.20975295603275299,0.2274716392159462,0.2515916407108307,0.2752370357513428,0.29237156808376313,0.31470758467912674,0.3383467897772789,0.35586989521980283,0.37686886340379716,0.395087493956089,0.4183701425790787,0.45349447429180145,0.44922502934932707,0.46805414855480193,0.48851544708013533,0.5012281224131584,0.5207683354616165,0.5372894048690796,0.5504111468791961,0.5629340142011643,0.5726374894380569,0.5911467134952545,0.6019083499908447,0.6135861903429032,0.6287872940301895,0.6386931270360947,0.6579332381486893,0.6629168659448623,0.6729527086019516,0.6869132936000824,0.6935721904039382,0.7034585177898407,0.7171587705612182,0.726583081483841,0.7297648191452026,0.7405077427625656,0.7466532677412033,0.755963072180748,0.7643573641777038,0.7704415917396545,0.7776437908411026,0.7846964985132218,0.7912702441215516,0.8012002497911453,0.8054025918245316,0.8114448845386505,0.8179320722818375,0.823678869009018,0.8285172253847122,0.8377203971147538,0.842082342505455,0.8452827751636505,0.8495941787958146,0.8548358649015426,0.8677548378705978,0.868000790476799,0.868358263373375,0.8810863673686982,0.8814238965511322,0.8849928468465805,0.8882712036371231,0.890265429019928,0.8992746591567993,0.901128813624382,0.9107792317867279,0.9073193103075028,0.9109032809734344,0.9217355370521545,0.9165004074573517,0.9231938511133194,0.9332623839378357,0.926802197098732,0.930749922990799,0.9336865454912185,0.9386290580034256,0.9544375836849213,0.9458240360021591,0.9462532639503479,0.9503963023424149,0.9574888914823532,0.958714234828949,0.9591010212898254,0.9653816789388656,0.9651808083057404,0.9700981587171554,0.9731749862432479,0.9742148816585541,0.9796584665775299,0.9811628103256226,0.9859517037868499,0.9961477816104889
t_96,1.2854515671730042,1.2869560241699218,1.2879485189914703,1.2843521237373352,1.2813040614128113,1.28182293176651,1.2753109097480775,1.2719994068145752,1.2684124052524566,1.2674384355545043,1.260045874118805,1.2582061827182769,1.2575777173042297,1.254105281829834,1.251672899723053,1.2434819877147674,1.240316593647003,1.2360824823379517,1.2346447825431823,1.2288186728954316,1.2220718562602997,1.2213193237781526,1.2159075021743775,1.2080177307128905,1.204813188314438,1.2026248097419738,1.1975603520870208,1.1906547904014588,1.1867585122585296,1.1820703089237212,1.17440727353096,1.171820378303528,1.1649738252162933,1.156574445962906,1.1498757183551789,1.143705415725708,1.1417990803718567,1.1337482154369354,1.1273973643779756,1.1209245026111603,1.1154604017734528,1.1093803346157074,1.0999721050262452,1.0934254944324493,1.076690149307251,1.0816096544265748,1.0722737908363342,1.0634765028953552,1.0507381200790404,1.0423522889614105,1.0350970327854156,1.0242561995983124,1.0102635741233825,1.0031452029943466,0.9921215355396271,0.9759184628725052,0.9624917209148407,0.9512909829616547,0.9481680721044541,0.9339687049388885,0.9146234661340713,0.9023841708898545,0.8914968192577362,0.8769374549388885,0.866016685962677,0.8466737329959869,0.8337650179862977,0.8171658426523208,0.8021162539720536,0.7839686542749404,0.7763905614614487,0.7549593925476075,0.7302212119102478,0.7282927900552749,0.7041417717933655,0.6940276533365249,0.6736978113651275,0.6583777457475662,0.6243159741163253,0.6167506068944931,0.6001431703567505,0.5781493723392487,0.5551961719989776,0.5232396066188812,0.5098588109016419,0.488130421936512,0.47457611858844756,0.45127845406532285,0.4264479637145996,0.40411423295736315,0.37943431437015535,0.35497486889362334,0.3177892163395882,0.3103431209921837,0.277373243868351,0.24456114545464516,0.23274290934205055,0.19961795210838318,0.18182030618190764,0.1703042581677437,0.15479705557227136,0.1281883202493191,0.10700082331895829,0.0,0.09694852977991104,0.11177605502307415,0.1273946102708578,0.15066201314330102,0.16026395708322524,0.1881732240319252,0.20155309066176413,0.2263112910091877,0.24628931134939194,0.2674220621585846,0.28770204335451127,0.31115803122520447,0.33069668859243395,0.3507640227675438,0.3699701949954033,0.3916570693254471,0.42372326701879504,0.42419222742319107,0.44242352694272996,0.462711238861084,0.4770239844918251,0.49547550529241563,0.5117137491703033,0.5255274951457978,0.5393421411514282,0.5499120146036148,0.5682220488786698,0.5790952801704407,0.59179507791996,0.6065769582986832,0.6170915633440017,0.6351357519626617,0.6418491423130035,0.6523711264133454,0.6657290130853653,0.6736539483070374,0.6835730105638504,0.6969616681337356,0.7063497304916382,0.7107293486595154,0.7213221162557601,0.7280578345060349,0.7370561778545379,0.7460098952054978,0.7521611154079437,0.7593941390514374,0.7669770121574402,0.7736272603273392,0.7834084421396256,0.7879745692014695,0.7939349353313446,0.8008938491344452,0.8066940039396286,0.811844190955162,0.8209037870168686,0.8255167216062546,0.8289816796779632,0.8335874497890472,0.8389301270246505,0.8511482834815979,0.8519719332456589,0.8527526825666427,0.8647496253252029,0.8658832907676697,0.8696338564157486,0.8732409596443176,0.8755286335945129,0.8842645823955536,0.8862705051898956,0.8954168856143951,0.8927782207727433,0.8965286701917649,0.9066777408123017,0.9025632679462433,0.9089802026748657,0.9185831815004348,0.9128507733345032,0.9172887891530991,0.9202531427145004,0.9249642580747605,0.9399438291788101,0.9321973979473114,0.9331999957561493,0.9373773396015167,0.9440028995275498,0.9455706417560578,0.9461917161941529,0.9525988787412644,0.9527521073818207,0.9575546264648438,0.9608719378709794,0.962232518196106,0.9675984263420105,0.969238743185997,0.9742246866226196,0.9845036268234253
t_95,1.287172782421112,1.2886717915534973,1.2896601378917694,1.286096465587616,1.2830767154693603,1.2835896968841554,1.2771477401256561,1.2738973796367645,1.2703606903553009,1.2693979024887085,1.2620852410793304,1.26028413772583,1.2596621751785277,1.2562428772449494,1.2538328170776367,1.2457440793514252,1.2426391243934631,1.2384648263454436,1.2370684385299682,1.231317687034607,1.2246729850769043,1.2239439249038697,1.2186056852340699,1.210833728313446,1.20767982006073,1.205544775724411,1.2005491077899932,1.1937777698040009,1.1899456202983856,1.1853472948074342,1.1778024673461913,1.1752720117568969,1.1685336768627166,1.1602871656417846,1.153703010082245,1.1476400434970855,1.1457796335220336,1.1378640174865722,1.1316266477108001,1.125256848335266,1.1199049830436707,1.1139246642589569,1.104687935113907,1.0982427775859833,1.0818078339099884,1.08667853474617,1.0775007903575897,1.0688674747943878,1.0563370287418365,1.0481107532978058,1.0409914612770081,1.0303419053554534,1.016611784696579,1.009632521867752,0.99879270195961,0.9829047709703446,0.9697207540273667,0.958758482336998,0.9556388884782792,0.9417270511388779,0.9227390199899673,0.9107527047395706,0.9000588744878769,0.8858033508062363,0.8750434458255768,0.8560711771249772,0.8434479117393494,0.8271996885538101,0.8124148726463318,0.794629231095314,0.7871452987194061,0.7661533206701279,0.7420239090919495,0.7399273902177811,0.7162258297204971,0.7062776476144791,0.6863545924425125,0.6711728632450104,0.6380666226148606,0.6303498983383179,0.6140590906143188,0.5925113469362259,0.5699078112840652,0.5387523621320724,0.5254844039678573,0.5040318861603736,0.49036755263805387,0.4676002740859985,0.44298784136772157,0.4208475828170776,0.3966458112001419,0.3721244275569916,0.3364569962024689,0.32794043719768523,0.2958218455314636,0.2635711684823036,0.2504228390753269,0.21796125397086144,0.1990485742688179,0.1853431433439255,0.16650327667593956,0.14005103334784508,0.11686445288360119,0.09694852977991104,0.0,0.1009488333016634,0.11511820815503597,0.1373022809624672,0.14342477545142174,0.16992248445749283,0.1831166110932827,0.2065969556570053,0.2269978404045105,0.2476276695728302,0.2680047214031219,0.2919160172343254,0.3113899901509285,0.3317255064845085,0.3512072503566742,0.3733668878674507,0.4064683347940445,0.4061479151248932,0.4246063753962517,0.4454620033502579,0.4597789689898491,0.4788650035858154,0.4952162891626358,0.509279066324234,0.5232363909482955,0.5339461743831635,0.5527554869651794,0.5637712121009827,0.5766806751489639,0.5918411493301392,0.602589875459671,0.6212030082941056,0.627865606546402,0.6385405093431473,0.6522793203592301,0.6603463649749756,0.6704851508140564,0.6841939002275467,0.6937570571899414,0.6981679320335388,0.7090371251106262,0.7158732652664185,0.725068598985672,0.7342496007680893,0.7405223041772843,0.7479606121778488,0.7555943310260773,0.7624013125896454,0.7724870920181275,0.7771045237779617,0.7832051515579224,0.7903185158967971,0.7962197691202164,0.8014855116605759,0.8107752174139022,0.8154542803764343,0.8189549624919892,0.8236433118581772,0.8291416436433792,0.8416792899370193,0.8424448013305664,0.8432072192430496,0.85558080971241,0.8566255867481232,0.8604877978563309,0.864094752073288,0.8664860963821411,0.8753931492567062,0.8774789541959762,0.8868050068616867,0.8841338783502579,0.8879270523786544,0.8983929127454757,0.8940828680992127,0.9006904870271683,0.9105421841144562,0.904658916592598,0.909129974246025,0.9121880292892456,0.916994771361351,0.9323573976755142,0.924397736787796,0.9254224270582199,0.929651528596878,0.9364686876535415,0.9380262196063995,0.9386976569890976,0.9452302247285843,0.9454040557146073,0.9503147304058075,0.9537399977445602,0.9551419764757156,0.9606299698352814,0.9623375236988068,0.9674545556306839,0.9780016571283341
t_94,1.2864398896694182,1.2879101037979126,1.2888931035995483,1.2853946745395661,1.2824175477027893,1.2829372107982635,1.276606124639511,1.273387360572815,1.2698968052864075,1.268945449590683,1.2617752194404601,1.25998557806015,1.2593876779079438,1.2560190439224244,1.2536639451980591,1.2457370698451995,1.2426871597766875,1.238581782579422,1.2371974229812621,1.231561267375946,1.22505584359169,1.2243178009986877,1.2191096544265747,1.211493581533432,1.2083981096744538,1.206276136636734,1.201412069797516,1.1947650909423828,1.1910254597663879,1.1864875614643098,1.1791164517402648,1.1766168534755708,1.1700676739215852,1.1619950473308562,1.1555396974086762,1.1495938181877137,1.1477582573890686,1.1399726748466492,1.1339006006717682,1.1276508510112762,1.1223962306976318,1.116491675376892,1.107466572523117,1.101185804605484,1.085221242904663,1.0897618055343627,1.0807458996772765,1.0722690641880035,1.0600544035434722,1.0519973397254945,1.04497731924057,1.0345172941684724,1.0211799889802933,1.0143039643764495,1.003585159778595,0.9881554901599884,0.9753275513648987,0.9646382212638855,0.9613391071557998,0.9475909024477005,0.9292618572711945,0.9174628138542176,0.9069853335618973,0.8930179744958877,0.8822090089321136,0.8639688670635224,0.8516095310449601,0.8355908930301666,0.8214063763618469,0.804126250743866,0.7963691264390945,0.7758569598197937,0.7531595677137375,0.7501400470733642,0.727223351597786,0.7170320391654968,0.6976385951042176,0.6824398428201676,0.651147210597992,0.6427279770374298,0.6267508178949356,0.6058956176042557,0.5833437085151673,0.554144361615181,0.5404164373874665,0.5194207698106765,0.505100105702877,0.4826953291893005,0.4586488977074623,0.43612069338560105,0.4129943162202835,0.3881259307265282,0.3554034993052483,0.3447675883769989,0.31321687549352645,0.283597894012928,0.26733109205961225,0.23767509460449218,0.21538058966398238,0.1978674851357937,0.1803836517035961,0.15003874227404596,0.12710221037268638,0.11177605502307415,0.1009488333016634,0.0,0.09836831726133824,0.12492485418915748,0.12134268805384636,0.14688168466091156,0.16175926104187965,0.1830146975815296,0.20572057962417603,0.22358941212296485,0.24536174908280373,0.26954853981733323,0.28833655416965487,0.30893494188785553,0.32814129143953324,0.35205707103013995,0.389114274084568,0.3852623403072357,0.4047000244259834,0.42613126784563066,0.4399106815457344,0.4603892892599106,0.4780490189790726,0.49207947701215743,0.5056933969259262,0.5162089973688125,0.5357690900564194,0.5472709000110626,0.5600260019302368,0.5759761363267899,0.5868317216634751,0.6069263786077499,0.6127793669700623,0.6236201524734497,0.6382583260536194,0.645893445611,0.6564305245876312,0.6708177000284195,0.6808709412813186,0.6847146660089493,0.6961970895528793,0.7029020249843597,0.7126963019371033,0.7218841016292572,0.7283918261528015,0.7362785398960113,0.7437845915555954,0.7508973062038422,0.7613412737846375,0.766054493188858,0.7724654734134674,0.7795624226331711,0.7857129484415054,0.7909802228212357,0.800701916217804,0.8054940789937973,0.8090091347694397,0.813728591799736,0.8193615198135376,0.8328172147274018,0.8333020329475402,0.8339679539203644,0.8471802413463593,0.8478255420923233,0.8517514497041703,0.8553160458803177,0.857661959528923,0.8670131146907807,0.869163978099823,0.87914357483387,0.8759603917598724,0.8797711342573166,0.8910399168729782,0.8859448164701462,0.8930010616779327,0.903467544913292,0.8970417737960815,0.9013809531927108,0.9045508503913879,0.9096941351890564,0.926067927479744,0.9174019753932953,0.9180813014507294,0.922538623213768,0.9298667728900909,0.9313521176576615,0.9319538652896882,0.9385968178510666,0.9386514902114869,0.943813931941986,0.947224909067154,0.9485419273376465,0.9543396323919296,0.9560997515916825,0.9613036274909973,0.9722392648458481
t_93,1.286720860004425,1.2881733894348144,1.2891428351402283,1.285685169696808,1.2827486753463746,1.2832575917243958,1.2770047068595887,1.273830384016037,1.2703853726387024,1.269440585374832,1.2623689234256745,1.260604101419449,1.2600109934806825,1.2566808402538299,1.2543633341789246,1.2465595781803132,1.2435561537742614,1.2395119667053223,1.2381468832492828,1.2326015830039978,1.2262014985084533,1.22548805475235,1.2203548669815063,1.2128825247287751,1.2098196983337401,1.207745087146759,1.2029646277427672,1.1964404702186584,1.1927510976791382,1.1882936775684356,1.181065320968628,1.1785950720310212,1.1721604585647583,1.1642543852329255,1.157915711402893,1.152076357603073,1.1502663850784303,1.1426092445850373,1.1366758048534393,1.1305443942546844,1.1253793954849243,1.1195659458637237,1.1107209086418153,1.104562246799469,1.0889744222164155,1.0933440327644348,1.0844788074493408,1.0761708557605743,1.0642322301864624,1.0563209354877472,1.0494064390659332,1.039124423265457,1.0261242628097533,1.0193515568971634,1.0088052153587341,0.993744072318077,0.9812176585197449,0.9707687079906464,0.9673574209213257,0.9538750320672988,0.9360401093959808,0.9244520425796509,0.914157709479332,0.9004719018936157,0.8897739291191101,0.8720330774784089,0.8598904401063919,0.8441924244165421,0.8304034739732742,0.8135537356138229,0.8057378202676773,0.7857227385044098,0.7638786941766739,0.7604272782802581,0.7381340950727463,0.7278930574655533,0.709022867679596,0.6938835829496384,0.6639249861240387,0.6552151799201965,0.6394351899623871,0.6191055715084076,0.5970160603523255,0.5691266566514969,0.5552830636501312,0.5349200636148452,0.5199691444635391,0.4982864409685135,0.4745693549513817,0.452191224694252,0.42974825799465177,0.40539187788963316,0.37441136240959166,0.3622576668858528,0.3315488427877426,0.30393905788660047,0.28609856963157654,0.2577617302536964,0.23443088605999945,0.2149852767586708,0.19644241482019426,0.1651513621211052,0.14302522987127303,0.1273946102708578,0.11511820815503597,0.09836831726133824,0.0,0.11900851354002953,0.11103343665599823,0.13206201866269113,0.14465810507535934,0.16506937593221666,0.18906477987766265,0.2044404439628124,0.2268649995326996,0.25041433423757553,0.26844431161880494,0.2898733079433441,0.30910006910562515,0.3341513693332672,0.3736220359802246,0.3668194949626923,0.3871754691004753,0.40928302258253096,0.4226703256368637,0.44405879974365237,0.4622499763965607,0.47631150037050246,0.4897995576262474,0.5004139497876168,0.520572093129158,0.5323324888944626,0.5451583057641983,0.561767652630806,0.5726141721010208,0.593718746304512,0.5990916848182678,0.6100893557071686,0.6253614485263824,0.6327628791332245,0.6436117470264435,0.658563643693924,0.6689763158559799,0.6724726259708405,0.6843813627958297,0.6910833448171616,0.7012823075056076,0.710591059923172,0.7172787010669708,0.7253670215606689,0.7329353660345077,0.7401977807283402,0.7510057181119919,0.755776184797287,0.7624755501747131,0.7695825278759003,0.7758847832679748,0.7812070608139038,0.7912488788366318,0.7961414456367493,0.7996497839689255,0.8044413685798645,0.8101671129465103,0.824307644367218,0.8246468812227249,0.8251248359680176,0.8389906764030457,0.8394102305173874,0.8434097409248352,0.8469593822956085,0.8492816120386124,0.8590073645114898,0.8611363738775253,0.8716092109680176,0.8680652052164077,0.8719655454158783,0.8837614297866822,0.8782031983137131,0.8855839759111405,0.8964382290840149,0.8896037608385086,0.8939734429121018,0.8972225904464721,0.902545353770256,0.9196845889091492,0.9105311542749405,0.9110577195882797,0.9156309008598328,0.923324030637741,0.9247507929801941,0.9253168195486069,0.9320847302675247,0.9320802360773086,0.9374406963586808,0.9408381849527359,0.942162710428238,0.9481789082288742,0.9499574571847915,0.9552642583847046,0.9666117697954177
t_92,1.2968420803546905,1.2985900580883025,1.2994959235191346,1.2960217356681825,1.2930890381336213,1.2937274813652038,1.2874670386314393,1.284400498867035,1.281137579679489,1.280256348848343,1.2731061637401582,1.2715548396110534,1.27096928358078,1.2678575813770294,1.2655096709728242,1.2576930105686188,1.2548962473869323,1.2510548293590547,1.2498093903064729,1.2443524420261383,1.238061398267746,1.2374887108802795,1.2324649333953857,1.2250383138656615,1.2222101867198945,1.2202881515026092,1.2155702710151672,1.209205973148346,1.2057067334651947,1.201378482580185,1.1942804396152495,1.191973227262497,1.1857186734676362,1.1777422249317169,1.1716740787029267,1.1660370647907257,1.1644419431686401,1.1570253133773805,1.1510868310928344,1.1452085018157958,1.1401738345623016,1.1347445845603943,1.1260124802589417,1.1198177814483643,1.10396249294281,1.109333097934723,1.100719839334488,1.0925511956214904,1.0807418763637542,1.072980946302414,1.0664896845817566,1.0565375566482544,1.0434296369552611,1.0371200144290924,1.0269875943660736,1.0118352711200713,0.9993577688932419,0.98923619389534,0.9870712518692016,0.9737914741039276,0.9558592766523362,0.9445979535579682,0.9348792046308517,0.9215263813734055,0.9117387682199478,0.8938940614461899,0.8823019862174988,0.8668463677167892,0.853091362118721,0.8360979437828064,0.8297988504171372,0.8100348114967346,0.7869986355304718,0.7862024366855621,0.7636686444282532,0.7549897193908691,0.7361823171377182,0.7223346889019012,0.690195494890213,0.6844266206026077,0.669213131070137,0.6495260924100876,0.6282188087701798,0.5985642343759536,0.586580216884613,0.5656590342521668,0.5547774463891983,0.5326535493135452,0.509912870824337,0.4883183315396309,0.46652532517910006,0.4423822358250618,0.4061467915773392,0.40158364921808243,0.3684645161032677,0.33584254384040835,0.3242777273058891,0.2906156420707703,0.2733345448970795,0.2575059197843075,0.24057567417621611,0.20531563833355904,0.17785847261548043,0.15066201314330102,0.1373022809624672,0.12492485418915748,0.11900851354002953,0.0,0.11440459415316581,0.13397469669580458,0.13737457394599914,0.15420911386609076,0.16919131055474282,0.18817901164293288,0.20496161803603172,0.2280747152864933,0.24811436161398887,0.26538757383823397,0.2856390863656998,0.3076012745499611,0.3374207466840744,0.3420981764793396,0.3619259759783745,0.3811482101678848,0.39738457798957827,0.41560334265232085,0.43510302901268005,0.4496155917644501,0.46448892802000047,0.4764259234070778,0.49503339976072314,0.5075883746147156,0.5212905973196029,0.5366556495428085,0.5483201324939728,0.5668905884027481,0.5755156368017197,0.5872275561094285,0.6017261326313019,0.6102895081043244,0.6211638689041138,0.6354362189769744,0.6453478693962097,0.6508598089218139,0.6626333653926849,0.6700165808200836,0.6798676669597625,0.6893934011459351,0.6965573251247406,0.7050260186195374,0.7126242548227311,0.7203660815954208,0.730096897482872,0.7359685480594635,0.7429210782051087,0.7497757375240326,0.756316214799881,0.7621508479118347,0.771386194229126,0.776723250746727,0.7808877110481263,0.786149001121521,0.7917622625827789,0.8042785823345184,0.8058713346719741,0.8073926091194152,0.8194897472858429,0.8211788296699524,0.8255446165800094,0.8295783966779708,0.8323644429445267,0.8414317220449448,0.8437988609075546,0.853377741575241,0.851082119345665,0.8553621530532837,0.8657432496547699,0.8621695220470429,0.8688800781965256,0.8785567343235016,0.873683187365532,0.8784049451351166,0.8817136645317077,0.8867277443408966,0.9018733263015747,0.8946765571832657,0.8959374517202378,0.9006250172853469,0.9074679702520371,0.9094991862773896,0.9105743438005447,0.9171381920576096,0.917610365152359,0.9227720707654953,0.9264653921127319,0.928327140212059,0.9340128570795059,0.9362890601158143,0.941901233792305,0.9526005744934082
t_91,1.2924136519432068,1.2939501643180846,1.2948715090751648,1.2914784133434296,1.2886135876178741,1.289140260219574,1.2830200970172883,1.2799449503421783,1.2766214847564696,1.2757026374340057,1.2687597572803497,1.2670986890792846,1.266506814956665,1.2633220851421356,1.2610470831394196,1.2534168660640717,1.2505464613437653,1.2466602325439453,1.2453564524650573,1.2399645388126372,1.233751082420349,1.2331081628799438,1.2281457245349885,1.2208467900753022,1.217951363325119,1.2159773647785186,1.211336076259613,1.2050441801548004,1.2014916658401489,1.1972267627716064,1.1902295768260955,1.1878700137138367,1.1816604793071748,1.1740024149417878,1.1679196119308473,1.1623340666294097,1.1606670081615449,1.153302937746048,1.147545975446701,1.141642189025879,1.1367087960243225,1.131229931116104,1.1226496040821075,1.1166863799095155,1.1015565693378448,1.106041020154953,1.0975210964679718,1.0895294010639192,1.0780478179454804,1.0704525351524352,1.063875949382782,1.0540098428726197,1.0414252996444702,1.0349464416503906,1.0248355865478516,1.0103317350149155,0.998293113708496,0.9882490843534469,0.9851795196533203,0.9722231358289719,0.9550119161605835,0.943909752368927,0.934082743525505,0.9209772974252701,0.910841292142868,0.8937483191490173,0.8821224242448806,0.867077213525772,0.8538159698247909,0.8375998467206955,0.8302476733922959,0.811020889878273,0.789830082654953,0.7868263959884644,0.765444278717041,0.7557067573070526,0.7375310838222504,0.7231642842292786,0.6942173331975937,0.6859938204288483,0.6706994652748108,0.6512168705463409,0.6301444470882416,0.6031052559614182,0.5898718893527984,0.5702326983213425,0.5558919697999954,0.5348099261522293,0.5119926676154136,0.4904800280928612,0.4686091959476471,0.4452874183654785,0.4150186538696289,0.40273294895887374,0.3733177974820137,0.3463481396436691,0.32779534012079237,0.3003445193171501,0.276871494948864,0.25675941482186315,0.2371239386498928,0.20756527483463288,0.18293462097644805,0.16026395708322524,0.14342477545142174,0.12134268805384636,0.11103343665599823,0.11440459415316581,0.0,0.1068738117814064,0.11182792223989964,0.1261137943714857,0.14738091453909874,0.1628060035407543,0.18341758400201796,0.20765237361192704,0.22620784118771553,0.24647757187485694,0.265558323264122,0.2905001312494278,0.3329681530594826,0.324440535902977,0.3452408030629158,0.36805240362882613,0.3819370150566101,0.40396626889705656,0.4230587318539619,0.4374136656522751,0.4517328530550003,0.46256000697612765,0.4835854843258858,0.4957964390516281,0.509419521689415,0.5266251683235168,0.5378324031829834,0.5597182273864746,0.5654480725526809,0.5772403687238693,0.5931065499782562,0.600697711110115,0.6123006969690323,0.6278570652008056,0.638809061050415,0.6424992263317109,0.6550324052572251,0.6619542747735977,0.6726291418075562,0.6824230432510376,0.6895401030778885,0.6978224456310272,0.7059063345193863,0.7135626018047333,0.724660211801529,0.7295977175235748,0.7368467956781387,0.7443238854408264,0.7508547127246856,0.7564225137233734,0.7668309867382049,0.7721147239208221,0.7758867979049683,0.7809889554977417,0.7867510348558426,0.8014740705490112,0.8020835220813751,0.8025255233049393,0.8168555736541748,0.8175625562667846,0.8217129796743393,0.8255588501691818,0.8279696851968765,0.8380548238754273,0.8402733355760574,0.8511672407388687,0.8476674824953079,0.8517056375741958,0.8639824658632278,0.858431875705719,0.8661200553178787,0.8772667288780213,0.8702353239059448,0.8749309986829757,0.8782980650663376,0.8838108450174331,0.9016058415174484,0.892180210351944,0.8928470134735107,0.8976597934961319,0.9055788576602936,0.9072671175003052,0.9078392118215561,0.9149217307567596,0.915022200345993,0.9205863684415817,0.9241464734077454,0.9257850855588913,0.9320493191480637,0.9339523077011108,0.9395614117383957,0.9515166342258453
t_90,1.2940361380577088,1.2955355584621429,1.2964510440826416,1.2931115627288818,1.2903150558471679,1.2908164739608765,1.2848012089729308,1.281781417131424,1.2784999668598176,1.2775821805000305,1.2707763850688933,1.2691366374492645,1.2685731828212738,1.2654459655284882,1.2632038176059723,1.2557254314422608,1.252901542186737,1.2490882575511932,1.2478110134601592,1.242514169216156,1.2364269196987152,1.235816103219986,1.2309526681900025,1.2238110303878784,1.2209790766239166,1.2190402925014496,1.2144776225090026,1.208335131406784,1.2048391580581665,1.200671762228012,1.193846344947815,1.1915292203426362,1.185429036617279,1.1779927670955659,1.172030520439148,1.1665583670139312,1.1649185240268707,1.1577256739139556,1.1521196067333221,1.146320778131485,1.1415104746818543,1.1361331939697266,1.1277586281299592,1.1219690978527068,1.1072704017162323,1.111525309085846,1.1031820893287658,1.0954049408435822,1.0842050075531007,1.0767999589443207,1.0703561842441558,1.0607165098190308,1.0485058188438416,1.0421263515949248,1.0322574257850647,1.0181316018104554,1.006473183631897,0.9966079354286194,0.9933777570724487,0.9808333843946457,0.9640758812427521,0.9533061921596527,0.9436143934726715,0.9308313876390457,0.9208483338356018,0.9042385339736938,0.8928210973739624,0.8782843559980392,0.865411177277565,0.8497276276350021,0.8423375904560089,0.8236571669578552,0.8033119857311248,0.7999157011508942,0.779227203130722,0.7694451868534088,0.7518895149230957,0.7377041637897491,0.7101599931716919,0.7014951527118682,0.6865719586610795,0.667446893453598,0.646948567032814,0.6212618857622146,0.6080585062503815,0.5892572939395905,0.5739953875541687,0.5540261566638947,0.5315205544233322,0.5104780226945878,0.4889640688896179,0.4667090937495232,0.4385863497853279,0.424189518392086,0.39641628265380857,0.3717867821455002,0.35241945534944535,0.3267131358385086,0.302145379781723,0.2809264466166496,0.26044952422380446,0.2325409770011902,0.20975295603275299,0.1881732240319252,0.16992248445749283,0.14688168466091156,0.13206201866269113,0.13397469669580458,0.1068738117814064,0.0,0.10826964825391769,0.11606141440570354,0.1353954218327999,0.14598212018609047,0.1652556464076042,0.18947744593024254,0.20638755038380624,0.2269120454788208,0.24615628272294998,0.27080309987068174,0.3179467737674713,0.30485309809446337,0.32504492402076723,0.3499165803194046,0.3628053292632103,0.38624977618455886,0.4044392824172974,0.41921561360359194,0.43342996686697005,0.4443440422415733,0.46647352129220965,0.47843395471572875,0.49217763990163804,0.5103209882974624,0.5215794652700424,0.5446796685457229,0.5495173007249832,0.5614760309457779,0.5779399931430816,0.5857245057821274,0.5974449038505554,0.6137152075767517,0.6250974029302597,0.6285486876964569,0.6412112563848495,0.6484716087579727,0.659449627995491,0.6694112211465836,0.6766028702259064,0.6848835259675979,0.6935115396976471,0.7011465430259705,0.7129881113767624,0.7176675200462341,0.7249939352273941,0.7328862518072128,0.7395295202732086,0.7451318711042404,0.7561099380254745,0.7613987416028977,0.765220683813095,0.7703871130943298,0.7763084471225739,0.791822400689125,0.7922219812870026,0.7923613727092743,0.8075000643730164,0.8080095767974853,0.8122111916542053,0.8160819202661515,0.8183928728103638,0.8289600998163223,0.8311257302761078,0.8425565898418427,0.8387694031000137,0.8428158700466156,0.855722314119339,0.8496529668569565,0.8576724886894226,0.8694802254438401,0.8616730898618699,0.8665106952190399,0.8699630171060562,0.8756559431552887,0.8944530159235,0.8843610376119614,0.8849870890378952,0.8898311287164689,0.8981360226869584,0.8997783720493316,0.9002148926258087,0.9076526045799256,0.9076717525720597,0.9134251624345779,0.9171355962753296,0.9186383157968521,0.9252118468284607,0.9270563721656799,0.9328244864940644,0.9454406678676606
t_89,1.298487901687622,1.3000754415988922,1.300939792394638,1.2976193010807038,1.2948436915874482,1.2953472852706909,1.2893555223941804,1.2863969683647156,1.2831576466560364,1.2822573482990265,1.2754730463027955,1.2739002466201783,1.273316103219986,1.270245909690857,1.2680127203464509,1.2605792582035065,1.257803875207901,1.2540845155715943,1.2528517603874207,1.2475800335407257,1.241561907529831,1.241009032726288,1.236195170879364,1.229084700345993,1.2263503670692444,1.2244683802127838,1.2199213325977325,1.2138971507549285,1.2104642271995545,1.2063816487789154,1.1996383488178253,1.1973918437957765,1.1913429081439972,1.1840048849582672,1.1781482994556427,1.1728322327136993,1.1712961792945862,1.1642388463020326,1.1586874961853026,1.1529846608638763,1.1482980012893678,1.1431130290031433,1.1348199486732482,1.1290833294391631,1.1144940555095673,1.118985617160797,1.110797256231308,1.1031756818294525,1.0921320378780366,1.0848696529865265,1.0786231398582458,1.0691960871219635,1.0570576667785645,1.0508370518684387,1.0412375211715699,1.0272756457328795,1.0157751083374023,1.0060429602861405,1.0030783116817474,0.9908964902162551,0.9742232829332351,0.9636698216199875,0.9541845113039017,0.941659563779831,0.9321049690246582,0.9155252367258072,0.9043204635381699,0.8901535958051682,0.8773304641246795,0.8618630260229111,0.8548610597848892,0.8365344852209091,0.8158627212047577,0.8132199585437775,0.7927847772836685,0.7834894925355911,0.7661181032657624,0.7524183958768844,0.7247957617044449,0.7166890650987625,0.7019812434911727,0.6829347282648086,0.6631898254156112,0.637085086107254,0.6244897693395615,0.6060931086540222,0.5913183182477951,0.5716375410556793,0.5494192630052567,0.5291612267494201,0.5072228744626045,0.485970264673233,0.4571172371506691,0.44302031546831133,0.41593184024095536,0.3909533187747002,0.37250066846609114,0.3460071414709091,0.3220377743244171,0.3015205442905426,0.28017654567956923,0.252783989161253,0.2274716392159462,0.20155309066176413,0.1831166110932827,0.16175926104187965,0.14465810507535934,0.13737457394599914,0.11182792223989964,0.10826964825391769,0.0,0.10445801168680191,0.11400719396770001,0.12822868824005126,0.1431352011859417,0.16617332324385642,0.18460601791739464,0.20511702224612235,0.22481766119599342,0.2479129306972027,0.2957178071141243,0.28255241066217424,0.3025026485323906,0.3280875340104103,0.34188899397850037,0.36475385129451754,0.3823783785104752,0.39742336571216585,0.4130115047097206,0.4242256790399551,0.44696667790412903,0.45861307680606844,0.4735335662961006,0.49155533015728,0.5031288728117943,0.5259710490703583,0.5314808636903763,0.5441541284322738,0.5602393060922622,0.5687682420015335,0.5808674573898316,0.5970731496810913,0.6087792068719864,0.6127227216958999,0.6254049509763717,0.6329674541950225,0.6439009040594101,0.6543909430503845,0.6616770923137665,0.6697810590267181,0.6791417717933654,0.6867837846279145,0.6987927436828614,0.7033905863761902,0.710721218585968,0.7193512439727783,0.725999915599823,0.7317806720733643,0.7429171234369278,0.7484458357095718,0.7524039536714554,0.7577356845140457,0.7637194991111755,0.7792479306459427,0.7799129873514176,0.7799921810626984,0.7950771033763886,0.7961146473884583,0.8003733336925507,0.804528146982193,0.8069644033908844,0.817519235610962,0.8196989923715592,0.8311044573783875,0.8276614606380462,0.8317764699459076,0.8445817500352859,0.8389879375696182,0.8470216780900955,0.8587683916091919,0.850946021080017,0.856279256939888,0.85975441634655,0.8652951091527938,0.8841322600841522,0.874114015698433,0.8751000761985779,0.8800066918134689,0.8881633251905441,0.8900656908750534,0.8904839068651199,0.8982111722230911,0.8984317392110824,0.904125627875328,0.9080430686473846,0.9098099112510681,0.9164753526449203,0.9183299332857132,0.924208116531372,0.9372985184192657
t_88,1.3002501606941224,1.3018782079219817,1.3027396142482757,1.2994611263275146,1.2967073142528533,1.2972479045391083,1.2913321137428284,1.288436609506607,1.2852927505970002,1.2844237804412841,1.277708899974823,1.2762019991874696,1.2756409645080566,1.2726594746112823,1.2704573392868042,1.263129085302353,1.2604494273662568,1.2568270087242126,1.2556285798549651,1.250481164455414,1.2445856511592865,1.2440519988536836,1.2393345654010772,1.2323771953582763,1.2297235369682311,1.2279027998447418,1.2234453737735749,1.2175630927085876,1.2142268300056458,1.2102161526679993,1.2036228060722352,1.201441752910614,1.1955539286136627,1.1883170902729034,1.1825882911682128,1.1773833572864532,1.1759016454219817,1.1689591765403748,1.1635358273983,1.1579547286033631,1.1533631920814513,1.1482818961143493,1.140171080827713,1.1345362603664397,1.1202041029930114,1.1247135758399964,1.116666841506958,1.1092145025730134,1.0983809292316438,1.0912480056285858,1.0851748168468476,1.0759302854537964,1.064083105325699,1.0580599665641786,1.0486295998096467,1.0349516034126283,1.0236937403678894,1.0142744839191438,1.0114452481269836,0.9994265466928482,0.9831736087799072,0.9728756487369538,0.9636475294828415,0.9514219582080841,0.9420240432024002,0.9258423775434494,0.9150283426046372,0.901125431060791,0.8887026697397232,0.8735472589731217,0.8667510718107223,0.8487957149744034,0.8288920193910598,0.8261899083852768,0.8060833245515824,0.7971342831850052,0.7801501423120498,0.7665679574012756,0.7397686064243316,0.7318791508674621,0.7176332712173462,0.6993156164884567,0.679655110836029,0.6544707328081131,0.6420570433139801,0.6239918261766434,0.6097525537014008,0.5905584812164306,0.5688945055007935,0.5486528664827347,0.5278501689434052,0.5061579540371894,0.47826591432094573,0.4652696162462234,0.4379924476146698,0.4131345316767693,0.39509782642126084,0.36902983486652374,0.34575882703065874,0.3246786341071129,0.30395406633615496,0.2757826879620552,0.2515916407108307,0.2263112910091877,0.2065969556570053,0.1830146975815296,0.16506937593221666,0.15420911386609076,0.1261137943714857,0.11606141440570354,0.10445801168680191,0.0,0.10670518837869167,0.10912489071488381,0.12518271282315255,0.14410868063569068,0.16080545783042907,0.17973240092396736,0.1990071602165699,0.2229510873556137,0.27202201187610625,0.25747893899679186,0.2776754260063171,0.30312075167894365,0.3163882315158844,0.34057461470365524,0.35944628417491914,0.3747809872031212,0.38963975161314013,0.40102469027042387,0.42371380925178526,0.43610969483852385,0.45081177949905393,0.4695125222206116,0.4814130514860153,0.5051921218633652,0.5105485558509827,0.5231515318155289,0.5400725156068802,0.5485343009233474,0.5608978062868119,0.5775464087724685,0.5895121604204178,0.5934746265411377,0.6067887365818023,0.6143635451793671,0.6257868528366088,0.6363974332809448,0.643871396780014,0.6527991652488708,0.6617436408996582,0.6698559075593948,0.6820539653301239,0.6871976971626281,0.6948365896940232,0.7032183945178986,0.7101940870285034,0.716154831647873,0.7274955362081528,0.733180695772171,0.7372318506240845,0.7426799923181534,0.7489462554454803,0.7649262338876724,0.7654867887496948,0.7658607274293899,0.7813824087381362,0.7821928411722183,0.7866883128881454,0.7907785266637802,0.793453374505043,0.804157042503357,0.8066381961107254,0.8182688772678375,0.8147999793291092,0.8190084010362625,0.8322175025939942,0.8263504296541214,0.8346243679523468,0.8467042446136475,0.8389949142932892,0.8441780120134353,0.8478965818881988,0.8536430627107621,0.872809499502182,0.8627915471792221,0.8636658966541291,0.8687163144350052,0.8772101610898971,0.8790748000144959,0.879736989736557,0.8873800098896026,0.8877169102430343,0.89365756213665,0.8976155936717987,0.8994237303733825,0.9062938511371612,0.9083341717720032,0.9143973648548126,0.9276502102613449
t_87,1.306927317380905,1.3086827218532562,1.3095052003860475,1.3062260687351226,1.303486442565918,1.3040632009506226,1.2981586933135987,1.295316255092621,1.2922473967075347,1.2913840055465697,1.2846682727336884,1.2832555174827576,1.2826854884624481,1.2798016846179963,1.2775661408901215,1.2702653229236602,1.2676614820957184,1.2641561388969422,1.26300448179245,1.2578800082206727,1.2520405232906342,1.2515935122966766,1.2469268321990967,1.2399708032608032,1.2374377727508545,1.2356904983520507,1.2312335669994354,1.2254640460014343,1.2222082138061523,1.2182809591293335,1.2117473006248474,1.2096698939800263,1.2038288354873656,1.1966338932514191,1.1910536885261536,1.1859936714172363,1.1846172213554382,1.1778607785701751,1.1724648773670197,1.1669896125793457,1.1625317871570586,1.1576936185359954,1.1496329307556152,1.1440248847007752,1.1296583712100983,1.1346063911914825,1.1267206788063049,1.1194118142127991,1.1087022721767426,1.101706326007843,1.095858782529831,1.0868040084838868,1.0749516308307647,1.0691405653953552,1.0599987268447877,1.0463324308395385,1.0352025091648103,1.025874626636505,1.0235668241977691,1.0118628084659576,0.9955406248569488,0.9855133533477783,0.9764941722154618,0.9645332902669906,0.9556756526231766,0.9394066751003265,0.9288051158189774,0.9152399152517319,0.902798381447792,0.8877525508403779,0.8816226750612259,0.8639507263898849,0.8432862669229507,0.8419119000434876,0.8218933403491974,0.8136301070451737,0.7967764735221863,0.7840093702077866,0.7563818603754043,0.7496266782283783,0.7356337666511535,0.7173754334449768,0.6985725581645965,0.6725214213132858,0.6610252946615219,0.6431386291980743,0.6302025854587555,0.611191788315773,0.5897792667150498,0.5705181270837784,0.5492757201194763,0.5288027256727219,0.4991533949971199,0.48788594007492064,0.46073022335767744,0.4345861867070198,0.4188783422112465,0.3912733644247055,0.3697145625948906,0.3502428144216537,0.32905817627906797,0.30096614360809326,0.2752370357513428,0.24628931134939194,0.2269978404045105,0.20572057962417603,0.18906477987766265,0.16919131055474282,0.14738091453909874,0.1353954218327999,0.11400719396770001,0.10670518837869167,0.0,0.10952256657183171,0.1116245549172163,0.13125049471855163,0.14985048472881318,0.16311945766210556,0.18212010711431503,0.20153546780347825,0.2478072389960289,0.23833653703331947,0.25644597709178923,0.28187740296125413,0.2966821238398552,0.31855426281690596,0.336609448492527,0.35206465274095533,0.36897060871124265,0.3813330247998238,0.4040614292025566,0.41604091227054596,0.4321125492453575,0.45000725984573364,0.46227990835905075,0.48446966856718066,0.4918436869978905,0.505249311029911,0.52130628824234,0.531083345413208,0.5433174312114716,0.5598795652389527,0.5716628164052964,0.57688510119915,0.5899712532758713,0.5981473624706268,0.6091565877199173,0.620418232679367,0.6280680388212204,0.6365641266107559,0.6464744806289673,0.6544378727674485,0.6665765553712845,0.6717536568641662,0.6793732017278671,0.6884871304035187,0.6953787535429001,0.7016878634691238,0.7128673732280731,0.718896108865738,0.7231989741325379,0.7290029227733612,0.7351888060569763,0.7505658805370331,0.7517973512411118,0.7523676007986069,0.7671475499868393,0.7689549058675766,0.7735544383525849,0.7780628234148026,0.7808467775583268,0.7914529889822006,0.7938873708248139,0.805182033777237,0.8024395942687989,0.8068068712949753,0.8193856626749039,0.814672976732254,0.8227009564638138,0.8342280179262161,0.8270573496818543,0.8329164564609528,0.8365786641836166,0.8420692414045334,0.8605892479419708,0.8512333303689956,0.8527176171541214,0.8578569531440735,0.8658299535512924,0.8681329607963562,0.8688554257154465,0.8767944008111954,0.8774070888757706,0.8832068175077439,0.887416672706604,0.8896152794361114,0.8963789999485016,0.8985686898231506,0.9048282563686371,0.9182636320590973
t_86,1.3042656183242798,1.305946010351181,1.3067773818969726,1.3035591959953308,1.300858849287033,1.3014115571975708,1.2956076502799987,1.2928087770938874,1.2897635996341705,1.2889096915721894,1.2823019921779633,1.280894273519516,1.28034108877182,1.2774781286716461,1.2753080666065215,1.2681348979473115,1.265561056137085,1.2620696544647216,1.2609330773353578,1.2559082865715028,1.2501782178878784,1.2497092187404633,1.2451317071914674,1.2383439004421235,1.2358032822608949,1.2340552449226379,1.2297123968601227,1.2240347027778626,1.2208235085010528,1.2169416129589081,1.2105433583259582,1.2084633588790894,1.2027583777904511,1.1957207322120667,1.1901975393295288,1.1852135896682738,1.1838220238685608,1.1771180331707,1.1718614876270295,1.1664776086807251,1.162068623304367,1.157218611240387,1.149353301525116,1.1438610672950744,1.1299368858337402,1.13451429605484,1.126708483695984,1.1195236206054688,1.109049791097641,1.102172303199768,1.0963380873203277,1.0874209702014923,1.0759388387203217,1.0701969146728516,1.0611047387123107,1.0478441298007966,1.0370025873184203,1.0279362797737122,1.025315237045288,1.0137486577033996,0.9980128467082977,0.9881163865327836,0.9792405724525451,0.9675040543079376,0.9585139513015747,0.9428632736206055,0.9325037091970444,0.9190989315509797,0.9071572929620743,0.8925222933292389,0.8860543847084046,0.8687758952379226,0.8495589703321457,0.8470803946256638,0.8276931017637252,0.8192217946052551,0.8028455972671509,0.789754331111908,0.764021348953247,0.7565111339092254,0.7428112864494324,0.7252607941627502,0.7063907951116561,0.682228633761406,0.6702958941459656,0.6529635995626449,0.6392506629228591,0.6208667486906052,0.600052273273468,0.5804943948984146,0.5606543838977813,0.539633697271347,0.5129007190465927,0.5004063308238983,0.4740889102220535,0.45011705309152605,0.4324486583471298,0.40728412121534346,0.3848562613129616,0.36397205144166944,0.3439305067062378,0.3160988882184029,0.29237156808376313,0.2674220621585846,0.2476276695728302,0.22358941212296485,0.2044404439628124,0.18817901164293288,0.1628060035407543,0.14598212018609047,0.12822868824005126,0.10912489071488381,0.10952256657183171,0.0,0.10256799906492234,0.11961583457887173,0.12707594484090806,0.14422320276498796,0.1612519934773445,0.18500600457191468,0.23736141249537468,0.21707740649580956,0.23771919012069703,0.2640271261334419,0.27654853612184527,0.30154025703668597,0.3211079970002174,0.3364641979336739,0.35131384134292604,0.3628564357757568,0.3862684741616249,0.3991865277290344,0.41429494470357897,0.4337862253189087,0.44596789628267286,0.4709504798054695,0.47605359703302386,0.4892847046256065,0.5069915413856506,0.5155584663152695,0.5285377025604248,0.5459036231040955,0.5583734780550003,0.5623480349779129,0.576373627781868,0.5841727584600449,0.5961233586072922,0.6071680843830108,0.6150631159543991,0.6244900643825531,0.6336667597293854,0.6422023743391037,0.6548334330320358,0.6603773653507232,0.6684143513441085,0.6770362317562103,0.6843788713216782,0.6906418919563293,0.7024305373430252,0.7084093302488327,0.7126555114984512,0.7183473169803619,0.7248595654964447,0.7415499776601792,0.7421663880348206,0.742631909251213,0.7587613880634307,0.7596814960241318,0.7643649339675903,0.7686029225587845,0.7714969903230667,0.7825966119766236,0.7852074146270752,0.7973387002944946,0.793777021765709,0.7982353359460831,0.8119486272335052,0.8059284836053848,0.8145460069179535,0.8271045446395874,0.819222804903984,0.8245510071516037,0.8285290151834488,0.8344467967748642,0.8544540226459503,0.8441492944955826,0.8450274407863617,0.850320503115654,0.8591921091079712,0.8611988514661789,0.8619787156581878,0.8698455482721329,0.87031971514225,0.8765338748693466,0.8806851863861084,0.8826820433139801,0.8898857265710831,0.8921176880598068,0.8984892308712006,0.9124538630247117
t_85,1.3094119071960448,1.3111993730068208,1.311996614933014,1.3087868094444275,1.3061050474643707,1.3066913485527039,1.30091535449028,1.2981657266616822,1.2951848387718201,1.2943472564220428,1.2877505123615265,1.2864237904548645,1.2858776032924653,1.2831020593643188,1.2809267520904541,1.273782068490982,1.271269154548645,1.267875874042511,1.2667960405349732,1.2618105292320252,1.2561340808868409,1.255747526884079,1.2512118875980378,1.244457972049713,1.2420232474803925,1.240345960855484,1.2360168993473053,1.230435585975647,1.2272781372070312,1.2234796226024627,1.2171601951122284,1.2151478111743927,1.209516316652298,1.2025095224380493,1.197103238105774,1.1922234892845154,1.190931063890457,1.1843642592430115,1.17913276553154,1.1738548815250396,1.1695401072502136,1.1648774206638337,1.1570760428905487,1.1516217648983003,1.1376981377601623,1.1426038503646851,1.1349453151226043,1.1278796792030334,1.1175341069698335,1.1107633709907532,1.1051426947116851,1.0964219748973847,1.0849947214126587,1.0794326305389403,1.0705760955810546,1.0573896169662476,1.0466630637645722,1.0377434253692628,1.0355627596378327,1.0242427051067353,1.008543610572815,0.9989016741514206,0.990238681435585,0.978746873140335,0.970193812251091,0.9545780062675476,0.9444778501987457,0.9313641577959061,0.9195068955421448,0.9050073981285095,0.8991436123847961,0.8821343898773193,0.8625612705945969,0.8610861957073211,0.84183289706707,0.8339589387178421,0.817778903245926,0.8053151696920395,0.7791056334972382,0.7725713521242141,0.7591307669878006,0.7418540388345718,0.7236048251390457,0.6990714132785797,0.6878629744052887,0.6706971734762192,0.6581195086240769,0.6399243593215942,0.6195145845413208,0.6005495250225067,0.5807641297578812,0.5604392439126968,0.5325462132692337,0.5217816829681396,0.495398174226284,0.4705087035894394,0.4547477960586548,0.4283608376979828,0.4074229300022125,0.3877797171473503,0.36760910153388976,0.33966375291347506,0.31470758467912674,0.28770204335451127,0.2680047214031219,0.24536174908280373,0.2268649995326996,0.20496161803603172,0.18341758400201796,0.1652556464076042,0.1431352011859417,0.12518271282315255,0.1116245549172163,0.10256799906492234,0.0,0.10766568072140217,0.11699207983911038,0.12414801754057407,0.142089082300663,0.16124459654092788,0.21101003661751747,0.19506788104772568,0.21352427080273628,0.23892105296254157,0.25283696353435514,0.27642637938261033,0.29549112170934677,0.3116394758224487,0.3274261325597763,0.33995586931705474,0.3633387625217438,0.3761807978153229,0.39221510738134385,0.41132674515247347,0.42403784543275835,0.4481000959873199,0.45464577376842497,0.4685063436627388,0.48598419725894926,0.49547419250011443,0.5085647255182266,0.525886082649231,0.5384008526802063,0.5434884786605835,0.5574211686849594,0.5657774597406388,0.5775964677333831,0.5890783846378327,0.5972087472677231,0.6065700441598892,0.6163977265357972,0.6251067399978638,0.637661361694336,0.6434452772140503,0.6516399413347245,0.6606622129678726,0.6681090623140336,0.6746654033660888,0.6864037334918975,0.6926336914300919,0.697287705540657,0.7033108800649643,0.7098384171724319,0.7261366337537766,0.7272933542728424,0.7280706077814102,0.7437229633331299,0.7453187704086304,0.7502220034599304,0.754810118675232,0.7578614115715027,0.7689351260662078,0.77158282995224,0.7835517764091492,0.7805455535650253,0.7851925969123841,0.7985168278217316,0.7933385074138641,0.8018399924039841,0.8140844255685806,0.8066958039999008,0.8124921709299088,0.8164556354284287,0.8223051846027374,0.8418794393539428,0.8321092128753662,0.833469569683075,0.8388740688562393,0.8474294185638428,0.8497546404600144,0.850645637512207,0.8587608009576797,0.8594604074954987,0.865607026219368,0.8700220286846161,0.8723123341798782,0.8794894307851792,0.8819243967533111,0.8885315507650375,0.9026507169008255
t_84,1.3118897080421448,1.3137149512767792,1.314495176076889,1.3113206326961517,1.3086797535419463,1.3092777192592622,1.3035655319690704,1.3008698225021362,1.2979601562023162,1.2971359729766845,1.2906153559684754,1.2893379867076873,1.2888085186481475,1.2861005246639252,1.2839456617832183,1.2769046485424043,1.2744551062583924,1.2711466372013092,1.2700966775417328,1.2651917815208436,1.2596183240413665,1.2592554152011872,1.254815512895584,1.2481768429279327,1.2457975149154663,1.2441770374774932,1.2399107336997985,1.2344677865505218,1.2313805282115937,1.2276572704315185,1.2214603185653687,1.2195119440555573,1.2139806389808654,1.2071045815944672,1.201814192533493,1.1970609605312348,1.1958210587501525,1.1893771231174468,1.1842335760593414,1.1790809214115143,1.1748636960983276,1.170321875810623,1.162664133310318,1.1573193788528442,1.1436387777328492,1.1485591590404511,1.1410444676876068,1.1341580986976623,1.1240281939506531,1.1173918008804322,1.1119332373142243,1.1033832907676697,1.0921739220619202,1.0867617726325989,1.0781181097030639,1.0652036845684052,1.0546954989433288,1.0459826588630676,1.0438993990421295,1.0328495979309082,1.0174461364746095,1.0080592572689056,0.9996058285236359,0.9883603751659393,0.9800296634435653,0.964695805311203,0.9548550605773926,0.9420826107263565,0.9304613202810288,0.9162938475608826,0.9105900645256042,0.8939437747001648,0.8747862607240677,0.8733975857496261,0.8544993489980698,0.846884137392044,0.8310834527015686,0.8189150124788285,0.7932660669088364,0.7868455708026886,0.7737986981868744,0.7569018363952636,0.7389588952064514,0.7149771392345429,0.7040186643600463,0.6873191148042679,0.6749644666910172,0.6572962492704392,0.6372646808624267,0.6187750697135925,0.5994387775659561,0.5794883847236634,0.5521166980266571,0.5417515516281128,0.5157985985279083,0.491551348567009,0.47616481184959414,0.45014003068208697,0.429696162045002,0.41019591987133025,0.39007116109132767,0.36252610981464384,0.3383467897772789,0.31115803122520447,0.2919160172343254,0.26954853981733323,0.25041433423757553,0.2280747152864933,0.20765237361192704,0.18947744593024254,0.16617332324385642,0.14410868063569068,0.13125049471855163,0.11961583457887173,0.10766568072140217,0.0,0.10359709486365318,0.11155629828572274,0.126340102404356,0.14368359595537186,0.19236543402075768,0.1741637885570526,0.192951101064682,0.21729855015873908,0.23101414665579795,0.2545803219079971,0.2737341448664665,0.2892892360687256,0.3055038720369339,0.31782321333885194,0.34176031649112704,0.3545991376042366,0.3707673132419586,0.3902667030692101,0.4031872361898422,0.42778286039829255,0.4345647394657135,0.44841328561306,0.46589542329311373,0.47593467831611636,0.489194019138813,0.5068210899829865,0.5195599645376205,0.5248025923967361,0.5389567106962204,0.5476384371519089,0.5597406089305877,0.5715437978506088,0.5797759622335434,0.5893945246934891,0.5994274854660034,0.6083067804574966,0.6212787449359893,0.6271192967891693,0.6354162156581878,0.6448101758956909,0.6523759245872498,0.6591368466615677,0.6711350381374359,0.6775504320859909,0.6822205185890198,0.6884179651737213,0.6951677441596985,0.7118675827980041,0.7130308389663697,0.7138555973768235,0.729921692609787,0.7315161198377609,0.7365525901317597,0.7412193834781646,0.7444813758134842,0.7557375520467758,0.7585515379905701,0.7706640839576722,0.7677679538726807,0.7724737823009491,0.7861310511827468,0.7808986932039261,0.7896058529615402,0.8020472645759582,0.7946446716785431,0.8006012082099915,0.8046613365411759,0.8106900185346604,0.8304822415113449,0.8206434041261673,0.8220968842506409,0.8276331841945648,0.8363889932632447,0.8387692779302597,0.8397916555404663,0.8480784654617309,0.8488671153783798,0.8551993012428284,0.8597151964902878,0.8621260911226273,0.8694746196269989,0.8720504492521286,0.8788799434900284,0.8932770848274231
t_83,1.311337685585022,1.313130009174347,1.3139052212238311,1.3107800960540772,1.308180421590805,1.3087597370147706,1.303115576505661,1.3004563629627228,1.2975739061832428,1.2967626869678497,1.29032444357872,1.28906107544899,1.288539320230484,1.2858591437339784,1.2837446749210357,1.2767942726612092,1.2743835151195526,1.271097230911255,1.270058512687683,1.265218836069107,1.2597106218338012,1.259352546930313,1.2549620985984802,1.2484268128871918,1.2460769653320312,1.244466644525528,1.240262758731842,1.234890055656433,1.2318416595458985,1.2281786441802978,1.2220645189285277,1.2201399326324462,1.2147121667861938,1.2079494178295136,1.2027267038822174,1.1980306327342987,1.1968113243579865,1.190440833568573,1.1854031920433044,1.1803324103355408,1.176164013147354,1.1716580748558045,1.1641382336616517,1.1588917076587677,1.1454905688762664,1.1502346873283387,1.142816859483719,1.1360303342342377,1.126076763868332,1.11954185962677,1.1141424477100372,1.1057064712047577,1.0947541296482086,1.089412474632263,1.0808438599109649,1.0682126998901367,1.0579099595546722,1.0493693828582764,1.047148013114929,1.0362852573394776,1.0212337672710419,1.0120194971561431,1.0036717921495437,0.992627027630806,0.9843300849199295,0.9693766534328461,0.9597342252731323,0.9471948117017746,0.9358870148658752,0.9220583707094192,0.9162388205528259,0.8999502301216126,0.881569367647171,0.8797064572572708,0.8612790375947952,0.8536322265863419,0.8381864160299302,0.8259880512952804,0.8015016049146653,0.7947231978178024,0.7819036900997162,0.7654518485069275,0.7477725654840469,0.7248519957065582,0.7137948334217071,0.6976107239723206,0.6848730832338333,0.6677801877260208,0.6481151640415191,0.6298204869031906,0.6111677676439286,0.5914019078016282,0.5657961070537567,0.5545918494462967,0.5295313507318496,0.5065805599093437,0.49045461863279344,0.4659367725253105,0.4453024387359619,0.4253516048192978,0.4055081561207771,0.3789215922355652,0.35586989521980283,0.33069668859243395,0.3113899901509285,0.28833655416965487,0.26844431161880494,0.24811436161398887,0.22620784118771553,0.20638755038380624,0.18460601791739464,0.16080545783042907,0.14985048472881318,0.12707594484090806,0.11699207983911038,0.10359709486365318,0.0,0.10583067089319229,0.11580258347094059,0.13464127406477927,0.1861710198223591,0.1569282665848732,0.17708793357014657,0.20290414690971376,0.21389865949749948,0.2393285535275936,0.2588444322347641,0.27418031394481657,0.28884671777486803,0.30058677941560746,0.32524840980768205,0.3384121686220169,0.3540993258357048,0.37465785890817643,0.38738478124141695,0.4139527305960655,0.41905415058135986,0.4328444108366966,0.45142382085323335,0.46082870960235595,0.47453857511281966,0.4928850993514061,0.5060748800635337,0.5104581475257873,0.5253178834915161,0.5338430941104889,0.5464564144611359,0.558328452706337,0.5667778074741363,0.5768624752759933,0.5866622507572175,0.5958498954772949,0.6093598276376724,0.6152972370386124,0.6239168226718903,0.6331813246011734,0.6410227745771409,0.6478554040193558,0.6603438675403595,0.6667876660823822,0.6714377254247665,0.6775954335927963,0.6846034795045852,0.7022910356521607,0.7031014055013657,0.7036933302879333,0.7207394689321518,0.721926262974739,0.7270084589719772,0.7315811842679978,0.734854918718338,0.7465525537729263,0.7494675904512406,0.7622032999992371,0.7587932825088501,0.763580647110939,0.7780199587345124,0.7719979882240295,0.7811279177665711,0.7943043231964111,0.7862835466861725,0.7920944541692734,0.7963771969079971,0.8026590675115586,0.8235928267240524,0.8130537509918213,0.8141816586256028,0.8198926031589509,0.8292015969753266,0.8314600944519043,0.8324585825204849,0.8408511579036713,0.8416040658950805,0.8482105433940887,0.8527290374040604,0.8551008015871048,0.8627415060997009,0.8653652608394623,0.8723437547683716,0.8873243898153305
t_82,1.3156372785568238,1.3175497114658357,1.318295991420746,1.3151723623275757,1.3125753104686737,1.3132245123386384,1.307591164112091,1.304995024204254,1.3021954834461211,1.3014127671718598,1.2949637532234193,1.2937918186187745,1.2932779908180236,1.2906993806362153,1.2885798215866089,1.2816608667373657,1.2793335556983947,1.2761673212051392,1.2751765906810761,1.2703986406326293,1.264971762895584,1.2646665275096893,1.2603570163249969,1.2538779854774476,1.2516288936138154,1.2501046657562256,1.2459436058998108,1.2406856775283814,1.2377382218837738,1.2341389179229736,1.2281190633773804,1.2262627124786376,1.220937544107437,1.2141882002353668,1.2090943217277528,1.2045231580734252,1.2033823668956756,1.1971511006355287,1.1921570658683778,1.1871994853019714,1.1831176161766053,1.1788012027740478,1.1713718175888062,1.166131329536438,1.1527396976947784,1.1578090608119964,1.150538969039917,1.1438531875610352,1.134019023180008,1.1275747537612915,1.1223849654197693,1.1141435384750367,1.103239017724991,1.0981190204620361,1.089757400751114,1.0772015392780303,1.0670036375522614,1.058660876750946,1.0569072127342225,1.0461759507656097,1.031224936246872,1.022201669216156,1.0141538202762603,1.0033109456300735,0.9953851372003555,0.980540207028389,0.9711696624755859,0.9588091880083084,0.9476446628570556,0.9338728874921799,0.9286047250032425,0.9125391483306885,0.8939637511968612,0.89296595454216,0.8746139019727707,0.8674953281879425,0.8522091031074523,0.8405496746301651,0.8155949592590332,0.8097958594560624,0.7972865551710129,0.7811945915222168,0.7638529986143112,0.740677946805954,0.7302389770746232,0.7139943569898606,0.7026641577482223,0.6855407565832138,0.666372787952423,0.6483400613069534,0.6301304847002029,0.6104927152395249,0.5837780833244324,0.5748163074254989,0.5492508262395859,0.5252196699380874,0.5108530521392822,0.4853154718875885,0.46616062968969346,0.4471106544137001,0.4282201543450356,0.40046860873699186,0.37686886340379716,0.3507640227675438,0.3317255064845085,0.30893494188785553,0.2898733079433441,0.26538757383823397,0.24647757187485694,0.2269120454788208,0.20511702224612235,0.17973240092396736,0.16311945766210556,0.14422320276498796,0.12414801754057407,0.11155629828572274,0.10583067089319229,0.0,0.09942591711878776,0.10875699408352375,0.15706514045596123,0.13494506999850273,0.15190622508525847,0.1736490994691849,0.1863047681748867,0.21012067645788193,0.2318462610244751,0.24704867973923683,0.2622331216931343,0.2748573377728462,0.298418864607811,0.31229989528656005,0.3285518601536751,0.3485086962580681,0.3619944527745247,0.3875625416636467,0.39450301676988603,0.40888029932975767,0.4274795472621918,0.4374205097556114,0.4512372210621834,0.46959607154130933,0.48269750326871874,0.48832148760557176,0.5034321039915085,0.5122863739728928,0.5250655263662338,0.5371497988700866,0.5459738582372665,0.5565753906965256,0.5663692891597748,0.5760606944561004,0.5891246855258941,0.5958298712968826,0.6047649383544922,0.6139889568090439,0.622118866443634,0.6292850106954575,0.6415323197841645,0.6483464360237121,0.6534404814243316,0.6599761694669724,0.6670384705066681,0.6842389464378357,0.685634508728981,0.6869229644536972,0.7033335328102112,0.7050987303256988,0.7104970842599869,0.7153578341007233,0.7189326286315918,0.7305246949195862,0.7336534768342972,0.7461883276700974,0.7433884382247925,0.7483848929405212,0.7624182760715484,0.7572938829660416,0.7662623226642609,0.7790139973163605,0.7719768792390823,0.7779987543821335,0.7823565840721131,0.7886803269386291,0.8089246541261673,0.7992296308279038,0.800696974992752,0.8066004246473313,0.8156777501106263,0.8182384639978408,0.8195683032274246,0.8279279977083206,0.828950160741806,0.8355991274118424,0.8403143107891082,0.8430087894201279,0.8506523311138153,0.8536065310239792,0.8608605623245239,0.8756854772567749
t_81,1.3163716793060303,1.3182772159576417,1.3190149068832397,1.3159240245819093,1.3133628249168396,1.3140011787414552,1.3084419429302216,1.3058666646480561,1.3031035363674164,1.3023265898227692,1.295957124233246,1.294799768924713,1.2942990779876709,1.2917405724525453,1.2896490275859833,1.2828167915344237,1.2805218935012816,1.2773910522460938,1.2764146983623506,1.271686500310898,1.2663328349590302,1.2660407662391662,1.2617866039276122,1.2553865432739257,1.2531679153442383,1.251653105020523,1.247560304403305,1.2423627376556396,1.2394547879695892,1.235901015996933,1.229958963394165,1.2281267821788788,1.2228831112384797,1.2162343084812164,1.2112293899059297,1.2067211806774139,1.2056054890155792,1.1994525849819184,1.1945363104343414,1.1896410703659057,1.185627543926239,1.1813702702522277,1.1740597248077393,1.1689248561859131,1.1557769656181336,1.1607196509838105,1.153550672531128,1.146976786851883,1.1373260617256165,1.1309880018234253,1.1258742928504943,1.1177533745765686,1.107054305076599,1.1019807279109954,1.093741524219513,1.0814290404319764,1.0714389562606812,1.063232457637787,1.061415922641754,1.0508660674095154,1.0362378120422364,1.027350777387619,1.0194199919700622,1.0087582051753998,1.0009184241294862,0.9864150285720825,0.9771795898675919,0.9650396555662155,0.9541222065687179,0.9406324535608291,0.935354283452034,0.9195941656827926,0.9015653312206269,0.9003207743167877,0.8824169605970382,0.8753029376268386,0.8603551000356674,0.84886234998703,0.8246736496686935,0.818708723783493,0.8064117342233658,0.7906688243150711,0.7736760914325714,0.7512842297554017,0.7408840477466583,0.7250186860561371,0.7136130124330521,0.696891850233078,0.6780565172433853,0.6603964686393737,0.6426059633493424,0.6234299629926682,0.5978787541389465,0.5883655965328216,0.5636512815952301,0.5407050311565399,0.5258514255285263,0.5014239862561226,0.48221838623285296,0.46324659436941146,0.4445457860827446,0.4178463026881218,0.395087493956089,0.3699701949954033,0.3512072503566742,0.32814129143953324,0.30910006910562515,0.2856390863656998,0.265558323264122,0.24615628272294998,0.22481766119599342,0.1990071602165699,0.18212010711431503,0.1612519934773445,0.142089082300663,0.126340102404356,0.11580258347094059,0.09942591711878776,0.0,0.10594870150089264,0.15347383096814154,0.1252719432115555,0.1407840445637703,0.1605171523988247,0.17000972405076026,0.19501371458172798,0.21733450293540954,0.23104384616017343,0.24591258317232131,0.25717005133628845,0.28197082281112673,0.2957447409629822,0.31174594908952713,0.3321134686470032,0.3451338648796082,0.37222702503204347,0.3781667560338974,0.3927010416984558,0.4119783043861389,0.42141373455524445,0.4356845110654831,0.45483259558677674,0.4682375878095627,0.47314546853303907,0.4888991966843605,0.49764367640018464,0.5107170671224595,0.5231042087078095,0.5322001695632934,0.5429103165864945,0.5527998805046082,0.5626292407512665,0.5761300176382065,0.5828379124403,0.5920138567686081,0.601459801197052,0.6096669048070907,0.6169169068336486,0.6295873850584031,0.6366182535886764,0.6416368275880814,0.6482695549726486,0.6553931832313538,0.6734686255455017,0.6746724724769593,0.6757812768220901,0.6929084956645966,0.6945064336061477,0.6999852776527404,0.704856225848198,0.7084406971931457,0.7204488426446914,0.7236080408096314,0.7366683334112167,0.7335051774978638,0.7385744720697403,0.7532622545957566,0.7476020306348801,0.7569938957691192,0.7701627761125565,0.7626484513282776,0.7687534838914871,0.7732120841741562,0.7797412067651749,0.8008866965770721,0.7905668973922729,0.7918808728456497,0.7980363667011261,0.8074594020843506,0.8100489050149917,0.8112859398126602,0.8199015825986862,0.8208436906337738,0.8277233004570007,0.8324513405561447,0.8352539449930191,0.8431135296821595,0.8461418360471725,0.853544968366623,0.8688645690679551
t_80,1.3226176619529724,1.3246379137039184,1.3253424406051635,1.3222473502159118,1.3197003126144409,1.3203711330890655,1.3148284018039704,1.3123099386692048,1.309621274471283,1.3088619351387023,1.302489572763443,1.3014220952987672,1.3009105980396272,1.2984506964683533,1.2963449299335479,1.2895346403121948,1.2873155236244203,1.2842902958393096,1.2833621084690094,1.2786883175373078,1.2733859241008758,1.2731700658798217,1.2689716041088104,1.2625942945480346,1.2604931712150573,1.259054386615753,1.2549730002880097,1.2498831748962402,1.2470601201057434,1.2435834586620331,1.2377308130264282,1.2359810650348664,1.2307867407798767,1.224194085597992,1.2193075299263,1.214924430847168,1.2139132797718049,1.2079074442386628,1.2030328154563903,1.1982288420200349,1.1943283200263977,1.1902805984020233,1.1830349028110505,1.1779053866863252,1.1647552073001861,1.170072966814041,1.163042163848877,1.1565964639186859,1.1470556676387786,1.1408268451690673,1.1359189450740814,1.1279742181301118,1.1173269510269166,1.1124528408050538,1.1044729471206665,1.092194241285324,1.0823198854923248,1.0742447674274445,1.072891104221344,1.062586784362793,1.047957867383957,1.0392808616161346,1.0315883219242097,1.021165233850479,1.0137527406215667,0.999233627319336,0.9902154922485351,0.9783798038959504,0.9675064384937286,0.9541366815567016,0.9494141429662705,0.9339093655347824,0.9154017627239227,0.9151907384395599,0.8973924696445466,0.89083491563797,0.8760443300008773,0.8651040405035019,0.8404120981693268,0.8353796124458313,0.8233422189950943,0.8077512413263321,0.7913491576910019,0.7684117972850799,0.7587544918060303,0.7431253075599671,0.7326936751604081,0.7161779135465622,0.6977501422166824,0.6806547105312347,0.6627530515193939,0.6444418430328369,0.6176787704229355,0.6096699595451355,0.5849881172180176,0.561255294084549,0.5481848150491715,0.522997111082077,0.5049957737326622,0.4870606631040573,0.4684791028499603,0.4419219419360161,0.4183701425790787,0.3916570693254471,0.3733668878674507,0.35205707103013995,0.3341513693332672,0.3076012745499611,0.2905001312494278,0.27080309987068174,0.2479129306972027,0.2229510873556137,0.20153546780347825,0.18500600457191468,0.16124459654092788,0.14368359595537186,0.13464127406477927,0.10875699408352375,0.10594870150089264,0.0,0.13581262081861495,0.11132888421416283,0.11698052287101746,0.13725898414850235,0.1492166228592396,0.1697602614760399,0.1897941194474697,0.20400145947933196,0.22107469141483307,0.23365880697965621,0.25701001286506653,0.27019469141960145,0.2881782755255699,0.3073243051767349,0.3210507959127426,0.34619229286909103,0.3537494629621506,0.36963851749897003,0.38797648549079894,0.3988473996520042,0.4131967887282372,0.4317661240696907,0.445496441423893,0.4520276948809624,0.467296738922596,0.4768161803483963,0.48964955657720566,0.5024730503559113,0.5115891069173812,0.5222426205873489,0.5333971083164215,0.5432794481515885,0.5564294993877411,0.5634317398071289,0.5726500660181045,0.5827636867761612,0.5911563605070114,0.5986463636159897,0.611256143450737,0.6185963451862335,0.6241851776838303,0.6311749815940857,0.638248497247696,0.6557246446609497,0.6577274829149247,0.6590984225273132,0.6754435956478119,0.6781625807285309,0.6838118761777878,0.6891736477613449,0.6929772853851318,0.7046882301568985,0.7079392313957215,0.7206846207380295,0.7183971732854844,0.7236561834812164,0.7376732379198074,0.733332696557045,0.7423942744731903,0.7552695155143738,0.7482490003108978,0.7550093591213226,0.7595870137214661,0.7657996028661728,0.7863442450761795,0.7768485099077225,0.7788183212280273,0.7849545925855637,0.7939990550279618,0.797068527340889,0.7984608799219132,0.8072229504585267,0.8086562752723694,0.8153757780790329,0.8204813212156296,0.8235768258571625,0.8314877629280091,0.8346943080425262,0.8422977656126023,0.8580207139253616
t_79,1.3340812146663665,1.3364412784576416,1.3371054410934449,1.3339657723903655,1.331360548734665,1.3322132170200347,1.326579713821411,1.3241673529148101,1.321675431728363,1.3209730625152587,1.3144318222999574,1.3136010706424712,1.313103723526001,1.3108555138111115,1.3086741507053374,1.3017887353897095,1.2997370421886445,1.2969318509101868,1.2961355865001678,1.291507399082184,1.2862428307533265,1.2861693441867827,1.2820202589035035,1.2756275534629822,1.27371826171875,1.272438371181488,1.268340414762497,1.2633724749088286,1.2607127904891968,1.257305496931076,1.2515143930912018,1.2499257385730744,1.2448612809181214,1.2380107641220093,1.2333764731884003,1.2291364967823029,1.2282994627952575,1.222484052181244,1.2175255954265594,1.2129446506500243,1.2091081202030183,1.2053831934928894,1.1981928646564484,1.192888069152832,1.179211139678955,1.185800176858902,1.178918719291687,1.1725231766700746,1.1629336714744567,1.156730628013611,1.1522287487983705,1.1445662438869477,1.1335817515850066,1.1292562127113341,1.121627676486969,1.1089945793151856,1.098943054676056,1.0911831557750702,1.0912657618522643,1.0810387790203095,1.0660407423973084,1.0576297044754028,1.0504596054553985,1.0402934968471527,1.0337938010692596,1.0188154041767121,1.0103728145360946,0.9985944539308548,0.9875483602285385,0.9738143444061279,0.9707604944705963,0.9552731513977051,0.9352278888225556,0.9379555225372315,0.9194637566804886,0.9146837681531906,0.8997567176818848,0.8899555325508117,0.8625835448503494,0.8607397615909577,0.8493459016084671,0.8342978566884994,0.8182824552059174,0.7934411555528641,0.7854970276355744,0.7692340314388275,0.7631042569875717,0.7461602121591568,0.7284876972436904,0.711998450756073,0.6948938399553299,0.6760493755340576,0.6448662936687469,0.6444386690855026,0.6172796338796616,0.5890701174736023,0.5820821344852447,0.5526598632335663,0.5400240898132325,0.5253083258867264,0.5082403749227524,0.4785932630300522,0.45349447429180145,0.42372326701879504,0.4064683347940445,0.389114274084568,0.3736220359802246,0.3374207466840744,0.3329681530594826,0.3179467737674713,0.2957178071141243,0.27202201187610625,0.2478072389960289,0.23736141249537468,0.21101003661751747,0.19236543402075768,0.1861710198223591,0.15706514045596123,0.15347383096814154,0.13581262081861495,0.0,0.14080847352743148,0.14102696627378464,0.13135122507810593,0.15238101035356522,0.15313142836093901,0.17496701702475548,0.18946292996406555,0.20687711164355277,0.22307661101222037,0.2368482880294323,0.2523863598704338,0.27004320472478865,0.2836497038602829,0.29940413534641264,0.31446456611156465,0.3327041119337082,0.3482582375407219,0.36321148872375486,0.37749209851026533,0.39024813622236254,0.4059332087635994,0.4167082875967026,0.42905827760696413,0.44351086020469666,0.45434377789497377,0.4656831070780754,0.478597828745842,0.4884249120950699,0.5004832223057747,0.5099756211042404,0.5210047215223312,0.5311007767915725,0.5413065731525422,0.5506121695041657,0.5591188788414001,0.567928695678711,0.5767453163862228,0.5867498070001602,0.5947598457336426,0.6015181243419647,0.6093590050935745,0.6165306866168976,0.6292689651250839,0.6338481724262237,0.6383934259414673,0.6500509440898895,0.6551934391260147,0.6617099314928054,0.6677983999252319,0.6728989720344544,0.682774293422699,0.6868123352527619,0.6967807739973069,0.697552478313446,0.7037331223487854,0.7139483153820038,0.7142364770174027,0.7214724481105804,0.7311677753925323,0.729576313495636,0.7365567713975907,0.741212683916092,0.7467716842889786,0.7618244230747223,0.7573821306228637,0.7608549118041992,0.7671634286642075,0.7741575419902802,0.778180119395256,0.780998432636261,0.7888993799686432,0.7913589626550674,0.7976346909999847,0.8031981378793717,0.8073218822479248,0.8142240881919861,0.8186683684587479,0.8267478466033935,0.8401882827281952
t_78,1.323392105102539,1.325423890352249,1.3261007428169251,1.3230689465999603,1.320568984746933,1.3212315678596496,1.3157709658145904,1.313330066204071,1.3106934368610381,1.3099422991275786,1.3036852419376372,1.3026570677757263,1.3021526038646698,1.2997541308403016,1.2976869344711304,1.2910204827785492,1.2888602256774901,1.2859104573726654,1.2850204765796662,1.2804336845874786,1.2752568542957305,1.2750589787960052,1.2709604978561402,1.264726197719574,1.262688308954239,1.2612867414951325,1.2572785854339599,1.2523503124713897,1.249588245153427,1.2462162017822265,1.2404913425445556,1.2388023614883423,1.233732807636261,1.227306717634201,1.2225403428077697,1.2182951986789703,1.217317944765091,1.2114504992961883,1.20672367811203,1.2020286917686462,1.1982456028461457,1.1942979037761687,1.187247884273529,1.1822617590427398,1.169501119852066,1.1746772348880767,1.1678250789642335,1.1615903556346894,1.1523208796977997,1.1462761342525483,1.1415124773979186,1.1338046610355377,1.1234713196754456,1.1187625646591186,1.1109869241714478,1.0991163790225982,1.089569526910782,1.0817732989788056,1.0803543508052826,1.0704001843929292,1.0562489449977874,1.0478803932666778,1.0404134035110473,1.030351895093918,1.0231467247009278,1.0090764671564103,1.0003971457481384,0.9889540016651154,0.9784851968288422,0.965600311756134,0.9608542352914811,0.9459565341472626,0.9282862484455109,0.9277622610330581,0.9105898916721344,0.9042463809251785,0.8899575233459472,0.8791840881109237,0.8558255761861802,0.8506332218647004,0.8389871329069137,0.8240395724773407,0.8081333369016648,0.7863436579704285,0.7768156111240387,0.7619084358215332,0.7514636904001236,0.7356770485639572,0.7178755730390549,0.7013381004333497,0.684274685382843,0.6663944125175476,0.6414730578660965,0.6330762505531311,0.6095808923244477,0.5873086810111999,0.5738414108753205,0.5502166897058487,0.5325968414545059,0.5147230982780456,0.49671454131603243,0.4714199736714363,0.44922502934932707,0.42419222742319107,0.4061479151248932,0.3852623403072357,0.3668194949626923,0.3420981764793396,0.324440535902977,0.30485309809446337,0.28255241066217424,0.25747893899679186,0.23833653703331947,0.21707740649580956,0.19506788104772568,0.1741637885570526,0.1569282665848732,0.13494506999850273,0.1252719432115555,0.11132888421416283,0.14080847352743148,0.0,0.1012675441801548,0.11896579414606094,0.1240642886608839,0.14345159828662873,0.16336107701063157,0.17558683231472969,0.1884203478693962,0.20062306225299836,0.2239585965871811,0.23769570514559746,0.25492114424705503,0.2755361497402191,0.28871839195489885,0.3161437138915062,0.32219444811344145,0.33771784603595734,0.3572701632976532,0.3672251492738724,0.3825300708413124,0.4018159046769142,0.41619153767824174,0.42164539098739623,0.438199944794178,0.4473691344261169,0.4610737532377243,0.4744001939892769,0.48374537378549576,0.49525446742773055,0.505908127129078,0.5163113415241242,0.5302752375602722,0.5375930339097976,0.547402349114418,0.5575006097555161,0.5661953121423722,0.5739669948816299,0.5871796399354935,0.5948040932416916,0.6002884805202484,0.6073585718870163,0.6149250417947769,0.6337011873722076,0.635324576497078,0.6365849554538727,0.6542651027441024,0.6565313071012497,0.6624030947685242,0.6677254855632782,0.671725931763649,0.684042239189148,0.687610587477684,0.7010035693645478,0.6983904331922531,0.7037869691848755,0.7188549131155014,0.7137181401252747,0.7234017789363861,0.7370939195156098,0.7295679897069931,0.7362758368253708,0.7411545097827912,0.7477337300777436,0.7696212112903595,0.7594216346740723,0.7611854016780853,0.7675470262765884,0.7772945374250412,0.7803160458803177,0.7818451046943664,0.7908230036497116,0.7923331171274185,0.7994798123836517,0.8046410501003265,0.8079740792512894,0.8163308292627335,0.8197000861167908,0.8275910973548889,0.8441404193639755
t_77,1.3272534310817719,1.3293224155902863,1.3299883127212524,1.3269654035568237,1.3244804918766022,1.3251503109931946,1.3197240233421326,1.3173197865486146,1.3147312104701996,1.3139954864978791,1.3077564537525177,1.3067735135555267,1.3062755763530731,1.3039330542087555,1.3018640995025634,1.295222771167755,1.2931075811386108,1.2902358949184418,1.2893646240234375,1.2848111987113953,1.2796731531620025,1.2795157492160798,1.275461745262146,1.2692607283592223,1.2672854840755463,1.2659252464771271,1.2619216740131378,1.2570625722408295,1.2543449699878693,1.2510350048542023,1.2453662931919098,1.2437178432941436,1.2387008011341094,1.2323312640190125,1.2276406466960907,1.2234808385372162,1.222565883398056,1.2167915225028991,1.2121002793312072,1.2074661731719971,1.2037822306156158,1.1999575734138488,1.1929865717887878,1.18805251121521,1.1753546297550201,1.180699384212494,1.173938512802124,1.1678285360336305,1.158662748336792,1.1527104675769806,1.1480835199356079,1.1405200719833375,1.1302865862846374,1.1256881594657897,1.1181096136569977,1.1063222289085388,1.096911185979843,1.0891960620880128,1.0879854798316955,1.0782721281051635,1.0641837775707246,1.056020325422287,1.048679232597351,1.0388257026672363,1.0318780303001405,1.0178531765937806,1.0093421578407287,0.9981859534978866,0.9877670049667359,0.9750481367111206,0.9706402570009232,0.9559526711702346,0.9381595253944397,0.9381388902664185,0.9211542099714279,0.9151262998580932,0.9010259658098221,0.8906551986932755,0.8672680139541626,0.8624465584754943,0.8510830760002136,0.8362180233001709,0.820776304602623,0.798940771818161,0.7898285567760468,0.7752291917800903,0.7651806861162186,0.7497664242982864,0.7322317034006118,0.7162073820829391,0.6990950614213943,0.6818739980459213,0.6568492978811264,0.6488751232624054,0.6258723497390747,0.6036307483911514,0.5910175085067749,0.5673806965351105,0.5503156840801239,0.5330288052558899,0.5148909091949463,0.49031234383583067,0.46805414855480193,0.44242352694272996,0.4246063753962517,0.4047000244259834,0.3871754691004753,0.3619259759783745,0.3452408030629158,0.32504492402076723,0.3025026485323906,0.2776754260063171,0.25644597709178923,0.23771919012069703,0.21352427080273628,0.192951101064682,0.17708793357014657,0.15190622508525847,0.1407840445637703,0.11698052287101746,0.14102696627378464,0.1012675441801548,0.0,0.1086408406496048,0.10883369706571103,0.12810249105095864,0.13954799622297287,0.15314145460724832,0.16731644347310065,0.17921232879161836,0.20283930823206903,0.21444841027259826,0.2330907829105854,0.25322109311819074,0.2669779360294342,0.2937080189585686,0.30005817413330077,0.3161800026893616,0.3353322193026543,0.3468078538775444,0.3619170606136322,0.381398805975914,0.3957876697182655,0.4024552181363106,0.4184162005782127,0.4284030094742775,0.44180034250020983,0.45577033907175063,0.46505911499261854,0.47617201060056685,0.4881665542721748,0.4985505729913712,0.512981715798378,0.5199986964464187,0.5296610116958618,0.5408345401287079,0.5495680838823318,0.5575134128332138,0.5710863709449768,0.5788708925247192,0.5846868753433228,0.5920700401067733,0.5997491180896759,0.6184729635715485,0.6204114079475402,0.6217470526695251,0.6393671542406082,0.642254427075386,0.6482093125581742,0.6538822770118713,0.6580453246831894,0.6704478740692139,0.6740366637706756,0.6873862981796265,0.6853132158517837,0.6907867223024369,0.7057306975126266,0.7012716203927993,0.7108735024929047,0.72467400431633,0.7170895636081696,0.7243909358978271,0.7293029338121414,0.7358162999153137,0.7576800525188446,0.7476421594619751,0.749960434436798,0.7563408225774765,0.7659382283687591,0.7692217499017715,0.7707873433828354,0.7801744639873505,0.7819191932678222,0.7890506982803345,0.7945655286312103,0.7980842411518096,0.8065535426139832,0.8100098073482513,0.8181486934423446,0.8352524399757385
t_76,1.3305676698684692,1.332781147956848,1.3334146916866303,1.3304003655910492,1.327913910150528,1.328658127784729,1.3232348382472991,1.3208831191062926,1.3183948755264283,1.317683458328247,1.3114232122898102,1.310536152124405,1.3100560545921325,1.3078153252601623,1.3057327926158906,1.2991168975830079,1.297090268135071,1.2943213999271392,1.293501651287079,1.2890147984027862,1.2839479267597198,1.2838451862335205,1.2798593282699584,1.27371307015419,1.271832400560379,1.2705573678016662,1.2666112720966338,1.2618382692337036,1.2592156767845153,1.255965769290924,1.2503987729549408,1.248829472064972,1.2439401566982269,1.2375242710113525,1.2329994797706605,1.2289289712905884,1.2280992031097413,1.2224499344825746,1.2177772104740143,1.213290846347809,1.2096700072288513,1.2059957265853882,1.1991107940673829,1.1941537797451018,1.1814141929149629,1.1871302247047424,1.1805162489414216,1.1744571805000306,1.1653699040412904,1.1594765961170197,1.1550351142883302,1.1476301014423371,1.1374006986618042,1.133039218187332,1.1256239354610442,1.1138547599315642,1.1044759452342987,1.096981167793274,1.0962921023368835,1.0866205453872682,1.0726158499717713,1.0645866572856904,1.0575322091579438,1.047847366333008,1.041249281167984,1.027311635017395,1.0191015481948853,1.0080066263675689,0.9977256387472153,0.9849997609853745,0.9811761736869812,0.966632530093193,0.9487049490213394,0.9495407432317734,0.9325313955545426,0.9271125733852387,0.913145586848259,0.9032364785671234,0.8792937666177749,0.8755814075469971,0.8645594090223312,0.8501732647418976,0.8349427253007888,0.8129275351762771,0.8043850362300873,0.7896112531423569,0.7812348932027817,0.765687358379364,0.7486952245235443,0.7328839242458344,0.7165205150842666,0.6990728825330734,0.6729072213172913,0.6677479386329651,0.6439628779888154,0.6205721855163574,0.6098070830106735,0.5851903110742569,0.5699405372142792,0.5538013786077499,0.5367905855178833,0.5109821528196334,0.48851544708013533,0.462711238861084,0.4454620033502579,0.42613126784563066,0.40928302258253096,0.3811482101678848,0.36805240362882613,0.3499165803194046,0.3280875340104103,0.30312075167894365,0.28187740296125413,0.2640271261334419,0.23892105296254157,0.21729855015873908,0.20290414690971376,0.1736490994691849,0.1605171523988247,0.13725898414850235,0.13135122507810593,0.11896579414606094,0.1086408406496048,0.0,0.10015778131783008,0.10468762293457985,0.12518377527594565,0.13479109182953836,0.14789014533162118,0.15905287191271783,0.17797931805253028,0.1921960800886154,0.21019080579280852,0.22799645066261293,0.24236685261130334,0.26685929000377656,0.2769407793879509,0.29332731366157533,0.31190883219242094,0.3236553221940994,0.33891611546278,0.357710126042366,0.3712957575917244,0.37973476499319075,0.3962004974484444,0.4063579812645912,0.4198449105024338,0.43366392850875857,0.44375388473272326,0.4560445636510849,0.4667906016111374,0.4782755643129349,0.4912890583276749,0.5000298142433166,0.5102081686258316,0.5203605622053147,0.5296633064746856,0.5381255745887756,0.5508722960948944,0.5591128528118133,0.5655366808176041,0.5732962012290954,0.5811304450035095,0.5985214710235596,0.6014061540365219,0.6041779577732086,0.6204308062791825,0.6240012228488923,0.630407702922821,0.6363955706357955,0.6411795228719711,0.6531753003597259,0.6571761846542359,0.6699177145957946,0.6686457186937332,0.6745996564626694,0.6886172652244568,0.6855087846517562,0.6947643101215363,0.7075423538684845,0.7021037191152573,0.7093258887529373,0.7143133342266083,0.7209730088710785,0.7412218302488327,0.7328361570835114,0.7354732692241669,0.7422112077474594,0.7513521671295166,0.755006417632103,0.7572014957666398,0.7662701576948165,0.76834936439991,0.7755440443754196,0.7812021851539612,0.7852043330669403,0.7934861153364181,0.797612053155899,0.8061396896839141,0.822428622841835
t_75,1.3296181201934814,1.3317686200141907,1.3324061393737794,1.32942995429039,1.3269830346107483,1.3276939809322357,1.3223533868789672,1.320019817352295,1.3175343573093414,1.3168225288391113,1.3106573700904847,1.309762316942215,1.3092859864234925,1.3070444405078887,1.3050020635128021,1.2984759151935577,1.2964637935161591,1.2936998665332795,1.2928850471973419,1.2884480357170105,1.2834391117095947,1.2833262622356414,1.2793943762779236,1.2733447849750519,1.27146275639534,1.2701747596263886,1.266298633813858,1.261585783958435,1.2589756786823272,1.255768209695816,1.2502772092819214,1.248713731765747,1.2438768565654754,1.2376194775104523,1.2331104040145875,1.229100775718689,1.2282548069953918,1.2226518034934997,1.2180907428264618,1.2136288404464721,1.2100573480129242,1.2063769578933716,1.1996057033538818,1.1947786867618562,1.1823637306690216,1.1877465903759004,1.1811973214149476,1.1752434492111206,1.1663249552249908,1.160535591840744,1.1561083972454071,1.148781841993332,1.1388152897357942,1.1344328701496125,1.1270611047744752,1.115608322620392,1.1064438760280608,1.0990630686283112,1.0980590403079986,1.0885842621326447,1.0749300479888917,1.0670364141464233,1.0600008726119996,1.0504677295684814,1.0437981843948365,1.0302293837070464,1.0221058309078217,1.0112541645765305,1.0012257367372512,0.9888939976692199,0.9847601234912873,0.9705304354429245,0.9534007102251053,0.9535214632749558,0.93699451982975,0.9313233345746994,0.917725396156311,0.9077023237943649,0.8850460529327393,0.8806420713663101,0.8697471618652344,0.8556109935045242,0.8406016021966934,0.8196377366781235,0.8108895599842072,0.7966791480779648,0.7874497473239899,0.772470012307167,0.7557010471820831,0.7400990277528763,0.7240697324275971,0.7069539994001388,0.6827667683362961,0.6759861379861831,0.653335303068161,0.6316047191619873,0.6196957051753997,0.5966889172792434,0.5807392418384552,0.5639776736497879,0.547064208984375,0.522555610537529,0.5012281224131584,0.4770239844918251,0.4597789689898491,0.4399106815457344,0.4226703256368637,0.39738457798957827,0.3819370150566101,0.3628053292632103,0.34188899397850037,0.3163882315158844,0.2966821238398552,0.27654853612184527,0.25283696353435514,0.23101414665579795,0.21389865949749948,0.1863047681748867,0.17000972405076026,0.1492166228592396,0.15238101035356522,0.1240642886608839,0.10883369706571103,0.10015778131783008,0.0,0.1023559182882309,0.11755398102104664,0.12604835480451584,0.13315875381231307,0.14148328602313995,0.16298824474215506,0.17580955401062964,0.19243351519107818,0.21267201527953147,0.22582243084907533,0.25457478016614915,0.2601531192660332,0.2759012371301651,0.2965731218457222,0.30683455169200896,0.32258541882038116,0.3428016394376755,0.3572772637009621,0.3637157991528511,0.3810877576470375,0.39081584513187406,0.4050652086734772,0.41920721530914307,0.4292272448539734,0.4417140170931816,0.4526140123605728,0.46406740695238113,0.4784934550523758,0.4866224452853203,0.49704974740743635,0.5076187968254089,0.5170377194881439,0.5254344075918198,0.5391914904117584,0.5474174618721008,0.5535459965467453,0.561267203092575,0.5693558186292649,0.5887225657701493,0.5907701522111892,0.592795991897583,0.6109448611736298,0.613683357834816,0.6200951009988784,0.6258508265018463,0.6305176496505738,0.6432620793581009,0.6473494321107864,0.6611117213964463,0.6590264350175857,0.6648563832044602,0.6804131865501404,0.6757913321256638,0.6858169585466385,0.6998951613903046,0.6929624944925308,0.7000755369663239,0.7052985310554505,0.7123825758695602,0.7346082389354706,0.7247558563947678,0.7269413501024247,0.7338310956954956,0.7438708513975143,0.7472861558198929,0.7492823779582978,0.7586994290351867,0.7606357216835022,0.7681882619857788,0.7738499909639358,0.777727735042572,0.7865215897560119,0.7905390977859497,0.7991986185312271,0.8165490895509719
t_74,1.335499292612076,1.3378001630306244,1.3384114325046539,1.3354189097881317,1.3329601228237151,1.3337380588054657,1.3283780574798585,1.32609001994133,1.3236905694007874,1.3230113685131073,1.3168007731437683,1.3159980475902557,1.315522164106369,1.3133767664432525,1.3113225936889648,1.3047770321369172,1.3028437316417694,1.3001922607421874,1.299433672428131,1.2950200021266938,1.2900586128234863,1.2900120079517365,1.2861306726932527,1.2800741136074065,1.2783111691474915,1.2770960628986359,1.2732216894626618,1.2685786664485932,1.2660577952861787,1.262893009185791,1.2574563026428223,1.2559650361537933,1.2511862456798553,1.244874995946884,1.2405063569545747,1.2365563571453095,1.2358142733573914,1.2303298830986023,1.2257458925247193,1.2213927805423737,1.2178911328315736,1.2143930971622467,1.207669085264206,1.202794599533081,1.1902340650558472,1.1961178719997405,1.1896722733974456,1.1837783753871918,1.174900269508362,1.1691672921180725,1.1649288058280944,1.1577413260936738,1.1477080285549164,1.1435508608818055,1.1363881707191468,1.1248251140117644,1.1156894385814666,1.1084275662899017,1.108032238483429,1.098643285036087,1.0849172651767731,1.077150934934616,1.0703806161880494,1.0609970092773438,1.0547805190086366,1.041116428375244,1.0331969380378723,1.0224641025066377,1.0124454349279404,1.000013041496277,0.9965737015008926,0.9824629455804825,0.9647236883640289,0.966044956445694,0.9494463533163071,0.9444341450929642,0.9308541864156723,0.9214185327291489,0.8977864623069763,0.8946447432041168,0.8839786022901535,0.8700588822364808,0.8554561734199524,0.8337929010391235,0.8257816553115844,0.811428016424179,0.8038217306137085,0.7887258470058441,0.7723179489374161,0.7571010380983353,0.7412471413612366,0.7244917005300522,0.6986108422279358,0.694327226281166,0.6711178779602051,0.6479583650827407,0.6382029861211777,0.6139654606580734,0.5997446805238724,0.5843869835138321,0.5679894030094147,0.5427076548337937,0.5207683354616165,0.49547550529241563,0.4788650035858154,0.4603892892599106,0.44405879974365237,0.41560334265232085,0.40396626889705656,0.38624977618455886,0.36475385129451754,0.34057461470365524,0.31855426281690596,0.30154025703668597,0.27642637938261033,0.2545803219079971,0.2393285535275936,0.21012067645788193,0.19501371458172798,0.1697602614760399,0.15313142836093901,0.14345159828662873,0.12810249105095864,0.10468762293457985,0.1023559182882309,0.0,0.10883939750492573,0.10957732163369656,0.11817874126136303,0.12932374328374863,0.14338080883026122,0.15702911391854285,0.17556441873311995,0.19064859673380852,0.20491286888718604,0.2276402123272419,0.23908595740795135,0.25631639957427976,0.2742127522826195,0.2865962192416191,0.30168358981609344,0.3205093577504158,0.33432688415050504,0.34353055953979494,0.3607185184955597,0.3711513116955757,0.38483329862356186,0.39907551407814024,0.40958050936460494,0.42257034182548525,0.43360231071710587,0.4454236224293709,0.4582777783274651,0.4678973615169525,0.4784709200263023,0.4888697013258934,0.49857726842164996,0.5075446754693985,0.5203711777925492,0.5291700482368469,0.5360272020101547,0.5442427426576615,0.5522028684616089,0.5697995901107789,0.5732386916875839,0.576427873969078,0.5925636410713195,0.596831402182579,0.6036166548728943,0.6100238770246506,0.615113976597786,0.6272459268569947,0.6315151989459992,0.6444455415010453,0.6436264872550964,0.649945667386055,0.6639152944087983,0.6615025252103806,0.6708675235509872,0.6836427032947541,0.6787365198135376,0.6863969743251801,0.6916728377342224,0.6983373612165451,0.7187289386987686,0.7107628583908081,0.7137355774641037,0.7208169430494309,0.7299901515245437,0.7340818554162979,0.736561444401741,0.7458387315273285,0.7482794791460037,0.7556721806526184,0.7616497337818146,0.7660889565944672,0.7746174752712249,0.7791510701179505,0.788118651509285,0.8050466656684876
t_73,1.338159877061844,1.3404362201690674,1.3410355865955352,1.3380593836307526,1.3356265902519227,1.3363734185695648,1.3310485124588012,1.3287950336933136,1.326395708322525,1.3257026731967927,1.3195358157157897,1.318748813867569,1.3182607591152191,1.3161369502544402,1.3140659272670745,1.307579255104065,1.3056346774101257,1.303009831905365,1.3022617518901825,1.2978619754314422,1.2929130017757415,1.2928939580917358,1.2890229403972626,1.2829989969730378,1.2812554001808167,1.2800683200359344,1.2761607348918915,1.2716175019741058,1.2690796852111816,1.2659935116767884,1.260593181848526,1.2591497600078583,1.254370880126953,1.2481615245342255,1.243833976984024,1.23997220993042,1.2392525792121887,1.2338614642620087,1.2293416500091552,1.2249949872493744,1.2215809166431426,1.2181755781173706,1.2114975929260254,1.2067158639431,1.1943103194236755,1.200191503763199,1.1938395261764527,1.1880820572376252,1.1793299317359924,1.1736929833889007,1.169563227891922,1.162514877319336,1.1525869607925414,1.148477977514267,1.1415024876594544,1.130094403028488,1.1211249113082886,1.1138915359973907,1.113483226299286,1.1044418454170226,1.0907792031764985,1.0832249641418457,1.0765003085136413,1.0673105895519257,1.0613047420978545,1.0476825475692748,1.0398593306541444,1.0294998168945313,1.019515585899353,1.0073399603366853,1.0040109604597092,0.9901758074760437,0.9724303960800171,0.9739274263381958,0.9575852066278457,0.9527487874031066,0.9393643826246262,0.9301855057477951,0.9069648146629333,0.9037500292062759,0.8932620376348496,0.879320102930069,0.865264755487442,0.8437400430440902,0.835984182357788,0.8221744894981384,0.8142457634210587,0.7997459977865219,0.7834546566009521,0.7688680410385131,0.7527551054954529,0.7369218111038208,0.7116843312978745,0.7065442949533463,0.6844433903694153,0.6620924592018127,0.6524356186389924,0.628832322359085,0.6145729124546051,0.5994766652584076,0.5825681090354919,0.5589219778776169,0.5372894048690796,0.5117137491703033,0.4952162891626358,0.4780490189790726,0.4622499763965607,0.43510302901268005,0.4230587318539619,0.4044392824172974,0.3823783785104752,0.35944628417491914,0.336609448492527,0.3211079970002174,0.29549112170934677,0.2737341448664665,0.2588444322347641,0.2318462610244751,0.21733450293540954,0.1897941194474697,0.17496701702475548,0.16336107701063157,0.13954799622297287,0.12518377527594565,0.11755398102104664,0.10883939750492573,0.0,0.102303272113204,0.11040455885231495,0.12096660658717155,0.13664431050419806,0.1431712493300438,0.16131283417344094,0.17745624110102654,0.1915445789694786,0.21367040425539016,0.22371459603309632,0.2401049926877022,0.25740960240364075,0.2719836443662643,0.2868243679404259,0.30573551505804064,0.31956390142440794,0.32967773228883746,0.34518476724624636,0.3569225698709488,0.3697079509496689,0.385017865896225,0.39501588195562365,0.40642471611499786,0.4198729857802391,0.43106373250484464,0.4454893499612808,0.4536155819892883,0.4635900154709816,0.475980107486248,0.4853829011321068,0.49437258541584017,0.5081377252936363,0.5168010264635086,0.5236908793449402,0.5320048868656159,0.5402624070644378,0.5582676768302918,0.5616250187158585,0.5641424894332886,0.5809531688690186,0.5856789022684097,0.5923573940992355,0.5990909039974213,0.6041519314050674,0.6166061460971832,0.6206903457641602,0.6337178081274033,0.6332791984081269,0.639527416229248,0.6537488341331482,0.6516181021928787,0.6610455185174942,0.6744473457336426,0.6684242814779282,0.6769220441579819,0.6821980893611908,0.6887147307395936,0.709880793094635,0.7013586521148681,0.7049442410469056,0.7118307173252105,0.7210456430912018,0.7252875983715057,0.7274734795093536,0.737566864490509,0.7402091443538665,0.7475132316350936,0.7539465725421906,0.7584483116865158,0.7672738611698151,0.7715403109788894,0.7806894987821579,0.7988105356693268
t_72,1.3391421139240265,1.3414372205734253,1.3420229852199554,1.339066642522812,1.3366561830043793,1.3374142050743103,1.3321395576000215,1.3299108922481537,1.3275534927845,1.3268645465373994,1.320749580860138,1.319985693693161,1.3195027589797974,1.317419284582138,1.3153652489185332,1.308937555551529,1.3070332825183868,1.3044514298439025,1.3037200212478637,1.2993538498878479,1.294481873512268,1.2944677770137787,1.290644347667694,1.2846835553646088,1.282985520362854,1.2818162441253662,1.277974361181259,1.2734808802604676,1.2709857821464539,1.2679469287395477,1.2626211941242218,1.2611902058124542,1.2564740478992462,1.2503568708896637,1.2460853993892669,1.242278093099594,1.241585636138916,1.2362662613391877,1.2318054735660553,1.2275147259235382,1.224161034822464,1.2208131790161132,1.2142233371734619,1.2094981610774993,1.197255802154541,1.203084272146225,1.1968141973018647,1.1911270380020142,1.182497465610504,1.1769409894943237,1.172867614030838,1.1659074544906616,1.1561343193054199,1.1520775854587555,1.1451874315738677,1.133956825733185,1.1251183807849885,1.118009126186371,1.11759974360466,1.1086718440055847,1.0952226161956786,1.0877720892429352,1.0811582028865814,1.0720917940139771,1.066163146495819,1.0527858853340148,1.0450635373592376,1.0348391890525819,1.0250189125537872,1.0130355536937714,1.0097029268741609,0.9960835874080658,0.9786569088697433,0.9800781369209289,0.9640048235654831,0.959191307425499,0.9460408687591553,0.9370075911283493,0.9141673922538758,0.9109641939401627,0.9006200939416885,0.8869390100240707,0.8730884581804276,0.8520072132349015,0.8442884355783462,0.8306780368089676,0.8228668123483658,0.808554059267044,0.7925047129392624,0.7781507253646851,0.7623707979917527,0.746764749288559,0.7219984650611877,0.7168840080499649,0.6951193749904633,0.6732381284236908,0.6635681867599488,0.6404626399278641,0.6263130575418472,0.6114308297634125,0.5948648631572724,0.5715759128332139,0.5504111468791961,0.5255274951457978,0.509279066324234,0.49207947701215743,0.47631150037050246,0.4496155917644501,0.4374136656522751,0.41921561360359194,0.39742336571216585,0.3747809872031212,0.35206465274095533,0.3364641979336739,0.3116394758224487,0.2892892360687256,0.27418031394481657,0.24704867973923683,0.23104384616017343,0.20400145947933196,0.18946292996406555,0.17558683231472969,0.15314145460724832,0.13479109182953836,0.12604835480451584,0.10957732163369656,0.102303272113204,0.0,0.10488549247384071,0.1107216238975525,0.12358020395040512,0.12969975918531418,0.14793143346905707,0.16050366908311844,0.17438419684767723,0.19677512124180793,0.20692577883601188,0.2242090217769146,0.24070771858096124,0.2549018532037735,0.26962472796440123,0.2893951579928398,0.30327961295843125,0.3129367113113403,0.3292948916554451,0.3406166940927505,0.3538438528776169,0.3693331405520439,0.3797330394387245,0.39127078652381897,0.40479454696178435,0.4160510405898094,0.430619478225708,0.4389151155948639,0.44912961721420286,0.46186133921146394,0.471284119784832,0.48044291585683824,0.49449128955602645,0.5034831568598748,0.5102750450372696,0.5187770098447799,0.5270037204027176,0.5457981646060943,0.5491658478975296,0.5515790313482285,0.5688959628343582,0.5736470520496368,0.5804513603448868,0.5872738361358643,0.5923318505287171,0.6051924765110016,0.6093613296747208,0.6228449463844299,0.6221671968698501,0.6285293996334076,0.6432553738355636,0.6408409923315048,0.650649693608284,0.6642295151948929,0.6580594718456269,0.6667135000228882,0.6720611840486527,0.6788458377122879,0.7005773544311523,0.6916684120893478,0.695194548368454,0.7024283945560456,0.7118442922830581,0.7162287175655365,0.718423780798912,0.7287278980016708,0.7313427180051804,0.7388815701007843,0.7453409105539321,0.7500214755535126,0.7590255320072175,0.7634665668010712,0.7728366822004318,0.7912996798753739
t_71,1.3387681722640992,1.341058486700058,1.341639333963394,1.3387224137783051,1.3363377511501313,1.337090528011322,1.3318598330020905,1.329663622379303,1.3273362934589386,1.3266617774963378,1.3206130504608153,1.319849818944931,1.31938117146492,1.3173216819763183,1.3153030097484588,1.3089437663555146,1.3070735931396484,1.3045194447040558,1.3037895083427429,1.2994856774806975,1.2946565568447113,1.2946535706520081,1.2908767759799957,1.2849948167800904,1.2833041965961456,1.282154232263565,1.278356397151947,1.2739208579063415,1.2714544475078582,1.2684443175792695,1.2631792724132538,1.2617700517177581,1.2571305990219117,1.2510699331760406,1.2468349993228913,1.243079262971878,1.2423691868782043,1.2370923519134522,1.2326932072639465,1.22845698595047,1.2251402854919433,1.2217957139015199,1.2153040945529938,1.210647189617157,1.1985898613929749,1.2042822062969207,1.1980677545070648,1.192471408843994,1.183953434228897,1.178455150127411,1.1744370877742767,1.1675721883773804,1.1579573631286622,1.1539810121059417,1.1471316754817962,1.1360879838466644,1.1273920834064484,1.1204316318035126,1.119930201768875,1.1111050307750703,1.0979241907596589,1.09057697057724,1.0840470135211944,1.075144737958908,1.0692169547080994,1.0560895204544067,1.048550432920456,1.038429081439972,1.028859168291092,1.0170959770679473,1.0136929482221604,1.000302916765213,0.9834628105163574,0.9845400124788284,0.9687697291374207,0.9639375597238541,0.9510319501161575,0.9419544517993927,0.9199129968881607,0.9164892256259918,0.9063749134540557,0.8930108100175858,0.8792387843132019,0.8588626235723495,0.851108393073082,0.8378030568361282,0.8299217849969864,0.815927854180336,0.8002490371465683,0.7859911918640137,0.7707223147153854,0.755071821808815,0.7314089119434357,0.7261277377605438,0.7048245966434479,0.6837047517299653,0.6737305164337158,0.6515022277832031,0.637418121099472,0.6222893416881561,0.6063113987445832,0.5833136439323425,0.5629340142011643,0.5393421411514282,0.5232363909482955,0.5056933969259262,0.4897995576262474,0.46448892802000047,0.4517328530550003,0.43342996686697005,0.4130115047097206,0.38963975161314013,0.36897060871124265,0.35131384134292604,0.3274261325597763,0.3055038720369339,0.28884671777486803,0.2622331216931343,0.24591258317232131,0.22107469141483307,0.20687711164355277,0.1884203478693962,0.16731644347310065,0.14789014533162118,0.13315875381231307,0.11817874126136303,0.11040455885231495,0.10488549247384071,0.0,0.10176253728568554,0.10871046222746372,0.11507961601018905,0.12930512204766273,0.145173279941082,0.15705301463603974,0.18216951340436935,0.1889019325375557,0.20406889095902442,0.22322998866438865,0.23495362102985382,0.250425224006176,0.2704019516706467,0.28509684801101687,0.2931845590472221,0.31084161549806594,0.32158091962337493,0.33594863265752795,0.35125154852867124,0.36166978180408477,0.374566487967968,0.3868749663233757,0.39880833178758623,0.4139264553785324,0.4225620418787003,0.4333734065294266,0.44549048095941546,0.4553708776831627,0.46468093395233157,0.4789839625358582,0.488066466152668,0.4950765535235405,0.5034472584724426,0.5121810629963874,0.5319086849689484,0.5348239243030548,0.5374452739953994,0.5558484494686127,0.5598528653383255,0.5668088525533677,0.5735315769910813,0.5787533491849899,0.591993534564972,0.5965071767568588,0.6105426251888275,0.6096120595932006,0.6160206943750381,0.6316400468349457,0.6283946484327316,0.6386541962623596,0.6529775142669678,0.6466206759214401,0.6548751682043076,0.6604587495326996,0.667694267630577,0.6903424143791199,0.681063637137413,0.6842603892087936,0.6915894418954849,0.7017242997884751,0.7059180587530136,0.7083407253026962,0.7185466229915619,0.7213124722242356,0.7291601926088334,0.735618394613266,0.7403890013694763,0.7497366189956665,0.7544342100620269,0.7640316516160965,0.7828888297080994
t_70,1.3375627756118775,1.3398339390754699,1.3404024243354797,1.3375054180622101,1.3351461052894593,1.3358883082866668,1.3307114481925963,1.3285235464572906,1.3262096405029298,1.3255311787128448,1.3195441305637359,1.3187835395336152,1.3183203220367432,1.3162584125995636,1.3142639219760894,1.3079763889312743,1.3061085402965547,1.3035707235336305,1.302854335308075,1.29858478307724,1.2938073515892028,1.2937845289707184,1.2900507926940918,1.2842180848121643,1.2825501918792725,1.281397944688797,1.2776445865631103,1.273264992237091,1.2708157539367675,1.2678402483463287,1.2626503884792328,1.2612448751926422,1.2566377639770507,1.2506771564483643,1.246482914686203,1.242765760421753,1.2420744955539704,1.2368482172489166,1.2325197398662566,1.2283126890659333,1.2250455856323241,1.2217380821704864,1.2153154551982879,1.2107278466224671,1.1988844394683837,1.2044124543666839,1.1982642769813538,1.192729014158249,1.184342509508133,1.178922039270401,1.174918568134308,1.1681139826774598,1.1586826205253602,1.1547045588493348,1.147925990819931,1.137084537744522,1.128534597158432,1.1216520011425017,1.12102672457695,1.1123274445533753,1.0993886113166809,1.0921518445014953,1.0856729090213775,1.0768555521965026,1.0709266245365143,1.0580757856369019,1.050608605146408,1.0406564950942994,1.0312544524669647,1.0197325706481934,1.0161931097507477,1.003042110800743,0.9866663128137588,0.9873953640460968,0.9719595462083817,0.9670351713895797,0.9543800592422486,0.945323246717453,0.923991683125496,0.9202619969844819,0.9102698147296906,0.8971203774213791,0.8835294663906097,0.8638249397277832,0.8560032278299332,0.8429888784885406,0.8347932875156403,0.8210998147726059,0.8056294739246368,0.7915505021810532,0.7766010493040085,0.7611987441778183,0.7385424911975861,0.7325938463211059,0.7119787454605102,0.691807559132576,0.681265577673912,0.6599565327167511,0.6456283003091812,0.6304469853639603,0.6146524906158447,0.5924387693405151,0.5726374894380569,0.5499120146036148,0.5339461743831635,0.5162089973688125,0.5004139497876168,0.4764259234070778,0.46256000697612765,0.4443440422415733,0.4242256790399551,0.40102469027042387,0.3813330247998238,0.3628564357757568,0.33995586931705474,0.31782321333885194,0.30058677941560746,0.2748573377728462,0.25717005133628845,0.23365880697965621,0.22307661101222037,0.20062306225299836,0.17921232879161836,0.15905287191271783,0.14148328602313995,0.12932374328374863,0.12096660658717155,0.1107216238975525,0.10176253728568554,0.0,0.10319612473249436,0.10480064041912555,0.11785882897675037,0.13478435799479485,0.14439864829182625,0.1744481936097145,0.1751927837729454,0.1910019800066948,0.210501579195261,0.22121269181370734,0.2375060126185417,0.25849402993917464,0.2736270412802696,0.27994041293859484,0.2978282868862152,0.30823543220758437,0.323036302626133,0.3385182902216911,0.3489831551909447,0.36173721551895144,0.37436669766902925,0.38671341091394423,0.40245603024959564,0.41064920723438264,0.4217105731368065,0.43406948149204255,0.44412233531475065,0.4532313644886017,0.46843262314796447,0.4774590790271759,0.4843522638082504,0.49275419265031817,0.5015410676598548,0.5227074682712555,0.5250638604164124,0.5272183775901794,0.5469666868448257,0.5504310220479965,0.5574139207601547,0.5640109986066818,0.5692350029945373,0.583092349767685,0.5875974029302597,0.6024732679128647,0.600760069489479,0.6071394950151443,0.6239088922739029,0.6196767300367355,0.6305037051439285,0.6457031399011612,0.6382962137460708,0.6465960085391999,0.6522625088691711,0.6599502027034759,0.6839410841464997,0.673556101322174,0.6765069007873535,0.6840426385402679,0.6947745263576508,0.6988306701183319,0.7011216014623642,0.7116939842700958,0.7142284929752349,0.7224294185638428,0.7289202809333801,0.7336347222328186,0.7433320701122283,0.7479958325624466,0.7577605426311493,0.777271831035614
t_69,1.3418834626674652,1.3442555010318755,1.3448170244693756,1.3419222772121429,1.3395624697208404,1.3403465032577515,1.3351746022701263,1.3330493986606597,1.330806452035904,1.3301544487476349,1.3241372287273407,1.3234656035900116,1.3230042934417725,1.3210264921188355,1.3190406203269958,1.3127577185630799,1.3109652161598206,1.3085213005542755,1.3078532457351684,1.3036280751228333,1.2989009320735931,1.298936229944229,1.2952532708644866,1.2894667267799378,1.2878798186779021,1.2867940366268158,1.2830673277378082,1.2787715137004851,1.2763912439346314,1.273475432395935,1.2683366358280181,1.2670031249523164,1.2624880790710449,1.2565079510211945,1.2524076581001282,1.2487824618816377,1.2481676101684571,1.243030458688736,1.2387278079986572,1.23464292883873,1.2314285397529603,1.2282498121261596,1.2219038605690002,1.2173016369342804,1.205406165122986,1.211272668838501,1.20521582365036,1.1997606456279755,1.1914211213588715,1.186068171262741,1.1822318136692047,1.175556617975235,1.1661283671855927,1.1623687088489532,1.1557200253009796,1.1449024200439453,1.1363766074180603,1.1296665608882903,1.1294477224349975,1.1208208441734313,1.1079445660114289,1.1008179664611817,1.09456667304039,1.0859188973903655,1.0802795946598054,1.0674443364143371,1.0602173805236816,1.050355702638626,1.0410370647907257,1.0295412421226502,1.0264329612255096,1.0134378612041473,0.9969069004058838,0.9983237385749817,0.9828937232494355,0.9784691333770752,0.9658930093050003,0.9571811497211457,0.9354672461748124,0.9325630187988281,0.9228466868400573,0.9100370526313781,0.8966051518917084,0.8766527086496353,0.8693349093198777,0.8563407033681869,0.8492781698703766,0.8355912148952485,0.8205547094345093,0.8066726267337799,0.7921075522899628,0.7767392933368683,0.7533428013324738,0.7492881059646607,0.7282302677631378,0.7073366552591324,0.6981651991605758,0.676340115070343,0.6632430136203766,0.6487951427698135,0.633766058087349,0.6109490424394608,0.5911467134952545,0.5682220488786698,0.5527554869651794,0.5357690900564194,0.520572093129158,0.49503339976072314,0.4835854843258858,0.46647352129220965,0.44696667790412903,0.42371380925178526,0.4040614292025566,0.3862684741616249,0.3633387625217438,0.34176031649112704,0.32524840980768205,0.298418864607811,0.28197082281112673,0.25701001286506653,0.2368482880294323,0.2239585965871811,0.20283930823206903,0.17797931805253028,0.16298824474215506,0.14338080883026122,0.13664431050419806,0.12358020395040512,0.10871046222746372,0.10319612473249436,0.0,0.09591046683490276,0.10619406700134278,0.11548223271965981,0.12506575845181941,0.14834118261933327,0.1532333515584469,0.16908849626779557,0.18750521913170815,0.1971801847219467,0.21357350647449494,0.23254467472434043,0.24716857746243476,0.25569911748170854,0.2742727667093277,0.28434048742055895,0.29934401959180834,0.3146269366145134,0.3253853902220726,0.3399314880371094,0.35114587694406507,0.36440177708864213,0.37857496589422224,0.38874945044517517,0.4003879278898239,0.4116660267114639,0.4222759515047073,0.43191615045070647,0.446110737323761,0.45575436055660246,0.4632916018366814,0.4720289081335068,0.48105907440185547,0.5008674681186676,0.5042296439409256,0.5077944159507751,0.5260472685098648,0.5304020702838897,0.5378262490034104,0.5448170512914657,0.5506576776504517,0.5638016939163208,0.5689172565937042,0.5830813467502594,0.5825853407382965,0.5893743455410003,0.6051361352205277,0.6024282366037369,0.6128329277038574,0.6272327363491058,0.621814700961113,0.6300628840923309,0.6360673934221268,0.6435576677322388,0.6661834865808487,0.6575398206710815,0.660889732837677,0.6685591787099838,0.6789441138505936,0.6834695607423782,0.6864753782749176,0.6965086966753006,0.6997318387031555,0.7079415261745453,0.7146441102027893,0.7199289292097092,0.7295438289642334,0.7348511308431626,0.7448646068572998,0.7640934109687805
t_68,1.3431368589401245,1.345491886138916,1.346044647693634,1.343168956041336,1.3408248603343964,1.3415988028049468,1.3364520013332366,1.3343447387218474,1.332121878862381,1.3314605116844178,1.325487631559372,1.324820441007614,1.324363100528717,1.3224067270755768,1.3204166531562804,1.3141831874847412,1.3124091148376464,1.3099830389022826,1.3093177676200867,1.305126816034317,1.300419521331787,1.3004721224308013,1.2968128442764282,1.291057324409485,1.2894923686981201,1.2884235501289367,1.2847054839134215,1.280450439453125,1.2780884683132172,1.2752055883407594,1.270116353034973,1.2687956511974334,1.264303207397461,1.2584116280078887,1.2543504536151886,1.2507737100124359,1.2501684367656707,1.2450970590114594,1.2408386826515199,1.2367614150047301,1.2336061775684357,1.2304813385009765,1.2241831839084625,1.2196431040763855,1.2078835904598235,1.2136817812919616,1.207693636417389,1.202325165271759,1.194083720445633,1.1887894511222838,1.1850111782550812,1.1784125030040742,1.1690953493118286,1.1653472304344177,1.1588146150112153,1.1481140017509461,1.1397271931171418,1.1330387890338898,1.1327907502651215,1.1243535459041596,1.1115760326385498,1.1045640707015991,1.0983549416065217,1.0898226082324982,1.0842927753925324,1.0715369880199432,1.064365917444229,1.0547273993492126,1.0454728782176972,1.0341535568237306,1.0310647249221803,1.0182588338851928,1.0018228858709335,1.0032418102025986,0.9880229473114014,0.9836499989032745,0.9712510764598846,0.9626838266849518,0.9412940740585327,0.9383094996213913,0.9286878138780594,0.9159111142158508,0.902825516462326,0.8831005156040191,0.8758743107318878,0.8631967812776565,0.8559627711772919,0.8426176071166992,0.8276991128921509,0.8142023265361786,0.7995639950037002,0.7847343206405639,0.761824506521225,0.757264056801796,0.7368580430746079,0.716502133011818,0.7073338478803635,0.6860033810138703,0.6728722035884858,0.6585855185985565,0.6433347672224045,0.6214694887399673,0.6019083499908447,0.5790952801704407,0.5637712121009827,0.5472709000110626,0.5323324888944626,0.5075883746147156,0.4957964390516281,0.47843395471572875,0.45861307680606844,0.43610969483852385,0.41604091227054596,0.3991865277290344,0.3761807978153229,0.3545991376042366,0.3384121686220169,0.31229989528656005,0.2957447409629822,0.27019469141960145,0.2523863598704338,0.23769570514559746,0.21444841027259826,0.1921960800886154,0.17580955401062964,0.15702911391854285,0.1431712493300438,0.12969975918531418,0.11507961601018905,0.10480064041912555,0.09591046683490276,0.0,0.10074275843799115,0.10779647566378117,0.114636991918087,0.13836595118045808,0.13959818631410598,0.15630555301904678,0.1730058766901493,0.18454668894410134,0.20040428936481475,0.2196215108036995,0.2346211388707161,0.24292236119508742,0.2604403614997864,0.27145993858575823,0.2857075557112694,0.30185052305459975,0.3120353937149048,0.32557710707187654,0.3387302577495575,0.3514880299568176,0.36673227697610855,0.3758766442537308,0.3870688110589981,0.39993784874677657,0.41033314168453217,0.419941221177578,0.4349602431058884,0.4446019038558006,0.4521252021193504,0.4610475718975067,0.4701236948370934,0.49074443578720095,0.4939159989356995,0.4968544661998749,0.5158775016665459,0.5204790204763412,0.5278955698013306,0.5350585401058197,0.540893942117691,0.554414889216423,0.5593788504600525,0.5739056497812272,0.5734632968902588,0.5801128059625625,0.5963735193014145,0.5936161398887634,0.6042254656553269,0.619194957613945,0.6128025859594345,0.6217227131128311,0.6276814937591553,0.6352453321218491,0.6586530357599258,0.6493865191936493,0.6530574917793274,0.6607757806777954,0.6712909787893295,0.6759014636278152,0.6786629885435105,0.6893955945968628,0.6926176488399506,0.7008878648281097,0.7078478306531906,0.7131409823894501,0.7230265617370606,0.7282652705907822,0.7384596407413483,0.7585887968540191
t_67,1.3431607067584992,1.3455204486846923,1.3460686802864075,1.3432230174541473,1.3409094870090486,1.3416831612586975,1.336596941947937,1.3345149874687194,1.3323258936405182,1.3316847264766694,1.3257694244384766,1.3251207888126373,1.3246751308441163,1.322751384973526,1.3207896947860718,1.3146252393722535,1.3128799438476562,1.3104951620101928,1.3098406612873077,1.3057076990604402,1.301052463054657,1.3011164665222168,1.2974986493587495,1.2918258905410767,1.2902759909629822,1.2892252266407014,1.2855729341506958,1.2813621699810027,1.2790344953536987,1.2761846959590912,1.2711604833602905,1.2698579251766204,1.265427565574646,1.2595870077610016,1.255570411682129,1.252030223608017,1.2514271557331085,1.2464043855667115,1.2421913206577302,1.2381657421588899,1.2350455462932586,1.231932234764099,1.2257205724716187,1.2212307512760163,1.2096247315406798,1.2153429806232452,1.2094191491603852,1.2040906488895415,1.1959629714488984,1.1907329738140107,1.1869972705841065,1.1804773211479187,1.1712882757186889,1.1676194787025451,1.1611268162727355,1.1505890011787414,1.142317259311676,1.1357510566711426,1.135487699508667,1.127128392457962,1.1145597577095032,1.107650625705719,1.1015340209007263,1.0931048572063446,1.087601512670517,1.0750934779644012,1.0680515885353088,1.0585163295269013,1.0494487464427948,1.0383188068866729,1.0352153539657594,1.022587203979492,1.0066213607788086,1.0078373402357101,0.9928454726934433,0.9884764850139618,0.9763018012046814,0.9677594840526581,0.9469138741493225,0.9438437551259995,0.9344076424837112,0.9219074308872223,0.908916762471199,0.8897633790969849,0.882527306675911,0.870035645365715,0.862871989607811,0.8497422963380814,0.835086727142334,0.8216811925172806,0.8075282037258148,0.7927120506763459,0.770520094037056,0.7660006225109101,0.7459436565637588,0.7260916084051132,0.7168641686439514,0.6960796296596528,0.6831385731697083,0.6689169526100158,0.6541678726673126,0.6325123697519303,0.6135861903429032,0.59179507791996,0.5766806751489639,0.5600260019302368,0.5451583057641983,0.5212905973196029,0.509419521689415,0.49217763990163804,0.4735335662961006,0.45081177949905393,0.4321125492453575,0.41429494470357897,0.39221510738134385,0.3707673132419586,0.3540993258357048,0.3285518601536751,0.31174594908952713,0.2881782755255699,0.27004320472478865,0.25492114424705503,0.2330907829105854,0.21019080579280852,0.19243351519107818,0.17556441873311995,0.16131283417344094,0.14793143346905707,0.12930512204766273,0.11785882897675037,0.10619406700134278,0.10074275843799115,0.0,0.10430988855659962,0.10770727656781673,0.13293680176138878,0.13112808018922806,0.14045261293649675,0.16220250353217125,0.1689954586327076,0.18484391793608665,0.205804243683815,0.21922216713428497,0.22649215012788773,0.2446545198559761,0.2549279063940048,0.2703211843967438,0.28555196821689605,0.29666910916566847,0.3106739088892937,0.3225215867161751,0.3359372437000275,0.3518029645085335,0.36118498593568804,0.37281753271818163,0.3848831683397293,0.39558464735746385,0.4053733989596367,0.42074309289455414,0.43025175034999846,0.43788446933031083,0.4467978060245514,0.45621312260627744,0.4776274248957634,0.4804917976260185,0.4837089955806732,0.5036907717585564,0.5075262308120727,0.515111967921257,0.5222188472747803,0.5280257374048233,0.5421825647354126,0.5473891288042069,0.5624486863613128,0.5614987999200821,0.5684081256389618,0.585432842373848,0.5819978058338166,0.5929492264986038,0.608439901471138,0.6020315527915955,0.6106144040822983,0.6167169868946075,0.6248168647289276,0.6489557415246964,0.639294895529747,0.6426914960145951,0.650687289237976,0.6617316097021103,0.6662346541881561,0.6691969722509384,0.6799319684505463,0.6831241607666015,0.6917123347520828,0.6987458229064941,0.7041078776121139,0.7142475038766861,0.7197332471609116,0.7302471309900284,0.7505485743284226
t_66,1.3468760788440703,1.3493308365345,1.3498577058315278,1.3470014095306397,1.3446740329265594,1.3455052196979522,1.3403983533382415,1.3383518159389496,1.3362114250659942,1.3355803728103637,1.3296358168125153,1.3290486752986908,1.3286012291908265,1.3267376244068145,1.3247642993927002,1.3185789227485656,1.3168819785118102,1.3145723640918732,1.3139577209949493,1.3098262965679168,1.3052026569843291,1.3052990138530731,1.301708883047104,1.2960356712341308,1.2945593535900115,1.2935479998588562,1.2899058997631072,1.2857595443725587,1.2834848940372467,1.280676007270813,1.275693315267563,1.2744348764419555,1.2700648844242095,1.2642076432704925,1.2602904677391051,1.2568147659301758,1.2562808692455292,1.251351398229599,1.2471553564071656,1.2432038605213165,1.2401301681995391,1.2371587693691253,1.2309916853904723,1.2264893352985382,1.2148209273815156,1.22085343003273,1.2150098502635955,1.2097520887851716,1.201667720079422,1.1964802026748658,1.1928779661655426,1.1864762485027314,1.177272915840149,1.1737561166286468,1.167421418428421,1.15686594247818,1.1486118972301482,1.1421620190143584,1.1422568082809448,1.1339759945869445,1.1214219748973846,1.1146283507347108,1.1086856305599213,1.1003753781318664,1.0951512098312377,1.0826368033885956,1.0757559716701508,1.0663250207901,1.0572937548160553,1.046162873506546,1.0434830486774445,1.0309814929962158,1.0146958470344543,1.0166514575481416,1.0016741365194322,0.9977192610502243,0.985593056678772,0.9774531424045563,0.9561331003904343,0.9537922620773316,0.9445596724748612,0.9322508633136749,0.9195508062839508,0.9000999808311463,0.8933497726917267,0.8808389395475388,0.8746183693408967,0.8615002661943436,0.8471376299858093,0.8340242177248001,0.8200589388608932,0.8055191218852997,0.7825604617595673,0.779476672410965,0.7592116862535476,0.7387577712535858,0.7307482242584229,0.7094389885663986,0.6974857389926911,0.6840662002563477,0.6697217136621475,0.6478156596422195,0.6287872940301895,0.6065769582986832,0.5918411493301392,0.5759761363267899,0.561767652630806,0.5366556495428085,0.5266251683235168,0.5103209882974624,0.49155533015728,0.4695125222206116,0.45000725984573364,0.4337862253189087,0.41132674515247347,0.3902667030692101,0.37465785890817643,0.3485086962580681,0.3321134686470032,0.3073243051767349,0.2836497038602829,0.2755361497402191,0.25322109311819074,0.22799645066261293,0.21267201527953147,0.19064859673380852,0.17745624110102654,0.16050366908311844,0.145173279941082,0.13478435799479485,0.11548223271965981,0.10779647566378117,0.10430988855659962,0.0,0.09666504673659801,0.11004849933087826,0.11515687145292759,0.12732650339603424,0.14143793061375617,0.15214990451931953,0.16491307318210602,0.18416727259755133,0.19627506732940675,0.20700965374708175,0.22476452589035034,0.23520356118679048,0.2495039626955986,0.26470865607261657,0.2762002259492874,0.2907874912023544,0.3024755924940109,0.31628836691379547,0.33064803034067153,0.3412450045347214,0.35294453650712965,0.3649718418717384,0.3761089399456978,0.3863943174481392,0.40109894424676895,0.41113257557153704,0.4194068774580956,0.4287942603230476,0.4381334289908409,0.4582701176404953,0.46214268207550047,0.4665369838476181,0.4848272666335106,0.48997763693332674,0.4979631990194321,0.5055384546518326,0.5119382739067078,0.5256040394306183,0.531072473526001,0.5455079644918441,0.5455728888511657,0.5528812736272812,0.5687963545322419,0.5670738786458969,0.577643769979477,0.5922269582748413,0.5875166058540344,0.5964890062808991,0.6027270704507828,0.6106023460626602,0.6333899855613708,0.6251897722482681,0.6292361229658127,0.6374875098466873,0.6479505002498627,0.6529581069946289,0.65636046230793,0.6671046733856201,0.6707000970840454,0.6792403221130371,0.6865943819284439,0.6924493908882141,0.7024545252323151,0.7084564983844757,0.7192720413208008,0.7393840581178666
t_65,1.3472252070903779,1.3496659994125366,1.350197958946228,1.3473589897155762,1.3450500428676606,1.3458730101585388,1.3408106088638305,1.3387852966785432,1.3366745293140412,1.3360396921634674,1.3301415205001832,1.3295622706413268,1.3291195571422576,1.3272769510746003,1.3253132343292235,1.3191896736621858,1.3175103664398193,1.3152199566364289,1.3146161437034607,1.310519778728485,1.305944013595581,1.3060459911823272,1.3024996519088745,1.2968769907951354,1.2954175472259521,1.2944145560264588,1.2908022344112395,1.286690992116928,1.2844347417354585,1.2816603422164916,1.2767179608345032,1.27548605799675,1.2711359560489655,1.2653350472450255,1.261451780796051,1.2580142378807069,1.2574834644794464,1.252598136663437,1.2484444618225097,1.2445321083068848,1.2414977371692657,1.238539695739746,1.23243505358696,1.2279993414878845,1.2164970576763152,1.2223978221416474,1.2166296362876892,1.2114326059818268,1.2034528076648712,1.1983280897140502,1.1947592973709107,1.1884170711040496,1.1793610632419587,1.1758543848991394,1.1695840120315553,1.1591737389564514,1.1510477840900422,1.1446709752082824,1.1447009801864625,1.1365483283996582,1.1241561591625213,1.117451822757721,1.1115706861019135,1.1033696413040162,1.0981906652450562,1.0858752310276032,1.0790429830551147,1.0697525441646576,1.0608665347099304,1.0499157786369324,1.047192007303238,1.0348801970481873,1.0189202189445496,1.0206939637660981,1.0059682369232177,1.0019676685333252,0.9900310963392258,0.9819941699504853,0.9611156135797501,0.95864038169384,0.9494889378547668,0.9373459398746491,0.9248658269643784,0.9058394432067871,0.8990837901830673,0.8868161559104919,0.8804625540971756,0.8675867766141891,0.8533913344144821,0.8404891401529312,0.826733660697937,0.8124963939189911,0.7901671320199967,0.7866905033588409,0.7669241428375244,0.747085240483284,0.738860285282135,0.7181547164916993,0.7061531722545624,0.6928313314914704,0.6785807311534882,0.657291829586029,0.6386931270360947,0.6170915633440017,0.602589875459671,0.5868317216634751,0.5726141721010208,0.5483201324939728,0.5378324031829834,0.5215794652700424,0.5031288728117943,0.4814130514860153,0.46227990835905075,0.44596789628267286,0.42403784543275835,0.4031872361898422,0.38738478124141695,0.3619944527745247,0.3451338648796082,0.3210507959127426,0.29940413534641264,0.28871839195489885,0.2669779360294342,0.24236685261130334,0.22582243084907533,0.20491286888718604,0.1915445789694786,0.17438419684767723,0.15705301463603974,0.14439864829182625,0.12506575845181941,0.114636991918087,0.10770727656781673,0.09666504673659801,0.0,0.10615283474326134,0.10385213047266006,0.11478714272379875,0.13178897723555566,0.13671504855155944,0.15069950073957444,0.1706078641116619,0.18303428292274476,0.19133592247962952,0.21014411896467208,0.21957703158259392,0.23404808416962625,0.24980959370732309,0.2611748814582825,0.2754767417907715,0.28760085850954054,0.3013357758522034,0.3161910206079483,0.326564747095108,0.33873613327741625,0.35089949518442154,0.36198528558015824,0.37220736443996427,0.387374447286129,0.3977382332086563,0.4058534398674965,0.4153238832950592,0.4246728837490082,0.44597005695104597,0.44970234036445617,0.4535082995891571,0.4728519722819328,0.477804397046566,0.4858321905136108,0.49353139400482177,0.4997843772172928,0.5140308141708374,0.5194256633520127,0.5345669478178025,0.5342256039381027,0.5416242957115174,0.5583853036165237,0.5560553580522537,0.5671162635087967,0.5822894632816314,0.576796469092369,0.5860272943973541,0.5923846930265426,0.6005010694265366,0.6244944840669632,0.6155108064413071,0.6194370657205581,0.627900493144989,0.6388126820325851,0.6439556449651718,0.6472099661827088,0.6582825452089309,0.6618371933698655,0.6707047492265701,0.6781156361103058,0.6840658962726593,0.6944576621055603,0.700480243563652,0.7115457892417908,0.7324452728033066
t_64,1.3549017906188965,1.357503777742386,1.3579946279525756,1.355138611793518,1.3528215706348419,1.3537065863609314,1.348610770702362,1.3466256439685822,1.3445855021476745,1.3439836978912354,1.3380159080028533,1.337542313337326,1.3371022760868072,1.3353551208972931,1.333349597454071,1.3271908581256866,1.3255744338035584,1.323398369550705,1.3228492259979248,1.3187723934650422,1.314206451177597,1.3143989205360413,1.3108760237693786,1.3052233278751373,1.3038746058940887,1.3029386341571807,1.2993048965930938,1.2952633261680604,1.2930794596672057,1.290341591835022,1.2854440987110138,1.28427973985672,1.279971992969513,1.2741090178489685,1.2703394949436189,1.2669735074043273,1.266535472869873,1.2617575168609618,1.2575742244720458,1.253756469488144,1.2507774233818054,1.2480072796344757,1.2419099450111388,1.237414002418518,1.2256657838821412,1.2321644008159638,1.226479023694992,1.2213407933712006,1.2133543372154236,1.2082489848136901,1.2049044132232667,1.1986890077590941,1.1895110249519347,1.1862321376800538,1.1801554024219514,1.1696303844451905,1.161469864845276,1.1551930069923402,1.1558851540088653,1.147811633348465,1.1352654635906219,1.1287067234516144,1.1230488836765289,1.1149840176105499,1.1102542459964753,1.09772669672966,1.0911086559295655,1.081929874420166,1.0729687988758088,1.0618900954723358,1.0599170923233032,1.0476574838161468,1.0309025406837464,1.0340430796146394,1.0191056251525878,1.0158617198467255,1.0038874626159668,0.9964022397994995,0.9743945479393006,0.9732368260622024,0.9643237620592118,0.9523048907518387,0.9402033984661102,0.9202387124300003,0.9142814934253692,0.9018798798322678,0.8971165239810943,0.8841417849063873,0.870236673951149,0.8577234745025635,0.8440375655889512,0.8300593078136445,0.8060298472642898,0.8050004959106445,0.7846284478902816,0.7633123248815536,0.7572912782430649,0.7352404803037643,0.7249997586011887,0.7128998547792434,0.6990165174007416,0.6770866841077805,0.6579332381486893,0.6351357519626617,0.6212030082941056,0.6069263786077499,0.593718746304512,0.5668905884027481,0.5597182273864746,0.5446796685457229,0.5259710490703583,0.5051921218633652,0.48446966856718066,0.4709504798054695,0.4481000959873199,0.42778286039829255,0.4139527305960655,0.3875625416636467,0.37222702503204347,0.34619229286909103,0.31446456611156465,0.3161437138915062,0.2937080189585686,0.26685929000377656,0.25457478016614915,0.2276402123272419,0.21367040425539016,0.19677512124180793,0.18216951340436935,0.1744481936097145,0.14834118261933327,0.13836595118045808,0.13293680176138878,0.11004849933087826,0.10615283474326134,0.0,0.10740724727511405,0.11661193966865539,0.1207467220723629,0.1298631452023983,0.1382303237915039,0.15224313214421273,0.16048768535256386,0.17726388797163964,0.1933330364525318,0.2039841040968895,0.21585003435611724,0.2314305067062378,0.24303141757845878,0.2576656110584736,0.2696557968854904,0.2834184065461159,0.29511307924985886,0.30778370797634125,0.3197427049279213,0.3315384492278099,0.3426705181598663,0.354014952480793,0.36687199473381044,0.3780460298061371,0.3873759999871254,0.3975499391555786,0.4066077068448067,0.4240372240543365,0.430196239054203,0.4361210227012634,0.4513165891170502,0.4591932460665703,0.4676863968372345,0.47639383673667907,0.4834198236465454,0.49618787318468094,0.5019889935851097,0.5150404587388039,0.517417374253273,0.5254541754722595,0.5390566915273667,0.5408800095319748,0.5504861891269683,0.5632600754499435,0.5613574653863906,0.5714455544948578,0.5778413474559784,0.5850777059793473,0.6054019778966904,0.5999999105930328,0.6053534656763077,0.6139034628868103,0.6231498718261719,0.6293323069810868,0.6334368199110031,0.644177320599556,0.6487461686134338,0.6570970773696899,0.6650645226240158,0.671838515996933,0.6817074894905091,0.6884860932826996,0.6999437272548675,0.7200658619403839
t_63,1.3509136080741881,1.3533916532993318,1.3538892984390258,1.3510842621326447,1.3488134026527405,1.3496446073055268,1.3446241438388824,1.3426507413387299,1.3405888497829437,1.3399716377258302,1.334132868051529,1.3336044728755951,1.333150964975357,1.3313727378845215,1.329433113336563,1.3233746409416198,1.3217356622219085,1.3195211470127106,1.3189461648464202,1.3149113535881043,1.3104102432727813,1.3105520904064178,1.307060569524765,1.3015032827854156,1.3001220881938935,1.2991591155529023,1.295589989423752,1.2915906488895417,1.2893814980983733,1.2866832196712494,1.281842577457428,1.2806447327136994,1.2763773918151855,1.2707055628299713,1.266917532682419,1.26357758641243,1.2631156206130982,1.2583479404449462,1.2542765259742736,1.2504499554634094,1.247503048181534,1.244687134027481,1.238682210445404,1.2343225479125977,1.2230045080184937,1.2289440214633942,1.223302525281906,1.218263280391693,1.210451853275299,1.2054480075836183,1.202030885219574,1.1958507657051087,1.1869622588157653,1.1836052715778351,1.177512091398239,1.167306864261627,1.159385335445404,1.1531707167625427,1.1533260285854339,1.1454123079776763,1.1332659661769866,1.1267542004585267,1.1210590422153472,1.1130843043327332,1.1081491827964782,1.096044272184372,1.0894138932228088,1.080423229932785,1.071741235256195,1.0610492765903472,1.0585048377513886,1.0465368509292603,1.0308176040649415,1.0327858567237853,1.0184258818626404,1.0146773278713226,1.0030288964509964,0.9952917367219924,0.9748458415269852,0.9726001858711243,0.9636997610330582,0.9518515557050705,0.9398703515529633,0.9212080925703049,0.9147617399692536,0.9029507458209991,0.8968239605426789,0.8843961238861084,0.870624229311943,0.8581908583641052,0.8447387158870697,0.8311649024486542,0.8093564450740814,0.8060186803340912,0.7869332760572434,0.7676264971494675,0.7598427474498749,0.7397767573595047,0.728222781419754,0.7153966456651688,0.7015041321516037,0.681063511967659,0.6629168659448623,0.6418491423130035,0.627865606546402,0.6127793669700623,0.5990916848182678,0.5755156368017197,0.5654480725526809,0.5495173007249832,0.5314808636903763,0.5105485558509827,0.4918436869978905,0.47605359703302386,0.45464577376842497,0.4345647394657135,0.41905415058135986,0.39450301676988603,0.3781667560338974,0.3537494629621506,0.3327041119337082,0.32219444811344145,0.30005817413330077,0.2769407793879509,0.2601531192660332,0.23908595740795135,0.22371459603309632,0.20692577883601188,0.1889019325375557,0.1751927837729454,0.1532333515584469,0.13959818631410598,0.13112808018922806,0.11515687145292759,0.10385213047266006,0.10740724727511405,0.0,0.09872824735939503,0.11062845885753632,0.11273798383772374,0.12476316392421723,0.14055635407567024,0.15420052483677865,0.16042619720101356,0.17845969200134276,0.18766322061419488,0.20072032809257506,0.21681002974510194,0.22733352035284043,0.24159867987036704,0.2551125332713127,0.26887952238321305,0.2834394410252571,0.2939691111445427,0.3063933849334717,0.3189731612801552,0.3305465906858444,0.34055289179086684,0.35650006830692293,0.36707218885421755,0.37572652846574783,0.38553972393274305,0.3948509991168976,0.4170728221535683,0.4210194870829582,0.42462060004472735,0.4444650590419769,0.45005436092615125,0.4583126395940781,0.4664301037788391,0.4729224979877472,0.4872997850179672,0.4928471878170967,0.5086347505450248,0.5084958910942078,0.5162139594554901,0.5333257704973221,0.5313339024782181,0.5426528453826904,0.5586794644594193,0.5526309221982956,0.5625103950500489,0.569281592965126,0.57733533680439,0.6024996101856231,0.5932600110769272,0.5975340664386749,0.6061931133270264,0.6175063282251358,0.6230327755212783,0.6264385730028152,0.6378952622413635,0.6419366389513016,0.6510161191225052,0.6589314758777618,0.6651751399040222,0.6761515408754348,0.682440060377121,0.6939941465854644,0.716353103518486
t_62,1.3512861847877502,1.353776067495346,1.354270488023758,1.3514880895614625,1.3492347955703736,1.350065493583679,1.3450869143009185,1.3431385695934295,1.3411003649234772,1.3404907405376434,1.3346878051757813,1.3341728150844574,1.3337344408035279,1.3319643557071685,1.3300446212291717,1.3240363359451295,1.3224242985248567,1.320244663953781,1.3196741580963134,1.3156698584556579,1.3112045764923095,1.311350977420807,1.3079004764556885,1.302398431301117,1.3010161936283111,1.3000733017921449,1.296539855003357,1.292577201128006,1.2904048144817353,1.2877260327339173,1.2829408407211305,1.2817684352397918,1.2775583446025849,1.271918100118637,1.2681594610214233,1.2648512363433837,1.2643943309783936,1.2596774399280548,1.255649447441101,1.2518337607383727,1.2489362001419066,1.2461403965950013,1.2402007460594178,1.235886573791504,1.2246830403804778,1.2305867552757264,1.2249930799007416,1.2199999511241912,1.212284415960312,1.2073303759098053,1.2039563596248626,1.1978504538536072,1.18907088637352,1.1857605278491974,1.1797353744506835,1.1696690142154693,1.1618417501449585,1.1557205617427826,1.1558504760265351,1.1480542480945588,1.1360412776470183,1.129650604724884,1.1240012049674988,1.1161534309387207,1.111282652616501,1.0993076860904694,1.0927959203720092,1.0839305520057678,1.0753727674484252,1.064845860004425,1.0623299062252045,1.0505000293254851,1.0350679099559783,1.0369454741477966,1.0227545917034149,1.0190788686275483,1.0076187342405318,0.9998792946338654,0.9798696398735046,0.9775533825159073,0.9688350081443786,0.9571767300367355,0.9452572822570801,0.9270037949085236,0.9205888211727142,0.9089949727058411,0.9028760373592377,0.8907236814498901,0.8771506041288376,0.8648725062608719,0.851723924279213,0.8381277620792389,0.8169436872005462,0.81361123919487,0.7948561519384384,0.7759166538715363,0.7681361228227616,0.7484605640172959,0.7371617048978806,0.7243325382471084,0.7106267273426056,0.6905528277158737,0.6729527086019516,0.6523711264133454,0.6385405093431473,0.6236201524734497,0.6100893557071686,0.5872275561094285,0.5772403687238693,0.5614760309457779,0.5441541284322738,0.5231515318155289,0.505249311029911,0.4892847046256065,0.4685063436627388,0.44841328561306,0.4328444108366966,0.40888029932975767,0.3927010416984558,0.36963851749897003,0.3482582375407219,0.33771784603595734,0.3161800026893616,0.29332731366157533,0.2759012371301651,0.25631639957427976,0.2401049926877022,0.2242090217769146,0.20406889095902442,0.1910019800066948,0.16908849626779557,0.15630555301904678,0.14045261293649675,0.12732650339603424,0.11478714272379875,0.11661193966865539,0.09872824735939503,0.0,0.1086943119764328,0.10526771545410156,0.1136608961969614,0.13079470545053482,0.13960897028446198,0.14674348160624504,0.16400351524353027,0.17231031209230424,0.18546324148774146,0.20147064030170442,0.21208078786730766,0.226286531239748,0.23808233961462974,0.25214125514030455,0.26836412250995634,0.27869873195886613,0.2908563494682312,0.3031403928995132,0.31452987641096114,0.32512939125299456,0.3414906606078148,0.3517323911190033,0.36011043190956116,0.37002533972263335,0.37997170239686967,0.40287661701440813,0.40619470924139023,0.4101227730512619,0.4310027793049812,0.4357972666621208,0.44418942332267763,0.4521526113152504,0.4588656559586525,0.4738478854298592,0.47971306592226026,0.4956245988607407,0.49538695961236956,0.5031836926937103,0.5210448801517487,0.5184887498617172,0.5301432579755783,0.5466637194156647,0.5406308531761169,0.5502837806940079,0.557198429107666,0.5657143592834473,0.5913531750440597,0.5819682598114013,0.5861719429492951,0.5949735701084137,0.6067148327827454,0.6120573848485946,0.6158003866672516,0.6273879319429397,0.6315307050943375,0.640918081998825,0.6489600092172623,0.6553120940923691,0.6665292620658875,0.6730709999799729,0.6849841684103012,0.7076424390077591
t_61,1.355674636363983,1.3582177877426147,1.3586988508701325,1.3559113025665284,1.3536583364009858,1.3545168578624724,1.3495315492153168,1.3476223409175874,1.3456319212913512,1.3450293719768525,1.3392143368721008,1.3387554466724396,1.3383073031902313,1.3365881204605103,1.334652417898178,1.328652209043503,1.3270760476589203,1.3249500572681427,1.3244197607040404,1.3204387366771697,1.3159897029399872,1.316178834438324,1.3127531468868257,1.3072680234909058,1.305952513217926,1.305043363571167,1.3014981746673584,1.2976027488708497,1.2954601049423218,1.2928353011608125,1.2880657851696014,1.2869546592235566,1.2827495276927947,1.2771201014518738,1.2734220564365386,1.2701890885829925,1.2697849094867706,1.2651322782039642,1.2611102223396302,1.2573602378368378,1.2545180559158324,1.2518204212188722,1.2459081292152405,1.2416042506694793,1.2303541719913482,1.2365028858184814,1.2309828221797943,1.2260597467422485,1.21836376786232,1.213460099697113,1.210199373960495,1.204204374551773,1.1954002857208252,1.1922171473503114,1.1863370180130004,1.1762461006641387,1.1684664964675904,1.1623893976211548,1.1627999603748322,1.1551480174064637,1.1430972814559937,1.1368305385112762,1.1313042223453522,1.1235774040222168,1.1189517974853516,1.1069011926651,1.1005257070064545,1.091805624961853,1.083238136768341,1.0727598190307617,1.0705762207508087,1.0588599681854247,1.0430936336517334,1.0456011652946473,1.031396245956421,1.0280936062335968,1.016687923669815,1.0092818319797516,0.9888941287994385,0.9871076017618179,0.9785774499177933,0.9669789761304856,0.9553527206182479,0.9367373943328857,0.9307416349649429,0.9192602515220643,0.9137854665517807,0.9017230093479156,0.8883389413356781,0.8764360874891282,0.8632364302873612,0.8500374287366868,0.8282528311014176,0.8258176565170288,0.8070980101823807,0.7877629488706589,0.7810033857822418,0.7609403878450394,0.7503773212432862,0.7381759613752366,0.7245410293340683,0.7046285897493363,0.6869132936000824,0.6657290130853653,0.6522793203592301,0.6382583260536194,0.6253614485263824,0.6017261326313019,0.5931065499782562,0.5779399931430816,0.5602393060922622,0.5400725156068802,0.52130628824234,0.5069915413856506,0.48598419725894926,0.46589542329311373,0.45142382085323335,0.4274795472621918,0.4119783043861389,0.38797648549079894,0.36321148872375486,0.3572701632976532,0.3353322193026543,0.31190883219242094,0.2965731218457222,0.2742127522826195,0.25740960240364075,0.24070771858096124,0.22322998866438865,0.210501579195261,0.18750521913170815,0.1730058766901493,0.16220250353217125,0.14143793061375617,0.13178897723555566,0.1207467220723629,0.11062845885753632,0.1086943119764328,0.0,0.10703081414103507,0.1104892585426569,0.11772740744054318,0.1284759134054184,0.1357041507959366,0.14708981141448021,0.16001717746257782,0.17109276503324508,0.1866803988814354,0.19567506089806558,0.20970898792147635,0.22321461662650108,0.23691624850034715,0.25108269080519674,0.26180467158555987,0.27305511236190794,0.28715607672929766,0.29849276393651963,0.3093398228287697,0.32487388849258425,0.3355848029255867,0.34446497112512586,0.3547517254948616,0.3647245541214943,0.38604387640953064,0.3904229149222374,0.39477862864732743,0.4140018537640572,0.4204069092869759,0.42919054478406904,0.4375874072313309,0.44512198865413666,0.4591604441404343,0.465190489590168,0.4801816403865814,0.4816058397293091,0.4894656702876091,0.5060759052634239,0.5055354550480843,0.5167848855257035,0.5322897642850876,0.5274750173091889,0.5379982173442841,0.5449782907962799,0.553126871585846,0.5772046893835068,0.5691859990358352,0.5743827193975448,0.5833172470331192,0.5942868441343307,0.6001594066619873,0.604242080450058,0.6161013513803482,0.6208176881074905,0.629997780919075,0.6384190380573272,0.6453833401203155,0.6564175248146057,0.6632791250944138,0.6754624247550964,0.6983469694852829
t_60,1.3536219954490663,1.3561513364315032,1.3566185355186462,1.3538556933403014,1.351638376712799,1.3524734377861023,1.3475546479225158,1.3456534504890443,1.3436723172664642,1.3430791735649108,1.3373358428478241,1.3368734180927277,1.3364231169223786,1.3347278535366058,1.3328258275985718,1.3268910109996797,1.3253353357315063,1.32322199344635,1.322695106267929,1.3187491834163665,1.3143737077713014,1.3145536839962007,1.3111701607704163,1.3057565867900849,1.3044569194316864,1.3035497844219208,1.3000883638858796,1.2962221264839173,1.2941151201725005,1.2914977252483368,1.2867964327335357,1.2856850564479827,1.2815553784370421,1.2760104179382323,1.2723443150520324,1.2691486358642579,1.2687238693237304,1.264119702577591,1.260172587633133,1.2564561903476714,1.2536266684532165,1.250950038433075,1.2451163530349731,1.2408735692501067,1.2298355996608734,1.2357569336891174,1.2302857220172883,1.2254024863243103,1.2178401708602906,1.213001197576523,1.2097192525863647,1.2037666141986847,1.1951597869396209,1.1919602274894714,1.186080849170685,1.1762054443359375,1.1685453295707702,1.162574052810669,1.162817245721817,1.1551690340042113,1.143413496017456,1.1371622920036315,1.1316854417324067,1.124014550447464,1.1192912757396698,1.1075943768024445,1.101250910758972,1.092579758167267,1.0842246234416961,1.0739265024662017,1.071533215045929,1.0600082993507385,1.0448584616184236,1.0468458771705627,1.032963490486145,1.0294448912143708,1.018262016773224,1.0107935696840287,0.9911608397960663,0.989020112156868,0.9805432796478272,0.9692183762788773,0.957669585943222,0.9397828370332718,0.9336332947015762,0.9223145842552185,0.9165783673524857,0.9046782195568085,0.8915547817945481,0.8796656399965286,0.8668745249509812,0.8537313669919968,0.8329721689224243,0.829947653412819,0.8116831034421921,0.7932570219039917,0.7857409209012985,0.7666350603103638,0.755746579170227,0.743371969461441,0.7302745431661606,0.7107031434774399,0.6935721904039382,0.6736539483070374,0.6603463649749756,0.645893445611,0.6327628791332245,0.6102895081043244,0.600697711110115,0.5857245057821274,0.5687682420015335,0.5485343009233474,0.531083345413208,0.5155584663152695,0.49547419250011443,0.47593467831611636,0.46082870960235595,0.4374205097556114,0.42141373455524445,0.3988473996520042,0.37749209851026533,0.3672251492738724,0.3468078538775444,0.3236553221940994,0.30683455169200896,0.2865962192416191,0.2719836443662643,0.2549018532037735,0.23495362102985382,0.22121269181370734,0.1971801847219467,0.18454668894410134,0.1689954586327076,0.15214990451931953,0.13671504855155944,0.1298631452023983,0.11273798383772374,0.10526771545410156,0.10703081414103507,0.0,0.10017852373421192,0.11160480044782162,0.11994923502206803,0.1198575172573328,0.13747335076332093,0.14108979552984238,0.15677447915077208,0.17066796272993087,0.18132544681429863,0.19608541801571847,0.20746311247348787,0.22181800231337548,0.2366211622953415,0.24739836454391478,0.2607425659894943,0.2727268487215042,0.2844242796301842,0.2947749808430672,0.3109285533428192,0.3220484331250191,0.3307702347636223,0.34081146866083145,0.35074802190065385,0.3743368610739708,0.3781124144792557,0.38200208842754363,0.4033499449491501,0.40840802490711214,0.417057628929615,0.4255744218826294,0.43257839381694796,0.447601155936718,0.45383523851633073,0.4703506350517273,0.47031190097332,0.4782842010259628,0.49674948304891586,0.49440630823373793,0.5064783290028572,0.5232727617025376,0.5174066066741944,0.527365916967392,0.5345596432685852,0.5434272706508636,0.5697693437337875,0.5602958351373672,0.5646235525608063,0.5738504827022552,0.5859889358282089,0.5918855398893357,0.5957507610321044,0.6075431019067764,0.6120554268360138,0.6217891126871109,0.6300179928541183,0.637065538764,0.6486959636211396,0.6557616531848908,0.6680851936340332,0.6916566908359527
t_59,1.3555068850517273,1.3580692172050477,1.3585316777229308,1.3557691514492034,1.3535509943962096,1.3544029593467712,1.3494870483875274,1.34760422706604,1.3456436932086944,1.34506756067276,1.3393059372901917,1.3388643860816956,1.3384341835975646,1.3367543756961822,1.3348441123962402,1.3289087176322938,1.327366828918457,1.3252911031246186,1.3247695088386535,1.3208557546138764,1.3164800584316254,1.3166689455509186,1.3133051156997682,1.3079055011272431,1.3066238403320312,1.3057395219802856,1.3022702932357788,1.298437249660492,1.2963506877422333,1.2937672853469848,1.2890992403030395,1.2880129754543304,1.2838952898979188,1.2783511400222778,1.274740034341812,1.2715692579746247,1.271175742149353,1.2666161417961121,1.262673956155777,1.2589931666851044,1.2561914682388307,1.253570169210434,1.2477773666381835,1.2435379683971406,1.232524585723877,1.2385449409484863,1.2331274271011352,1.2282911360263824,1.2207779288291931,1.2159684658050538,1.212779313325882,1.206878477334976,1.1982970774173736,1.1951872527599334,1.1893986642360688,1.179539406299591,1.171920245885849,1.1660261690616607,1.1664181172847747,1.158885383605957,1.147141456604004,1.140997874736786,1.1356311440467834,1.1280421197414399,1.1234721541404724,1.1117996513843535,1.105564498901367,1.0970160961151123,1.088696551322937,1.0784607887268067,1.076260244846344,1.0648487687110901,1.0496591925621033,1.0519304394721984,1.0380940318107605,1.0347902178764343,1.023673313856125,1.016401571035385,0.9966910302639007,0.9948512613773346,0.9865198194980621,0.9753026843070984,0.963920596241951,0.9460556864738464,0.9400921791791916,0.9288955569267273,0.9234969407320023,0.9117664933204651,0.8987616240978241,0.8870735794305802,0.8744376301765442,0.8614746123552323,0.8406246036291123,0.8381331026554107,0.8199242025613784,0.8013590842485427,0.7945005059242248,0.775296613574028,0.7648576706647873,0.7528543084859848,0.7398668855428696,0.7203833073377609,0.7034585177898407,0.6835730105638504,0.6704851508140564,0.6564305245876312,0.6436117470264435,0.6211638689041138,0.6123006969690323,0.5974449038505554,0.5808674573898316,0.5608978062868119,0.5433174312114716,0.5285377025604248,0.5085647255182266,0.489194019138813,0.47453857511281966,0.4512372210621834,0.4356845110654831,0.4131967887282372,0.39024813622236254,0.3825300708413124,0.3619170606136322,0.33891611546278,0.32258541882038116,0.30168358981609344,0.2868243679404259,0.26962472796440123,0.250425224006176,0.2375060126185417,0.21357350647449494,0.20040428936481475,0.18484391793608665,0.16491307318210602,0.15069950073957444,0.1382303237915039,0.12476316392421723,0.1136608961969614,0.1104892585426569,0.10017852373421192,0.0,0.10576318092644214,0.1062769778072834,0.11232126168906689,0.12670886442065238,0.13139754459261893,0.14422289952635764,0.1565224699676037,0.16713331118226052,0.18152886778116226,0.19216847345232962,0.2057417780160904,0.22176568880677222,0.23222543373703958,0.24446372389793397,0.2569693706929684,0.2685681775212288,0.2797540858387947,0.29581222385168077,0.3068293407559395,0.31565428525209427,0.3257522895932198,0.3359825789928436,0.3594572529196739,0.3631442800164223,0.3678752392530441,0.3885848596692085,0.39420571327209475,0.40302784740924835,0.41161510050296785,0.4185840740799904,0.4340985774993896,0.4404240667819977,0.45673496425151827,0.4570896580815315,0.4654455080628395,0.48341569155454633,0.48186066299676894,0.4937514841556549,0.5102215692400932,0.505092003941536,0.5154694616794586,0.5226627558469772,0.5316535919904709,0.5574735760688782,0.5486355692148208,0.5533968418836593,0.5628783911466598,0.5747214078903198,0.5807242304086685,0.5849017083644867,0.5970116227865219,0.6017148703336715,0.6115205615758896,0.6201238334178925,0.627232238650322,0.638959926366806,0.6463251084089279,0.6590711891651153,0.6827791422605515
t_58,1.359377807378769,1.3620002269744873,1.3624539911746978,1.3596900343894958,1.3574685752391815,1.3583482205867767,1.353431361913681,1.3515715301036835,1.3496783077716827,1.349098652601242,1.3433230578899384,1.3429547846317291,1.342511349916458,1.3408937752246857,1.3389842689037323,1.3330540835857392,1.3315634429454803,1.3295416176319121,1.3290611028671264,1.3251538753509522,1.3208105623722077,1.321048629283905,1.3177138090133667,1.3123348653316498,1.311104941368103,1.3102632641792298,1.3067944169044494,1.3030382633209228,1.3009846806526184,1.2984323740005492,1.293805569410324,1.2927689671516418,1.2886964619159698,1.2831618368625641,1.2796081721782684,1.2765195488929748,1.276174294948578,1.271677428483963,1.2677476227283477,1.264142596721649,1.2613936185836792,1.2588662683963776,1.2530982315540313,1.2488695323467254,1.2378304481506348,1.2440860986709594,1.2387294471263885,1.2339663982391358,1.2264775693416596,1.2217109024524688,1.2186328947544098,1.2128477215766906,1.2042607486248016,1.2012802004814147,1.1956160843372345,1.1857595026493073,1.1781912982463836,1.172389966249466,1.1730208456516267,1.1656013309955597,1.1538662254810332,1.147819495201111,1.1425609767436982,1.1351026713848114,1.13077409863472,1.1190692484378815,1.1129673898220063,1.1045350313186646,1.0962584912776947,1.0860467314720155,1.0841671109199524,1.0728446781635284,1.05745330452919,1.0602598428726195,1.046443510055542,1.0434908807277679,1.0324525952339172,1.0253981530666352,1.0054350972175599,1.0041302621364594,0.9959697723388672,0.9849140912294387,0.9737184852361679,0.9556253463029861,0.9500445008277894,0.9389411091804505,0.9341971427202225,0.9225304633378982,0.9097925096750259,0.8983358442783356,0.8858101934194564,0.8730377495288849,0.8517761439085006,0.8502681314945221,0.8320013642311096,0.8130478948354721,0.807068207859993,0.7875422656536102,0.777880322933197,0.7663996756076813,0.7537157267332077,0.7341779798269272,0.7171587705612182,0.6969616681337356,0.6841939002275467,0.6708177000284195,0.658563643693924,0.6354362189769744,0.6278570652008056,0.6137152075767517,0.5970731496810913,0.5775464087724685,0.5598795652389527,0.5459036231040955,0.525886082649231,0.5068210899829865,0.4928850993514061,0.46959607154130933,0.45483259558677674,0.4317661240696907,0.4059332087635994,0.4018159046769142,0.381398805975914,0.357710126042366,0.3428016394376755,0.3205093577504158,0.30573551505804064,0.2893951579928398,0.2704019516706467,0.25849402993917464,0.23254467472434043,0.2196215108036995,0.205804243683815,0.18416727259755133,0.1706078641116619,0.15224313214421273,0.14055635407567024,0.13079470545053482,0.11772740744054318,0.11160480044782162,0.10576318092644214,0.0,0.10114580243825913,0.10289750583469867,0.11616922691464424,0.12081306874752044,0.13013247326016425,0.14230196848511695,0.14987394511699675,0.16673653274774553,0.1762426659464836,0.19026370272040366,0.20151418894529344,0.2138635978102684,0.22676012814044952,0.23824940994381905,0.2507843032479286,0.26197261810302735,0.27640463709831237,0.2876972571015358,0.2979126363992691,0.308283568918705,0.3184065893292427,0.3399609252810478,0.3446810856461525,0.35044009536504744,0.3691999390721321,0.376133331656456,0.38553334325551986,0.3946470871567726,0.4028386428952217,0.41675406843423846,0.42353588342666626,0.4388928830623627,0.4410164564847946,0.44951643943786623,0.46607414782047274,0.4665378287434578,0.47795876711606977,0.49372399002313616,0.49031223356723785,0.5009852528572083,0.5084868609905243,0.5170362055301666,0.5412871718406678,0.5343019902706146,0.5398818224668502,0.549327266216278,0.5607353568077087,0.567168241739273,0.5720375835895538,0.5838675051927567,0.5893773674964905,0.5991039156913758,0.6080339610576629,0.6157125949859619,0.6274661749601365,0.6353314608335495,0.6483340203762055,0.6722017794847488
t_57,1.3616215646266938,1.3643041014671327,1.3647366881370544,1.3619831562042237,1.3597617864608764,1.3606672167778016,1.355752593278885,1.353917223215103,1.352051019668579,1.3514934301376342,1.345700353384018,1.345371389389038,1.3449331045150756,1.3433530390262605,1.3414201200008393,1.3354982733726501,1.3340356349945068,1.3320603549480439,1.3316019296646118,1.3277235448360443,1.3233872592449187,1.3236584067344666,1.320328062772751,1.3149572789669037,1.3137564301490783,1.312941312789917,1.3094904601573945,1.305748426914215,1.303738248348236,1.3012121200561524,1.296604174375534,1.2955984115600585,1.2915518522262572,1.2859816670417785,1.2824928343296051,1.279408371448517,1.2790906608104706,1.274644237756729,1.2707136511802672,1.2671377897262572,1.2644132316112517,1.26194167137146,1.2561965882778168,1.251962387561798,1.2408722758293151,1.2473133087158204,1.2420117020606996,1.2372640192508697,1.2298190355300904,1.2250840544700623,1.222075915336609,1.216362315416336,1.207759863138199,1.2048876643180848,1.199300879240036,1.1894537508487701,1.1818851411342621,1.1761595904827118,1.1770127713680267,1.169656127691269,1.1579128205776215,1.1519498705863953,1.1467932283878326,1.139420175552368,1.135254430770874,1.1235311090946198,1.1175819516181946,1.1091978788375854,1.1009350061416625,1.090740591287613,1.0891116619110108,1.07789466381073,1.0623780071735383,1.0655612528324128,1.05171839594841,1.0490260362625121,1.038035398721695,1.0312039792537688,1.0110163360834121,1.0101161539554595,1.002136191725731,0.9911834865808486,0.980139085650444,0.9619084507226944,0.9565961509943008,0.9454480975866317,0.9412950247526168,0.9296591252088546,0.9170911729335784,0.9058116465806961,0.8934893429279327,0.8806990593671798,0.8591129809617997,0.8584913909435272,0.8400755316019058,0.8207877814769745,0.8155584514141083,0.7957440078258514,0.786718276143074,0.7756702393293381,0.7632274150848388,0.7435219585895538,0.726583081483841,0.7063497304916382,0.6937570571899414,0.6808709412813186,0.6689763158559799,0.6453478693962097,0.638809061050415,0.6250974029302597,0.6087792068719864,0.5895121604204178,0.5716628164052964,0.5583734780550003,0.5384008526802063,0.5195599645376205,0.5060748800635337,0.48269750326871874,0.4682375878095627,0.445496441423893,0.4167082875967026,0.41619153767824174,0.3957876697182655,0.3712957575917244,0.3572772637009621,0.33432688415050504,0.31956390142440794,0.30327961295843125,0.28509684801101687,0.2736270412802696,0.24716857746243476,0.2346211388707161,0.21922216713428497,0.19627506732940675,0.18303428292274476,0.16048768535256386,0.15420052483677865,0.13960897028446198,0.1284759134054184,0.11994923502206803,0.1062769778072834,0.10114580243825913,0.0,0.10321674719452859,0.11107927896082401,0.11392080672085285,0.11980340965092182,0.1291268475353718,0.1393993653357029,0.15460711121559143,0.1607796899974346,0.1759839877486229,0.18750488832592965,0.2014387808740139,0.2131621092557907,0.22320245578885078,0.23527550473809242,0.24775149375200273,0.26119226813316343,0.27284510284662244,0.28295215517282485,0.29369641542434693,0.3042072519659996,0.32385824918746947,0.3295878082513809,0.33710405975580215,0.3544244259595871,0.36198576390743253,0.3716188743710518,0.3809989631175995,0.3893065363168716,0.4035148128867149,0.4106768026947975,0.42492455542087554,0.42814122438430785,0.4371410146355629,0.4527443781495094,0.4547604203224182,0.4655176714062691,0.48017624020576477,0.47879471480846403,0.4896526724100113,0.4970607191324234,0.5057639181613922,0.5283794552087784,0.5229064404964447,0.5290074348449707,0.5387108594179153,0.5495189845561981,0.5563462406396866,0.5617101341485977,0.5735614836215973,0.5793036997318268,0.5890799760818481,0.5982893437147141,0.6064523428678512,0.6179429560899734,0.6264156341552735,0.6398575484752655,0.6630939304828644
t_56,1.358177024126053,1.3607852697372436,1.3612236022949218,1.3585061967372893,1.3563185155391693,1.3571839451789856,1.352335923910141,1.3505009651184081,1.348632949590683,1.348072588443756,1.342376136779785,1.3420048892498015,1.3415726006031037,1.3399763464927674,1.3381006479263307,1.3322600722312927,1.3307865858078003,1.3288032114505768,1.3283275961875916,1.3244863748550415,1.3202131032943725,1.3204477727413177,1.317162150144577,1.311877316236496,1.31066455245018,1.3098236501216889,1.306431382894516,1.302723753452301,1.300706970691681,1.2982047557830811,1.2936517357826234,1.2926252424716949,1.288625818490982,1.2832030534744263,1.279704076051712,1.2766537845134736,1.2763135075569152,1.271886944770813,1.2680416405200958,1.2644687235355376,1.2617707252502441,1.2592728555202484,1.253616100549698,1.2494723796844482,1.2386940598487854,1.24473477602005,1.2394662261009217,1.2347703933715821,1.2274577140808105,1.2227883994579316,1.2197353065013885,1.2140483021736146,1.2056709408760071,1.2027296125888824,1.1971306383609772,1.1875297844409942,1.1801371574401855,1.1744695842266082,1.17493394613266,1.1676577508449555,1.1562414765357971,1.1503059923648835,1.145118647813797,1.137802505493164,1.1334603488445283,1.1220747768878936,1.1161028504371644,1.1078321099281312,1.0997941851615907,1.0898702085018157,1.0878224611282348,1.0767689406871797,1.0620227396488189,1.064362394809723,1.0509247779846191,1.047852522134781,1.0371051847934722,1.030068850517273,1.0109772771596908,1.009297725558281,1.001315528154373,0.9905204474925995,0.9795358955860138,0.9622423619031906,0.9565604865550995,0.9457963794469834,0.9407755464315415,0.9294521301984787,0.9169985562562942,0.905762505531311,0.8936746835708618,0.8811157047748566,0.8610534310340882,0.8589121997356415,0.8413567036390305,0.8234345316886902,0.8169239193201066,0.7984335988759994,0.7886300206184387,0.777116197347641,0.7647308945655823,0.7459756165742875,0.7297648191452026,0.7107293486595154,0.6981679320335388,0.6847146660089493,0.6724726259708405,0.6508598089218139,0.6424992263317109,0.6285486876964569,0.6127227216958999,0.5934746265411377,0.57688510119915,0.5623480349779129,0.5434884786605835,0.5248025923967361,0.5104581475257873,0.48832148760557176,0.47314546853303907,0.4520276948809624,0.42905827760696413,0.42164539098739623,0.4024552181363106,0.37973476499319075,0.3637157991528511,0.34353055953979494,0.32967773228883746,0.3129367113113403,0.2931845590472221,0.27994041293859484,0.25569911748170854,0.24292236119508742,0.22649215012788773,0.20700965374708175,0.19133592247962952,0.17726388797163964,0.16042619720101356,0.14674348160624504,0.1357041507959366,0.1198575172573328,0.11232126168906689,0.10289750583469867,0.10321674719452859,0.0,0.10234249383211136,0.10000111609697342,0.11000373214483261,0.11978400312364101,0.12820036485791206,0.14412079900503158,0.15090372115373613,0.16395208463072777,0.1776936173439026,0.18912316486239433,0.20209743455052376,0.213057591766119,0.22459954842925073,0.2359723664820194,0.2517952539026737,0.2632769003510475,0.27198428362607957,0.2822198286652565,0.2928488180041313,0.3179358705878258,0.3209959104657173,0.326020947098732,0.3479324087500572,0.3530844271183014,0.3624763235449791,0.37112988382577894,0.37916180938482286,0.39461859613656997,0.4016454353928566,0.4186146542429924,0.4190771788358688,0.4277626499533653,0.44685031473636627,0.4449601873755455,0.4576801523566246,0.4749150454998016,0.4700539201498032,0.4805483236908913,0.48827035874128344,0.4977992236614227,0.524771586060524,0.5158267021179199,0.5206920832395554,0.5307329207658767,0.5434318512678147,0.5497038125991821,0.5545074850320816,0.5668470621109009,0.572107920050621,0.5826156854629516,0.5915796875953674,0.5994855284690856,0.6118958324193955,0.6200385630130768,0.6335840255022049,0.6586308926343918
t_55,1.3608716011047364,1.3634974956512451,1.3639240026474,1.3612160861492157,1.3590353310108185,1.359914767742157,1.3550850808620454,1.3532720983028412,1.3514270842075349,1.3508632063865662,1.3451863169670104,1.3448371767997742,1.344401079416275,1.342819720506668,1.3409482419490815,1.3351105391979217,1.3336583912372588,1.3317037582397462,1.331239515542984,1.3274119734764098,1.3231494009494782,1.323413336277008,1.320133537054062,1.3148613333702088,1.3136751055717468,1.3128581464290618,1.3094587922096252,1.3057768940925598,1.303773546218872,1.3012974739074707,1.2967620670795441,1.295773094892502,1.2917857587337493,1.286371546983719,1.2829279243946075,1.2799104452133179,1.279589182138443,1.2752058029174804,1.271377009153366,1.2678242564201354,1.2651843190193177,1.2627454221248626,1.257101446390152,1.25298815369606,1.242223471403122,1.2483543574810028,1.2431509375572205,1.2385125994682311,1.231235671043396,1.2266062438488006,1.223619818687439,1.2180157124996185,1.209663563966751,1.2067862331867218,1.201290762424469,1.1917254686355592,1.184392023086548,1.1787621080875397,1.1793671786785125,1.17221457362175,1.1607887268066406,1.1549740970134734,1.1498483061790465,1.142623198032379,1.1384457647800446,1.1270695686340333,1.1211721777915955,1.1130292475223542,1.1050019323825837,1.0951719641685487,1.0933168053627014,1.0823649704456328,1.0674820423126221,1.0701470971107483,1.056777572631836,1.0539218723773955,1.0432633340358735,1.0364452302455902,1.0172600984573363,1.0158550947904588,1.0079788535833358,0.9972639858722687,0.9865181982517243,0.9691672474145889,0.9637476146221161,0.9531078577041626,0.9483900785446167,0.9372450858354568,0.9249479115009308,0.913987073302269,0.9019275397062302,0.8896794945001603,0.8694648653268814,0.8676942408084869,0.8503488659858703,0.8324194103479385,0.8264480769634247,0.8079052627086639,0.7985244661569595,0.7874199897050858,0.7750957518815994,0.7566510081291199,0.7405077427625656,0.7213221162557601,0.7090371251106262,0.6961970895528793,0.6843813627958297,0.6626333653926849,0.6550324052572251,0.6412112563848495,0.6254049509763717,0.6067887365818023,0.5899712532758713,0.576373627781868,0.5574211686849594,0.5389567106962204,0.5253178834915161,0.5034321039915085,0.4888991966843605,0.467296738922596,0.44351086020469666,0.438199944794178,0.4184162005782127,0.3962004974484444,0.3810877576470375,0.3607185184955597,0.34518476724624636,0.3292948916554451,0.31084161549806594,0.2978282868862152,0.2742727667093277,0.2604403614997864,0.2446545198559761,0.22476452589035034,0.21014411896467208,0.1933330364525318,0.17845969200134276,0.16400351524353027,0.14708981141448021,0.13747335076332093,0.12670886442065238,0.11616922691464424,0.11107927896082401,0.10234249383211136,0.0,0.10602703467011451,0.10930900573730469,0.11364817433059216,0.12188370302319526,0.13216574713587761,0.14089530259370803,0.1539350725710392,0.16736208498477936,0.17689669206738473,0.18800747618079186,0.20058208405971528,0.21128048077225686,0.22259311005473137,0.23847459480166436,0.24933005645871162,0.2586216121912003,0.2692753031849861,0.2798639595508575,0.30352484434843063,0.3073346272110939,0.31239132583141327,0.33346680253744126,0.3395006597042084,0.34911770224571226,0.3581489592790604,0.3665119126439095,0.38158459812402723,0.38841181695461274,0.40506566166877744,0.40650995820760727,0.4152211770415306,0.4337083071470261,0.4331765189766884,0.4454117760062218,0.46259512305259703,0.4578400254249573,0.4691354542970657,0.4768004223704338,0.48628236502408984,0.5126041412353516,0.5042383387684822,0.5100168764591217,0.5200154513120652,0.5323269248008728,0.5389130920171737,0.5438398838043212,0.556697541475296,0.5622716128826142,0.5726642876863479,0.5821244716644287,0.590253758430481,0.6027230054140091,0.6110720813274384,0.6250088781118393,0.6505796194076539
t_54,1.3602676451206208,1.3629095137119294,1.36332710981369,1.3606273829936981,1.3584625363349914,1.3593329727649688,1.354522979259491,1.3527273297309876,1.3508991360664369,1.3503405153751373,1.3446899592876433,1.344352912902832,1.343915456533432,1.3423564791679383,1.3404935359954835,1.334703004360199,1.3332652390003203,1.3313308238983155,1.3308732330799102,1.3270735383033752,1.3228602945804595,1.3231049299240112,1.3198694288730621,1.3146456837654115,1.313480979204178,1.3126691460609436,1.309309333562851,1.3056814789772033,1.3037024676799773,1.3012544810771942,1.2967641949653625,1.2957855582237243,1.2918339192867279,1.2864848971366882,1.2830551862716675,1.2800889968872071,1.279781812429428,1.2754382014274597,1.2716591775417327,1.2681394517421722,1.2655196845531465,1.2631089389324188,1.2575255513191224,1.2534512042999268,1.2428095459938049,1.2488714933395386,1.2437041699886322,1.2391140282154083,1.2319302260875702,1.2273470640182496,1.2243737578392029,1.2188126564025878,1.210575169324875,1.2077250719070434,1.202250212430954,1.1927994668483735,1.185546690225601,1.1799872934818267,1.1805423617362976,1.173428761959076,1.1621639430522919,1.1563879787921905,1.1513124585151673,1.1441686034202576,1.139988249540329,1.128773832321167,1.1229454815387725,1.1148725986480712,1.1069773316383362,1.0972463667392731,1.0953121781349182,1.0845255970954895,1.0699524700641632,1.0724172711372375,1.0592345237731933,1.0563330829143525,1.0457969069480897,1.0389673292636872,1.0202005445957183,1.0186555802822113,1.0108789473772049,1.0003388494253158,0.9896540552377701,0.9726550161838532,0.9671892672777176,0.9567071467638015,0.9518910139799118,0.9408804476261139,0.9287485867738724,0.9178383141756058,0.9060013920068741,0.8938150137662888,0.8741541117429733,0.8721743941307067,0.8551007241010666,0.8376025289297104,0.83135686814785,0.8133257836103439,0.8038471758365631,0.7926916301250457,0.7806888729333877,0.7624389410018921,0.7466532677412033,0.7280578345060349,0.7158732652664185,0.7029020249843597,0.6910833448171616,0.6700165808200836,0.6619542747735977,0.6484716087579727,0.6329674541950225,0.6143635451793671,0.5981473624706268,0.5841727584600449,0.5657774597406388,0.5476384371519089,0.5338430941104889,0.5122863739728928,0.49764367640018464,0.4768161803483963,0.45434377789497377,0.4473691344261169,0.4284030094742775,0.4063579812645912,0.39081584513187406,0.3711513116955757,0.3569225698709488,0.3406166940927505,0.32158091962337493,0.30823543220758437,0.28434048742055895,0.27145993858575823,0.2549279063940048,0.23520356118679048,0.21957703158259392,0.2039841040968895,0.18766322061419488,0.17231031209230424,0.16001717746257782,0.14108979552984238,0.13139754459261893,0.12081306874752044,0.11392080672085285,0.10000111609697342,0.10602703467011451,0.0,0.10014423094689846,0.10353331826627254,0.11036865152418614,0.12264533936977387,0.1282491371035576,0.14000346511602402,0.1533820427954197,0.1627586916089058,0.1756556361913681,0.18690802156925201,0.19810741916298866,0.2087200552225113,0.22515616044402123,0.23636313527822495,0.2449240505695343,0.2551534861326218,0.2659735009074211,0.29149219393730164,0.2943534985184669,0.2993396416306496,0.3220327377319336,0.32718266248703004,0.3365899994969368,0.34578256160020826,0.35380167663097384,0.36962523907423017,0.3768985852599144,0.39420928061008453,0.39500456899404524,0.40367541611194613,0.4233773067593575,0.4217174917459488,0.4346537053585052,0.452473646402359,0.44738291651010514,0.458377493917942,0.4662275865674019,0.47611324191093446,0.5038352742791176,0.49463814347982404,0.4998761609196663,0.510172276198864,0.5231787353754044,0.5297828733921051,0.5348193645477295,0.5476198583841324,0.5532934248447419,0.5640467017889023,0.5734684348106385,0.5818612605333329,0.5947898179292679,0.6032979339361191,0.6173858970403672,0.6435181468725204
t_53,1.3630858600139617,1.3657699167728423,1.3661790549755097,1.3634773015975952,1.361310636997223,1.3622060418128967,1.357391119003296,1.3556184649467469,1.353810930252075,1.353267902135849,1.347598934173584,1.3472931623458861,1.3468563377857208,1.3453287363052369,1.3434564173221588,1.3376565158367157,1.336238932609558,1.3343423545360564,1.3339076817035675,1.3301191210746766,1.3259028434753417,1.3261871993541718,1.3229577660560607,1.3177236437797546,1.3166002869606017,1.3158161222934723,1.3124406039714813,1.3088442981243134,1.3068843603134155,1.3044494688510895,1.2999844133853913,1.299032026529312,1.2950934171676636,1.2897380769252778,1.2863519370555878,1.2834084033966064,1.283136135339737,1.2788291573524475,1.2750497102737426,1.271550476551056,1.268964296579361,1.2666184246540069,1.26105477809906,1.2569718182086944,1.2462996780872344,1.2525120019912719,1.2473760008811952,1.2428421318531035,1.2356684803962708,1.2311107575893403,1.2282305121421815,1.2227238774299622,1.2144671082496643,1.2116986751556396,1.2063179552555083,1.1968536794185638,1.1896259188652039,1.1841160356998444,1.1848415374755858,1.1778424620628356,1.1665502607822418,1.1608604073524476,1.1558599829673768,1.1487922847270966,1.144785624742508,1.1335345089435578,1.1277918875217439,1.1198162019252778,1.1119267344474792,1.102226096391678,1.1005219221115112,1.0898042738437652,1.075044536590576,1.0778898239135741,1.0647121906280517,1.0620424926280976,1.0515660524368287,1.044936066865921,1.0259610295295716,1.0247792601585388,1.0171021938323974,1.0065888434648513,0.9961154639720917,0.9789295375347138,0.9737103044986725,0.963309708237648,0.9588863521814346,0.9479813724756241,0.9359514057636261,0.9253114581108093,0.9134531885385513,0.9015014499425889,0.8815603435039521,0.8801365673542023,0.8631154477596283,0.8453900158405304,0.8397645503282547,0.8215459197759628,0.8125745594501496,0.801840215921402,0.7897686809301376,0.771758395433426,0.755963072180748,0.7370561778545379,0.725068598985672,0.7126963019371033,0.7012823075056076,0.6798676669597625,0.6726291418075562,0.659449627995491,0.6439009040594101,0.6257868528366088,0.6091565877199173,0.5961233586072922,0.5775964677333831,0.5597406089305877,0.5464564144611359,0.5250655263662338,0.5107170671224595,0.48964955657720566,0.4656831070780754,0.4610737532377243,0.44180034250020983,0.4198449105024338,0.4050652086734772,0.38483329862356186,0.3697079509496689,0.3538438528776169,0.33594863265752795,0.323036302626133,0.29934401959180834,0.2857075557112694,0.2703211843967438,0.2495039626955986,0.23404808416962625,0.21585003435611724,0.20072032809257506,0.18546324148774146,0.17109276503324508,0.15677447915077208,0.14422289952635764,0.13013247326016425,0.11980340965092182,0.11000373214483261,0.10930900573730469,0.10014423094689846,0.0,0.10093301124870777,0.10343419909477233,0.11124741174280643,0.11859818436205387,0.12840502560138703,0.13988832458853723,0.15007630363106728,0.15992748439311982,0.17218416184186935,0.181947660446167,0.19237557351589202,0.2092180557549,0.22048033997416497,0.22852275967597963,0.2399501234292984,0.25037566795945165,0.27463224828243255,0.27809404879808425,0.28379951864480973,0.3049502968788147,0.3116520166397095,0.32118380069732666,0.33071124106645583,0.33948000371456144,0.3546473503112793,0.36198280155658724,0.3783836722373962,0.38047352582216265,0.3894392266869545,0.4081626683473587,0.40812036395072937,0.4205631673336029,0.43797577619552613,0.43363324254751207,0.44549407064914703,0.4535077437758446,0.46291284263134,0.4899104431271553,0.4816605865955353,0.48769282549619675,0.4980782926082611,0.5106503158807755,0.5176702961325645,0.5229898810386657,0.5361997365951539,0.5422420769929885,0.5530187010765075,0.5628210932016373,0.5716475158929825,0.5845766544342041,0.59334117770195,0.6078171670436859,0.6344784080982209
t_52,1.3632090508937835,1.3659095466136932,1.3663247048854827,1.3636212527751923,1.3614760994911195,1.3623753190040588,1.3575953662395477,1.3558361172676086,1.3540570139884949,1.3535246670246124,1.3478775799274445,1.347597634792328,1.3471634328365325,1.34567431807518,1.3438126504421235,1.3380484402179718,1.3366574585437774,1.334804928302765,1.3343800008296967,1.3306226193904878,1.326451551914215,1.3267408430576324,1.3235456585884093,1.3183578312397004,1.3172665357589721,1.316500860452652,1.3131714344024659,1.3096049785614015,1.3076844453811645,1.3052754342555999,1.3008541703224181,1.29991272687912,1.2960317432880402,1.290701115131378,1.2873778879642486,1.2844683885574342,1.2841960072517395,1.2799537181854248,1.2762070953845979,1.2727661728858948,1.2701921701431274,1.2678943216800689,1.2623779416084289,1.2583399772644044,1.2477446377277375,1.2539425015449523,1.248872208595276,1.2443642437458038,1.2372774124145507,1.2327673017978669,1.2299165546894073,1.224492073059082,1.2163168847560883,1.213602638244629,1.2082778751850127,1.1989240288734435,1.1917538106441499,1.1863431870937347,1.1871369540691377,1.1801587402820588,1.1690236747264862,1.1633863270282745,1.1584756016731261,1.1514937222003936,1.147532480955124,1.136443543434143,1.130774462223053,1.122869998216629,1.1150918364524842,1.1054825186729431,1.1038452744483949,1.0932469606399535,1.0787147402763366,1.0815611124038695,1.0685438573360444,1.0659087479114533,1.055545723438263,1.0490397572517396,1.0302412927150726,1.0291789293289184,1.0215994477272035,1.0112875342369079,1.0009341150522233,0.9840488582849503,0.9789061546325684,0.9685620248317719,0.9643533825874329,0.9535275667905807,0.9417255699634552,0.9311117380857468,0.9196004867553711,0.9077637761831283,0.8879746109247207,0.8868605375289917,0.869890695810318,0.8523528009653092,0.8469271898269654,0.8289086669683456,0.8201278209686279,0.8096044093370438,0.7979920357465744,0.7799436122179031,0.7643573641777038,0.7460098952054978,0.7342496007680893,0.7218841016292572,0.710591059923172,0.6893934011459351,0.6824230432510376,0.6694112211465836,0.6543909430503845,0.6363974332809448,0.620418232679367,0.6071680843830108,0.5890783846378327,0.5715437978506088,0.558328452706337,0.5371497988700866,0.5231042087078095,0.5024730503559113,0.478597828745842,0.4744001939892769,0.45577033907175063,0.43366392850875857,0.41920721530914307,0.39907551407814024,0.385017865896225,0.3693331405520439,0.35125154852867124,0.3385182902216911,0.3146269366145134,0.30185052305459975,0.28555196821689605,0.26470865607261657,0.24980959370732309,0.2314305067062378,0.21681002974510194,0.20147064030170442,0.1866803988814354,0.17066796272993087,0.1565224699676037,0.14230196848511695,0.1291268475353718,0.11978400312364101,0.11364817433059216,0.10353331826627254,0.10093301124870777,0.0,0.09831770695745945,0.10623771958053112,0.10524606145918369,0.1170488115400076,0.12742523178458215,0.1378374770283699,0.14824916571378707,0.1558724522590637,0.1675432838499546,0.17842818275094033,0.19415753856301307,0.20518806502223014,0.2143547862768173,0.22465653344988823,0.23512289747595788,0.26001613438129423,0.2634410336613655,0.2700264275074005,0.2909180536866188,0.2970275029540062,0.30690924674272535,0.3164893627166748,0.3249939367175102,0.3406419694423676,0.34811525642871854,0.36536028534173964,0.3666014775633812,0.3761329486966133,0.3948512688279152,0.39496017843484876,0.4073729008436203,0.4250450596213341,0.4212814554572105,0.4327672481536865,0.44087530821561816,0.4508937031030655,0.4780346304178238,0.470009358227253,0.475952285528183,0.4867005467414856,0.49953960329294206,0.5067045852541924,0.5122628301382065,0.5252976834774017,0.5314458340406418,0.5424566507339478,0.5525075197219849,0.5612991899251938,0.5745732605457305,0.5838912069797516,0.5987572371959686,0.6254939019680024
t_51,1.363968586921692,1.3666691124439239,1.3670734405517577,1.364381378889084,1.3622363269329072,1.3631358802318574,1.3583544671535492,1.356608235836029,1.3548425555229187,1.354304814338684,1.3486689805984498,1.348387175798416,1.3479528963565826,1.3464668154716493,1.344609260559082,1.3388582289218902,1.3374838888645173,1.3356319308280944,1.335207337141037,1.33146111369133,1.327303022146225,1.3276002824306488,1.3244185388088225,1.319263219833374,1.3181685924530029,1.3174126088619231,1.3140807628631592,1.3105500161647796,1.3086328983306885,1.3062450289726257,1.3018532633781432,1.300927311182022,1.2970542907714844,1.2917680978775024,1.2884437322616578,1.2855875015258789,1.285330021381378,1.2810960710048676,1.2773755371570588,1.2739446938037873,1.2714044511318208,1.2691213607788085,1.2636426448822022,1.2596284449100494,1.2490948796272279,1.255307388305664,1.2502536654472352,1.2458107948303223,1.2387428104877471,1.2342746138572693,1.231468266248703,1.2260634362697602,1.217945283651352,1.215267789363861,1.2099974751472473,1.2006810128688812,1.1935993671417235,1.1882176399230957,1.1889983475208283,1.1821251451969146,1.1710286557674408,1.1654534816741944,1.1605746388435363,1.153676724433899,1.1497709035873414,1.1387111485004424,1.1330930531024932,1.1252919435501099,1.1175599336624145,1.1080482006072998,1.1064371466636658,1.0959257185459137,1.0814570248126985,1.0843033850193025,1.071372640132904,1.0688177287578582,1.05853111743927,1.052056074142456,1.0334624528884888,1.0323570609092712,1.0248697638511657,1.0146172761917114,1.0043585270643234,0.9875831723213195,0.9825121611356735,0.9723759233951569,0.9681044846773148,0.957475271821022,0.9457745671272277,0.9353241235017776,0.9237963318824768,0.9121533215045929,0.892681485414505,0.8913960039615632,0.874764409661293,0.8574220985174179,0.8520523428916931,0.8342840909957886,0.8255886793136596,0.815074297785759,0.8034710764884949,0.7858002752065658,0.7704415917396545,0.7521611154079437,0.7405223041772843,0.7283918261528015,0.7172787010669708,0.6965573251247406,0.6895401030778885,0.6766028702259064,0.6616770923137665,0.643871396780014,0.6280680388212204,0.6150631159543991,0.5972087472677231,0.5797759622335434,0.5667778074741363,0.5459738582372665,0.5322001695632934,0.5115891069173812,0.4884249120950699,0.48374537378549576,0.46505911499261854,0.44375388473272326,0.4292272448539734,0.40958050936460494,0.39501588195562365,0.3797330394387245,0.36166978180408477,0.3489831551909447,0.3253853902220726,0.3120353937149048,0.29666910916566847,0.2762002259492874,0.2611748814582825,0.24303141757845878,0.22733352035284043,0.21208078786730766,0.19567506089806558,0.18132544681429863,0.16713331118226052,0.14987394511699675,0.1393993653357029,0.12820036485791206,0.12188370302319526,0.11036865152418614,0.10343419909477233,0.09831770695745945,0.0,0.10050851628184318,0.10270144678652286,0.1111396711319685,0.11640270128846168,0.12778738662600517,0.13792115822434425,0.14634324684739114,0.15862603560090066,0.16809812188148499,0.182801104336977,0.19356471225619315,0.20345215424895285,0.21408001258969306,0.22440426871180535,0.2496735967695713,0.25264146476984023,0.258066663891077,0.2796791449189186,0.2857510641217232,0.2959412127733231,0.3053413316607475,0.3145495429635048,0.3296264186501503,0.3371412992477417,0.3545828446745872,0.3564328044652939,0.36553739160299303,0.3847674414515495,0.384594538807869,0.39742270261049273,0.41579681634902954,0.41111966520547866,0.42295486479997635,0.4314596578478813,0.4412971153855324,0.46920074075460433,0.4608560547232628,0.46690604388713836,0.47760904431343076,0.4907797947525978,0.4979577288031578,0.5036428734660149,0.5168186962604523,0.5234207898378372,0.5345272779464721,0.5447515159845352,0.5536101430654525,0.5672428846359253,0.5766075521707534,0.5916009992361069,0.6193872720003128
t_50,1.3655063450336455,1.3681850969791411,1.3685801327228546,1.3658964395523072,1.363765251636505,1.3646459221839904,1.3598908007144928,1.3581451237201692,1.3563702881336213,1.3558256030082703,1.3502237141132354,1.349942260980606,1.349496978521347,1.3480067312717439,1.3461384534835816,1.3404186725616456,1.3390264093875885,1.33717120885849,1.3367438852787017,1.332994395494461,1.3288347542285919,1.3291354656219483,1.3259514272212982,1.3207865417003632,1.3197166681289674,1.3189508259296416,1.3156216382980346,1.3120940148830413,1.3101748824119568,1.3078082621097564,1.3034138679504395,1.3025005280971527,1.2986064493656158,1.2933742582798005,1.290080338716507,1.2872279703617096,1.286988341808319,1.282798320055008,1.279084062576294,1.2756675899028778,1.27316734790802,1.2709383726119996,1.2654702723026277,1.2614967465400695,1.2510469198226928,1.2572029829025269,1.252215600013733,1.2477993011474608,1.2408246517181396,1.236396861076355,1.2336002826690673,1.2282609164714813,1.2201846361160278,1.217501026391983,1.2123092532157898,1.203077530860901,1.1960668504238128,1.190674179792404,1.19144327044487,1.1846900582313538,1.1736406862735749,1.168160480260849,1.1632856249809265,1.156442356109619,1.1526292502880096,1.141648095846176,1.1360296130180358,1.1283630907535553,1.1206503927707672,1.1112642467021943,1.1096653044223785,1.0992588758468629,1.0848162531852723,1.0876856446266174,1.0749235093593597,1.0723420321941375,1.0621880173683167,1.055857253074646,1.0374044060707093,1.0362556457519532,1.0288057029247284,1.018544813990593,1.0085639894008636,0.9919015944004059,0.9869120299816132,0.9769423037767411,0.9725512236356735,0.9621000707149505,0.9504490941762924,0.9402738362550735,0.9286974519491196,0.9174900650978088,0.8982453107833862,0.8965793073177337,0.8804234832525253,0.8635059744119644,0.858071893453598,0.8406153976917267,0.8318660914897918,0.821599480509758,0.8098512142896652,0.792827382683754,0.7776437908411026,0.7593941390514374,0.7479606121778488,0.7362785398960113,0.7253670215606689,0.7050260186195374,0.6978224456310272,0.6848835259675979,0.6697810590267181,0.6527991652488708,0.6365641266107559,0.6244900643825531,0.6065700441598892,0.5893945246934891,0.5768624752759933,0.5565753906965256,0.5429103165864945,0.5222426205873489,0.5004832223057747,0.49525446742773055,0.47617201060056685,0.4560445636510849,0.4417140170931816,0.42257034182548525,0.40642471611499786,0.39127078652381897,0.374566487967968,0.36173721551895144,0.3399314880371094,0.32557710707187654,0.3106739088892937,0.2907874912023544,0.2754767417907715,0.2576656110584736,0.24159867987036704,0.226286531239748,0.20970898792147635,0.19608541801571847,0.18152886778116226,0.16673653274774553,0.15460711121559143,0.14412079900503158,0.13216574713587761,0.12264533936977387,0.11124741174280643,0.10623771958053112,0.10050851628184318,0.0,0.10338440127670764,0.10417143926024437,0.11871779151260853,0.11795317977666855,0.12533718086779116,0.1402051992714405,0.14734711349010468,0.15628834888339044,0.17444416880607605,0.18364886343479156,0.19196207150816919,0.20341411083936692,0.2129882827401161,0.23923431038856507,0.24193151742219926,0.2451009139418602,0.26832710653543473,0.2749372899532318,0.28445845991373064,0.2943748027086258,0.3026740089058876,0.31911376118659973,0.32548184841871264,0.3436595663428307,0.34522456079721453,0.3541409865021706,0.37428871393203733,0.374111008644104,0.3872033879160881,0.4061822921037674,0.3993094086647034,0.41278392970561983,0.4207370236515999,0.43076223134994507,0.46015414893627166,0.45020062774419783,0.45719069242477417,0.46793078929185866,0.48102137744426726,0.48846921026706697,0.4934392422437668,0.5082457304000855,0.5145282194018364,0.5257174670696259,0.5364475280046463,0.5455812931060791,0.5595398068428039,0.5685451954603196,0.5839915961027146,0.6131807744503022
t_49,1.3647268891334534,1.3674599945545196,1.3678532898426057,1.3651882886886597,1.3630629479885101,1.3639710366725921,1.3592446804046632,1.3575324773788453,1.3558062255382537,1.3552938520908355,1.3496961891651154,1.3494594156742097,1.3490353643894195,1.347603088617325,1.3457530856132507,1.3400722980499267,1.3387373626232146,1.3369394659996032,1.3365481734275817,1.332854837179184,1.328768652677536,1.3290775835514068,1.3259508907794952,1.3208616197109222,1.3198178350925445,1.3190898776054383,1.3158117413520813,1.3123480200767517,1.3104868412017823,1.308142614364624,1.303818452358246,1.3029415547847747,1.2991439044475555,1.293905919790268,1.2906729340553285,1.287864911556244,1.2876403212547303,1.2834959983825684,1.2798249781131745,1.276474153995514,1.2739881575107574,1.2717812776565551,1.2663941562175751,1.2624261498451232,1.2520548284053803,1.2582509100437165,1.2532920360565185,1.2489243388175963,1.2420051872730256,1.2376074731349944,1.2348777651786804,1.2295942187309266,1.2215921461582184,1.2190014660358428,1.213834947347641,1.2046923756599426,1.1977264702320098,1.1924745976924895,1.1932999908924102,1.1865713357925416,1.1756545066833497,1.1702074229717254,1.165444052219391,1.1586696326732635,1.1548900246620177,1.144027042388916,1.138573169708252,1.130901074409485,1.123318761587143,1.113997507095337,1.1124542236328125,1.1021492898464202,1.0879745662212372,1.090825182199478,1.07811159491539,1.0756689846515655,1.065602296590805,1.0592890977859497,1.0410478711128235,1.0400110006332397,1.0327426970005036,1.0227589428424835,1.0126859426498414,0.9963054716587066,0.9913604706525803,0.9814014106988906,0.9773824244737626,0.9669614195823669,0.9555417388677597,0.9453440278768539,0.9342264175415039,0.9226715266704559,0.9036455601453781,0.9026338219642639,0.8862927585840226,0.8693453848361969,0.8641129761934281,0.8467111378908158,0.8383877098560333,0.8281668573617935,0.8169521898031235,0.7995912820100785,0.7846964985132218,0.7669770121574402,0.7555943310260773,0.7437845915555954,0.7329353660345077,0.7126242548227311,0.7059063345193863,0.6935115396976471,0.6791417717933654,0.6617436408996582,0.6464744806289673,0.6336667597293854,0.6163977265357972,0.5994274854660034,0.5866622507572175,0.5663692891597748,0.5527998805046082,0.5333971083164215,0.5099756211042404,0.505908127129078,0.4881665542721748,0.4667906016111374,0.4526140123605728,0.43360231071710587,0.4198729857802391,0.40479454696178435,0.3868749663233757,0.37436669766902925,0.35114587694406507,0.3387302577495575,0.3225215867161751,0.3024755924940109,0.28760085850954054,0.2696557968854904,0.2551125332713127,0.23808233961462974,0.22321461662650108,0.20746311247348787,0.19216847345232962,0.1762426659464836,0.1607796899974346,0.15090372115373613,0.14089530259370803,0.1282491371035576,0.11859818436205387,0.10524606145918369,0.10270144678652286,0.10338440127670764,0.0,0.09792527742683887,0.10494589135050773,0.11294612437486648,0.12096484526991844,0.12239069268107414,0.1327042795717716,0.14364416673779487,0.15734286680817605,0.1678752027451992,0.17619351893663407,0.18606385216116905,0.19720715135335923,0.22277567014098168,0.22477539107203484,0.23159567937254905,0.2539022758603096,0.2587073728442192,0.26873291879892347,0.27806787341833117,0.2874766573309898,0.30377539843320844,0.3115761309862137,0.329014553129673,0.3306173115968704,0.3402560442686081,0.36022359132766724,0.3598555028438568,0.37296589016914367,0.3914101913571358,0.38766548186540606,0.3992962598800659,0.4076617151498795,0.41846152395009995,0.4467926174402237,0.43836476653814316,0.4445208713412285,0.45570447891950605,0.4692968413233757,0.47657455801963805,0.4828219562768936,0.4963541641831398,0.5029748022556305,0.5146364137530327,0.5250859290361405,0.5347742348909378,0.54868303835392,0.5587375670671463,0.5745634078979492,0.6026865243911743
t_48,1.3659856021404266,1.3687195301055908,1.3691090643405914,1.3664448022842408,1.3643347442150116,1.3652315795421601,1.360517531633377,1.3588182508945466,1.3571033716201781,1.3565826773643495,1.3510145723819733,1.350782424211502,1.3503448843955994,1.3489133417606354,1.3470712721347808,1.3414178669452668,1.3400748074054718,1.3382940769195557,1.3379007220268249,1.3342222034931184,1.3301470160484314,1.330452126264572,1.3273397564888,1.32225102186203,1.321231836080551,1.3205105781555175,1.3172366261482238,1.313797014951706,1.3119340062141418,1.3096046149730682,1.3052966892719269,1.3044254660606385,1.3006261348724366,1.295443594455719,1.2922185778617858,1.2894374072551726,1.289219504594803,1.2851099848747254,1.2814587712287904,1.278118234872818,1.2756576895713807,1.273479276895523,1.2681218385696411,1.2641902804374694,1.2538709342479706,1.2600412786006927,1.2551246285438538,1.2507839500904083,1.2439206957817077,1.2395659685134888,1.2368599891662597,1.2316092193126678,1.2236707925796508,1.2210937201976777,1.215970265865326,1.2068928599357605,1.199988639354706,1.1947561979293824,1.1955822288990021,1.1889435946941376,1.178081399202347,1.1727164030075072,1.1679771482944488,1.1612658739089965,1.1575541138648986,1.1467389643192292,1.1412990808486938,1.1337448179721832,1.1262055873870849,1.116982752084732,1.1154489040374755,1.105227667093277,1.0910985112190246,1.0939507186412811,1.0813641130924225,1.0789495766162873,1.068974256515503,1.0627273142337799,1.0446423053741456,1.0435947000980377,1.0363822042942048,1.0264012038707733,1.016527134180069,1.0002491384744645,0.9953921765089035,0.9855894178152085,0.9814880788326263,0.9712684571743011,0.959920135140419,0.9499084919691085,0.9387298792600631,0.9275475353002548,0.9087629407644272,0.9074929803609848,0.8915284305810929,0.8748660534620285,0.8696623504161834,0.8525598168373107,0.8442037522792816,0.8341286808252335,0.8228647738695145,0.8059593141078949,0.7912702441215516,0.7736272603273392,0.7624013125896454,0.7508973062038422,0.7401977807283402,0.7203660815954208,0.7135626018047333,0.7011465430259705,0.6867837846279145,0.6698559075593948,0.6544378727674485,0.6422023743391037,0.6251067399978638,0.6083067804574966,0.5958498954772949,0.5760606944561004,0.5626292407512665,0.5432794481515885,0.5210047215223312,0.5163113415241242,0.4985505729913712,0.4782755643129349,0.46406740695238113,0.4454236224293709,0.43106373250484464,0.4160510405898094,0.39880833178758623,0.38671341091394423,0.36440177708864213,0.3514880299568176,0.3359372437000275,0.31628836691379547,0.3013357758522034,0.2834184065461159,0.26887952238321305,0.25214125514030455,0.23691624850034715,0.22181800231337548,0.2057417780160904,0.19026370272040366,0.1759839877486229,0.16395208463072777,0.1539350725710392,0.14000346511602402,0.12840502560138703,0.1170488115400076,0.1111396711319685,0.10417143926024437,0.09792527742683887,0.0,0.10648507326841354,0.1046795517206192,0.10958587676286698,0.1180972583591938,0.12408157549798489,0.13393747061491013,0.14979264214634896,0.15935746282339097,0.16555345728993415,0.17502041533589363,0.1858700208365917,0.21381227821111679,0.2140660360455513,0.21910251826047897,0.24278131797909736,0.2477993756532669,0.25721190348267553,0.2668686628341675,0.27533877789974215,0.29245679527521135,0.29994809478521345,0.3179513856768608,0.3191752165555954,0.3286054939031601,0.34934297055006025,0.34869077801704407,0.3622040465474129,0.3811799705028534,0.3758841037750244,0.38859372586011887,0.3967726781964302,0.40750915110111235,0.4372265487909317,0.4276969745755196,0.4343379274010658,0.4456370621919632,0.45931113660335543,0.46682385057210923,0.47256636768579485,0.48713691234588624,0.4939166888594627,0.5056452691555023,0.5165127485990524,0.5262801885604859,0.5406686931848526,0.5505575805902481,0.5667106509208679,0.5962344378232955
t_47,1.3688711285591126,1.3717170000076293,1.3720812499523163,1.3694010078907013,1.36727574467659,1.368229514360428,1.3634954512119293,1.3618152439594269,1.3601532936096192,1.359651607275009,1.354036992788315,1.3538646340370177,1.3534371435642243,1.3520737409591674,1.350213062763214,1.3445369064807893,1.3432519793510438,1.341539239883423,1.341188645362854,1.3375190496444702,1.3334737300872803,1.3338193774223328,1.3307374000549317,1.3256698846817017,1.3247153639793396,1.3240350008010864,1.3207865238189698,1.317386931180954,1.3155758917331695,1.3132813215255736,1.3090188384056092,1.3081878423690796,1.3044401943683623,1.2992197394371032,1.296079123020172,1.2933629035949707,1.2931958794593812,1.289134019613266,1.285480785369873,1.2822083353996276,1.2797813057899474,1.2776977479457856,1.272364991903305,1.2683999717235566,1.2579827666282655,1.2644318878650664,1.2595766127109527,1.2552591145038605,1.2484142899513244,1.2440825283527375,1.2414748549461365,1.2362989783287048,1.2283286213874818,1.2258712947368622,1.2208508372306823,1.211701625585556,1.2048077404499054,1.1996559798717499,1.2008276283740997,1.1941723763942718,1.1833140850067139,1.177962851524353,1.173388773202896,1.1667469501495362,1.1632201969623566,1.1524148166179657,1.1470842123031617,1.1395344018936158,1.1320108294487,1.1227223217487334,1.121547532081604,1.1113901436328888,1.097020834684372,1.1004665851593018,1.0878280818462371,1.085730904340744,1.0757544577121734,1.0697918653488159,1.0512115359306335,1.0508493721485137,1.0437239706516266,1.0339494585990905,1.0241864323616028,1.0076107323169707,1.0030754119157792,0.993171575665474,0.9899439007043839,0.9795455545186996,0.9684475392103196,0.958497953414917,0.9475744485855102,0.9363820552825928,0.9168298214673996,0.9169108629226684,0.9005329638719559,0.8832014590501786,0.8789641588926316,0.8613265037536622,0.8538197904825211,0.8443060785531997,0.8334857881069183,0.8160761773586274,0.8012002497911453,0.7834084421396256,0.7724870920181275,0.7613412737846375,0.7510057181119919,0.730096897482872,0.724660211801529,0.7129881113767624,0.6987927436828614,0.6820539653301239,0.6665765553712845,0.6548334330320358,0.637661361694336,0.6212787449359893,0.6093598276376724,0.5891246855258941,0.5761300176382065,0.5564294993877411,0.5311007767915725,0.5302752375602722,0.512981715798378,0.4912890583276749,0.4784934550523758,0.4582777783274651,0.4454893499612808,0.430619478225708,0.4139264553785324,0.40245603024959564,0.37857496589422224,0.36673227697610855,0.3518029645085335,0.33064803034067153,0.3161910206079483,0.29511307924985886,0.2834394410252571,0.26836412250995634,0.25108269080519674,0.2366211622953415,0.22176568880677222,0.20151418894529344,0.18750488832592965,0.1776936173439026,0.16736208498477936,0.1533820427954197,0.13988832458853723,0.12742523178458215,0.11640270128846168,0.11871779151260853,0.10494589135050773,0.10648507326841354,0.0,0.10253925360739231,0.1096922941505909,0.10540045835077763,0.11569146439433098,0.12340715713799,0.129978696256876,0.14093776494264604,0.1515648730099201,0.16203494369983673,0.17062530368566514,0.19228046983480454,0.1966061919927597,0.20456456243991852,0.22167434617877008,0.22952090278267862,0.24058599919080734,0.2509069710969925,0.2617618918418884,0.27532791197299955,0.2831323862075806,0.29977026134729384,0.303208589553833,0.31348886489868166,0.330892938375473,0.33379698544740677,0.3462141677737236,0.3628894120454788,0.36202995479106903,0.3744235709309578,0.3833340585231781,0.3931656777858734,0.4195936247706413,0.41373024731874464,0.42061477452516555,0.432451069355011,0.44513320177793503,0.45365551561117173,0.4606437474489212,0.4737116530537605,0.48141957372426986,0.49304617047309873,0.5040103778243065,0.5145331114530564,0.5285804808139801,0.5395545154809952,0.5560298204421997,0.5846790611743927
t_46,1.3683915197849275,1.371172958612442,1.3715314209461211,1.3688784420490265,1.366784828901291,1.367691594362259,1.363005518913269,1.3613391757011413,1.359644705057144,1.3591349184513093,1.3535879313945771,1.3533880114555359,1.3529486894607543,1.3515530169010161,1.3497120499610902,1.344081348180771,1.3427898705005645,1.3410582482814788,1.3406893849372863,1.33703356385231,1.3330073535442353,1.3333437383174895,1.3302706897258758,1.3252278566360474,1.3242647171020507,1.323564839363098,1.320324045419693,1.316938763856888,1.315132701396942,1.3128510057926177,1.3086059093475342,1.307770800590515,1.3040212750434876,1.298894077539444,1.295752489566803,1.2930419623851777,1.2928565680980681,1.2888332426548004,1.2852273523807525,1.2819339036941528,1.2795465290546417,1.2774651229381562,1.272164022922516,1.2682817459106446,1.258060908317566,1.2642777025699616,1.2594768285751343,1.255210918188095,1.2484386920928956,1.2441530883312226,1.2415238678455354,1.2363937437534331,1.2285385966300963,1.2260288536548614,1.2210332095623015,1.2120600044727325,1.2052731394767762,1.2001132786273956,1.2010457873344422,1.1945388317108154,1.18382089138031,1.178543931245804,1.1739232957363128,1.1673378825187684,1.1637799978256225,1.1531236112117766,1.1477692186832429,1.1403497993946075,1.1329111158847809,1.123821246623993,1.1224495410919189,1.1124205768108368,1.0983262538909913,1.10141618847847,1.0890379071235656,1.0867581069469452,1.0769309103488922,1.0709672749042511,1.0529512584209442,1.0521351218223571,1.0450543940067292,1.0352592170238495,1.0256916224956512,1.0094943791627884,1.0048801273107528,0.9952424049377442,0.9914469838142395,0.9813413590192794,0.970281395316124,0.9605368196964263,0.9495165467262268,0.9387153685092926,0.9199806243181229,0.9190080344676972,0.9033534109592438,0.886869540810585,0.8820158272981644,0.865100947022438,0.8571014016866684,0.8474460184574127,0.8365159600973129,0.8199236243963242,0.8054025918245316,0.7879745692014695,0.7771045237779617,0.766054493188858,0.755776184797287,0.7359685480594635,0.7295977175235748,0.7176675200462341,0.7033905863761902,0.6871976971626281,0.6717536568641662,0.6603773653507232,0.6434452772140503,0.6271192967891693,0.6152972370386124,0.5958298712968826,0.5828379124403,0.5634317398071289,0.5413065731525422,0.5375930339097976,0.5199986964464187,0.5000298142433166,0.4866224452853203,0.4678973615169525,0.4536155819892883,0.4389151155948639,0.4225620418787003,0.41064920723438264,0.38874945044517517,0.3758766442537308,0.36118498593568804,0.3412450045347214,0.326564747095108,0.30778370797634125,0.2939691111445427,0.27869873195886613,0.26180467158555987,0.24739836454391478,0.23222543373703958,0.2138635978102684,0.2014387808740139,0.18912316486239433,0.17689669206738473,0.1627586916089058,0.15007630363106728,0.1378374770283699,0.12778738662600517,0.11795317977666855,0.11294612437486648,0.1046795517206192,0.10253925360739231,0.0,0.09825079739093781,0.10676616728305817,0.11101514771580696,0.11616716906428337,0.12861849851906298,0.13698696419596673,0.1453997500240803,0.15386917740106582,0.1626564860343933,0.1892738550901413,0.1901406817138195,0.19377108290791512,0.2165310874581337,0.22250155434012414,0.23204221576452255,0.2426368400454521,0.25138396844267846,0.2677185133099556,0.27456571310758593,0.29333080947399137,0.2952656790614128,0.30433185696601867,0.3250750586390495,0.3254235178232193,0.3392317593097687,0.3579531297087669,0.35262397974729537,0.366392220556736,0.37437578439712527,0.3853248178958893,0.4150623887777328,0.405678591132164,0.41318604350090027,0.42483430206775663,0.4383370757102966,0.44647560864686964,0.45232719033956525,0.4675776049494743,0.4747877731919289,0.48666209280490874,0.49807887226343156,0.5085599064826966,0.5234383344650269,0.5338315904140473,0.5505731403827667,0.5812084555625916
t_45,1.3698904633522033,1.372677594423294,1.373037075996399,1.3703737199306487,1.3682875096797944,1.369190400838852,1.36450452208519,1.362841385602951,1.3611627280712129,1.3606581389904022,1.3551028311252593,1.3549264550209046,1.3544966876506805,1.3531079411506652,1.3512582540512086,1.3456304669380188,1.3443503260612488,1.3426313161849976,1.3422716736793519,1.338618928194046,1.3345930933952332,1.334943550825119,1.3318701267242432,1.3268309593200684,1.3258861958980561,1.325196200609207,1.3219471335411073,1.3185865938663484,1.3167742252349854,1.3144981622695924,1.3102491557598115,1.309431779384613,1.3056657016277313,1.3005505859851838,1.2974162757396699,1.2947371363639832,1.2945635437965393,1.2905632734298706,1.2869640231132506,1.2836786210536957,1.2813120245933534,1.2792527854442597,1.2739546656608582,1.2700831294059753,1.259857839345932,1.266159999370575,1.2613596141338348,1.2571354687213898,1.25038400888443,1.2461255669593811,1.2435516476631165,1.2384414672851562,1.230599045753479,1.228144145011902,1.2232148766517639,1.2142509341239929,1.2075014412403107,1.2023677229881287,1.2033573031425475,1.1969651520252227,1.1862203478813171,1.1810170888900757,1.1764127671718598,1.1699076175689698,1.1664547324180603,1.1557461678981782,1.1504483997821808,1.1431579351425172,1.1357108294963836,1.126679652929306,1.1253979742527007,1.1154358506202697,1.1012913405895233,1.1045018017292023,1.0921629309654235,1.0900159120559691,1.0802358508110046,1.0743431746959686,1.056349229812622,1.0556122839450837,1.0486331701278686,1.0388274312019348,1.0293624877929688,1.0131814897060394,1.0086494982242584,0.9991651624441147,0.9954292714595795,0.9855043917894364,0.974490475654602,0.9649578273296356,0.9538899093866349,0.9432694226503372,0.9246461778879166,0.9236943036317825,0.9082661718130112,0.8918412536382675,0.8872404336929322,0.8703997671604157,0.8625833451747894,0.8530758589506149,0.842112559080124,0.825820928812027,0.8114448845386505,0.7939349353313446,0.7832051515579224,0.7724654734134674,0.7624755501747131,0.7429210782051087,0.7368467956781387,0.7249939352273941,0.710721218585968,0.6948365896940232,0.6793732017278671,0.6684143513441085,0.6516399413347245,0.6354162156581878,0.6239168226718903,0.6047649383544922,0.5920138567686081,0.5726500660181045,0.5506121695041657,0.547402349114418,0.5296610116958618,0.5102081686258316,0.49704974740743635,0.4784709200263023,0.4635900154709816,0.44912961721420286,0.4333734065294266,0.4217105731368065,0.4003879278898239,0.3870688110589981,0.37281753271818163,0.35294453650712965,0.33873613327741625,0.3197427049279213,0.3063933849334717,0.2908563494682312,0.27305511236190794,0.2607425659894943,0.24446372389793397,0.22676012814044952,0.2131621092557907,0.20209743455052376,0.18800747618079186,0.1756556361913681,0.15992748439311982,0.14824916571378707,0.13792115822434425,0.12533718086779116,0.12096484526991844,0.10958587676286698,0.1096922941505909,0.09825079739093781,0.0,0.10582303442060947,0.10594275444746018,0.11062159202992916,0.12411822229623795,0.13066751062870025,0.13548753261566163,0.14306142851710318,0.1530558481812477,0.17978412210941314,0.17872671261429787,0.18273018747568132,0.20522200763225557,0.21178682446479796,0.22072728946805,0.23098752200603484,0.2397852845489979,0.2561904460191727,0.263354617357254,0.28133619725704195,0.28397822231054304,0.29279718101024627,0.31337267756462095,0.314103989303112,0.32795577496290207,0.3469748064875603,0.3411113068461418,0.3557872101664543,0.36375937461853025,0.3745568886399269,0.4044632866978645,0.3947697147727013,0.4028023064136505,0.41479408740997314,0.4281423807144165,0.43633861243724825,0.44219541251659394,0.458243353664875,0.46583778560161593,0.477578604221344,0.48943168222904204,0.500099265575409,0.5152279913425446,0.525651016831398,0.5426543951034546,0.5742677301168442
t_44,1.3699331343173982,1.3727690041065217,1.3731181025505066,1.3704806983470916,1.3683841526508331,1.3693371176719666,1.3646638572216034,1.363026601076126,1.3613933980464936,1.3609031558036804,1.355356901884079,1.3552095472812653,1.3547899961471557,1.3534465491771699,1.351616883277893,1.3460179686546325,1.3447657823562622,1.3430866301059723,1.342752569913864,1.339138388633728,1.3351454854011535,1.3355105340480804,1.3324631214141847,1.3274668753147125,1.3265424966812134,1.325879657268524,1.3226705312728881,1.3193248450756072,1.3175640642642974,1.3152871429920197,1.3110880494117736,1.3102733492851257,1.3065806746482849,1.3014450073242188,1.2983641803264618,1.2956867873668672,1.2955153703689575,1.2915353000164032,1.287942123413086,1.2847275912761689,1.282355010509491,1.2803183317184448,1.2750832736492157,1.2712008595466613,1.2609935402870178,1.2673454463481904,1.262584352493286,1.2583702325820922,1.2516678988933563,1.2474289417266846,1.2448871552944183,1.2398378431797028,1.2320300698280335,1.2296598315238954,1.2247490763664246,1.215828889608383,1.209095799922943,1.2040918827056886,1.2051931381225587,1.1987548351287842,1.1881167531013488,1.1829512596130372,1.1784703075885772,1.171996885538101,1.1685921669006347,1.1580190658569336,1.1528418898582458,1.145500475168228,1.1381877720355988,1.1291550815105438,1.1279970943927764,1.1181057333946227,1.1041630566120149,1.1074680864810944,1.0951629161834717,1.0931186556816102,1.083427119255066,1.0775997459888458,1.0596333980560302,1.059172761440277,1.052285647392273,1.042781162261963,1.0332774341106414,1.0172972083091736,1.0128720611333848,1.0033144414424897,1.0000488489866257,0.9900772571563721,0.9792930364608765,0.9696677833795547,0.9590817362070083,0.9482600390911102,0.9295419722795486,0.929433473944664,0.9136902511119842,0.8971012979745865,0.8928701728582382,0.8759586751461029,0.8686043441295623,0.8593315631151199,0.84886834025383,0.8321762084960938,0.8179320722818375,0.8008938491344452,0.7903185158967971,0.7795624226331711,0.7695825278759003,0.7497757375240326,0.7443238854408264,0.7328862518072128,0.7193512439727783,0.7032183945178986,0.6884871304035187,0.6770362317562103,0.6606622129678726,0.6448101758956909,0.6331813246011734,0.6139889568090439,0.601459801197052,0.5827636867761612,0.5591188788414001,0.5575006097555161,0.5408345401287079,0.5203605622053147,0.5076187968254089,0.4888697013258934,0.475980107486248,0.46186133921146394,0.44549048095941546,0.43406948149204255,0.4116660267114639,0.39993784874677657,0.3848831683397293,0.3649718418717384,0.35089949518442154,0.3315384492278099,0.3189731612801552,0.3031403928995132,0.28715607672929766,0.2727268487215042,0.2569693706929684,0.23824940994381905,0.22320245578885078,0.213057591766119,0.20058208405971528,0.18690802156925201,0.17218416184186935,0.1558724522590637,0.14634324684739114,0.1402051992714405,0.12239069268107414,0.1180972583591938,0.10540045835077763,0.10676616728305817,0.10582303442060947,0.0,0.09541405774652958,0.10101115256547928,0.10549037046730518,0.11339918784797191,0.1215614777058363,0.12855832278728485,0.1367016039788723,0.16183375492691993,0.16140736266970634,0.17000238001346588,0.1891447626054287,0.19435846731066703,0.2044358067214489,0.21449048742651938,0.22469474375247955,0.2401949495077133,0.24810487255454064,0.2656397417187691,0.26773558706045153,0.2782685935497284,0.2972196340560913,0.2992327928543091,0.31205888092517853,0.33046984821558,0.32830830216407775,0.34100400358438493,0.3497414723038673,0.3608855038881302,0.3895318448543549,0.3820222169160843,0.38941848278045654,0.4016345709562302,0.41523597091436387,0.42368827015161514,0.4308603495359421,0.44514349699020384,0.4530025765299797,0.4652858003973961,0.4770413890480995,0.48792117834091187,0.503016009926796,0.5145891711115838,0.532165864109993,0.562682381272316
t_43,1.3711942851543426,1.37402400970459,1.3743708670139312,1.3717324793338777,1.369653570652008,1.3705913066864013,1.3659444808959962,1.3643026232719422,1.3626744210720063,1.3621777534484862,1.356665027141571,1.3565088570117951,1.3560791790485383,1.3547452926635741,1.352906185388565,1.3473298132419587,1.3460766077041626,1.3444119930267333,1.344062477350235,1.3404654741287232,1.3364833354949952,1.3368411183357238,1.3338096737861633,1.3288243591785431,1.327911639213562,1.32725071310997,1.3240513324737548,1.3207260012626647,1.3189738512039184,1.3167262971401215,1.3125361561775208,1.3117497563362122,1.3080578029155732,1.3029536426067352,1.2998917758464814,1.2972442924976348,1.2970908164978028,1.2931507527828217,1.289582407474518,1.2863745987415314,1.2840275049209595,1.2820173025131225,1.2767964422702789,1.2729450285434722,1.2627981841564178,1.2691411912441253,1.2644297301769256,1.2602548718452453,1.2536011815071106,1.2493962228298188,1.246878045797348,1.24187490940094,1.2341057538986206,1.2317560493946076,1.2268950700759889,1.2180366277694703,1.2113528430461884,1.2063521504402162,1.207469630241394,1.2011148035526276,1.1905211925506591,1.1854125678539276,1.1809546232223511,1.17453271150589,1.171179074048996,1.1606403529644012,1.1555199146270752,1.1482631385326385,1.1409725069999694,1.1320212423801421,1.1308943212032319,1.1210837721824647,1.1071489870548248,1.110494041442871,1.0982782900333405,1.0962749421596527,1.0866612672805787,1.080912286043167,1.0630418717861176,1.0625934660434724,1.0557692170143127,1.0462887465953827,1.036920416355133,1.0209975838661194,1.0166455626487731,1.007210186123848,1.0039453148841857,0.9940895110368728,0.9833733379840851,0.9739301294088364,0.9633437126874924,0.9526986628770828,0.9341496437788009,0.9339634418487549,0.9184542566537857,0.9020335584878921,0.8978481888771057,0.8810670405626297,0.8738284051418305,0.8646453946828843,0.8541453093290329,0.8377668142318726,0.823678869009018,0.8066940039396286,0.7962197691202164,0.7857129484415054,0.7758847832679748,0.756316214799881,0.7508547127246856,0.7395295202732086,0.725999915599823,0.7101940870285034,0.6953787535429001,0.6843788713216782,0.6681090623140336,0.6523759245872498,0.6410227745771409,0.622118866443634,0.6096669048070907,0.5911563605070114,0.567928695678711,0.5661953121423722,0.5495680838823318,0.5296633064746856,0.5170377194881439,0.49857726842164996,0.4853829011321068,0.471284119784832,0.4553708776831627,0.44412233531475065,0.4222759515047073,0.41033314168453217,0.39558464735746385,0.3761089399456978,0.36198528558015824,0.3426705181598663,0.3305465906858444,0.31452987641096114,0.29849276393651963,0.2844242796301842,0.2685681775212288,0.2507843032479286,0.23527550473809242,0.22459954842925073,0.21128048077225686,0.19810741916298866,0.181947660446167,0.1675432838499546,0.15862603560090066,0.14734711349010468,0.1327042795717716,0.12408157549798489,0.11569146439433098,0.11101514771580696,0.10594275444746018,0.09541405774652958,0.0,0.09625903293490409,0.10143529586493968,0.1090850867331028,0.11036858670413494,0.11858729273080826,0.12538800127804278,0.1529940366744995,0.15051075890660287,0.1576516732573509,0.17819770723581313,0.1837461769580841,0.1929941788315773,0.2029392182826996,0.21210578829050064,0.22819867953658104,0.23619932383298875,0.253657541424036,0.25573867857456206,0.2660259574651718,0.2862566187977791,0.28781438171863555,0.3008981138467789,0.3196396231651306,0.3162348046898842,0.32995622158050536,0.3384674847126007,0.3497694760560989,0.3791873276233673,0.3710168287158012,0.3787471100687981,0.39105936884880066,0.40476352274417876,0.41339520215988157,0.4203751593828201,0.43541623651981354,0.44330994635820387,0.4558894008398056,0.4678752049803734,0.47917641401290895,0.4944257825613022,0.5061151951551437,0.5240501821041107,0.5555545032024384
t_42,1.370744091272354,1.3735785901546478,1.3739121496677398,1.3712935090065002,1.3692208051681518,1.3701628863811492,1.3655369222164153,1.3639165699481963,1.3622966885566712,1.361812424659729,1.3563304245471954,1.356177133321762,1.3557497024536134,1.3544263601303101,1.3526073336601256,1.3470761895179748,1.3458412408828735,1.3441900849342345,1.343856531381607,1.340271681547165,1.3363358974456787,1.3366940319538116,1.33368479013443,1.328746145963669,1.3278514444828033,1.327196377515793,1.3240140974521637,1.3207276999950408,1.3189870476722718,1.316754150390625,1.3125893354415894,1.3118219256401062,1.3081595480442048,1.303107464313507,1.3000658571720123,1.2974521338939666,1.297293448448181,1.2933791756629944,1.289842462539673,1.2866592586040497,1.2843357145786285,1.2823458790779114,1.2771699190139771,1.2733569681644439,1.263305115699768,1.2695724070072174,1.2648831903934479,1.2607431709766388,1.254148894548416,1.249974799156189,1.2474696636199951,1.242493599653244,1.234828621149063,1.2324734330177307,1.227644693851471,1.2188908874988555,1.2122803390026093,1.20732524394989,1.2083855748176575,1.202069526910782,1.1916121006011964,1.186534547805786,1.1820985615253448,1.1757380843162537,1.1723915755748748,1.161989438533783,1.1568754732608795,1.1496880054473877,1.1424853026866912,1.133643525838852,1.1324506521224975,1.1227384090423584,1.109018576145172,1.112203335762024,1.1001537621021271,1.0981120109558105,1.0885951519012451,1.0828685760498047,1.0653204202651978,1.0647454261779785,1.0579753339290618,1.0485689342021942,1.039316898584366,1.0236566305160522,1.0192766785621643,1.0100002586841583,1.006615224480629,0.9968758136034012,0.9862920135259629,0.9769350558519363,0.9664369225502014,0.9559725999832154,0.9378012776374817,0.93732770383358,0.9221334964036941,0.9061029762029648,0.9017104953527451,0.8853436291217804,0.8779752373695373,0.8688434392213822,0.858467185497284,0.8423839986324311,0.8285172253847122,0.811844190955162,0.8014855116605759,0.7909802228212357,0.7812070608139038,0.7621508479118347,0.7564225137233734,0.7451318711042404,0.7317806720733643,0.716154831647873,0.7016878634691238,0.6906418919563293,0.6746654033660888,0.6591368466615677,0.6478554040193558,0.6292850106954575,0.6169169068336486,0.5986463636159897,0.5767453163862228,0.5739669948816299,0.5575134128332138,0.5381255745887756,0.5254344075918198,0.5075446754693985,0.49437258541584017,0.48044291585683824,0.46468093395233157,0.4532313644886017,0.43191615045070647,0.419941221177578,0.4053733989596367,0.3863943174481392,0.37220736443996427,0.354014952480793,0.34055289179086684,0.32512939125299456,0.3093398228287697,0.2947749808430672,0.2797540858387947,0.26197261810302735,0.24775149375200273,0.2359723664820194,0.22259311005473137,0.2087200552225113,0.19237557351589202,0.17842818275094033,0.16809812188148499,0.15628834888339044,0.14364416673779487,0.13393747061491013,0.12340715713799,0.11616716906428337,0.11062159202992916,0.10101115256547928,0.09625903293490409,0.0,0.10162720941007138,0.10471893586218357,0.1043914470821619,0.11266406364738941,0.11725906282663345,0.14551627188920974,0.14306502938270568,0.147263565659523,0.1702332988381386,0.1738259233534336,0.18315015211701394,0.19265588223934174,0.2018030546605587,0.2180872716009617,0.22525864988565444,0.24389707371592523,0.24529660493135452,0.2548643559217453,0.2764162361621857,0.2768548458814621,0.29048210233449934,0.3106545016169548,0.3053084507584572,0.3193464294075966,0.32792059481143954,0.33945870250463483,0.37086075693368914,0.3611635446548462,0.36870998293161394,0.381132610142231,0.3955426588654518,0.404251666367054,0.4109735980629921,0.42642325907945633,0.4343723177909851,0.4471199780702591,0.45933750420808794,0.47071426212787626,0.48657214641571045,0.49825458973646164,0.5164140939712525,0.5490780860185623
t_41,1.374035656452179,1.3769344508647918,1.3772680461406708,1.3746358692646026,1.3725541174411773,1.3735215961933136,1.3688869953155518,1.3672840178012848,1.3657076418399812,1.3652358412742616,1.359710943698883,1.3596232652664184,1.3591968715190887,1.3579190969467163,1.356087040901184,1.350538980960846,1.3493198692798614,1.3477206647396087,1.347423356771469,1.3438447535037994,1.3399087011814117,1.340296059846878,1.33730309009552,1.3323615431785583,1.3315134227275849,1.3308781206607818,1.3277240514755249,1.3244398832321167,1.3227330327033997,1.3205171763896941,1.3163896441459655,1.3156286835670472,1.312000924348831,1.3069041669368744,1.303923374414444,1.3013291716575623,1.3012106716632843,1.2973357915878296,1.293791002035141,1.290660458803177,1.2883509159088136,1.2864246666431427,1.2812724232673645,1.2774364411830903,1.2672866940498353,1.273792576789856,1.269149023294449,1.2650113701820374,1.2584278404712677,1.2542746007442473,1.2518549382686615,1.246936982870102,1.2392265021800994,1.2369873046875,1.2322323381900788,1.2234351813793183,1.216815823316574,1.2119302809238435,1.2132788121700286,1.2069844126701355,1.1965006709098815,1.1914685010910033,1.1871465682983398,1.1808647990226746,1.177697193622589,1.16725395321846,1.162255847454071,1.1550984025001525,1.1478998005390166,1.139024794101715,1.138148808479309,1.128482848405838,1.1145447134971618,1.1182446300983429,1.106139749288559,1.1043871104717256,1.0948796689510345,1.0894035160541535,1.0714538753032685,1.0714078307151795,1.0647562384605407,1.0555019676685333,1.046355777978897,1.0304560482501983,1.026360946893692,1.0169969886541366,1.0143261849880219,1.0045307159423829,0.9941228985786438,0.9848867118358612,0.9745535045862198,0.9640786498785019,0.9453334599733353,0.9459356963634491,0.9304467648267746,0.9139015227556229,0.9103358298540115,0.8935310512781143,0.886874595284462,0.8781775295734405,0.8681105673313141,0.8516921132802964,0.8377203971147538,0.8209037870168686,0.8107752174139022,0.800701916217804,0.7912488788366318,0.771386194229126,0.7668309867382049,0.7561099380254745,0.7429171234369278,0.7274955362081528,0.7128673732280731,0.7024305373430252,0.6864037334918975,0.6711350381374359,0.6603438675403595,0.6415323197841645,0.6295873850584031,0.611256143450737,0.5867498070001602,0.5871796399354935,0.5710863709449768,0.5508722960948944,0.5391914904117584,0.5203711777925492,0.5081377252936363,0.49449128955602645,0.4789839625358582,0.46843262314796447,0.446110737323761,0.4349602431058884,0.42074309289455414,0.40109894424676895,0.387374447286129,0.36687199473381044,0.35650006830692293,0.3414906606078148,0.32487388849258425,0.3109285533428192,0.29581222385168077,0.27640463709831237,0.26119226813316343,0.2517952539026737,0.23847459480166436,0.22515616044402123,0.2092180557549,0.19415753856301307,0.182801104336977,0.17444416880607605,0.15734286680817605,0.14979264214634896,0.129978696256876,0.12861849851906298,0.12411822229623795,0.10549037046730518,0.10143529586493968,0.10162720941007138,0.0,0.09545657820999623,0.10372104980051518,0.10739192366600037,0.10976009406149387,0.12687071673572065,0.1288344919681549,0.13704491630196572,0.15023981481790544,0.15745191350579263,0.16705018654465675,0.178432634472847,0.1896705836057663,0.20189288705587388,0.2095943011343479,0.22575750201940536,0.2308730110526085,0.24141852259635926,0.2587136387825012,0.2638514325022697,0.27583213001489637,0.29242128878831863,0.29261925369501113,0.3063280627131462,0.3150153115391731,0.32595374137163163,0.3530293270945549,0.3477295383810997,0.35608032494783404,0.3687233731150627,0.3817472875118256,0.39151354879140854,0.39944746494293215,0.41355273872613907,0.4225619062781334,0.4352233424782753,0.4474715903401375,0.4598727822303772,0.4752012178301811,0.48806842267513273,0.5066287577152252,0.5381762564182282
t_40,1.3739003479480743,1.3767892003059388,1.3771181046962737,1.3744950950145722,1.372426438331604,1.3733946859836579,1.3687738239765168,1.367182445526123,1.3656128168106079,1.3651392102241515,1.359630638360977,1.3595375001430512,1.3591193556785583,1.357845550775528,1.3560122191905974,1.3504936754703523,1.3492824733257294,1.347693967819214,1.347384089231491,1.3438289642333985,1.339901828765869,1.340290015935898,1.337322610616684,1.3323929846286773,1.331545889377594,1.3309200763702393,1.3277650117874145,1.3245070099830627,1.3228124737739564,1.3206118166446685,1.3164946556091308,1.3157476782798767,1.3121275365352632,1.3070583820343018,1.3040894210338592,1.301503324508667,1.3013902008533478,1.2975296199321746,1.2940089046955108,1.2908774316310883,1.2885910630226136,1.2866666972637177,1.2815301895141602,1.277722668647766,1.267645239830017,1.274104243516922,1.269482582807541,1.2653908669948577,1.2588496565818788,1.2547040700912475,1.2523109376430512,1.2474252045154572,1.239769345521927,1.2375384747982026,1.2328265011310577,1.2240800082683563,1.2175070643424988,1.2126602530479431,1.213979834318161,1.2077571332454682,1.197325599193573,1.1923437476158143,1.188052523136139,1.181804072856903,1.1786589920520782,1.1682864010334015,1.1633241653442383,1.1562468230724334,1.1491055965423584,1.1403072655200959,1.1394280433654784,1.1298340678215026,1.1160457849502563,1.119661819934845,1.107658314704895,1.1059178054332732,1.0965119361877442,1.0910413444042206,1.073308563232422,1.0732153534889222,1.0666467905044557,1.0574700295925141,1.0483770966529846,1.0326895475387574,1.028613519668579,1.0193728864192964,1.0166560530662536,1.0070096731185914,0.9966705411672592,0.9875066488981247,0.977305656671524,0.9669210702180863,0.9485048025846481,0.9490157485008239,0.9337147444486618,0.9174055933952332,0.9138634711503982,0.8972674489021302,0.8906555891036987,0.8819885909557342,0.8720019578933715,0.8558300405740737,0.842082342505455,0.8255167216062546,0.8154542803764343,0.8054940789937973,0.7961414456367493,0.776723250746727,0.7721147239208221,0.7613987416028977,0.7484458357095718,0.733180695772171,0.718896108865738,0.7084093302488327,0.6926336914300919,0.6775504320859909,0.6667876660823822,0.6483464360237121,0.6366182535886764,0.6185963451862335,0.5947598457336426,0.5948040932416916,0.5788708925247192,0.5591128528118133,0.5474174618721008,0.5291700482368469,0.5168010264635086,0.5034831568598748,0.488066466152668,0.4774590790271759,0.45575436055660246,0.4446019038558006,0.43025175034999846,0.41113257557153704,0.3977382332086563,0.3780460298061371,0.36707218885421755,0.3517323911190033,0.3355848029255867,0.3220484331250191,0.3068293407559395,0.2876972571015358,0.27284510284662244,0.2632769003510475,0.24933005645871162,0.23636313527822495,0.22048033997416497,0.20518806502223014,0.19356471225619315,0.18364886343479156,0.1678752027451992,0.15935746282339097,0.14093776494264604,0.13698696419596673,0.13066751062870025,0.11339918784797191,0.1090850867331028,0.10471893586218357,0.09545657820999623,0.0,0.09920160546898842,0.10507864430546761,0.10672126114368438,0.12110705822706222,0.12067575752735138,0.1258742943406105,0.14265116453170776,0.14621153771877288,0.15667977929115295,0.16686495244503022,0.17851366326212884,0.19156782552599907,0.1981176517903805,0.21521928012371064,0.2190498746931553,0.22961764186620712,0.2478416569530964,0.2517975986003876,0.26405682861804963,0.2821196734905243,0.28123149275779724,0.294651010632515,0.3035650819540024,0.3149928331375122,0.3432044699788094,0.3369604706764221,0.3454957202076912,0.3582787558436394,0.37174193412065504,0.38103924691677094,0.3892974406480789,0.40386918038129804,0.4128442510962486,0.4257851645350456,0.43855261504650117,0.4506780132651329,0.4665370985865593,0.47958965301513673,0.4986137136816978,0.5310174793004989
t_39,1.3731543958187102,1.3760266780853272,1.3763532161712646,1.3737450778484344,1.3716894388198853,1.3726404309272766,1.3680351734161378,1.3664498031139374,1.3648758947849273,1.3644104957580567,1.3589393496513367,1.3588430404663085,1.3584209620952605,1.357142198085785,1.3553260922431947,1.3498366713523864,1.3486417174339294,1.3470445990562439,1.3467373907566071,1.3431942641735077,1.3392971813678742,1.3396727323532105,1.3367043733596802,1.331806367635727,1.3309522986412048,1.3303163707256318,1.3271717071533202,1.3239443898200989,1.322253954410553,1.3200586140155792,1.3159582197666169,1.3152319490909576,1.3116128623485566,1.3065998017787934,1.3036214232444763,1.3010806500911714,1.3009544134140014,1.297117418050766,1.2936299204826356,1.2905112326145172,1.2882498323917388,1.2863282442092896,1.2812400996685027,1.2774637281894683,1.2674931466579438,1.273853886127472,1.2692568242549895,1.2651951134204864,1.2587134122848511,1.2546140730381012,1.2522227883338928,1.2473613142967224,1.2397711336612702,1.2375418066978454,1.2328440964221954,1.2241996467113494,1.2177066206932068,1.2128742575645446,1.214077389240265,1.2079496204853057,1.1976226687431335,1.1926894187927246,1.1884033918380736,1.1822160243988038,1.1790492296218873,1.1687638342380524,1.1638460040092469,1.1568319916725158,1.1497653901576996,1.141065627336502,1.1400947213172912,1.1305996239185334,1.1170043051242828,1.1204310834407807,1.1085347831249237,1.1067576706409454,1.0974432051181793,1.091933047771454,1.0745315313339234,1.074246698617935,1.0677131772041322,1.0585946917533875,1.0495777308940888,1.0341098010540009,1.0300061285495759,1.0209183037281035,1.017961996793747,1.0084957540035249,0.9982076942920685,0.9891453385353088,0.9789965093135834,0.9687045812606812,0.950761741399765,0.9508860379457473,0.9359296679496765,0.9199970036745071,0.916179096698761,0.8999940693378449,0.8932476311922073,0.8845180898904801,0.8744912922382355,0.8587275713682174,0.8452827751636505,0.8289816796779632,0.8189549624919892,0.8090091347694397,0.7996497839689255,0.7808877110481263,0.7758867979049683,0.765220683813095,0.7524039536714554,0.7372318506240845,0.7231989741325379,0.7126555114984512,0.697287705540657,0.6822205185890198,0.6714377254247665,0.6534404814243316,0.6416368275880814,0.6241851776838303,0.6015181243419647,0.6002884805202484,0.5846868753433228,0.5655366808176041,0.5535459965467453,0.5360272020101547,0.5236908793449402,0.5102750450372696,0.4950765535235405,0.4843522638082504,0.4632916018366814,0.4521252021193504,0.43788446933031083,0.4194068774580956,0.4058534398674965,0.3873759999871254,0.37572652846574783,0.36011043190956116,0.34446497112512586,0.3307702347636223,0.31565428525209427,0.2979126363992691,0.28295215517282485,0.27198428362607957,0.2586216121912003,0.2449240505695343,0.22852275967597963,0.2143547862768173,0.20345215424895285,0.19196207150816919,0.17619351893663407,0.16555345728993415,0.1515648730099201,0.1453997500240803,0.13548753261566163,0.1215614777058363,0.11036858670413494,0.1043914470821619,0.10372104980051518,0.09920160546898842,0.0,0.09419553130865096,0.09821297861635685,0.11910892389714718,0.11319618113338947,0.11891319267451764,0.13883448913693427,0.13936480656266212,0.14916308596730232,0.15661299005150794,0.16717831715941428,0.18211972266435622,0.189767075330019,0.20693003833293916,0.2081761546432972,0.2184438943862915,0.2395930401980877,0.24082572907209396,0.25388116091489793,0.27371361255645754,0.27028436958789825,0.2842934563755989,0.2932977735996246,0.30495773404836657,0.3358530685305595,0.3270977720618248,0.3350465133786201,0.3481034323573112,0.36254113018512724,0.371656334400177,0.3795432835817337,0.39493137001991274,0.4036687955260277,0.41715504676103593,0.42978168576955794,0.44211397767066957,0.458504481613636,0.4713167667388916,0.4907111659646034,0.5245011448860168
t_38,1.372989195585251,1.375854378938675,1.376182734966278,1.3735922574996948,1.3715460777282715,1.3724908173084258,1.3679139614105225,1.3663463771343232,1.364776849746704,1.3643144428730012,1.358873224258423,1.358784943819046,1.3583634316921234,1.3570924639701842,1.3552857756614685,1.3498289704322814,1.348638653755188,1.3470629930496216,1.3467639803886413,1.3432451844215394,1.3393656969070435,1.3397424042224884,1.3368066906929017,1.3319496929645538,1.331111228466034,1.3304905414581298,1.327363795042038,1.3241632521152495,1.3224868774414062,1.3203074872493743,1.3162428200244904,1.3155187964439392,1.311922436952591,1.3069487810134888,1.303988754749298,1.3014626562595368,1.3013351082801818,1.2975195467472076,1.2940559029579162,1.2909580707550048,1.2887020587921143,1.2867919147014617,1.2817313492298126,1.2779784739017486,1.2681037127971648,1.27439945936203,1.2698297917842865,1.2657921612262726,1.259332501888275,1.2552728831768036,1.2528817415237428,1.2480493068695069,1.2405409395694733,1.2383272349834442,1.2336455762386322,1.2250692307949067,1.2186341106891632,1.2138473272323609,1.214994990825653,1.208916223049164,1.198673677444458,1.1937700748443603,1.1895054399967193,1.1833674907684326,1.1802229940891267,1.1700132608413696,1.1651148319244384,1.1581759691238402,1.1511775255203247,1.1425578117370605,1.1415434777736664,1.1321369051933288,1.1187187254428863,1.1220101416110992,1.1102563202381135,1.1084475636482238,1.0992132902145386,1.093703418970108,1.0765841364860536,1.0761714220046996,1.069700938463211,1.060666823387146,1.051701420545578,1.036461454629898,1.0323489487171174,1.0233832895755768,1.0203444361686707,1.0110171496868134,1.000825935602188,0.991857397556305,0.9817774802446365,0.971600079536438,0.9540291756391526,0.9539469450712204,0.9392208635807038,0.923619619011879,0.9196700394153595,0.9037913620471955,0.8969942778348923,0.8882612019777298,0.878375244140625,0.8628339231014251,0.8495941787958146,0.8335874497890472,0.8236433118581772,0.813728591799736,0.8044413685798645,0.786149001121521,0.7809889554977417,0.7703871130943298,0.7577356845140457,0.7426799923181534,0.7290029227733612,0.7183473169803619,0.7033108800649643,0.6884179651737213,0.6775954335927963,0.6599761694669724,0.6482695549726486,0.6311749815940857,0.6093590050935745,0.6073585718870163,0.5920700401067733,0.5732962012290954,0.561267203092575,0.5442427426576615,0.5320048868656159,0.5187770098447799,0.5034472584724426,0.49275419265031817,0.4720289081335068,0.4610475718975067,0.4467978060245514,0.4287942603230476,0.4153238832950592,0.3975499391555786,0.38553972393274305,0.37002533972263335,0.3547517254948616,0.34081146866083145,0.3257522895932198,0.308283568918705,0.29369641542434693,0.2822198286652565,0.2692753031849861,0.2551534861326218,0.2399501234292984,0.22465653344988823,0.21408001258969306,0.20341411083936692,0.18606385216116905,0.17502041533589363,0.16203494369983673,0.15386917740106582,0.14306142851710318,0.12855832278728485,0.11858729273080826,0.11266406364738941,0.10739192366600037,0.10507864430546761,0.09419553130865096,0.0,0.09495162144303322,0.11974550262093545,0.10809717662632465,0.1137876719236374,0.13366946801543236,0.13310518115758896,0.14005096182227134,0.14798768609762192,0.157204981893301,0.17251379340887069,0.18124376535415648,0.19917823746800423,0.19906040132045746,0.20918600112199784,0.23107346296310424,0.2311357319355011,0.2448202282190323,0.2651305764913559,0.2609862521290779,0.2746989503502846,0.2833686113357544,0.2957677900791168,0.3279145807027817,0.31804541647434237,0.32574885338544846,0.33897661715745925,0.3539006844162941,0.3628621831536293,0.3707058861851692,0.3864260882139206,0.3953990310430527,0.40888582170009613,0.4217327326536179,0.43423098772764207,0.45110203325748444,0.46408027708530425,0.4836639776825905,0.5182298511266709
t_37,1.374455213546753,1.377333217859268,1.377643609046936,1.3750564813613892,1.3730220377445221,1.3739725828170777,1.3694131910800933,1.3678479194641113,1.3662992417812347,1.365839421749115,1.3604080259799958,1.3603313326835633,1.3599082231521606,1.3586509346961975,1.3568502426147462,1.3514140129089356,1.3502366602420808,1.3486751854419707,1.3483780086040498,1.3448773801326752,1.3410167038440703,1.3414001405239104,1.3384754359722137,1.3336308002471924,1.3328121781349183,1.332193523645401,1.3290877521038056,1.3258902728557587,1.3242225527763367,1.3220552384853363,1.3180075585842133,1.3172843039035798,1.3137060403823853,1.3087467670440673,1.3058244585990906,1.3033037424087524,1.3031970322132111,1.2994042932987213,1.2959548354148864,1.2928691387176514,1.2906378507614136,1.2887630939483643,1.2837071597576142,1.2799724400043488,1.2701218903064728,1.2764326751232147,1.2718931496143342,1.2678679823875427,1.261457186937332,1.2574076414108277,1.2550545513629914,1.2502476572990417,1.2427581548690796,1.2405654311180114,1.2359318256378173,1.2273941397666932,1.220976287126541,1.2162241756916046,1.2174388766288757,1.2113648414611817,1.2011815547943114,1.1962995767593383,1.1920785903930664,1.1859721124172211,1.1828753173351287,1.1727424263954163,1.1678673505783081,1.160960179567337,1.1540107429027557,1.1454346776008606,1.144468903541565,1.135118317604065,1.1217206478118897,1.1251151978969574,1.1134482204914093,1.1116570949554443,1.1024710893630982,1.0970840096473693,1.0799397468566894,1.0796744704246521,1.0732186496257783,1.0642532408237457,1.0554008960723877,1.0401917338371276,1.0361660599708558,1.0272344648838043,1.0243369579315185,1.0149962782859803,1.004901146888733,0.9960037291049957,0.9860166251659394,0.9759925603866577,0.9583462625741959,0.9584210574626922,0.9437310993671417,0.9281467914581298,0.9243514895439148,0.908502459526062,0.9018711119890213,0.8933139085769654,0.8835319817066193,0.8680517792701721,0.8548358649015426,0.8389301270246505,0.8291416436433792,0.8193615198135376,0.8101671129465103,0.7917622625827789,0.7867510348558426,0.7763084471225739,0.7637194991111755,0.7489462554454803,0.7351888060569763,0.7248595654964447,0.7098384171724319,0.6951677441596985,0.6846034795045852,0.6670384705066681,0.6553931832313538,0.638248497247696,0.6165306866168976,0.6149250417947769,0.5997491180896759,0.5811304450035095,0.5693558186292649,0.5522028684616089,0.5402624070644378,0.5270037204027176,0.5121810629963874,0.5015410676598548,0.48105907440185547,0.4701236948370934,0.45621312260627744,0.4381334289908409,0.4246728837490082,0.4066077068448067,0.3948509991168976,0.37997170239686967,0.3647245541214943,0.35074802190065385,0.3359825789928436,0.3184065893292427,0.3042072519659996,0.2928488180041313,0.2798639595508575,0.2659735009074211,0.25037566795945165,0.23512289747595788,0.22440426871180535,0.2129882827401161,0.19720715135335923,0.1858700208365917,0.17062530368566514,0.1626564860343933,0.1530558481812477,0.1367016039788723,0.12538800127804278,0.11725906282663345,0.10976009406149387,0.10672126114368438,0.09821297861635685,0.09495162144303322,0.0,0.11564185097813606,0.10315100848674774,0.10664942003786564,0.12396616712212563,0.1258828215301037,0.1313912883400917,0.1398683674633503,0.14846218675374984,0.16229578778147696,0.1697116456925869,0.18826936706900596,0.18802228346467018,0.19796292185783387,0.21976217925548552,0.22056980282068253,0.23408403843641282,0.2542111203074455,0.2494906395673752,0.2639909967780113,0.2727562516927719,0.284663000702858,0.3173572406172752,0.3075566440820694,0.3153036296367645,0.328860279917717,0.3436772286891937,0.3532919779419899,0.3609730377793312,0.3766693875193596,0.3857543244957924,0.39950270652770997,0.41247572749853134,0.4252740442752838,0.44232495576143266,0.4556578904390335,0.475599405169487,0.5108549252152443
t_36,1.3800545513629914,1.3830494344234467,1.383356076478958,1.380729329586029,1.3786579370498657,1.379676240682602,1.3750680983066559,1.3735252737998962,1.3720419883728028,1.3715947091579437,1.3660783469676971,1.3660855293273926,1.365672904253006,1.3644869923591614,1.3626451730728149,1.3571640789508819,1.3560323536396026,1.3545448184013367,1.354299783706665,1.3507983326911925,1.3469270050525666,1.3473723590373994,1.3444465041160583,1.3395800590515137,1.3388320922851562,1.3382554292678832,1.3351380407810212,1.3319740056991578,1.3303683280944825,1.3282128930091859,1.3241736710071563,1.323504912853241,1.3199682593345643,1.3148991644382477,1.312054604291916,1.3095842182636261,1.3095242857933045,1.3058214485645294,1.3023255348205567,1.29931600689888,1.297091442346573,1.2953494369983674,1.2903027296066285,1.286489975452423,1.276408952474594,1.2832175016403198,1.2787378251552581,1.274736511707306,1.2682917356491088,1.2642493426799775,1.2620388507843017,1.2573354363441467,1.2497178792953492,1.2477050721645355,1.2432056963443756,1.2345362246036529,1.2280571281909942,1.2233851313591004,1.2251367270946503,1.219099909067154,1.2087616145610809,1.203979629278183,1.1999435126781464,1.193931120634079,1.1911664247512816,1.1808531284332275,1.1761578500270844,1.169287759065628,1.162255162000656,1.1535329163074493,1.1531922459602355,1.1438611686229705,1.1298520505428313,1.1342867374420167,1.1223984241485596,1.1211904466152192,1.1119785189628602,1.106991070508957,1.0889119684696198,1.0896538496017456,1.0834237337112427,1.0745942056179048,1.065899807214737,1.050044596195221,1.0465794801712036,1.0374461710453033,1.035826599597931,1.02634938955307,1.0164710521697997,1.0077596604824066,0.9979032754898072,0.9878908485174179,0.9689464658498764,0.9710150569677353,0.9557505220174789,0.9390483170747757,0.9368295967578888,0.9199797153472901,0.9145462334156036,0.9068732589483262,0.8974227756261826,0.8813503563404084,0.8677548378705978,0.8511482834815979,0.8416792899370193,0.8328172147274018,0.824307644367218,0.8042785823345184,0.8014740705490112,0.791822400689125,0.7792479306459427,0.7649262338876724,0.7505658805370331,0.7415499776601792,0.7261366337537766,0.7118675827980041,0.7022910356521607,0.6842389464378357,0.6734686255455017,0.6557246446609497,0.6292689651250839,0.6337011873722076,0.6184729635715485,0.5985214710235596,0.5887225657701493,0.5697995901107789,0.5582676768302918,0.5457981646060943,0.5319086849689484,0.5227074682712555,0.5008674681186676,0.49074443578720095,0.4776274248957634,0.4582701176404953,0.44597005695104597,0.4240372240543365,0.4170728221535683,0.40287661701440813,0.38604387640953064,0.3743368610739708,0.3594572529196739,0.3399609252810478,0.32385824918746947,0.3179358705878258,0.30352484434843063,0.29149219393730164,0.27463224828243255,0.26001613438129423,0.2496735967695713,0.23923431038856507,0.22277567014098168,0.21381227821111679,0.19228046983480454,0.1892738550901413,0.17978412210941314,0.16183375492691993,0.1529940366744995,0.14551627188920974,0.12687071673572065,0.12110705822706222,0.11910892389714718,0.11974550262093545,0.11564185097813606,0.0,0.10496162176132202,0.11622869707643986,0.10795507244765759,0.11563076749444008,0.12422072105109691,0.135100344568491,0.14521040841937066,0.15175648182630538,0.1577780418097973,0.1656159706413746,0.17737251222133638,0.18893663436174393,0.19804873540997506,0.21165846288204193,0.21884708404541015,0.23146402165293695,0.23902718499302864,0.25331900268793106,0.26176480054855344,0.27135209888219836,0.2928128108382225,0.2930038392543793,0.30409338027238847,0.31681871265172956,0.327526231110096,0.3391991913318634,0.3491827979683876,0.36288154423236846,0.3738691359758377,0.38658543676137924,0.4003993272781372,0.4148815140128136,0.4303617045283318,0.4454815313220024,0.46598434150218965,0.4984497532248497
t_35,1.3773024559020997,1.3802620410919189,1.3805700361728668,1.3779733061790467,1.3759117782115937,1.3768998384475708,1.372326272726059,1.3707892656326295,1.3692976593971253,1.3688408792018891,1.3633727312088013,1.363353568315506,1.3629490435123444,1.3617362976074219,1.3599217712879181,1.3544757306575774,1.3533391058444977,1.351839280128479,1.3515764117240905,1.348095554113388,1.3442504167556764,1.34467271566391,1.341759341955185,1.3369215488433839,1.3361543774604798,1.335575944185257,1.3324588298797608,1.3293211579322814,1.3277097582817077,1.325563085079193,1.3215611934661866,1.3208873689174652,1.3173555970191955,1.3123614192008972,1.309508925676346,1.3070480227470398,1.306973546743393,1.3032648801803588,1.2998236060142516,1.296803778409958,1.2946097135543824,1.2928231835365296,1.287823897600174,1.2840775668621063,1.2741916060447693,1.2807607173919677,1.2762865602970124,1.2723281383514404,1.2659604370594024,1.261958932876587,1.2597074031829834,1.2550055861473084,1.247513073682785,1.2454620063304902,1.2409460246562958,1.2324231326580048,1.2260332584381104,1.2213886976242065,1.222874540090561,1.2169191539287567,1.206717026233673,1.2019707083702087,1.197888034582138,1.191897028684616,1.1890319645404817,1.178858709335327,1.1741671681404113,1.1673829019069673,1.1604575157165526,1.1519078016281128,1.1512937784194945,1.1420615136623382,1.1284856617450714,1.1323954105377196,1.1207119643688201,1.119313609600067,1.1102098882198335,1.1050567924976349,1.0876708269119262,1.0879195630550385,1.0817172825336456,1.072932517528534,1.064232349395752,1.0488883078098297,1.0452032327651977,1.0363411843776702,1.0341307461261748,1.0249124348163605,1.0150720924139023,1.006385287642479,0.9966061592102051,0.9866433382034302,0.968675720691681,0.9698132842779159,0.9550288587808609,0.9391212910413742,0.9361848443746567,0.9200718402862549,0.9142048090696335,0.9061327189207077,0.8967092067003251,0.8811374038457871,0.868000790476799,0.8519719332456589,0.8424448013305664,0.8333020329475402,0.8246468812227249,0.8058713346719741,0.8020835220813751,0.7922219812870026,0.7799129873514176,0.7654867887496948,0.7517973512411118,0.7421663880348206,0.7272933542728424,0.7130308389663697,0.7031014055013657,0.685634508728981,0.6746724724769593,0.6577274829149247,0.6338481724262237,0.635324576497078,0.6204114079475402,0.6014061540365219,0.5907701522111892,0.5732386916875839,0.5616250187158585,0.5491658478975296,0.5348239243030548,0.5250638604164124,0.5042296439409256,0.4939159989356995,0.4804917976260185,0.46214268207550047,0.44970234036445617,0.430196239054203,0.4210194870829582,0.40619470924139023,0.3904229149222374,0.3781124144792557,0.3631442800164223,0.3446810856461525,0.3295878082513809,0.3209959104657173,0.3073346272110939,0.2943534985184669,0.27809404879808425,0.2634410336613655,0.25264146476984023,0.24193151742219926,0.22477539107203484,0.2140660360455513,0.1966061919927597,0.1901406817138195,0.17872671261429787,0.16140736266970634,0.15051075890660287,0.14306502938270568,0.1288344919681549,0.12067575752735138,0.11319618113338947,0.10809717662632465,0.10315100848674774,0.10496162176132202,0.0,0.10419418700039387,0.10643451698124409,0.10566903799772262,0.10996353849768639,0.11860190778970718,0.13064529672265052,0.13847084492444992,0.1473841466009617,0.1582580767571926,0.16282623186707496,0.1735385276377201,0.1893797278404236,0.19619037732481956,0.20628867968916892,0.2231088824570179,0.2251298040151596,0.23930088952183723,0.2473519302904606,0.25920440554618834,0.28636603206396105,0.2808859333395958,0.29072656482458115,0.3041984289884567,0.31727316081523893,0.3273950591683388,0.33686953485012056,0.35225109159946444,0.3625246599316597,0.3761709228157997,0.3899330526590347,0.4039094462990761,0.4207047373056412,0.43548472970724106,0.4562963008880615,0.4909680008888245
t_34,1.3762337625026704,1.379110586643219,1.379412180185318,1.3768372058868408,1.3748133838176728,1.3757557690143585,1.3712321162223815,1.369691753387451,1.3681571185588837,1.3676986038684844,1.3622964084148408,1.3622318089008332,1.361807245016098,1.3605671167373656,1.3587740063667297,1.3533950567245483,1.3522322237491609,1.3506996035575867,1.3504131317138672,1.3469244360923767,1.3431020736694337,1.3434889912605286,1.3406124055385589,1.335807693004608,1.3350141584873199,1.3344015419483184,1.3313187181949615,1.3281807780265809,1.3265357792377472,1.3244088292121887,1.320404291152954,1.3197181284427644,1.31616467833519,1.3112766563892364,1.30839284658432,1.3059423625469209,1.3058509886264802,1.3021328389644622,1.2987379908561707,1.2956931471824646,1.2935097754001617,1.2916874051094056,1.2867070257663726,1.2830341935157776,1.273314118385315,1.2796170353889464,1.2751587092876435,1.2712400913238526,1.2649300873279572,1.2609593152999878,1.258673757314682,1.2539737284183503,1.2465989470481873,1.2444555521011353,1.2399378716945648,1.231543916463852,1.2252509236335754,1.2205693900585175,1.2217941462993622,1.2159153938293457,1.2058560073375701,1.2011137545108794,1.1969658315181733,1.1910108268260955,1.1880383670330048,1.1780232846736909,1.173245120048523,1.1665453612804413,1.1597027361392975,1.1512998521327973,1.15040123462677,1.1412588596343993,1.1280052423477174,1.1314216911792756,1.1199897944927215,1.1183083772659301,1.109322303533554,1.1040692329406738,1.087270152568817,1.0869892239570618,1.0807185232639314,1.0718909204006195,1.0633105397224427,1.0483656764030456,1.0444735050201417,1.0358529388904572,1.0329636573791503,1.0239421427249908,1.0140684843063354,1.00549875497818,0.9956409394741058,0.9859866797924042,0.9688161432743072,0.968780106306076,0.9546460419893265,0.9394832283258439,0.9358336806297303,0.9204140126705169,0.913993826508522,0.9056761503219605,0.8960531383752823,0.8811950594186783,0.868358263373375,0.8527526825666427,0.8432072192430496,0.8339679539203644,0.8251248359680176,0.8073926091194152,0.8025255233049393,0.7923613727092743,0.7799921810626984,0.7658607274293899,0.7523676007986069,0.742631909251213,0.7280706077814102,0.7138555973768235,0.7036933302879333,0.6869229644536972,0.6757812768220901,0.6590984225273132,0.6383934259414673,0.6365849554538727,0.6217470526695251,0.6041779577732086,0.592795991897583,0.576427873969078,0.5641424894332886,0.5515790313482285,0.5374452739953994,0.5272183775901794,0.5077944159507751,0.4968544661998749,0.4837089955806732,0.4665369838476181,0.4535082995891571,0.4361210227012634,0.42462060004472735,0.4101227730512619,0.39477862864732743,0.38200208842754363,0.3678752392530441,0.35044009536504744,0.33710405975580215,0.326020947098732,0.31239132583141327,0.2993396416306496,0.28379951864480973,0.2700264275074005,0.258066663891077,0.2451009139418602,0.23159567937254905,0.21910251826047897,0.20456456243991852,0.19377108290791512,0.18273018747568132,0.17000238001346588,0.1576516732573509,0.147263565659523,0.13704491630196572,0.1258742943406105,0.11891319267451764,0.1137876719236374,0.10664942003786564,0.11622869707643986,0.10419418700039387,0.0,0.1110052615404129,0.10439923144876957,0.10854318030178547,0.11668794490396976,0.12471394054591656,0.13644521161913872,0.13872500956058503,0.15758870244026185,0.1580470956861973,0.16573603376746177,0.18908596858382226,0.18819567784667016,0.20220788717269897,0.22367249727249144,0.21559515446424485,0.2310733400285244,0.23985378295183182,0.25159864127635956,0.28680225014686583,0.27480875700712204,0.28357083201408384,0.2968785226345062,0.31229204386472703,0.3220780178904533,0.32977341413497924,0.3467041939496994,0.3565465897321701,0.37065945863723754,0.3845203384757042,0.39810878187417986,0.4160706713795662,0.42973827123641967,0.4507236197590828,0.4888990640640259
t_33,1.382444578409195,1.3854665100574493,1.385750025510788,1.3831539630889893,1.3810875833034515,1.3821074187755584,1.3775148391723633,1.37600035071373,1.374534660577774,1.374095046520233,1.3685969829559326,1.3686265230178833,1.3682094395160675,1.3670431911945342,1.3652180552482605,1.3597632884979247,1.3586554944515228,1.3572084844112395,1.35697683095932,1.3534861862659455,1.3496542692184448,1.35010307431221,1.347221052646637,1.3423743784427642,1.341655719280243,1.3411037027835846,1.33799649477005,1.3348825812339782,1.333303654193878,1.3311881065368651,1.32719144821167,1.326551115512848,1.3230309545993806,1.3180262982845306,1.3152372658252716,1.312819743156433,1.31280158162117,1.3091399013996123,1.3056944131851196,1.3027234256267548,1.30054669380188,1.2988558769226075,1.2938690841197968,1.2901163220405578,1.280136901140213,1.2869694232940674,1.2825563549995422,1.2786322832107544,1.27227264046669,1.2683060586452484,1.2661710739135743,1.2615471124649047,1.2540225565433503,1.2520771622657776,1.2476903438568114,1.239101415872574,1.2327370405197144,1.2281399607658385,1.2299397528171538,1.224056112766266,1.2138189911842345,1.2091395020484925,1.2051834762096405,1.1992957711219787,1.1966804623603822,1.1864668667316436,1.181857568025589,1.175171786546707,1.1682270646095276,1.1596867978572845,1.159435546398163,1.1502787590026855,1.136363583803177,1.1409230172634124,1.12925882935524,1.1281542360782624,1.1190973043441772,1.114296120405197,1.0964537560939789,1.0973122894763947,1.0911942064762115,1.0824927508831024,1.0740914404392243,1.0584058463573456,1.0551091372966765,1.0462630569934845,1.0447230637073517,1.0355073630809783,1.0258381426334382,1.017410546541214,1.0076559096574784,0.9980426400899887,0.9794347316026688,0.9814754515886307,0.9666499376296998,0.9502628982067108,0.9482978880405426,0.9317867010831833,0.9266382575035095,0.9192165195941925,0.9099137246608734,0.8943891823291779,0.8810863673686982,0.8647496253252029,0.85558080971241,0.8471802413463593,0.8389906764030457,0.8194897472858429,0.8168555736541748,0.8075000643730164,0.7950771033763886,0.7813824087381362,0.7671475499868393,0.7587613880634307,0.7437229633331299,0.729921692609787,0.7207394689321518,0.7033335328102112,0.6929084956645966,0.6754435956478119,0.6500509440898895,0.6542651027441024,0.6393671542406082,0.6204308062791825,0.6109448611736298,0.5925636410713195,0.5809531688690186,0.5688959628343582,0.5558484494686127,0.5469666868448257,0.5260472685098648,0.5158775016665459,0.5036907717585564,0.4848272666335106,0.4728519722819328,0.4513165891170502,0.4444650590419769,0.4310027793049812,0.4140018537640572,0.4033499449491501,0.3885848596692085,0.3691999390721321,0.3544244259595871,0.3479324087500572,0.33346680253744126,0.3220327377319336,0.3049502968788147,0.2909180536866188,0.2796791449189186,0.26832710653543473,0.2539022758603096,0.24278131797909736,0.22167434617877008,0.2165310874581337,0.20522200763225557,0.1891447626054287,0.17819770723581313,0.1702332988381386,0.15023981481790544,0.14265116453170776,0.13883448913693427,0.13366946801543236,0.12396616712212563,0.10795507244765759,0.10643451698124409,0.1110052615404129,0.0,0.10191628262400627,0.10662860348820687,0.11155244745314122,0.12657969929277896,0.12411977425217628,0.12913979589939117,0.13595493659377098,0.14683935269713402,0.1569880798459053,0.16316123455762863,0.18009989336133003,0.18703103810548782,0.19781484380364417,0.2046373136341572,0.2210293248295784,0.22954201996326445,0.2379576250910759,0.25996105521917345,0.2597101524472237,0.2717840403318405,0.2852792114019394,0.29550535678863527,0.3076629191637039,0.3180025056004524,0.33255387991666796,0.34458696097135544,0.3575133115053177,0.3719185680150986,0.38727104663848877,0.4036798536777496,0.4192975491285324,0.4407666131854057,0.476301446557045
t_32,1.3787222027778625,1.3816920936107635,1.381987100839615,1.3794093608856202,1.3773776650428773,1.3783737897872925,1.3738387525081635,1.372331726551056,1.370874434709549,1.370429652929306,1.3650094151496888,1.3650200128555299,1.3646036028861999,1.363432365655899,1.3616284608840943,1.356256228685379,1.3551513493061065,1.3536893725395203,1.353437113761902,1.3499992489814758,1.3462140262126923,1.3466388404369354,1.3437915086746215,1.3390204012393951,1.3382713794708252,1.3377193331718444,1.3346528172492982,1.3315562427043914,1.3299890637397767,1.3278872907161712,1.3239442467689515,1.323286670446396,1.3198128640651703,1.314884352684021,1.312090927362442,1.309692394733429,1.309640896320343,1.305984777212143,1.3025881052017212,1.2996191203594207,1.2974699914455414,1.295736598968506,1.2908119678497314,1.2871230781078338,1.277374541759491,1.283912581205368,1.2794995069503785,1.2756193995475769,1.2693414688110352,1.2654018342494964,1.2632272779941558,1.2586198210716248,1.2512545466423035,1.2492481410503387,1.2448314547538757,1.2364401817321777,1.230193305015564,1.2256425857543944,1.2271494150161744,1.2213138043880463,1.2112986087799071,1.2066552817821503,1.202677184343338,1.1968200564384461,1.1940513610839845,1.1840695977210998,1.1794955670833587,1.172858214378357,1.1660704731941223,1.1577099323272706,1.1571528255939483,1.1481223583221436,1.1347992479801179,1.1386970460414887,1.127272605895996,1.1259262800216674,1.1170315742492676,1.1120326578617097,1.0949857473373412,1.0952824890613555,1.0892276167869568,1.0806692242622375,1.0722002744674684,1.0572004973888398,1.0536386847496033,1.044980174303055,1.0428822457790374,1.0338873445987702,1.0242958843708039,1.0158469200134277,1.0063287526369096,0.9966445803642273,0.9790936470031738,0.9802712500095367,0.9658828526735306,0.9503541827201843,0.9475752294063569,0.9318536669015884,0.9262312859296798,0.9184431284666061,0.9092876076698303,0.894191661477089,0.8814238965511322,0.8658832907676697,0.8566255867481232,0.8478255420923233,0.8394102305173874,0.8211788296699524,0.8175625562667846,0.8080095767974853,0.7961146473884583,0.7821928411722183,0.7689549058675766,0.7596814960241318,0.7453187704086304,0.7315161198377609,0.721926262974739,0.7050987303256988,0.6945064336061477,0.6781625807285309,0.6551934391260147,0.6565313071012497,0.642254427075386,0.6240012228488923,0.613683357834816,0.596831402182579,0.5856789022684097,0.5736470520496368,0.5598528653383255,0.5504310220479965,0.5304020702838897,0.5204790204763412,0.5075262308120727,0.48997763693332674,0.477804397046566,0.4591932460665703,0.45005436092615125,0.4357972666621208,0.4204069092869759,0.40840802490711214,0.39420571327209475,0.376133331656456,0.36198576390743253,0.3530844271183014,0.3395006597042084,0.32718266248703004,0.3116520166397095,0.2970275029540062,0.2857510641217232,0.2749372899532318,0.2587073728442192,0.2477993756532669,0.22952090278267862,0.22250155434012414,0.21178682446479796,0.19435846731066703,0.1837461769580841,0.1738259233534336,0.15745191350579263,0.14621153771877288,0.13936480656266212,0.13310518115758896,0.1258828215301037,0.11563076749444008,0.10566903799772262,0.10439923144876957,0.10191628262400627,0.0,0.09671537764370441,0.10000548548996449,0.1133516076952219,0.11678744219243527,0.11720425300300122,0.13076960071921348,0.1341100037097931,0.1426211729645729,0.15850697532296182,0.16376514956355095,0.1745147153735161,0.19103004783391953,0.1926427438855171,0.20609406158328056,0.21475451588630676,0.22651633024215698,0.25460241362452507,0.24845850020647048,0.25845121741294863,0.2722430691123009,0.285906994342804,0.2961382448673248,0.3063633680343628,0.3215599060058594,0.3324992999434471,0.34682343900203705,0.3610206812620163,0.3756597265601158,0.39326252043247223,0.4090030610561371,0.43101205974817275,0.46788476407527924
t_31,1.3786789417266845,1.3816398441791535,1.3819246470928193,1.3793646335601806,1.377340841293335,1.3783263683319091,1.3738053798675538,1.3723072469234467,1.3708586931228637,1.370410794019699,1.3650255382061005,1.3650270521640777,1.3646172344684602,1.3634474217891692,1.3616551995277404,1.3563073456287384,1.3552095651626588,1.3537667751312257,1.3535100281238557,1.3500875651836395,1.346315085887909,1.346750509738922,1.343901813030243,1.3391519248485566,1.3384300649166108,1.337866622209549,1.3348140358924865,1.3317465782165527,1.3301758468151093,1.328090000152588,1.324174565076828,1.3235260844230652,1.3200570106506349,1.315175038576126,1.3123972177505494,1.310015070438385,1.3099669456481933,1.3063490033149718,1.3029742002487184,1.3000252008438111,1.297884649038315,1.2961804270744324,1.291291320323944,1.2876294136047364,1.277958220243454,1.2844268918037414,1.2800611674785614,1.2761931478977204,1.2699665665626525,1.266066962480545,1.2638873398303985,1.2593097150325776,1.2520054936408997,1.250003057718277,1.2456214725971222,1.2372950911521912,1.2310733258724214,1.2265471875667573,1.2280059695243835,1.222232836484909,1.2122820556163787,1.207672369480133,1.203704869747162,1.197893637418747,1.1951241612434387,1.1852067112922668,1.180640733242035,1.1740602433681488,1.1673176348209382,1.1590274751186371,1.1584198236465455,1.1494669616222382,1.1362299561500548,1.1400627493858337,1.12874516248703,1.1273678183555602,1.1185332357883453,1.1135710656642914,1.096730464696884,1.0969204783439637,1.0909102439880372,1.0823824405670166,1.0739937126636505,1.0591404676437377,1.0555800795555115,1.047062772512436,1.0448454678058625,1.0359647810459136,1.026438057422638,1.0180962562561036,1.0085953682661057,0.999092185497284,0.981819924712181,0.9827398091554642,0.9686279028654099,0.9533903151750565,0.9504640489816666,0.9350358724594117,0.9293385356664657,0.9215454250574112,0.912433284521103,0.8976031452417373,0.8849928468465805,0.8696338564157486,0.8604877978563309,0.8517514497041703,0.8434097409248352,0.8255446165800094,0.8217129796743393,0.8122111916542053,0.8003733336925507,0.7866883128881454,0.7735544383525849,0.7643649339675903,0.7502220034599304,0.7365525901317597,0.7270084589719772,0.7104970842599869,0.6999852776527404,0.6838118761777878,0.6617099314928054,0.6624030947685242,0.6482093125581742,0.630407702922821,0.6200951009988784,0.6036166548728943,0.5923573940992355,0.5804513603448868,0.5668088525533677,0.5574139207601547,0.5378262490034104,0.5278955698013306,0.515111967921257,0.4979631990194321,0.4858321905136108,0.4676863968372345,0.4583126395940781,0.44418942332267763,0.42919054478406904,0.417057628929615,0.40302784740924835,0.38553334325551986,0.3716188743710518,0.3624763235449791,0.34911770224571226,0.3365899994969368,0.32118380069732666,0.30690924674272535,0.2959412127733231,0.28445845991373064,0.26873291879892347,0.25721190348267553,0.24058599919080734,0.23204221576452255,0.22072728946805,0.2044358067214489,0.1929941788315773,0.18315015211701394,0.16705018654465675,0.15667977929115295,0.14916308596730232,0.14005096182227134,0.1313912883400917,0.12422072105109691,0.10996353849768639,0.10854318030178547,0.10662860348820687,0.09671537764370441,0.0,0.099331658706069,0.10735458210110664,0.10970974639058113,0.11308690272271633,0.12384522333741188,0.12638352625072002,0.1353112317621708,0.15068721100687982,0.15650101527571678,0.16615588515996932,0.1831108570098877,0.18183502107858657,0.1962940961122513,0.20384635999798775,0.21567209735512732,0.24656052738428116,0.23810118213295936,0.24823812022805214,0.2618603199720383,0.2757032006978989,0.2866248026490211,0.2958212286233902,0.31194050759077074,0.3230259194970131,0.33736725747585294,0.3518371552228928,0.3669700860977173,0.38523676097393034,0.40084068179130555,0.4231504276394844,0.4613929346203804
t_30,1.3781456768512725,1.381083792448044,1.3813749134540558,1.3788252174854279,1.3768144369125366,1.3778047621250153,1.3733044028282166,1.37182377576828,1.3703756153583526,1.3699290335178376,1.3645738244056702,1.3645691871643066,1.3641613483428956,1.3629955768585205,1.3612268030643464,1.3559076189994812,1.3548175632953643,1.3533691704273223,1.3531262814998626,1.349720722436905,1.3459724545478822,1.3463961601257324,1.3435772836208344,1.338852322101593,1.3381190657615663,1.337567889690399,1.3345274329185486,1.3314792811870575,1.329919558763504,1.327835923433304,1.3239290475845338,1.323297518491745,1.3198518931865693,1.3150063753128052,1.3122266769409179,1.3098627984523774,1.3097977936267853,1.3061778843402863,1.3028420388698578,1.299896425008774,1.2977719247341155,1.2960366129875183,1.291182816028595,1.2875528752803802,1.277962762117386,1.2843474328517914,1.2799960613250732,1.2761663615703582,1.269981825351715,1.2661126017570496,1.2639399409294128,1.259392112493515,1.2521476805210114,1.2501589596271514,1.2457882702350616,1.2375566482543945,1.2313950955867767,1.22690891623497,1.228285014629364,1.22255597114563,1.2127068936824799,1.208136010169983,1.2041920125484467,1.19840447306633,1.1956375300884248,1.1858042418956756,1.181300014257431,1.1747742891311646,1.1681263506412507,1.1599287271499634,1.1592708826065063,1.1503762185573578,1.1373999476432801,1.1410122036933898,1.1298207581043243,1.1284027874469758,1.1196686387062074,1.1146584391593932,1.098137629032135,1.0981672167778016,1.0922301948070525,1.0837980329990387,1.0754136741161346,1.06084343791008,1.0572279334068297,1.0488239467144012,1.0464898705482484,1.0377354681491853,1.0282753467559815,1.0199833691120148,1.0106144845485687,1.001107043027878,0.984252268075943,0.9849802792072296,0.971046257019043,0.9560869097709656,0.9530243575572968,0.937862652540207,0.932138592004776,0.9242675304412842,0.9152503281831741,0.9006162911653519,0.8882712036371231,0.8732409596443176,0.864094752073288,0.8553160458803177,0.8469593822956085,0.8295783966779708,0.8255588501691818,0.8160819202661515,0.804528146982193,0.7907785266637802,0.7780628234148026,0.7686029225587845,0.754810118675232,0.7412193834781646,0.7315811842679978,0.7153578341007233,0.704856225848198,0.6891736477613449,0.6677983999252319,0.6677254855632782,0.6538822770118713,0.6363955706357955,0.6258508265018463,0.6100238770246506,0.5990909039974213,0.5872738361358643,0.5735315769910813,0.5640109986066818,0.5448170512914657,0.5350585401058197,0.5222188472747803,0.5055384546518326,0.49353139400482177,0.47639383673667907,0.4664301037788391,0.4521526113152504,0.4375874072313309,0.4255744218826294,0.41161510050296785,0.3946470871567726,0.3809989631175995,0.37112988382577894,0.3581489592790604,0.34578256160020826,0.33071124106645583,0.3164893627166748,0.3053413316607475,0.2943748027086258,0.27806787341833117,0.2668686628341675,0.2509069710969925,0.2426368400454521,0.23098752200603484,0.21449048742651938,0.2029392182826996,0.19265588223934174,0.178432634472847,0.16686495244503022,0.15661299005150794,0.14798768609762192,0.1398683674633503,0.135100344568491,0.11860190778970718,0.11668794490396976,0.11155244745314122,0.10000548548996449,0.099331658706069,0.0,0.10380464531481266,0.10625805296003818,0.10861493907868862,0.1208226203918457,0.11747632771730424,0.12519738040864467,0.14402512907981874,0.14427813589572908,0.1560758024454117,0.17557175308465958,0.17159180119633674,0.18481232598423958,0.19313465133309365,0.2061019979417324,0.23882432729005815,0.22809202447533608,0.2370246022939682,0.251144053041935,0.26651458591222765,0.27597846537828447,0.28578013777732847,0.301916640996933,0.3124942138791084,0.32781200259923937,0.34199502468109133,0.356799952685833,0.375461608171463,0.39154485762119295,0.41423040479421613,0.4534043237566948
t_29,1.3778324246406555,1.3807472348213197,1.3810344636440277,1.3784964978694916,1.3765005052089692,1.3774708926677703,1.372991144657135,1.3715044200420379,1.3700558543205261,1.3696107864379883,1.3642810344696046,1.3642723500728606,1.3638560116291045,1.362690705060959,1.3609140992164612,1.3556298732757568,1.35452561378479,1.3530809998512268,1.3528314232826233,1.349432748556137,1.3456911206245423,1.3461163282394408,1.3432987749576568,1.3386083662509918,1.3378754675388336,1.3373125731945037,1.3342906355857849,1.3312555193901061,1.3296917796134948,1.3276219367980957,1.3237348258495332,1.3230857074260711,1.3196569204330444,1.3148489713668823,1.3120863318443299,1.309725284576416,1.3096620261669158,1.3060639441013335,1.3027424335479736,1.2997945368289947,1.2976814806461334,1.2959702968597413,1.2911399602890015,1.2875341176986694,1.278029626607895,1.28431738615036,1.279992151260376,1.2761750280857087,1.2700340747833252,1.266182965040207,1.2639996469020844,1.259455943107605,1.2522872745990754,1.2502631366252899,1.24591121673584,1.2377317607402802,1.2316158652305602,1.2271433413028716,1.2284638047218324,1.2227615356445312,1.2129963219165802,1.208433496952057,1.2044873416423798,1.198734176158905,1.1959399163722992,1.1862335503101349,1.1816781103610992,1.1751914322376251,1.1685938119888306,1.1604561686515809,1.1597150444984436,1.1508738577365876,1.1380510807037354,1.1415047287940978,1.1304263651371003,1.1289148151874542,1.1202353358268737,1.1152420043945312,1.0989353358745575,1.098834490776062,1.0928737580776215,1.0844625294208527,1.0761764645576477,1.0617944061756135,1.0581507802009582,1.0498105585575104,1.0473030507564545,1.038622897863388,1.0291850805282592,1.0209501564502717,1.0115922808647155,1.0022638946771623,0.9857046216726303,0.9860589742660523,0.972380980849266,0.9577697783708572,0.9544682502746582,0.9396087437868118,0.9336970686912537,0.9258345901966095,0.9168205916881561,0.9024648189544677,0.890265429019928,0.8755286335945129,0.8664860963821411,0.857661959528923,0.8492816120386124,0.8323644429445267,0.8279696851968765,0.8183928728103638,0.8069644033908844,0.793453374505043,0.7808467775583268,0.7714969903230667,0.7578614115715027,0.7444813758134842,0.734854918718338,0.7189326286315918,0.7084406971931457,0.6929772853851318,0.6728989720344544,0.671725931763649,0.6580453246831894,0.6411795228719711,0.6305176496505738,0.615113976597786,0.6041519314050674,0.5923318505287171,0.5787533491849899,0.5692350029945373,0.5506576776504517,0.540893942117691,0.5280257374048233,0.5119382739067078,0.4997843772172928,0.4834198236465454,0.4729224979877472,0.4588656559586525,0.44512198865413666,0.43257839381694796,0.4185840740799904,0.4028386428952217,0.3893065363168716,0.37916180938482286,0.3665119126439095,0.35380167663097384,0.33948000371456144,0.3249939367175102,0.3145495429635048,0.3026740089058876,0.2874766573309898,0.27533877789974215,0.2617618918418884,0.25138396844267846,0.2397852845489979,0.22469474375247955,0.21210578829050064,0.2018030546605587,0.1896705836057663,0.17851366326212884,0.16717831715941428,0.157204981893301,0.14846218675374984,0.14521040841937066,0.13064529672265052,0.12471394054591656,0.12657969929277896,0.1133516076952219,0.10735458210110664,0.10380464531481266,0.0,0.10909582599997521,0.10914599001407624,0.12345911711454391,0.11600732877850532,0.12438061945140362,0.14565553590655328,0.14147831872105598,0.1522930607199669,0.1746634855866432,0.16455805525183678,0.17955565229058265,0.18540649488568306,0.19872652888298034,0.23663471415638923,0.2219107799232006,0.23014112338423728,0.24395058304071426,0.2595801889896393,0.2700675591826439,0.27779811918735503,0.2951363012194633,0.3054555982351303,0.32036559879779813,0.3352475166320801,0.34987923204898835,0.3693371146917343,0.38488550633192065,0.4079029604792595,0.4485559776425362
t_28,1.3812400639057159,1.3842283368110657,1.384494239091873,1.3819639027118682,1.3799408018589019,1.3809416234493255,1.3764519214630127,1.374987357854843,1.373571628332138,1.3731324672698975,1.3677660703659058,1.3678077518939973,1.3673919677734374,1.3662629961967467,1.3644805669784545,1.359175479412079,1.3581067025661469,1.3567072868347168,1.3564819872379303,1.3530909538269043,1.3493647813796996,1.3498158991336822,1.347010326385498,1.3423064410686494,1.3416132986545564,1.34108664393425,1.3380589425563811,1.3350528240203858,1.333530193567276,1.3314620733261109,1.3275983214378357,1.3269877851009368,1.323570567369461,1.3187414765357972,1.3160071551799775,1.313691210746765,1.3136653363704682,1.3101013720035553,1.3067846179008484,1.3038774728775024,1.30179563164711,1.3001404285430909,1.2953153192996978,1.291697120666504,1.2820950150489807,1.2886269986629486,1.2843141078948974,1.2805368423461914,1.2743894338607789,1.2705679833889008,1.2684799313545227,1.2639896869659424,1.2567821621894837,1.2548713028430938,1.2505941689014435,1.2423887372016906,1.2362739324569703,1.2318684816360475,1.2334238708019256,1.2277572989463805,1.2179656207561493,1.2134635686874389,1.2096189558506012,1.203940111398697,1.2013154745101928,1.1915285408496856,1.187088853120804,1.1806684672832488,1.174063539505005,1.1659189522266389,1.1654578804969788,1.1566762983798982,1.1436211705207824,1.147561377286911,1.1364454925060272,1.1352327585220336,1.1265699446201325,1.1217430531978607,1.105121874809265,1.1055152237415313,1.0996780335903167,1.0913703083992004,1.0831685423851014,1.0685383081436157,1.065170454978943,1.0568335592746734,1.0548998534679412,1.0462133824825286,1.0369487464427949,1.028828513622284,1.019548636674881,1.010258322954178,0.9932495772838592,0.9944871068000793,0.9805751532316208,0.965533173084259,0.9629529774188995,0.9477564811706543,0.942430517077446,0.9349407494068146,0.9261263251304627,0.9115827083587646,0.8992746591567993,0.8842645823955536,0.8753931492567062,0.8670131146907807,0.8590073645114898,0.8414317220449448,0.8380548238754273,0.8289600998163223,0.817519235610962,0.804157042503357,0.7914529889822006,0.7825966119766236,0.7689351260662078,0.7557375520467758,0.7465525537729263,0.7305246949195862,0.7204488426446914,0.7046882301568985,0.682774293422699,0.684042239189148,0.6704478740692139,0.6531753003597259,0.6432620793581009,0.6272459268569947,0.6166061460971832,0.6051924765110016,0.591993534564972,0.583092349767685,0.5638016939163208,0.554414889216423,0.5421825647354126,0.5256040394306183,0.5140308141708374,0.49618787318468094,0.4872997850179672,0.4738478854298592,0.4591604441404343,0.447601155936718,0.4340985774993896,0.41675406843423846,0.4035148128867149,0.39461859613656997,0.38158459812402723,0.36962523907423017,0.3546473503112793,0.3406419694423676,0.3296264186501503,0.31911376118659973,0.30377539843320844,0.29245679527521135,0.27532791197299955,0.2677185133099556,0.2561904460191727,0.2401949495077133,0.22819867953658104,0.2180872716009617,0.20189288705587388,0.19156782552599907,0.18211972266435622,0.17251379340887069,0.16229578778147696,0.15175648182630538,0.13847084492444992,0.13644521161913872,0.12411977425217628,0.11678744219243527,0.10970974639058113,0.10625805296003818,0.10909582599997521,0.0,0.10332872569561005,0.10973337888717652,0.10817961245775223,0.11463902145624161,0.12684081196784974,0.13142393231391908,0.1387631669640541,0.15566454753279685,0.15366121381521225,0.1665908433496952,0.17481838613748552,0.1857703447341919,0.21534116491675376,0.20823214650154115,0.21755937933921815,0.23094042316079139,0.24498093798756598,0.2559719607234001,0.26613944619894025,0.28086239397525786,0.29353082478046416,0.3079545691609383,0.32286041527986525,0.33877603709697723,0.35766212493181226,0.3745078831911087,0.3975046887993813,0.43787841498851776
t_27,1.3812289178371429,1.3841933727264404,1.3844708740711211,1.381926667690277,1.3799210727214812,1.3809090673923492,1.376433116197586,1.3749570369720459,1.3735307335853577,1.3730956614017487,1.3677483260631562,1.3677826464176177,1.3673655807971954,1.3662277936935425,1.364448070526123,1.3591569304466247,1.3580831348896027,1.3566664397716521,1.3564350605010986,1.3530430674552918,1.3493237316608429,1.3497618913650513,1.3469611644744872,1.3422566533088685,1.341569870710373,1.3410281777381896,1.338013768196106,1.3349988639354706,1.333466124534607,1.331401026248932,1.3275454938411713,1.3269268810749053,1.3234988689422607,1.3186922132968903,1.3159648537635804,1.3136309742927552,1.313604599237442,1.3100499212741852,1.3067290663719178,1.3038241863250732,1.3017390966415405,1.3000886976718902,1.2952637732028962,1.2916695713996886,1.2821164965629577,1.2885898351669312,1.2843099236488342,1.2805292129516601,1.274424171447754,1.270619910955429,1.2685028731822967,1.2640295028686523,1.2568752229213715,1.2549328744411468,1.2506799280643464,1.2425126254558563,1.236437302827835,1.2320223689079284,1.2335439622402191,1.2279171705245973,1.2181631326675415,1.2136642336845398,1.209832066297531,1.2041629612445832,1.2015556037425994,1.1918354392051698,1.1873805344104766,1.1809995353221894,1.1744264304637908,1.1663192331790924,1.165847021341324,1.1571064472198487,1.144110268354416,1.14799884557724,1.1369783103466033,1.1357136130332948,1.1271060705184937,1.1223460376262664,1.105803233385086,1.106136929988861,1.1002950191497802,1.0920020282268523,1.0838966369628906,1.0693786084651946,1.0660053372383118,1.0577383577823638,1.055704015493393,1.0470875740051269,1.037848949432373,1.0297934770584107,1.0205429136753081,1.0114307045936584,0.9945430397987366,0.995579132437706,0.9818751573562622,0.967016625404358,0.9643648236989975,0.9493363291025162,0.9439663648605346,0.9365262269973755,0.927694508433342,0.913352119922638,0.901128813624382,0.8862705051898956,0.8774789541959762,0.869163978099823,0.8611363738775253,0.8437988609075546,0.8402733355760574,0.8311257302761078,0.8196989923715592,0.8066381961107254,0.7938873708248139,0.7852074146270752,0.77158282995224,0.7585515379905701,0.7494675904512406,0.7336534768342972,0.7236080408096314,0.7079392313957215,0.6868123352527619,0.687610587477684,0.6740366637706756,0.6571761846542359,0.6473494321107864,0.6315151989459992,0.6206903457641602,0.6093613296747208,0.5965071767568588,0.5875974029302597,0.5689172565937042,0.5593788504600525,0.5473891288042069,0.531072473526001,0.5194256633520127,0.5019889935851097,0.4928471878170967,0.47971306592226026,0.465190489590168,0.45383523851633073,0.4404240667819977,0.42353588342666626,0.4106768026947975,0.4016454353928566,0.38841181695461274,0.3768985852599144,0.36198280155658724,0.34811525642871854,0.3371412992477417,0.32548184841871264,0.3115761309862137,0.29994809478521345,0.2831323862075806,0.27456571310758593,0.263354617357254,0.24810487255454064,0.23619932383298875,0.22525864988565444,0.2095943011343479,0.1981176517903805,0.189767075330019,0.18124376535415648,0.1697116456925869,0.1577780418097973,0.1473841466009617,0.13872500956058503,0.12913979589939117,0.11720425300300122,0.11308690272271633,0.10861493907868862,0.10914599001407624,0.10332872569561005,0.0,0.1026727594435215,0.10527828522026539,0.1058165568858385,0.12113194316625595,0.1214798405766487,0.13176505342125894,0.14780162647366524,0.14245513156056405,0.156552055478096,0.1639588840305805,0.17354943379759788,0.207119869440794,0.1969452239573002,0.20668276771903038,0.2201438806951046,0.2346117116510868,0.2454496867954731,0.2551721565425396,0.2706828609108925,0.283147731423378,0.29792728573083876,0.3130883276462555,0.3288982778787613,0.3482978194952011,0.3650842055678368,0.3887560307979584,0.43064127266407015
t_26,1.3856466472148896,1.3886945784091949,1.3889618635177612,1.3864055514335631,1.384375548362732,1.385405272245407,1.3808948814868927,1.3794414162635804,1.3780643463134765,1.377642172574997,1.372245877981186,1.3723370909690857,1.3719227075576783,1.370833194255829,1.3690361320972442,1.3637056171894073,1.362673246860504,1.3613146781921386,1.3611173331737518,1.3577264726161957,1.3540088295936585,1.354489690065384,1.3516926348209382,1.346979284286499,1.3463252484798431,1.3458385527133943,1.3427947163581848,1.339816051721573,1.33831906914711,1.3362717628479004,1.3324200332164764,1.3318480253219604,1.3284381091594697,1.323565846681595,1.3208913326263427,1.3186023890972138,1.3186137914657592,1.315109807252884,1.3117617905139922,1.3089113891124726,1.306855422258377,1.3052828192710877,1.3004607856273651,1.2968266010284424,1.2871296763420106,1.2939114928245545,1.2896686971187592,1.2859139382839202,1.2797835350036622,1.275978422164917,1.2739858746528625,1.2695724487304687,1.2623150646686554,1.2605174601078033,1.2563508450984955,1.2480958223342895,1.2419814825057984,1.237621933221817,1.2394798696041107,1.2339005410671233,1.2240331828594209,1.2196145057678223,1.2158820569515227,1.2102914154529572,1.207896876335144,1.1980257153511047,1.1937122821807862,1.1873738944530488,1.180740511417389,1.1725642800331115,1.1724738121032714,1.1637447774410248,1.1503420233726502,1.1549211859703064,1.1437285900115968,1.1428767502307893,1.1342364132404328,1.1297015368938446,1.1126299440860747,1.1136037290096283,1.1079134404659272,1.0997015118598938,1.0916885733604431,1.0767167687416077,1.0737263321876527,1.0654062926769257,1.0641466915607452,1.0554958522319793,1.0463999509811401,1.0385047435760497,1.0292998373508453,1.0201721370220185,1.0025729298591615,1.0047961831092835,0.990779435634613,0.9752576231956482,0.9736095637083053,0.9579843550920486,0.9534014254808426,0.9464514285326004,0.9377882659435273,0.9231720000505448,0.9107792317867279,0.8954168856143951,0.8868050068616867,0.87914357483387,0.8716092109680176,0.853377741575241,0.8511672407388687,0.8425565898418427,0.8311044573783875,0.8182688772678375,0.805182033777237,0.7973387002944946,0.7835517764091492,0.7706640839576722,0.7622032999992371,0.7461883276700974,0.7366683334112167,0.7206846207380295,0.6967807739973069,0.7010035693645478,0.6873862981796265,0.6699177145957946,0.6611117213964463,0.6444455415010453,0.6337178081274033,0.6228449463844299,0.6105426251888275,0.6024732679128647,0.5830813467502594,0.5739056497812272,0.5624486863613128,0.5455079644918441,0.5345669478178025,0.5150404587388039,0.5086347505450248,0.4956245988607407,0.4801816403865814,0.4703506350517273,0.45673496425151827,0.4388928830623627,0.42492455542087554,0.4186146542429924,0.40506566166877744,0.39420928061008453,0.3783836722373962,0.36536028534173964,0.3545828446745872,0.3436595663428307,0.329014553129673,0.3179513856768608,0.29977026134729384,0.29333080947399137,0.28133619725704195,0.2656397417187691,0.253657541424036,0.24389707371592523,0.22575750201940536,0.21521928012371064,0.20693003833293916,0.19917823746800423,0.18826936706900596,0.1656159706413746,0.1582580767571926,0.15758870244026185,0.13595493659377098,0.13076960071921348,0.12384522333741188,0.1208226203918457,0.12345911711454391,0.10973337888717652,0.1026727594435215,0.0,0.10735280700027942,0.10868927650153637,0.10335705205798149,0.1249041061848402,0.12159341350197791,0.1284556120634079,0.1365426503121853,0.15122780352830886,0.157220521569252,0.16189254745841025,0.18363000601530075,0.18343805000185967,0.1969929777085781,0.20869270861148834,0.21835643276572228,0.23188258484005927,0.2434103399515152,0.2573155902326107,0.27182549238204956,0.2855494454503059,0.30126868188381195,0.31915477365255357,0.3369629681110382,0.3550713941454887,0.37910107970237733,0.4191402539610863
t_25,1.3805855631828308,1.383568251132965,1.3838361382484436,1.3813053011894225,1.3792965471744538,1.3802956581115722,1.375842308998108,1.3743808448314667,1.3729805290699004,1.3725536823272706,1.367216992378235,1.3672732174396516,1.3668571054935454,1.365755021572113,1.363984727859497,1.358716642856598,1.3576601326465607,1.35628222823143,1.3560684740543365,1.3526967465877533,1.3490102887153625,1.3494615435600281,1.346683293581009,1.3420114636421203,1.3413496494293213,1.3408258259296417,1.337833786010742,1.334840852022171,1.3333281517028808,1.3312875390052796,1.3274687588214875,1.3268601655960084,1.3234791696071624,1.3186752796173096,1.3159867167472838,1.313693594932556,1.3136669516563415,1.3101542115211486,1.3068608343601227,1.3039774000644684,1.3019134938716888,1.3002836167812348,1.295526772737503,1.2919374346733092,1.2824504554271698,1.2889179944992066,1.2846833527088166,1.280923569202423,1.2748752951622009,1.271100068092346,1.2690300941467285,1.264607733488083,1.2575047731399536,1.2556130945682527,1.2514011144638062,1.2433073222637177,1.2372904300689698,1.2329546809196472,1.2344910144805907,1.228912490606308,1.219279807806015,1.2148501515388488,1.2110726952552795,1.2054772615432738,1.2029200911521911,1.1933047831058503,1.18893061876297,1.1826119005680085,1.176125204563141,1.1681072652339934,1.1676772594451905,1.1590418696403504,1.1462275207042694,1.1500887870788574,1.1391746342182159,1.1379542529582978,1.129450649023056,1.124757891893387,1.1084123492240905,1.1087809026241302,1.1030446112155914,1.0949157655239106,1.0869173645973205,1.0726245582103728,1.0693098247051238,1.061147791147232,1.0592020571231842,1.0507438123226165,1.0416360020637512,1.03368883728981,1.0246490359306335,1.015612405538559,0.9989820867776871,1.0001440227031708,0.9865738481283188,0.9719261109828949,0.9693628519773483,0.9545490235090256,0.9493395328521729,0.9420634239912034,0.9334201604127884,0.91928671002388,0.9073193103075028,0.8927782207727433,0.8841338783502579,0.8759603917598724,0.8680652052164077,0.851082119345665,0.8476674824953079,0.8387694031000137,0.8276614606380462,0.8147999793291092,0.8024395942687989,0.793777021765709,0.7805455535650253,0.7677679538726807,0.7587932825088501,0.7433884382247925,0.7335051774978638,0.7183971732854844,0.697552478313446,0.6983904331922531,0.6853132158517837,0.6686457186937332,0.6590264350175857,0.6436264872550964,0.6332791984081269,0.6221671968698501,0.6096120595932006,0.600760069489479,0.5825853407382965,0.5734632968902588,0.5614987999200821,0.5455728888511657,0.5342256039381027,0.517417374253273,0.5084958910942078,0.49538695961236956,0.4816058397293091,0.47031190097332,0.4570896580815315,0.4410164564847946,0.42814122438430785,0.4190771788358688,0.40650995820760727,0.39500456899404524,0.38047352582216265,0.3666014775633812,0.3564328044652939,0.34522456079721453,0.3306173115968704,0.3191752165555954,0.303208589553833,0.2952656790614128,0.28397822231054304,0.26773558706045153,0.25573867857456206,0.24529660493135452,0.2308730110526085,0.2190498746931553,0.2081761546432972,0.19906040132045746,0.18802228346467018,0.17737251222133638,0.16282623186707496,0.1580470956861973,0.14683935269713402,0.1341100037097931,0.12638352625072002,0.11747632771730424,0.11600732877850532,0.10817961245775223,0.10527828522026539,0.10735280700027942,0.0,0.09832707233726978,0.10770836733281612,0.10943011045455933,0.11104140281677247,0.13092750385403634,0.12352979108691216,0.13748341649770737,0.14307018518447875,0.15448447465896606,0.18912918493151665,0.17564525455236435,0.18416070342063903,0.19865506887435913,0.21290093064308166,0.22396914139389992,0.2333114668726921,0.249696946144104,0.26094348132610323,0.27647670954465864,0.2919040620326996,0.3077545344829559,0.32768093049526215,0.3451365321874619,0.36998568922281266,0.41280741393566134
t_24,1.3809017539024353,1.3838660299777985,1.3841316759586335,1.3816155910491943,1.3796183705329894,1.3806173741817473,1.37616868019104,1.3747187495231628,1.3733243584632873,1.3728887140750885,1.367589783668518,1.3676330983638763,1.3672101080417634,1.3661051273345948,1.3643439531326294,1.359106284379959,1.35806143283844,1.3566677629947663,1.3564580023288726,1.3530984401702881,1.3494266033172608,1.3498749375343322,1.347112673521042,1.3424679458141326,1.3418007671833039,1.3412785887718202,1.33828763961792,1.335320508480072,1.333828967809677,1.3317984879016875,1.328004276752472,1.3274011433124542,1.3240209519863129,1.3192745566368103,1.3165885150432586,1.3143109500408172,1.3142940700054169,1.3107860565185547,1.3075273036956787,1.3046452045440673,1.3026282131671905,1.301000440120697,1.296256387233734,1.292716646194458,1.2833150982856751,1.2896962225437165,1.2854650974273683,1.2817579865455628,1.2757574379444123,1.2720249056816102,1.269957435131073,1.2655673146247863,1.258528232574463,1.2566445231437684,1.2524460554122925,1.2444420993328094,1.2384846031665802,1.2341565191745758,1.2356222212314605,1.2301043391227722,1.2205332696437836,1.216155207157135,1.2123809635639191,1.206819188594818,1.2042552411556244,1.194711947441101,1.1903554677963257,1.184110015630722,1.177673488855362,1.1697593867778777,1.169246929883957,1.1606850564479827,1.148009830713272,1.1517211675643921,1.140953356027603,1.1396847486495971,1.131267237663269,1.126553910970688,1.110495924949646,1.1107013821601868,1.1050216257572174,1.0968944430351257,1.0889492213726044,1.0748399138450622,1.0714923202991486,1.0634603261947633,1.0613517999649047,1.05299614071846,1.0439590990543366,1.0361000776290894,1.0270587742328643,1.0181385397911071,1.0018561035394669,1.0026891559362412,0.9894107103347778,0.975091478228569,0.9723081022500992,0.957801628112793,0.9524927735328674,0.9451477974653244,0.9365308821201325,0.9226834267377854,0.9109032809734344,0.8965286701917649,0.8879270523786544,0.8797711342573166,0.8719655454158783,0.8553621530532837,0.8517056375741958,0.8428158700466156,0.8317764699459076,0.8190084010362625,0.8068068712949753,0.7982353359460831,0.7851925969123841,0.7724737823009491,0.763580647110939,0.7483848929405212,0.7385744720697403,0.7236561834812164,0.7037331223487854,0.7037869691848755,0.6907867223024369,0.6745996564626694,0.6648563832044602,0.649945667386055,0.639527416229248,0.6285293996334076,0.6160206943750381,0.6071394950151443,0.5893743455410003,0.5801128059625625,0.5684081256389618,0.5528812736272812,0.5416242957115174,0.5254541754722595,0.5162139594554901,0.5031836926937103,0.4894656702876091,0.4782842010259628,0.4654455080628395,0.44951643943786623,0.4371410146355629,0.4277626499533653,0.4152211770415306,0.40367541611194613,0.3894392266869545,0.3761329486966133,0.36553739160299303,0.3541409865021706,0.3402560442686081,0.3286054939031601,0.31348886489868166,0.30433185696601867,0.29279718101024627,0.2782685935497284,0.2660259574651718,0.2548643559217453,0.24141852259635926,0.22961764186620712,0.2184438943862915,0.20918600112199784,0.19796292185783387,0.18893663436174393,0.1735385276377201,0.16573603376746177,0.1569880798459053,0.1426211729645729,0.1353112317621708,0.12519738040864467,0.12438061945140362,0.11463902145624161,0.1058165568858385,0.10868927650153637,0.09832707233726978,0.0,0.108426533639431,0.10371726267039776,0.10989560447633266,0.12823328711092472,0.11691491715610028,0.1295627698302269,0.1342025578022003,0.14574604406952857,0.1820104904472828,0.1652999550104141,0.17423784956336022,0.18787362724542617,0.20370669588446616,0.21356794834136963,0.22277109175920487,0.23975351229310035,0.2514044851064682,0.26707921028137205,0.2824400022625923,0.2986681044101715,0.31921673119068145,0.3366525128483772,0.3615391865372658,0.40622990429401395
t_23,1.38657346367836,1.3896546244621277,1.3899145126342773,1.3873687446117402,1.3853325247764587,1.3863921761512756,1.3818885743618012,1.3804470777511597,1.3791133522987367,1.3786939561367035,1.3732922554016114,1.3734274685382843,1.3730128884315491,1.3719621539115905,1.370170259475708,1.3648642718791961,1.3638513088226318,1.362538856267929,1.3623665630817414,1.359007477760315,1.3553251266479491,1.3558260321617126,1.3530696511268616,1.3483818769454956,1.3477677762508393,1.347302746772766,1.3442834794521332,1.3413398206233977,1.3398776352405548,1.3378504753112792,1.3340482831001281,1.3334972560405731,1.3301394522190093,1.3252809882164,1.3226579308509827,1.3204171299934386,1.320456510782242,1.3170098423957826,1.3136920034885406,1.3108775854110717,1.308856737613678,1.3073484420776367,1.3025764584541322,1.2989684522151947,1.2893324732780456,1.2961781919002533,1.2919932544231414,1.288286703824997,1.2822377979755402,1.2784898161888123,1.276553326845169,1.2722289919853211,1.265052616596222,1.2633268892765046,1.25925053358078,1.2510652720928193,1.2450320661067962,1.2407721281051636,1.2427379369735718,1.2372293949127198,1.2274869918823241,1.2231558978557586,1.2195504486560822,1.214056956768036,1.2117939352989198,1.202038335800171,1.1978179931640625,1.1915890872478485,1.1850548148155213,1.1769898295402528,1.177049845457077,1.1684708714485168,1.1551589906215667,1.1599047839641572,1.1488834083080293,1.1481639444828033,1.1396614193916321,1.1353276431560517,1.1183201849460602,1.1195281386375426,1.1139686465263368,1.1059372186660767,1.0981553196907043,1.0833499014377594,1.0805588960647583,1.072336232662201,1.0713666260242463,1.062862801551819,1.053975224494934,1.0462746620178223,1.0372943878173828,1.0284273266792296,1.0108949899673463,1.0135144293308258,0.9996403008699417,0.9842243432998657,0.9829640865325928,0.9675012230873108,0.9632739394903183,0.9567323952913285,0.9483269840478897,0.9339183658361435,0.9217355370521545,0.9066777408123017,0.8983929127454757,0.8910399168729782,0.8837614297866822,0.8657432496547699,0.8639824658632278,0.855722314119339,0.8445817500352859,0.8322175025939942,0.8193856626749039,0.8119486272335052,0.7985168278217316,0.7861310511827468,0.7780199587345124,0.7624182760715484,0.7532622545957566,0.7376732379198074,0.7139483153820038,0.7188549131155014,0.7057306975126266,0.6886172652244568,0.6804131865501404,0.6639152944087983,0.6537488341331482,0.6432553738355636,0.6316400468349457,0.6239088922739029,0.6051361352205277,0.5963735193014145,0.585432842373848,0.5687963545322419,0.5583853036165237,0.5390566915273667,0.5333257704973221,0.5210448801517487,0.5060759052634239,0.49674948304891586,0.48341569155454633,0.46607414782047274,0.4527443781495094,0.44685031473636627,0.4337083071470261,0.4233773067593575,0.4081626683473587,0.3948512688279152,0.3847674414515495,0.37428871393203733,0.36022359132766724,0.34934297055006025,0.330892938375473,0.3250750586390495,0.31337267756462095,0.2972196340560913,0.2862566187977791,0.2764162361621857,0.2587136387825012,0.2478416569530964,0.2395930401980877,0.23107346296310424,0.21976217925548552,0.19804873540997506,0.1893797278404236,0.18908596858382226,0.16316123455762863,0.15850697532296182,0.15068721100687982,0.14402512907981874,0.14565553590655328,0.12684081196784974,0.12113194316625595,0.10335705205798149,0.10770836733281612,0.108426533639431,0.0,0.11605052947998047,0.10575143098831177,0.10279472097754479,0.11659948602318763,0.1303962253034115,0.1338370345532894,0.13682615384459496,0.15216710045933723,0.15315758883953096,0.16814249083399774,0.1806049883365631,0.1866140730679035,0.20082907751202583,0.2134912960231304,0.2268228642642498,0.2415987066924572,0.2550481826066971,0.2711114138364792,0.28935946673154833,0.3076635956764221,0.32719956487417223,0.352459055185318,0.3939358204603195
t_22,1.380296629667282,1.3832504987716674,1.3835189759731292,1.3810140252113343,1.379031527042389,1.3800238788127899,1.3755971610546112,1.3741556048393249,1.3727905869483947,1.3723615407943726,1.3670818150043487,1.3671308040618897,1.3667235732078553,1.365624690055847,1.3638769209384918,1.3586666226387023,1.3576403915882111,1.356261819601059,1.3560578227043152,1.3527134716510774,1.3490690767765046,1.3495189130306244,1.3467787742614745,1.3421694457530975,1.3414949238300324,1.340988075733185,1.3380136907100677,1.3350709915161132,1.3335823118686676,1.3315686881542206,1.3277955293655395,1.3272029638290406,1.3238530278205871,1.3191605627536773,1.3164858222007751,1.3142367064952851,1.3142249226570129,1.3107430994510652,1.3075117290019989,1.3046698987483978,1.3026627242565154,1.3010313212871552,1.2963428378105164,1.2928383469581604,1.2835624158382415,1.289848166704178,1.2856574475765228,1.2819814145565034,1.2760478377342224,1.2723486721515656,1.2703101754188537,1.2659419298171997,1.2590202271938324,1.257137370109558,1.2529863834381103,1.2450709760189056,1.2391932010650635,1.2349446892738343,1.2363577961921692,1.2309007108211518,1.2214639484882355,1.2171427249908446,1.213413453102112,1.2079226911067962,1.2053686082363129,1.1959661722183228,1.1916783154010773,1.1855121314525605,1.1791875779628753,1.1713741719722748,1.1708341419696808,1.162381774187088,1.1499763011932373,1.1535337269306183,1.142898553609848,1.1416345357894897,1.1333369731903076,1.1286138117313385,1.1129034101963042,1.1130196094512939,1.10740807056427,1.0994517624378204,1.0915705502033233,1.0777670860290527,1.074436569213867,1.066545593738556,1.0643783390522004,1.0561995446681975,1.047256064414978,1.0394737660884856,1.0306491255760193,1.0218052804470061,1.0059596717357635,1.0067025512456893,0.993620079755783,0.9796201020479203,0.9767962753772735,0.962620559334755,0.957356870174408,0.9500396549701691,0.9415677160024643,0.9279702872037887,0.9165004074573517,0.9025632679462433,0.8940828680992127,0.8859448164701462,0.8782031983137131,0.8621695220470429,0.858431875705719,0.8496529668569565,0.8389879375696182,0.8263504296541214,0.814672976732254,0.8059284836053848,0.7933385074138641,0.7808986932039261,0.7719979882240295,0.7572938829660416,0.7476020306348801,0.733332696557045,0.7142364770174027,0.7137181401252747,0.7012716203927993,0.6855087846517562,0.6757913321256638,0.6615025252103806,0.6516181021928787,0.6408409923315048,0.6283946484327316,0.6196767300367355,0.6024282366037369,0.5936161398887634,0.5819978058338166,0.5670738786458969,0.5560553580522537,0.5408800095319748,0.5313339024782181,0.5184887498617172,0.5055354550480843,0.49440630823373793,0.48186066299676894,0.4665378287434578,0.4547604203224182,0.4449601873755455,0.4331765189766884,0.4217174917459488,0.40812036395072937,0.39496017843484876,0.384594538807869,0.374111008644104,0.3598555028438568,0.34869077801704407,0.33379698544740677,0.3254235178232193,0.314103989303112,0.2992327928543091,0.28781438171863555,0.2768548458814621,0.2638514325022697,0.2517975986003876,0.24082572907209396,0.2311357319355011,0.22056980282068253,0.21165846288204193,0.19619037732481956,0.18819567784667016,0.18009989336133003,0.16376514956355095,0.15650101527571678,0.14427813589572908,0.14147831872105598,0.13142393231391908,0.1214798405766487,0.1249041061848402,0.10943011045455933,0.10371726267039776,0.11605052947998047,0.0,0.10675830915570259,0.12431364022195339,0.10940530821681023,0.11463444977998734,0.12190112881362439,0.13245149552822114,0.17072058320045472,0.15010203272104264,0.1546597696840763,0.16960323601961136,0.18693481609225274,0.19406275525689126,0.20424946397542953,0.21990039572119713,0.23110833242535592,0.2479139193892479,0.2624852016568184,0.27818247228860854,0.29950457364320754,0.31760779321193694,0.3431737542152405,0.38952179402112963
t_21,1.3830530405044557,1.386063677072525,1.3863274216651917,1.3838141322135926,1.3818190157413484,1.3828389585018157,1.3783902943134307,1.3769737601280212,1.3756190717220307,1.3752038776874542,1.3698858201503754,1.3699843883514404,1.3695736885070802,1.3685075283050536,1.3667532563209535,1.361524945497513,1.3605135440826417,1.3591838836669923,1.3590031027793885,1.3556713819503785,1.35203577876091,1.3525055170059204,1.3497835159301759,1.3451659739017487,1.3445354461669923,1.3440613985061645,1.341088879108429,1.3381726562976837,1.3367111802101135,1.3347066819667817,1.330956017971039,1.3303911507129669,1.3270565032958985,1.3223057031631469,1.319679868221283,1.3174443304538728,1.3174555242061614,1.3140206277370452,1.3107595145702362,1.3079600095748902,1.3059498369693756,1.3043880343437195,1.2997004449367524,1.2961640298366546,1.28676580786705,1.2932833552360534,1.2891225397586823,1.2854605913162231,1.2795020639896393,1.275799995660782,1.2738249719142913,1.2695059835910798,1.2625045716762542,1.2607239067554474,1.2566305935382842,1.2486346781253814,1.2427308917045594,1.2385234534740448,1.2401830971240997,1.2347392320632935,1.2252394676208496,1.2209673941135406,1.217326545715332,1.2118905127048492,1.2094977259635926,1.2000078737735749,1.1957938075065613,1.1896451473236085,1.1832904279232026,1.1754147708415985,1.1751711070537567,1.1667421817779542,1.1540349006652832,1.158102023601532,1.1473767638206482,1.1463964343070985,1.1380689918994904,1.1335643708705903,1.1174162387847901,1.1180448710918427,1.1125260293483734,1.104623657464981,1.096858561038971,1.082742989063263,1.0796914100646973,1.0717254400253295,1.070137119293213,1.0619070887565614,1.0530853867530823,1.0453927934169769,1.0366305887699128,1.027818900346756,1.011404663324356,1.0130557775497437,0.9997139632701874,0.9852174609899521,0.9831437408924103,0.9685574740171432,0.9638487994670868,0.9569595158100128,0.9486377000808716,0.9348321080207824,0.9231938511133194,0.9089802026748657,0.9006904870271683,0.8930010616779327,0.8855839759111405,0.8688800781965256,0.8661200553178787,0.8576724886894226,0.8470216780900955,0.8346243679523468,0.8227009564638138,0.8145460069179535,0.8018399924039841,0.7896058529615402,0.7811279177665711,0.7662623226642609,0.7569938957691192,0.7423942744731903,0.7214724481105804,0.7234017789363861,0.7108735024929047,0.6947643101215363,0.6858169585466385,0.6708675235509872,0.6610455185174942,0.650649693608284,0.6386541962623596,0.6305037051439285,0.6128329277038574,0.6042254656553269,0.5929492264986038,0.577643769979477,0.5671162635087967,0.5504861891269683,0.5426528453826904,0.5301432579755783,0.5167848855257035,0.5064783290028572,0.4937514841556549,0.47795876711606977,0.4655176714062691,0.4576801523566246,0.4454117760062218,0.4346537053585052,0.4205631673336029,0.4073729008436203,0.39742270261049273,0.3872033879160881,0.37296589016914367,0.3622040465474129,0.3462141677737236,0.3392317593097687,0.32795577496290207,0.31205888092517853,0.3008981138467789,0.29048210233449934,0.27583213001489637,0.26405682861804963,0.25388116091489793,0.2448202282190323,0.23408403843641282,0.21884708404541015,0.20628867968916892,0.20220788717269897,0.18703103810548782,0.1745147153735161,0.16615588515996932,0.1560758024454117,0.1522930607199669,0.1387631669640541,0.13176505342125894,0.12159341350197791,0.11104140281677247,0.10989560447633266,0.10575143098831177,0.10675830915570259,0.0,0.11088746674358844,0.10199951976537705,0.11322333551943302,0.11501481011509895,0.1210011150687933,0.15108376890420913,0.13900929167866707,0.1469758443534374,0.15755608007311822,0.1708632305264473,0.18235549405217172,0.19236965104937553,0.2071024551987648,0.21911703795194626,0.23494597896933556,0.25083099752664567,0.2676451221108437,0.2880663737654686,0.3070840835571289,0.3331694006919861,0.37841126322746277
t_20,1.3878187358379364,1.3909359097480773,1.3911767780780793,1.3886530160903932,1.3866239011287689,1.3876993894577025,1.3832232773303985,1.3818098306655884,1.380512821674347,1.380112612247467,1.3747274696826934,1.3748878300189973,1.3744831025600432,1.3734735906124116,1.371678227186203,1.3664081633090972,1.3654446482658387,1.3641667902469634,1.3640101075172424,1.3606901168823242,1.357043093442917,1.3575576901435853,1.3548306822776794,1.3501816749572755,1.3496059119701385,1.3491691827774048,1.346176302433014,1.3432797193527222,1.3418614864349365,1.3398622393608093,1.3361045658588409,1.3355873644351959,1.3322778642177582,1.3274199903011321,1.324872189760208,1.3226794719696044,1.322725534439087,1.3193398356437682,1.3160449385643005,1.3133055448532105,1.3113206148147583,1.3098632216453552,1.3051609575748444,1.3015739381313325,1.292003720998764,1.298893278837204,1.2947975039482116,1.2911255180835723,1.2851546943187713,1.2814664721488953,1.2795982301235198,1.275352907180786,1.2682700634002686,1.266627126932144,1.2626277565956117,1.2545317709445953,1.2485669791698455,1.2444233238697051,1.246489667892456,1.2410650372505188,1.2314584493637084,1.2272330224514008,1.2237412452697753,1.2183468401432038,1.216210675239563,1.2066007852554321,1.2025238692760467,1.1963858604431152,1.189973646402359,1.1820155084133148,1.1822119176387786,1.1737877905368805,1.1606197118759156,1.1655053079128266,1.1546321570873261,1.1540600419044496,1.1457171976566314,1.1415466964244843,1.124688869714737,1.1261000633239746,1.1207329869270324,1.1129300355911256,1.105276769399643,1.0906954407691956,1.0880494952201842,1.0799290120601654,1.0793218195438385,1.0709423184394837,1.062289696931839,1.054755437374115,1.0460748195648193,1.0372812688350677,1.0198705911636352,1.0229793310165405,1.009198060631752,0.9938892960548401,0.9929651200771332,0.9776092737913131,0.9738042026758194,0.9675415068864822,0.9594965130090714,0.945158165693283,0.9332623839378357,0.9185831815004348,0.9105421841144562,0.903467544913292,0.8964382290840149,0.8785567343235016,0.8772667288780213,0.8694802254438401,0.8587683916091919,0.8467042446136475,0.8342280179262161,0.8271045446395874,0.8140844255685806,0.8020472645759582,0.7943043231964111,0.7790139973163605,0.7701627761125565,0.7552695155143738,0.7311677753925323,0.7370939195156098,0.72467400431633,0.7075423538684845,0.6998951613903046,0.6836427032947541,0.6744473457336426,0.6642295151948929,0.6529775142669678,0.6457031399011612,0.6272327363491058,0.619194957613945,0.608439901471138,0.5922269582748413,0.5822894632816314,0.5632600754499435,0.5586794644594193,0.5466637194156647,0.5322897642850876,0.5232727617025376,0.5102215692400932,0.49372399002313616,0.48017624020576477,0.4749150454998016,0.46259512305259703,0.452473646402359,0.43797577619552613,0.4250450596213341,0.41579681634902954,0.4061822921037674,0.3914101913571358,0.3811799705028534,0.3628894120454788,0.3579531297087669,0.3469748064875603,0.33046984821558,0.3196396231651306,0.3106545016169548,0.29242128878831863,0.2821196734905243,0.27371361255645754,0.2651305764913559,0.2542111203074455,0.23146402165293695,0.2231088824570179,0.22367249727249144,0.19781484380364417,0.19103004783391953,0.1831108570098877,0.17557175308465958,0.1746634855866432,0.15566454753279685,0.14780162647366524,0.1284556120634079,0.13092750385403634,0.12823328711092472,0.10279472097754479,0.12431364022195339,0.11088746674358844,0.0,0.11763236038386822,0.12249407209455968,0.12008605524897575,0.12293930277228356,0.1224492222070694,0.12982637211680412,0.1432070516049862,0.15698745474219322,0.15848081782460213,0.1720171481370926,0.1863802582025528,0.1970778875052929,0.21232500523328782,0.22580528259277344,0.24071262404322624,0.2605652123689651,0.2781376078724861,0.29988635778427125,0.3262959599494934,0.3670755192637444
t_19,1.3831148087978362,1.3860827326774596,1.3863312304019928,1.3838431537151337,1.3818627953529359,1.3828534364700318,1.378441834449768,1.3770168840885162,1.3756520450115204,1.3752193331718445,1.3699596703052521,1.3700261950492858,1.369605189561844,1.368515008687973,1.3667729258537293,1.3615858018398286,1.3605578243732452,1.359212690591812,1.3590167582035064,1.3556787431240083,1.3520573794841766,1.3525175034999848,1.3498062014579773,1.3451986372470857,1.3445659279823303,1.3440636694431305,1.3410982489585876,1.338184303045273,1.3367120802402497,1.3347182631492616,1.3309796690940856,1.3304051637649537,1.3270557582378388,1.3223888874053955,1.3197518587112427,1.3175317764282226,1.317542552947998,1.3141098320484161,1.3108914732933044,1.3080718696117402,1.306093657016754,1.3045397996902466,1.2998611569404601,1.2963934540748596,1.2871283292770386,1.2934817552566529,1.2893491744995118,1.2857284545898438,1.2798465967178345,1.2761916041374206,1.2742113411426543,1.2699192404747008,1.263027685880661,1.2612036526203156,1.2571264982223511,1.2492664575576782,1.243462723493576,1.2392386972904206,1.240763211250305,1.2354068160057068,1.2260304749011994,1.2217826783657073,1.2181344866752624,1.2127183318138122,1.2103113889694215,1.200943648815155,1.1966897308826447,1.1906661808490753,1.1843823730945586,1.1766539096832276,1.176243644952774,1.1679078042507172,1.1554123878479003,1.1592150032520294,1.1487185418605805,1.147578626871109,1.1393710672855377,1.1348710417747498,1.1191349565982818,1.1194420158863068,1.113914918899536,1.106000304222107,1.0983944296836854,1.084590059518814,1.0814389050006867,1.0737156569957733,1.0716874301433563,1.0636483490467072,1.05487180352211,1.0473628699779511,1.0384904861450195,1.0300737857818603,1.014208549261093,1.0150216400623322,1.002268722653389,0.988384085893631,0.9858687460422516,0.971838116645813,0.9667836904525757,0.9598096400499344,0.9513846814632416,0.9381952106952667,0.926802197098732,0.9128507733345032,0.904658916592598,0.8970417737960815,0.8896037608385086,0.873683187365532,0.8702353239059448,0.8616730898618699,0.850946021080017,0.8389949142932892,0.8270573496818543,0.819222804903984,0.8066958039999008,0.7946446716785431,0.7862835466861725,0.7719768792390823,0.7626484513282776,0.7482490003108978,0.729576313495636,0.7295679897069931,0.7170895636081696,0.7021037191152573,0.6929624944925308,0.6787365198135376,0.6684242814779282,0.6580594718456269,0.6466206759214401,0.6382962137460708,0.621814700961113,0.6128025859594345,0.6020315527915955,0.5875166058540344,0.576796469092369,0.5613574653863906,0.5526309221982956,0.5406308531761169,0.5274750173091889,0.5174066066741944,0.505092003941536,0.49031223356723785,0.47879471480846403,0.4700539201498032,0.4578400254249573,0.44738291651010514,0.43363324254751207,0.4212814554572105,0.41111966520547866,0.3993094086647034,0.38766548186540606,0.3758841037750244,0.36202995479106903,0.35262397974729537,0.3411113068461418,0.32830830216407775,0.3162348046898842,0.3053084507584572,0.29261925369501113,0.28123149275779724,0.27028436958789825,0.2609862521290779,0.2494906395673752,0.23902718499302864,0.2251298040151596,0.21559515446424485,0.2046373136341572,0.1926427438855171,0.18183502107858657,0.17159180119633674,0.16455805525183678,0.15366121381521225,0.14245513156056405,0.1365426503121853,0.12352979108691216,0.11691491715610028,0.11659948602318763,0.10940530821681023,0.10199951976537705,0.11763236038386822,0.0,0.1026689887046814,0.10076896846294403,0.10441512614488602,0.14793384894728662,0.12116575799882412,0.1282613292336464,0.1390401989221573,0.1533966116607189,0.1646524600684643,0.1698047511279583,0.1892659217119217,0.20026321411132814,0.21657832637429236,0.2321673408150673,0.24918959215283393,0.2712812006473541,0.288828606903553,0.31549073159694674,0.36632882058620453
t_18,1.3816012024879456,1.3845804452896118,1.3848259031772614,1.382353848218918,1.3803832590579987,1.3813879787921906,1.3770095527172088,1.3756003499031066,1.3742655098438263,1.3738495051860808,1.3686147451400756,1.3686952352523805,1.368289089202881,1.3672270774841309,1.3654913902282715,1.360355055332184,1.3593506038188934,1.3580232203006743,1.3578427135944366,1.3545398831367492,1.3509605467319488,1.3514264345169067,1.3487366437911987,1.344177210330963,1.3435347378253937,1.3430652737617492,1.34012468457222,1.3372451663017273,1.3358009576797485,1.3338246107101441,1.3301218271255493,1.3295548737049103,1.3262701988220216,1.3216328740119934,1.319023311138153,1.3168224692344666,1.316817146539688,1.3134145796298982,1.3102340161800385,1.3074432730674743,1.3054832458496093,1.3039110600948334,1.299294537305832,1.2958506762981414,1.2866938650608062,1.2929662227630616,1.288856416940689,1.2852611243724823,1.2794348359107972,1.2758082687854766,1.273837971687317,1.2695855259895326,1.2627750873565673,1.2609853148460388,1.2569303572177888,1.249157041311264,1.243415492773056,1.2392744660377502,1.2407422244548798,1.2354027152061462,1.2261692881584167,1.2219689607620239,1.2183669269084931,1.2130230128765107,1.2105952203273773,1.201376920938492,1.197213637828827,1.191205221414566,1.185042130947113,1.1774124026298523,1.1769619286060333,1.168723952770233,1.1565377473831178,1.1601492404937743,1.1497613191604614,1.1486085414886475,1.1405197441577912,1.1359888076782227,1.1205962479114533,1.1208202838897705,1.1154016077518463,1.1076716423034667,1.1000146925449372,1.0865503013134004,1.0833820700645447,1.075725442171097,1.0737094700336456,1.065760177373886,1.0571237921714782,1.04958815574646,1.0410291075706481,1.0324930787086486,1.0170216858386993,1.0178950250148773,1.0051900327205658,0.991578271985054,0.9889482975006103,0.97518270611763,0.9702002078294754,0.9631761997938156,0.9550338387489319,0.9418574780225754,0.930749922990799,0.9172887891530991,0.909129974246025,0.9013809531927108,0.8939734429121018,0.8784049451351166,0.8749309986829757,0.8665106952190399,0.856279256939888,0.8441780120134353,0.8329164564609528,0.8245510071516037,0.8124921709299088,0.8006012082099915,0.7920944541692734,0.7779987543821335,0.7687534838914871,0.7550093591213226,0.7365567713975907,0.7362758368253708,0.7243909358978271,0.7093258887529373,0.7000755369663239,0.6863969743251801,0.6769220441579819,0.6667135000228882,0.6548751682043076,0.6465960085391999,0.6300628840923309,0.6217227131128311,0.6106144040822983,0.5964890062808991,0.5860272943973541,0.5714455544948578,0.5625103950500489,0.5502837806940079,0.5379982173442841,0.527365916967392,0.5154694616794586,0.5009852528572083,0.4896526724100113,0.4805483236908913,0.4691354542970657,0.458377493917942,0.44549407064914703,0.4327672481536865,0.42295486479997635,0.41278392970561983,0.3992962598800659,0.38859372586011887,0.3744235709309578,0.366392220556736,0.3557872101664543,0.34100400358438493,0.32995622158050536,0.3193464294075966,0.3063280627131462,0.294651010632515,0.2842934563755989,0.2746989503502846,0.2639909967780113,0.25331900268793106,0.23930088952183723,0.2310733400285244,0.2210293248295784,0.20609406158328056,0.1962940961122513,0.18481232598423958,0.17955565229058265,0.1665908433496952,0.156552055478096,0.15122780352830886,0.13748341649770737,0.1295627698302269,0.1303962253034115,0.11463444977998734,0.11322333551943302,0.12249407209455968,0.1026689887046814,0.0,0.10113359205424785,0.10658807419240475,0.14545031040906906,0.11950567811727524,0.1208597719669342,0.13277919292449952,0.14902148321270942,0.15586240887641906,0.16407145261764527,0.17767665833234786,0.1892208106815815,0.20591104105114938,0.2205204926431179,0.2369443029165268,0.2592330239713192,0.2781889960169792,0.30519664734601976,0.3550321191549301
t_17,1.381950670480728,1.3849284648895264,1.385176420211792,1.3827068209648132,1.380737316608429,1.381745022535324,1.3773639440536498,1.3759579479694366,1.374635237455368,1.3742139637470245,1.3689947783946992,1.3690746784210206,1.3686618208885193,1.367612761259079,1.3658710360527038,1.3607452809810638,1.3597481071949005,1.3584309637546539,1.3582474768161774,1.3549518764019013,1.351368600130081,1.3518397092819214,1.349156415462494,1.3446045160293578,1.343981808423996,1.3434979438781738,1.3405864477157592,1.3377029240131377,1.3362651944160462,1.3342967092990876,1.330602753162384,1.3300487995147705,1.3267601490020753,1.322129249572754,1.3195373296737671,1.3173481047153472,1.3173588156700133,1.3139705240726471,1.3107956528663636,1.3080212950706482,1.3060730338096618,1.3045223891735076,1.2999262809753418,1.2964947760105132,1.2873602390289307,1.293629413843155,1.2895584166049958,1.2859795093536377,1.2801917254924775,1.2765852570533753,1.2746344447135924,1.270411229133606,1.2636344611644745,1.2618505895137786,1.2578230142593383,1.2500875473022461,1.2443573772907257,1.2402377724647522,1.2417215347290038,1.2364174664020537,1.2272214114665985,1.223049920797348,1.219465857744217,1.214144730567932,1.2117441892623901,1.2025721490383148,1.198435866832733,1.192462718486786,1.1863088607788086,1.1787255585193634,1.178309029340744,1.1701099693775177,1.1579386591911316,1.1615769863128662,1.151260644197464,1.1501107692718506,1.1420666456222535,1.137614667415619,1.122259646654129,1.1224877536296844,1.1171032071113587,1.109422504901886,1.1018271565437316,1.0884135842323304,1.0852739632129669,1.0776270627975464,1.0756802082061767,1.067756760120392,1.059177076816559,1.05174520611763,1.0431761264801025,1.0347313582897186,1.0192935466766357,1.0201990604400635,1.0075879752635957,0.9940575361251831,0.9914403647184372,0.9777197986841202,0.9728115439414978,0.9658912420272827,0.9578177183866501,0.944735124707222,0.9336865454912185,0.9202531427145004,0.9121880292892456,0.9045508503913879,0.8972225904464721,0.8817136645317077,0.8782980650663376,0.8699630171060562,0.85975441634655,0.8478965818881988,0.8365786641836166,0.8285290151834488,0.8164556354284287,0.8046613365411759,0.7963771969079971,0.7823565840721131,0.7732120841741562,0.7595870137214661,0.741212683916092,0.7411545097827912,0.7293029338121414,0.7143133342266083,0.7052985310554505,0.6916728377342224,0.6821980893611908,0.6720611840486527,0.6604587495326996,0.6522625088691711,0.6360673934221268,0.6276814937591553,0.6167169868946075,0.6027270704507828,0.5923846930265426,0.5778413474559784,0.569281592965126,0.557198429107666,0.5449782907962799,0.5345596432685852,0.5226627558469772,0.5084868609905243,0.4970607191324234,0.48827035874128344,0.4768004223704338,0.4662275865674019,0.4535077437758446,0.44087530821561816,0.4314596578478813,0.4207370236515999,0.4076617151498795,0.3967726781964302,0.3833340585231781,0.37437578439712527,0.36375937461853025,0.3497414723038673,0.3384674847126007,0.32792059481143954,0.3150153115391731,0.3035650819540024,0.2932977735996246,0.2833686113357544,0.2727562516927719,0.26176480054855344,0.2473519302904606,0.23985378295183182,0.22954201996326445,0.21475451588630676,0.20384635999798775,0.19313465133309365,0.18540649488568306,0.17481838613748552,0.1639588840305805,0.157220521569252,0.14307018518447875,0.1342025578022003,0.1338370345532894,0.12190112881362439,0.11501481011509895,0.12008605524897575,0.10076896846294403,0.10113359205424785,0.0,0.10127088911831379,0.13699808716773987,0.10793871507048607,0.11198597252368928,0.12247024364769458,0.13621688410639762,0.14430433362722397,0.14950364157557489,0.1677726648747921,0.1777514785528183,0.1938158504664898,0.20919376015663146,0.22632296159863471,0.24881283342838287,0.2681394785642624,0.29572325199842453,0.34584547132253646
t_16,1.3846685230731963,1.387695348262787,1.3879287958145141,1.3854451060295105,1.3834724843502044,1.3844840109348298,1.3800870597362518,1.378694862127304,1.3773706138134003,1.3769484162330627,1.3716984808444976,1.3718019247055053,1.3713825464248657,1.3703443109989166,1.3685988664627076,1.3634524583816527,1.3624651253223419,1.3611629784107209,1.3609867215156555,1.357688045501709,1.3541086256504058,1.3545842587947845,1.3519057154655456,1.347331166267395,1.3467407941818237,1.3462747097015382,1.3433283030986787,1.3404596388339995,1.33903728723526,1.3370699822902679,1.3333855092525482,1.3328478991985322,1.3295517086982727,1.3249061703681946,1.3223334729671479,1.3201706767082215,1.3202037990093232,1.3168375551700593,1.3136530756950378,1.310897570848465,1.3089594721794129,1.307462066411972,1.3028443574905395,1.2994012713432312,1.2901890873908997,1.2966191649436951,1.2925441443920136,1.2889999389648437,1.283185112476349,1.279592800140381,1.2776861250400544,1.273482358455658,1.2666790962219239,1.2649444937705994,1.2609683394432067,1.253182202577591,1.2474544107913972,1.2433413982391357,1.2449816107749938,1.2397201478481292,1.2304534673690797,1.226304143667221,1.222780579328537,1.2175020575523376,1.2152121305465697,1.2059415698051452,1.2018390417098999,1.1959110081195832,1.1897251844406127,1.182112067937851,1.181853139400482,1.1736809611320496,1.161284190416336,1.165263330936432,1.1548903465270997,1.153927606344223,1.1458580493927002,1.1415034651756286,1.1258908927440643,1.1264370918273925,1.121067726612091,1.113380593061447,1.1059118986129761,1.0922497749328612,1.0893056213855743,1.0816807210445405,1.0799887478351593,1.0720977067947388,1.0635493397712708,1.0562065422534943,1.0476007878780365,1.0393041610717773,1.0235629022121429,1.0248246610164642,1.0121578752994538,0.9983548015356064,0.9961796790361405,0.9822822451591492,0.9776454538106918,0.9709846675395966,0.9628623753786087,0.9497992426156998,0.9386290580034256,0.9249642580747605,0.916994771361351,0.9096941351890564,0.902545353770256,0.8867277443408966,0.8838108450174331,0.8756559431552887,0.8652951091527938,0.8536430627107621,0.8420692414045334,0.8344467967748642,0.8223051846027374,0.8106900185346604,0.8026590675115586,0.7886803269386291,0.7797412067651749,0.7657996028661728,0.7467716842889786,0.7477337300777436,0.7358162999153137,0.7209730088710785,0.7123825758695602,0.6983373612165451,0.6887147307395936,0.6788458377122879,0.667694267630577,0.6599502027034759,0.6435576677322388,0.6352453321218491,0.6248168647289276,0.6106023460626602,0.6005010694265366,0.5850777059793473,0.57733533680439,0.5657143592834473,0.553126871585846,0.5434272706508636,0.5316535919904709,0.5170362055301666,0.5057639181613922,0.4977992236614227,0.48628236502408984,0.47611324191093446,0.46291284263134,0.4508937031030655,0.4412971153855324,0.43076223134994507,0.41846152395009995,0.40750915110111235,0.3931656777858734,0.3853248178958893,0.3745568886399269,0.3608855038881302,0.3497694760560989,0.33945870250463483,0.32595374137163163,0.3149928331375122,0.30495773404836657,0.2957677900791168,0.284663000702858,0.27135209888219836,0.25920440554618834,0.25159864127635956,0.2379576250910759,0.22651633024215698,0.21567209735512732,0.2061019979417324,0.19872652888298034,0.1857703447341919,0.17354943379759788,0.16189254745841025,0.15448447465896606,0.14574604406952857,0.13682615384459496,0.13245149552822114,0.1210011150687933,0.12293930277228356,0.10441512614488602,0.10658807419240475,0.10127088911831379,0.0,0.12915986254811287,0.10119695141911507,0.10717695951461792,0.11186402775347233,0.12251932360231876,0.1342466227710247,0.13981697633862494,0.15369391292333603,0.16673040017485619,0.18176728561520578,0.19741574227809905,0.2157615177333355,0.237665057182312,0.25639159977436066,0.28379976749420166,0.3360281243920326
t_15,1.3924558937549592,1.395625603199005,1.3958546996116639,1.3933426678180694,1.3913109302520752,1.3924143731594085,1.3879579067230225,1.3866006493568421,1.3853632748126983,1.3849733352661133,1.379610574245453,1.3798279404640197,1.3794236838817597,1.3784643948078155,1.3766768038272859,1.3714445233345032,1.3705362260341645,1.3693256080150604,1.3692053139209748,1.3659126579761505,1.3623234272003173,1.3628892421722412,1.3601942777633667,1.355587887763977,1.355060440301895,1.3546711385250092,1.3516946852207183,1.3488697826862335,1.3475277841091156,1.345563292503357,1.3418833434581756,1.341419517993927,1.3381694853305817,1.3333475112915039,1.3308729588985444,1.3287500023841858,1.3288398027420043,1.3255617678165437,1.322311943769455,1.3196424543857574,1.3177213311195373,1.316355925798416,1.3117439448833466,1.3081910133361816,1.2986581802368165,1.3057164430618287,1.3017189860343934,1.298157525062561,1.2922902762889863,1.2886694014072417,1.2869390726089478,1.2828446865081786,1.2758435606956482,1.2743458807468415,1.270525825023651,1.2625353515148163,1.2566828608512879,1.2526757836341857,1.2550028860569,1.2497548580169677,1.2402552604675292,1.2362204313278198,1.2329056441783905,1.2276998579502105,1.225820356607437,1.2163172483444213,1.2124392092227936,1.2065340459346772,1.2002229154109956,1.19243945479393,1.1929499089717865,1.1847699761390686,1.1715808749198913,1.1769278824329377,1.1662381529808044,1.1660178124904632,1.1578764498233796,1.1540393710136414,1.1372028648853303,1.1390779256820678,1.1340239346027374,1.1264769971370696,1.1191429495811462,1.1046310842037201,1.1024287283420562,1.0945098161697389,1.0944949209690094,1.0863825917243957,1.0781210601329803,1.070979219675064,1.0625381529331208,1.0541027784347534,1.0367267906665802,1.0405740082263946,1.027066433429718,1.0118261516094207,1.0116541057825088,0.9964043855667114,0.9933393836021424,0.9876555562019348,0.9799878120422363,0.9660554766654968,0.9544375836849213,0.9399438291788101,0.9323573976755142,0.926067927479744,0.9196845889091492,0.9018733263015747,0.9016058415174484,0.8944530159235,0.8841322600841522,0.872809499502182,0.8605892479419708,0.8544540226459503,0.8418794393539428,0.8304822415113449,0.8235928267240524,0.8089246541261673,0.8008866965770721,0.7863442450761795,0.7618244230747223,0.7696212112903595,0.7576800525188446,0.7412218302488327,0.7346082389354706,0.7187289386987686,0.709880793094635,0.7005773544311523,0.6903424143791199,0.6839410841464997,0.6661834865808487,0.6586530357599258,0.6489557415246964,0.6333899855613708,0.6244944840669632,0.6054019778966904,0.6024996101856231,0.5913531750440597,0.5772046893835068,0.5697693437337875,0.5574735760688782,0.5412871718406678,0.5283794552087784,0.524771586060524,0.5126041412353516,0.5038352742791176,0.4899104431271553,0.4780346304178238,0.46920074075460433,0.46015414893627166,0.4467926174402237,0.4372265487909317,0.4195936247706413,0.4150623887777328,0.4044632866978645,0.3895318448543549,0.3791873276233673,0.37086075693368914,0.3530293270945549,0.3432044699788094,0.3358530685305595,0.3279145807027817,0.3173572406172752,0.2928128108382225,0.28636603206396105,0.28680225014686583,0.25996105521917345,0.25460241362452507,0.24656052738428116,0.23882432729005815,0.23663471415638923,0.21534116491675376,0.207119869440794,0.18363000601530075,0.18912918493151665,0.1820104904472828,0.15216710045933723,0.17072058320045472,0.15108376890420913,0.1224492222070694,0.14793384894728662,0.14545031040906906,0.13699808716773987,0.12915986254811287,0.0,0.1185444187372923,0.13251555860042571,0.13635570853948592,0.12440446205437183,0.1355508103966713,0.15250113159418105,0.1559349201619625,0.17319486364722253,0.1821436956524849,0.19606286957859992,0.21731996685266494,0.2322317712008953,0.2562462352216244,0.2829262316226959,0.3240086227655411
t_14,1.3859385907649995,1.3889626026153565,1.389208322763443,1.386729496717453,1.3847402930259705,1.3857674717903137,1.3813727974891663,1.3799797296524048,1.378687608242035,1.3782684683799744,1.3730240225791932,1.3731411516666412,1.3727257311344148,1.3716981112957,1.369935303926468,1.364793848991394,1.3638198971748352,1.3625433802604676,1.3623708009719848,1.3590822577476502,1.3555183947086333,1.3560262262821197,1.3533535718917846,1.3487943947315215,1.348208051919937,1.34775430560112,1.3448264598846436,1.3419877648353578,1.3405813574790955,1.338628602027893,1.3349497377872468,1.3344410181045532,1.3311675906181335,1.3265095353126526,1.3239804267883302,1.3218334674835206,1.3218839645385743,1.318551880121231,1.3153703808784485,1.3126412630081177,1.3107222199440003,1.309258335828781,1.3046878695487976,1.301242607831955,1.292054569721222,1.2985466361045837,1.2945290625095367,1.29099161028862,1.2852329313755035,1.2816636264324188,1.2797906577587128,1.2756536304950714,1.268870657682419,1.2671891510486604,1.2632619798183442,1.2555292785167693,1.2498362362384796,1.2457615375518798,1.2474998652935028,1.2422917783260345,1.2330908834934236,1.2290010750293732,1.2255352556705474,1.220322948694229,1.218122810125351,1.2088987052440643,1.204877460002899,1.1990192890167237,1.1928643345832826,1.1853021025657653,1.185170179605484,1.1770812690258026,1.1646669864654542,1.1688218712806702,1.1585024118423461,1.1576734364032746,1.1496783792972565,1.1454881250858306,1.129855465888977,1.1305618703365325,1.1253470182418823,1.1177374124526978,1.1103976011276244,1.0967504322528838,1.0939598381519318,1.0863943338394164,1.084993988275528,1.0771424114704131,1.0687426686286927,1.0615777790546417,1.0530589401721955,1.0448661029338837,1.0290612995624542,1.030688065290451,1.0180921792984008,1.0043131202459334,1.0024242758750916,0.9885074168443679,0.9841878533363342,0.977781993150711,0.9698375910520554,0.9568654149770737,0.9458240360021591,0.9321973979473114,0.924397736787796,0.9174019753932953,0.9105311542749405,0.8946765571832657,0.892180210351944,0.8843610376119614,0.874114015698433,0.8627915471792221,0.8512333303689956,0.8441492944955826,0.8321092128753662,0.8206434041261673,0.8130537509918213,0.7992296308279038,0.7905668973922729,0.7768485099077225,0.7573821306228637,0.7594216346740723,0.7476421594619751,0.7328361570835114,0.7247558563947678,0.7107628583908081,0.7013586521148681,0.6916684120893478,0.681063637137413,0.673556101322174,0.6575398206710815,0.6493865191936493,0.639294895529747,0.6251897722482681,0.6155108064413071,0.5999999105930328,0.5932600110769272,0.5819682598114013,0.5691859990358352,0.5602958351373672,0.5486355692148208,0.5343019902706146,0.5229064404964447,0.5158267021179199,0.5042383387684822,0.49463814347982404,0.4816605865955353,0.470009358227253,0.4608560547232628,0.45020062774419783,0.43836476653814316,0.4276969745755196,0.41373024731874464,0.405678591132164,0.3947697147727013,0.3820222169160843,0.3710168287158012,0.3611635446548462,0.3477295383810997,0.3369604706764221,0.3270977720618248,0.31804541647434237,0.3075566440820694,0.2930038392543793,0.2808859333395958,0.27480875700712204,0.2597101524472237,0.24845850020647048,0.23810118213295936,0.22809202447533608,0.2219107799232006,0.20823214650154115,0.1969452239573002,0.18343805000185967,0.17564525455236435,0.1652999550104141,0.15315758883953096,0.15010203272104264,0.13900929167866707,0.12982637211680412,0.12116575799882412,0.11950567811727524,0.10793871507048607,0.10119695141911507,0.1185444187372923,0.0,0.09547171406447888,0.10428298152983188,0.10437325909733772,0.11144068725407123,0.11969341896474361,0.13421309664845466,0.14616162106394767,0.159476175904274,0.17423909530043602,0.19284992814064025,0.21393700316548347,0.23473193421959876,0.26298836469650266,0.3146881967782974
t_13,1.383120322227478,1.3861153066158294,1.3863479495048523,1.3838924765586853,1.3819350898265839,1.3829442858695984,1.3785898983478546,1.377205216884613,1.3759131491184236,1.3755094468593598,1.370301568508148,1.3704121649265288,1.3699899315834045,1.36896413564682,1.3672322869300841,1.362138307094574,1.3611759424209595,1.3598960041999817,1.3597254812717439,1.3564601123332978,1.3529305517673493,1.3534144759178162,1.3507768929004669,1.3462707996368408,1.3456775665283203,1.3452162742614746,1.3423157632350922,1.3394958794116973,1.3381063580513,1.3361538529396058,1.3325203478336334,1.3319871544837951,1.3287561416625977,1.3241650581359863,1.321626079082489,1.3195066034793854,1.31954185962677,1.3162101686000824,1.3130776405334472,1.310350126028061,1.308454567193985,1.3069583415985107,1.3024270296096803,1.2990275859832763,1.2899950742721558,1.29629425406456,1.292279875278473,1.2887842237949372,1.2830708622932434,1.2795397877693175,1.2776470839977265,1.2735145688056946,1.2668567597866058,1.2651515543460845,1.2612073063850402,1.2535911858081819,1.2479870319366455,1.2439626932144165,1.2455312073230744,1.2403291642665863,1.2313022911548615,1.2272246897220611,1.2237580299377442,1.2185705184936524,1.2163029432296752,1.2072703123092652,1.2032533228397368,1.1974255621433259,1.1913951873779296,1.1839574098587036,1.1836348533630372,1.17563636302948,1.1636317193508148,1.1673613369464875,1.1572347044944764,1.1562475264072418,1.1483564138412476,1.1440614938735962,1.128932821750641,1.129318118095398,1.1241226971149445,1.11663219332695,1.109250283241272,1.0960896909236908,1.093098556995392,1.0856711566448212,1.083941602706909,1.0762066662311554,1.0678798615932465,1.0606669068336487,1.0523401618003845,1.0441442847251892,1.0289764761924745,1.0301405906677246,1.0177890062332153,1.0045203864574432,1.0021451890468598,0.9887375295162201,0.9841482669115067,0.9775235772132873,0.969716665148735,0.9569622993469238,0.9462532639503479,0.9331999957561493,0.9254224270582199,0.9180813014507294,0.9110577195882797,0.8959374517202378,0.8928470134735107,0.8849870890378952,0.8751000761985779,0.8636658966541291,0.8527176171541214,0.8450274407863617,0.833469569683075,0.8220968842506409,0.8141816586256028,0.800696974992752,0.7918808728456497,0.7788183212280273,0.7608549118041992,0.7611854016780853,0.749960434436798,0.7354732692241669,0.7269413501024247,0.7137355774641037,0.7049442410469056,0.695194548368454,0.6842603892087936,0.6765069007873535,0.660889732837677,0.6530574917793274,0.6426914960145951,0.6292361229658127,0.6194370657205581,0.6053534656763077,0.5975340664386749,0.5861719429492951,0.5743827193975448,0.5646235525608063,0.5533968418836593,0.5398818224668502,0.5290074348449707,0.5206920832395554,0.5100168764591217,0.4998761609196663,0.48769282549619675,0.475952285528183,0.46690604388713836,0.45719069242477417,0.4445208713412285,0.4343379274010658,0.42061477452516555,0.41318604350090027,0.4028023064136505,0.38941848278045654,0.3787471100687981,0.36870998293161394,0.35608032494783404,0.3454957202076912,0.3350465133786201,0.32574885338544846,0.3153036296367645,0.30409338027238847,0.29072656482458115,0.28357083201408384,0.2717840403318405,0.25845121741294863,0.24823812022805214,0.2370246022939682,0.23014112338423728,0.21755937933921815,0.20668276771903038,0.1969929777085781,0.18416070342063903,0.17423784956336022,0.16814249083399774,0.1546597696840763,0.1469758443534374,0.1432070516049862,0.1282613292336464,0.1208597719669342,0.11198597252368928,0.10717695951461792,0.13251555860042571,0.09547171406447888,0.0,0.09965338446199894,0.1078314647078514,0.1103533398360014,0.11466329582035542,0.12499571479856968,0.1352250523865223,0.15092240646481514,0.16298010423779488,0.18001547753810881,0.2028637483716011,0.22340590059757232,0.2518276207149029,0.3059228003025055
t_12,1.3840124785900116,1.387013953924179,1.387243205308914,1.3847906470298768,1.382829236984253,1.3838427424430848,1.379493033885956,1.378132128715515,1.3768450498580933,1.3764418244361878,1.3712452828884125,1.3713622331619262,1.370949673652649,1.3699321627616883,1.3681989073753358,1.3631261885166168,1.3621704578399658,1.3609052896499634,1.3607418537139893,1.357489275932312,1.3539754271507263,1.3544724524021148,1.3518416941165925,1.3473426759243012,1.3467701911926269,1.3463222563266755,1.3434313535690308,1.3406423270702361,1.3392577469348907,1.337336790561676,1.3337157905101775,1.3332124292850493,1.329995721578598,1.3254318535327911,1.3229008138179779,1.3208105087280273,1.3208506464958192,1.3175509452819825,1.314429247379303,1.3117284536361695,1.3098503053188324,1.308378767967224,1.3038646578788757,1.3004797101020813,1.2914689302444458,1.297788178920746,1.2937998533248902,1.2903335213661193,1.284637439250946,1.2811275541782379,1.2792521238327026,1.275140380859375,1.2685231029987336,1.2668382346630096,1.2629216372966767,1.2553463399410247,1.249752026796341,1.2457575023174285,1.247330117225647,1.242189484834671,1.2331864297389985,1.2291442513465882,1.2257089614868164,1.2205590188503266,1.218316227197647,1.2092868030071258,1.2053091406822205,1.1995335578918458,1.1935284912586213,1.186144483089447,1.185855394601822,1.1779029190540313,1.1659185528755187,1.1696942031383515,1.1596095860004425,1.1586796462535858,1.1508261919021607,1.146564894914627,1.1315029382705688,1.1319367706775665,1.1267594397068024,1.1193361341953278,1.111997276544571,1.0988412737846374,1.095940399169922,1.088590782880783,1.0868609189987182,1.0792299568653108,1.070964628458023,1.063837116956711,1.055500364303589,1.047411698102951,1.0323587298393249,1.0334846317768096,1.0212826788425446,1.0080718904733659,1.0057883083820343,0.9924817144870758,0.9879611015319825,0.9813915997743606,0.9736320167779923,0.961048424243927,0.9503963023424149,0.9373773396015167,0.929651528596878,0.922538623213768,0.9156309008598328,0.9006250172853469,0.8976597934961319,0.8898311287164689,0.8800066918134689,0.8687163144350052,0.8578569531440735,0.850320503115654,0.8388740688562393,0.8276331841945648,0.8198926031589509,0.8066004246473313,0.7980363667011261,0.7849545925855637,0.7671634286642075,0.7675470262765884,0.7563408225774765,0.7422112077474594,0.7338310956954956,0.7208169430494309,0.7118307173252105,0.7024283945560456,0.6915894418954849,0.6840426385402679,0.6685591787099838,0.6607757806777954,0.650687289237976,0.6374875098466873,0.627900493144989,0.6139034628868103,0.6061931133270264,0.5949735701084137,0.5833172470331192,0.5738504827022552,0.5628783911466598,0.549327266216278,0.5387108594179153,0.5307329207658767,0.5200154513120652,0.510172276198864,0.4980782926082611,0.4867005467414856,0.47760904431343076,0.46793078929185866,0.45570447891950605,0.4456370621919632,0.432451069355011,0.42483430206775663,0.41479408740997314,0.4016345709562302,0.39105936884880066,0.381132610142231,0.3687233731150627,0.3582787558436394,0.3481034323573112,0.33897661715745925,0.328860279917717,0.31681871265172956,0.3041984289884567,0.2968785226345062,0.2852792114019394,0.2722430691123009,0.2618603199720383,0.251144053041935,0.24395058304071426,0.23094042316079139,0.2201438806951046,0.20869270861148834,0.19865506887435913,0.18787362724542617,0.1806049883365631,0.16960323601961136,0.15755608007311822,0.15698745474219322,0.1390401989221573,0.13277919292449952,0.12247024364769458,0.11186402775347233,0.13635570853948592,0.10428298152983188,0.09965338446199894,0.0,0.1016134724020958,0.10704153440892697,0.10718596577644349,0.11751332357525826,0.12493644803762435,0.14122559651732444,0.15313963145017623,0.17099619954824447,0.19291605204343795,0.21191756874322892,0.23982667922973633,0.2961362019181252
t_11,1.3879311561584473,1.3910124242305755,1.391234242916107,1.3887648463249207,1.3867789447307586,1.387833195924759,1.3834429144859315,1.3820978939533233,1.3808463215827942,1.3804442226886748,1.3751967012882234,1.3753623723983766,1.3749483346939086,1.3739663720130921,1.3722051620483398,1.3670863211154938,1.3661572635173798,1.3649299204349519,1.3647824883461,1.3615242838859558,1.3579817414283752,1.358519619703293,1.3558824837207795,1.3513502776622772,1.3508044719696044,1.350388514995575,1.3474593043327332,1.344672930240631,1.3433131515979766,1.3413846790790558,1.3377469897270202,1.3372730016708374,1.3340422987937928,1.329412192106247,1.3269243836402893,1.3248443841934203,1.3249196767807008,1.3216507017612458,1.3184829115867616,1.3158133804798127,1.3139388918876649,1.3125420451164245,1.3080105900764465,1.3045892894268036,1.2954272270202636,1.302016830444336,1.2980690479278565,1.2946003317832946,1.288872915506363,1.2853661894798278,1.2835782825946809,1.2795160472393037,1.2728065371513366,1.27120441198349,1.2673741698265075,1.2596838474273682,1.2540633797645568,1.2500812232494354,1.2519851982593537,1.2468650758266449,1.237730211019516,1.2337386548519134,1.2303944826126099,1.2252817273139953,1.2232377171516418,1.2140986144542694,1.2101771235466003,1.204435396194458,1.1983561217784882,1.190881210565567,1.1909469306468963,1.1829926729202271,1.1705902636051178,1.1750029981136323,1.1647943437099457,1.1641656577587127,1.1562792539596558,1.152285647392273,1.1366436898708343,1.137656146287918,1.1325991213321687,1.1251895308494568,1.1180026233196259,1.1044166028499602,1.1018676280975341,1.094393366575241,1.093364280462265,1.085640114545822,1.0774720072746278,1.0704842686653138,1.0621315240859985,1.0541254103183746,1.0383063495159148,1.0404529452323914,1.0279393553733827,1.0141627550125123,1.0127162158489227,0.998848608136177,0.9949465960264205,0.9888904601335525,0.9812115430831909,0.9683705776929855,0.9574888914823532,0.9440028995275498,0.9364686876535415,0.9298667728900909,0.923324030637741,0.9074679702520371,0.9055788576602936,0.8981360226869584,0.8881633251905441,0.8772101610898971,0.8658299535512924,0.8591921091079712,0.8474294185638428,0.8363889932632447,0.8292015969753266,0.8156777501106263,0.8074594020843506,0.7939990550279618,0.7741575419902802,0.7772945374250412,0.7659382283687591,0.7513521671295166,0.7438708513975143,0.7299901515245437,0.7210456430912018,0.7118442922830581,0.7017242997884751,0.6947745263576508,0.6789441138505936,0.6712909787893295,0.6617316097021103,0.6479505002498627,0.6388126820325851,0.6231498718261719,0.6175063282251358,0.6067148327827454,0.5942868441343307,0.5859889358282089,0.5747214078903198,0.5607353568077087,0.5495189845561981,0.5434318512678147,0.5323269248008728,0.5231787353754044,0.5106503158807755,0.49953960329294206,0.4907797947525978,0.48102137744426726,0.4692968413233757,0.45931113660335543,0.44513320177793503,0.4383370757102966,0.4281423807144165,0.41523597091436387,0.40476352274417876,0.3955426588654518,0.3817472875118256,0.37174193412065504,0.36254113018512724,0.3539006844162941,0.3436772286891937,0.327526231110096,0.31727316081523893,0.31229204386472703,0.29550535678863527,0.285906994342804,0.2757032006978989,0.26651458591222765,0.2595801889896393,0.24498093798756598,0.2346117116510868,0.21835643276572228,0.21290093064308166,0.20370669588446616,0.1866140730679035,0.18693481609225274,0.1708632305264473,0.15848081782460213,0.1533966116607189,0.14902148321270942,0.13621688410639762,0.12251932360231876,0.12440446205437183,0.10437325909733772,0.1078314647078514,0.1016134724020958,0.0,0.0999162033200264,0.10177083238959313,0.10933783799409866,0.1201151367276907,0.1291320625692606,0.14169685542583466,0.16253323778510093,0.18080263659358026,0.20174043327569963,0.22990314662456512,0.2828363537788391
t_10,1.3863825261592866,1.3894204437732696,1.3896476566791534,1.387186622619629,1.3852186739444732,1.3862474024295808,1.381888508796692,1.3805363833904267,1.3792753219604492,1.378878688812256,1.3736695647239685,1.3738094568252563,1.3733964920043946,1.3724006772041322,1.370661211013794,1.3655693113803864,1.3646312177181243,1.3633862853050231,1.363228017091751,1.3599789679050445,1.3564545929431915,1.3569784820079804,1.354339700937271,1.349833792448044,1.349262523651123,1.3488361239433289,1.3459206700325013,1.343142181634903,1.34177468419075,1.3398476779460906,1.3362229406833648,1.3357446849346162,1.3325331330299377,1.3279306411743164,1.3254290640354156,1.3233542263507843,1.3234087347984314,1.3201400935649872,1.3170070469379425,1.3143334567546845,1.312482190132141,1.3110532581806182,1.3065519213676453,1.303168386220932,1.294106650352478,1.300583577156067,1.2966218769550324,1.2931926488876342,1.2875057697296142,1.2840213119983672,1.282218760251999,1.2781776189804077,1.2715433537960052,1.2699312210083007,1.266098642349243,1.2585135579109192,1.2529497861862182,1.2490013360977172,1.2507561564445495,1.2456992626190186,1.2366816520690918,1.2327311992645265,1.2293782711029053,1.2243057787418365,1.2222257375717163,1.213167852163315,1.209294283390045,1.2036114752292633,1.1976086914539337,1.1902428448200226,1.1901866257190705,1.1823108315467834,1.1701786041259765,1.174332195520401,1.1642307102680207,1.1635474622249604,1.1557456016540528,1.1516593396663666,1.1364201486110688,1.137189793586731,1.1321821987628937,1.1248444259166717,1.1176257848739624,1.1043541491031648,1.1017077922821046,1.0943732738494873,1.0931113064289093,1.0855438768863679,1.0774201035499573,1.0704606413841247,1.0622351348400116,1.0542123854160308,1.0389008045196533,1.0407004594802856,1.0284209251403809,1.0150200188159944,1.013299822807312,0.9997744619846344,0.9957412898540496,0.9895421653985977,0.9819175928831101,0.9693165600299836,0.958714234828949,0.9455706417560578,0.9380262196063995,0.9313521176576615,0.9247507929801941,0.9094991862773896,0.9072671175003052,0.8997783720493316,0.8900656908750534,0.8790748000144959,0.8681329607963562,0.8611988514661789,0.8497546404600144,0.8387692779302597,0.8314600944519043,0.8182384639978408,0.8100489050149917,0.797068527340889,0.778180119395256,0.7803160458803177,0.7692217499017715,0.755006417632103,0.7472861558198929,0.7340818554162979,0.7252875983715057,0.7162287175655365,0.7059180587530136,0.6988306701183319,0.6834695607423782,0.6759014636278152,0.6662346541881561,0.6529581069946289,0.6439556449651718,0.6293323069810868,0.6230327755212783,0.6120573848485946,0.6001594066619873,0.5918855398893357,0.5807242304086685,0.567168241739273,0.5563462406396866,0.5497038125991821,0.5389130920171737,0.5297828733921051,0.5176702961325645,0.5067045852541924,0.4979577288031578,0.48846921026706697,0.47657455801963805,0.46682385057210923,0.45365551561117173,0.44647560864686964,0.43633861243724825,0.42368827015161514,0.41339520215988157,0.404251666367054,0.39151354879140854,0.38103924691677094,0.371656334400177,0.3628621831536293,0.3532919779419899,0.3391991913318634,0.3273950591683388,0.3220780178904533,0.3076629191637039,0.2961382448673248,0.2866248026490211,0.27597846537828447,0.2700675591826439,0.2559719607234001,0.2454496867954731,0.23188258484005927,0.22396914139389992,0.21356794834136963,0.20082907751202583,0.19406275525689126,0.18235549405217172,0.1720171481370926,0.1646524600684643,0.15586240887641906,0.14430433362722397,0.1342466227710247,0.1355508103966713,0.11144068725407123,0.1103533398360014,0.10704153440892697,0.0999162033200264,0.0,0.09987200424075127,0.10533462241291999,0.11237317062914372,0.12319634333252907,0.1335625946521759,0.1492917262017727,0.16882379949092866,0.19047422036528588,0.2188674107193947,0.2729063928127289
t_9,1.3851389288902283,1.3881535351276397,1.3883772313594818,1.3859300911426544,1.3839695274829864,1.3849902749061584,1.3806443631649017,1.3792915403842927,1.378022277355194,1.3776133179664611,1.3724355161190034,1.3725642621517182,1.372149246931076,1.3711439788341522,1.369402277469635,1.3643446445465088,1.3634046912193298,1.3621406376361846,1.3619839906692506,1.3587380290031432,1.3552250504493712,1.3557362616062165,1.3531218409538268,1.3486317932605743,1.348067843914032,1.347619253396988,1.3447265923023224,1.3419484198093414,1.340568608045578,1.3386668145656586,1.3350573897361755,1.3345584332942964,1.3313492238521576,1.3268096148967743,1.3243089079856873,1.322235256433487,1.3222884237766266,1.3190284013748168,1.3159188508987427,1.3132302701473235,1.3113866984844207,1.3099607348442077,1.3054767966270446,1.3021326541900635,1.2931671023368836,1.299499160051346,1.2955668807029723,1.292152190208435,1.2865166544914246,1.2830600619316102,1.281235146522522,1.277205377817154,1.2706293642520905,1.2689743638038635,1.2651460826396943,1.257643699645996,1.2521568298339845,1.2481846153736114,1.2498290181159972,1.2448115527629853,1.2358744978904723,1.2319373905658721,1.2285554230213165,1.2234920620918275,1.2213755607604981,1.2124243915081023,1.208504468202591,1.2028684496879578,1.1969177901744843,1.189636081457138,1.189456582069397,1.181637555360794,1.169658398628235,1.1735838174819946,1.1636274099349975,1.1627894937992096,1.1550635516643524,1.1509686589241028,1.1360178768634797,1.1365430235862732,1.1315051317214966,1.124157589673996,1.1170436680316924,1.1040048539638518,1.101252555847168,1.0940380811691284,1.0924617290496825,1.0849876165390016,1.0768587350845338,1.0699788630008698,1.0616956532001496,1.0539211452007293,1.038982880115509,1.0402095198631287,1.0282724261283875,1.0152910113334657,1.013203364610672,1.000061395764351,0.9957499802112579,0.9894684761762619,0.9817890971899033,0.9695815414190292,0.9591010212898254,0.9461917161941529,0.9386976569890976,0.9319538652896882,0.9253168195486069,0.9105743438005447,0.9078392118215561,0.9002148926258087,0.8904839068651199,0.879736989736557,0.8688554257154465,0.8619787156581878,0.850645637512207,0.8397916555404663,0.8324585825204849,0.8195683032274246,0.8112859398126602,0.7984608799219132,0.780998432636261,0.7818451046943664,0.7707873433828354,0.7572014957666398,0.7492823779582978,0.736561444401741,0.7274734795093536,0.718423780798912,0.7083407253026962,0.7011216014623642,0.6864753782749176,0.6786629885435105,0.6691969722509384,0.65636046230793,0.6472099661827088,0.6334368199110031,0.6264385730028152,0.6158003866672516,0.604242080450058,0.5957507610321044,0.5849017083644867,0.5720375835895538,0.5617101341485977,0.5545074850320816,0.5438398838043212,0.5348193645477295,0.5229898810386657,0.5122628301382065,0.5036428734660149,0.4934392422437668,0.4828219562768936,0.47256636768579485,0.4606437474489212,0.45232719033956525,0.44219541251659394,0.4308603495359421,0.4203751593828201,0.4109735980629921,0.39944746494293215,0.3892974406480789,0.3795432835817337,0.3707058861851692,0.3609730377793312,0.3491827979683876,0.33686953485012056,0.32977341413497924,0.3180025056004524,0.3063633680343628,0.2958212286233902,0.28578013777732847,0.27779811918735503,0.26613944619894025,0.2551721565425396,0.2434103399515152,0.2333114668726921,0.22277109175920487,0.2134912960231304,0.20424946397542953,0.19236965104937553,0.1863802582025528,0.1698047511279583,0.16407145261764527,0.14950364157557489,0.13981697633862494,0.15250113159418105,0.11969341896474361,0.11466329582035542,0.10718596577644349,0.10177083238959313,0.09987200424075127,0.0,0.10329043343663216,0.10255151204764842,0.1135455671697855,0.12428717464208602,0.1394638642668724,0.16130606532096864,0.1781335912644863,0.20675651952624322,0.26580494791269305
t_8,1.386488276720047,1.389543354511261,1.3897574424743653,1.3873106241226196,1.3853460848331451,1.3863878190517425,1.3820377886295319,1.3807023167610168,1.3794761180877686,1.3790768146514893,1.3738822281360625,1.3740448176860809,1.3736328601837158,1.372656512260437,1.3709124982357026,1.365860253572464,1.3649424076080323,1.3637211740016937,1.3635856747627257,1.3603645503520965,1.3568754017353057,1.357407122850418,1.3548075318336488,1.350341832637787,1.3497959077358246,1.349369716644287,1.3464962899684907,1.343748152256012,1.342397540807724,1.34050213098526,1.336916595697403,1.336452704668045,1.3332713663578033,1.3287190794944763,1.3262508630752563,1.324207365512848,1.32429096698761,1.3210475623607636,1.317958903312683,1.3153200030326844,1.3134901642799377,1.312092524766922,1.307634139060974,1.3042761743068696,1.2953019917011261,1.3017508149147035,1.2978278040885924,1.2944351196289063,1.2888137459754945,1.2853735208511352,1.2835904836654664,1.2796059668064117,1.2730640769004822,1.2714669585227967,1.2676832497119903,1.260187464952469,1.254694825410843,1.2508128702640533,1.2526041328907014,1.2475610494613647,1.238678640127182,1.2347755968570708,1.2314825654029846,1.226483201980591,1.224431961774826,1.2155192077159882,1.2117014825344086,1.20607328414917,1.2001885712146758,1.192899751663208,1.192859846353531,1.1850979447364807,1.1731352806091309,1.1772396743297577,1.1672957122325898,1.1666246354579926,1.1589245259761811,1.1549103200435638,1.1398837924003602,1.140695756673813,1.1357536733150482,1.1285693407058717,1.1214501082897186,1.1084019184112548,1.1058025240898133,1.0986010372638702,1.0973658502101897,1.0898901879787446,1.0819195985794068,1.0750501930713654,1.066992038488388,1.0591299533843994,1.0440442562103271,1.0458765566349029,1.0337690114974976,1.0205719470977783,1.0188737213611603,1.0056373834609986,1.0017006129026413,0.9955865412950515,0.9882163614034652,0.9757775783538818,0.9653816789388656,0.9525988787412644,0.9452302247285843,0.9385968178510666,0.9320847302675247,0.9171381920576096,0.9149217307567596,0.9076526045799256,0.8982111722230911,0.8873800098896026,0.8767944008111954,0.8698455482721329,0.8587608009576797,0.8480784654617309,0.8408511579036713,0.8279279977083206,0.8199015825986862,0.8072229504585267,0.7888993799686432,0.7908230036497116,0.7801744639873505,0.7662701576948165,0.7586994290351867,0.7458387315273285,0.737566864490509,0.7287278980016708,0.7185466229915619,0.7116939842700958,0.6965086966753006,0.6893955945968628,0.6799319684505463,0.6671046733856201,0.6582825452089309,0.644177320599556,0.6378952622413635,0.6273879319429397,0.6161013513803482,0.6075431019067764,0.5970116227865219,0.5838675051927567,0.5735614836215973,0.5668470621109009,0.556697541475296,0.5476198583841324,0.5361997365951539,0.5252976834774017,0.5168186962604523,0.5082457304000855,0.4963541641831398,0.48713691234588624,0.4737116530537605,0.4675776049494743,0.458243353664875,0.44514349699020384,0.43541623651981354,0.42642325907945633,0.41355273872613907,0.40386918038129804,0.39493137001991274,0.3864260882139206,0.3766693875193596,0.36288154423236846,0.35225109159946444,0.3467041939496994,0.33255387991666796,0.3215599060058594,0.31194050759077074,0.301916640996933,0.2951363012194633,0.28086239397525786,0.2706828609108925,0.2573155902326107,0.249696946144104,0.23975351229310035,0.2268228642642498,0.21990039572119713,0.2071024551987648,0.1970778875052929,0.1892659217119217,0.17767665833234786,0.1677726648747921,0.15369391292333603,0.1559349201619625,0.13421309664845466,0.12499571479856968,0.11751332357525826,0.10933783799409866,0.10533462241291999,0.10329043343663216,0.0,0.10003853663802147,0.10488179624080658,0.11116465032100678,0.12570076435804367,0.14428734555840492,0.1657756894826889,0.1924450844526291,0.2490417517721653
t_7,1.3843023836612702,1.3873207092285156,1.3875385701656342,1.3851049363613128,1.3831577837467193,1.3841767311096191,1.3798493206501008,1.3785167634487152,1.3772721469402314,1.3768660187721253,1.37172429561615,1.3718608438968658,1.3714559257030488,1.3704752922058105,1.3687344074249268,1.363718980550766,1.3627988934516906,1.3615655779838562,1.3614096581935882,1.358200490474701,1.3547137141227723,1.355238938331604,1.3526409327983857,1.3482023477554321,1.3476344704627992,1.3472102642059327,1.3443484902381897,1.3415952146053314,1.3402426779270171,1.3383513569831849,1.334781640768051,1.334300798177719,1.331130361557007,1.326611590385437,1.3241415739059448,1.3220871150493623,1.3221456170082093,1.3189177751541137,1.315842378139496,1.3132085502147675,1.3113800525665282,1.3099534928798675,1.3055268824100494,1.3022111117839814,1.293349152803421,1.2996304869651794,1.2957345426082612,1.2923532485961915,1.2867960453033447,1.283373975753784,1.2815746545791626,1.2776018619537353,1.271130418777466,1.269521164894104,1.2657208144664764,1.2583273649215698,1.252893579006195,1.2490126252174378,1.2506895840168,1.2456668496131897,1.2369041562080383,1.2330159783363341,1.2297210931777953,1.2247200846672057,1.2226224958896637,1.2138483464717864,1.2100239753723145,1.2044289052486419,1.1986096560955048,1.1914287269115449,1.1912639260292053,1.1835573136806488,1.171883338689804,1.1757019639015198,1.1658823430538177,1.165079367160797,1.15748730301857,1.153424286842346,1.1387383580207824,1.139310175180435,1.1343867421150207,1.127251648902893,1.1201577007770538,1.1074316263198853,1.104703664779663,1.0975485146045685,1.0960967123508454,1.0886926770210266,1.0807389676570893,1.0738778591156006,1.0659226655960083,1.0581118583679199,1.04342041015625,1.044877529144287,1.0329853415489196,1.0201884925365448,1.0181491911411285,1.0052447080612184,1.0011026322841645,0.9949370920658112,0.987571170926094,0.9753824383020401,0.9651808083057404,0.9527521073818207,0.9454040557146073,0.9386514902114869,0.9320802360773086,0.917610365152359,0.915022200345993,0.9076717525720597,0.8984317392110824,0.8877169102430343,0.8774070888757706,0.87031971514225,0.8594604074954987,0.8488671153783798,0.8416040658950805,0.828950160741806,0.8208436906337738,0.8086562752723694,0.7913589626550674,0.7923331171274185,0.7819191932678222,0.76834936439991,0.7606357216835022,0.7482794791460037,0.7402091443538665,0.7313427180051804,0.7213124722242356,0.7142284929752349,0.6997318387031555,0.6926176488399506,0.6831241607666015,0.6707000970840454,0.6618371933698655,0.6487461686134338,0.6419366389513016,0.6315307050943375,0.6208176881074905,0.6120554268360138,0.6017148703336715,0.5893773674964905,0.5793036997318268,0.572107920050621,0.5622716128826142,0.5532934248447419,0.5422420769929885,0.5314458340406418,0.5234207898378372,0.5145282194018364,0.5029748022556305,0.4939166888594627,0.48141957372426986,0.4747877731919289,0.46583778560161593,0.4530025765299797,0.44330994635820387,0.4343723177909851,0.4225619062781334,0.4128442510962486,0.4036687955260277,0.3953990310430527,0.3857543244957924,0.3738691359758377,0.3625246599316597,0.3565465897321701,0.34458696097135544,0.3324992999434471,0.3230259194970131,0.3124942138791084,0.3054555982351303,0.29353082478046416,0.283147731423378,0.27182549238204956,0.26094348132610323,0.2514044851064682,0.2415987066924572,0.23110833242535592,0.21911703795194626,0.21232500523328782,0.20026321411132814,0.1892208106815815,0.1777514785528183,0.16673040017485619,0.17319486364722253,0.14616162106394767,0.1352250523865223,0.12493644803762435,0.1201151367276907,0.11237317062914372,0.10255151204764842,0.10003853663802147,0.0,0.10299975387752056,0.10392860546708108,0.11414985768496991,0.13201730325818062,0.15017812103033065,0.17824540957808493,0.23618427738547326
t_6,1.3861179649829865,1.389170664548874,1.3893829941749574,1.3869442462921142,1.384975403547287,1.3860173106193543,1.3816869854927063,1.3803498566150665,1.379137134552002,1.378741842508316,1.3735794723033905,1.3737365305423737,1.3733268439769746,1.372354543209076,1.3706094324588776,1.3655907928943634,1.3646820425987243,1.3634686768054962,1.3633177518844604,1.3601132333278656,1.3566276133060455,1.3571691393852234,1.3545813739299775,1.3501459300518035,1.3496003091335296,1.3491879522800445,1.3463082909584045,1.3435667634010315,1.342221748828888,1.3403533756732942,1.3367943704128264,1.3363213419914246,1.3331617951393127,1.3286384999752046,1.3261902034282684,1.3241568982601166,1.3242384433746337,1.321026909351349,1.3179420590400697,1.3153255581855774,1.3135174095630646,1.312121170759201,1.3077060997486114,1.3043820440769196,1.2954767346382141,1.3018616616725922,1.2979879796504974,1.2946279883384704,1.2890687584877014,1.2856554210186004,1.2839048385620118,1.2799560129642487,1.2734723448753358,1.2718933939933776,1.268147748708725,1.260722714662552,1.255303108692169,1.251449418067932,1.2532309949398042,1.2482506871223449,1.239457404613495,1.235611665248871,1.2323524713516236,1.2274015307426454,1.2253836631774901,1.2165866851806642,1.2127940833568573,1.2072423636913299,1.2014149188995362,1.1942290902137755,1.1941816091537476,1.1865167140960693,1.174697035551071,1.1787524104118348,1.1689393997192383,1.1682604014873506,1.1606723487377166,1.1567348122596741,1.141871017217636,1.1426657259464263,1.1377745032310487,1.1306869864463807,1.1236887514591216,1.110832303762436,1.1082790851593018,1.101148110628128,1.0999449133872985,1.0925617873668672,1.08469078540802,1.0779435336589813,1.0699707806110381,1.0622868239879608,1.0474125504493714,1.0491776764392853,1.03726926445961,1.024367129802704,1.0226473391056061,1.009623920917511,1.0057324647903443,0.9998138308525085,0.9925037384033203,0.9803313702344895,0.9700981587171554,0.9575546264648438,0.9503147304058075,0.943813931941986,0.9374406963586808,0.9227720707654953,0.9205863684415817,0.9134251624345779,0.904125627875328,0.89365756213665,0.8832068175077439,0.8765338748693466,0.865607026219368,0.8551993012428284,0.8482105433940887,0.8355991274118424,0.8277233004570007,0.8153757780790329,0.7976346909999847,0.7994798123836517,0.7890506982803345,0.7755440443754196,0.7681882619857788,0.7556721806526184,0.7475132316350936,0.7388815701007843,0.7291601926088334,0.7224294185638428,0.7079415261745453,0.7008878648281097,0.6917123347520828,0.6792403221130371,0.6707047492265701,0.6570970773696899,0.6510161191225052,0.640918081998825,0.629997780919075,0.6217891126871109,0.6115205615758896,0.5991039156913758,0.5890799760818481,0.5826156854629516,0.5726642876863479,0.5640467017889023,0.5530187010765075,0.5424566507339478,0.5345272779464721,0.5257174670696259,0.5146364137530327,0.5056452691555023,0.49304617047309873,0.48666209280490874,0.477578604221344,0.4652858003973961,0.4558894008398056,0.4471199780702591,0.4352233424782753,0.4257851645350456,0.41715504676103593,0.40888582170009613,0.39950270652770997,0.38658543676137924,0.3761709228157997,0.37065945863723754,0.3575133115053177,0.34682343900203705,0.33736725747585294,0.32781200259923937,0.32036559879779813,0.3079545691609383,0.29792728573083876,0.2855494454503059,0.27647670954465864,0.26707921028137205,0.2550481826066971,0.2479139193892479,0.23494597896933556,0.22580528259277344,0.21657832637429236,0.20591104105114938,0.1938158504664898,0.18176728561520578,0.1821436956524849,0.159476175904274,0.15092240646481514,0.14122559651732444,0.1291320625692606,0.12319634333252907,0.1135455671697855,0.10488179624080658,0.10299975387752056,0.0,0.10149788782000542,0.11029308326542378,0.12523579075932503,0.1413529857993126,0.16739174574613572,0.22377291917800904
t_5,1.3854625344276428,1.3885085821151733,1.388723647594452,1.3862825691699983,1.3843349277973176,1.3853757441043855,1.3810576975345612,1.3797316789627074,1.3785260140895843,1.3781344592571259,1.372993814945221,1.373152846097946,1.3727398991584778,1.3717841148376464,1.370044046640396,1.365043479204178,1.3641450822353363,1.3629457771778106,1.36279838681221,1.3596109688282012,1.3561467230319977,1.3566927850246429,1.3541263103485108,1.3497099697589874,1.349168348312378,1.3487542629241944,1.3459027349948882,1.3431895077228546,1.3418528318405152,1.3399932622909545,1.3364453673362733,1.3359806299209596,1.3328513026237487,1.3283554792404175,1.325922465324402,1.3239128232002257,1.32400039434433,1.3208029747009278,1.3177406251430512,1.315140998363495,1.3133424937725067,1.3119541943073272,1.3075731992721558,1.304257881641388,1.2954328775405883,1.3017690479755402,1.2979061484336853,1.2945817112922668,1.289066982269287,1.2857015073299407,1.2839410305023193,1.2800192832946777,1.2736050069332123,1.272046983242035,1.2683042585849762,1.260980451107025,1.2556093454360961,1.2517855942249299,1.2535370945930482,1.2485877871513367,1.2398965895175933,1.2360787272453309,1.2328456521034241,1.227938950061798,1.22592351436615,1.2172255277633668,1.2134809255599976,1.2079607188701629,1.2022062599658967,1.1950935661792754,1.1950073421001435,1.187413716316223,1.1757706165313722,1.1797132790088654,1.1699921488761902,1.169295334815979,1.1617789804935454,1.1578510344028472,1.1432232677936554,1.1439332783222198,1.1391028225421906,1.1320989847183227,1.1251178443431855,1.1124683320522308,1.1098874926567077,1.1028495967388152,1.1015972793102264,1.0942811727523805,1.0864872097969056,1.0797906696796418,1.0719346880912781,1.064281988143921,1.0496557295322417,1.0513481676578522,1.0395906925201417,1.0268801212310792,1.0250443875789643,1.0122663021087646,1.0083826184272766,1.002418467402458,0.9952567279338836,0.9832168549299241,0.9731749862432479,0.9608719378709794,0.9537399977445602,0.947224909067154,0.9408381849527359,0.9264653921127319,0.9241464734077454,0.9171355962753296,0.9080430686473846,0.8976155936717987,0.887416672706604,0.8806851863861084,0.8700220286846161,0.8597151964902878,0.8527290374040604,0.8403143107891082,0.8324513405561447,0.8204813212156296,0.8031981378793717,0.8046410501003265,0.7945655286312103,0.7812021851539612,0.7738499909639358,0.7616497337818146,0.7539465725421906,0.7453409105539321,0.735618394613266,0.7289202809333801,0.7146441102027893,0.7078478306531906,0.6987458229064941,0.6865943819284439,0.6781156361103058,0.6650645226240158,0.6589314758777618,0.6489600092172623,0.6384190380573272,0.6300179928541183,0.6201238334178925,0.6080339610576629,0.5982893437147141,0.5915796875953674,0.5821244716644287,0.5734684348106385,0.5628210932016373,0.5525075197219849,0.5447515159845352,0.5364475280046463,0.5250859290361405,0.5165127485990524,0.5040103778243065,0.49807887226343156,0.48943168222904204,0.4770413890480995,0.4678752049803734,0.45933750420808794,0.4474715903401375,0.43855261504650117,0.42978168576955794,0.4217327326536179,0.41247572749853134,0.4003993272781372,0.3899330526590347,0.3845203384757042,0.3719185680150986,0.3610206812620163,0.3518371552228928,0.34199502468109133,0.3352475166320801,0.32286041527986525,0.3130883276462555,0.30126868188381195,0.2919040620326996,0.2824400022625923,0.2711114138364792,0.2624852016568184,0.25083099752664567,0.24071262404322624,0.2321673408150673,0.2205204926431179,0.20919376015663146,0.19741574227809905,0.19606286957859992,0.17423909530043602,0.16298010423779488,0.15313963145017623,0.14169685542583466,0.1335625946521759,0.12428717464208602,0.11116465032100678,0.10392860546708108,0.10149788782000542,0.0,0.09776653535664082,0.10704737715423107,0.12396559678018093,0.14780330061912536,0.20492181181907654
t_4,1.3837023377418518,1.3867156445980071,1.3869217395782472,1.3845071971416474,1.382565873861313,1.3835938334465028,1.379290121793747,1.377972412109375,1.3767544150352478,1.3763568460941316,1.3712421715259553,1.3713941991329193,1.3709913611412048,1.3700155556201934,1.3682869255542756,1.3633173286914826,1.3624115705490112,1.361214953660965,1.3610549747943879,1.3578837037086486,1.3544298708438873,1.3549719750881195,1.3524140000343323,1.3480250835418701,1.3474715113639832,1.3470581591129303,1.3442127108573914,1.3414952397346496,1.3401585936546325,1.3382965743541717,1.334767460823059,1.3343019962310791,1.3311765491962433,1.3267165184020997,1.3242793023586272,1.3222575426101684,1.3223375380039215,1.3191396117210388,1.316108912229538,1.313516080379486,1.3117306232452393,1.3103309571743011,1.3059671700000763,1.3026936292648315,1.2939742386341095,1.300200068950653,1.2963411927223205,1.293046623468399,1.2875697374343873,1.284219092130661,1.2824566125869752,1.2785601317882538,1.272219181060791,1.2706445634365082,1.2669168949127196,1.2596562206745148,1.2543466687202454,1.2505564212799072,1.252208137512207,1.247289490699768,1.2386966407299043,1.2349053919315338,1.2316842913627624,1.226789379119873,1.2247406542301178,1.2161508977413178,1.2124143183231353,1.2069467842578887,1.2012664198875427,1.194241040945053,1.1940814554691315,1.186541074514389,1.1751408100128173,1.1788637936115265,1.1692594587802887,1.1684970378875732,1.1610571503639222,1.1570763826370238,1.1427671909332275,1.1432938277721405,1.138480144739151,1.1315338551998138,1.124600499868393,1.1122202217578887,1.1095649540424346,1.1026472866535186,1.1011772513389588,1.094013911485672,1.0862555503845215,1.0795735955238341,1.0718234717845916,1.0642528474330901,1.0500257313251495,1.0514129281044007,1.0398428857326507,1.0274800777435302,1.0254720985889434,1.0129790246486663,1.0089802742004395,1.0029761344194412,0.9958414733409882,0.9840257674455642,0.9742148816585541,0.962232518196106,0.9551419764757156,0.9485419273376465,0.942162710428238,0.928327140212059,0.9257850855588913,0.9186383157968521,0.9098099112510681,0.8994237303733825,0.8896152794361114,0.8826820433139801,0.8723123341798782,0.8621260911226273,0.8551008015871048,0.8430087894201279,0.8352539449930191,0.8235768258571625,0.8073218822479248,0.8079740792512894,0.7980842411518096,0.7852043330669403,0.777727735042572,0.7660889565944672,0.7584483116865158,0.7500214755535126,0.7403890013694763,0.7336347222328186,0.7199289292097092,0.7131409823894501,0.7041078776121139,0.6924493908882141,0.6840658962726593,0.671838515996933,0.6651751399040222,0.6553120940923691,0.6453833401203155,0.637065538764,0.627232238650322,0.6157125949859619,0.6064523428678512,0.5994855284690856,0.590253758430481,0.5818612605333329,0.5716475158929825,0.5612991899251938,0.5536101430654525,0.5455812931060791,0.5347742348909378,0.5262801885604859,0.5145331114530564,0.5085599064826966,0.500099265575409,0.48792117834091187,0.47917641401290895,0.47071426212787626,0.4598727822303772,0.4506780132651329,0.44211397767066957,0.43423098772764207,0.4252740442752838,0.4148815140128136,0.4039094462990761,0.39810878187417986,0.38727104663848877,0.3756597265601158,0.3669700860977173,0.356799952685833,0.34987923204898835,0.33877603709697723,0.3288982778787613,0.31915477365255357,0.3077545344829559,0.2986681044101715,0.28935946673154833,0.27818247228860854,0.2676451221108437,0.2605652123689651,0.24918959215283393,0.2369443029165268,0.22632296159863471,0.2157615177333355,0.21731996685266494,0.19284992814064025,0.18001547753810881,0.17099619954824447,0.16253323778510093,0.1492917262017727,0.1394638642668724,0.12570076435804367,0.11414985768496991,0.11029308326542378,0.09776653535664082,0.0,0.09853268079459668,0.11264962144196033,0.13367190212011337,0.1919444642961025
t_3,1.3854673266410829,1.388510251045227,1.3887231588363647,1.3862971842288971,1.3843464612960816,1.3853941202163695,1.3810830116271973,1.3797695815563202,1.378578919172287,1.3781829297542572,1.3730549335479736,1.373227947950363,1.3728193402290345,1.3718720376491547,1.3701292753219605,1.3651563942432403,1.364272141456604,1.3630823254585267,1.362934225797653,1.3597665429115295,1.3563051044940948,1.3568704664707183,1.3543067634105683,1.3499118387699127,1.3493732154369353,1.348958832025528,1.3461151540279388,1.3434054672718048,1.3420746624469757,1.3402186691761018,1.336683738231659,1.3362363934516908,1.3331107556819917,1.328625625371933,1.3262102782726288,1.3241933703422546,1.3242914080619812,1.3211140275001525,1.3180603563785553,1.3155033469200135,1.3137160122394562,1.3123294472694398,1.3079900205135346,1.3047010123729705,1.2959251761436463,1.3022628843784332,1.2984331846237183,1.2951493322849275,1.2896613717079162,1.2863290786743165,1.2846017360687256,1.280749225616455,1.2743818700313567,1.2728727400302886,1.269190400838852,1.2619070947170257,1.256598287820816,1.2528510391712189,1.2546587228775024,1.2497742295265197,1.24115891456604,1.2374309360980988,1.2342654109001159,1.2293957889080047,1.227477091550827,1.2188655078411101,1.2152101337909698,1.20977241396904,1.204090678691864,1.1970655620098114,1.1970859706401824,1.1895902752876282,1.1780643820762635,1.1820728480815887,1.1724345266819,1.1718545436859131,1.16446253657341,1.1606157839298248,1.1460894107818604,1.146907114982605,1.1422075748443603,1.1353366315364837,1.1284564435482025,1.11595658659935,1.1134765028953553,1.1065152764320374,1.1054603159427643,1.0982656300067901,1.090599912405014,1.0840247869491577,1.0763524889945983,1.068811160326004,1.0542894363403321,1.0562657117843628,1.0445737361907959,1.0319708049297334,1.0304178893566132,1.0177131414413452,1.0141099989414215,1.0083831012248994,1.0013835281133652,0.9894873023033142,0.9796584665775299,0.9675984263420105,0.9606299698352814,0.9543396323919296,0.9481789082288742,0.9340128570795059,0.9320493191480637,0.9252118468284607,0.9164753526449203,0.9062938511371612,0.8963789999485016,0.8898857265710831,0.8794894307851792,0.8694746196269989,0.8627415060997009,0.8506523311138153,0.8431135296821595,0.8314877629280091,0.8142240881919861,0.8163308292627335,0.8065535426139832,0.7934861153364181,0.7865215897560119,0.7746174752712249,0.7672738611698151,0.7590255320072175,0.7497366189956665,0.7433320701122283,0.7295438289642334,0.7230265617370606,0.7142475038766861,0.7024545252323151,0.6944576621055603,0.6817074894905091,0.6761515408754348,0.6665292620658875,0.6564175248146057,0.6486959636211396,0.638959926366806,0.6274661749601365,0.6179429560899734,0.6118958324193955,0.6027230054140091,0.5947898179292679,0.5845766544342041,0.5745732605457305,0.5672428846359253,0.5595398068428039,0.54868303835392,0.5406686931848526,0.5285804808139801,0.5234383344650269,0.5152279913425446,0.503016009926796,0.4944257825613022,0.48657214641571045,0.4752012178301811,0.4665370985865593,0.458504481613636,0.45110203325748444,0.44232495576143266,0.4303617045283318,0.4207047373056412,0.4160706713795662,0.4036798536777496,0.39326252043247223,0.38523676097393034,0.375461608171463,0.3693371146917343,0.35766212493181226,0.3482978194952011,0.3369629681110382,0.32768093049526215,0.31921673119068145,0.3076635956764221,0.29950457364320754,0.2880663737654686,0.2781376078724861,0.2712812006473541,0.2592330239713192,0.24881283342838287,0.237665057182312,0.2322317712008953,0.21393700316548347,0.2028637483716011,0.19291605204343795,0.18080263659358026,0.16882379949092866,0.16130606532096864,0.14428734555840492,0.13201730325818062,0.12523579075932503,0.10704737715423107,0.09853268079459668,0.0,0.10101819112896919,0.11922136172652245,0.1688136175274849
t_2,1.3846763730049134,1.3876935064792633,1.3879032671451568,1.3854852616786957,1.3835504293441772,1.3845708906650542,1.3802793800830842,1.3789676308631897,1.377768349647522,1.3773737847805023,1.3722700893878936,1.3724271595478057,1.3720229804515838,1.37106351852417,1.369324404001236,1.3643773019313812,1.3634726583957673,1.3622823238372803,1.3621297657489777,1.358957427740097,1.355508989095688,1.3560651600360871,1.3535118043422698,1.3491300463676452,1.3485926866531373,1.3481611549854278,1.3453155517578126,1.3426223814487457,1.3412669539451598,1.3394312143325806,1.3359137177467346,1.3354598820209502,1.3323231101036073,1.3278914988040924,1.3254660427570344,1.3234719276428222,1.3235675513744354,1.3203808546066285,1.3173576533794402,1.3147882878780366,1.3130297124385835,1.3116563141345978,1.307328462600708,1.3040724575519562,1.2954027831554413,1.3016622841358185,1.2978258013725281,1.2945937395095826,1.2891406416893005,1.2858562767505646,1.2841281056404115,1.2802932560443878,1.2740063846111298,1.272475117444992,1.2688076853752137,1.2616018652915955,1.2563694298267365,1.2526202201843262,1.254312413930893,1.2494980216026306,1.2409555613994598,1.2372486889362335,1.2340632438659669,1.2292472660541534,1.2273081839084625,1.2187580108642577,1.2150772333145141,1.2097241580486298,1.204078996181488,1.1971392452716827,1.1970481336116792,1.189612591266632,1.1782123804092408,1.182056039571762,1.172530370950699,1.1718771159648895,1.164535140991211,1.1606692492961883,1.146413666009903,1.1470317602157594,1.1423234403133393,1.1354441940784454,1.1286372184753417,1.116324746608734,1.1137941658496857,1.1069901764392853,1.105622398853302,1.0986002564430237,1.090938937664032,1.0844560742378235,1.0767228305339813,1.0693786680698394,1.0552587151527404,1.0567191779613494,1.045367830991745,1.0331409513950347,1.0313071250915526,1.0189783573150635,1.0151649832725524,1.0093811810016633,1.0023186534643174,0.990821436047554,0.9811628103256226,0.969238743185997,0.9623375236988068,0.9560997515916825,0.9499574571847915,0.9362890601158143,0.9339523077011108,0.9270563721656799,0.9183299332857132,0.9083341717720032,0.8985686898231506,0.8921176880598068,0.8819243967533111,0.8720504492521286,0.8653652608394623,0.8536065310239792,0.8461418360471725,0.8346943080425262,0.8186683684587479,0.8197000861167908,0.8100098073482513,0.797612053155899,0.7905390977859497,0.7791510701179505,0.7715403109788894,0.7634665668010712,0.7544342100620269,0.7479958325624466,0.7348511308431626,0.7282652705907822,0.7197332471609116,0.7084564983844757,0.700480243563652,0.6884860932826996,0.682440060377121,0.6730709999799729,0.6632791250944138,0.6557616531848908,0.6463251084089279,0.6353314608335495,0.6264156341552735,0.6200385630130768,0.6110720813274384,0.6032979339361191,0.59334117770195,0.5838912069797516,0.5766075521707534,0.5685451954603196,0.5587375670671463,0.5505575805902481,0.5395545154809952,0.5338315904140473,0.525651016831398,0.5145891711115838,0.5061151951551437,0.49825458973646164,0.48806842267513273,0.47958965301513673,0.4713167667388916,0.46408027708530425,0.4556578904390335,0.4454815313220024,0.43548472970724106,0.42973827123641967,0.4192975491285324,0.4090030610561371,0.40084068179130555,0.39154485762119295,0.38488550633192065,0.3745078831911087,0.3650842055678368,0.3550713941454887,0.3451365321874619,0.3366525128483772,0.32719956487417223,0.31760779321193694,0.3070840835571289,0.29988635778427125,0.288828606903553,0.2781889960169792,0.2681394785642624,0.25639159977436066,0.2562462352216244,0.23473193421959876,0.22340590059757232,0.21191756874322892,0.20174043327569963,0.19047422036528588,0.1781335912644863,0.1657756894826889,0.15017812103033065,0.1413529857993126,0.12396559678018093,0.11264962144196033,0.10101819112896919,0.0,0.10202933736145496,0.15598902851343155
t_1,1.3847979784011841,1.3878242731094361,1.3880179464817046,1.385603094100952,1.3836760580539704,1.3846878290176392,1.3804012179374694,1.379099041223526,1.377909117937088,1.3775146186351777,1.3724242269992828,1.3725897908210754,1.3721719324588775,1.3712211072444915,1.3694873750209808,1.3645567655563355,1.3636817455291748,1.362489116191864,1.362339323759079,1.359185129404068,1.3557528972625732,1.3563139021396637,1.353784841299057,1.3494271516799927,1.3488908588886261,1.348477017879486,1.3456372439861297,1.342964380979538,1.341627061367035,1.339802885055542,1.3363040685653687,1.3358635306358337,1.332750415802002,1.3283750593662262,1.3259562849998474,1.3239938974380494,1.3240977942943573,1.3209497451782226,1.3179570615291596,1.3154104948043823,1.313680398464203,1.3123230695724488,1.3080470561981201,1.3048230171203614,1.2962345898151397,1.3024638831615447,1.2986645460128785,1.2954830646514892,1.290072637796402,1.2868288040161133,1.285128754377365,1.2813328385353089,1.2751206517219544,1.2736152470111848,1.2699746668338776,1.2628607749938965,1.2576922833919526,1.2539832770824433,1.2556713461875915,1.2508944749832154,1.242448365688324,1.2387731671333313,1.2356327533721925,1.230877548456192,1.2289565682411194,1.2204852640628814,1.2168420255184174,1.211560958623886,1.2059925317764282,1.19912993311882,1.1990053236484528,1.19167702794075,1.1803923308849336,1.184169352054596,1.1747634649276733,1.1741284251213073,1.1668481230735779,1.163013994693756,1.148968333005905,1.1495364367961884,1.1448938965797424,1.1381010115146637,1.1313790082931519,1.119191473722458,1.1166850686073304,1.1100329756736755,1.1086224436759948,1.1017066895961762,1.094150996208191,1.0877697169780731,1.0800829172134399,1.0728998363018036,1.0589836061000824,1.060354483127594,1.0492018163204193,1.0371726751327515,1.0353223025798797,1.0231974959373473,1.0194337666034698,1.013694441318512,1.0067635834217072,0.9954581469297409,0.9859517037868499,0.9742246866226196,0.9674545556306839,0.9613036274909973,0.9552642583847046,0.941901233792305,0.9395614117383957,0.9328244864940644,0.924208116531372,0.9143973648548126,0.9048282563686371,0.8984892308712006,0.8885315507650375,0.8788799434900284,0.8723437547683716,0.8608605623245239,0.853544968366623,0.8422977656126023,0.8267478466033935,0.8275910973548889,0.8181486934423446,0.8061396896839141,0.7991986185312271,0.788118651509285,0.7806894987821579,0.7728366822004318,0.7640316516160965,0.7577605426311493,0.7448646068572998,0.7384596407413483,0.7302471309900284,0.7192720413208008,0.7115457892417908,0.6999437272548675,0.6939941465854644,0.6849841684103012,0.6754624247550964,0.6680851936340332,0.6590711891651153,0.6483340203762055,0.6398575484752655,0.6335840255022049,0.6250088781118393,0.6173858970403672,0.6078171670436859,0.5987572371959686,0.5916009992361069,0.5839915961027146,0.5745634078979492,0.5667106509208679,0.5560298204421997,0.5505731403827667,0.5426543951034546,0.532165864109993,0.5240501821041107,0.5164140939712525,0.5066287577152252,0.4986137136816978,0.4907111659646034,0.4836639776825905,0.475599405169487,0.46598434150218965,0.4562963008880615,0.4507236197590828,0.4407666131854057,0.43101205974817275,0.4231504276394844,0.41423040479421613,0.4079029604792595,0.3975046887993813,0.3887560307979584,0.37910107970237733,0.36998568922281266,0.3615391865372658,0.352459055185318,0.3431737542152405,0.3331694006919861,0.3262959599494934,0.31549073159694674,0.30519664734601976,0.29572325199842453,0.28379976749420166,0.2829262316226959,0.26298836469650266,0.2518276207149029,0.23982667922973633,0.22990314662456512,0.2188674107193947,0.20675651952624322,0.1924450844526291,0.17824540957808493,0.16739174574613572,0.14780330061912536,0.13367190212011337,0.11922136172652245,0.10202933736145496,0.0,0.13156817555427552
t_0,1.3863863587379455,1.3895003974437714,1.3896926939487457,1.3872693717479705,1.3853310585021972,1.3863943338394165,1.3820919334888457,1.3808128833770752,1.3796859741210938,1.3793185651302338,1.3741858422756195,1.3744191646575927,1.374015700817108,1.3731142699718475,1.3713721096515656,1.3664402544498444,1.3656171083450317,1.3644927144050598,1.3643625617027282,1.361232227087021,1.357815545797348,1.358403354883194,1.3558894991874695,1.351566994190216,1.3510528802871704,1.3506770789623261,1.3478627324104309,1.3452120959758758,1.3439245402812958,1.342120921611786,1.338646686077118,1.3382523655891418,1.3352111399173736,1.3307613134384155,1.3284224271774292,1.3264880776405334,1.3266088008880614,1.3235308349132537,1.3205119788646698,1.3180810153484344,1.3163643300533294,1.3150702476501466,1.3108629286289215,1.307605755329132,1.2989821434020996,1.305438941717148,1.301710969209671,1.2985414624214173,1.2931763410568238,1.289948320388794,1.2883503079414367,1.2846512496471405,1.2784301459789276,1.2770813047885894,1.2735120475292205,1.2664198219776153,1.2612463533878326,1.2576566696166993,1.2596244156360625,1.25486478805542,1.246438843011856,1.2428601205348968,1.2398650884628295,1.2351598680019378,1.2334282457828523,1.2249984800815583,1.2215471267700195,1.2162590384483338,1.2107228875160216,1.2038585364818573,1.204035723209381,1.1968051731586455,1.1854322671890258,1.1896651327610015,1.1801836907863616,1.179880005121231,1.1726769745349883,1.1690627574920653,1.1546851515769958,1.155825001001358,1.1514046669006348,1.144856333732605,1.1381589949131012,1.1258700609207153,1.1236560106277467,1.1168603420257568,1.116342693567276,1.109343808889389,1.1020443201065064,1.0957469701766969,1.0884267807006835,1.0810890555381776,1.0666814506053925,1.0694171965122223,1.05789715051651,1.0453972339630127,1.0444127202033997,1.0318670213222503,1.0289216816425324,1.023748528957367,1.0173265874385833,1.0056091368198394,0.9961477816104889,0.9845036268234253,0.9780016571283341,0.9722392648458481,0.9666117697954177,0.9526005744934082,0.9515166342258453,0.9454406678676606,0.9372985184192657,0.9276502102613449,0.9182636320590973,0.9124538630247117,0.9026507169008255,0.8932770848274231,0.8873243898153305,0.8756854772567749,0.8688645690679551,0.8580207139253616,0.8401882827281952,0.8441404193639755,0.8352524399757385,0.822428622841835,0.8165490895509719,0.8050466656684876,0.7988105356693268,0.7912996798753739,0.7828888297080994,0.777271831035614,0.7640934109687805,0.7585887968540191,0.7505485743284226,0.7393840581178666,0.7324452728033066,0.7200658619403839,0.716353103518486,0.7076424390077591,0.6983469694852829,0.6916566908359527,0.6827791422605515,0.6722017794847488,0.6630939304828644,0.6586308926343918,0.6505796194076539,0.6435181468725204,0.6344784080982209,0.6254939019680024,0.6193872720003128,0.6131807744503022,0.6026865243911743,0.5962344378232955,0.5846790611743927,0.5812084555625916,0.5742677301168442,0.562682381272316,0.5555545032024384,0.5490780860185623,0.5381762564182282,0.5310174793004989,0.5245011448860168,0.5182298511266709,0.5108549252152443,0.4984497532248497,0.4909680008888245,0.4888990640640259,0.476301446557045,0.46788476407527924,0.4613929346203804,0.4534043237566948,0.4485559776425362,0.43787841498851776,0.43064127266407015,0.4191402539610863,0.41280741393566134,0.40622990429401395,0.3939358204603195,0.38952179402112963,0.37841126322746277,0.3670755192637444,0.36632882058620453,0.3550321191549301,0.34584547132253646,0.3360281243920326,0.3240086227655411,0.3146881967782974,0.3059228003025055,0.2961362019181252,0.2828363537788391,0.2729063928127289,0.26580494791269305,0.2490417517721653,0.23618427738547326,0.22377291917800904,0.20492181181907654,0.1919444642961025,0.1688136175274849,0.15598902851343155,0.13156817555427552,0.0
