,t_199,t_198,t_197,t_196,t_195,t_194,t_193,t_192,t_191,t_190,t_189,t_188,t_187,t_186,t_185,t_184,t_183,t_182,t_181,t_180,t_179,t_178,t_177,t_176,t_175,t_174,t_173,t_172,t_171,t_170,t_169,t_168,t_167,t_166,t_165,t_164,t_163,t_162,t_161,t_160,t_159,t_158,t_157,t_156,t_155,t_154,t_153,t_152,t_151,t_150,t_149,t_148,t_147,t_146,t_145,t_144,t_143,t_142,t_141,t_140,t_139,t_138,t_137,t_136,t_135,t_134,t_133,t_132,t_131,t_130,t_129,t_128,t_127,t_126,t_125,t_124,t_123,t_122,t_121,t_120,t_119,t_118,t_117,t_116,t_115,t_114,t_113,t_112,t_111,t_110,t_109,t_108,t_107,t_106,t_105,t_104,t_103,t_102,t_101,t_100,t_99,t_98,t_97,t_96,t_95,t_94,t_93,t_92,t_91,t_90,t_89,t_88,t_87,t_86,t_85,t_84,t_83,t_82,t_81,t_80,t_79,t_78,t_77,t_76,t_75,t_74,t_73,t_72,t_71,t_70,t_69,t_68,t_67,t_66,t_65,t_64,t_63,t_62,t_61,t_60,t_59,t_58,t_57,t_56,t_55,t_54,t_53,t_52,t_51,t_50,t_49,t_48,t_47,t_46,t_45,t_44,t_43,t_42,t_41,t_40,t_39,t_38,t_37,t_36,t_35,t_34,t_33,t_32,t_31,t_30,t_29,t_28,t_27,t_26,t_25,t_24,t_23,t_22,t_21,t_20,t_19,t_18,t_17,t_16,t_15,t_14,t_13,t_12,t_11,t_10,t_9,t_8,t_7,t_6,t_5,t_4,t_3,t_2,t_1,t_0
t_199,0.0,0.037666724808514115,0.03789266869425774,0.049167804047465326,0.058666774444282054,0.07329895906150341,0.096879231184721,0.11905981115996837,0.1464211829006672,0.16118180453777314,0.18226647973060608,0.2055518463253975,0.21494675576686859,0.24776087328791618,0.2637963369488716,0.29522345066070554,0.3237356260418892,0.3553369462490082,0.3682722508907318,0.40138026773929597,0.431684547662735,0.44216417372226713,0.4679041713476181,0.4987713932991028,0.5194716125726699,0.5361571490764618,0.5588306486606598,0.5855994015932083,0.6063385307788849,0.6234282940626145,0.6514225155115128,0.6630802065134048,0.6900086760520935,0.7015863418579101,0.724382969737053,0.7430349171161652,0.7508284986019135,0.7689737796783447,0.7806843787431716,0.7967843264341354,0.8056365221738815,0.8209280222654343,0.8365311920642853,0.8409162491559983,0.85732441842556,0.8675645917654038,0.8795275688171387,0.8890609204769134,0.9028417527675628,0.9118271410465241,0.9218635499477387,0.9328161358833313,0.9432146906852722,0.9544200986623764,0.9642391085624695,0.9756355106830596,0.9846292942762375,0.9950419753789902,1.005129611492157,1.0114201366901399,1.0238671839237212,1.0302860021591187,1.0400503695011138,1.0493449985980987,1.0579511225223541,1.0656334280967712,1.0738226354122162,1.0813315689563752,1.087908774614334,1.093699848651886,1.0998247981071472,1.1096541583538055,1.1169657051563262,1.1220245480537414,1.1286250591278075,1.1359757006168365,1.1413338005542755,1.1475062012672423,1.156338918209076,1.1635404527187347,1.1695654451847077,1.1774837255477906,1.1832200348377229,1.1900431573390962,1.1953510999679566,1.1991357684135437,1.2080916702747344,1.2116532385349275,1.2192228257656097,1.2235585033893586,1.2304045617580415,1.233938640356064,1.2385508000850678,1.2471032202243806,1.2506812930107116,1.254809945821762,1.2599206209182738,1.2646390795707703,1.2710091471672058,1.27636256814003,1.2826455891132356,1.2847433030605315,1.2886784493923187,1.2946376621723175,1.2970438122749328,1.3002538204193115,1.303388625383377,1.3076943635940552,1.3113964080810547,1.3158737897872925,1.3199639320373535,1.322235119342804,1.327373170852661,1.3281234920024871,1.3319523632526398,1.335577815771103,1.3379582703113555,1.3396075963974,1.3426117062568665,1.3462523996829987,1.3477338194847106,1.3489530086517334,1.3527206838130952,1.353453379869461,1.355838018655777,1.3580058336257934,1.3618038177490235,1.3631241619586945,1.3645548582077027,1.3658124089241028,1.366462504863739,1.3689188301563262,1.3698426425457,1.3714574217796325,1.3728875279426576,1.3751302123069764,1.3763023912906647,1.3774725079536438,1.3804741501808167,1.380204153060913,1.3817456841468811,1.383222645521164,1.384335172176361,1.3848316550254822,1.386577409505844,1.3867490410804748,1.3884988963603973,1.3888675570487976,1.3895777344703675,1.3926245629787446,1.3909206509590148,1.3923569917678833,1.3915818810462952,1.3943705141544342,1.396264338493347,1.394893717765808,1.3963184475898742,1.3961201906204224,1.3970231771469117,1.3976102828979493,1.3979269802570342,1.398912751674652,1.399733877182007,1.3998810708522798,1.4003469407558442,1.401998895406723,1.402202832698822,1.401456707715988,1.4026855945587158,1.4027392446994782,1.403843140602112,1.4039322137832642,1.4048751831054687,1.405645924806595,1.4048488199710847,1.4056658565998077,1.4063627302646637,1.4061987698078156,1.4065776228904725,1.4071920573711396,1.408882921934128,1.407473123073578,1.4084831595420837,1.4091446459293366,1.4096472203731536,1.410311722755432,1.4090876579284668,1.4097793519496917,1.4108184576034546,1.4111104428768158,1.4117505431175232,1.4107856512069703,1.410601544380188,1.4112044990062713,1.411203932762146,1.410562628507614,1.4107291221618652,1.4115074157714844,1.4117357730865479,1.4101307272911072
t_198,0.037666724808514115,0.0,0.03382894638925791,0.03531398866325617,0.0410529313609004,0.05471969861537218,0.07817304991185665,0.09875675141811371,0.12645031921565533,0.14088916778564453,0.1621244505047798,0.18534012660384178,0.19457156881690024,0.2274983361363411,0.2434130236506462,0.2751770928502083,0.30386560708284377,0.33556065410375596,0.34872579127550124,0.38200816214084626,0.4125839710235596,0.4231257259845734,0.4491180062294006,0.48035539984703063,0.5012333735823631,0.5180981785058976,0.5410421043634415,0.5681602120399475,0.5891695111989975,0.6064704835414887,0.6348282009363174,0.6466675847768784,0.6739201068878173,0.6857647836208344,0.70888070166111,0.7278847515583038,0.7357598453760147,0.7542895525693893,0.7662004917860031,0.7825935840606689,0.7916302591562271,0.8072245597839356,0.8231271475553512,0.8276176005601883,0.8443793088197709,0.8548497676849365,0.8670824468135834,0.8768466591835022,0.8909172773361206,0.900130370259285,0.9104075729846954,0.9216621071100235,0.9323386728763581,0.9437974840402603,0.9538831114768982,0.9655515283346177,0.9747971564531326,0.9854578286409378,0.9957727938890457,1.0023103892803191,1.0150466740131379,1.021649020910263,1.0316479682922364,1.0411814451217651,1.050023365020752,1.0578898072242737,1.0662769675254822,1.0740143001079558,1.0807460069656372,1.0866907298564912,1.0929868459701537,1.1030551671981812,1.1105245411396027,1.1157218754291534,1.1224954009056092,1.1300180435180665,1.135510104894638,1.1418308913707733,1.150847280025482,1.1582135140895844,1.1643471240997314,1.1724290788173675,1.1783293783664703,1.1852845251560211,1.190720683336258,1.1946098804473877,1.2037144422531127,1.2073894262313842,1.215094304084778,1.2195332646369934,1.2265129089355469,1.2301440000534059,1.2348609030246736,1.2435415863990784,1.24721862077713,1.251422119140625,1.2566476047039032,1.2614652931690216,1.2679380476474762,1.2733893990516663,1.2797590613365173,1.2819280743598938,1.2859440684318542,1.291977447271347,1.2944447338581084,1.2977278411388398,1.3009145259857178,1.3052983701229095,1.3090609908103943,1.3135952651500702,1.3177393794059753,1.3200830042362213,1.3252653181552887,1.3260610461235047,1.3299490213394165,1.3336243867874145,1.3360457360744475,1.3377413272857666,1.3407977938652038,1.344462651014328,1.3459893882274627,1.3472101628780364,1.3510149478912354,1.3518090069293975,1.3542299449443818,1.356417727470398,1.3602288603782653,1.3615760207176208,1.363037008047104,1.3643253207206727,1.3650062561035157,1.367473042011261,1.3684244215488435,1.3700583815574645,1.3715150833129883,1.3737756550312041,1.3749716818332671,1.376166421175003,1.3791807830333709,1.3789498925209045,1.3804959952831268,1.3819984316825866,1.383129394054413,1.3836423575878143,1.385389941930771,1.385596126317978,1.3873500764369964,1.3877438187599183,1.3884549498558045,1.3915037989616394,1.3898467898368836,1.391270923614502,1.3905150294303894,1.3933126091957093,1.3952045798301698,1.393863207101822,1.395285576581955,1.395097655057907,1.3960250437259674,1.396626478433609,1.3969474375247954,1.3979395151138305,1.3987687170505523,1.3989322423934936,1.3994166493415832,1.4010645866394043,1.4012696981430053,1.400546419620514,1.4017874896526337,1.4018480837345124,1.4029511094093323,1.4030458688735963,1.4039873123168944,1.4047683835029603,1.403982263803482,1.4048115611076355,1.4055122077465056,1.4053617656230926,1.4057414531707764,1.4063681304454803,1.408046305179596,1.4066605508327483,1.4076933979988098,1.4083399653434754,1.4088602006435393,1.4095271348953247,1.408310317993164,1.4090068936347961,1.4100553810596466,1.4103557229042054,1.411000370979309,1.4100398600101471,1.4098706781864165,1.4104804575443268,1.4104941844940186,1.4098590552806853,1.4100387692451477,1.4108237206935883,1.4110829830169678,1.4095380067825318
t_197,0.03789266869425774,0.03382894638925791,0.0,0.03554115705192089,0.043742161616683005,0.056128330528736115,0.07935104668140411,0.10056129880249501,0.1285984382033348,0.14282427579164506,0.1640801928937435,0.18753970116376878,0.19655904769897461,0.22925708964467048,0.2451118804514408,0.2768054097890854,0.30571954548358915,0.33736976981163025,0.35055371671915053,0.3837550297379494,0.41440483629703523,0.4249143972992897,0.4509237319231033,0.4821573421359062,0.5030889302492142,0.519925794005394,0.542781862616539,0.5699981927871705,0.5909883916378021,0.6083323746919632,0.6366360455751419,0.6485093712806702,0.6757213950157166,0.6876451283693313,0.7107430100440979,0.7298246413469315,0.7376991003751755,0.7562848091125488,0.7681883454322815,0.784590357542038,0.793673175573349,0.8093019992113113,0.8252188682556152,0.8297352373600007,0.84654720723629,0.8570208489894867,0.8693052500486373,0.8790945082902908,0.8931810587644577,0.9024113655090332,0.9127261281013489,0.9240258514881134,0.9346953481435776,0.9461379617452621,0.9562713205814362,0.9679525434970856,0.9772164344787597,0.9878428012132645,0.9981437355279923,1.004750621318817,1.0174653649330139,1.0240740597248077,1.0340527892112732,1.0435884058475495,1.0524319946765899,1.0602751195430755,1.068639761209488,1.0763988554477693,1.0830847382545472,1.0890466034412385,1.0953168213367461,1.1053914666175841,1.112795925140381,1.1179893970489503,1.1247618734836577,1.132263284921646,1.1377432107925416,1.144066035747528,1.153061830997467,1.1603951275348663,1.1665183424949646,1.1745504915714264,1.1804608345031737,1.1873800039291382,1.192810732126236,1.1966795802116394,1.2057508170604705,1.209410148859024,1.2170917510986328,1.221532517671585,1.2284501492977142,1.2320930242538453,1.2367783188819885,1.245404201745987,1.249084746837616,1.253287935256958,1.2584829330444336,1.2632734179496765,1.2697078168392182,1.2751511573791503,1.2814859628677369,1.283649319410324,1.2876389503479004,1.2936362504959107,1.296082043647766,1.2993613064289093,1.3025309085845946,1.3068962037563323,1.3106366753578187,1.3151511609554292,1.319260162115097,1.3216014742851256,1.3267483294010163,1.3275530934333801,1.3314074516296386,1.3350619435310365,1.3374752640724181,1.339149647951126,1.3421887159347534,1.345829302072525,1.3473492801189422,1.3485529601573945,1.3523338377475738,1.3531144201755523,1.3555189311504363,1.3576879918575286,1.3614793956279754,1.362807995080948,1.3642663538455964,1.3655379593372345,1.366203236579895,1.3686563372612,1.3695973098278045,1.3712236166000367,1.3726615488529206,1.3749079585075379,1.3760982155799866,1.377287369966507,1.3802859246730805,1.380047196149826,1.3815732538700103,1.383074450492859,1.3841932117938995,1.384700322151184,1.3864363372325896,1.3866367280483245,1.3883793950080872,1.388773149251938,1.3894769310951234,1.392518937587738,1.3908555626869201,1.3922698676586152,1.3915198206901551,1.3943035423755645,1.396195501089096,1.3948485374450683,1.396260130405426,1.3960640966892242,1.3969851434230804,1.3975838422775269,1.397896909713745,1.3988857865333557,1.3997147858142853,1.3998725891113282,1.4003518879413606,1.4019956588745117,1.4022039592266082,1.4014811098575592,1.4027146577835083,1.4027803242206573,1.403874969482422,1.403971940279007,1.404911494255066,1.4056870877742766,1.4049004793167115,1.4057272255420685,1.4064269423484803,1.4062743186950684,1.406652295589447,1.4072766840457915,1.4089490532875062,1.4075716257095336,1.408588057756424,1.40923929810524,1.4097489774227143,1.4104113399982452,1.409201020002365,1.409893399477005,1.4109418511390686,1.4112335085868835,1.4118726015090943,1.4109162628650664,1.4107384622097014,1.4113467931747437,1.4113567113876342,1.4107289969921113,1.4108969926834107,1.4116798043251038,1.411936503648758,1.4103902339935304
t_196,0.049167804047465326,0.03531398866325617,0.03554115705192089,0.0,0.032620345056056974,0.03976016901433468,0.06402296274900436,0.08373503871262074,0.11139113418757915,0.12546456083655358,0.1468210205435753,0.17043606340885162,0.17940763980150223,0.21230475306510926,0.22822514399886132,0.26014628559350966,0.2891799107193947,0.3210623860359192,0.33435661196708677,0.3676887661218643,0.39859995394945147,0.409251494705677,0.4354568272829056,0.46693630069494246,0.48808608800172804,0.5051059290766716,0.5281776458024978,0.5557010263204575,0.5769166201353073,0.5944729655981064,0.6231094628572464,0.6351619094610215,0.6626632362604141,0.674808120727539,0.6981992542743682,0.7175677865743637,0.7255653232336045,0.7444412857294083,0.7565359979867935,0.7731473982334137,0.7824150204658509,0.7983060956001282,0.8144727855920791,0.8190832823514939,0.8361861109733582,0.8468320727348327,0.859332412481308,0.8693266808986664,0.8836677849292756,0.8930878430604935,0.9035979270935058,0.9151232868432999,0.9259990990161896,0.9376298785209656,0.947987186908722,0.9598773896694184,0.969339519739151,0.9801346272230148,0.9905976057052612,0.9974155902862549,1.0103270769119264,1.0170935988426208,1.0272271037101746,1.0369487941265105,1.0459879815578461,1.053951585292816,1.0624620497226716,1.07040131688118,1.077214205265045,1.0832892835140229,1.0896925508975983,1.0999357581138611,1.1074491083621978,1.112752914428711,1.1196581244468689,1.127295160293579,1.132880437374115,1.139318084716797,1.1484432935714721,1.1558881640434264,1.1620926022529603,1.1702371299266816,1.1762721598148347,1.183273696899414,1.1888014853000641,1.1927671492099763,1.2019291758537292,1.2056814551353454,1.2134412765502929,1.2179693400859832,1.2249673843383788,1.228700542449951,1.2334641218185425,1.242153811454773,1.2459115386009216,1.2501802682876586,1.2554468274116517,1.260310125350952,1.2668141543865203,1.2723272383213042,1.2787151873111724,1.2809441983699799,1.2849747598171235,1.291019505262375,1.2935029447078705,1.2968346893787384,1.3000409781932831,1.3044615507125854,1.3082373201847077,1.312786465883255,1.3169182181358337,1.3193171083927155,1.3244812905788421,1.3253340661525725,1.3292264759540557,1.3329112708568573,1.3353640913963318,1.3370812118053437,1.3401502609252929,1.3438071191310883,1.3453606426715852,1.3465800940990449,1.3503820896148682,1.3512110531330108,1.3536363244056702,1.3558285713195801,1.3596147179603577,1.3609657645225526,1.3624584317207336,1.3637524247169495,1.3644448339939117,1.3669026911258697,1.367876297235489,1.3695178747177124,1.370976847410202,1.3732282996177674,1.3744373857975005,1.3756425261497498,1.3786527335643768,1.3784369945526123,1.3799799263477326,1.3814945816993713,1.3826295018196106,1.3831561267375947,1.3848909914493561,1.3851118087768555,1.3868616938591003,1.3872746288776399,1.3879745066165925,1.3910173177719116,1.3893937289714813,1.3908066272735595,1.3900725066661834,1.3928624093532562,1.3947402954101562,1.3934342086315155,1.394847071170807,1.3946638405323029,1.3955986261367799,1.3962071001529694,1.3965221464633941,1.3975221931934356,1.3983574628829956,1.3985245406627655,1.3990111708641053,1.4006367087364198,1.4008541703224182,1.4001569032669068,1.4013886749744415,1.4014710783958435,1.4025654673576355,1.4026678323745727,1.4036093950271606,1.4043865561485291,1.4036231279373168,1.4044418454170227,1.4051446557044982,1.405013757944107,1.4053919076919557,1.406026828289032,1.4076743006706238,1.4063223719596862,1.4073572397232055,1.4079951643943787,1.4085113823413848,1.4091758608818055,1.4079821527004241,1.4086788535118102,1.4097214818000794,1.4100253582000732,1.4106647551059723,1.4097288012504579,1.4095626711845397,1.4101681411266327,1.4101989328861237,1.409575879573822,1.4097582042217254,1.410534644126892,1.4108051359653473,1.409317970275879
t_195,0.058666774444282054,0.0410529313609004,0.043742161616683005,0.032620345056056974,0.0,0.034845083579421045,0.053287301957607267,0.07215726487338543,0.09970804527401925,0.11403610222041607,0.13500729352235794,0.15851435735821723,0.167557093501091,0.20039587169885636,0.21640616059303283,0.24840219020843507,0.27728856801986695,0.3093296706676483,0.3226660445332527,0.35622947514057157,0.38717015981674197,0.39785654842853546,0.42421813756227494,0.45589265823364256,0.47713263630867003,0.4942540466785431,0.5174976557493209,0.5452157199382782,0.5665462404489517,0.5842357188463211,0.6131178677082062,0.625251117348671,0.6529661595821381,0.6652321308851242,0.6888363033533096,0.7083580762147903,0.7164415121078491,0.7355021834373474,0.747715300321579,0.7644955396652222,0.7738651365041733,0.7899277657270432,0.806250661611557,0.810931870341301,0.8282301247119903,0.8390126645565033,0.8516568273305893,0.8617841601371765,0.8762855440378189,0.885835149884224,0.8964912325143815,0.9081610172986985,0.9191945135593415,0.9309785187244415,0.9414801657199859,0.9535153716802597,0.9631169855594635,0.9740545749664307,0.9846531510353088,0.9916020214557648,1.0046778261661529,1.0115638315677642,1.0218269526958466,1.0316812574863434,1.0408636152744293,1.0489310801029206,1.0575661778450012,1.0656271934509278,1.0725378274917603,1.0786960959434508,1.085202705860138,1.0955833673477173,1.103193348646164,1.1085830688476563,1.1155794143676758,1.1233190834522246,1.1289853513240815,1.1355057239532471,1.144733589887619,1.1522741913795471,1.1585316240787507,1.1667760729789733,1.1728963017463685,1.179994148015976,1.185589426755905,1.189626979827881,1.198873555660248,1.2026918470859527,1.2105326771736145,1.2151196360588075,1.2221969306468963,1.2259945809841155,1.2308229088783265,1.239590972661972,1.243406856060028,1.2477227926254273,1.2530594289302825,1.2579793453216552,1.2645454943180083,1.2701200366020202,1.276553785800934,1.2788456618785857,1.2829259157180786,1.2890133798122405,1.2915352404117584,1.2949124813079833,1.2981506764888764,1.3026252567768097,1.3064298450946807,1.3110226750373841,1.3151872217655183,1.3176185488700867,1.3228132128715515,1.3236918687820434,1.3276175022125245,1.3313377857208253,1.3338165402412414,1.3355612993240356,1.338656485080719,1.342345416545868,1.3439334869384765,1.3451471507549286,1.3489730894565581,1.349834382534027,1.3522823929786683,1.3544888377189637,1.3582848250865935,1.3596529185771942,1.3611659467220307,1.362477284669876,1.3631877064704896,1.3656519532203675,1.3666555523872375,1.3683062255382539,1.3697690844535828,1.372038996219635,1.3732601702213287,1.3744813442230224,1.3775071322917938,1.3773107886314393,1.3788581311702728,1.380390727519989,1.3815350472927093,1.382076632976532,1.383814263343811,1.3840568125247956,1.38581183552742,1.3862497150897979,1.386946976184845,1.3899867117404938,1.3883970737457276,1.3898081541061402,1.3890803575515747,1.3918778002262115,1.3937589466571807,1.3924774050712585,1.3938820779323577,1.393709671497345,1.3946550846099854,1.3952764630317689,1.3955880761146546,1.396593803167343,1.3974357068538665,1.3976117432117463,1.3981126129627228,1.399729359149933,1.3999477922916412,1.3992738127708435,1.4005057156085967,1.4006017982959746,1.4016927123069762,1.4017954349517823,1.4027285814285277,1.4035237908363343,1.4027610182762147,1.4035963892936707,1.404285579919815,1.404168576002121,1.4045434057712556,1.4051832199096679,1.4068241477012635,1.4054926753044128,1.406540298461914,1.4071672677993774,1.4076989352703095,1.4083543956279754,1.4071763575077056,1.407867395877838,1.408915501832962,1.4092291355133058,1.4098725497722626,1.408940464258194,1.4087809562683105,1.4093858182430268,1.4094277322292328,1.408802682161331,1.4089877605438232,1.4097638249397277,1.4100452542304993,1.4086092293262482
t_194,0.07329895906150341,0.05471969861537218,0.056128330528736115,0.03976016901433468,0.034845083579421045,0.0,0.0430250970646739,0.060253824666142465,0.08648464418947696,0.0998690627515316,0.12104558981955052,0.14474356845021247,0.1533251114189625,0.18610876500606538,0.2017700605094433,0.23416675999760628,0.2631531357765198,0.29540048241615297,0.30883937180042265,0.3424252361059189,0.3735893234610558,0.38450009375810623,0.41101605594158175,0.4428823351860046,0.46436867117881775,0.4816848486661911,0.5050175949931145,0.5331466346979141,0.5546465903520584,0.5726457327604294,0.6017983794212342,0.6141728907823563,0.6420317441225052,0.6546480745077133,0.6785438984632493,0.6983963936567307,0.7065688520669937,0.7259900510311127,0.738386356830597,0.7553521245718002,0.7649641990661621,0.781298765540123,0.7978487581014633,0.8026724845170975,0.8202905803918839,0.8312051624059678,0.844091671705246,0.8544461756944657,0.8691905975341797,0.8789320558309555,0.8897772341966629,0.9016961991786957,0.9129078358411788,0.9248375654220581,0.9355956852436066,0.9478272914886474,0.9576208412647247,0.9686776787042618,0.9793930679559708,0.98661288022995,0.9998283475637436,1.0068595290184021,1.0172326624393464,1.0272618055343627,1.0366395831108093,1.0447767436504365,1.053504741191864,1.0617702662944795,1.0687516748905181,1.0750195264816285,1.0816305935382844,1.092175555229187,1.0998008251190186,1.1053011059761046,1.112422412633896,1.120253574848175,1.1259982943534852,1.1326169312000274,1.1419456243515014,1.1495653450489045,1.1558823883533478,1.1641657054424286,1.1704222738742829,1.1775521516799927,1.1832286655902862,1.187358295917511,1.196627026796341,1.2005414128303529,1.208425360918045,1.2131105363368988,1.2201872527599336,1.2240954637527466,1.2289681613445282,1.2377312541007996,1.2416307628154755,1.2460065066814423,1.2513820588588715,1.2563554406166078,1.2629508197307586,1.2685733258724212,1.2750140011310578,1.2773760497570037,1.2814792096614838,1.2875569701194762,1.2901132225990295,1.293553352355957,1.2968120455741883,1.3013263881206512,1.305142444372177,1.3097506165504456,1.3138960361480714,1.3163991272449493,1.3215808689594268,1.3225129008293153,1.3264459133148194,1.3301896095275878,1.3326809525489807,1.3344597101211548,1.3375744283199311,1.3412478983402252,1.3428640723228455,1.3440751492977143,1.3478942036628723,1.3488011181354522,1.3512606263160705,1.3534713983535767,1.3572259068489074,1.3586143612861634,1.36016246676445,1.3614885330200195,1.3622234463691711,1.3646688282489776,1.3657137870788574,1.3673657596111297,1.368838721513748,1.3710992693901063,1.3723327577114106,1.3735707521438598,1.3765784740447997,1.3764216423034668,1.377970278263092,1.3795049667358399,1.3806635916233063,1.3812236130237578,1.382948452234268,1.3832100331783295,1.3849573493003846,1.3854061543941498,1.3860978066921235,1.3891234993934631,1.3875759184360503,1.3889788389205933,1.3882743120193481,1.3910563349723817,1.3929198145866395,1.3916815936565399,1.3930830717086793,1.3929121553897859,1.393880957365036,1.3945054590702057,1.3948094367980957,1.3958310902118682,1.3966766357421876,1.3968595147132874,1.397371870279312,1.398963415622711,1.3991868913173675,1.398547101020813,1.3997761011123657,1.3998886168003082,1.400979894399643,1.4010894179344178,1.402022933959961,1.4028132200241088,1.4020733535289764,1.4029092609882354,1.4035968840122224,1.4035048127174377,1.403884494304657,1.4045207440853118,1.406144481897354,1.4048540830612182,1.4058937788009644,1.4065105140209198,1.4070517897605896,1.4077029407024384,1.4065498888492585,1.4072481453418733,1.4082849204540253,1.4086020588874817,1.409241074323654,1.4083344638347626,1.4081913113594056,1.4087900400161744,1.4088426113128663,1.4082259476184844,1.4084244191646575,1.4091923475265502,1.4094782531261445,1.4080878674983979
t_193,0.096879231184721,0.07817304991185665,0.07935104668140411,0.06402296274900436,0.053287301957607267,0.0430250970646739,0.0,0.039267486147582534,0.060532097890973094,0.07433698959648609,0.09464102685451507,0.11774363033473492,0.12654133848845958,0.15941304415464402,0.17531732320785523,0.2074481837451458,0.2364401213824749,0.2689261645078659,0.28242359310388565,0.3164469763636589,0.34786091595888136,0.35888810455799103,0.3857491225004196,0.41800533831119535,0.439831505715847,0.45738868564367297,0.4810030937194824,0.5096110194921494,0.5314349800348281,0.549712958931923,0.5794707298278808,0.5920208305120468,0.6204534590244293,0.6333302825689315,0.6576921969652176,0.677931609749794,0.6864006400108338,0.7061892449855804,0.7188823282718658,0.7362054377794266,0.7460662990808486,0.7628454834222793,0.7797442138195038,0.7847683072090149,0.8028274416923523,0.8140690058469773,0.8272753953933716,0.8379556953907012,0.8531245052814483,0.863172909617424,0.8743886888027191,0.8866353034973145,0.8982035964727402,0.9104610919952393,0.9215700894594192,0.9341263830661773,0.9442642807960511,0.9556542068719864,0.9666428506374359,0.974181741476059,0.9877510577440262,0.9950996398925781,1.0057237505912782,1.0160694479942323,1.025773185491562,1.034140282869339,1.0431450664997102,1.0517007768154145,1.058895653486252,1.0653738021850585,1.072223925590515,1.0830315589904784,1.0908740162849426,1.0965610444545746,1.1038911759853363,1.1119626462459564,1.1178888440132142,1.1246826887130736,1.1342198252677917,1.142042452096939,1.1484690368175507,1.1569436371326447,1.16343092918396,1.1707199394702912,1.1765615701675416,1.1808260679244995,1.1902635395526886,1.1943216562271117,1.2023425698280334,1.2071728169918061,1.2143905282020568,1.2184561252593995,1.2234626173973084,1.2323286354541778,1.2363650679588318,1.2408373653888702,1.2463424861431123,1.2514337658882142,1.2581641376018524,1.2639117181301116,1.270413887500763,1.2729000389575957,1.2771083176136018,1.2832492768764496,1.2858942985534667,1.2894289910793304,1.2927485346794128,1.2973592877388,1.3012571692466737,1.3059264242649078,1.3101235270500182,1.3127127468585968,1.3179331243038177,1.318940168619156,1.3229309797286988,1.326732987165451,1.3292846977710724,1.3311210215091704,1.3342927038669585,1.3380062878131866,1.3396887958049775,1.3409066081047059,1.3447681307792663,1.3457630157470704,1.3482516944408416,1.3504929959774017,1.3542563617229462,1.3556693553924561,1.3572778284549714,1.358646184206009,1.3594280362129212,1.3618869841098786,1.362981516122818,1.3646445095539093,1.3661469876766206,1.3684231758117675,1.3696905672550201,1.3709572672843933,1.3739719688892365,1.3738812148571014,1.375429594516754,1.3769964158535004,1.3781812012195587,1.378761112689972,1.3804885506629945,1.3807879567146302,1.3825263679027557,1.3830317974090576,1.3837210714817048,1.38673477768898,1.3852659106254577,1.3866527199745178,1.3859648406505585,1.3887663662433625,1.3906203985214234,1.3894322335720062,1.390839260816574,1.3906898617744445,1.391673731803894,1.392316609621048,1.3926297307014466,1.3936667501926423,1.3945264995098114,1.394730281829834,1.3952660620212556,1.3968248188495636,1.3970627427101134,1.396472942829132,1.3976989388465881,1.3978342950344085,1.3989281058311462,1.3990467071533204,1.3999704360961913,1.4007777214050292,1.4000545978546142,1.4009037435054779,1.4015810370445252,1.4015205919742584,1.4019070446491242,1.4025568306446075,1.4041456401348114,1.402899730205536,1.4039787828922272,1.4045610904693604,1.405130249261856,1.4057822048664093,1.404650741815567,1.4053493678569793,1.4063892841339112,1.4067356288433075,1.4073663115501405,1.4064899146556855,1.4063530743122101,1.406959891319275,1.4070442140102386,1.4064359664916992,1.406644058227539,1.407407248020172,1.4077141642570496,1.406444138288498
t_192,0.11905981115996837,0.09875675141811371,0.10056129880249501,0.08373503871262074,0.07215726487338543,0.060253824666142465,0.039267486147582534,0.0,0.041955366358160974,0.05308121033012867,0.07253681197762489,0.09562763534486293,0.10445160754024982,0.13703129664063454,0.15307952612638473,0.1851417675614357,0.2145134449005127,0.24686179012060167,0.26058474481105803,0.2947632983326912,0.3264657437801361,0.3374964505434036,0.36465234905481336,0.39725601226091384,0.4192590430378914,0.4369791015982628,0.46091730445623397,0.48989504724740984,0.5119878709316253,0.5305188715457916,0.5606674671173095,0.5734038144350052,0.602239590883255,0.6153683543205262,0.6400878459215165,0.6606874376535415,0.6692951649427414,0.6894624620676041,0.7023859232664108,0.7200321912765503,0.7300888359546661,0.7471997231245041,0.7644351869821548,0.7695784002542496,0.7880177736282349,0.7995084285736084,0.8130185157060623,0.8239377796649933,0.8394315361976623,0.8497223198413849,0.861224427819252,0.8737672001123429,0.8856166869401931,0.8981671512126923,0.9095480799674988,0.9223988682031632,0.9327963083982468,0.9444596648216248,0.9557003140449524,0.9634767591953277,0.9773443967103959,0.9848969936370849,0.9957612127065658,1.0063692688941956,1.0163224279880523,1.024890273809433,1.0341172754764556,1.0429013550281525,1.0502816796302796,1.0569274067878722,1.0639777064323426,1.0750221967697144,1.0830606758594512,1.0888952136039733,1.096410185098648,1.1046610653400422,1.1107301831245422,1.1177079558372498,1.127438986301422,1.13543199300766,1.1419887363910675,1.150647407770157,1.1573110938072204,1.1647665739059447,1.1707524240016938,1.1751276493072509,1.1847492098808288,1.1889227151870727,1.1970980882644653,1.2020472466945649,1.2094144523143768,1.213599443435669,1.2187152445316314,1.2277385890483856,1.2318795025348663,1.2364466547966004,1.2420663058757782,1.2472877383232117,1.2541291117668152,1.2599899053573609,1.2665923476219176,1.2691545605659484,1.2734525978565217,1.2796801209449769,1.2824026823043824,1.28599756360054,1.2893804013729095,1.294080799818039,1.2980481684207916,1.3027773022651672,1.3070514023303985,1.3097028970718383,1.3149892687797546,1.3160388112068175,1.3201012015342712,1.3239552855491639,1.3265589356422425,1.3284418523311614,1.3316770613193512,1.3354260861873626,1.337166154384613,1.338392788171768,1.3423019170761108,1.3433615624904633,1.345885020494461,1.3481563866138457,1.3519499063491822,1.3533932566642761,1.3550419807434082,1.3564414381980896,1.3572506427764892,1.3597423374652862,1.3608653366565704,1.362555241584778,1.3640935838222503,1.366390460729599,1.3676960289478302,1.368987011909485,1.3720194458961488,1.371954572200775,1.3735122978687286,1.3751164495944976,1.3763180315494536,1.3769202530384064,1.378661674261093,1.3789799690246582,1.380733948945999,1.3812619984149932,1.3819532215595245,1.384970235824585,1.383546805381775,1.3849359035491944,1.384270042181015,1.387083685398102,1.3889357328414917,1.387777215242386,1.3891810655593873,1.3890475451946258,1.390051919221878,1.3907179474830627,1.391024911403656,1.3920820116996766,1.3929502665996552,1.393169754743576,1.393726372718811,1.3952649652957916,1.395519143342972,1.3949581980705261,1.396191531419754,1.3963371217250824,1.3974342465400695,1.3975593149662018,1.3984825134277343,1.399302452802658,1.398596853017807,1.3994431853294373,1.4001263797283172,1.4000845670700073,1.4004836201667785,1.401135939359665,1.4027115404605865,1.401493114233017,1.4025922060012816,1.4031596243381501,1.4037513792514802,1.4043960630893708,1.4032893121242522,1.4039886355400086,1.4050346732139587,1.4053943395614623,1.4060255587100983,1.4051647186279297,1.4050362884998322,1.4056492745876312,1.4057581067085265,1.405165868997574,1.4053775727748872,1.4061415851116181,1.406482881307602,1.405286157131195
t_191,0.1464211829006672,0.12645031921565533,0.1285984382033348,0.11139113418757915,0.09970804527401925,0.08648464418947696,0.060532097890973094,0.041955366358160974,0.0,0.033415730856359,0.04695914778858423,0.06839683689177037,0.07670246474444867,0.10927430912852287,0.1254348624497652,0.15736064985394477,0.1864452466368675,0.2191968560218811,0.23286864906549454,0.26728477478027346,0.2992273420095444,0.3105612456798553,0.3379304513335228,0.37085645347833635,0.39325346499681474,0.4112954571843147,0.4354843646287918,0.4649923235177994,0.48744270354509356,0.5063788145780563,0.5371143996715546,0.5501505494117737,0.5794937610626221,0.5929699569940567,0.6182199120521545,0.6392945051193237,0.6481840312480927,0.6688022822141647,0.6820460021495819,0.7000491976737976,0.7104168593883514,0.7280000686645508,0.7456286817789077,0.7510082989931106,0.7699395686388015,0.7817279875278473,0.7956093728542328,0.8069021970033645,0.8228465706110001,0.8334707587957382,0.8453282415866852,0.8582459449768066,0.8704320192337036,0.883298248052597,0.8950844913721084,0.9082898736000061,0.9190518409013748,0.9310053259134292,0.9424991339445115,0.950671374797821,0.9648565828800202,0.9727374851703644,0.9838434368371963,0.9947744846343994,1.0050855696201324,1.0138540148735047,1.0233460128307343,1.0324520766735077,1.0400367736816407,1.0469013452529907,1.0541836261749267,1.0655139148235322,1.0737123847007752,1.079764872789383,1.0875034868717193,1.0959981083869934,1.1022471249103547,1.1094262778759003,1.1193800210952758,1.1275594353675842,1.1342366814613343,1.1430768251419068,1.1499805927276612,1.1575761139392853,1.16372230052948,1.1682738423347474,1.178033035993576,1.1823672235012055,1.1906780362129212,1.1957952797412872,1.2032784640789032,1.2076254665851593,1.212876844406128,1.2219904065132141,1.2262820541858672,1.2309604585170746,1.2367082715034485,1.2420487701892853,1.2490078389644623,1.2549850404262544,1.2616488337516785,1.2643501818180085,1.2687408924102783,1.2750159323215484,1.2778195559978485,1.2815282583236693,1.2849845051765443,1.2897867858409882,1.2937999486923217,1.2986027121543884,1.3029142022132874,1.3056653559207916,1.3109802305698395,1.312119460105896,1.3162285327911376,1.3201371073722838,1.3227964699268342,1.3247528076171875,1.3280270576477051,1.331804382801056,1.3336146235466004,1.3348454177379607,1.3387851238250732,1.3399348437786103,1.342496883869171,1.344797170162201,1.3485730051994325,1.350059413909912,1.351773601770401,1.3532094419002534,1.3540692687034608,1.3565553545951843,1.3577543139457702,1.3594663977622985,1.361030000448227,1.363335335254669,1.3646689355373383,1.3659955382347106,1.3690320074558258,1.369032073020935,1.3706036508083344,1.3722340881824493,1.3734608590602875,1.3740999460220338,1.3758387088775634,1.3762047290802002,1.3779560148715972,1.3785299003124236,1.379220676422119,1.3822260558605195,1.3808878898620605,1.3822644531726838,1.3816339492797851,1.3844492197036744,1.3862814843654632,1.3852042436599732,1.3865988671779632,1.386486679315567,1.387516349554062,1.388197410106659,1.3885093867778777,1.3895824074745178,1.3904624044895173,1.3907024562358856,1.3912905216217042,1.3927924752235412,1.3930706918239593,1.39256551861763,1.3937902808189393,1.3939664721488954,1.39506716132164,1.395199465751648,1.3961261332035064,1.3969596028327942,1.3962736129760742,1.3971278488636016,1.397807091474533,1.3978083252906799,1.3982167661190033,1.3988793671131134,1.400421279668808,1.3992647528648376,1.400382435321808,1.400928783416748,1.401549255847931,1.4021915316581726,1.4011195063591004,1.401821494102478,1.4028601050376892,1.4032435178756715,1.4038609206676482,1.4030473828315735,1.4029403805732727,1.403550624847412,1.4036820948123931,1.4031045377254485,1.4033320009708405,1.4040847718715668,1.4044524371623992,1.4033561289310454
t_190,0.16118180453777314,0.14088916778564453,0.14282427579164506,0.12546456083655358,0.11403610222041607,0.0998690627515316,0.07433698959648609,0.05308121033012867,0.033415730856359,0.0,0.03717569373548031,0.056034095399081704,0.06371987909078598,0.09551449716091157,0.11106435395777225,0.1431422635912895,0.17243433967232705,0.20522505193948745,0.21902094632387162,0.2534055896103382,0.28553562313318254,0.29716709405183794,0.32472137212753294,0.3577450647950172,0.38043968081474305,0.39862408936023713,0.4228944957256317,0.4528208702802658,0.4754194989800453,0.49467411935329436,0.5257021993398666,0.5389215052127838,0.5684207022190094,0.5822531163692475,0.607745710015297,0.629147857427597,0.6381651848554611,0.6591109365224839,0.6725311547517776,0.6906996816396713,0.7012813240289688,0.7191450029611588,0.7369933992624282,0.7425138473510742,0.7617388933897018,0.7736630231142044,0.7877773880958557,0.7992785036563873,0.8154637455940247,0.8262725085020065,0.8383379697799682,0.8514709293842315,0.8638369411230087,0.8768462806940078,0.8888760805130005,0.9022670209407806,0.9132174372673034,0.9252863258123398,0.9368917405605316,0.9453211009502411,0.959658145904541,0.9677126199007035,0.9789258271455765,0.990024620294571,1.0005308270454407,1.009376734495163,1.0189814209938048,1.0282750308513642,1.0359348893165587,1.0429242551326752,1.0503132224082947,1.061784714460373,1.0700237095355987,1.0761867344379425,1.084036535024643,1.092620414495468,1.0989550948143005,1.1062426328659059,1.116284292936325,1.124532836675644,1.1312490701675415,1.1401524364948272,1.147178292274475,1.1548236429691314,1.1610468685626985,1.1656745970249176,1.1754811763763429,1.1798863172531129,1.188253217935562,1.1934507608413696,1.2009479701519012,1.2054033637046815,1.2106983542442322,1.2198121845722198,1.2241858124732972,1.228916871547699,1.234706950187683,1.2400950729846953,1.2470946669578553,1.2531250596046448,1.25979243516922,1.262568747997284,1.2669819831848144,1.2732643246650697,1.276103937625885,1.2798570156097413,1.2833416700363158,1.2881782591342925,1.2922178506851196,1.297034752368927,1.3013458549976349,1.3041454672813415,1.3094535231590272,1.3106422305107117,1.3147592663764953,1.3186782360076905,1.321364414691925,1.3233507513999938,1.3266482174396514,1.3304223239421844,1.332261049747467,1.3334864854812623,1.3374260008335113,1.3386296212673188,1.3412020683288575,1.3435051441192627,1.3472505807876587,1.3487514555454254,1.3504958987236022,1.351940965652466,1.3528232336044312,1.3553028762340547,1.356531673669815,1.3582513868808745,1.3598162591457368,1.362128621339798,1.3634627223014832,1.3648028671741486,1.367837804555893,1.3678725004196166,1.3694333732128143,1.371072483062744,1.3723157048225403,1.3729659557342528,1.3747048437595368,1.3750813961029054,1.3768222332000732,1.3774203538894654,1.3780958950519562,1.3810841858386993,1.3797976553440094,1.381153666973114,1.380547046661377,1.383349221944809,1.3851737082004547,1.3841339826583863,1.3855232834815978,1.3854166567325592,1.3864594399929047,1.3871515274047852,1.3874587893486023,1.3885403454303742,1.3894285559654236,1.3896735608577728,1.3902748465538024,1.3917592525482179,1.3920391142368316,1.3915671765804292,1.3927872717380523,1.3929777145385742,1.3940716803073883,1.3942115366458894,1.3951306819915772,1.3959681510925293,1.3953031718730926,1.3961590647697448,1.3968288481235505,1.396851134300232,1.3972649931907655,1.3979303002357484,1.399449235200882,1.398324304819107,1.3994536697864532,1.3999817430973054,1.4006101846694947,1.4012426018714905,1.4001914322376252,1.4008970439434052,1.4019219338893891,1.4023216784000396,1.4029309332370759,1.4021374523639678,1.4020323991775512,1.4026502907276153,1.4027949631214143,1.4022247672080994,1.4024556159973145,1.4032063782215118,1.4035895109176635,1.402560532093048
t_189,0.18226647973060608,0.1621244505047798,0.1640801928937435,0.1468210205435753,0.13500729352235794,0.12104558981955052,0.09464102685451507,0.07253681197762489,0.04695914778858423,0.03717569373548031,0.0,0.039222038723528384,0.045534989796578884,0.07447139583528042,0.09065141417086124,0.12170438393950463,0.15091167762875557,0.18358788639307022,0.19748452976346015,0.23203715085983276,0.26431091874837875,0.2758761361241341,0.30364307314157485,0.3369318276643753,0.35978305488824847,0.37810772508382795,0.40267789661884307,0.43291618674993515,0.4557465523481369,0.47519002556800843,0.5066242635250091,0.5200057625770569,0.5499429434537888,0.5639684826135636,0.5898369491100312,0.6115659683942795,0.6207604497671128,0.6420444250106812,0.6557099789381027,0.6742170065641403,0.6849963158369065,0.7032105594873428,0.7213949024677276,0.7270482897758483,0.7466724812984467,0.758878418803215,0.7732956618070602,0.7850568413734436,0.8016090393066406,0.8126866191625595,0.8250497549772262,0.8384889245033265,0.8511660635471344,0.8644719362258911,0.8768017500638962,0.8904916346073151,0.9017294913530349,0.9140802770853043,0.9259393095970154,0.9346300810575485,0.9492914527654648,0.9575828671455383,0.9690372705459595,0.9804049372673035,0.9911773204803467,1.0002341210842132,1.0100636720657348,1.0196065187454224,1.0274490058422088,1.0346142768859863,1.042204385995865,1.0539214968681336,1.062349021434784,1.0686667025089265,1.076705175638199,1.0855055570602417,1.0919893860816956,1.0994477212429046,1.1096847414970399,1.1181138098239898,1.124956625699997,1.1340448141098023,1.1412521123886108,1.1490583896636963,1.1554181575775146,1.1601729035377502,1.170135933160782,1.1746715426445007,1.1831696271896361,1.18849316239357,1.1961301684379577,1.200716108083725,1.2061156809329987,1.2153698265552522,1.2198462903499603,1.2246681332588196,1.2305764198303222,1.2360807657241821,1.2431962430477141,1.249347847700119,1.2560893952846528,1.2589665234088898,1.2634726583957672,1.2698317110538482,1.272737991809845,1.2765887916088103,1.2801228940486908,1.2850459039211273,1.2891330242156982,1.294029301404953,1.2984007954597474,1.3012725710868835,1.3066404461860657,1.3078684270381928,1.3120482802391051,1.3160183548927307,1.3187504768371583,1.3207915127277374,1.324127048254013,1.3279531180858613,1.329850196838379,1.3310867249965668,1.335071861743927,1.3363439321517945,1.3389499247074128,1.3412772834300994,1.345047700405121,1.346580058336258,1.34837144613266,1.349848061800003,1.3507659971714019,1.353264617919922,1.3545343279838562,1.356273102760315,1.3578606605529786,1.360195803642273,1.3615535914897918,1.3629186987876891,1.3659729659557343,1.366052383184433,1.367621010541916,1.3692847669124604,1.370550662279129,1.3712190628051757,1.3729573249816895,1.3733824849128724,1.3751243710517884,1.3757494747638703,1.3764322876930237,1.3794205069541932,1.3781747043132782,1.3795345783233643,1.3789461135864258,1.3817689061164855,1.3835977792739869,1.3825849533081054,1.3839769542217255,1.383892786502838,1.384951639175415,1.3856603860855103,1.3859634160995484,1.387063056230545,1.387959325313568,1.3882169842720031,1.3888384640216827,1.390310126543045,1.3906001627445221,1.390155130624771,1.3913736402988435,1.3915830612182618,1.3926864683628082,1.392821353673935,1.3937429904937744,1.394592958688736,1.3939465701580047,1.394804346561432,1.3954864621162415,1.3955184161663055,1.3959387362003326,1.3966123104095458,1.3981076955795289,1.3970206201076507,1.3981608748435974,1.3986810982227325,1.399329024553299,1.3999612987041474,1.3989301860332488,1.3996291160583496,1.4006645619869231,1.4010687172412872,1.401679915189743,1.400905478000641,1.4008097648620605,1.401436412334442,1.4015967309474946,1.4010280251502991,1.4012580215930939,1.4020138025283813,1.4024100244045257,1.4014527678489686
t_188,0.2055518463253975,0.18534012660384178,0.18753970116376878,0.17043606340885162,0.15851435735821723,0.14474356845021247,0.11774363033473492,0.09562763534486293,0.06839683689177037,0.056034095399081704,0.039222038723528384,0.0,0.03098374754190445,0.05456055011600256,0.06865955106914043,0.09939942918717862,0.12788571566343307,0.1606112502515316,0.17418347746133805,0.2089690774679184,0.2411998376250267,0.2529844969511032,0.2808370739221573,0.31433321833610534,0.3375139370560646,0.35605795234441756,0.3807457834482193,0.411277511715889,0.43440424352884294,0.4540805071592331,0.4860333040356636,0.4995919123291969,0.5299796462059021,0.5442131489515305,0.5705035150051116,0.5925701797008515,0.6019865930080414,0.6236106663942337,0.6375496208667755,0.6563616544008255,0.6673935800790787,0.6860176086425781,0.7045436888933182,0.7103904515504837,0.7304113417863846,0.7429085701704026,0.7576282232999801,0.7697228997945785,0.7866659611463547,0.7980444520711899,0.8107347995042801,0.8245010286569595,0.8374965935945511,0.8511106163263321,0.863780090212822,0.8777812540531158,0.8893337547779083,0.9019866615533829,0.9141094565391541,0.923103642463684,0.9381011515855789,0.9466753453016281,0.9583786368370056,0.9700461208820343,0.9811221361160278,0.9903950721025467,1.0004793763160706,1.0102923810482025,1.0183366775512694,1.0257021367549897,1.0335258185863494,1.045488530397415,1.0541162729263305,1.0606125950813294,1.0688394844532012,1.0778585076332092,1.0845194399356841,1.0921517133712768,1.1025862634181975,1.1112048387527467,1.1181573212146758,1.1274283528327942,1.1348377645015717,1.1427923381328582,1.1493033170700073,1.1541975617408753,1.1642987132072449,1.1689741730690002,1.1776115000247955,1.183072131872177,1.190841656923294,1.1955586135387422,1.201080995798111,1.2104440748691558,1.2150500476360322,1.2199609458446503,1.2259940266609193,1.2316096425056458,1.2388453722000121,1.2451127171516418,1.2519153714179994,1.2548996686935425,1.2594948768615724,1.265915620326996,1.2688949525356292,1.2728263974189757,1.2764336585998535,1.281435889005661,1.2855931401252747,1.290550208091736,1.2949768483638764,1.2979171693325042,1.3033246099948883,1.3046231508255004,1.3088523387908935,1.3128838419914246,1.3156608998775483,1.3177499294281005,1.3211416006088257,1.3250066339969635,1.3269494295120239,1.3281987130641937,1.3322212040424346,1.3335711419582368,1.3362120628356933,1.3385635912418365,1.3423408567905426,1.343900603055954,1.3457498610019685,1.3472547113895417,1.3482123076915742,1.3507196485996247,1.3520382165908813,1.3538055777549745,1.3554231107234955,1.3577656686305999,1.359145736694336,1.3605374693870544,1.363591295480728,1.3637309968471527,1.3652989387512207,1.3669876396656035,1.368289089202881,1.3689784228801727,1.3707104742527008,1.3711802124977113,1.3729161858558654,1.3735754311084747,1.3742546439170837,1.3772381782531737,1.3760664880275726,1.377408391237259,1.3768518805503844,1.3796885430812835,1.3815064668655395,1.3805464923381805,1.3819383800029754,1.3818698525428772,1.382952630519867,1.3836818516254425,1.383988082408905,1.3851124703884126,1.3860135138034821,1.3862883269786834,1.3869260430336,1.3883771777153016,1.388676357269287,1.3882806837558745,1.389509528875351,1.3897427320480347,1.3908498883247375,1.3909934520721436,1.3919061958789825,1.392774260044098,1.3921519577503205,1.3930077135562897,1.3936933636665345,1.393752098083496,1.3941839277744292,1.3948700904846192,1.3963389217853546,1.3952943921089171,1.3964549362659455,1.3969448029994964,1.397626119852066,1.398255866765976,1.3972432017326355,1.3979454636573792,1.398976743221283,1.3993964850902558,1.400009995698929,1.3992570877075194,1.3991714715957642,1.399799883365631,1.3999795079231263,1.3994283199310302,1.399666929244995,1.400415873527527,1.400834560394287,1.3999873101711273
t_187,0.21494675576686859,0.19457156881690024,0.19655904769897461,0.17940763980150223,0.167557093501091,0.1533251114189625,0.12654133848845958,0.10445160754024982,0.07670246474444867,0.06371987909078598,0.045534989796578884,0.03098374754190445,0.0,0.04491421785205603,0.0594259824603796,0.09000435285270214,0.11852779425680637,0.1514409177005291,0.16510066613554955,0.19967654645442962,0.23218677788972855,0.2439930595457554,0.27190451622009276,0.30557506531476974,0.32884812355041504,0.3474762707948685,0.37227051705121994,0.4030912473797798,0.42633311450481415,0.4462150797247887,0.47832087576389315,0.4920486196875572,0.522577965259552,0.5370414227247238,0.5635397583246231,0.5858788758516311,0.5953654617071151,0.6172794222831726,0.6313417583703995,0.6503329128026962,0.6615339785814285,0.6803680062294006,0.6990813881158828,0.7050228744745255,0.7253046244382858,0.7379041224718094,0.7528266429901123,0.7650866150856018,0.7822470486164093,0.79377081990242,0.8066113889217377,0.820582988858223,0.8337219923734664,0.8474462538957596,0.8602978855371475,0.8744690686464309,0.8861593127250671,0.898902815580368,0.9111129879951477,0.9203082323074341,0.9354017972946167,0.9440894156694413,0.9558627128601074,0.9676565885543823,0.978874209523201,0.9882033735513687,0.9983655750751496,1.0083009064197541,1.0163992285728454,1.0238518476486207,1.0317318975925445,1.043799066543579,1.0524404168128967,1.0590051412582397,1.0673100769519805,1.076392114162445,1.083110696077347,1.090807980298996,1.1013116478919982,1.1099566400051117,1.116958749294281,1.1262551546096802,1.1337361216545105,1.1417171359062195,1.1482618033885956,1.1532090961933137,1.1633345782756805,1.1680504083633423,1.1767147302627563,1.182235312461853,1.190006250143051,1.1947781085968017,1.2003376960754395,1.2096914291381835,1.2143487215042115,1.2192877173423766,1.2253320813179016,1.2309751689434052,1.2382353305816651,1.2445358157157898,1.2513322174549102,1.2543682157993317,1.2589690208435058,1.2653824448585511,1.2683768033981324,1.272355580329895,1.2759698629379272,1.2809901535511017,1.2851408541202545,1.290119570493698,1.29453347325325,1.2975080609321594,1.3028973817825318,1.304226464033127,1.3084579110145569,1.3124903976917266,1.3152865648269654,1.317393922805786,1.320787513256073,1.324646657705307,1.3266089498996734,1.3278539896011352,1.3318728983402253,1.3332351267337799,1.3358900189399718,1.338240957260132,1.3419913589954375,1.3435591638088227,1.3454206883907318,1.3469253361225129,1.3478887021541595,1.3503943502902984,1.3517201483249663,1.3534949362277984,1.3551134586334228,1.3574527561664582,1.3588392913341523,1.3602468073368073,1.3632892549037934,1.3634460866451263,1.365020090341568,1.3667039632797242,1.368009215593338,1.3687060594558715,1.370434617996216,1.3709067344665526,1.372634482383728,1.373314583301544,1.3739886462688446,1.3769503116607666,1.3758110463619233,1.3771376371383668,1.3765997886657715,1.3794144570827485,1.3812239825725556,1.3802977859973908,1.3816807091236114,1.381615114212036,1.3827052056789397,1.383436095714569,1.3837378799915314,1.3848613798618317,1.3857722640037538,1.3860376715660094,1.3866855919361114,1.3881231486797332,1.388431054353714,1.388046646118164,1.38927965760231,1.389510267972946,1.3906208872795105,1.3907676756381988,1.3916787266731263,1.3925459921360015,1.3919293880462646,1.3927869558334351,1.393475478887558,1.393534004688263,1.393975967168808,1.3946619927883148,1.3961131274700165,1.395091360807419,1.3962451577186585,1.3967382669448853,1.3974108815193176,1.3980353832244874,1.3970382988452912,1.3977392077445985,1.3987610757350921,1.3991807639598846,1.3997874081134796,1.3990526914596557,1.3989711940288543,1.3996045887470245,1.3997800946235657,1.3992386400699615,1.3994751036167146,1.4002224564552308,1.400644999742508,1.3998329401016236
t_186,0.24776087328791618,0.2274983361363411,0.22925708964467048,0.21230475306510926,0.20039587169885636,0.18610876500606538,0.15941304415464402,0.13703129664063454,0.10927430912852287,0.09551449716091157,0.07447139583528042,0.05456055011600256,0.04491421785205603,0.0,0.03662258181720972,0.05907179396599531,0.08680375181138515,0.11906483843922615,0.13286972939968109,0.16717952564358712,0.19995834827423095,0.21180494353175164,0.23998353630304337,0.2739981323480606,0.29759150594472883,0.3164515450596809,0.34155861735343934,0.3730738043785095,0.3966534212231636,0.41703212559223174,0.4497019425034523,0.46378644108772277,0.4948310822248459,0.5098293751478196,0.5369310200214386,0.5599198430776596,0.5696911871433258,0.5922719925642014,0.6067327439785004,0.6262271672487258,0.6378451883792877,0.6572834730148316,0.6765239298343658,0.6827446967363358,0.7037204951047897,0.7167055100202561,0.7321694433689118,0.74489167034626,0.7626291871070862,0.7745995193719863,0.7879173189401627,0.8023963302373887,0.8159848660230636,0.8301404535770416,0.8435213327407837,0.8581732749938965,0.8703114449977875,0.8834199070930481,0.8959837675094604,0.9057033091783524,0.9212288349866867,0.9303009063005447,0.9423970967531204,0.9546019852161407,0.9662592500448227,0.9758540481328964,0.9863481640815734,0.9967009246349334,1.0050274312496186,1.0127734303474427,1.0209458351135254,1.033382111787796,1.042232471704483,1.0490344941616059,1.0576208114624024,1.0669823467731476,1.073932808637619,1.0818762063980103,1.0926476418972015,1.1015243232250214,1.1086991488933564,1.118217009305954,1.1259974598884583,1.1341614425182343,1.1409079134464264,1.1460649490356445,1.156368750333786,1.1612773299217225,1.1701256394386292,1.1758509814739226,1.1837642669677735,1.1887557566165925,1.1944622993469238,1.2039382874965667,1.208780539035797,1.2138586938381195,1.2200561046600342,1.2258389949798585,1.2332437336444855,1.2397015988826752,1.2465567767620087,1.249766731262207,1.2544713914394379,1.2609645545482635,1.264030283689499,1.268154788017273,1.2718478560447692,1.2769740223884583,1.2811964511871339,1.2862538695335388,1.2907155692577361,1.2938041925430297,1.2992449939250945,1.3006636917591095,1.304960459470749,1.309049028158188,1.3119148015975952,1.3141006708145142,1.3175526022911073,1.3214548766613006,1.3234947741031646,1.3247538208961487,1.328806746006012,1.3302746653556823,1.3329814195632934,1.3353632807731628,1.3391023874282837,1.3407067894935607,1.3426587343215943,1.34418443441391,1.3452079713344574,1.3477008163928985,1.349097526073456,1.3508986234664917,1.3525422275066377,1.3549026668071746,1.3563140392303468,1.357757532596588,1.3608003854751587,1.3610250651836395,1.3626112341880798,1.364320170879364,1.3656540989875794,1.3663752555847168,1.3681086599826813,1.3686248660087585,1.3703390657901764,1.3710861384868622,1.3717538714408875,1.374683040380478,1.3736433267593384,1.3749485075473786,1.374455553293228,1.3772709965705872,1.3790652871131897,1.378212296962738,1.379577249288559,1.3795388698577882,1.3806549549102782,1.3814129829406738,1.3817100822925568,1.3828642070293427,1.3837710559368133,1.3840558111667634,1.3847456216812133,1.3861375272274017,1.3864626169204712,1.3861458778381348,1.3873700976371766,1.3876325964927674,1.388747411966324,1.388895183801651,1.389799463748932,1.3906748712062835,1.390102070569992,1.3909586548805237,1.3916551232337953,1.391741681098938,1.3921919286251068,1.392893224954605,1.3943027675151825,1.3933409392833709,1.39450905919075,1.3949893951416015,1.3956777632236481,1.3962918162345885,1.395335280895233,1.396034574508667,1.3970482170581817,1.3974929690361022,1.398091769218445,1.397386634349823,1.3973304271697997,1.3979672253131867,1.3981644213199615,1.3976350128650665,1.397881853580475,1.3986169934272765,1.3990580677986144,1.3983704268932342
t_185,0.2637963369488716,0.2434130236506462,0.2451118804514408,0.22822514399886132,0.21640616059303283,0.2017700605094433,0.17531732320785523,0.15307952612638473,0.1254348624497652,0.11106435395777225,0.09065141417086124,0.06865955106914043,0.0594259824603796,0.03662258181720972,0.0,0.047035309672355655,0.0727171141654253,0.10363544970750808,0.11718096621334553,0.1515941098332405,0.18406186774373054,0.1963437095284462,0.2245667964220047,0.2587976634502411,0.282542322576046,0.30160762518644335,0.3267753258347511,0.3586496919393539,0.38239638060331343,0.4030390202999115,0.4360163524746895,0.450382362306118,0.4815398037433624,0.4969232529401779,0.5243591576814651,0.5476956516504288,0.5575729072093963,0.5805482864379883,0.5952252119779586,0.6149354130029678,0.6268538802862167,0.6466148197650909,0.6661364525556565,0.6725563496351242,0.6939127326011658,0.707111832499504,0.7228695601224899,0.735886213183403,0.7539008289575577,0.7661381959915161,0.7797166645526886,0.7945108205080033,0.8083434671163559,0.822694456577301,0.8363921910524368,0.851283460855484,0.8636844784021378,0.8769651859998703,0.8896911114454269,0.899751016497612,0.9154772490262986,0.9247826546430588,0.9370379537343979,0.9494626998901368,0.961356469988823,0.9710569500923156,0.9816957801580429,0.9922966033220291,1.0007193744182588,1.0086058259010315,1.016921979188919,1.0295640885829926,1.038466614484787,1.045412939786911,1.0541330337524415,1.063630646467209,1.0706868112087249,1.078763723373413,1.0896514654159546,1.098616510629654,1.1058713018894195,1.1154426276683806,1.1233908116817475,1.1316076576709748,1.138442063331604,1.143694031238556,1.1540441334247589,1.1590484499931335,1.1679534554481505,1.1737698793411255,1.1817216217517852,1.186838334798813,1.1926062166690827,1.2020931124687195,1.2070229709148408,1.212166565656662,1.2184194505214692,1.2242621779441833,1.2317164242267609,1.238237690925598,1.2450883626937865,1.2483737349510193,1.2531247198581696,1.2596219897270202,1.2627158522605897,1.266911542415619,1.2706257164478303,1.2757916629314423,1.280041640996933,1.2851140558719636,1.2895815432071687,1.2927179276943206,1.2981499671936034,1.299622654914856,1.3039380192756653,1.308032089471817,1.310933631658554,1.313145101070404,1.3166211366653442,1.320508897304535,1.3225961327552795,1.3238431632518768,1.3278913974761963,1.3294138789176941,1.3321428894996643,1.3345335006713868,1.3382424592971802,1.339865756034851,1.341849261522293,1.3433845341205597,1.3444386303424836,1.346919983625412,1.3483356177806853,1.3501388609409333,1.3517845690250396,1.354141652584076,1.3555663704872132,1.3570207417011262,1.3600490510463714,1.3603022634983062,1.3618864357471465,1.3636049509048462,1.3649531424045562,1.3656816244125367,1.3674009561538696,1.3679489195346832,1.3696459591388703,1.3704183936119079,1.3710832476615906,1.3739905774593353,1.3729944109916687,1.374287760257721,1.37381072640419,1.3766204953193664,1.378406322002411,1.3775887548923493,1.37894047498703,1.3789111018180846,1.380041229724884,1.3808112502098084,1.3811049222946168,1.3822623252868653,1.3831774175167084,1.383471417427063,1.3841649353504182,1.3855307400226593,1.3858682513237,1.3855748414993285,1.386798655986786,1.3870712339878082,1.3881881594657899,1.3883350908756256,1.3892282843589783,1.3901078641414641,1.3895530164241792,1.3904009640216828,1.391096866130829,1.3911934792995453,1.391646957397461,1.3923453509807586,1.3937284648418427,1.392794144153595,1.3939729690551759,1.3944326758384704,1.3951336205005647,1.3957386553287505,1.3947989523410798,1.3954899311065674,1.396513956785202,1.3969541013240814,1.3975453197956085,1.3968591690063477,1.3967961609363555,1.3974390208721161,1.3976523280143738,1.3971220552921295,1.3973815441131592,1.3981020748615265,1.3985525012016295,1.3979206264019013
t_184,0.29522345066070554,0.2751770928502083,0.2768054097890854,0.26014628559350966,0.24840219020843507,0.23416675999760628,0.2074481837451458,0.1851417675614357,0.15736064985394477,0.1431422635912895,0.12170438393950463,0.09939942918717862,0.09000435285270214,0.05907179396599531,0.047035309672355655,0.0,0.04662030413746834,0.07253870405256749,0.08592267073690892,0.11930731423199177,0.15195673257112502,0.1640554279088974,0.1925300255417824,0.22699625492095948,0.25090090855956076,0.2701271876692772,0.2955876350402832,0.3279826983809471,0.3520231172442436,0.37303290218114854,0.4065795883536339,0.42115086913108823,0.45297994911670686,0.46870785057544706,0.49667880982160567,0.5205711096525192,0.5308099299669266,0.554315060377121,0.5693497478961944,0.5895584285259247,0.6018074870109558,0.6221588373184204,0.642171910405159,0.6488563358783722,0.670834282040596,0.6844483107328415,0.7007052212953567,0.7141438335180282,0.732764595746994,0.7453924477100372,0.7594613283872604,0.7747154653072357,0.7889879524707795,0.803787824511528,0.8179658472537994,0.8333368122577667,0.8461676836013794,0.8598712652921676,0.8729568690061569,0.8834768980741501,0.8996550530195236,0.9093796640634537,0.9219668686389924,0.9348006904125213,0.9471308350563049,0.9571227967739105,0.968133881688118,0.9791275203227997,0.9878130555152893,0.9959835797548294,1.0046253204345703,1.0176239311695099,1.0268034100532533,1.0339833974838257,1.0429993391036987,1.0528189420700074,1.0601202428340912,1.0684604942798615,1.0796293199062348,1.0888776063919068,1.0963042378425598,1.106132733821869,1.1143799602985383,1.122816663980484,1.1298686563968658,1.1353182554244996,1.1458793938159944,1.151083117723465,1.1601866364479065,1.1662167608737946,1.1743681848049163,1.1796767652034759,1.1856296896934508,1.1952913880348206,1.2004118978977203,1.2056868374347687,1.2121152997016906,1.2181155323982238,1.2257529020309448,1.2324451386928559,1.2393815159797668,1.2428387999534607,1.2477067053318023,1.2543162286281586,1.2575048685073853,1.261850780248642,1.2656529784202575,1.2709388256072998,1.2752825975418092,1.2804731965065002,1.2850215077400207,1.2882709562778474,1.293783974647522,1.2953464806079864,1.2997397303581237,1.3039063513278961,1.3068880021572113,1.3091936588287354,1.312738835811615,1.3166949927806855,1.318851774930954,1.3201272904872894,1.3242377758026123,1.3258637607097625,1.3286534607410432,1.331084632873535,1.3348158776760102,1.3364784240722656,1.3385468244552612,1.3401190638542175,1.3412389516830445,1.343736070394516,1.3452213108539581,1.3470710694789887,1.3487385153770446,1.3511307060718536,1.352583795785904,1.3540840089321136,1.3571250438690186,1.357463425397873,1.3590691328048705,1.360810148715973,1.3622018814086914,1.3629457116127015,1.364677184820175,1.3652739584445954,1.3669682502746583,1.3677953600883483,1.3684655904769898,1.3713553071022033,1.3704520106315612,1.371737039089203,1.3712955951690673,1.3741175651550293,1.3759046077728272,1.3751279890537262,1.3764782190322875,1.376482892036438,1.3776282608509063,1.3784293711185456,1.3787331759929657,1.3799190163612365,1.3808358788490296,1.3811548054218292,1.3818725645542145,1.3832131028175354,1.3835703313350678,1.3833340942859649,1.3845724999904632,1.3848620772361755,1.385995125770569,1.3861341416835784,1.387033611536026,1.3879177033901215,1.387408483028412,1.3882587850093842,1.3889671981334686,1.3890859484672546,1.3895514249801635,1.3902690827846527,1.391608589887619,1.3907407581806184,1.3919290781021119,1.3923690021038055,1.393091344833374,1.3936806678771974,1.3927836894989014,1.393471372127533,1.3944960415363312,1.3949577927589416,1.395555818080902,1.3948997616767884,1.394834852218628,1.395497214794159,1.395738923549652,1.3952240169048309,1.3954985380172729,1.3962066531181336,1.3966887295246124,1.396179163455963
t_183,0.3237356260418892,0.30386560708284377,0.30571954548358915,0.2891799107193947,0.27728856801986695,0.2631531357765198,0.2364401213824749,0.2145134449005127,0.1864452466368675,0.17243433967232705,0.15091167762875557,0.12788571566343307,0.11852779425680637,0.08680375181138515,0.0727171141654253,0.04662030413746834,0.0,0.04890875704586506,0.05969660207629204,0.09157550036907196,0.12320957444608212,0.13583077490329742,0.1639473557472229,0.19844586327672004,0.2226877473294735,0.24219784066081046,0.2676108106970787,0.3005521699786186,0.3247316211462021,0.34627871215343475,0.38045852929353713,0.3953146666288376,0.4274617239832878,0.44374958574771883,0.47228420376777647,0.496669827401638,0.5072325944900513,0.531300961971283,0.5467207700014114,0.5672956883907319,0.5800121366977692,0.6009309113025665,0.6213837772607803,0.6283893406391143,0.6510089337825775,0.6649471640586853,0.6816554963588715,0.6956043422222138,0.7147795587778092,0.7278373062610626,0.742330139875412,0.7580516070127488,0.7727600008249282,0.7878986090421677,0.8026143848896027,0.8183906853199006,0.8316549479961395,0.8456805109977722,0.8590512335300445,0.8701184779405594,0.8866536349058152,0.8967646598815918,0.9096017569303513,0.9228172123432159,0.9356092274188995,0.9457981914281846,0.9570755004882813,0.9684891939163208,0.9773820400238037,0.9858156442642212,0.9947271913290023,1.0080301940441132,1.0173611223697663,1.0247929871082306,1.0340530157089234,1.0441351354122161,1.0516350090503692,1.060184121131897,1.071594339609146,1.08103306889534,1.0885773181915284,1.0985744178295136,1.1071218132972718,1.1156750559806823,1.1228973031044007,1.128567785024643,1.1392355978488922,1.1446244418621063,1.1538565814495088,1.1600961625576018,1.168336170911789,1.1738551080226898,1.1799323856830597,1.1896409034729003,1.194944715499878,1.2003390729427337,1.206886774301529,1.2130115747451782,1.2207814455032349,1.2275871872901916,1.2345466375350953,1.2381874561309814,1.2431387662887574,1.2497818171977997,1.2530535757541656,1.2575427889823914,1.2614209651947021,1.266792994737625,1.2712063014507293,1.276456642150879,1.281015282869339,1.2843911170959472,1.2899189472198487,1.2915822982788085,1.2960142016410827,1.3002457857131957,1.3032864451408386,1.3056718230247497,1.309266984462738,1.3132402300834656,1.3154744029045105,1.316759705543518,1.3209011852741241,1.3226248621940613,1.3254659652709961,1.3279225826263428,1.3316075503826141,1.33332456946373,1.3354568123817443,1.3370680868625642,1.338252878189087,1.340737122297287,1.3422973990440368,1.3441776096820832,1.3458666563034059,1.3482619941234588,1.3497454822063446,1.351280975341797,1.3543129742145539,1.3547345876693726,1.3563513576984405,1.3581104815006255,1.3595334768295289,1.360314780473709,1.362040936946869,1.3626898646354675,1.364364391565323,1.365248566865921,1.3659104645252227,1.3687666177749633,1.3679630398750304,1.3692362785339356,1.3688353836536407,1.3716366350650788,1.3734084248542786,1.3727185785770417,1.3740500807762146,1.374081516265869,1.3752525568008422,1.3760776817798615,1.3763861238956452,1.3775899767875672,1.3785220742225648,1.3788582265377045,1.3796035766601562,1.3809001326560975,1.3812656283378602,1.3810969471931458,1.3823399901390077,1.3826516449451447,1.3837928533554078,1.383932614326477,1.384830766916275,1.3857168972492218,1.385243421792984,1.3860928416252136,1.3867969751358031,1.3869554698467255,1.387438029050827,1.3881627857685088,1.3894565284252167,1.388650858402252,1.389859026670456,1.3902732253074646,1.3910120844841003,1.3915938317775727,1.390742826461792,1.3914265930652618,1.3924417078495026,1.3929321885108947,1.3935251533985138,1.3929037034511567,1.392860609292984,1.3935203731060029,1.3937999963760377,1.3932925462722778,1.3935874462127686,1.3942711055278778,1.3947678446769713,1.3943999886512757
t_182,0.3553369462490082,0.33556065410375596,0.33736976981163025,0.3210623860359192,0.3093296706676483,0.29540048241615297,0.2689261645078659,0.24686179012060167,0.2191968560218811,0.20522505193948745,0.18358788639307022,0.1606112502515316,0.1514409177005291,0.11906483843922615,0.10363544970750808,0.07253870405256749,0.04890875704586506,0.0,0.03509737886488438,0.06150892227888107,0.09082561433315277,0.10266755484044551,0.13102814480662345,0.1657283455133438,0.18995613232254982,0.20926863104104995,0.2352750353515148,0.2686237975955009,0.2930259361863136,0.31484785825014117,0.34945676773786544,0.3645838424563408,0.39731610715389254,0.414018078148365,0.4430751785635948,0.46807814091444017,0.4789323091506958,0.5036526560783386,0.5194405883550643,0.5405843496322632,0.5536537289619445,0.5752073377370834,0.5962164252996445,0.6034882843494416,0.6268241733312607,0.6412337273359299,0.6585201859474182,0.6728926539421082,0.6926962286233902,0.7061983644962311,0.7212317883968353,0.7375092506408691,0.7527132660150528,0.7683285981416702,0.7835742980241776,0.799873661994934,0.8136265069246292,0.8281018018722535,0.8418816983699798,0.8534668296575546,0.8705116778612136,0.8810598343610764,0.8942698895931244,0.9079419791698455,0.9211775809526443,0.9316955715417862,0.9433745592832565,0.955211853981018,0.9643739581108093,0.9731136709451675,0.9823567390441894,0.9960631787776947,1.0056958734989165,1.0133635640144347,1.0229465007781982,1.0333602130413055,1.0411272823810578,1.0499770760536193,1.0616923153400422,1.071417325735092,1.0791669189929962,1.089435875415802,1.0983215153217316,1.107105565071106,1.114566159248352,1.120433759689331,1.1313545644283294,1.1369487702846528,1.146405440568924,1.152861911058426,1.161317777633667,1.1670304656028747,1.17330242395401,1.1832098066806793,1.1886911928653716,1.1942362546920777,1.2009787619113923,1.2072759509086608,1.215231454372406,1.2222327888011932,1.2292834937572479,1.2331132113933563,1.2381899297237395,1.2449596524238586,1.24832244515419,1.2529648780822753,1.2569395422935485,1.2624354660511017,1.2669589042663574,1.2723122775554656,1.276982408761978,1.2804558992385864,1.2860704243183136,1.28782879114151,1.2923618793487548,1.2966730296611786,1.2997975647449493,1.3022630035877227,1.3059474587440492,1.3099831342697144,1.3122904896736145,1.313600343465805,1.317800772190094,1.319619369506836,1.3225125908851623,1.325000673532486,1.3287337660789489,1.3304711520671844,1.3326960444450378,1.3343396484851837,1.3355790972709656,1.338089072704315,1.3397078812122345,1.3416225731372833,1.34332794547081,1.3457655429840087,1.3472764015197753,1.34885373711586,1.3518911182880402,1.352369213104248,1.3540133655071258,1.3557992577552795,1.3572580516338348,1.3580606758594513,1.3598107278347016,1.3604981541633605,1.3621698439121246,1.3631113827228547,1.3637771904468536,1.366621768474579,1.3659031331539153,1.3671718537807465,1.3667911052703858,1.3696070551872253,1.3713896334171296,1.3707520365715027,1.3720587074756623,1.3721263825893402,1.3733097195625306,1.374171358346939,1.374483460187912,1.3757215857505798,1.376646000146866,1.3770044565200805,1.3777789235115052,1.379044133424759,1.3794304072856902,1.3793191850185393,1.380564308166504,1.3808901965618134,1.3820478022098541,1.3821777880191803,1.3830714523792267,1.3839831948280334,1.383537232875824,1.384387069940567,1.3851057767868042,1.385279542207718,1.3857701957225799,1.386507785320282,1.387761902809143,1.3870075464248657,1.3882364988327027,1.3886217951774598,1.3893887639045714,1.3899521470069884,1.389133983850479,1.3898083090782165,1.3908392667770386,1.3913402676582336,1.391926884651184,1.391328328847885,1.3912960946559907,1.3919685125350951,1.392272800207138,1.3917739152908326,1.3920851349830627,1.392784196138382,1.3933077156543732,1.393048244714737
t_181,0.3682722508907318,0.34872579127550124,0.35055371671915053,0.33435661196708677,0.3226660445332527,0.30883937180042265,0.28242359310388565,0.26058474481105803,0.23286864906549454,0.21902094632387162,0.19748452976346015,0.17418347746133805,0.16510066613554955,0.13286972939968109,0.11718096621334553,0.08592267073690892,0.05969660207629204,0.03509737886488438,0.0,0.04869258850812912,0.07705499678850174,0.08870387561619282,0.11672040894627571,0.1512819856405258,0.175645612180233,0.19521356821060182,0.22107815742492676,0.2545062504708767,0.2791337132453918,0.3010613277554512,0.3359680101275444,0.3512794509530067,0.38430158942937853,0.40103665441274644,0.43043210357427597,0.45565969944000245,0.46668953746557235,0.4916161999106407,0.5075967997312546,0.5289504647254943,0.5422577410936356,0.5640939921140671,0.5853595495223999,0.5928139954805374,0.6164198577404022,0.631038248538971,0.6485529631376267,0.6632007956504822,0.6832832306623459,0.6970404058694839,0.7122972995042801,0.7288202941417694,0.7442339807748795,0.7600452840328217,0.7755618125200272,0.7921130448579788,0.8060770541429519,0.8207580238580704,0.8346999853849411,0.8465290009975434,0.8637910157442092,0.8745639204978943,0.8879084855318069,0.9017693877220154,0.9152460694313049,0.9258809894323349,0.9377406001091003,0.9497639387845993,0.9590476453304291,0.9679308027029038,0.9773096233606339,0.9911778837442398,1.0009216040372848,1.0087043404579163,1.0184146761894226,1.0289789855480194,1.036867654323578,1.0458238065242766,1.0576650142669677,1.067490929365158,1.075319266319275,1.0857016026973725,1.094717985391617,1.1035881280899047,1.111128294467926,1.1170955896377563,1.128105843067169,1.1337823450565339,1.1433111429214478,1.149853813648224,1.158387577533722,1.1641693711280823,1.170513206720352,1.1804712235927581,1.1860404074192048,1.1916408836841583,1.1984275698661804,1.2047918915748597,1.21282160282135,1.2198781609535216,1.2269492626190186,1.2308525681495666,1.235971784591675,1.2427753329277038,1.2461720287799836,1.2508696794509888,1.2548788845539094,1.260421872138977,1.2649735808372498,1.2703738749027251,1.2750615537166596,1.2785858035087585,1.2842173159122467,1.2860192656517029,1.2905730128288269,1.294909453392029,1.2980690240859984,1.300576114654541,1.3042833149433135,1.3083428621292115,1.31068035364151,1.3120046317577363,1.3162215590476989,1.3180799245834351,1.3209930658340454,1.323500406742096,1.327223402261734,1.32899466753006,1.3312383592128754,1.3329044878482819,1.3341789245605469,1.3366888105869292,1.338341271877289,1.34027561545372,1.341990739107132,1.3444367349147797,1.3459697604179381,1.3475593686103822,1.350586289167404,1.3511109352111816,1.352766251564026,1.3545636415481568,1.3560333609580995,1.3568474411964417,1.358591079711914,1.3593071460723878,1.3609696090221406,1.3619437217712402,1.362600964307785,1.3654360175132751,1.3647583782672883,1.366021168231964,1.3656568944454193,1.368472272157669,1.3702525854110719,1.3696353256702423,1.3709403932094575,1.371022456884384,1.3722107827663421,1.3730843603610992,1.3734013974666595,1.3746485531330108,1.3755731165409089,1.3759483873844147,1.3767230033874511,1.377972847223282,1.3783712804317474,1.3782807350158692,1.3795367300510406,1.3798735976219176,1.3810440242290496,1.3811769485473633,1.3820669293403625,1.3829809546470642,1.3825456857681275,1.3833973169326783,1.3841172695159911,1.3843111455440522,1.3848030388355255,1.3855458080768586,1.38678120970726,1.3860490441322326,1.387283205986023,1.3876632034778595,1.3884344577789307,1.3889922201633453,1.3881869852542876,1.3888641774654389,1.389892816543579,1.390393739938736,1.3909938395023347,1.3904020845890046,1.3903751730918885,1.3910574913024902,1.3913702011108398,1.3908839881420136,1.3911982774734497,1.3918892979621886,1.39242462515831,1.3922155261039735
t_180,0.40138026773929597,0.38200816214084626,0.3837550297379494,0.3676887661218643,0.35622947514057157,0.3424252361059189,0.3164469763636589,0.2947632983326912,0.26728477478027346,0.2534055896103382,0.23203715085983276,0.2089690774679184,0.19967654645442962,0.16717952564358712,0.1515941098332405,0.11930731423199177,0.09157550036907196,0.06150892227888107,0.04869258850812912,0.0,0.04802542645484209,0.05818051565438509,0.08396787531673908,0.11764394752681255,0.1420566886663437,0.16181897819042207,0.1873367041349411,0.22140803635120393,0.24627909809350967,0.2687313795089722,0.3040536165237427,0.3198542267084122,0.3531642720103264,0.3706112176179886,0.40059497505426406,0.4266171783208847,0.43799311518669126,0.4637085035443306,0.4801281064748764,0.5019565463066101,0.5158447474241257,0.5384393602609634,0.5602981925010682,0.5681425005197525,0.5926098167896271,0.6076357781887054,0.6258150666952134,0.641049274802208,0.6618580162525177,0.6761307775974273,0.6919808924198151,0.709135764837265,0.7250401020050049,0.7413212209939957,0.7574875503778458,0.7745957285165787,0.7891172260046005,0.804185077548027,0.8184815317392349,0.8310089886188508,0.8486891716718674,0.8599522918462753,0.8736124038696289,0.8879567056894302,0.9019518911838531,0.9128489196300507,0.9250614613294601,0.9375885337591171,0.9471027374267578,0.9563221514225007,0.9660350471735001,0.9802982598543167,0.9902221441268921,0.9983002305030823,1.008321112394333,1.0191963970661164,1.0273524224758148,1.036600649356842,1.0487293124198913,1.0587826073169708,1.066784518957138,1.077361136674881,1.0867358148097992,1.0957716047763824,1.1035362780094147,1.109736829996109,1.1209057867527008,1.1267933130264283,1.136504191160202,1.143299752473831,1.151944923400879,1.1579664766788482,1.1644699573516846,1.1745236098766327,1.1802974700927735,1.1860476076602935,1.1929836988449096,1.1994965016841888,1.2076885223388671,1.2149012506008148,1.2220094323158264,1.2261386334896087,1.2313579738140106,1.23820960521698,1.2416956424713135,1.2465480804443358,1.25064936876297,1.2563033282756806,1.260937213897705,1.2664160966873168,1.2711347103118897,1.2747913479804993,1.2804489314556122,1.2823662757873535,1.2869760811328887,1.2913722157478333,1.294608235359192,1.2972003042697906,1.3009751856327056,1.3050673842430114,1.3074772834777832,1.3087996423244477,1.3130635142326355,1.3150250613689423,1.317988920211792,1.3205196857452393,1.324233841896057,1.3260386109352111,1.32837775349617,1.330072009563446,1.3314128279685975,1.3339216828346252,1.3356463849544524,1.33759725689888,1.3393442332744598,1.3418158829212188,1.3433735847473145,1.3450063288211822,1.348025619983673,1.3486242771148682,1.3502959549427032,1.352114486694336,1.3536152064800262,1.3544662415981292,1.3562014877796174,1.3569733500480652,1.3586141467094421,1.3596478819847106,1.3602969467639923,1.3631011724472046,1.3625258684158326,1.3637693703174592,1.3634602010250092,1.36626535654068,1.368043702840805,1.3674913942813873,1.368769359588623,1.3688847839832305,1.370095783472061,1.371002870798111,1.3713100910186768,1.3725944578647613,1.373515433073044,1.3739107191562652,1.374711036682129,1.375911808013916,1.3763350129127503,1.376308411359787,1.3775630831718444,1.3779167056083679,1.3791012346744538,1.379237598180771,1.3801176369190216,1.3810320138931274,1.3806397020816803,1.3814746677875518,1.3822101593017577,1.3824383556842803,1.3829426884651184,1.383691769838333,1.384883350133896,1.3842152297496795,1.385468602180481,1.385830569267273,1.3866207003593445,1.387164705991745,1.3864084124565124,1.387074065208435,1.3881037414073945,1.3886200308799743,1.3892232477664948,1.3886544346809386,1.3886461436748505,1.3893320560455322,1.389668583869934,1.3892063736915587,1.3895306050777436,1.3902207612991333,1.39077987074852,1.3906983494758607
t_179,0.431684547662735,0.4125839710235596,0.41440483629703523,0.39859995394945147,0.38717015981674197,0.3735893234610558,0.34786091595888136,0.3264657437801361,0.2992273420095444,0.28553562313318254,0.26431091874837875,0.2411998376250267,0.23218677788972855,0.19995834827423095,0.18406186774373054,0.15195673257112502,0.12320957444608212,0.09082561433315277,0.07705499678850174,0.04802542645484209,0.0,0.03608796112239361,0.05494940709322691,0.08604123890399933,0.10988182984292508,0.1296497516334057,0.15501475855708122,0.18942944034934045,0.21412668749690056,0.23722569048404693,0.27306506037712097,0.28911888003349306,0.32261953353881834,0.340690603852272,0.37124202102422715,0.3977489694952965,0.4094826027750969,0.4358255535364151,0.45267285108566285,0.4749201565980911,0.48934688568115237,0.5126016587018967,0.5349717825651169,0.5432080954313279,0.5683948487043381,0.5838657736778259,0.6025983393192291,0.618421447277069,0.6398624539375305,0.6546555548906327,0.6710412263870239,0.6887661725282669,0.7051627784967422,0.7218806177377701,0.7386882096529007,0.7563116103410721,0.7713627487421035,0.7868185400962829,0.8014855325222016,0.8146450310945511,0.8327890425920487,0.8445467680692673,0.8585183680057525,0.8733213394880295,0.8878318518400192,0.8989770472049713,0.9115584343671799,0.9245714694261551,0.9343383312225342,0.9438799649477005,0.9539367288351059,0.9685818910598755,0.9787378251552582,0.9871014207601547,0.9974312126636505,1.0086453974246978,1.0170726716518401,1.026603990793228,1.0390234172344208,1.0493340253829957,1.0575144827365874,1.0683086574077607,1.0780400156974792,1.0872693836688996,1.0952561736106872,1.1017057716846466,1.1130444169044496,1.1191563189029694,1.1290529251098633,1.1360823154449462,1.1448829233646394,1.1511314809322357,1.1578236162662505,1.1679839849472047,1.1739698112010957,1.1798665285110475,1.1869564712047578,1.1936280250549316,1.2020053386688232,1.209392488002777,1.2165345132350922,1.220873099565506,1.2262077510356904,1.2331442296504975,1.2367177248001098,1.2417427182197571,1.2459481000900268,1.2517151415348053,1.2564342737197876,1.2620065689086915,1.2667799115180969,1.270560610294342,1.276243543624878,1.2782783210277557,1.2829549431800842,1.287429505586624,1.2907468974590302,1.2934296250343322,1.2972765505313872,1.3014045715332032,1.3038958609104156,1.3052485644817353,1.3095397293567657,1.3116158366203308,1.314638090133667,1.317205435037613,1.3209115624427796,1.3227641820907592,1.3251897037029265,1.326927226781845,1.3283330619335174,1.330842000246048,1.3326474368572234,1.3346375107765198,1.336410355567932,1.3389016389846802,1.3404982805252075,1.3421692609786988,1.3451778888702393,1.3458584666252136,1.3475583851337434,1.349388164281845,1.3509311258792878,1.3518157660961152,1.3535497069358826,1.3543774783611298,1.3560030043125153,1.3571070671081542,1.3577614068984984,1.3605355501174927,1.3600623190402985,1.3613028883934022,1.3610280752182007,1.3638337075710296,1.365604543685913,1.365119218826294,1.3663823783397675,1.3665330111980438,1.3677611768245697,1.3686960637569427,1.3690066576004027,1.3703244209289551,1.371249145269394,1.3716692209243775,1.372498905658722,1.373646652698517,1.374084186553955,1.3741209387779236,1.375388604402542,1.3757540822029113,1.3769665002822875,1.377095228433609,1.377949321269989,1.378889799118042,1.378520905971527,1.379374361038208,1.3801117181777953,1.3803680062294006,1.3808954238891602,1.3816494524478913,1.3827854454517365,1.3821890294551848,1.3834576547145843,1.3837903678417205,1.3846120536327362,1.3851414918899536,1.3844252347946167,1.3850829184055329,1.386106437444687,1.386640477180481,1.3872432231903076,1.386701512336731,1.3867095470428468,1.387404841184616,1.387760692834854,1.387314260005951,1.3876563131809234,1.3883229970932007,1.3889135360717773,1.3889631450176239
t_178,0.44216417372226713,0.4231257259845734,0.4249143972992897,0.409251494705677,0.39785654842853546,0.38450009375810623,0.35888810455799103,0.3374964505434036,0.3105612456798553,0.29716709405183794,0.2758761361241341,0.2529844969511032,0.2439930595457554,0.21180494353175164,0.1963437095284462,0.1640554279088974,0.13583077490329742,0.10266755484044551,0.08870387561619282,0.05818051565438509,0.03608796112239361,0.0,0.04446212276816368,0.07494945973157882,0.09753299690783024,0.11656886525452137,0.14256745278835298,0.1766754724085331,0.20152650028467178,0.22415155470371245,0.2600569114089012,0.2760411038994789,0.31012528836727143,0.327933831512928,0.3586948499083519,0.38537080138921737,0.39720280915498735,0.4237365901470184,0.44067011326551436,0.46328858882188795,0.4777540430426598,0.5012424468994141,0.5238793760538101,0.5321184635162354,0.5576305449008941,0.5733461827039719,0.5923409670591354,0.6082887679338456,0.6300489038228989,0.6449989169836045,0.6616389095783234,0.6796044528484344,0.6962474882602692,0.7132323622703552,0.730237290263176,0.7481303066015244,0.7633629381656647,0.7790911078453064,0.7939893692731858,0.8072924703359604,0.8257194876670837,0.8376374214887619,0.8518188565969467,0.8668178021907806,0.881526556611061,0.8928760021924973,0.9056771576404572,0.9188285946846009,0.9287409305572509,0.938399538397789,0.9486236184835434,0.9634447395801544,0.9738070875406265,0.9822448492050171,0.9927160501480102,1.004089367389679,1.0126509308815002,1.0222914576530457,1.0348684251308442,1.0453274607658387,1.0536159873008728,1.0645825207233428,1.0744359135627746,1.083796787261963,1.0918879210948944,1.0983979642391204,1.109906506538391,1.1160843670368195,1.126118105649948,1.1332230627536775,1.1421726763248443,1.1484446227550507,1.1552273035049438,1.165554130077362,1.1715924799442292,1.1775344908237457,1.1847185373306275,1.191468393802643,1.1999463081359862,1.2074285447597504,1.2146500527858735,1.2190364360809327,1.22442267537117,1.2314561605453491,1.2350610435009002,1.2401505708694458,1.244394052028656,1.25021094083786,1.2549957394599915,1.2606471717357635,1.2654777705669402,1.2692987620830536,1.2750503480434419,1.277106136083603,1.2818312287330627,1.286346083879471,1.2896945178508759,1.2924122571945191,1.296292132139206,1.3004722833633422,1.3029873073101044,1.304366260766983,1.308699768781662,1.3107948780059815,1.3138471364974975,1.3164391458034514,1.3202053785324097,1.3220592260360717,1.324510431289673,1.3262596130371094,1.3276853024959565,1.3302274823188782,1.332031065225601,1.3340422332286834,1.3358309328556062,1.3383432447910308,1.339958816766739,1.3416424095630646,1.3446776390075683,1.3453583359718322,1.3470844745635986,1.3489257633686065,1.3504777789115905,1.351359236240387,1.35311416387558,1.3539547085762025,1.3555782198905946,1.3567139983177186,1.35737544298172,1.360163688659668,1.3596921265125275,1.3609467625617981,1.3606819987297059,1.363510549068451,1.3652921140193939,1.3648007214069366,1.3660619497299193,1.3662264406681062,1.3674564421176911,1.3684074878692627,1.3687189161777495,1.3700413763523103,1.3709723055362701,1.3713977336883545,1.3722407221794128,1.373371386528015,1.3738184690475463,1.373859453201294,1.3751391470432281,1.3755019068717957,1.3767248034477233,1.3768423914909362,1.3777100622653962,1.3786571741104126,1.378289783000946,1.3791387796401977,1.379893946647644,1.3801342844963074,1.380676907300949,1.3814346671104432,1.382566910982132,1.381975644826889,1.3832541286945343,1.3835845649242402,1.3844016909599304,1.3849305868148805,1.384213572740555,1.3848717570304871,1.3859112799167632,1.3864343762397766,1.3870536029338836,1.3864997565746306,1.3865039587020873,1.3872128784656526,1.3875631272792817,1.387122255563736,1.3874634444713592,1.3881467938423158,1.3887505292892457,1.3888006031513214
t_177,0.4679041713476181,0.4491180062294006,0.4509237319231033,0.4354568272829056,0.42421813756227494,0.41101605594158175,0.3857491225004196,0.36465234905481336,0.3379304513335228,0.32472137212753294,0.30364307314157485,0.2808370739221573,0.27190451622009276,0.23998353630304337,0.2245667964220047,0.1925300255417824,0.1639473557472229,0.13102814480662345,0.11672040894627571,0.08396787531673908,0.05494940709322691,0.04446212276816368,0.0,0.04803718402981758,0.07049705870449544,0.0887415986508131,0.11396910846233368,0.1480761744081974,0.17305006012320517,0.19607450887560846,0.2322709806263447,0.24863029420375823,0.2829592332243919,0.30112758874893186,0.3324483633041382,0.359706711769104,0.37183099538087844,0.3989550516009331,0.41626513451337815,0.4393091082572937,0.4542642503976822,0.4783756956458092,0.5015321642160415,0.5101478517055511,0.5363288581371307,0.5524447947740555,0.5719726800918579,0.5884690254926681,0.6108538717031479,0.6263097524642944,0.6434303343296051,0.6619414657354354,0.6789997696876526,0.6963829666376113,0.7139663130044938,0.732357656955719,0.7480628788471222,0.7641486763954163,0.7793613731861114,0.7932440906763076,0.812062007188797,0.824420627951622,0.8388628304004669,0.8542610198259354,0.869437637925148,0.8810227632522583,0.8941622465848923,0.9077186822891236,0.9178550451993942,0.9277995556592942,0.9383311092853546,0.9534839719533921,0.9640412598848342,0.9727123498916626,0.9834618002176285,0.9951200157403945,1.0039205878973008,1.0137991726398468,1.026629787683487,1.0373066782951355,1.04575856924057,1.0569252789020538,1.06706160902977,1.076594388484955,1.0848570883274078,1.0915724873542785,1.1032327115535736,1.1095835089683532,1.1197727024555206,1.127089947462082,1.1361636579036714,1.1426117062568664,1.1495416641235352,1.1599666118621825,1.166191291809082,1.1722550690174103,1.1795524656772614,1.18643599152565,1.1950774908065795,1.2026869177818298,1.20994753241539,1.2145103216171265,1.2200051903724671,1.2271009922027587,1.2307841658592225,1.2360181748867034,1.2403564155101776,1.2462596535682677,1.2511244654655456,1.256866466999054,1.261729073524475,1.2656610906124115,1.271447056531906,1.2736018598079681,1.2783883690834046,1.282955026626587,1.2863811671733856,1.2891785860061646,1.2931107878684998,1.297322791814804,1.2999007523059845,1.3013006448745728,1.3056715726852417,1.3078574240207672,1.3109561681747437,1.3135820269584655,1.317343145608902,1.3192367255687714,1.3217530429363251,1.323539572954178,1.3250237345695495,1.3275696396827699,1.3294363737106323,1.331470513343811,1.3332939624786377,1.3358143508434295,1.337464702129364,1.3391740918159485,1.3422009229660035,1.3429579496383668,1.3446990728378296,1.3465609014034272,1.3481368899345398,1.349046492576599,1.3508036494255067,1.3516779780387878,1.3532947182655335,1.3544875621795653,1.355161154270172,1.3579109966754914,1.3575382471084594,1.3587919890880584,1.358566439151764,1.361388373374939,1.363165283203125,1.3627422988414764,1.3639935374259948,1.3641853272914886,1.3654376566410065,1.366406798362732,1.3667291045188903,1.368072694540024,1.3690069437026977,1.3694505453109742,1.3703130662441254,1.3714147567749024,1.3718829214572907,1.3719775140285493,1.3732554852962493,1.3736228108406068,1.3748777866363526,1.3749891221523285,1.3758516013622284,1.3768100917339325,1.3764652729034423,1.377333903312683,1.3780923247337342,1.3783604025840759,1.3789061605930328,1.3796843349933625,1.3807686150074006,1.3802355229854584,1.3815265357494355,1.381842887401581,1.3826783061027528,1.3831908226013183,1.382513803243637,1.3831720769405365,1.3842074871063232,1.3847359478473664,1.385365468263626,1.3848331451416016,1.3848473608493805,1.3855661571025848,1.3859385669231414,1.3855113983154297,1.3858608782291413,1.3865352034568788,1.3871628880500793,1.3873177528381349
t_176,0.4987713932991028,0.48035539984703063,0.4821573421359062,0.46693630069494246,0.45589265823364256,0.4428823351860046,0.41800533831119535,0.39725601226091384,0.37085645347833635,0.3577450647950172,0.3369318276643753,0.31433321833610534,0.30557506531476974,0.2739981323480606,0.2587976634502411,0.22699625492095948,0.19844586327672004,0.1657283455133438,0.1512819856405258,0.11764394752681255,0.08604123890399933,0.07494945973157882,0.04803718402981758,0.0,0.044476510211825374,0.05893362239003182,0.08119815476238727,0.11473900787532329,0.13947770223021508,0.16280655264854432,0.19917462021112442,0.2158835358917713,0.25019569247961043,0.2690469309687614,0.3008078932762146,0.3287123963236809,0.34125070869922636,0.36902997344732286,0.3867580622434616,0.4101884737610817,0.4257482126355171,0.45063750445842743,0.474328476190567,0.48339270502328874,0.5104089558124543,0.5269450724124909,0.547135329246521,0.5642659097909928,0.5873828381299973,0.6033824414014817,0.6211086750030518,0.6402375370264053,0.6577874422073364,0.6756389707326889,0.6939559131860733,0.7129111558198928,0.7291871905326843,0.7456486046314239,0.7612342655658721,0.7758382707834244,0.7950930595397949,0.8079834610223771,0.822740563750267,0.8386329472064972,0.8543768048286438,0.8662041872739792,0.8797207713127136,0.8938193053007126,0.9042008876800537,0.9144940167665482,0.9253822147846222,0.9409557938575744,0.9517238289117813,0.9606960594654084,0.97178356051445,0.9837985783815384,0.992887744307518,1.003086766600609,1.0162281930446624,1.0271591365337371,1.0358132719993591,1.0472089529037476,1.0577396214008332,1.0674643158912658,1.0759668350219727,1.0829589724540711,1.094790631532669,1.1013815879821778,1.111763560771942,1.1193573415279388,1.1285690367221832,1.135278081893921,1.1423913717269898,1.152922224998474,1.1593877971172333,1.165608251094818,1.1730774939060211,1.180131059885025,1.1889662325382233,1.196757960319519,1.2040505826473236,1.20885711312294,1.214467853307724,1.2216403365135193,1.2254344522953033,1.2308523595333098,1.235297966003418,1.2413203299045563,1.246289747953415,1.252125746011734,1.257048749923706,1.2611133754253387,1.2669436514377594,1.2692373454570771,1.2740918159484864,1.278742492198944,1.2822589457035065,1.2851646065711975,1.2891530692577362,1.293426752090454,1.2960951805114747,1.2975313067436218,1.3019328892230988,1.30423743724823,1.3073907136917113,1.310063636302948,1.3138115108013153,1.3157523036003114,1.3183708250522614,1.3201950788497925,1.3217571020126342,1.3243101418018342,1.3262420535087585,1.328333032131195,1.3301792204380036,1.3327276110649109,1.3344112157821655,1.3361674010753632,1.339196228981018,1.3400323987007141,1.3418018162250518,1.3436864376068116,1.3452942490577697,1.3462427794933318,1.3479928731918336,1.348943257331848,1.350537472963333,1.3517995178699493,1.3524763941764832,1.3552109241485595,1.354936945438385,1.3561818718910217,1.3559996843338014,1.3588277101516724,1.3605932235717773,1.3602350533008576,1.361484307050705,1.3617037534713745,1.3629847943782807,1.3639772713184357,1.3643022358417511,1.3656828939914702,1.3666182994842528,1.3670783400535584,1.3679748177528381,1.3690256357192994,1.369523686170578,1.3696818709373475,1.3709546267986297,1.3713502407073974,1.3726294100284577,1.372733825445175,1.3735910952091217,1.3745569467544556,1.3742440164089202,1.3751147150993348,1.3758826196193694,1.3761770963668822,1.3767317593097688,1.37752366065979,1.378555029630661,1.3780882775783538,1.3793919026851653,1.3796855568885804,1.3805408537387849,1.3810589134693145,1.3804157376289368,1.3810764312744142,1.3821062684059142,1.3826457917690278,1.3832826912403107,1.3827794313430786,1.3828041195869445,1.383536660671234,1.3839257955551147,1.3835152983665466,1.3838881134986878,1.3845439553260803,1.3851894795894624,1.3854680716991425
t_175,0.5194716125726699,0.5012333735823631,0.5030889302492142,0.48808608800172804,0.47713263630867003,0.46436867117881775,0.439831505715847,0.4192590430378914,0.39325346499681474,0.38043968081474305,0.35978305488824847,0.3375139370560646,0.32884812355041504,0.29759150594472883,0.282542322576046,0.25090090855956076,0.2226877473294735,0.18995613232254982,0.175645612180233,0.1420566886663437,0.10988182984292508,0.09753299690783024,0.07049705870449544,0.044476510211825374,0.0,0.03890729490667581,0.060119432583451274,0.09089305587112903,0.1152612742036581,0.1383444383740425,0.17453784868121147,0.19134655222296715,0.22592505738139151,0.2447737328708172,0.27691626995801927,0.30512083023786546,0.31778517067432405,0.34603051841259,0.36405971497297285,0.38789124339818953,0.4037785157561302,0.429067949950695,0.4532462805509567,0.46247884184122084,0.4901255428791046,0.5069705843925476,0.5276374071836472,0.5451181769371033,0.5687985241413116,0.585167619585991,0.6032805055379867,0.6228600859642028,0.6408156096935272,0.6590784728527069,0.6778491973876953,0.6972956508398056,0.713950052857399,0.7307291060686112,0.7466528743505478,0.7616995364427567,0.781361672282219,0.7945526897907257,0.8096195429563522,0.8258621484041214,0.8420220613479614,0.8541090279817581,0.8679397732019425,0.8823616892099381,0.8929733276367188,0.9035147845745086,0.9146784275770188,0.9305962949991227,0.9415856778621674,0.9507703661918641,0.9621051788330078,0.974395927786827,0.9837105095386505,0.9941267132759094,1.0075486242771148,1.0186914503574371,1.0275261878967286,1.039159619808197,1.049937093257904,1.0598537147045135,1.0685243010520935,1.0756979882717133,1.0877455651760102,1.094475543498993,1.1050570905208588,1.1128342688083648,1.1222255051136016,1.129070633649826,1.1363305807113648,1.1470553874969482,1.1536746442317962,1.1600124835968018,1.167614710330963,1.174812090396881,1.183812564611435,1.191757720708847,1.1991446614265442,1.2040922105312348,1.2098153948783874,1.2171070873737335,1.2209862351417542,1.2265364825725555,1.2310685873031617,1.2371988475322724,1.2422340571880341,1.24821395277977,1.253211396932602,1.2573688805103302,1.2632826387882232,1.2656471967697143,1.270597767829895,1.2753219962120057,1.2788934409618378,1.281878614425659,1.2859268486499786,1.2902571976184845,1.292974442243576,1.29445338845253,1.2989224314689636,1.3012826979160308,1.304490876197815,1.3072111427783966,1.311008197069168,1.312975913286209,1.3156515777111053,1.3175023555755616,1.3191197156906127,1.3217001020908357,1.3236820340156554,1.325809621810913,1.327691948413849,1.3302599847316743,1.3319894611835479,1.3337778210639955,1.336823010444641,1.3377095878124237,1.3395094633102418,1.3414096117019654,1.3430519104003906,1.344023185968399,1.3457991540431977,1.346779364347458,1.348390531539917,1.349701327085495,1.3503855407238006,1.353126096725464,1.3529092848300934,1.354160976409912,1.3540047228336334,1.3568514704704284,1.358633029460907,1.3583020567893982,1.3595464825630188,1.3597954988479615,1.3610820174217224,1.362109398841858,1.362437015771866,1.3638399481773376,1.3647769808769226,1.3652550816535949,1.366176688671112,1.3672142446041107,1.3677323162555695,1.3679224967956543,1.3692014992237092,1.3696140110492707,1.3709031820297242,1.371012544631958,1.3718681991100312,1.372841715812683,1.3725541949272155,1.3734326243400574,1.374221432209015,1.3745221555233003,1.3750905632972716,1.3758972048759461,1.376908504962921,1.3764732360839844,1.3777797937393188,1.378079491853714,1.3789440989494324,1.3794532001018525,1.3788331210613252,1.3794956624507904,1.3805405616760253,1.3810809075832366,1.3817279160022735,1.3812410533428192,1.3812692761421204,1.3820223331451416,1.3824243605136872,1.3820416331291199,1.3824269413948058,1.3830803394317628,1.3837423026561737,1.384078472852707
t_174,0.5361571490764618,0.5180981785058976,0.519925794005394,0.5051059290766716,0.4942540466785431,0.4816848486661911,0.45738868564367297,0.4369791015982628,0.4112954571843147,0.39862408936023713,0.37810772508382795,0.35605795234441756,0.3474762707948685,0.3164515450596809,0.30160762518644335,0.2701271876692772,0.24219784066081046,0.20926863104104995,0.19521356821060182,0.16181897819042207,0.1296497516334057,0.11656886525452137,0.0887415986508131,0.05893362239003182,0.03890729490667581,0.0,0.04579950049519539,0.07297847829759121,0.0957034956663847,0.11885000430047513,0.15480022579431535,0.17157560884952544,0.20642431750893592,0.2253991849720478,0.25780047923326493,0.2863330364227295,0.2991764172911644,0.3278376266360283,0.3460886552929878,0.3702946320176125,0.3864350199699402,0.4121614933013916,0.4367137268185616,0.44612284302711486,0.4743331879377365,0.4914793729782104,0.5125753492116928,0.5303923636674881,0.5545729100704193,0.5712675482034684,0.58978071808815,0.6097610205411911,0.6280593007802964,0.6466365307569504,0.6658242076635361,0.6856451481580734,0.7026475101709366,0.719729608297348,0.7359059989452362,0.7513501435518265,0.771339014172554,0.7848402827978134,0.8001211136579514,0.816672894358635,0.8331686705350876,0.8454436630010604,0.8595430165529251,0.8742603063583374,0.8850424885749817,0.8957787275314331,0.9071764558553695,0.9233502447605133,0.934521222114563,0.9438766449689865,0.9554023832082749,0.9679215967655181,0.9774141311645508,0.9879978328943253,1.0016132324934006,1.0129298448562623,1.0218780219554902,1.0336800992488862,1.0446703135967255,1.054730886220932,1.0635300874710083,1.0708511412143706,1.0830358982086181,1.0898896396160125,1.1005999267101287,1.108525812625885,1.1180349707603454,1.1249912619590758,1.1323701798915864,1.1431961476802825,1.1499316334724425,1.1563551545143127,1.1640624821186065,1.1713606357574462,1.1804905831813812,1.1885385394096375,1.1959754526615143,1.2010394632816315,1.2068457543849944,1.2141955554485322,1.2181360483169557,1.223780530691147,1.2283854901790618,1.234572696685791,1.2396763443946839,1.2457312166690826,1.2507798492908477,1.2549996674060822,1.2609656155109406,1.263384848833084,1.2683940529823303,1.2731640756130218,1.2767822027206421,1.2798228979110717,1.2839127838611604,1.2882893323898315,1.2910498917102813,1.2925479292869568,1.2970433235168457,1.299462866783142,1.3027040541172028,1.3054496765136718,1.3092668235301972,1.3112517535686492,1.3139789164066316,1.315851104259491,1.317502099275589,1.3201110422611237,1.3221194326877594,1.3242664575576781,1.3261658251285553,1.3287547647953033,1.3305004119873047,1.3323114156723022,1.3353643000125885,1.3362810611724854,1.3381013691425323,1.3400219142436982,1.3416745126247407,1.3426629304885864,1.3444488406181336,1.3454568982124329,1.3470510303974152,1.348400843143463,1.3490913152694701,1.3518317461013794,1.3516556918621063,1.3529102504253387,1.3527688264846802,1.3556281328201294,1.3574216604232787,1.3570978939533234,1.3583378851413728,1.3586068212985993,1.359905207157135,1.3609472215175629,1.3612831234931946,1.3626945912837982,1.3636379718780518,1.364125633239746,1.3650610327720643,1.3660791277885438,1.366614544391632,1.3668246805667876,1.368119615316391,1.3685334622859955,1.3698386609554292,1.3699466407299041,1.3707950592041016,1.3717755317687987,1.3715105891227721,1.3723825752735137,1.3731827199459077,1.3734793424606324,1.37405766248703,1.3748727798461915,1.375871193408966,1.3754612922668457,1.376776283979416,1.3770663499832154,1.3779406785964965,1.3784400641918182,1.377839779853821,1.378499799966812,1.3795531332492827,1.3800996541976929,1.3807473838329316,1.3802594184875487,1.3802959084510804,1.3810465812683106,1.3814715504646302,1.381092357635498,1.3814760625362397,1.3821291863918304,1.3828052282333374,1.3831947207450868
t_173,0.5588306486606598,0.5410421043634415,0.542781862616539,0.5281776458024978,0.5174976557493209,0.5050175949931145,0.4810030937194824,0.46091730445623397,0.4354843646287918,0.4228944957256317,0.40267789661884307,0.3807457834482193,0.37227051705121994,0.34155861735343934,0.3267753258347511,0.2955876350402832,0.2676108106970787,0.2352750353515148,0.22107815742492676,0.1873367041349411,0.15501475855708122,0.14256745278835298,0.11396910846233368,0.08119815476238727,0.060119432583451274,0.04579950049519539,0.0,0.051883730478584765,0.07215134240686893,0.09523134790360928,0.13114079385995864,0.1479884408414364,0.18196815699338914,0.2020612008869648,0.23463015258312225,0.26368230283260347,0.27699370980262755,0.306184284389019,0.3246610343456268,0.3490416452288628,0.36577296555042266,0.39226916879415513,0.4170791685581207,0.4270405039191246,0.45589183270931244,0.4733603522181511,0.4949580907821655,0.5134081095457077,0.5380999416112899,0.5552894443273544,0.574336114525795,0.5948597520589829,0.6134987890720367,0.6323810964822769,0.6522069036960602,0.6724165976047516,0.6899050503969193,0.7072404056787491,0.7236162573099136,0.7397816449403762,0.7600273251533508,0.7740454137325287,0.7894795924425125,0.8064391434192657,0.823395648598671,0.83581163585186,0.8501768916845321,0.8653969615697861,0.8762971252202988,0.8873268336057663,0.8990074813365936,0.9154899954795838,0.9267554551362991,0.9363600134849548,0.9481752753257752,0.9609455764293671,0.9706422835588455,0.9815002620220185,0.9953088700771332,1.0068057149648666,1.0158582508563996,1.027761125564575,1.0391185879707336,1.0492729425430298,1.0582740783691407,1.0657973408699035,1.07804074883461,1.0851097226142883,1.0959305047988892,1.1040662765502929,1.1136319100856782,1.120816421508789,1.1283298909664154,1.139160007238388,1.1460931062698365,1.152639424800873,1.1604709148406982,1.167886209487915,1.177125298976898,1.1853136658668517,1.1927073299884796,1.1979820549488067,1.2038382709026336,1.2112141609191895,1.2152188539505004,1.2210026264190674,1.2256689608097076,1.231937336921692,1.2371105611324311,1.2431909382343291,1.2482494294643403,1.2525872349739076,1.2585534632205964,1.2610824227333068,1.2661199688911438,1.2709230780601501,1.274608325958252,1.2777169167995452,1.2818528413772583,1.2862283825874328,1.2890755772590636,1.2905631244182587,1.2950565278530122,1.297591757774353,1.3008632898330688,1.3036158561706543,1.307376855611801,1.3093915283679962,1.3121948778629302,1.3141097664833068,1.3158137440681457,1.3183964848518372,1.3204636693000793,1.3226419389247894,1.3245542287826537,1.327150470018387,1.3289013266563416,1.3307466149330138,1.3337670981884002,1.3347834289073943,1.3366045475006103,1.338529223203659,1.3402176022529602,1.3412221252918244,1.3429971992969514,1.3440626919269563,1.3456232964992523,1.3470422744750976,1.3477130770683288,1.3504144310951234,1.3503498911857605,1.3515749037265778,1.3514790058135986,1.3543181717395782,1.35609290599823,1.3558354794979095,1.3570480465888977,1.357339894771576,1.3586618423461914,1.359722775220871,1.360057955980301,1.3614817202091216,1.3624305963516234,1.362940376996994,1.3638969779014587,1.3648533821105957,1.3654042184352875,1.3656743347644806,1.3669751107692718,1.3674005091190338,1.3687190175056458,1.3688147246837616,1.3696562826633454,1.3706365704536438,1.3704034507274627,1.371263474225998,1.3720664501190185,1.3723856151103973,1.3729795575141908,1.373807919025421,1.3747373163700103,1.3743917047977448,1.3757244110107423,1.3759701311588288,1.376879918575287,1.377351951599121,1.3767892837524414,1.3774406015872955,1.378487116098404,1.3790629208087921,1.379699993133545,1.3792445838451386,1.3792832374572754,1.3800356209278106,1.3804777085781097,1.3801063358783723,1.3805001556873322,1.3811334788799285,1.3818439066410064,1.3823456466197968
t_172,0.5855994015932083,0.5681602120399475,0.5699981927871705,0.5557010263204575,0.5452157199382782,0.5331466346979141,0.5096110194921494,0.48989504724740984,0.4649923235177994,0.4528208702802658,0.43291618674993515,0.411277511715889,0.4030912473797798,0.3730738043785095,0.3586496919393539,0.3279826983809471,0.3005521699786186,0.2686237975955009,0.2545062504708767,0.22140803635120393,0.18942944034934045,0.1766754724085331,0.1480761744081974,0.11473900787532329,0.09089305587112903,0.07297847829759121,0.051883730478584765,0.0,0.04587357696145773,0.061563113890588286,0.09588554389774799,0.1127217747271061,0.14729816541075708,0.16650124862790108,0.19940387457609177,0.2288084916770458,0.24228141009807586,0.27177681773900986,0.29067862331867217,0.31558347046375274,0.33272543996572496,0.35978865921497344,0.3852757439017296,0.3955507427453995,0.42511719912290574,0.44318006485700606,0.4654100760817528,0.48440371751785277,0.5098957002162934,0.527651709318161,0.5473266869783402,0.5685054779052734,0.5877765983343124,0.6072558641433716,0.6277142405509949,0.648638191819191,0.6667007118463516,0.6846219450235367,0.7015350818634033,0.7182542711496354,0.7391646444797516,0.7537061661481858,0.7696106165647507,0.7870940029621124,0.8046466737985611,0.8174987733364105,0.8324099123477936,0.8480895280838012,0.8593864470720292,0.8707813113927841,0.8829105734825134,0.8998616993427276,0.9115732342004776,0.921459624171257,0.9336508691310883,0.9468480467796325,0.9569028347730637,0.9680798351764679,0.9822977095842361,0.9941494464874268,1.00348219871521,1.0157669842243195,1.0274889469146729,1.0379576802253723,1.0472101092338562,1.0549713313579558,1.0675879657268523,1.0748554110527038,1.085983157157898,1.094389659166336,1.104274433851242,1.1116125643253327,1.119378501176834,1.1305250823497772,1.137665718793869,1.1443679094314576,1.1524195849895478,1.1600576400756837,1.169579380750656,1.1779987037181854,1.1855563879013062,1.19101020693779,1.1970431506633759,1.2046274363994598,1.2087586402893067,1.214714878797531,1.2195380568504333,1.2259708166122436,1.2312695384025574,1.2375358998775483,1.2427454948425294,1.2472048997879028,1.2533130168914794,1.255934900045395,1.2611085534095765,1.2660225212574006,1.269821321964264,1.2730373442173004,1.27726508975029,1.2817618250846863,1.2846897542476654,1.2862506210803986,1.2908513844013214,1.2934734523296356,1.2968189239501953,1.2996392607688905,1.30351824760437,1.3055774807929992,1.3084590137004852,1.3104266047477722,1.312185275554657,1.3148277938365935,1.3169489085674286,1.3191940307617187,1.321140956878662,1.3237963497638703,1.3255972981452941,1.3274917304515839,1.3305459558963775,1.331614077091217,1.3334800243377685,1.3354355335235595,1.3371588170528412,1.3381979405879973,1.340007668733597,1.341111958026886,1.342693281173706,1.3441783428192138,1.3448768258094788,1.347593754529953,1.3475759208202363,1.3488212406635285,1.3487664401531219,1.3516403079032897,1.353447300195694,1.353203248977661,1.3544259250164032,1.3547506093978883,1.3560852110385895,1.3571924090385437,1.3575354278087617,1.359000211954117,1.3599378883838653,1.3604748964309692,1.3614679217338561,1.3624190866947175,1.3629970252513885,1.3632891714572906,1.3646233141422273,1.3650576889514923,1.3664031326770782,1.3665050864219666,1.3673532247543334,1.3683443129062653,1.3681439876556396,1.3689985990524292,1.3698392868041993,1.3701621830463409,1.370769989490509,1.3716154038906097,1.3725412964820862,1.3722248733043672,1.3735736072063447,1.3738191723823547,1.3747541785240174,1.3752207517623902,1.374692165851593,1.3753479719161987,1.3764197766780852,1.376988160610199,1.3776469886302949,1.3772002279758453,1.377256041765213,1.3780328035354614,1.3784927070140838,1.3781436383724213,1.3785555422306062,1.3792091190814972,1.3799394607543944,1.3805109798908233
t_171,0.6063385307788849,0.5891695111989975,0.5909883916378021,0.5769166201353073,0.5665462404489517,0.5546465903520584,0.5314349800348281,0.5119878709316253,0.48744270354509356,0.4754194989800453,0.4557465523481369,0.43440424352884294,0.42633311450481415,0.3966534212231636,0.38239638060331343,0.3520231172442436,0.3247316211462021,0.2930259361863136,0.2791337132453918,0.24627909809350967,0.21412668749690056,0.20152650028467178,0.17305006012320517,0.13947770223021508,0.1152612742036581,0.0957034956663847,0.07215134240686893,0.04587357696145773,0.0,0.04513162169605493,0.07439917139708996,0.08978673815727234,0.12282641455531121,0.1429332561790943,0.17586600854992868,0.20532044917345046,0.21911720782518387,0.2491423100233078,0.2682157665491104,0.2932831883430481,0.3109415531158447,0.33857987374067305,0.3643709734082222,0.3749706581234932,0.4052781298756599,0.4235374480485916,0.44626481235027315,0.4658148020505905,0.49186902344226835,0.5100635439157486,0.5301927089691162,0.5518809050321579,0.5715310871601105,0.5913139581680298,0.6123957723379135,0.6337327420711517,0.6522580713033677,0.6704128950834274,0.687562546133995,0.7049841254949569,0.7261839836835862,0.7411540776491166,0.7572425156831741,0.7751358866691589,0.7931727170944214,0.8061824202537536,0.821356999874115,0.8375161856412887,0.8489796370267868,0.8606616824865341,0.8730809241533279,0.890364670753479,0.9021871089935303,0.9123356908559799,0.9248008310794831,0.9382890552282334,0.9485506027936935,0.9599763065576553,0.9744293540716171,0.9864763438701629,0.9959412932395935,1.0083735793828965,1.0204296112060547,1.0310402035713195,1.0404673755168914,1.0484654784202576,1.0611622333526611,1.0686465859413148,1.079897952079773,1.0885366380214692,1.0985102474689483,1.106079876422882,1.1139923751354217,1.125200206041336,1.132534110546112,1.1393752336502074,1.1475593745708466,1.1553326547145844,1.1649950683116912,1.1735560476779938,1.1811192631721497,1.186781495809555,1.1928991794586181,1.2005287170410157,1.2047342240810395,1.2108442902565002,1.2157461643218994,1.2222871899604797,1.2276429176330566,1.2339878141880036,1.2392259240150452,1.2438031911849976,1.2499247670173645,1.252665263414383,1.2578838467597961,1.2628640949726104,1.2667247891426086,1.2700206637382507,1.2742976367473602,1.2788201808929442,1.281814032793045,1.2833926856517792,1.288006329536438,1.2907318711280822,1.2941173911094666,1.296957665681839,1.3008048593997956,1.302902615070343,1.3058565258979797,1.3078622758388518,1.3096879303455353,1.3123245894908906,1.314519500732422,1.3167867481708526,1.3187652945518493,1.3214265406131744,1.3232581675052644,1.325191754102707,1.3282365024089813,1.329382300376892,1.331272405385971,1.333235764503479,1.3349968791007996,1.336059218645096,1.3378746449947356,1.3390268206596374,1.3405881881713868,1.3421351552009582,1.342821079492569,1.3455306231975555,1.3455835223197936,1.3468230366706848,1.3468109548091889,1.3496848404407502,1.3514799118041991,1.3512926697731018,1.3525066137313844,1.3528557777404786,1.35420503616333,1.3553351700305938,1.3556762337684631,1.357157403230667,1.3580992341041564,1.3586480557918548,1.3596620380878448,1.3605804324150086,1.3611660838127135,1.3615057289600372,1.362856376171112,1.3633044958114624,1.364652192592621,1.3647481322288513,1.3655912458896637,1.3665888488292695,1.3664134323596955,1.3672747552394866,1.3681134700775146,1.3684554517269134,1.3690813720226287,1.3699307858943939,1.3708180367946625,1.3705559551715851,1.3719126105308532,1.372130525112152,1.373092132806778,1.3735457122325898,1.3730475783348084,1.373696494102478,1.3747661292552948,1.3753664314746856,1.3760091304779052,1.3755743265151978,1.3756429612636567,1.3764219641685487,1.3768961429595947,1.3765631675720216,1.376980757713318,1.3776195108890534,1.378362810611725,1.3790318846702576
t_170,0.6234282940626145,0.6064704835414887,0.6083323746919632,0.5944729655981064,0.5842357188463211,0.5726457327604294,0.549712958931923,0.5305188715457916,0.5063788145780563,0.49467411935329436,0.47519002556800843,0.4540805071592331,0.4462150797247887,0.41703212559223174,0.4030390202999115,0.37303290218114854,0.34627871215343475,0.31484785825014117,0.3010613277554512,0.2687313795089722,0.23722569048404693,0.22415155470371245,0.19607450887560846,0.16280655264854432,0.1383444383740425,0.11885000430047513,0.09523134790360928,0.061563113890588286,0.04513162169605493,0.0,0.05292983129620552,0.06652616783976555,0.09995694905519485,0.1183775581419468,0.15136782228946685,0.181013572961092,0.1949455514550209,0.2249864898622036,0.24421567022800444,0.2698387116193771,0.2875897690653801,0.3156953930854797,0.3418973654508591,0.35264686942100526,0.3834757715463638,0.4022948741912842,0.425436407327652,0.445308618247509,0.4719514578580856,0.4905333548784256,0.511181366443634,0.5333435386419296,0.5535335689783096,0.5737971305847168,0.5952991604804992,0.6171382665634155,0.6360994428396225,0.6547867029905319,0.6723893970251084,0.6901636958122254,0.7119217902421952,0.727268648147583,0.7437400251626969,0.7620410203933716,0.7804607093334198,0.7938435763120651,0.8094286352396012,0.8259289503097534,0.8376778781414032,0.8495953410863877,0.8623488247394562,0.8799820810556411,0.8921889185905456,0.9025157421827317,0.9152559906244278,0.9290566980838776,0.9395688325166702,0.9512306541204453,0.965966671705246,0.9783140450716019,0.9879641592502594,1.0006974041461945,1.013001134991646,1.0238509774208069,1.0334644675254823,1.0416023969650268,1.0545900464057922,1.062207144498825,1.073692113161087,1.0824866235256194,1.0927165806293488,1.1003785490989686,1.1084694504737853,1.1199347376823425,1.1273825705051421,1.1343323230743407,1.1426913142204285,1.150623220205307,1.1604743480682373,1.1692034661769868,1.1768992602825166,1.1826624035835267,1.1889019012451172,1.1967102348804475,1.2009912729263306,1.2071974933147431,1.2121948599815369,1.2188520431518555,1.2243169784545898,1.2307673394680023,1.2361393690109252,1.2407644748687745,1.2470124781131744,1.2497776985168456,1.2551124811172485,1.260178118944168,1.2641010284423828,1.267470008134842,1.2718134880065919,1.276424902677536,1.2794771015644073,1.281086540222168,1.2857942402362823,1.2885683953762055,1.2920000314712525,1.2948911666870118,1.2988321781158447,1.3009400248527527,1.3039389848709106,1.3059933662414551,1.3078414857387544,1.3105229318141938,1.312745875120163,1.315052431821823,1.3170560777187348,1.3197586417198182,1.3216218054294586,1.323579066991806,1.3266698896884919,1.327832865715027,1.3297358751296997,1.331733238697052,1.3335174739360809,1.3345924019813538,1.3364398717880248,1.3376148521900177,1.339210534095764,1.3407675445079803,1.3414863526821137,1.3442177295684814,1.3442962884902954,1.3455429434776307,1.3455359756946563,1.3484581351280212,1.3502761721611023,1.3500786900520325,1.3513038516044618,1.3516706228256226,1.3530132591724395,1.3541741073131561,1.354524689912796,1.3560174524784088,1.3569602489471435,1.3575306236743927,1.3585668981075287,1.359475463628769,1.360073494911194,1.3604353427886964,1.3618009448051454,1.3622509479522704,1.363618367910385,1.3637044250965118,1.3645572364330292,1.365558737516403,1.3653980195522308,1.366263884305954,1.3671198844909669,1.367456418275833,1.3680921494960785,1.368952316045761,1.3698295116424561,1.3695683658123017,1.370948499441147,1.3711581885814668,1.3721372783184052,1.3725858747959137,1.372097373008728,1.3727433204650878,1.3738331973552704,1.3744426548480988,1.3751020014286042,1.3746657431125642,1.3747329235076904,1.375513070821762,1.3760143220424652,1.3756721377372743,1.376104712486267,1.3767544090747834,1.3775141894817353,1.3782380938529968
t_169,0.6514225155115128,0.6348282009363174,0.6366360455751419,0.6231094628572464,0.6131178677082062,0.6017983794212342,0.5794707298278808,0.5606674671173095,0.5371143996715546,0.5257021993398666,0.5066242635250091,0.4860333040356636,0.47832087576389315,0.4497019425034523,0.4360163524746895,0.4065795883536339,0.38045852929353713,0.34945676773786544,0.3359680101275444,0.3040536165237427,0.27306506037712097,0.2600569114089012,0.2322709806263447,0.19917462021112442,0.17453784868121147,0.15480022579431535,0.13114079385995864,0.09588554389774799,0.07439917139708996,0.05292983129620552,0.0,0.04172688331454992,0.06680098846554756,0.0835961639881134,0.1157257903367281,0.14591903164982795,0.15987613722681998,0.19052839502692223,0.2100291408598423,0.23596098124980927,0.25429561361670494,0.2830521747469902,0.30980770736932756,0.32101781070232394,0.3527972847223282,0.3720196053385735,0.3959911182522774,0.41646152585744856,0.44392735958099366,0.46312919557094573,0.4844444543123245,0.5073773503303528,0.5281060427427292,0.5488873153924942,0.5712122231721878,0.5938080608844757,0.6134030908346176,0.6324889183044433,0.6505353271961212,0.6691944122314453,0.6914725512266159,0.7074255406856537,0.7242782205343247,0.743145877122879,0.7622542709112168,0.7759632349014283,0.7920480102300644,0.8091598808765411,0.8211972564458847,0.833545383810997,0.8467234075069427,0.8648750811815262,0.8773537606000901,0.88802450299263,0.9011840641498565,0.9154018610715866,0.9262898147106171,0.9383382588624954,0.9534700781106948,0.9661109179258347,0.9760575026273728,0.9890789270401001,1.0018327444791795,1.0129337519407273,1.022808063030243,1.031233811378479,1.0445164680480956,1.052384477853775,1.0641473054885864,1.0732954263687133,1.083735966682434,1.0916516840457917,1.0999897480010987,1.1116666138172149,1.1194057404994964,1.126548457145691,1.1351330637931825,1.1432851672172546,1.1533791780471803,1.1623560070991517,1.170154583454132,1.1761985778808595,1.18257976770401,1.1905718564987182,1.1949646651744843,1.201403933763504,1.206526631116867,1.2133516073226929,1.2189488112926483,1.225558990240097,1.2310410141944885,1.2358198523521424,1.242155659198761,1.2450641572475434,1.2505096673965455,1.2556853413581848,1.2597319066524506,1.2632074773311615,1.2676375746726989,1.272323477268219,1.275466614961624,1.277130228281021,1.2819059491157532,1.2847886323928832,1.288306987285614,1.2912499904632568,1.2952399671077728,1.2973937928676604,1.300489342212677,1.3025887191295624,1.3045127749443055,1.307225340604782,1.3095117330551147,1.3118822276592255,1.313915878534317,1.3166653215885162,1.318584930896759,1.3205956041812896,1.3237016022205352,1.3249334812164306,1.3268833577632904,1.328911256790161,1.3307283759117126,1.3318328559398651,1.3337067246437073,1.3349315047264099,1.3365285515785217,1.3381607592105866,1.3389066338539124,1.3416323959827423,1.341783583164215,1.3430437982082366,1.3430904805660249,1.3460107028484345,1.347853285074234,1.347707998752594,1.3489207208156586,1.3493264198303223,1.3506871938705445,1.3518995344638824,1.3522504150867463,1.3537743389606476,1.3547269225120544,1.355316960811615,1.356384289264679,1.357269537448883,1.3578904151916504,1.3583013713359833,1.3596913874149323,1.360150557756424,1.3615417718887328,1.3616237699985505,1.362471777200699,1.363487070798874,1.3633632957935333,1.3642337143421173,1.3651082038879394,1.3654419302940368,1.3661104321479798,1.3669709980487823,1.3678157389163972,1.3676015734672546,1.3690023839473724,1.369202297925949,1.3702004253864288,1.3706328690052032,1.3701897084712982,1.3708380699157714,1.3719338119029998,1.3725512146949768,1.3732157170772552,1.3727981090545653,1.3728665709495544,1.3736620366573333,1.374181866645813,1.3738715291023254,1.3743142247200013,1.3749690413475038,1.3757444620132446,1.3765471220016479
t_168,0.6630802065134048,0.6466675847768784,0.6485093712806702,0.6351619094610215,0.625251117348671,0.6141728907823563,0.5920208305120468,0.5734038144350052,0.5501505494117737,0.5389215052127838,0.5200057625770569,0.4995919123291969,0.4920486196875572,0.46378644108772277,0.450382362306118,0.42115086913108823,0.3953146666288376,0.3645838424563408,0.3512794509530067,0.3198542267084122,0.28911888003349306,0.2760411038994789,0.24863029420375823,0.2158835358917713,0.19134655222296715,0.17157560884952544,0.1479884408414364,0.1127217747271061,0.08978673815727234,0.06652616783976555,0.04172688331454992,0.0,0.05428739190101624,0.06888331100344658,0.09953964725136757,0.12890437245368958,0.14324206560850145,0.1736404225230217,0.19309363514184952,0.21927205249667167,0.23758355006575585,0.26663546115159986,0.29357562512159346,0.3047799155116081,0.3369334638118744,0.3564796715974808,0.38064965009689333,0.40137862116098405,0.42928575575351713,0.4487240120768547,0.47038807421922685,0.49361004680395126,0.5146878510713577,0.5357785612344742,0.5584267497062683,0.5813114821910859,0.6012205570936203,0.6206458151340485,0.6389733016490936,0.6579158812761307,0.680528637766838,0.6967542827129364,0.713829392194748,0.7330136090517044,0.7524161547422409,0.7663662850856781,0.7827270686626434,0.800097519159317,0.8123486548662185,0.8248582810163498,0.8382907956838608,0.8566565066576004,0.8693931937217713,0.8802110493183136,0.8935682356357575,0.9080151289701461,0.919091734290123,0.9312952607870102,0.9466416865587235,0.9594847679138183,0.9695473611354828,0.9827778577804566,0.9957080662250519,1.006996935606003,1.0170011788606643,1.0255471229553224,1.0390043079853057,1.0469853103160858,1.0589022040367126,1.06814643740654,1.0787720084190369,1.0867765128612519,1.0952303230762481,1.1070770859718322,1.1149126589298248,1.1221222817897796,1.130825662612915,1.1390876948833466,1.149330085515976,1.158422714471817,1.1662974059581757,1.1724382162094116,1.1789077162742614,1.1870119869709015,1.1914743423461913,1.1979904472827911,1.203186386823654,1.2100978374481202,1.2157815098762512,1.2224659502506257,1.2280312061309815,1.2328710019588471,1.2392808079719544,1.2422294318675995,1.2477425575256347,1.2529999017715454,1.2570889949798585,1.2606237590312959,1.2651126086711884,1.2698521852493285,1.2730486869812012,1.274738723039627,1.2795655071735381,1.2825119614601135,1.286066621541977,1.289041519165039,1.2930827379226684,1.2952646434307098,1.2984029293060302,1.3005370795726776,1.3024883925914765,1.3052264392375945,1.307552009820938,1.30994513630867,1.3120015799999236,1.3147827923297881,1.3167197704315186,1.31876180768013,1.3218894958496095,1.3231504321098329,1.3251198709011078,1.327167457342148,1.3290140151977539,1.330120575428009,1.3320264875888825,1.3332889318466186,1.3348859012126923,1.3365497410297393,1.3373049557209016,1.3400541961193084,1.3402396023273468,1.3414994060993195,1.3415717601776123,1.3445087790489196,1.3463706493377685,1.3462245345115662,1.3474481761455537,1.3478731870651246,1.3492378890514374,1.350466287136078,1.3508314132690429,1.3523639619350434,1.3533209443092347,1.3539359629154206,1.3550221920013428,1.3559069752693176,1.3565345644950866,1.3569625079631806,1.3583669424057008,1.3588400483131409,1.3602408647537232,1.3603258013725281,1.361171931028366,1.3622085213661195,1.3620918035507201,1.362965077161789,1.363850373029709,1.3641859948635102,1.3648548245429992,1.3657379865646362,1.36657657623291,1.366373896598816,1.3677931725978851,1.3679855942726136,1.3690017223358155,1.3694413304328918,1.368995589017868,1.3696477174758912,1.3707621276378632,1.3713825166225433,1.3720619559288025,1.3716368675231934,1.3717178583145142,1.3725097894668579,1.373053628206253,1.3727455854415893,1.3732012391090394,1.3738565981388091,1.3746525764465332,1.3755015015602112
t_167,0.6900086760520935,0.6739201068878173,0.6757213950157166,0.6626632362604141,0.6529661595821381,0.6420317441225052,0.6204534590244293,0.602239590883255,0.5794937610626221,0.5684207022190094,0.5499429434537888,0.5299796462059021,0.522577965259552,0.4948310822248459,0.4815398037433624,0.45297994911670686,0.4274617239832878,0.39731610715389254,0.38430158942937853,0.3531642720103264,0.32261953353881834,0.31012528836727143,0.2829592332243919,0.25019569247961043,0.22592505738139151,0.20642431750893592,0.18196815699338914,0.14729816541075708,0.12282641455531121,0.09995694905519485,0.06680098846554756,0.05428739190101624,0.0,0.04542837478220463,0.06960648335516453,0.09836111627519131,0.11173130609095097,0.14285568818449973,0.16209139227867125,0.18755688294768333,0.20696883797645568,0.23660000264644623,0.2636477753520012,0.27561855167150495,0.3086679920554161,0.32819524109363557,0.35319267958402634,0.3747950866818428,0.40322270542383193,0.4233155459165573,0.44555634409189226,0.4695795089006424,0.49105089008808134,0.5124524086713791,0.5361298471689224,0.5595654338598252,0.5801826894283295,0.5997493356466294,0.6182980567216874,0.6384954363107681,0.6614032834768295,0.6782699942588806,0.6956096529960633,0.71540687084198,0.7355407029390335,0.7496285974979401,0.7663179874420166,0.7844985693693161,0.7968798846006393,0.80985988676548,0.8236693143844604,0.8426062881946563,0.8553745985031128,0.8666180908679962,0.8804413676261902,0.8952623993158341,0.9066694766283036,0.9192928969860077,0.9349849134683609,0.9480750799179077,0.9583747893571853,0.971730250120163,0.9852395087480545,0.9966760784387588,1.0069852262735366,1.015889048576355,1.0294637858867646,1.0377861976623535,1.0499095857143401,1.059548705816269,1.0702488720417023,1.0786650776863098,1.0873634338378906,1.0992375433444976,1.107432347536087,1.1148821890354157,1.1238184034824372,1.1323043823242187,1.1427328884601593,1.152076745033264,1.159965717792511,1.1664358258247376,1.1730276882648467,1.1812263667583465,1.1858043015003203,1.1925753772258758,1.1979022443294525,1.2049862623214722,1.2107803642749786,1.2175684571266174,1.2231904447078705,1.2282307386398315,1.2346393406391143,1.2377911865711213,1.2433882296085357,1.2487522661685944,1.2529685497283936,1.2566410183906556,1.2612135887145997,1.2659829616546632,1.2693114459514618,1.271021294593811,1.2758734107017518,1.2789840579032898,1.2826060712337495,1.2856220483779908,1.2896093606948853,1.2918441474437714,1.2951194584369659,1.2973089694976807,1.2993647754192352,1.3020884454250337,1.3045135498046876,1.3069463968276978,1.309032827615738,1.311822134256363,1.313808161020279,1.315918517112732,1.3190199315547944,1.3203892707824707,1.322385197877884,1.3244514405727386,1.3263366222381592,1.3274918615818023,1.3293940126895905,1.3307145893573762,1.3322935104370117,1.3340407609939575,1.3347942411899567,1.337501060962677,1.3378204107284546,1.3390565812587738,1.3391923546791076,1.3421228289604188,1.3439593970775605,1.3439066708087921,1.3451095461845397,1.3455653071403504,1.3469678580760955,1.3482316732406616,1.3485869467258453,1.3501450538635253,1.3511051118373871,1.3517431497573853,1.3528579711914062,1.3536856114864348,1.3543406903743744,1.3548352658748626,1.3562550723552704,1.3567406773567199,1.3581513524055482,1.3582335591316224,1.3590632438659669,1.3601108729839324,1.360038650035858,1.360905110836029,1.3617989897727967,1.362162470817566,1.3628515481948853,1.3637453377246858,1.3645191550254823,1.3643908739089965,1.36583052277565,1.365973824262619,1.3670295655727387,1.3674492061138153,1.3670573949813842,1.367699134349823,1.3688112378120423,1.3694563686847687,1.370127022266388,1.3697420477867126,1.3698347330093383,1.3706196188926696,1.371188473701477,1.3709047615528107,1.3713610649108887,1.3720013618469238,1.3728089690208436,1.3737956285476685
t_166,0.7015863418579101,0.6857647836208344,0.6876451283693313,0.674808120727539,0.6652321308851242,0.6546480745077133,0.6333302825689315,0.6153683543205262,0.5929699569940567,0.5822531163692475,0.5639684826135636,0.5442131489515305,0.5370414227247238,0.5098293751478196,0.4969232529401779,0.46870785057544706,0.44374958574771883,0.414018078148365,0.40103665441274644,0.3706112176179886,0.340690603852272,0.327933831512928,0.30112758874893186,0.2690469309687614,0.2447737328708172,0.2253991849720478,0.2020612008869648,0.16650124862790108,0.1429332561790943,0.1183775581419468,0.0835961639881134,0.06888331100344658,0.04542837478220463,0.0,0.05097392871975899,0.0768024243414402,0.08977383188903332,0.11984614431858062,0.13899143412709236,0.16524268612265586,0.1843978449702263,0.21400060802698134,0.24161206781864167,0.253490187227726,0.28668893575668336,0.3068455681204796,0.33208367228507996,0.353744700551033,0.3827351927757263,0.40311208218336103,0.42574275881052015,0.45006786584854125,0.47200801968574524,0.4939046800136566,0.5177717983722687,0.5417695045471191,0.5626971036195755,0.5828370541334152,0.6018727988004684,0.6221596419811248,0.6456436216831207,0.6628412157297134,0.6805721044540405,0.7007090240716934,0.7211801141500473,0.735703420639038,0.7528867214918137,0.7712230086326599,0.7839879840612411,0.7971769988536834,0.8113364905118943,0.8305601656436921,0.8438349097967148,0.8552148669958115,0.8692665666341781,0.8844292998313904,0.896103635430336,0.9089296847581864,0.9249381095170974,0.9383236050605774,0.9488642185926437,0.962614119052887,0.9762800127267838,0.9880287170410156,0.9984833210706711,1.0075108051300048,1.021487331390381,1.0298988223075867,1.042289674282074,1.0520756542682648,1.0631164073944093,1.0715200185775757,1.080418735742569,1.0926495313644409,1.1009247660636903,1.1084543943405152,1.117554920911789,1.1261947512626649,1.1368608474731445,1.1463627576828004,1.1544463098049165,1.1609825909137725,1.1677382469177247,1.1761442124843597,1.180821853876114,1.1876680731773377,1.1931011021137237,1.2003048837184906,1.206223303079605,1.2131838142871856,1.2189758181571961,1.2240475296974183,1.2306289494037628,1.2337993204593658,1.239517045021057,1.2449889719486236,1.2492773294448853,1.2530114948749542,1.2576545298099517,1.262552833557129,1.2659203469753266,1.2677222728729247,1.2726792454719544,1.275810921192169,1.2794953525066375,1.2825870096683503,1.286725676059723,1.288995736837387,1.2922953367233276,1.2945206940174103,1.296594488620758,1.2994068384170532,1.3018426537513732,1.3043230712413787,1.3064432859420776,1.309311532974243,1.311337912082672,1.3134697735309602,1.3166310429573058,1.318009853363037,1.3200449287891387,1.3221417307853698,1.3240482926368713,1.3252139031887054,1.3271716833114624,1.3285066962242127,1.330141007900238,1.3318903386592864,1.3326914072036744,1.3354549884796143,1.3357574343681335,1.3370400071144104,1.337185788154602,1.3401527047157287,1.342047506570816,1.341968721151352,1.3431973874568939,1.3436908543109893,1.3450913429260254,1.34637508392334,1.3467543840408325,1.3483251690864564,1.3492962062358855,1.3499523162841798,1.3510882198810577,1.3519475281238555,1.352612054347992,1.3531073749065399,1.3545516908168793,1.3550372302532196,1.3564679026603699,1.3565479218959808,1.3574151575565339,1.358470803499222,1.358395028114319,1.3592776775360107,1.3601936280727387,1.36055069565773,1.3612536251544953,1.3621531486511231,1.362953394651413,1.3628159642219544,1.3642694294452666,1.3644397974014282,1.3654879808425904,1.365925532579422,1.3655157148838044,1.3661797881126403,1.3673141539096831,1.3679503083229065,1.368665909767151,1.3682582199573516,1.368344497680664,1.3691563546657561,1.3697252810001372,1.3694516956806182,1.3699247062206268,1.3706018149852752,1.3714209377765656,1.3723864793777465
t_165,0.724382969737053,0.70888070166111,0.7107430100440979,0.6981992542743682,0.6888363033533096,0.6785438984632493,0.6576921969652176,0.6400878459215165,0.6182199120521545,0.607745710015297,0.5898369491100312,0.5705035150051116,0.5635397583246231,0.5369310200214386,0.5243591576814651,0.49667880982160567,0.47228420376777647,0.4430751785635948,0.43043210357427597,0.40059497505426406,0.37124202102422715,0.3586948499083519,0.3324483633041382,0.3008078932762146,0.27691626995801927,0.25780047923326493,0.23463015258312225,0.19940387457609177,0.17586600854992868,0.15136782228946685,0.1157257903367281,0.09953964725136757,0.06960648335516453,0.05097392871975899,0.0,0.04873035605996847,0.06057856399565935,0.0885702759027481,0.1077506810426712,0.13354209810495377,0.15261270105838776,0.18282944858074188,0.21060796231031417,0.22277251705527307,0.2566926643252373,0.2771587327122688,0.30299063473939897,0.32520409524440763,0.35485800057649614,0.37574317008256913,0.39903642386198046,0.42404636144638064,0.44651222676038743,0.4688404679298401,0.4934808164834976,0.5180805742740631,0.5396357566118241,0.5602144956588745,0.5796773135662079,0.6007869273424149,0.6247875660657882,0.6425809562206268,0.6606896609067917,0.6813980370759964,0.7024960875511169,0.7173675119876861,0.7350144416093827,0.753982076048851,0.7670506775379181,0.7806490212678909,0.7952453762292861,0.8149836361408234,0.8285734057426453,0.8402923166751861,0.8547823548316955,0.8703526645898819,0.8823928445577621,0.895604258775711,0.9119926035404206,0.9257061153650283,0.9365309357643128,0.9505853146314621,0.9647233426570893,0.9767402142286301,0.9874883174896241,0.9967897355556488,1.0110783129930496,1.0197582721710206,1.0324379861354829,1.0425292015075684,1.0538092792034148,1.062486970424652,1.0716364204883575,1.084106707572937,1.0926471292972564,1.1003634929656982,1.1097205877304077,1.1185928940773011,1.1295142590999603,1.139264839887619,1.1474674761295318,1.1542263746261596,1.1611374020576477,1.1697485804557801,1.1745521008968354,1.1816046357154846,1.1871819853782655,1.1945495903491974,1.200620174407959,1.2077254891395568,1.2136530756950379,1.2188515484333038,1.225545048713684,1.2288450837135314,1.2346856355667115,1.2402861356735229,1.2446837544441223,1.2485396564006805,1.2532835125923156,1.258267104625702,1.2617529153823852,1.2635926425457,1.268637466430664,1.271888530254364,1.2756530106067658,1.2788040816783905,1.2829978525638581,1.2853151977062225,1.2887273490428925,1.291005402803421,1.2931537628173828,1.2960187196731567,1.2985137939453124,1.3010361254215241,1.303203707933426,1.3061162650585174,1.3081904888153075,1.310379183292389,1.3135739147663117,1.3150089800357818,1.317072856426239,1.3192225813865661,1.32115695476532,1.3223593890666963,1.3243578553199769,1.3257253468036652,1.3273833215236663,1.3291832447052,1.3300083339214326,1.3327905237674713,1.3331495225429535,1.3344401359558105,1.3346359193325044,1.337616515159607,1.3395290613174438,1.33946692943573,1.3407103419303894,1.341222447156906,1.3426461458206176,1.3439676642417908,1.344363236427307,1.3459513008594512,1.3469302356243134,1.3476072251796722,1.348780918121338,1.349632102251053,1.3503158807754516,1.3508453905582427,1.3523227989673614,1.3528085768222808,1.3542516350746154,1.3543356657028198,1.355219578742981,1.3562768638134002,1.3562320172786713,1.3571285426616668,1.3580551385879516,1.3584237813949585,1.3591355741024018,1.360049271583557,1.3608303368091583,1.3607316374778748,1.3622138500213623,1.3623632729053496,1.3634354054927826,1.3638763129711151,1.3634945571422576,1.3641597509384156,1.3653118431568145,1.3659599900245667,1.3666875660419464,1.3662933588027955,1.3663890957832336,1.3672141134738922,1.3678065180778503,1.3675487518310547,1.368029350042343,1.3687218844890594,1.369571900367737,1.3706083178520203
t_164,0.7430349171161652,0.7278847515583038,0.7298246413469315,0.7175677865743637,0.7083580762147903,0.6983963936567307,0.677931609749794,0.6606874376535415,0.6392945051193237,0.629147857427597,0.6115659683942795,0.5925701797008515,0.5858788758516311,0.5599198430776596,0.5476956516504288,0.5205711096525192,0.496669827401638,0.46807814091444017,0.45565969944000245,0.4266171783208847,0.3977489694952965,0.38537080138921737,0.359706711769104,0.3287123963236809,0.30512083023786546,0.2863330364227295,0.26368230283260347,0.2288084916770458,0.20532044917345046,0.181013572961092,0.14591903164982795,0.12890437245368958,0.09836111627519131,0.0768024243414402,0.04873035605996847,0.0,0.04187539089471102,0.06069495715200901,0.07907469421625138,0.10397345833480358,0.12281623929738998,0.15300593301653861,0.18061975091695787,0.19291772544384003,0.22716523781418801,0.2480495810508728,0.27411369532346724,0.2968024551868439,0.32695156037807466,0.34826869815587996,0.37210165411233903,0.397559280693531,0.42059321850538256,0.4433834582567215,0.46861897110939027,0.49376187920570375,0.5158614963293076,0.5369230806827545,0.5568649590015411,0.5785845756530762,0.6031858533620834,0.6215305626392365,0.6400199949741363,0.6612696647644043,0.6829554170370102,0.6982360422611237,0.7164092451334,0.7359078466892243,0.7493404358625412,0.7633176028728486,0.7783880174160004,0.7985703945159912,0.8125894516706467,0.8246083229780197,0.8394952327013016,0.8555082947015762,0.8679136246442795,0.8814688175916672,0.8982698142528533,0.9123526632785797,0.9234430879354477,0.9378716140985489,0.9524282425642013,0.9647644847631455,0.9757861316204071,0.985349589586258,0.999976509809494,1.008894568681717,1.0218857556581498,1.0322569489479065,1.0438323318958282,1.0527100086212158,1.062123531103134,1.074880701303482,1.0836535334587096,1.0915228962898254,1.1011276483535766,1.110230767726898,1.121430641412735,1.1314269781112671,1.1397688150405885,1.1467605173587798,1.153837364912033,1.162655621767044,1.1676022410392761,1.174836677312851,1.1805737674236298,1.1881040036678314,1.1943355202674866,1.2016055464744568,1.2076926052570343,1.2130107283592224,1.21985102891922,1.223263645172119,1.229240244626999,1.2349716424942017,1.2394816100597381,1.2434610545635223,1.2483144998550415,1.2534048080444335,1.2569976925849915,1.25891153216362,1.2640569865703584,1.267421805858612,1.271258568763733,1.2744920432567597,1.2787716746330262,1.2811526894569396,1.2846453368663788,1.2869803309440613,1.289200347661972,1.2921172082424164,1.2946787476539612,1.2972539365291595,1.2994706690311433,1.3024365067481996,1.3045657277107239,1.3067993462085723,1.3100532591342926,1.31153461933136,1.3136479198932647,1.3158355414867402,1.317807561159134,1.3190444827079773,1.3210817575454712,1.3224968552589416,1.3241689682006836,1.3260282158851624,1.326880443096161,1.329686564207077,1.3300915241241456,1.3314142107963562,1.3316295921802521,1.33465473651886,1.3365897595882417,1.336551970243454,1.3377990126609802,1.3383459329605103,1.339784288406372,1.3411363422870637,1.3415512144565582,1.3431586444377899,1.3441441774368286,1.3448531568050384,1.3460624456405639,1.3468896269798278,1.347590982913971,1.3481670796871186,1.3496699213981629,1.3501528024673461,1.3516237378120421,1.3516941666603088,1.352596366405487,1.3536748468875885,1.353643572330475,1.3545536279678345,1.3554904222488404,1.3558655381202698,1.356605017185211,1.3575387477874756,1.3582926213741302,1.3582270920276642,1.3597386240959168,1.3598743200302124,1.360963189601898,1.3614091753959656,1.3610362350940703,1.3617118835449218,1.3628782272338866,1.3635367929935456,1.3642844438552857,1.3638917922973632,1.3639972925186157,1.3648292541503906,1.365439200401306,1.3651964902877807,1.365689718723297,1.3663875043392182,1.367244440317154,1.3683483719825744
t_163,0.7508284986019135,0.7357598453760147,0.7376991003751755,0.7255653232336045,0.7164415121078491,0.7065688520669937,0.6864006400108338,0.6692951649427414,0.6481840312480927,0.6381651848554611,0.6207604497671128,0.6019865930080414,0.5953654617071151,0.5696911871433258,0.5575729072093963,0.5308099299669266,0.5072325944900513,0.4789323091506958,0.46668953746557235,0.43799311518669126,0.4094826027750969,0.39720280915498735,0.37183099538087844,0.34125070869922636,0.31778517067432405,0.2991764172911644,0.27699370980262755,0.24228141009807586,0.21911720782518387,0.1949455514550209,0.15987613722681998,0.14324206560850145,0.11173130609095097,0.08977383188903332,0.06057856399565935,0.04187539089471102,0.0,0.05050401277840137,0.06683811247348785,0.09120320044457912,0.10934386439621449,0.13875379115343095,0.16693422198295593,0.1790849857032299,0.21351493820548056,0.2342914506793022,0.26069670021533964,0.2834751829504967,0.3137583717703819,0.3352938637137413,0.35917497128248216,0.38503837734460833,0.40833729356527326,0.431318986415863,0.4568597286939621,0.4822890549898148,0.5046450048685074,0.5259370118379593,0.5461138486862183,0.5681647688150406,0.5930613666772843,0.6114823132753372,0.6302957773208618,0.6518128931522369,0.673784339427948,0.6892732173204422,0.7076298147439957,0.7273684978485108,0.7409712553024292,0.7551042318344117,0.7703474164009094,0.7908511966466903,0.8050397336483002,0.8172115087509155,0.8322972238063813,0.8485060811042786,0.861074247956276,0.8747977286577224,0.891844418644905,0.9061089307069778,0.9173714727163315,0.9319867193698883,0.9467232286930084,0.959205961227417,0.9703756660223007,0.9800470530986786,0.9948939204216003,1.0039183735847472,1.0170807987451553,1.0275842785835265,1.0393166363239288,1.048308217525482,1.0578476309776306,1.0707860589027405,1.079650866985321,1.0876228034496307,1.0973637342453002,1.1065799415111541,1.1178976237773894,1.1280259370803833,1.136475831270218,1.1435286402702332,1.1507048428058624,1.1596533119678498,1.1646597862243653,1.1719812452793121,1.177789080142975,1.1854187428951264,1.1917093753814698,1.1990681827068328,1.2052360653877259,1.2106274664402008,1.2175482392311097,1.220999276638031,1.2270546317100526,1.2328573167324066,1.2374183177947997,1.2414478659629822,1.2463549852371216,1.2515075147151946,1.2551382422447204,1.257082337141037,1.2622981548309327,1.2656833589076997,1.2695650696754455,1.2728293299674989,1.2771683394908906,1.2795837342739105,1.28311248421669,1.285479688644409,1.2877254128456115,1.2906693696975708,1.2932525336742402,1.2958632230758667,1.2981044888496398,1.3010967910289764,1.3032586038112641,1.3055403769016265,1.3088112354278565,1.3103132665157318,1.3124385714530944,1.314646017551422,1.3166256368160247,1.3178868234157561,1.319951206445694,1.3213752508163452,1.323080849647522,1.3249347150325774,1.3258133828639984,1.3286545753479004,1.3290636837482452,1.3304112553596497,1.330639111995697,1.333666241168976,1.3356254875659943,1.335595041513443,1.3368640065193176,1.3374169707298278,1.338867175579071,1.340230256319046,1.3406553745269776,1.3422647774219514,1.3432634890079498,1.3439819872379304,1.3452067494392395,1.3460372388362885,1.346747750043869,1.3473215520381927,1.3488340079784393,1.3493209719657897,1.3507930159568786,1.3508794009685516,1.3518006801605225,1.3528759121894836,1.3528413116931914,1.3537723541259765,1.3547035038471222,1.3550770044326783,1.3558297216892243,1.3567615568637847,1.357524996995926,1.3574632942676543,1.3589750111103058,1.3591183423995972,1.3602141678333282,1.3606609284877778,1.3602918922901153,1.3609727025032043,1.3621427774429322,1.3628076493740082,1.3635517716407777,1.3631628692150115,1.363269430398941,1.3641024231910706,1.3647203981876372,1.364483857154846,1.3649852991104126,1.365693312883377,1.3665514171123505,1.3676681220531464
t_162,0.7689737796783447,0.7542895525693893,0.7562848091125488,0.7444412857294083,0.7355021834373474,0.7259900510311127,0.7061892449855804,0.6894624620676041,0.6688022822141647,0.6591109365224839,0.6420444250106812,0.6236106663942337,0.6172794222831726,0.5922719925642014,0.5805482864379883,0.554315060377121,0.531300961971283,0.5036526560783386,0.4916161999106407,0.4637085035443306,0.4358255535364151,0.4237365901470184,0.3989550516009331,0.36902997344732286,0.34603051841259,0.3278376266360283,0.306184284389019,0.27177681773900986,0.2491423100233078,0.2249864898622036,0.19052839502692223,0.1736404225230217,0.14285568818449973,0.11984614431858062,0.0885702759027481,0.06069495715200901,0.05050401277840137,0.0,0.04303241949528456,0.06241761408746242,0.07863816507160663,0.10765158496797085,0.1354399301111698,0.14755653589963913,0.18197406381368636,0.20333246737718583,0.22984379008412362,0.25297531560063363,0.2837733581662178,0.30568160861730576,0.33017835915088656,0.35645387768745423,0.38030609786510466,0.40378000885248183,0.4298518061637878,0.4558802768588066,0.4787990257143974,0.5006477177143097,0.5213738739490509,0.5439548820257187,0.5695040971040726,0.5885856032371521,0.6078161656856537,0.6298810601234436,0.6524277955293656,0.6684101849794388,0.6873652964830399,0.7076294004917145,0.7216437369585037,0.7362037003040314,0.7519688814878464,0.7729440182447433,0.7876427918672562,0.8001234650611877,0.8156543225049973,0.8323252767324447,0.8453070998191834,0.8594106405973434,0.8768986493349076,0.8915759563446045,0.9031566053628921,0.9181977093219758,0.9333683609962463,0.9462131857872009,0.9576964378356934,0.9676320344209671,0.9828991591930389,0.9921666830778122,1.0056729316711426,1.0164587199687958,1.0285510838031768,1.0377376675605774,1.0475792348384858,1.0608721196651458,1.069960004091263,1.0781181633472443,1.088130635023117,1.0975900888442993,1.1092193365097045,1.1196177065372468,1.1282322764396668,1.1355030357837677,1.1428597092628479,1.1520676851272582,1.157215601205826,1.1647146582603454,1.1706762135028839,1.178479689359665,1.1849523663520813,1.192490464448929,1.198849380016327,1.204350233078003,1.2114322543144227,1.2149900376796723,1.2211933314800263,1.2271377503871919,1.2318309366703033,1.2359777867794037,1.2409901201725007,1.246287077665329,1.250020295381546,1.2520556926727295,1.2573878467082977,1.260879909992218,1.2648450076580047,1.2682046711444854,1.2726588726043702,1.2751308739185334,1.2787339210510253,1.2811692297458648,1.2834879457950592,1.28650906085968,1.2891398668289185,1.2918143212795257,1.2941101491451263,1.2971567809581757,1.2993850886821747,1.3017153203487397,1.305051898956299,1.3065812587738037,1.30876727104187,1.3110275328159333,1.3130504548549653,1.3143294751644135,1.3164512515068054,1.317910373210907,1.3196616351604462,1.3215619325637817,1.3224806487560272,1.3253595888614655,1.3258067429065705,1.3271790862083435,1.3274372816085815,1.3305126965045928,1.3325171887874603,1.3324884235858918,1.3337652862071991,1.3343621611595153,1.3358167171478272,1.3372124671936034,1.3376578032970428,1.3392971754074097,1.3403015732765198,1.3410425186157227,1.3422967851161958,1.343134242296219,1.3438551008701325,1.344464075565338,1.3460175693035126,1.3464974761009216,1.3479978144168854,1.348081237077713,1.3490229368209838,1.3501176595687867,1.3501007020473481,1.3510443568229675,1.3520022690296174,1.3523773372173309,1.3531497180461884,1.354091864824295,1.3548526644706727,1.354810655117035,1.3563413262367248,1.3564872920513154,1.3575844466686249,1.3580524682998658,1.357688319683075,1.3583816885948181,1.3595778882503509,1.3602446019649506,1.3610175669193267,1.3606283247470856,1.3607497811317444,1.3616025924682618,1.3622384786605835,1.3620152473449707,1.3625227868556977,1.363266122341156,1.3641456961631775,1.3652993500232697
t_161,0.7806843787431716,0.7662004917860031,0.7681883454322815,0.7565359979867935,0.747715300321579,0.738386356830597,0.7188823282718658,0.7023859232664108,0.6820460021495819,0.6725311547517776,0.6557099789381027,0.6375496208667755,0.6313417583703995,0.6067327439785004,0.5952252119779586,0.5693497478961944,0.5467207700014114,0.5194405883550643,0.5075967997312546,0.4801281064748764,0.45267285108566285,0.44067011326551436,0.41626513451337815,0.3867580622434616,0.36405971497297285,0.3460886552929878,0.3246610343456268,0.29067862331867217,0.2682157665491104,0.24421567022800444,0.2100291408598423,0.19309363514184952,0.16209139227867125,0.13899143412709236,0.1077506810426712,0.07907469421625138,0.06683811247348785,0.04303241949528456,0.0,0.04600540455430746,0.06170392762869596,0.08895290344953537,0.11623987890779972,0.12820994928479196,0.1625542663037777,0.18411909490823747,0.21084121987223625,0.2341170758008957,0.2651890143752098,0.2873236894607544,0.3121655061841011,0.3388390883803368,0.3629623219370842,0.3866810709238052,0.41318747997283933,0.43959706723690034,0.4629137381911278,0.4850492626428604,0.5060571551322937,0.5291915535926819,0.5550638645887375,0.5745417535305023,0.5940013587474823,0.6164857268333435,0.6394139528274536,0.6556500762701034,0.674973064661026,0.695641565322876,0.7098285734653473,0.7246617376804352,0.7407322347164154,0.7620749920606613,0.7770183265209198,0.7897148966789246,0.8055426806211472,0.822508904337883,0.8357590019702912,0.8501351952552796,0.8678976386785507,0.8828217804431915,0.8946082115173339,0.9098931461572647,0.925390312075615,0.9384266823530197,0.9501227349042892,0.9602137982845307,0.9757348239421845,0.9851537078619004,0.9988964855670929,1.0098798662424087,1.022154939174652,1.031507658958435,1.0415299952030181,1.0550046503543853,1.064262980222702,1.0725408911705017,1.0827330946922302,1.0923587441444398,1.104152888059616,1.114743161201477,1.1234505891799926,1.130865854024887,1.138335680961609,1.1477028608322144,1.1529388308525086,1.160561841726303,1.166629856824875,1.1745545387268066,1.1811445295810699,1.1887838006019593,1.1952453672885894,1.2008443117141723,1.2080277740955352,1.211663168668747,1.2179625034332275,1.224005675315857,1.2287760376930237,1.233001697063446,1.2380868554115296,1.2434545636177063,1.2472552597522735,1.2493314504623414,1.2547320067882537,1.2583042860031128,1.2623128712177276,1.2657211244106292,1.2702184081077577,1.2727290868759156,1.2763991475105285,1.2788815677165986,1.2812561333179473,1.2843032419681548,1.2869746088981628,1.2896864891052247,1.2920214354991912,1.2951018333435058,1.2973774015903472,1.2997363030910491,1.303103357553482,1.3046716392040252,1.3068799555301667,1.3091778993606566,1.3112154603004456,1.3125291764736176,1.3146775722503663,1.316157877445221,1.3179396629333495,1.3198573172092438,1.320806622505188,1.3237073063850402,1.3241877913475038,1.3255687534809113,1.3258476078510284,1.3289431869983672,1.3309574127197266,1.330953025817871,1.3322326779365539,1.3328520953655243,1.3343114614486695,1.3357331335544587,1.3361818552017213,1.3378401219844818,1.338840389251709,1.3396062672138214,1.3408814072608948,1.34171005487442,1.34244304895401,1.3430682063102721,1.3446446478366851,1.3451231718063354,1.3466296255588532,1.3467240810394288,1.3476668536663055,1.3487727761268615,1.3487656354904174,1.3497158229351043,1.3506801307201386,1.351061886548996,1.3518338739871978,1.3527906894683839,1.3535434484481812,1.3535194039344787,1.3550609827041626,1.3551940083503724,1.3563144326210022,1.356781578063965,1.3564270913600922,1.3571198046207429,1.3583229422569274,1.3590056777000428,1.3597852408885955,1.3594104886054992,1.3595361888408661,1.3603986263275147,1.361042034626007,1.3608265459537505,1.3613489151000977,1.362090128660202,1.3629758596420287,1.3641418039798736
t_160,0.7967843264341354,0.7825935840606689,0.784590357542038,0.7731473982334137,0.7644955396652222,0.7553521245718002,0.7362054377794266,0.7200321912765503,0.7000491976737976,0.6906996816396713,0.6742170065641403,0.6563616544008255,0.6503329128026962,0.6262271672487258,0.6149354130029678,0.5895584285259247,0.5672956883907319,0.5405843496322632,0.5289504647254943,0.5019565463066101,0.4749201565980911,0.46328858882188795,0.4393091082572937,0.4101884737610817,0.38789124339818953,0.3702946320176125,0.3490416452288628,0.31558347046375274,0.2932831883430481,0.2698387116193771,0.23596098124980927,0.21927205249667167,0.18755688294768333,0.16524268612265586,0.13354209810495377,0.10397345833480358,0.09120320044457912,0.06241761408746242,0.04600540455430746,0.0,0.04447306878864765,0.0667671624571085,0.09151164516806602,0.10410132780671119,0.13755807057023048,0.15881776586174964,0.1857254110276699,0.20968057066202164,0.2408536806702614,0.2633535012602806,0.28859059065580367,0.31567957252264023,0.34002791345119476,0.36390079408884046,0.39111938774585725,0.41795789897441865,0.44185847640037534,0.46405880749225614,0.4853052318096161,0.5093962982296943,0.5355006903409958,0.5556215882301331,0.5752916783094406,0.5982975691556931,0.6218220084905625,0.6382745534181595,0.6579560458660125,0.6792972326278687,0.6936947375535965,0.7089495033025741,0.7254133373498917,0.7472160160541534,0.7622986376285553,0.7753700166940689,0.7916291445493698,0.808956789970398,0.8225433856248856,0.8373227119445801,0.8554200917482376,0.870610636472702,0.8826279431581497,0.8981364339590072,0.9141026675701142,0.9273479044437408,0.9393213063478469,0.9497114241123199,0.9654504179954528,0.9751467257738113,0.9891263008117676,1.0004388511180877,1.0128601789474487,1.0225517213344575,1.032815009355545,1.0464078903198242,1.0559626281261445,1.0644493997097015,1.0748771488666535,1.0846968650817872,1.0966955244541168,1.1075125336647034,1.1162987411022187,1.123983806371689,1.131581676006317,1.1410884141921998,1.1464479923248292,1.1542735934257506,1.1604854762554169,1.1685797154903412,1.1752804815769196,1.1830410599708556,1.1896029591560364,1.1953519463539124,1.2025996804237367,1.2063966512680053,1.2127867639064789,1.2189557075500488,1.2238511323928833,1.2281842827796936,1.2333751022815704,1.2388091742992402,1.2427291333675385,1.2448463499546052,1.2503097474575042,1.2540167331695558,1.2580900371074677,1.2615566313266755,1.2660732090473175,1.2686384797096253,1.2724087595939637,1.2749496221542358,1.2774081885814668,1.2804725646972657,1.2832203328609466,1.2859857678413391,1.2883610248565673,1.291473489999771,1.2938004672527312,1.2962197661399841,1.299603921175003,1.3012454092502594,1.303472065925598,1.3058030009269714,1.3078830659389495,1.3092386364936828,1.3114056169986725,1.3129372477531434,1.3147216379642486,1.3166997969150542,1.3176624715328216,1.320559275150299,1.3211272001266479,1.3225120186805726,1.3228322684764862,1.3259278237819672,1.3279510259628295,1.3280041813850403,1.3292817175388336,1.329925400018692,1.3314142286777497,1.3328705132007599,1.333326405286789,1.335002988576889,1.3360130667686463,1.3368183016777038,1.3381164431571961,1.3389191806316376,1.3396711885929107,1.3403354704380035,1.341928243637085,1.3424365937709808,1.3439479410648345,1.3440539717674256,1.3450029134750365,1.3461231768131257,1.3461446344852448,1.3470926225185393,1.3480754315853118,1.348487025499344,1.3492628335952759,1.3502348959445953,1.3509609401226044,1.3509945809841155,1.3525447964668273,1.3526609361171722,1.3538095831871033,1.3542716026306152,1.3539457678794862,1.3546454668045045,1.3558562874794007,1.3565614342689514,1.357347124814987,1.3569915473461152,1.3571381866931915,1.357990962266922,1.3586732029914856,1.35846666097641,1.3589927017688752,1.3597464442253113,1.3606501162052154,1.3618955731391906
t_159,0.8056365221738815,0.7916302591562271,0.793673175573349,0.7824150204658509,0.7738651365041733,0.7649641990661621,0.7460662990808486,0.7300888359546661,0.7104168593883514,0.7012813240289688,0.6849963158369065,0.6673935800790787,0.6615339785814285,0.6378451883792877,0.6268538802862167,0.6018074870109558,0.5800121366977692,0.5536537289619445,0.5422577410936356,0.5158447474241257,0.48934688568115237,0.4777540430426598,0.4542642503976822,0.4257482126355171,0.4037785157561302,0.3864350199699402,0.36577296555042266,0.33272543996572496,0.3109415531158447,0.2875897690653801,0.25429561361670494,0.23758355006575585,0.20696883797645568,0.1843978449702263,0.15261270105838776,0.12281623929738998,0.10934386439621449,0.07863816507160663,0.06170392762869596,0.04447306878864765,0.0,0.049489644914865495,0.07299713827669621,0.08396855294704438,0.11775539964437484,0.13933156430721283,0.16604067757725716,0.1895849771797657,0.22110921293497085,0.2436593644320965,0.26920623779296876,0.29650321155786513,0.32120456993579866,0.3454283893108368,0.3728346645832062,0.3999840125441551,0.4241355672478676,0.44688216000795367,0.46853275448083875,0.4927304804325104,0.5193965554237365,0.5396982550621032,0.5597719043493271,0.5831020832061767,0.6069521069526672,0.6237980782985687,0.6438731968402862,0.6654330551624298,0.6801534742116928,0.6955988973379135,0.7123882293701171,0.7345317631959916,0.7500838339328766,0.7633087992668152,0.7798485845327378,0.7974986732006073,0.8113450139760972,0.8263617932796479,0.844788458943367,0.8602996587753295,0.8725485324859619,0.8884132713079452,0.9046287149190902,0.9181438088417053,0.9303411394357681,0.9408312678337097,0.9569608777761459,0.966774719953537,0.9810259401798248,0.9924778521060944,1.0052309393882752,1.0149907439947128,1.0254625797271728,1.039392787218094,1.049052506685257,1.0576411247253419,1.068277943134308,1.0782869100570678,1.0905022978782655,1.1015329897403716,1.1105040788650513,1.1182688117027282,1.1260051429271698,1.1357543885707855,1.1412089169025421,1.1491263151168822,1.1554512202739715,1.1636903643608094,1.1705362677574158,1.1784435093402863,1.1851767480373383,1.19098042845726,1.1983940839767455,1.2022243976593017,1.2087478697299958,1.2150302469730376,1.2200059711933136,1.2244154274463654,1.229686975479126,1.2352346420288085,1.2392178416252135,1.2414087772369384,1.2469765841960907,1.2507427155971527,1.254884696006775,1.2584196329116821,1.2630567014217378,1.2656768977642059,1.2694939136505128,1.2720899820327758,1.2745914101600646,1.277715128660202,1.280492615699768,1.2833151280879975,1.2857301950454711,1.2889061152935029,1.2912730813026427,1.29373340010643,1.297184419631958,1.298833829164505,1.3010939121246339,1.3034693539142608,1.305573308467865,1.3069513440132141,1.3091767191886903,1.3107218623161316,1.3125630736351013,1.314553141593933,1.3155573070049287,1.3185165762901305,1.3190811038017274,1.3204900443553924,1.3208322048187255,1.3239809453487397,1.3260449111461639,1.3260690212249755,1.3273895859718323,1.3280422866344452,1.3295451045036315,1.33102987408638,1.3315135776996612,1.3331969380378723,1.3342146217823028,1.3350436687469482,1.3363696813583374,1.3371919870376587,1.3379568874835968,1.338620561361313,1.3402480244636537,1.3407499969005585,1.3422883689403533,1.342406266927719,1.3433649480342864,1.3444991409778595,1.3445293486118317,1.3454920649528503,1.3464852929115296,1.3468960702419281,1.3476801693439484,1.3486775934696198,1.349415361881256,1.3494447827339173,1.3510146021842957,1.3511218428611755,1.352306491136551,1.3527755320072175,1.3524447441101075,1.3531615376472472,1.354386067390442,1.3551000356674194,1.3558994472026824,1.3555425584316254,1.35569229722023,1.3565517723560334,1.357244509458542,1.3570298612117768,1.3575667500495912,1.3583547592163085,1.3592668533325196,1.3605204582214356
t_158,0.8209280222654343,0.8072245597839356,0.8093019992113113,0.7983060956001282,0.7899277657270432,0.781298765540123,0.7628454834222793,0.7471997231245041,0.7280000686645508,0.7191450029611588,0.7032105594873428,0.6860176086425781,0.6803680062294006,0.6572834730148316,0.6466148197650909,0.6221588373184204,0.6009309113025665,0.5752073377370834,0.5640939921140671,0.5384393602609634,0.5126016587018967,0.5012424468994141,0.4783756956458092,0.45063750445842743,0.429067949950695,0.4121614933013916,0.39226916879415513,0.35978865921497344,0.33857987374067305,0.3156953930854797,0.2830521747469902,0.26663546115159986,0.23660000264644623,0.21400060802698134,0.18282944858074188,0.15300593301653861,0.13875379115343095,0.10765158496797085,0.08895290344953537,0.0667671624571085,0.049489644914865495,0.0,0.050439595431089404,0.05774196423590183,0.08845387026667595,0.10983977280557156,0.13629285097122193,0.15958363339304923,0.1911823958158493,0.2140142358839512,0.23959539458155632,0.2673618823289871,0.29253541827201845,0.317070534825325,0.3449026957154274,0.3726263016462326,0.3972168564796448,0.4204294353723526,0.44256521165370943,0.46732425689697266,0.49456729739904404,0.5152932450175285,0.5358488500118256,0.5597331166267395,0.5841743111610412,0.6015004575252533,0.6220984727144241,0.6441566407680511,0.6593254029750824,0.675180172920227,0.6924516826868057,0.7151308536529541,0.7311721444129944,0.7447322189807892,0.7617132395505906,0.7798211365938187,0.7941083431243896,0.8095032095909118,0.8284233450889588,0.8443366259336471,0.8569596022367477,0.8732821941375732,0.8898951470851898,0.9037810534238815,0.9162968337535858,0.9270793378353119,0.9436718702316285,0.9537365674972534,0.968370521068573,0.9801524192094803,0.9932708233594895,1.0032615780830383,1.0140481024980545,1.028374195098877,1.0382803201675415,1.047083467245102,1.0580106198787689,1.068289190530777,1.0808179020881652,1.092133915424347,1.1013371169567108,1.1093204140663147,1.117275696992874,1.1273138880729676,1.1329294741153717,1.1410447537899018,1.147543615102768,1.1559949278831483,1.1630089938640595,1.1711313843727111,1.1780637562274934,1.184024739265442,1.1916253328323365,1.1955586910247802,1.20226292014122,1.2087072789669038,1.2138094484806061,1.2183606207370759,1.2237525522708892,1.2294562697410583,1.233535075187683,1.2358160257339477,1.241531878709793,1.245393168926239,1.249625301361084,1.2532539129257203,1.258030766248703,1.2607185661792755,1.2646239817142486,1.2672893226146698,1.26985764503479,1.2730679869651795,1.2759064316749573,1.2788094282150269,1.2812808156013489,1.284517914056778,1.2869586288928985,1.2894890010356903,1.2930088818073273,1.2946926772594451,1.297004222869873,1.299444317817688,1.3015954792499542,1.3030106544494628,1.3052996456623078,1.306886464357376,1.3087773263454436,1.3108055412769317,1.311859142780304,1.3148678302764893,1.3154630780220031,1.3169201493263245,1.3172794818878173,1.3204711973667145,1.3225816786289215,1.3226270854473114,1.3239678978919982,1.324649953842163,1.3261758744716645,1.327700275182724,1.328202587366104,1.3299100756645204,1.3309337377548218,1.3318021535873412,1.3331661999225617,1.3340060234069824,1.3347946226596832,1.3354762256145478,1.3371317982673645,1.3376480638980865,1.3391987144947053,1.3393374800682067,1.3403149247169495,1.3414667963981628,1.3415136575698852,1.3424953520298004,1.3435032725334168,1.3439267337322236,1.3447171866893768,1.3457356214523315,1.3464837312698363,1.3465375065803529,1.3481260538101196,1.3482475221157073,1.3494534730911254,1.3499399960041045,1.3496095955371856,1.3503396570682527,1.3515874087810515,1.3523187577724456,1.3531333923339843,1.3527900159358979,1.35293487906456,1.3538088142871856,1.3545244812965394,1.3543256640434265,1.3548818051815033,1.3556896209716798,1.3566219329833984,1.3579014241695404
t_157,0.8365311920642853,0.8231271475553512,0.8252188682556152,0.8144727855920791,0.806250661611557,0.7978487581014633,0.7797442138195038,0.7644351869821548,0.7456286817789077,0.7369933992624282,0.7213949024677276,0.7045436888933182,0.6990813881158828,0.6765239298343658,0.6661364525556565,0.642171910405159,0.6213837772607803,0.5962164252996445,0.5853595495223999,0.5602981925010682,0.5349717825651169,0.5238793760538101,0.5015321642160415,0.474328476190567,0.4532462805509567,0.4367137268185616,0.4170791685581207,0.3852757439017296,0.3643709734082222,0.3418973654508591,0.30980770736932756,0.29357562512159346,0.2636477753520012,0.24161206781864167,0.21060796231031417,0.18061975091695787,0.16693422198295593,0.1354399301111698,0.11623987890779972,0.09151164516806602,0.07299713827669621,0.050439595431089404,0.0,0.04317123033106327,0.06539108082652093,0.08544879071414471,0.11028078757226467,0.1332663767039776,0.16463666930794715,0.18763986527919768,0.21384652480483055,0.24175211936235427,0.26712556183338165,0.2917742386460304,0.32038731724023817,0.34840899109840395,0.3735332295298576,0.3968989610671997,0.4193379610776901,0.44500685930252076,0.4726146787405014,0.49401639848947526,0.5147784531116486,0.5392363548278809,0.5642899990081787,0.5818979293107986,0.6029565066099167,0.6257141470909119,0.6411094397306443,0.6573929250240326,0.6751480817794799,0.6983489036560059,0.7146592706441879,0.7285851955413818,0.7460684388875961,0.7645930051803589,0.7792560517787933,0.7951046526432037,0.8143900275230408,0.8306693226099015,0.8435698509216308,0.8601868897676468,0.8773501485586166,0.891491687297821,0.904339924454689,0.9154282361268997,0.9323032617568969,0.9426630467176438,0.9576021581888199,0.9697188854217529,0.983072555065155,0.9933746993541718,1.00445037484169,1.0189820677042007,1.0291908800601959,1.0381968140602111,1.049413901567459,1.059936100244522,1.0726931989192963,1.0842967748641967,1.0936128795146942,1.101865863800049,1.1099644660949708,1.1202205061912536,1.125954169034958,1.1342896938323974,1.1409480631351472,1.1495811343193054,1.1567660808563232,1.1650303840637206,1.172094476222992,1.1782083690166474,1.1859136402606965,1.1900103449821473,1.1968492984771728,1.2034065663814544,1.2086480677127838,1.2133264303207398,1.2188339114189148,1.2246142685413361,1.2288261532783509,1.2311658680438995,1.2369553089141845,1.2409589469432831,1.2452570140361785,1.2489569187164307,1.2537886798381805,1.2565301299095153,1.260554963350296,1.2632851719856262,1.2659444391727448,1.269190239906311,1.272094339132309,1.2750562250614166,1.2775762259960175,1.2808620989322663,1.2833696365356446,1.2859472692012788,1.2895211160182953,1.2912745594978332,1.2936212420463562,1.296100342273712,1.2982985734939576,1.2997539222240448,1.3020800948143005,1.303718674182892,1.3056308388710023,1.3077142357826232,1.3087886452674866,1.3118115603923797,1.3124870777130127,1.3139401197433471,1.3143428027629853,1.31754469871521,1.3196791768074037,1.3197640001773834,1.3211046516895295,1.321824210882187,1.3233745336532592,1.3249301970005036,1.325448328256607,1.3271823167800902,1.328206193447113,1.329112893342972,1.3305073022842406,1.3313241302967072,1.3321236073970795,1.3328455209732055,1.3345267236232758,1.3350524723529815,1.3366270184516906,1.336775356531143,1.337745463848114,1.3389206647872924,1.3389866590499877,1.3399815380573272,1.3409945726394654,1.341429102420807,1.3422272861003877,1.3432646572589875,1.3439963221549989,1.34408957362175,1.3457096874713899,1.3458091855049132,1.3470480799674989,1.3475235760211945,1.3472259938716888,1.3479532539844512,1.34921532869339,1.349960207939148,1.3507844090461731,1.350468212366104,1.3506164371967315,1.3514938831329346,1.352234435081482,1.3520367980003356,1.3526000320911407,1.3534128069877625,1.3543677568435668,1.3557115375995636
t_156,0.8409162491559983,0.8276176005601883,0.8297352373600007,0.8190832823514939,0.810931870341301,0.8026724845170975,0.7847683072090149,0.7695784002542496,0.7510082989931106,0.7425138473510742,0.7270482897758483,0.7103904515504837,0.7050228744745255,0.6827446967363358,0.6725563496351242,0.6488563358783722,0.6283893406391143,0.6034882843494416,0.5928139954805374,0.5681425005197525,0.5432080954313279,0.5321184635162354,0.5101478517055511,0.48339270502328874,0.46247884184122084,0.44612284302711486,0.4270405039191246,0.3955507427453995,0.3749706581234932,0.35264686942100526,0.32101781070232394,0.3047799155116081,0.27561855167150495,0.253490187227726,0.22277251705527307,0.19291772544384003,0.1790849857032299,0.14755653589963913,0.12820994928479196,0.10410132780671119,0.08396855294704438,0.05774196423590183,0.04317123033106327,0.0,0.053848335333168504,0.07250738069415093,0.09709849506616593,0.11955174878239631,0.15153381749987602,0.17409855946898461,0.2002648539841175,0.22838831171393395,0.2542231172323227,0.27908995449543,0.3076689139008522,0.33600386828184126,0.36123164743185043,0.3849306762218475,0.40777021199464797,0.4333560407161713,0.4614025756716728,0.48276381343603136,0.5038521140813828,0.5285681545734405,0.5538037538528442,0.5717310279607772,0.5930282592773437,0.6158820778131485,0.6315572440624238,0.6479341119527817,0.6658782005310059,0.6893193423748016,0.7059961318969726,0.7199942946434021,0.7376412808895111,0.756366440653801,0.7711959213018418,0.7871691137552261,0.8067360997200013,0.8232121706008911,0.8362936586141586,0.8531934142112731,0.8704478502273559,0.8848010867834091,0.8977789163589478,0.9089432805776596,0.9261219590902329,0.9365400105714798,0.9516874343156815,0.9638966858386994,0.9774837136268616,0.9878070026636123,0.9990104913711548,1.0138172686100007,1.024064654111862,1.0331598103046418,1.0444967865943908,1.0551547825336456,1.0680764138698577,1.0798187136650086,1.089301085472107,1.0975848853588104,1.1057945370674134,1.1162323176860809,1.1220378220081328,1.1304317116737366,1.1371724903583527,1.1459136962890626,1.1531640827655791,1.1615491390228272,1.168748563528061,1.174902081489563,1.1827387928962707,1.1868421852588653,1.1937740921974183,1.20042182803154,1.205726933479309,1.2104559659957885,1.2160281836986542,1.2219025909900665,1.2261483371257782,1.2285451292991638,1.234424614906311,1.2384461879730224,1.2428050935268402,1.2465554118156432,1.25148304104805,1.254279190301895,1.2583122074604034,1.2610789954662323,1.2637730836868286,1.2670786440372468,1.2700017392635345,1.27300506234169,1.2755595088005065,1.2788841545581817,1.2814269006252288,1.2840370774269103,1.2876721382141114,1.2894086003303529,1.2917919635772706,1.2942998170852662,1.2965107262134552,1.2979807078838348,1.3003506541252137,1.301988136768341,1.3039400577545166,1.3060240507125855,1.3071299076080323,1.3102038562297822,1.3108570218086242,1.3123497188091278,1.3127604365348815,1.316005039215088,1.3181673109531402,1.3182285010814667,1.3195997595787048,1.3203310310840606,1.3218896031379699,1.3234625995159148,1.3239962875843048,1.3257339239120483,1.3267768919467926,1.327687132358551,1.329094612598419,1.3299408495426177,1.330747765302658,1.3314716875553132,1.333167064189911,1.333691281080246,1.3352668464183808,1.3354334771633147,1.336421048641205,1.3376119017601014,1.3376735210418702,1.3386848032474519,1.339705127477646,1.3401412069797516,1.340946090221405,1.3419946014881134,1.342751920223236,1.3428379893302917,1.3444682657718658,1.3445732593536377,1.3458186626434325,1.3463113963603974,1.3460053265094758,1.3467504382133484,1.3480252623558044,1.3487857162952424,1.3496153712272645,1.3492901563644408,1.3494499027729034,1.350332099199295,1.3510790824890138,1.350881826877594,1.3514647901058197,1.3522925913333892,1.3532536983489991,1.3545724213123322
t_155,0.85732441842556,0.8443793088197709,0.84654720723629,0.8361861109733582,0.8282301247119903,0.8202905803918839,0.8028274416923523,0.7880177736282349,0.7699395686388015,0.7617388933897018,0.7466724812984467,0.7304113417863846,0.7253046244382858,0.7037204951047897,0.6939127326011658,0.670834282040596,0.6510089337825775,0.6268241733312607,0.6164198577404022,0.5926098167896271,0.5683948487043381,0.5576305449008941,0.5363288581371307,0.5104089558124543,0.4901255428791046,0.4743331879377365,0.45589183270931244,0.42511719912290574,0.4052781298756599,0.3834757715463638,0.3527972847223282,0.3369334638118744,0.3086679920554161,0.28668893575668336,0.2566926643252373,0.22716523781418801,0.21351493820548056,0.18197406381368636,0.1625542663037777,0.13755807057023048,0.11775539964437484,0.08845387026667595,0.06539108082652093,0.053848335333168504,0.0,0.048198034055531025,0.06601669117808343,0.08685345761477947,0.11676052995026112,0.13929142951965331,0.16567361429333688,0.1939927414059639,0.2199285537004471,0.24518880769610404,0.27400641292333605,0.3028467267751694,0.32865035682916643,0.3528460755944252,0.3762578696012497,0.4023585975170135,0.43101283609867097,0.45314157009124756,0.4747119084000587,0.5000670462846756,0.5258451610803604,0.5443980813026428,0.5664477258920669,0.5898833811283112,0.6060540288686752,0.6229445695877075,0.6415208131074905,0.6655543655157089,0.6828864067792892,0.6972410678863525,0.7154733538627625,0.7347579210996628,0.7501371055841446,0.7666531294584275,0.7867617428302764,0.8037645280361175,0.8172881424427032,0.8347372859716415,0.8525386959314346,0.867360645532608,0.8807725518941879,0.8922358632087708,0.9100038170814514,0.9207265228033066,0.9363726735115051,0.9489453732967377,0.9629932880401612,0.9735840022563934,0.9851962625980377,1.0004742562770843,1.0110237032175065,1.020375257730484,1.0320891320705414,1.0430830061435699,1.0563881695270538,1.0684697568416595,1.0782287120819092,1.0867747366428375,1.095233780145645,1.1060457408428193,1.1120255947113038,1.120646208524704,1.1276208996772765,1.13660688996315,1.1441031694412231,1.1527163505554199,1.1601847589015961,1.1665058493614198,1.1745749592781067,1.1788309574127198,1.1859664022922516,1.1927973091602326,1.1982780992984772,1.2031420171260834,1.2088709712028503,1.214921247959137,1.2193103373050689,1.2218288719654082,1.227855634689331,1.2320168495178223,1.236462414264679,1.2403344750404357,1.2454308867454529,1.248295146226883,1.2524398744106293,1.255298626422882,1.2580813109874724,1.2614996671676635,1.2644777595996857,1.2675699949264527,1.2702127158641816,1.2736352980136871,1.276260656118393,1.278927743434906,1.282671755552292,1.2844623386859895,1.2869055926799775,1.289492130279541,1.291754996776581,1.2932760119438171,1.2957270622253418,1.2974082231521606,1.299424058198929,1.301579576730728,1.3027302205562592,1.3058643579483031,1.3065693199634552,1.308110809326172,1.3085547268390656,1.3118533074855805,1.3140951991081238,1.314164388179779,1.3155491411685944,1.3163280725479125,1.3179131209850312,1.3195335924625398,1.3201026260852813,1.3218704104423522,1.3229339957237243,1.3238891005516051,1.3253352224826813,1.3261927843093873,1.327033931016922,1.3277745604515077,1.3295094907283782,1.33005148768425,1.3316634953022004,1.331838071346283,1.332849031686783,1.334060162305832,1.3341421961784363,1.3351650714874268,1.3362265050411224,1.3366529822349549,1.337478721141815,1.338558316230774,1.3393227100372314,1.3394265532493592,1.3410836040973664,1.3411925375461577,1.3424685299396515,1.342975562810898,1.342677468061447,1.3434386014938355,1.3447530925273896,1.345516449213028,1.3463776111602783,1.3460556387901306,1.3462110996246337,1.3471211791038513,1.3478945732116698,1.3477175533771515,1.348303645849228,1.3491746127605437,1.3501661539077758,1.3515107870101928
t_154,0.8675645917654038,0.8548497676849365,0.8570208489894867,0.8468320727348327,0.8390126645565033,0.8312051624059678,0.8140690058469773,0.7995084285736084,0.7817279875278473,0.7736630231142044,0.758878418803215,0.7429085701704026,0.7379041224718094,0.7167055100202561,0.707111832499504,0.6844483107328415,0.6649471640586853,0.6412337273359299,0.631038248538971,0.6076357781887054,0.5838657736778259,0.5733461827039719,0.5524447947740555,0.5269450724124909,0.5069705843925476,0.4914793729782104,0.4733603522181511,0.44318006485700606,0.4235374480485916,0.4022948741912842,0.3720196053385735,0.3564796715974808,0.32819524109363557,0.3068455681204796,0.2771587327122688,0.2480495810508728,0.2342914506793022,0.20333246737718583,0.18411909490823747,0.15881776586174964,0.13933156430721283,0.10983977280557156,0.08544879071414471,0.07250738069415093,0.048198034055531025,0.0,0.04984538070857525,0.07068768478929996,0.09925280548632145,0.1207092709839344,0.1461751714348793,0.17454833313822746,0.20025663450360298,0.22525850608944892,0.2546390309929848,0.2836819484829903,0.30978638082742693,0.3337873131036758,0.357254883646965,0.3842328652739525,0.4129246070981026,0.4352794915437698,0.45701742768287656,0.48281335532665254,0.5091811656951905,0.5278213620185852,0.5500509023666382,0.5740540325641632,0.590387898683548,0.6076429426670075,0.6265037447214127,0.6510100066661835,0.6683945924043655,0.6831338077783584,0.7017215430736542,0.721318906545639,0.7369911938905715,0.7538354367017746,0.7742954432964325,0.7915342807769775,0.805295678973198,0.822964346408844,0.8411783963441849,0.8561903595924377,0.8698515713214874,0.8816021084785461,0.8996000260114669,0.9105762511491775,0.9264493763446808,0.9393638640642166,0.9535293847322464,0.9644270032644272,0.9762618362903595,0.9916878670454026,1.0025199592113494,1.0120636641979217,1.023979413509369,1.03516286611557,1.0486535906791687,1.0609688997268676,1.0708352684974671,1.0796005845069885,1.088206309080124,1.0991670846939088,1.1052878856658936,1.1141084253787994,1.1212171375751496,1.1303987503051758,1.1379944264888764,1.146740484237671,1.154301518201828,1.1607921600341797,1.1689306020736694,1.1733475863933562,1.1805863678455353,1.1875471889972686,1.1931395828723907,1.1981294870376586,1.2039599537849426,1.2100751042366027,1.2145728170871735,1.2171597838401795,1.2232493102550506,1.2275219082832336,1.2320464611053468,1.2359761118888855,1.2410917937755586,1.2440363764762878,1.248264455795288,1.2511906027793884,1.2540552496910096,1.2575015902519227,1.2605560064315795,1.2637167096138,1.2663982212543488,1.2698602020740508,1.2725394070148468,1.2752644717693329,1.2790406107902528,1.280893188714981,1.2833602786064149,1.2859829425811768,1.2882828772068025,1.289838546514511,1.2923249781131745,1.2940403521060944,1.2960707187652587,1.2982734739780426,1.2994440197944641,1.30258452296257,1.3033587872982024,1.304911720752716,1.3054059386253356,1.3087085604667663,1.3109664618968964,1.311080312728882,1.3124941885471344,1.3132886052131654,1.3149044692516327,1.316559189558029,1.3171453952789307,1.3189351975917816,1.32000892162323,1.3209912359714509,1.3224674880504608,1.3233255326747895,1.3241878032684327,1.3249627888202666,1.3267189919948579,1.3272869825363158,1.328899610042572,1.3290947079658508,1.3301206827163696,1.3313425004482269,1.3314495444297791,1.332487541437149,1.333551812171936,1.3340152144432067,1.3348489582538605,1.3359516143798829,1.3367059767246245,1.3368638336658478,1.3385259091854096,1.3386398255825043,1.3399230420589447,1.3404436230659484,1.3401718437671661,1.3409483969211577,1.342258447408676,1.3430502116680145,1.3439140975475312,1.3436179876327514,1.3438007652759552,1.3447041094303132,1.345501309633255,1.3453479051589965,1.345961332321167,1.3468231976032257,1.347820270061493,1.34920836687088
t_153,0.8795275688171387,0.8670824468135834,0.8693052500486373,0.859332412481308,0.8516568273305893,0.844091671705246,0.8272753953933716,0.8130185157060623,0.7956093728542328,0.7877773880958557,0.7732956618070602,0.7576282232999801,0.7528266429901123,0.7321694433689118,0.7228695601224899,0.7007052212953567,0.6816554963588715,0.6585201859474182,0.6485529631376267,0.6258150666952134,0.6025983393192291,0.5923409670591354,0.5719726800918579,0.547135329246521,0.5276374071836472,0.5125753492116928,0.4949580907821655,0.4654100760817528,0.44626481235027315,0.425436407327652,0.3959911182522774,0.38064965009689333,0.35319267958402634,0.33208367228507996,0.30299063473939897,0.27411369532346724,0.26069670021533964,0.22984379008412362,0.21084121987223625,0.1857254110276699,0.16604067757725716,0.13629285097122193,0.11028078757226467,0.09709849506616593,0.06601669117808343,0.04984538070857525,0.0,0.05122285336256027,0.07470245361328125,0.0950552549213171,0.11989985145628453,0.14807716012001038,0.17402590587735176,0.19891184866428374,0.22862604409456252,0.25772124975919725,0.28418285995721815,0.30860624462366104,0.3325085401535034,0.35980151891708373,0.3890252336859703,0.41188274025917054,0.43390836119651793,0.46024656742811204,0.48707309514284136,0.50618467181921,0.5289231717586518,0.55341035425663,0.5701939433813095,0.5877973556518554,0.6071795850992203,0.6320974200963974,0.6500367730855942,0.6650648206472397,0.6841185182332993,0.704160937666893,0.7202222615480423,0.7374366968870163,0.7583455234766007,0.7760094344615937,0.7900920122861862,0.8081892430782318,0.8268327087163925,0.8422061622142791,0.8561874628067017,0.8682073414325714,0.8866320431232453,0.8978648126125336,0.914114460349083,0.9272878795862198,0.9418188631534576,0.9529499322175979,0.9650790363550186,0.9808611512184143,0.9919264614582062,1.001651108264923,1.0138632744550704,1.0252997010946274,1.0391126155853272,1.0516929924488068,1.061779934167862,1.070751279592514,1.079563695192337,1.0908062756061554,1.0970705568790435,1.1060786724090577,1.113370132446289,1.122760248184204,1.130531418323517,1.139454084634781,1.1472262740135193,1.1538537323474884,1.1621731281280518,1.1666999399662017,1.174109786748886,1.1812277793884278,1.1869506776332854,1.1920680105686188,1.198020601272583,1.2042636334896089,1.2088722109794616,1.2115563333034516,1.2177620947360992,1.2221585035324096,1.2267696738243103,1.230790090560913,1.236018604040146,1.2390457034111022,1.2433502733707429,1.2463668882846832,1.249299019575119,1.2528167843818665,1.2559296011924743,1.2591683268547058,1.2619146764278413,1.2654435753822326,1.2681850790977478,1.2709635674953461,1.2748142242431642,1.2767157793045043,1.279230523109436,1.2819061696529388,1.2842557847499847,1.285853099822998,1.2883939445018768,1.2901627182960511,1.2922388374805451,1.2944794774055481,1.2956895649433136,1.2988854587078094,1.2997034668922425,1.3012987971305847,1.301801896095276,1.3051726996898652,1.3074651539325715,1.3075835943222045,1.3090355098247528,1.309856355190277,1.3115123748779296,1.313196700811386,1.3138051986694337,1.3156149446964265,1.3167042434215546,1.3177271962165833,1.319229280948639,1.3201017737388612,1.3209804236888885,1.3217830240726471,1.3235775172710418,1.3241598784923554,1.3257891058921814,1.325997096300125,1.3270324885845184,1.3282918572425841,1.3283978939056396,1.329465925693512,1.3305448412895202,1.3310202717781068,1.3318614304065703,1.3329894244670868,1.3337643325328827,1.3339244604110718,1.335614377260208,1.3357344329357148,1.3370343267917633,1.3375831544399261,1.3373048067092896,1.3381049633026123,1.3394318044185638,1.3402383506298066,1.3411187469959258,1.340826803445816,1.341024363040924,1.3419320225715636,1.3427567183971405,1.3425996601581573,1.3432194352149964,1.3441108822822572,1.345119160413742,1.3465400040149689
t_152,0.8890609204769134,0.8768466591835022,0.8790945082902908,0.8693266808986664,0.8617841601371765,0.8544461756944657,0.8379556953907012,0.8239377796649933,0.8069021970033645,0.7992785036563873,0.7850568413734436,0.7697228997945785,0.7650866150856018,0.74489167034626,0.735886213183403,0.7141438335180282,0.6956043422222138,0.6728926539421082,0.6632007956504822,0.641049274802208,0.618421447277069,0.6082887679338456,0.5884690254926681,0.5642659097909928,0.5451181769371033,0.5303923636674881,0.5134081095457077,0.48440371751785277,0.4658148020505905,0.445308618247509,0.41646152585744856,0.40137862116098405,0.3747950866818428,0.353744700551033,0.32520409524440763,0.2968024551868439,0.2834751829504967,0.25297531560063363,0.2341170758008957,0.20968057066202164,0.1895849771797657,0.15958363339304923,0.1332663767039776,0.11955174878239631,0.08685345761477947,0.07068768478929996,0.05122285336256027,0.0,0.05325490701943636,0.07065816670656204,0.09584475010633468,0.12285930626094341,0.14953951463103293,0.1745786301791668,0.20396652370691298,0.233583864569664,0.2601275406777859,0.2850962832570076,0.30946621000766755,0.3367228537797928,0.3666223034262657,0.3896162882447243,0.41216130256652833,0.4388434365391731,0.46605099439620973,0.48568445146083833,0.5089447736740113,0.5336632132530212,0.5508685082197189,0.5687123268842698,0.5885287463665009,0.6139144480228425,0.6324311912059783,0.6476570427417755,0.6670768946409226,0.6875562399625779,0.7039737939834595,0.721559789776802,0.7429055720567703,0.7609819680452347,0.7754114508628845,0.7940043479204177,0.8129697442054749,0.8287267088890076,0.8429982155561447,0.8552030384540558,0.874154606461525,0.8855491667985916,0.902200174331665,0.9156173825263977,0.9305605947971344,0.9418028444051743,0.9542376458644867,0.9704877734184265,0.9817115038633346,0.9916050046682358,1.004104870557785,1.0157990217208863,1.0299160063266755,1.0427871882915496,1.053146892786026,1.0622547388076782,1.071275097131729,1.0828577816486358,1.0892660200595856,1.0984165787696838,1.1058702290058136,1.1154629170894623,1.1234123289585114,1.132570320367813,1.140557211637497,1.1472932755947114,1.1558111667633058,1.160415667295456,1.1680134654045105,1.175284641981125,1.1811447381973266,1.1863658726215363,1.1924326181411744,1.1988603472709656,1.2035504102706909,1.2063318729400634,1.2127061188220978,1.2171510636806488,1.22185937166214,1.225959873199463,1.2313847720623017,1.2344591319561005,1.2388296186923982,1.2419083774089814,1.2448964238166809,1.2485255897045135,1.251664686203003,1.254978609085083,1.2577877461910247,1.2613974571228028,1.2642116963863372,1.267050415277481,1.2709836125373841,1.2729058802127837,1.2754840314388276,1.278220570087433,1.28060644865036,1.282225239276886,1.2848584651947021,1.286643624305725,1.2887773275375367,1.2910596787929536,1.2923299849033356,1.295599639415741,1.2964033901691436,1.2980553090572358,1.2985749661922454,1.3020052552223205,1.3043774783611297,1.304478359222412,1.3059587061405182,1.3068157076835631,1.3084778428077697,1.3102002561092376,1.3108346104621886,1.3126707315444945,1.313777542114258,1.314823281764984,1.3163463771343231,1.3172569751739502,1.3181643724441527,1.3189694166183472,1.3207901179790498,1.321385681629181,1.3230464339256287,1.3232740998268127,1.3243320286273956,1.3256139755249023,1.3257213890552522,1.3268166542053224,1.3279306888580322,1.3284013450145722,1.3292483031749724,1.3303908050060271,1.3312015533447266,1.3313616394996644,1.3330775618553161,1.3332054913043976,1.3345207750797272,1.335082733631134,1.334814089536667,1.3356238543987273,1.3369910061359405,1.3378172159194945,1.3387149631977082,1.338420432806015,1.338621062040329,1.339550995826721,1.3403926074504853,1.3402469515800477,1.3408807158470153,1.341815447807312,1.3428344905376435,1.3442452132701874
t_151,0.9028417527675628,0.8909172773361206,0.8931810587644577,0.8836677849292756,0.8762855440378189,0.8691905975341797,0.8531245052814483,0.8394315361976623,0.8228465706110001,0.8154637455940247,0.8016090393066406,0.7866659611463547,0.7822470486164093,0.7626291871070862,0.7539008289575577,0.732764595746994,0.7147795587778092,0.6926962286233902,0.6832832306623459,0.6618580162525177,0.6398624539375305,0.6300489038228989,0.6108538717031479,0.5873828381299973,0.5687985241413116,0.5545729100704193,0.5380999416112899,0.5098957002162934,0.49186902344226835,0.4719514578580856,0.44392735958099366,0.42928575575351713,0.40322270542383193,0.3827351927757263,0.35485800057649614,0.32695156037807466,0.3137583717703819,0.2837733581662178,0.2651890143752098,0.2408536806702614,0.22110921293497085,0.1911823958158493,0.16463666930794715,0.15153381749987602,0.11676052995026112,0.09925280548632145,0.07470245361328125,0.05325490701943636,0.0,0.04646690059453249,0.0680837243795395,0.09290868267416955,0.1187459371984005,0.14337096512317657,0.17323095947504044,0.2026305876672268,0.22946815341711044,0.25470457673072816,0.2793469175696373,0.3072003170847893,0.33767002671957014,0.3612869918346405,0.3842458114027977,0.4115412250161171,0.4391705170273781,0.4593177527189255,0.48317416608333585,0.5085908055305481,0.5261144042015076,0.5444724440574646,0.5648607045412064,0.5909303575754166,0.609962421655655,0.6255688935518264,0.6456041991710663,0.6666080325841903,0.6835330158472062,0.7016858994960785,0.723582136631012,0.7421518862247467,0.7570315808057785,0.7760964632034302,0.7956612676382064,0.811850643157959,0.8265939176082611,0.8391200423240661,0.8585887789726258,0.8703350871801376,0.8874804079532623,0.9012700766324997,0.9166271150112152,0.9282299488782882,0.9410415112972259,0.9576998502016068,0.9692531138658523,0.979424062371254,0.9923545360565186,1.0043801099061966,1.01883165538311,1.0320943892002106,1.042706346511841,1.0520932972431183,1.0613606512546538,1.0733102023601533,1.0798983573913574,1.0892987906932832,1.0969807982444764,1.106833779811859,1.1150545835494996,1.12438462972641,1.132647067308426,1.1395460963249207,1.1482896983623505,1.153072440624237,1.1608685433864594,1.168313241004944,1.1743699789047242,1.17972132563591,1.185972672700882,1.192538172006607,1.1973989248275756,1.2002882003784179,1.2067846059799194,1.2114167273044587,1.216217440366745,1.2204247117042542,1.2259895205497742,1.229125314950943,1.2336337447166443,1.2368094444274902,1.239896535873413,1.243596798181534,1.2467986166477203,1.2502044081687926,1.2530816674232483,1.2567753791809082,1.2596749305725097,1.2625872015953064,1.2665879368782043,1.2685819089412689,1.2712004363536835,1.2740233600139619,1.2764612972736358,1.2781122148036956,1.2808172047138213,1.2826547801494599,1.2848335206508636,1.287188458442688,1.288503783941269,1.2918336927890777,1.292705774307251,1.2943728685379028,1.2949374437332153,1.2984326303005218,1.3008589267730712,1.3009608328342437,1.3024654507637023,1.303359830379486,1.3050437092781066,1.3068293750286102,1.3074837028980255,1.3093460202217102,1.3104574024677276,1.3115497350692749,1.313122296333313,1.314023780822754,1.3149633407592773,1.3157935678958892,1.3176510334014893,1.3182624757289887,1.3199350714683533,1.3201765298843384,1.321258729696274,1.3225671589374541,1.322692221403122,1.3237986385822296,1.324941372871399,1.3254148304462432,1.3262785851955414,1.3274430811405182,1.3282530188560486,1.3284332394599914,1.3301880955696106,1.330304253101349,1.3316331088542939,1.3322247743606568,1.3319618344306945,1.3327841639518738,1.3341825902462006,1.3350241541862489,1.3359345078468323,1.3356561958789825,1.335845810174942,1.3367928624153138,1.3376548528671264,1.3375176548957826,1.3381594598293305,1.3391265273094177,1.3401542246341704,1.3415819704532623
t_150,0.9118271410465241,0.900130370259285,0.9024113655090332,0.8930878430604935,0.885835149884224,0.8789320558309555,0.863172909617424,0.8497223198413849,0.8334707587957382,0.8262725085020065,0.8126866191625595,0.7980444520711899,0.79377081990242,0.7745995193719863,0.7661381959915161,0.7453924477100372,0.7278373062610626,0.7061983644962311,0.6970404058694839,0.6761307775974273,0.6546555548906327,0.6449989169836045,0.6263097524642944,0.6033824414014817,0.585167619585991,0.5712675482034684,0.5552894443273544,0.527651709318161,0.5100635439157486,0.4905333548784256,0.46312919557094573,0.4487240120768547,0.4233155459165573,0.40311208218336103,0.37574317008256913,0.34826869815587996,0.3352938637137413,0.30568160861730576,0.2873236894607544,0.2633535012602806,0.2436593644320965,0.2140142358839512,0.18763986527919768,0.17409855946898461,0.13929142951965331,0.1207092709839344,0.0950552549213171,0.07065816670656204,0.04646690059453249,0.0,0.050172147899866106,0.0710380107164383,0.09645032174885274,0.12060695737600327,0.14991301000118257,0.1794924333691597,0.2064945638179779,0.23178560882806779,0.25702166482806205,0.2849219262599945,0.3157947912812233,0.3395961165428162,0.36294213086366656,0.3906873017549515,0.41862706542015077,0.4391915753483772,0.4634705200791359,0.48923507481813433,0.507154443860054,0.5257837891578674,0.5465828806161881,0.5730954349040985,0.5926027148962021,0.608485871553421,0.6289355963468551,0.6503089874982834,0.6675906717777252,0.6861317127943038,0.7084486216306687,0.727400055527687,0.7426137089729309,0.7621082752943039,0.7820825010538102,0.7986090898513794,0.8136612743139267,0.8264139145612717,0.8463644921779633,0.8583251386880875,0.8758464545011521,0.8899130165576935,0.9056303292512894,0.9174387574195861,0.9305698543787002,0.9476007342338562,0.9593749284744263,0.9697209745645523,0.9829536467790604,0.9952341020107269,1.00997234582901,1.0235245645046234,1.0343611896038056,1.0439360082149505,1.0533895015716552,1.0656471073627471,1.0723689377307892,1.081939047574997,1.0897879421710968,1.099850070476532,1.1082320630550384,1.1177464187145234,1.1262100040912628,1.1332421123981475,1.1421499073505401,1.1470349490642548,1.1550008654594421,1.1625986754894257,1.1687884986400605,1.1742441356182098,1.1806050360202789,1.1873112916946411,1.1922715604305267,1.1952591419219971,1.2018748819828033,1.2065827786922454,1.211468666791916,1.215772843360901,1.2214627742767334,1.2246774673461913,1.2292509973049164,1.2324954748153687,1.235643857717514,1.2394334971904755,1.2426740288734437,1.2461610674858092,1.2491006195545196,1.2528645873069764,1.2558115899562836,1.2587877452373504,1.2628586053848267,1.2648901283740996,1.2675524652004242,1.2704471588134765,1.2729121208190919,1.2745997130870819,1.2773796439170837,1.2792432248592376,1.281483417749405,1.2838584363460541,1.285231101512909,1.2886244654655457,1.289504200220108,1.291220837831497,1.291803240776062,1.2953494369983674,1.2978298485279083,1.2979171097278595,1.299460381269455,1.3003800451755523,1.3020826518535613,1.3038947999477386,1.3045766294002532,1.3064657330513,1.3075781166553497,1.3087021291255951,1.31030632853508,1.3112367808818817,1.312193101644516,1.3130281388759613,1.314913010597229,1.3155476808547975,1.317234253883362,1.3174928545951843,1.3185980200767518,1.3199339985847474,1.3200582683086395,1.3211878001689912,1.3223518013954163,1.322825801372528,1.3237039625644684,1.3248872697353362,1.3257206976413727,1.3259089529514312,1.3276806116104125,1.3278103113174438,1.3291578471660614,1.3297617614269257,1.329497092962265,1.3303511559963226,1.3317671597003937,1.3326212525367738,1.3335573434829713,1.333279949426651,1.3334744334220887,1.3344315588474274,1.3353328466415406,1.3351929545402528,1.3358480095863343,1.3368448317050934,1.3378851175308228,1.3393182098865508
t_149,0.9218635499477387,0.9104075729846954,0.9127261281013489,0.9035979270935058,0.8964912325143815,0.8897772341966629,0.8743886888027191,0.861224427819252,0.8453282415866852,0.8383379697799682,0.8250497549772262,0.8107347995042801,0.8066113889217377,0.7879173189401627,0.7797166645526886,0.7594613283872604,0.742330139875412,0.7212317883968353,0.7122972995042801,0.6919808924198151,0.6710412263870239,0.6616389095783234,0.6434303343296051,0.6211086750030518,0.6032805055379867,0.58978071808815,0.574336114525795,0.5473266869783402,0.5301927089691162,0.511181366443634,0.4844444543123245,0.47038807421922685,0.44555634409189226,0.42574275881052015,0.39903642386198046,0.37210165411233903,0.35917497128248216,0.33017835915088656,0.3121655061841011,0.28859059065580367,0.26920623779296876,0.23959539458155632,0.21384652480483055,0.2002648539841175,0.16567361429333688,0.1461751714348793,0.11989985145628453,0.09584475010633468,0.0680837243795395,0.050172147899866106,0.0,0.05142245497554541,0.07405623756349086,0.0967491813004017,0.12467188164591789,0.15445299223065376,0.18125101178884506,0.20645956844091415,0.23185581043362619,0.2599745735526085,0.2910765171051025,0.3148703321814537,0.33855968415737153,0.36681343615055084,0.39516247510910035,0.41609769612550734,0.4407570153474808,0.46687725335359576,0.48517722487449644,0.5041368007659912,0.5253536343574524,0.5523689389228821,0.5723251521587371,0.5885251194238663,0.6093969613313674,0.6311960697174073,0.6488964587450028,0.6677710145711899,0.6906052559614182,0.7099568456411361,0.725546345114708,0.7454884678125382,0.7658605694770813,0.7827646285295486,0.7981311410665513,0.8111796677112579,0.8316019743680954,0.8438215613365173,0.8617427766323089,0.8761201500892639,0.8921936124563217,0.90425064265728,0.9176861256361007,0.9351039975881577,0.9471419394016266,0.9577259302139283,0.9712717801332473,0.9838346242904663,0.9988784193992615,1.012741294503212,1.0238500595092774,1.0336361825466156,1.0433152675628663,1.0558828949928283,1.0627825677394866,1.0725756645202638,1.0806196451187133,1.0909321784973145,1.0994917631149292,1.109230649471283,1.1178902328014373,1.125117802619934,1.13421031832695,1.1392365515232086,1.1473830103874207,1.1551694393157959,1.161505299806595,1.1671079635620116,1.1736074268817902,1.1804559528827667,1.1855441749095916,1.1886410295963288,1.1953906416893005,1.200207233428955,1.2052027583122253,1.209604948759079,1.2154311418533326,1.2187276899814605,1.223386812210083,1.2267377495765686,1.2299733221530915,1.2338571190834045,1.2371680200099946,1.2407436072826385,1.2437640845775604,1.2476042270660401,1.2506348431110381,1.2536708474159242,1.2578282952308655,1.259919488430023,1.2626422107219697,1.2655902743339538,1.2681038320064544,1.2698531568050384,1.2727021992206573,1.274596357345581,1.2768951892852782,1.279319268465042,1.2807423651218415,1.284193331003189,1.285114985704422,1.2868583977222443,1.287488430738449,1.291086632013321,1.2936037361621857,1.2937130510807038,1.2952980279922486,1.296255499124527,1.2979838311672212,1.2998382449150085,1.3005597233772277,1.302471500635147,1.3036027312278748,1.3047680497169494,1.306400442123413,1.3073670566082,1.3083522260189056,1.309215348958969,1.3111339211463928,1.3117832660675048,1.313495945930481,1.3137728214263915,1.3148978054523468,1.3162685215473175,1.3164148569107055,1.317567628622055,1.318755668401718,1.3192401766777038,1.320140290260315,1.321351373195648,1.3222139656543732,1.3224128007888794,1.324210560321808,1.3243554711341858,1.3257224142551423,1.3263502299785614,1.3260932385921478,1.3269813716411591,1.3284146308898925,1.329291957616806,1.3302456200122834,1.3299871563911438,1.3301926016807557,1.331162029504776,1.332083821296692,1.3319612205028535,1.3326380252838135,1.3336615562438965,1.3347237050533294,1.3361985862255097
t_148,0.9328161358833313,0.9216621071100235,0.9240258514881134,0.9151232868432999,0.9081610172986985,0.9016961991786957,0.8866353034973145,0.8737672001123429,0.8582459449768066,0.8514709293842315,0.8384889245033265,0.8245010286569595,0.820582988858223,0.8023963302373887,0.7945108205080033,0.7747154653072357,0.7580516070127488,0.7375092506408691,0.7288202941417694,0.709135764837265,0.6887661725282669,0.6796044528484344,0.6619414657354354,0.6402375370264053,0.6228600859642028,0.6097610205411911,0.5948597520589829,0.5685054779052734,0.5518809050321579,0.5333435386419296,0.5073773503303528,0.49361004680395126,0.4695795089006424,0.45006786584854125,0.42404636144638064,0.397559280693531,0.38503837734460833,0.35645387768745423,0.3388390883803368,0.31567957252264023,0.29650321155786513,0.2673618823289871,0.24175211936235427,0.22838831171393395,0.1939927414059639,0.17454833313822746,0.14807716012001038,0.12285930626094341,0.09290868267416955,0.0710380107164383,0.05142245497554541,0.0,0.052408707700669764,0.07172300815582275,0.09718985632061958,0.12618060037493706,0.15273888036608696,0.17788081392645835,0.20375317484140396,0.23157278448343277,0.26327580213546753,0.2873485699295998,0.31141971349716185,0.3399981141090393,0.3687130883336067,0.390143084526062,0.4153455063700676,0.44184467643499375,0.46061025708913805,0.47990813851356506,0.5016690731048584,0.5291681826114655,0.5497395843267441,0.5662437856197358,0.5875709891319275,0.6099002301692963,0.6280307471752167,0.6473808586597443,0.6707184314727783,0.6905605345964432,0.7065175712108612,0.7270373493432999,0.7478927224874496,0.7652462691068649,0.7809649676084518,0.7943541407585144,0.8152919441461564,0.8278117835521698,0.8461831837892533,0.860899904370308,0.8774317055940628,0.8897540897130967,0.9035602241754532,0.9214510530233383,0.9337472319602966,0.9445653110742569,0.9584896385669708,0.971368744969368,0.9867927551269531,1.0010064750909806,1.0123808324337005,1.0224337339401246,1.0323671281337738,1.0452800393104553,1.052388894557953,1.0624007821083068,1.070660412311554,1.081231266260147,1.0900126039981841,1.099988728761673,1.1089014768600465,1.1163060903549193,1.1256212949752809,1.130792683362961,1.1391546845436096,1.1471362233161926,1.1536366283893584,1.159398329257965,1.1660590171813965,1.173081135749817,1.1783120930194855,1.1815334618091584,1.188433188199997,1.19339217543602,1.1984884798526765,1.2030041933059692,1.2090039193630218,1.2123935043811798,1.2171501755714416,1.2205828547477722,1.2239203453063965,1.2279085099697113,1.2312860786914825,1.2349438309669494,1.238038569688797,1.2419839382171631,1.245097929239273,1.2482053935527802,1.2524704933166504,1.2546129882335664,1.2573939621448518,1.2604293406009675,1.2629930019378661,1.2647965967655181,1.2677367806434632,1.269662117958069,1.2720418095588684,1.2745315551757812,1.276000791788101,1.2795306742191315,1.2804905891418457,1.2822772562503815,1.282938140630722,1.2866038620471953,1.289190936088562,1.2892919480800629,1.290920716524124,1.2919334828853608,1.2936791718006133,1.2955838680267333,1.29634148478508,1.2982838690280913,1.2994322717189788,1.3006422460079192,1.3023075342178345,1.3033020913600921,1.3043052136898041,1.305197960138321,1.307159662246704,1.3078321993350983,1.3095715701580048,1.309872555732727,1.3110158443450928,1.3124305605888367,1.3125808656215667,1.313761430978775,1.3149651348590852,1.3154748857021332,1.316392582654953,1.3176325142383576,1.3185140430927276,1.31873762011528,1.3205655992031098,1.3207144021987915,1.3221205532550813,1.3227690517902375,1.322520810365677,1.3234196662902833,1.3249014616012573,1.3257998764514922,1.3267771661281587,1.326541042327881,1.3267471373081208,1.3277409970760345,1.3286900341510772,1.3285814106464386,1.3292925775051116,1.3303493440151215,1.3314341187477112,1.3329092860221863
t_147,0.9432146906852722,0.9323386728763581,0.9346953481435776,0.9259990990161896,0.9191945135593415,0.9129078358411788,0.8982035964727402,0.8856166869401931,0.8704320192337036,0.8638369411230087,0.8511660635471344,0.8374965935945511,0.8337219923734664,0.8159848660230636,0.8083434671163559,0.7889879524707795,0.7727600008249282,0.7527132660150528,0.7442339807748795,0.7250401020050049,0.7051627784967422,0.6962474882602692,0.6789997696876526,0.6577874422073364,0.6408156096935272,0.6280593007802964,0.6134987890720367,0.5877765983343124,0.5715310871601105,0.5535335689783096,0.5281060427427292,0.5146878510713577,0.49105089008808134,0.47200801968574524,0.44651222676038743,0.42059321850538256,0.40833729356527326,0.38030609786510466,0.3629623219370842,0.34002791345119476,0.32120456993579866,0.29253541827201845,0.26712556183338165,0.2542231172323227,0.2199285537004471,0.20025663450360298,0.17402590587735176,0.14953951463103293,0.1187459371984005,0.09645032174885274,0.07405623756349086,0.052408707700669764,0.0,0.052624061889946463,0.07420793920755386,0.10162596888840199,0.1280832514166832,0.15188895538449287,0.17733445018529892,0.20619046166539193,0.23724915832281113,0.26215417087078097,0.28607257306575773,0.3150744393467903,0.34428955167531966,0.3658224940299988,0.3915282368659973,0.4186720222234726,0.4375093564391136,0.45732893496751786,0.4795377478003502,0.507621505856514,0.5284121870994568,0.5453263729810714,0.5671800136566162,0.5899757653474808,0.6085605293512344,0.6284789770841599,0.6522531390190125,0.6724566608667374,0.6887882471084594,0.7096855700016022,0.7311046659946442,0.7488122403621673,0.7649508982896804,0.7786602318286896,0.8000191628932953,0.8128734797239303,0.8316418439149856,0.8467887878417969,0.8636129647493362,0.8762920707464218,0.89046670794487,0.9086369484663009,0.9213185787200928,0.9324184894561768,0.9466688126325608,0.9598564296960831,0.9755949556827546,0.9901661187410354,1.001718881726265,1.0121190398931503,1.022270604968071,1.0354599893093108,1.042743319272995,1.0530392110347748,1.0615257978439332,1.0723418712615966,1.0813246607780456,1.0915156304836273,1.100605320930481,1.1082386136054994,1.117689996957779,1.1230858147144318,1.1316095769405365,1.1397532105445862,1.1464471578598023,1.152354782819748,1.159155297279358,1.1663119554519654,1.171692317724228,1.1750158071517944,1.1820300817489624,1.1871383249759675,1.1923417806625367,1.1969472587108612,1.2030543982982635,1.2065322935581206,1.2114141404628753,1.2149237751960755,1.218388307094574,1.2224213242530824,1.2258920609951018,1.2296325087547302,1.2328022003173829,1.236838060617447,1.2400289952754975,1.2432103037834168,1.2475436270236968,1.2497643828392029,1.252601045370102,1.255716049671173,1.2583305716514588,1.2601794302463531,1.2631858885288239,1.26516695022583,1.2675958216190337,1.2701544880867004,1.2716850221157074,1.2752423226833343,1.2762711882591247,1.2780849754810333,1.2788122832775115,1.2825047731399537,1.2851365983486176,1.2852827250957488,1.2869351983070374,1.2879959344863892,1.2897755920886993,1.2917315185070037,1.292515939474106,1.294500744342804,1.2956681370735168,1.2969201505184174,1.2986124277114868,1.2996114075183869,1.3006560027599334,1.3015792191028595,1.3035794138908385,1.3042613387107849,1.306038773059845,1.3063676178455352,1.3075143814086914,1.3089481055736543,1.3091472446918488,1.310326063632965,1.3115744709968566,1.31210053563118,1.3130290746688842,1.3143078207969665,1.3151831805706025,1.3154386401176452,1.3172894299030304,1.317451113462448,1.3188801109790802,1.3195361077785492,1.319322407245636,1.3202300190925598,1.3217527985572814,1.3226515233516694,1.323647040128708,1.3234480440616607,1.3236611127853393,1.3246830999851227,1.3256609201431275,1.325578159093857,1.3262908220291139,1.3273896872997284,1.3285022020339965,1.330019772052765
t_146,0.9544200986623764,0.9437974840402603,0.9461379617452621,0.9376298785209656,0.9309785187244415,0.9248375654220581,0.9104610919952393,0.8981671512126923,0.883298248052597,0.8768462806940078,0.8644719362258911,0.8511106163263321,0.8474462538957596,0.8301404535770416,0.822694456577301,0.803787824511528,0.7878986090421677,0.7683285981416702,0.7600452840328217,0.7413212209939957,0.7218806177377701,0.7132323622703552,0.6963829666376113,0.6756389707326889,0.6590784728527069,0.6466365307569504,0.6323810964822769,0.6072558641433716,0.5913139581680298,0.5737971305847168,0.5488873153924942,0.5357785612344742,0.5124524086713791,0.4939046800136566,0.4688404679298401,0.4433834582567215,0.431318986415863,0.40378000885248183,0.3866810709238052,0.36390079408884046,0.3454283893108368,0.317070534825325,0.2917742386460304,0.27908995449543,0.24518880769610404,0.22525850608944892,0.19891184866428374,0.1745786301791668,0.14337096512317657,0.12060695737600327,0.0967491813004017,0.07172300815582275,0.052624061889946463,0.0,0.05809139180928469,0.07988115660846233,0.10456982627511024,0.12756364271044732,0.1522641472518444,0.18217362836003304,0.2131267562508583,0.23839993849396707,0.2620884984731674,0.2916492596268654,0.3214878380298615,0.3429437309503555,0.3689199030399323,0.3968895569443703,0.41593622118234636,0.4361791595816612,0.45882372707128527,0.4873659938573837,0.5083264485001564,0.5256977349519729,0.5481409668922425,0.5713478982448578,0.5903388202190399,0.6107545256614685,0.6349526613950729,0.6554826974868775,0.6722058981657029,0.6933411687612534,0.7154081612825394,0.7333743274211884,0.7498931229114533,0.7639875441789628,0.7856607079505921,0.7988813698291779,0.8180127054452896,0.833617502450943,0.8506280750036239,0.8637492805719376,0.8782713145017624,0.8966419368982315,0.9097196608781815,0.9211163699626923,0.9356565117835999,0.9491417706012726,0.9651727944612503,0.9800704538822174,0.9917628765106201,1.0025000989437103,1.012841534614563,1.026251596212387,1.0337149381637574,1.0442671418190002,1.0529796719551086,1.0640460312366486,1.0731945872306823,1.0835516571998596,1.0928012013435364,1.1006341695785522,1.1102127194404603,1.1158090233802795,1.1244750618934631,1.1327820420265198,1.1396546542644501,1.1457128882408143,1.1526605784893036,1.1599119186401368,1.1654590487480163,1.1688731968402863,1.17596133351326,1.1812146484851838,1.1865270853042602,1.191231369972229,1.1973712623119355,1.200943946838379,1.2059405028820038,1.209562933444977,1.2131282985210419,1.217207908630371,1.220767617225647,1.2246097445487976,1.2278380274772644,1.2319227695465087,1.2351890981197358,1.2384458839893342,1.2428201138973236,1.245147067308426,1.2480362236499787,1.2512018799781799,1.2538671314716339,1.2557850778102875,1.2588326573371886,1.2608655273914338,1.2633332312107086,1.2659628629684447,1.267516541481018,1.2710931718349456,1.2722092926502229,1.2740420639514922,1.2748192846775055,1.2785393238067626,1.281190860271454,1.28139528632164,1.2830752193927766,1.2841646909713744,1.2859870076179505,1.287965762615204,1.2887651026248932,1.2907922089099884,1.2919650554656983,1.2932475805282593,1.2949694037437438,1.2959571361541748,1.2970213770866394,1.2979970514774322,1.3000191628932953,1.3007298290729523,1.302515834569931,1.3028700709342957,1.304022526741028,1.305468338727951,1.3056980133056642,1.3068932235240935,1.3081454992294312,1.3087175488471985,1.3096532940864563,1.3109557926654816,1.3118137538433075,1.312130296230316,1.3139989495277404,1.3141490280628205,1.315619993209839,1.3162878096103667,1.3161049664020539,1.3170318126678466,1.318561416864395,1.3194926142692567,1.3205001592636108,1.3203367173671723,1.320573341846466,1.3215980172157287,1.3226130723953247,1.3225471198558807,1.3232885718345642,1.324391281604767,1.3255144357681274,1.3270816385746003
t_145,0.9642391085624695,0.9538831114768982,0.9562713205814362,0.947987186908722,0.9414801657199859,0.9355956852436066,0.9215700894594192,0.9095480799674988,0.8950844913721084,0.8888760805130005,0.8768017500638962,0.863780090212822,0.8602978855371475,0.8435213327407837,0.8363921910524368,0.8179658472537994,0.8026143848896027,0.7835742980241776,0.7755618125200272,0.7574875503778458,0.7386882096529007,0.730237290263176,0.7139663130044938,0.6939559131860733,0.6778491973876953,0.6658242076635361,0.6522069036960602,0.6277142405509949,0.6123957723379135,0.5952991604804992,0.5712122231721878,0.5584267497062683,0.5361298471689224,0.5177717983722687,0.4934808164834976,0.46861897110939027,0.4568597286939621,0.4298518061637878,0.41318747997283933,0.39111938774585725,0.3728346645832062,0.3449026957154274,0.32038731724023817,0.3076689139008522,0.27400641292333605,0.2546390309929848,0.22862604409456252,0.20396652370691298,0.17323095947504044,0.14991301000118257,0.12467188164591789,0.09718985632061958,0.07420793920755386,0.05809139180928469,0.0,0.056752135045826435,0.07815256901085377,0.09947702027857304,0.12474017329514027,0.15230666920542718,0.1831200860440731,0.20851122513413428,0.23293496444821357,0.26286370158195493,0.2922687143087387,0.31482514590024946,0.3415172591805458,0.3692865952849388,0.3891267791390419,0.4095797583460808,0.4328127667307854,0.46171852499246596,0.48364381641149523,0.5012323051691056,0.524065837264061,0.5477510869503022,0.5672354251146317,0.5881278544664383,0.6128712505102157,0.6339911907911301,0.6511790424585342,0.673090136051178,0.6954791337251663,0.7140283554792404,0.7309726387262344,0.7452353477478028,0.76773242354393,0.7811665296554565,0.8008465111255646,0.8167226612567902,0.8343686521053314,0.8475942492485047,0.8625492036342621,0.8816367238759995,0.8948943138122558,0.9065088927745819,0.9214608013629914,0.9352895140647888,0.9517536848783493,0.9670340836048126,0.9791607409715652,0.9900435388088227,1.0006961166858672,1.014618557691574,1.0222790777683257,1.0330008745193482,1.0419598639011383,1.0532954573631286,1.0627120852470398,1.0733806312084198,1.0829648971557617,1.0909561097621918,1.100826048851013,1.1065080046653748,1.1154309451580047,1.123961591720581,1.1310075283050538,1.1371934413909912,1.1442907869815826,1.1517950177192688,1.1574495017528534,1.16102215051651,1.1683410346508025,1.1736707925796508,1.1790826261043548,1.1839277803897859,1.1903639614582062,1.1940095126628876,1.1990857243537902,1.2028028547763825,1.2064502716064454,1.2106967091560363,1.2142839193344117,1.2182253837585448,1.2215433180332185,1.2257438361644746,1.2291164457798005,1.2324344038963317,1.2369522392749785,1.2392895877361298,1.2422467112541198,1.2455330193042755,1.2482399344444275,1.250202202796936,1.2533751606941224,1.2554271459579467,1.2579948484897614,1.260649025440216,1.2622921943664551,1.2659848928451538,1.2670854330062866,1.2689849376678466,1.2697819292545318,1.2735984683036805,1.2763368964195252,1.276507419347763,1.2782399296760558,1.279384297132492,1.2812328457832336,1.28326273560524,1.2841181218624116,1.2861694395542145,1.287370252609253,1.2887003540992736,1.2904681861400604,1.2915038585662841,1.2926055192947388,1.2935856699943542,1.2956708312034606,1.2963882863521576,1.2982080399990081,1.29859157204628,1.2997772455215455,1.3012648165225982,1.3014999866485595,1.302724450826645,1.3040258288383484,1.3045876502990723,1.3055526196956635,1.3068891763687134,1.3077964246273042,1.3081085324287414,1.310003674030304,1.310195791721344,1.3116750061511993,1.3123815774917602,1.3121949553489685,1.3131411671638489,1.3147151350975037,1.3156653761863708,1.3167127251625061,1.3165393412113189,1.3167664766311646,1.3178250014781951,1.3188601732254028,1.3188154876232148,1.3195564091205596,1.3207271099090576,1.321872639656067,1.323391890525818
t_144,0.9756355106830596,0.9655515283346177,0.9679525434970856,0.9598773896694184,0.9535153716802597,0.9478272914886474,0.9341263830661773,0.9223988682031632,0.9082898736000061,0.9022670209407806,0.8904916346073151,0.8777812540531158,0.8744690686464309,0.8581732749938965,0.851283460855484,0.8333368122577667,0.8183906853199006,0.799873661994934,0.7921130448579788,0.7745957285165787,0.7563116103410721,0.7481303066015244,0.732357656955719,0.7129111558198928,0.6972956508398056,0.6856451481580734,0.6724165976047516,0.648638191819191,0.6337327420711517,0.6171382665634155,0.5938080608844757,0.5813114821910859,0.5595654338598252,0.5417695045471191,0.5180805742740631,0.49376187920570375,0.4822890549898148,0.4558802768588066,0.43959706723690034,0.41795789897441865,0.3999840125441551,0.3726263016462326,0.34840899109840395,0.33600386828184126,0.3028467267751694,0.2836819484829903,0.25772124975919725,0.233583864569664,0.2026305876672268,0.1794924333691597,0.15445299223065376,0.12618060037493706,0.10162596888840199,0.07988115660846233,0.056752135045826435,0.0,0.058792574889957906,0.07548613995313644,0.09789494387805461,0.12486975714564323,0.15527450740337373,0.18055320307612419,0.204986834526062,0.23505533635616302,0.2647077143192291,0.2874639883637428,0.3144014194607735,0.3429063409566879,0.3629796147346497,0.38378269225358963,0.40759312361478806,0.43695599734783175,0.4593875676393509,0.4773358002305031,0.5007386639714241,0.5249234557151794,0.544863685965538,0.5662786811590195,0.591543173789978,0.6131910532712936,0.6307434678077698,0.6531143754720687,0.676166233420372,0.6951313108205796,0.7125570863485337,0.7272238880395889,0.7501613795757294,0.7640195250511169,0.7841611057519913,0.8004254043102265,0.8184942781925202,0.8321766078472137,0.8475279688835144,0.8670142471790314,0.8806368112564087,0.8925424337387085,0.9079776763916015,0.9221575140953064,0.9389971196651459,0.9546924948692321,0.9670312881469727,0.9782582014799118,0.9891623437404633,1.003437837958336,1.0113080114126205,1.022307625412941,1.0315035700798034,1.0431646943092345,1.052843189239502,1.0636856138706208,1.073533171415329,1.0817136824131013,1.091795665025711,1.0976599037647248,1.1067816317081451,1.1155028343200684,1.1227575719356537,1.1291156113147736,1.1363921284675598,1.1440290451049804,1.1498891115188599,1.1535565555095673,1.1610113084316254,1.1665434896945954,1.1720719158649444,1.1770255029201508,1.183580893278122,1.187334167957306,1.1925623893737793,1.196392434835434,1.2001680135726929,1.20447798371315,1.2081748068332672,1.2122163653373719,1.2156294584274292,1.2199015676975251,1.2233525514602661,1.226777619123459,1.2313717484474183,1.2338123381137849,1.2368209898471831,1.2401823818683624,1.2429741263389587,1.2449937641620636,1.2482357025146484,1.250365960597992,1.2529962360858917,1.2556985795497895,1.257387673854828,1.2611542761325836,1.2623348712921143,1.2642538130283356,1.2651010692119598,1.2689771592617034,1.271768856048584,1.2719696581363678,1.2737401306629181,1.274941635131836,1.2768226325511933,1.2788969993591308,1.2797925353050232,1.2818675756454467,1.283091551065445,1.2844748497009277,1.286292690038681,1.2873216986656189,1.2884457230567932,1.28948432803154,1.291599589586258,1.2923475801944733,1.2941978394985199,1.294606125354767,1.2958030581474305,1.297321265935898,1.2975951254367828,1.2988465666770934,1.3001311540603637,1.3007437646389008,1.3016963481903077,1.3031066358089447,1.3039993226528168,1.3043482422828674,1.306294023990631,1.3064566135406495,1.307988953590393,1.3087182998657227,1.3085418343544006,1.309500652551651,1.311114239692688,1.3120941042900085,1.313157844543457,1.3130009055137635,1.3132564306259156,1.314335000514984,1.3154098570346833,1.3153612196445466,1.3161404490470887,1.3173345088958741,1.318489235639572,1.3200674593448638
t_143,0.9846292942762375,0.9747971564531326,0.9772164344787597,0.969339519739151,0.9631169855594635,0.9576208412647247,0.9442642807960511,0.9327963083982468,0.9190518409013748,0.9132174372673034,0.9017294913530349,0.8893337547779083,0.8861593127250671,0.8703114449977875,0.8636844784021378,0.8461676836013794,0.8316549479961395,0.8136265069246292,0.8060770541429519,0.7891172260046005,0.7713627487421035,0.7633629381656647,0.7480628788471222,0.7291871905326843,0.713950052857399,0.7026475101709366,0.6899050503969193,0.6667007118463516,0.6522580713033677,0.6360994428396225,0.6134030908346176,0.6012205570936203,0.5801826894283295,0.5626971036195755,0.5396357566118241,0.5158614963293076,0.5046450048685074,0.4787990257143974,0.4629137381911278,0.44185847640037534,0.4241355672478676,0.3972168564796448,0.3735332295298576,0.36123164743185043,0.32865035682916643,0.30978638082742693,0.28418285995721815,0.2601275406777859,0.22946815341711044,0.2064945638179779,0.18125101178884506,0.15273888036608696,0.1280832514166832,0.10456982627511024,0.07815256901085377,0.058792574889957906,0.0,0.06083450932055712,0.07806253507733345,0.09793693870306015,0.13062409013509751,0.15439652577042579,0.17894050851464272,0.20828187763690947,0.23848455473780633,0.2616182863712311,0.2889092743396759,0.3173720732331276,0.3379461258649826,0.3588926449418068,0.38314089477062224,0.4128012642264366,0.4360285073518753,0.45410399734973905,0.47795721888542175,0.5026004701852799,0.5229557454586029,0.544768214225769,0.5705436706542969,0.5926908284425736,0.6106966972351074,0.6336531579494477,0.6570660263299942,0.6765704780817032,0.6943315118551254,0.7093024760484695,0.7328722715377808,0.7469929963350296,0.7676591038703918,0.7842560082674026,0.8028558671474457,0.8167320400476455,0.8324812084436417,0.8525569409132003,0.8664054542779922,0.8785876333713531,0.8944048047065735,0.9089309275150299,0.9261692494153977,0.9422380119562149,0.9549341827630997,0.9663611710071563,0.977568507194519,0.9922520130872726,1.0003410756587983,1.0115554988384248,1.0209922403097154,1.0329191029071807,1.0428325295448304,1.0539770305156708,1.0640969932079316,1.0724668323993682,1.0828109443187715,1.0888130009174346,1.0981696784496306,1.107095217704773,1.114512073993683,1.1210193812847138,1.128458034992218,1.1362975239753723,1.1422759115695953,1.1460880160331726,1.1537397146224975,1.1593709468841553,1.1650116503238679,1.170109897851944,1.1768762409687041,1.180715799331665,1.1860345005989075,1.189967304468155,1.193831604719162,1.1982722163200379,1.2020166277885438,1.206170678138733,1.20966095328331,1.2140405833721162,1.217588585615158,1.221093052625656,1.2257803082466125,1.2282742321491242,1.2313623189926148,1.2348057150840759,1.2376529932022096,1.239727544784546,1.2430663466453553,1.245236611366272,1.2479494214057922,1.2507128536701202,1.2524699449539185,1.256307351589203,1.257506102323532,1.2594857394695282,1.2603663802146912,1.2643220663070678,1.2671895444393158,1.2673745512962342,1.2691891312599182,1.2704449832439422,1.2723551988601685,1.274471288919449,1.2754113316535949,1.2775324285030365,1.2787681221961975,1.280199444293976,1.28205908536911,1.2831225872039795,1.2842922985553742,1.2853470265865325,1.2875088155269623,1.2882730960845947,1.2901495158672334,1.2905874073505401,1.291816771030426,1.2933669805526733,1.2936561942100524,1.2949363350868226,1.2962639212608338,1.2968743562698364,1.2978724360466003,1.2992932498455048,1.3002298712730407,1.3005930483341217,1.3025677680969239,1.3027518093585968,1.3043110609054565,1.3050672352313994,1.3049019873142242,1.3058840334415436,1.3075319528579712,1.3085387110710145,1.309649246931076,1.3094849586486816,1.309752732515335,1.3108558297157287,1.3119671046733856,1.311944830417633,1.3127368211746215,1.313985413312912,1.3151736080646514,1.316743928194046
t_142,0.9950419753789902,0.9854578286409378,0.9878428012132645,0.9801346272230148,0.9740545749664307,0.9686776787042618,0.9556542068719864,0.9444596648216248,0.9310053259134292,0.9252863258123398,0.9140802770853043,0.9019866615533829,0.898902815580368,0.8834199070930481,0.8769651859998703,0.8598712652921676,0.8456805109977722,0.8281018018722535,0.8207580238580704,0.804185077548027,0.7868185400962829,0.7790911078453064,0.7641486763954163,0.7456486046314239,0.7307291060686112,0.719729608297348,0.7072404056787491,0.6846219450235367,0.6704128950834274,0.6547867029905319,0.6324889183044433,0.6206458151340485,0.5997493356466294,0.5828370541334152,0.5602144956588745,0.5369230806827545,0.5259370118379593,0.5006477177143097,0.4850492626428604,0.46405880749225614,0.44688216000795367,0.4204294353723526,0.3968989610671997,0.3849306762218475,0.3528460755944252,0.3337873131036758,0.30860624462366104,0.2850962832570076,0.25470457673072816,0.23178560882806779,0.20645956844091415,0.17788081392645835,0.15188895538449287,0.12756364271044732,0.09947702027857304,0.07548613995313644,0.06083450932055712,0.0,0.05429276581853628,0.07738003060221672,0.10240297615528107,0.1281954437494278,0.15101571679115294,0.18223469704389572,0.2122736670076847,0.23472969383001327,0.2622405312955379,0.29198937118053436,0.31244551241397855,0.334081706404686,0.3587227940559387,0.3891059890389442,0.4119305655360222,0.4307294100522995,0.4552891567349434,0.48038439601659777,0.5012917503714561,0.5237900510430336,0.5500628799200058,0.5724372804164887,0.5908756524324417,0.6139855921268463,0.638336929678917,0.6580220490694046,0.676232373714447,0.6918380916118622,0.7155995756387711,0.7302466481924057,0.7513121455907822,0.7685433030128479,0.7872459530830384,0.8017861723899842,0.8179399371147156,0.8380898505449295,0.8525700360536576,0.8651010870933533,0.8812987536191941,0.8961630910634995,0.9137082278728486,0.9301530957221985,0.9429667830467224,0.9548918604850769,0.9663165122270584,0.9812044888734818,0.9895165175199508,1.0011270016431808,1.0108170121908189,1.0230591475963593,1.0331461548805236,1.0444605708122254,1.0547078192234038,1.063389676809311,1.073796707391739,1.0801361739635467,1.0896501898765565,1.0987650632858277,1.106413859128952,1.1131231307983398,1.1207417249679565,1.1286552548408508,1.1348617136478425,1.1387652575969696,1.1464733481407166,1.1523235857486724,1.1580943942070008,1.1632946610450745,1.1700514018535615,1.1740121603012086,1.1795239925384522,1.1835581183433532,1.1875722050666808,1.1920386791229247,1.1959213852882384,1.2001626253128053,1.2037259876728057,1.2081545531749724,1.2117945432662964,1.2153970718383789,1.2201175689697266,1.2227605342864991,1.2258913695812226,1.2294089317321777,1.2323051154613496,1.2344678342342377,1.237831610441208,1.2400784015655517,1.2428133547306062,1.2456863164901733,1.2474794447422028,1.251297616958618,1.25263751745224,1.2546244144439698,1.2555915653705596,1.2595316112041473,1.2624234139919281,1.2627264857292175,1.2645378530025482,1.2658405244350432,1.2678088307380677,1.2699632585048675,1.2709232807159423,1.273079913854599,1.274347859621048,1.2758127093315124,1.2777057945728303,1.2787587344646454,1.2799658060073853,1.2810847103595733,1.2832715690135956,1.2840770483016968,1.2859814703464507,1.2864343285560609,1.2876840353012085,1.2892488300800324,1.2896007239818572,1.2908869504928588,1.2922285437583922,1.2928997874259949,1.2939076602458954,1.2953654289245606,1.2962489664554595,1.2967122375965119,1.2987035274505616,1.298872947692871,1.3004678785800934,1.301224821805954,1.3011128902435303,1.302124172449112,1.3037657201290132,1.3048035264015199,1.305911022424698,1.3058263421058656,1.3061144530773163,1.3072191655635834,1.3083801805973052,1.3083854734897613,1.3091977536678314,1.310445600748062,1.3116546034812928,1.3132950901985168
t_141,1.005129611492157,0.9957727938890457,0.9981437355279923,0.9905976057052612,0.9846531510353088,0.9793930679559708,0.9666428506374359,0.9557003140449524,0.9424991339445115,0.9368917405605316,0.9259393095970154,0.9141094565391541,0.9111129879951477,0.8959837675094604,0.8896911114454269,0.8729568690061569,0.8590512335300445,0.8418816983699798,0.8346999853849411,0.8184815317392349,0.8014855325222016,0.7939893692731858,0.7793613731861114,0.7612342655658721,0.7466528743505478,0.7359059989452362,0.7236162573099136,0.7015350818634033,0.687562546133995,0.6723893970251084,0.6505353271961212,0.6389733016490936,0.6182980567216874,0.6018727988004684,0.5796773135662079,0.5568649590015411,0.5461138486862183,0.5213738739490509,0.5060571551322937,0.4853052318096161,0.46853275448083875,0.44256521165370943,0.4193379610776901,0.40777021199464797,0.3762578696012497,0.357254883646965,0.3325085401535034,0.30946621000766755,0.2793469175696373,0.25702166482806205,0.23185581043362619,0.20375317484140396,0.17733445018529892,0.1522641472518444,0.12474017329514027,0.09789494387805461,0.07806253507733345,0.05429276581853628,0.0,0.06279352270066738,0.08157204017043114,0.10684949979186058,0.12797367572784424,0.1585337243974209,0.18945644721388816,0.21094222590327263,0.23831965923309326,0.2691812217235565,0.28919645994901655,0.31139949411153794,0.33641724437475207,0.3672946125268936,0.389787819981575,0.4091850772500038,0.43428841829299925,0.4598329529166222,0.48111836016178133,0.5042670994997025,0.5308883637189865,0.5535296559333801,0.5722396790981292,0.5955381512641906,0.6206934124231338,0.6405453652143478,0.6592751681804657,0.6753078430891037,0.6993194490671157,0.7144163429737092,0.7358133941888809,0.7536092072725296,0.7724336385726929,0.7875526160001755,0.8040826767683029,0.8243287295103073,0.8393398761749268,0.8522014945745469,0.868733263015747,0.8839298397302627,0.9017776429653168,0.9186059772968292,0.9315408051013947,0.9439094722270965,0.9555359840393066,0.9706495195627213,0.9791493237018585,0.991099762916565,1.0010453820228578,1.0135236471891402,1.0238217055797576,1.0353221237659453,1.0456930696964264,1.0546656966209411,1.065168958902359,1.071786677837372,1.0814492583274842,1.0907374560832976,1.0986105680465699,1.105492490530014,1.1132548034191132,1.1212840616703033,1.1276815235614777,1.1316678702831269,1.139473980665207,1.145537370443344,1.1514093220233916,1.1567217528820037,1.1635171055793763,1.1675751984119416,1.173254668712616,1.17739280462265,1.1815579235553741,1.186063539981842,1.1900608539581299,1.1943895399570466,1.1980231404304504,1.2025164365768433,1.206260186433792,1.2099547863006592,1.214714515209198,1.217471843957901,1.220670861005783,1.2242518544197083,1.2272261440753938,1.2294512331485747,1.2328584909439086,1.2351871073246001,1.2379444003105164,1.2409122824668883,1.2427315056324004,1.2465513467788696,1.2480196475982666,1.2499980628490448,1.2510559380054473,1.2549968779087066,1.2579243719577788,1.25830335021019,1.2601316392421722,1.261486977338791,1.2634981215000152,1.2656923532485962,1.266667640209198,1.268870973587036,1.2701740562915802,1.2716652631759644,1.2736025035381318,1.2746242880821228,1.2758638918399812,1.2770524084568025,1.2792706727981566,1.2800988674163818,1.2820403337478639,1.28251314163208,1.2837694346904756,1.2853526532649995,1.285757565498352,1.2870479941368103,1.2884148240089417,1.2891258478164673,1.290156251192093,1.2916472733020783,1.2925059616565704,1.2930411040782928,1.2950493037700652,1.2952209651470183,1.296851134300232,1.297612738609314,1.297562938928604,1.2985604643821715,1.3002494335174561,1.3013054490089417,1.3024032950401305,1.302396434545517,1.3026870429515838,1.303814858198166,1.305026388168335,1.305055207014084,1.305883812904358,1.3071440994739532,1.3083676874637604,1.3100848615169525
t_140,1.0114201366901399,1.0023103892803191,1.004750621318817,0.9974155902862549,0.9916020214557648,0.98661288022995,0.974181741476059,0.9634767591953277,0.950671374797821,0.9453211009502411,0.9346300810575485,0.923103642463684,0.9203082323074341,0.9057033091783524,0.899751016497612,0.8834768980741501,0.8701184779405594,0.8534668296575546,0.8465290009975434,0.8310089886188508,0.8146450310945511,0.8072924703359604,0.7932440906763076,0.7758382707834244,0.7616995364427567,0.7513501435518265,0.7397816449403762,0.7182542711496354,0.7049841254949569,0.6901636958122254,0.6691944122314453,0.6579158812761307,0.6384954363107681,0.6221596419811248,0.6007869273424149,0.5785845756530762,0.5681647688150406,0.5439548820257187,0.5291915535926819,0.5093962982296943,0.4927304804325104,0.46732425689697266,0.44500685930252076,0.4333560407161713,0.4023585975170135,0.3842328652739525,0.35980151891708373,0.3367228537797928,0.3072003170847893,0.2849219262599945,0.2599745735526085,0.23157278448343277,0.20619046166539193,0.18217362836003304,0.15230666920542718,0.12486975714564323,0.09793693870306015,0.07738003060221672,0.06279352270066738,0.0,0.0630810771137476,0.07966379560530186,0.10179139710962773,0.129340061545372,0.15886518582701684,0.18224865570664406,0.21034147962927818,0.23927199095487595,0.2609511911869049,0.2825973704457283,0.3080301105976105,0.33884151130914686,0.36351955533027647,0.3824442684650421,0.40768231749534606,0.43365220725536346,0.4553739860653877,0.4786242306232452,0.5059049397706985,0.529330039024353,0.548638579249382,0.5730784863233567,0.5980164468288421,0.6188217639923096,0.6377901524305344,0.6538703680038452,0.6790334045886993,0.6941573679447174,0.7162846744060516,0.7340795636177063,0.7539795249700546,0.7688359409570694,0.7858186364173889,0.8072614401578904,0.8221657037734985,0.8352001398801804,0.8522059202194214,0.867774698138237,0.8862178206443787,0.903408658504486,0.916981652379036,0.9293027997016907,0.9413501590490341,0.9571480810642242,0.9659176290035247,0.9779179096221924,0.9881124198436737,1.0009121417999267,1.0115209698677063,1.0234363436698914,1.0343133866786958,1.0433376371860503,1.05433788895607,1.0609336137771606,1.07094464302063,1.0804846584796906,1.088510525226593,1.0955163061618804,1.1034815430641174,1.111868566274643,1.118319135904312,1.1225419998168946,1.1306634545326233,1.1367325365543366,1.1427520036697387,1.148242712020874,1.1554917514324188,1.1596552550792694,1.1653509080410003,1.1695926904678344,1.1737985491752625,1.1785577893257142,1.1825630784034729,1.187026607990265,1.1907936871051787,1.1954480707645416,1.1993120789527894,1.203067797422409,1.208030140399933,1.2107625007629395,1.2140627920627594,1.2177804291248322,1.2208030104637146,1.2230845749378205,1.2266550660133362,1.2290025174617767,1.231915158033371,1.2348775625228883,1.2368200242519378,1.2408448696136474,1.2422016143798829,1.2443317651748658,1.2453502357006072,1.2494811415672302,1.2525339424610138,1.2527977645397186,1.2547226190567016,1.2561473727226258,1.2581537961959839,1.260405272245407,1.261467707157135,1.2637151241302491,1.2650405704975127,1.2666029036045074,1.2685831606388092,1.2697184264659882,1.2709911584854126,1.2721603512763977,1.2744560718536377,1.275293731689453,1.2772886395454406,1.277785497903824,1.2791128039360047,1.2807614505290985,1.2811404585838317,1.2824762344360352,1.2839037120342254,1.2845901012420655,1.2856715500354767,1.2871792495250702,1.288153624534607,1.2886170566082,1.2906665325164794,1.290913361310959,1.2925515711307525,1.2933666706085205,1.2932739794254302,1.2943341493606568,1.296079045534134,1.2971458971500396,1.2983291506767274,1.2982454419136047,1.2985508680343627,1.299714595079422,1.3009429037570954,1.3010039627552032,1.3018555343151093,1.3032017827033997,1.3044745683670045,1.3060683965682984
t_139,1.0238671839237212,1.0150466740131379,1.0174653649330139,1.0103270769119264,1.0046778261661529,0.9998283475637436,0.9877510577440262,0.9773443967103959,0.9648565828800202,0.959658145904541,0.9492914527654648,0.9381011515855789,0.9354017972946167,0.9212288349866867,0.9154772490262986,0.8996550530195236,0.8866536349058152,0.8705116778612136,0.8637910157442092,0.8486891716718674,0.8327890425920487,0.8257194876670837,0.812062007188797,0.7950930595397949,0.781361672282219,0.771339014172554,0.7600273251533508,0.7391646444797516,0.7261839836835862,0.7119217902421952,0.6914725512266159,0.680528637766838,0.6614032834768295,0.6456436216831207,0.6247875660657882,0.6031858533620834,0.5930613666772843,0.5695040971040726,0.5550638645887375,0.5355006903409958,0.5193965554237365,0.49456729739904404,0.4726146787405014,0.4614025756716728,0.43101283609867097,0.4129246070981026,0.3890252336859703,0.3666223034262657,0.33767002671957014,0.3157947912812233,0.2910765171051025,0.26327580213546753,0.23724915832281113,0.2131267562508583,0.1831200860440731,0.15527450740337373,0.13062409013509751,0.10240297615528107,0.08157204017043114,0.0630810771137476,0.0,0.05867801457643509,0.07017945908010007,0.10008277595043183,0.1271089605987072,0.14966159909963608,0.17808824703097342,0.20835372060537338,0.22947644889354707,0.25206041634082793,0.2780780792236328,0.30919558703899386,0.3333582416176796,0.35321667790412903,0.3792866438627243,0.4056770533323288,0.42806617319583895,0.45227752923965453,0.4799360692501068,0.5036572694778443,0.5234169661998749,0.5481105536222458,0.5741634547710419,0.5952029407024384,0.6148543298244477,0.6315735667943955,0.6570610105991364,0.6728503257036209,0.6954248875379563,0.7140334904193878,0.7340745627880096,0.7497382581233978,0.7672893911600113,0.7888117522001267,0.804491525888443,0.8179976344108582,0.8354305297136306,0.8514229267835617,0.8702839434146881,0.8879536092281342,0.9016893535852433,0.9146198332309723,0.9269462764263153,0.943003487586975,0.9520246058702468,0.9644862234592437,0.9750445187091827,0.988201767206192,0.9990576148033142,1.011211907863617,1.0222453236579896,1.0316524147987365,1.042746716737747,1.0497452080249787,1.0599205672740937,1.0697198152542113,1.0780117571353913,1.085259848833084,1.0934209167957305,1.101933866739273,1.1086508750915527,1.1129842698574066,1.1212239265441895,1.1275550782680512,1.1337195694446565,1.1393561780452728,1.1466216802597047,1.1509293854236602,1.1568475544452668,1.1612302601337432,1.1656420469284057,1.1704308807849884,1.1746035516262054,1.1791821479797364,1.183045321702957,1.1877681910991669,1.1917599439620972,1.1956332266330718,1.2006543040275575,1.2035466313362122,1.2069325029850007,1.2107218682765961,1.213850450515747,1.2162168204784394,1.219833391904831,1.2222936153411865,1.2252259075641632,1.2283273756504058,1.2303061842918397,1.2343363046646119,1.2358452379703522,1.2379888653755189,1.2391131937503814,1.2432552874088287,1.2463257431983947,1.2467317402362823,1.2486781537532807,1.2501605868339538,1.2522296547889709,1.254539954662323,1.255637788772583,1.2579326152801513,1.259286892414093,1.2609058916568756,1.2629440128803253,1.2640570402145386,1.2653796434402467,1.2666197896003724,1.2689446210861206,1.2698252856731416,1.2718534350395203,1.272392874956131,1.2737196147441865,1.2754074692726136,1.2758509993553162,1.2771910965442657,1.2786397278308868,1.2794058799743653,1.280490517616272,1.282058185338974,1.2829891562461853,1.283572506904602,1.285627442598343,1.2858619809150695,1.2875533998012543,1.2883897364139556,1.2883786320686341,1.2894426107406616,1.2912011325359345,1.292317008972168,1.2934889793395996,1.2935014843940735,1.2938362538814545,1.2950145542621612,1.2963043749332428,1.296385371685028,1.2972724854946136,1.2986365497112273,1.2999365866184234,1.3016454577445984
t_138,1.0302860021591187,1.021649020910263,1.0240740597248077,1.0170935988426208,1.0115638315677642,1.0068595290184021,0.9950996398925781,0.9848969936370849,0.9727374851703644,0.9677126199007035,0.9575828671455383,0.9466753453016281,0.9440894156694413,0.9303009063005447,0.9247826546430588,0.9093796640634537,0.8967646598815918,0.8810598343610764,0.8745639204978943,0.8599522918462753,0.8445467680692673,0.8376374214887619,0.824420627951622,0.8079834610223771,0.7945526897907257,0.7848402827978134,0.7740454137325287,0.7537061661481858,0.7411540776491166,0.727268648147583,0.7074255406856537,0.6967542827129364,0.6782699942588806,0.6628412157297134,0.6425809562206268,0.6215305626392365,0.6114823132753372,0.5885856032371521,0.5745417535305023,0.5556215882301331,0.5396982550621032,0.5152932450175285,0.49401639848947526,0.48276381343603136,0.45314157009124756,0.4352794915437698,0.41188274025917054,0.3896162882447243,0.3612869918346405,0.3395961165428162,0.3148703321814537,0.2873485699295998,0.26215417087078097,0.23839993849396707,0.20851122513413428,0.18055320307612419,0.15439652577042579,0.1281954437494278,0.10684949979186058,0.07966379560530186,0.05867801457643509,0.0,0.056640852242708206,0.08025050275027752,0.1041676677763462,0.12656674459576606,0.1537852704524994,0.18236884847283363,0.2049637459218502,0.22679979875683784,0.2528870478272438,0.2846201419830322,0.30972186625003817,0.32968404293060305,0.3558918535709381,0.3825981929898262,0.40521166771650313,0.42952950298786163,0.4579347759485245,0.4823003768920898,0.5025675535202027,0.5279752612113953,0.5541686862707138,0.5757903605699539,0.5957039207220077,0.6125934451818467,0.6389284312725068,0.6548795223236084,0.6780361652374267,0.6968286842107773,0.717522993683815,0.733333733677864,0.7512222826480865,0.7735310107469558,0.7893238723278045,0.8030525922775269,0.820944020152092,0.8372858852148056,0.8565209567546844,0.8746043473482132,0.8888250857591629,0.9018350064754486,0.9144727736711502,0.9310221076011658,0.9402993679046631,0.9529210507869721,0.9637107014656067,0.9771908223628998,0.9882584542036057,1.0007222086191176,1.0120913684368134,1.0216638684272765,1.033089929819107,1.04015172123909,1.0506221950054169,1.0606794476509094,1.0690986037254333,1.076523107290268,1.0848597705364227,1.0936312556266785,1.1004438757896424,1.104946368932724,1.1134194433689117,1.119812250137329,1.126124781370163,1.1318991303443908,1.1394263684749604,1.143855220079422,1.149846190214157,1.1543315052986145,1.158838152885437,1.1637921690940858,1.1680183231830596,1.1727274894714355,1.176691085100174,1.18152859210968,1.185623723268509,1.189597588777542,1.194752150774002,1.1976768493652343,1.20113725066185,1.2050316095352174,1.2082036495208741,1.2106445729732513,1.2143819153308868,1.216854178905487,1.2199297606945039,1.2230282187461854,1.2250965356826782,1.2292601704597472,1.2307477056980134,1.2329871773719787,1.2341224551200867,1.2383791625499725,1.241538053750992,1.2418948829174041,1.2439401209354402,1.2454599380493163,1.2475616812705994,1.2499157428741454,1.2510790824890137,1.2533931016921998,1.2547797977924346,1.2564403891563416,1.2585344672203065,1.2597168207168579,1.2610743403434754,1.2623280882835388,1.264686393737793,1.265594518184662,1.2676467061042787,1.268233335018158,1.2696032047271728,1.2713446080684663,1.2717754125595093,1.273176795244217,1.2746444344520569,1.275426483154297,1.2765413284301759,1.278122115135193,1.2791466653347014,1.279707658290863,1.2817960143089295,1.2820680737495422,1.2837991178035737,1.28467755317688,1.2846530199050903,1.2857734501361846,1.287567287683487,1.28870729804039,1.2899245858192443,1.2899330854415894,1.2903010904788972,1.2915094912052154,1.2928124964237213,1.2929245114326477,1.2938574492931365,1.295265108346939,1.2965799212455749,1.2982627213001252
t_137,1.0400503695011138,1.0316479682922364,1.0340527892112732,1.0272271037101746,1.0218269526958466,1.0172326624393464,1.0057237505912782,0.9957612127065658,0.9838434368371963,0.9789258271455765,0.9690372705459595,0.9583786368370056,0.9558627128601074,0.9423970967531204,0.9370379537343979,0.9219668686389924,0.9096017569303513,0.8942698895931244,0.8879084855318069,0.8736124038696289,0.8585183680057525,0.8518188565969467,0.8388628304004669,0.822740563750267,0.8096195429563522,0.8001211136579514,0.7894795924425125,0.7696106165647507,0.7572425156831741,0.7437400251626969,0.7242782205343247,0.713829392194748,0.6956096529960633,0.6805721044540405,0.6606896609067917,0.6400199949741363,0.6302957773208618,0.6078161656856537,0.5940013587474823,0.5752916783094406,0.5597719043493271,0.5358488500118256,0.5147784531116486,0.5038521140813828,0.4747119084000587,0.45701742768287656,0.43390836119651793,0.41216130256652833,0.3842458114027977,0.36294213086366656,0.33855968415737153,0.31141971349716185,0.28607257306575773,0.2620884984731674,0.23293496444821357,0.204986834526062,0.17894050851464272,0.15101571679115294,0.12797367572784424,0.10179139710962773,0.07017945908010007,0.056640852242708206,0.0,0.061331767588853836,0.08167182616889476,0.10148459598422051,0.1292117152363062,0.15921830981969834,0.1804340660572052,0.20290984809398652,0.22971891164779662,0.26097410544753075,0.28584065586328505,0.30611199140548706,0.3330334335565567,0.3602517947554588,0.3834479942917824,0.40834130346775055,0.43701835721731186,0.4615506500005722,0.48203170746564866,0.5075819253921509,0.5347560584545136,0.5565559893846512,0.5769369661808014,0.594471400976181,0.6209297180175781,0.6374276489019394,0.6609333455562592,0.6804204285144806,0.7012421309947967,0.7176613658666611,0.7360165119171143,0.7583911687135696,0.7748329669237137,0.7889012098312378,0.8071081787347794,0.82381671667099,0.843434351682663,0.861905887722969,0.8761722028255463,0.8897560775279999,0.9026187181472778,0.9193495988845826,0.9288437187671661,0.9418667167425155,0.9529558181762695,0.9667079418897628,0.9779877305030823,0.9906636118888855,1.0021542966365815,1.0120385795831681,1.0235424935817719,1.030933541059494,1.0415426015853881,1.051805305480957,1.0604670882225036,1.0681016087532043,1.076595711708069,1.0854793250560761,1.0925110816955566,1.0971164226531982,1.1056673347949981,1.1122820258140564,1.1187182426452638,1.1246125042438506,1.1321503937244415,1.1367032706737519,1.142881953716278,1.1474650979042054,1.1521317481994628,1.1571170508861541,1.1614910244941712,1.1662949979305268,1.1703432261943818,1.1752232015132904,1.1794228732585907,1.183490550518036,1.1886712551116942,1.1917406499385834,1.195267426967621,1.1992228209972382,1.2024632811546325,1.2049675941467286,1.2087360799312592,1.2112951874732971,1.214379644393921,1.2176011383533478,1.2197007954120636,1.2238409996032715,1.2254716992378234,1.2277204990386963,1.228950697183609,1.2331986784934998,1.2363814473152162,1.2368650138378143,1.2388969361782074,1.2404664278030395,1.2426243245601654,1.245025384426117,1.2462089657783508,1.2485733449459075,1.2499888777732848,1.2516940593719483,1.2538265764713288,1.2549828827381133,1.2563730299472808,1.2577134668827057,1.260108506679535,1.2610414445400238,1.2631390810012817,1.2637392461299897,1.2651099920272828,1.2668660283088684,1.2673583388328553,1.2687746167182923,1.2702633321285248,1.271097856760025,1.2722298800945282,1.2738614618778228,1.2748229265213014,1.2754818558692933,1.2775953769683839,1.277840906381607,1.2796137273311614,1.2804896175861358,1.2805285274982452,1.2816543281078339,1.2834625363349914,1.2846250057220459,1.2858448445796966,1.28592449426651,1.2863101720809937,1.2875288128852844,1.2888847947120667,1.2890286684036254,1.2899837732315063,1.2913929581642152,1.292747139930725,1.2945306062698365
t_136,1.0493449985980987,1.0411814451217651,1.0435884058475495,1.0369487941265105,1.0316812574863434,1.0272618055343627,1.0160694479942323,1.0063692688941956,0.9947744846343994,0.990024620294571,0.9804049372673035,0.9700461208820343,0.9676565885543823,0.9546019852161407,0.9494626998901368,0.9348006904125213,0.9228172123432159,0.9079419791698455,0.9017693877220154,0.8879567056894302,0.8733213394880295,0.8668178021907806,0.8542610198259354,0.8386329472064972,0.8258621484041214,0.816672894358635,0.8064391434192657,0.7870940029621124,0.7751358866691589,0.7620410203933716,0.743145877122879,0.7330136090517044,0.71540687084198,0.7007090240716934,0.6813980370759964,0.6612696647644043,0.6518128931522369,0.6298810601234436,0.6164857268333435,0.5982975691556931,0.5831020832061767,0.5597331166267395,0.5392363548278809,0.5285681545734405,0.5000670462846756,0.48281335532665254,0.46024656742811204,0.4388434365391731,0.4115412250161171,0.3906873017549515,0.36681343615055084,0.3399981141090393,0.3150744393467903,0.2916492596268654,0.26286370158195493,0.23505533635616302,0.20828187763690947,0.18223469704389572,0.1585337243974209,0.129340061545372,0.10008277595043183,0.08025050275027752,0.061331767588853836,0.0,0.06463070102035999,0.07858272194862366,0.10266567990183831,0.13162319660186766,0.1527363084256649,0.17430685013532637,0.2012023389339447,0.2324425384402275,0.25802686512470246,0.2782506361603737,0.3055314406752586,0.33311472535133363,0.3566384673118591,0.38191362023353576,0.411060605943203,0.4361017018556595,0.4571072518825531,0.4833241358399391,0.5108047544956207,0.5332402199506759,0.5540355950593948,0.5719471782445907,0.5991185218095779,0.6159532338380813,0.6400222033262253,0.6599446356296539,0.6813774466514587,0.6980717986822128,0.7168740838766098,0.7399016410112381,0.7566684365272522,0.7710893839597702,0.7897602498531342,0.8068498194217681,0.8269748210906982,0.8458739936351776,0.8605323374271393,0.8744441270828247,0.8876356214284897,0.9048254221677781,0.9146153926849365,0.927922722697258,0.9393190890550613,0.9533975094556808,0.9649649441242218,0.9779852032661438,0.989795196056366,0.9999260783195496,1.0117226213216781,1.0193238258361816,1.0302141904830933,1.040732169151306,1.049615204334259,1.0574417233467102,1.0661308288574218,1.075275719165802,1.0824798345565796,1.0872623383998872,1.096045309305191,1.1027976036071778,1.109386134147644,1.1154538810253143,1.123238104581833,1.1278971254825592,1.1342369794845581,1.1389300048351287,1.143738681077957,1.1488677144050599,1.15333890914917,1.1582610726356506,1.1624169111251832,1.1674413919448852,1.1717734158039093,1.1759445786476135,1.1812556207180023,1.184398090839386,1.1880178928375245,1.192080456018448,1.1953879773616791,1.1979653120040894,1.2018495619297027,1.2044742286205292,1.2076598107814789,1.2109527945518495,1.2131451427936555,1.2173886954784394,1.2190484046936034,1.221375960111618,1.2226698875427247,1.2269951343536376,1.2302704930305481,1.230757963657379,1.2328499794006347,1.2344976007938384,1.2366913080215454,1.2391591668128967,1.2403973460197448,1.2428062558174133,1.2442573070526124,1.2460215270519257,1.2482173264026641,1.2494212687015533,1.250847625732422,1.2522219836711883,1.2546725392341613,1.25562784075737,1.2577734470367432,1.2584294259548188,1.2598298966884613,1.261648690700531,1.2621710181236268,1.263620263338089,1.2651636004447937,1.2660193979740142,1.2671852707862854,1.2688528418540954,1.2698608458042144,1.2705339252948762,1.2726796507835387,1.2729608058929442,1.2747781097888946,1.275680524110794,1.2757552087306976,1.2769148409366609,1.278766268491745,1.2799581468105317,1.2812088131904602,1.281313568353653,1.2817221939563752,1.2829853177070618,1.2843713104724883,1.2845553159713745,1.285524159669876,1.2869847178459168,1.288373851776123,1.290154868364334
t_135,1.0579511225223541,1.050023365020752,1.0524319946765899,1.0459879815578461,1.0408636152744293,1.0366395831108093,1.025773185491562,1.0163224279880523,1.0050855696201324,1.0005308270454407,0.9911773204803467,0.9811221361160278,0.978874209523201,0.9662592500448227,0.961356469988823,0.9471308350563049,0.9356092274188995,0.9211775809526443,0.9152460694313049,0.9019518911838531,0.8878318518400192,0.881526556611061,0.869437637925148,0.8543768048286438,0.8420220613479614,0.8331686705350876,0.823395648598671,0.8046466737985611,0.7931727170944214,0.7804607093334198,0.7622542709112168,0.7524161547422409,0.7355407029390335,0.7211801141500473,0.7024960875511169,0.6829554170370102,0.673784339427948,0.6524277955293656,0.6394139528274536,0.6218220084905625,0.6069521069526672,0.5841743111610412,0.5642899990081787,0.5538037538528442,0.5258451610803604,0.5091811656951905,0.48707309514284136,0.46605099439620973,0.4391705170273781,0.41862706542015077,0.39516247510910035,0.3687130883336067,0.34428955167531966,0.3214878380298615,0.2922687143087387,0.2647077143192291,0.23848455473780633,0.2122736670076847,0.18945644721388816,0.15886518582701684,0.1271089605987072,0.1041676677763462,0.08167182616889476,0.06463070102035999,0.0,0.05577146243304014,0.07868868038058281,0.10162454321980477,0.12356276959180831,0.14441220834851265,0.1718153640627861,0.20218851566314697,0.22932461574673652,0.24915628433227538,0.27664091140031816,0.30426782965660093,0.32847087234258654,0.35428051054477694,0.38380715250968933,0.40952713042497635,0.4311219692230225,0.45821006000041964,0.48604220896959305,0.5091368585824967,0.530535700917244,0.5485699981451034,0.5767438560724258,0.5938804298639297,0.6186962604522706,0.6388866990804672,0.6611353844404221,0.6780506998300553,0.6974450469017028,0.7213362127542495,0.7383461892604828,0.7530540436506271,0.7723286777734757,0.7898842126131058,0.8105102837085724,0.8299191147089005,0.8451261699199677,0.8592384994029999,0.8728132009506225,0.8906550437211991,0.9007004410028457,0.9142356097698212,0.9259559512138367,0.9404036551713943,0.9523427098989486,0.965663805603981,0.977942380309105,0.9882352888584137,1.0004281759262086,1.0081967294216156,1.0193885445594788,1.0301553070545197,1.039289927482605,1.0472540378570556,1.0561967849731446,1.0655968904495239,1.0729932069778443,1.0779775381088257,1.0869980871677398,1.0939002931118011,1.1006464600563048,1.1068821489810943,1.114993590116501,1.1197601795196532,1.1262180626392364,1.1310390293598176,1.13593829870224,1.141255360841751,1.145772635936737,1.1508330821990966,1.1551072359085084,1.1602754175662995,1.1647310495376586,1.168991243839264,1.174461418390274,1.17763592004776,1.181340628862381,1.1855494856834412,1.1889402449131012,1.1915503799915315,1.1955792129039764,1.1982422828674317,1.201558530330658,1.2048959732055664,1.2071742177009583,1.2115517020225526,1.2132169961929322,1.2156341254711152,1.2169500291347504,1.2213839948177339,1.224765807390213,1.2252429723739624,1.227371197938919,1.2290814101696015,1.2313112378120423,1.233851033449173,1.2351444363594055,1.2376048743724823,1.239083868265152,1.2408987700939178,1.2431625247001648,1.244404286146164,1.2458781242370605,1.2472620844841003,1.2497755944728852,1.2507592737674713,1.2529429137706756,1.2536224484443665,1.2550686299800873,1.2569351196289062,1.25748730301857,1.258966225385666,1.2605666279792787,1.261403703689575,1.2626020967960359,1.2643181681632996,1.2653897643089294,1.266055691242218,1.2682448863983153,1.2685641646385193,1.2704091191291809,1.2713580071926116,1.2714199542999267,1.27262681722641,1.2745433151721954,1.2757635772228242,1.277062463760376,1.2771732568740846,1.2775718510150909,1.2788680970668793,1.28030726313591,1.2804883003234864,1.2814931333065034,1.2830496907234192,1.284453707933426,1.2861907601356506
t_134,1.0656334280967712,1.0578898072242737,1.0602751195430755,1.053951585292816,1.0489310801029206,1.0447767436504365,1.034140282869339,1.024890273809433,1.0138540148735047,1.009376734495163,1.0002341210842132,0.9903950721025467,0.9882033735513687,0.9758540481328964,0.9710569500923156,0.9571227967739105,0.9457981914281846,0.9316955715417862,0.9258809894323349,0.9128489196300507,0.8989770472049713,0.8928760021924973,0.8810227632522583,0.8662041872739792,0.8541090279817581,0.8454436630010604,0.83581163585186,0.8174987733364105,0.8061824202537536,0.7938435763120651,0.7759632349014283,0.7663662850856781,0.7496285974979401,0.735703420639038,0.7173675119876861,0.6982360422611237,0.6892732173204422,0.6684101849794388,0.6556500762701034,0.6382745534181595,0.6237980782985687,0.6015004575252533,0.5818979293107986,0.5717310279607772,0.5443980813026428,0.5278213620185852,0.50618467181921,0.48568445146083833,0.4593177527189255,0.4391915753483772,0.41609769612550734,0.390143084526062,0.3658224940299988,0.3429437309503555,0.31482514590024946,0.2874639883637428,0.2616182863712311,0.23472969383001327,0.21094222590327263,0.18224865570664406,0.14966159909963608,0.12656674459576606,0.10148459598422051,0.07858272194862366,0.05577146243304014,0.0,0.058383304812014106,0.08160793185234069,0.1003913290798664,0.12147933766245841,0.14871873036026956,0.1790820173919201,0.20468481481075287,0.22527174949645995,0.2535395175218582,0.28164304196834566,0.3061419740319252,0.3327198997139931,0.3625266820192337,0.38827276825904844,0.41016223579645156,0.43711208552122116,0.4661162167787552,0.4892332196235657,0.5111094385385513,0.5299367725849151,0.5580883592367172,0.5758546531200409,0.600989255309105,0.6219801217317581,0.644179105758667,0.6619402438402175,0.681747105717659,0.705538535118103,0.7233389407396317,0.7384436756372452,0.7580839097499847,0.7760194480419159,0.7969691306352615,0.8168405175209046,0.8320270895957946,0.846816462278366,0.8606084316968918,0.8785929501056671,0.8888758271932602,0.902857431769371,0.9148820489645004,0.9296569973230362,0.9417796909809113,0.9553180128335953,0.9676638752222061,0.9783387452363967,0.9905568480491638,0.9987256050109863,1.0100795090198518,1.021063405275345,1.0304397344589233,1.0386458575725555,1.047768473625183,1.0572490990161896,1.0649081230163575,1.0699477970600129,1.0790538668632508,1.0862306594848632,1.0930971324443817,1.0994617760181427,1.1075385689735413,1.1124291121959686,1.1191141545772552,1.124041211605072,1.1291401267051697,1.13445902466774,1.1391504526138305,1.1443137049674987,1.1486711144447326,1.1538912057876587,1.158440262079239,1.1628246307373047,1.1683137655258178,1.171659427881241,1.1754239797592163,1.1797083497047425,1.1831742703914643,1.1858755350112915,1.1899303019046783,1.1927002727985383,1.1960168719291686,1.1994787931442261,1.2017749488353728,1.20612331032753,1.2079690158367158,1.2103877723217011,1.2117909491062164,1.2162217617034912,1.2196073412895203,1.2202438235282898,1.2223856627941132,1.224141263961792,1.2264363646507264,1.2290150701999665,1.2303259313106536,1.2328322589397431,1.2343328058719636,1.2361956775188445,1.2385059952735902,1.2397081017494203,1.24122753739357,1.242692482471466,1.24523024559021,1.2462513208389283,1.2484655201435089,1.2491695046424867,1.2506203293800353,1.2525118172168732,1.253126460313797,1.254616904258728,1.2562304854393005,1.257138055562973,1.2583621621131897,1.26011523604393,1.2611290633678436,1.2619069933891296,1.2641094505786896,1.26441388130188,1.2663153886795044,1.2672572135925293,1.2674003183841704,1.268610143661499,1.2705420970916748,1.2718090951442718,1.2730899214744569,1.2732888758182526,1.2737327218055725,1.2750214397907258,1.2765143752098083,1.2767221629619598,1.2777574241161347,1.2792962431907653,1.2807428240776062,1.282604306936264
t_133,1.0738226354122162,1.0662769675254822,1.068639761209488,1.0624620497226716,1.0575661778450012,1.053504741191864,1.0431450664997102,1.0341172754764556,1.0233460128307343,1.0189814209938048,1.0100636720657348,1.0004793763160706,0.9983655750751496,0.9863481640815734,0.9816957801580429,0.968133881688118,0.9570755004882813,0.9433745592832565,0.9377406001091003,0.9250614613294601,0.9115584343671799,0.9056771576404572,0.8941622465848923,0.8797207713127136,0.8679397732019425,0.8595430165529251,0.8501768916845321,0.8324099123477936,0.821356999874115,0.8094286352396012,0.7920480102300644,0.7827270686626434,0.7663179874420166,0.7528867214918137,0.7350144416093827,0.7164092451334,0.7076298147439957,0.6873652964830399,0.674973064661026,0.6579560458660125,0.6438731968402862,0.6220984727144241,0.6029565066099167,0.5930282592773437,0.5664477258920669,0.5500509023666382,0.5289231717586518,0.5089447736740113,0.48317416608333585,0.4634705200791359,0.4407570153474808,0.4153455063700676,0.3915282368659973,0.3689199030399323,0.3415172591805458,0.3144014194607735,0.2889092743396759,0.2622405312955379,0.23831965923309326,0.21034147962927818,0.17808824703097342,0.1537852704524994,0.1292117152363062,0.10266567990183831,0.07868868038058281,0.058383304812014106,0.0,0.06312553584575653,0.07880872674286366,0.09706220626831055,0.12291710041463375,0.15285829231142997,0.17718018367886543,0.19865071326494216,0.22747760117053986,0.25554950907826424,0.2800921484827995,0.3072328567504883,0.3374002009630203,0.3634983107447624,0.3857566028833389,0.41280376315116885,0.4427560597658157,0.4660771429538727,0.4885393261909485,0.5079710394144058,0.5363968938589097,0.5548286855220794,0.5804048776626587,0.6019922971725464,0.624414736032486,0.6430005937814712,0.6632505148649216,0.6872621804475785,0.7056525975465775,0.721216881275177,0.7413966953754425,0.7597694784402848,0.7810642272233963,0.8014632046222687,0.8168562948703766,0.8321596682071686,0.8462535083293915,0.8645733237266541,0.8751475840806962,0.8895559787750245,0.9018924206495285,0.9170816302299499,0.9294588059186936,0.9432114660739899,0.9557690769433975,0.9668066233396531,0.9791826009750366,0.9876762390136719,0.9992745250463486,1.0105023503303527,1.0201311230659484,1.0285917222499847,1.0379262924194337,1.0475371301174163,1.0554720222949983,1.0606311082839965,1.0698727309703826,1.0773052096366882,1.084334260225296,1.0908337116241456,1.0989763677120208,1.1040289163589478,1.1109048426151276,1.1159819483757019,1.1212570011615752,1.1266371667385102,1.1314750254154204,1.1367801129817963,1.1412357926368712,1.1465340375900268,1.1511907815933227,1.1557120859622956,1.1612779259681703,1.1647663474082948,1.1686002731323242,1.1729573667049409,1.1765275657176972,1.1793095946311951,1.1834351658821105,1.1862965643405914,1.1896719694137574,1.1932115256786346,1.1955724596977233,1.1999697804450988,1.2019355833530425,1.2043727934360504,1.205851638317108,1.2103210508823394,1.2137509286403656,1.2144821286201477,1.2166671276092529,1.2184858620166779,1.2208418905735017,1.223469740152359,1.224823635816574,1.2273646295070648,1.2289044916629792,1.230839616060257,1.2332207441329956,1.2344011664390564,1.2359566152095796,1.237506878376007,1.2400866329669953,1.2411698877811432,1.2433847665786744,1.2441420793533324,1.2456019580364228,1.2475377440452575,1.2481958270072937,1.249716717004776,1.2513393700122832,1.2523192763328552,1.2535613894462585,1.2553635835647583,1.256357991695404,1.2572284638881683,1.2594618320465087,1.2597531497478485,1.2617212235927582,1.26267768740654,1.2628774702548982,1.2641162276268005,1.2660507321357728,1.2673680424690246,1.268659245967865,1.2689156472682952,1.2694141685962677,1.2707057535648345,1.2722504138946533,1.2724794149398804,1.273572838306427,1.2751134634017944,1.2765848100185395,1.2785640716552735
t_132,1.0813315689563752,1.0740143001079558,1.0763988554477693,1.07040131688118,1.0656271934509278,1.0617702662944795,1.0517007768154145,1.0429013550281525,1.0324520766735077,1.0282750308513642,1.0196065187454224,1.0102923810482025,1.0083009064197541,0.9967009246349334,0.9922966033220291,0.9791275203227997,0.9684891939163208,0.955211853981018,0.9497639387845993,0.9375885337591171,0.9245714694261551,0.9188285946846009,0.9077186822891236,0.8938193053007126,0.8823616892099381,0.8742603063583374,0.8653969615697861,0.8480895280838012,0.8375161856412887,0.8259289503097534,0.8091598808765411,0.800097519159317,0.7844985693693161,0.7712230086326599,0.753982076048851,0.7359078466892243,0.7273684978485108,0.7076294004917145,0.695641565322876,0.6792972326278687,0.6654330551624298,0.6441566407680511,0.6257141470909119,0.6158820778131485,0.5898833811283112,0.5740540325641632,0.55341035425663,0.5336632132530212,0.5085908055305481,0.48923507481813433,0.46687725335359576,0.44184467643499375,0.4186720222234726,0.3968895569443703,0.3692865952849388,0.3429063409566879,0.3173720732331276,0.29198937118053436,0.2691812217235565,0.23927199095487595,0.20835372060537338,0.18236884847283363,0.15921830981969834,0.13162319660186766,0.10162454321980477,0.08160793185234069,0.06312553584575653,0.0,0.060364253260195254,0.07170710451900959,0.09505695141851903,0.12211666107177735,0.14918898716568946,0.16925303414463996,0.19704157933592797,0.2252344936132431,0.25008867755532266,0.2771014168858528,0.30781683176755903,0.3347301557660103,0.3576371282339096,0.386032897233963,0.4154899790883064,0.439790803194046,0.462457500398159,0.4818932920694351,0.5117485404014588,0.530118265748024,0.5565354526042938,0.5782135099172592,0.601789054274559,0.6200916290283203,0.6408880919218063,0.6662048012018204,0.6845814794301986,0.7003519803285598,0.720994833111763,0.7398239582777023,0.7617810130119324,0.782583674788475,0.7987587213516235,0.8140651524066925,0.8286362528800965,0.847702580690384,0.8586059153079987,0.8731073170900345,0.88574238717556,0.9012743204832077,0.913979458808899,0.9282347798347473,0.9413372457027436,0.9524950057268142,0.9653931021690368,0.9739092588424683,0.9859164446592331,0.9974305987358093,1.0072574675083161,1.015904688835144,1.025474739074707,1.0355138540267945,1.0435345768928528,1.0489742934703827,1.0585777163505554,1.066030341386795,1.073245745897293,1.0799607336521149,1.0885720908641816,1.0937578201293945,1.1006916224956513,1.10591579079628,1.1112701952457429,1.11693874001503,1.1218137562274932,1.1272702515125275,1.1318808197975159,1.137361478805542,1.1421720147132874,1.1467816531658173,1.1525626599788665,1.1560489356517791,1.1600057661533356,1.1645259141921998,1.1681487381458282,1.1710059762001037,1.1753122746944427,1.1781892359256745,1.1817424476146698,1.1853147506713868,1.1878082275390625,1.1924120962619782,1.194298654794693,1.1968912482261658,1.198369574546814,1.2030260980129241,1.2065930247306824,1.2072404265403747,1.2095379114151001,1.2114241659641265,1.2137924790382386,1.2165006160736085,1.2179373443126678,1.2205264449119568,1.2221074640750884,1.2241223871707916,1.2265412271022798,1.2278483152389525,1.229463118314743,1.231014907360077,1.2336486458778382,1.234772253036499,1.237032687664032,1.2378586173057555,1.2393805146217347,1.2413996577262878,1.2420566916465758,1.2436240673065186,1.2453294932842254,1.2462887287139892,1.247597348690033,1.249411541223526,1.2505569934844971,1.2513899743556975,1.2536639332771302,1.2540449857711793,1.256022673845291,1.2570597589015962,1.2572306215763092,1.2585389077663423,1.2605490386486053,1.2618850469589233,1.2632603406906129,1.2634957313537598,1.2639942944049836,1.2653574466705322,1.2669109404087067,1.2672006487846375,1.2683278322219849,1.2699735403060912,1.2714914739131928,1.273399442434311
t_131,1.087908774614334,1.0807460069656372,1.0830847382545472,1.077214205265045,1.0725378274917603,1.0687516748905181,1.058895653486252,1.0502816796302796,1.0400367736816407,1.0359348893165587,1.0274490058422088,1.0183366775512694,1.0163992285728454,1.0050274312496186,1.0007193744182588,0.9878130555152893,0.9773820400238037,0.9643739581108093,0.9590476453304291,0.9471027374267578,0.9343383312225342,0.9287409305572509,0.9178550451993942,0.9042008876800537,0.8929733276367188,0.8850424885749817,0.8762971252202988,0.8593864470720292,0.8489796370267868,0.8376778781414032,0.8211972564458847,0.8123486548662185,0.7968798846006393,0.7839879840612411,0.7670506775379181,0.7493404358625412,0.7409712553024292,0.7216437369585037,0.7098285734653473,0.6936947375535965,0.6801534742116928,0.6593254029750824,0.6411094397306443,0.6315572440624238,0.6060540288686752,0.590387898683548,0.5701939433813095,0.5508685082197189,0.5261144042015076,0.507154443860054,0.48517722487449644,0.46061025708913805,0.4375093564391136,0.41593622118234636,0.3891267791390419,0.3629796147346497,0.3379461258649826,0.31244551241397855,0.28919645994901655,0.2609511911869049,0.22947644889354707,0.2049637459218502,0.1804340660572052,0.1527363084256649,0.12356276959180831,0.1003913290798664,0.07880872674286366,0.060364253260195254,0.0,0.06018038969486952,0.07848911434412002,0.10567546896636486,0.12804483994841576,0.14857188910245894,0.17682161033153534,0.2051684409379959,0.23027850836515426,0.2581262819468975,0.28894025683403013,0.3156367868185043,0.33872136324644087,0.3670537814497948,0.39760715514421463,0.42189313024282454,0.4451891854405403,0.4651561871170998,0.49500866830348966,0.5139592856168747,0.5406952291727066,0.5631093949079513,0.5866794198751449,0.605764451622963,0.6269925177097321,0.6522427767515182,0.6713856101036072,0.6875501573085785,0.7086191266775131,0.727797219157219,0.7500292748212815,0.7713144004344941,0.7875158250331878,0.8034465938806534,0.8181826025247574,0.8374611139297485,0.8484856575727463,0.8634838938713074,0.8764207094907761,0.8922051638364792,0.905184805393219,0.919567534327507,0.9327465772628785,0.9442721635103226,0.9572098046541214,0.9660941451787949,0.9782447695732117,0.9899373173713684,0.99999920129776,1.008832675218582,1.0185952484607697,1.028673666715622,1.0369638323783874,1.0424389660358429,1.0521141767501831,1.0598182439804078,1.067144775390625,1.0739568829536439,1.0825783491134644,1.0878449022769927,1.0949968099594116,1.1002891302108764,1.1058084130287171,1.1114667713642121,1.1164866268634797,1.1220127761363983,1.1266767799854278,1.1322484612464905,1.1371225655078887,1.1418435096740722,1.147649747133255,1.1512471437454224,1.1552687287330627,1.1598632991313935,1.1635370552539825,1.1664587676525116,1.1707963407039643,1.1737632691860198,1.177322918176651,1.181017702817917,1.1835332274436952,1.1881048679351807,1.1901513159275054,1.1927325308322907,1.1943134486675262,1.1989346265792846,1.2025405645370484,1.2032995045185089,1.205582845211029,1.2075137734413146,1.2099537551403046,1.2126981437206268,1.2141446411609649,1.2167807638645172,1.2183892369270324,1.2204173266887666,1.2229062080383302,1.2241648495197297,1.2258235692977906,1.2274250090122223,1.2301028788089752,1.231243944168091,1.2335453391075135,1.2343905985355377,1.2359064400196076,1.2379446566104888,1.2386630713939666,1.240218997001648,1.2419602155685425,1.2429753303527833,1.244271206855774,1.2461468636989594,1.2472185790538788,1.2481507658958435,1.2504488825798035,1.2508113980293274,1.2528587102890014,1.2538643836975099,1.2541135013103486,1.2554046392440796,1.2574499368667602,1.2588192224502563,1.2601914703845978,1.2604938745498657,1.2609953165054322,1.2623752892017364,1.2639956057071686,1.264303320646286,1.2654455721378326,1.267119789123535,1.2686489462852477,1.2706408202648163
t_130,1.093699848651886,1.0866907298564912,1.0890466034412385,1.0832892835140229,1.0786960959434508,1.0750195264816285,1.0653738021850585,1.0569274067878722,1.0469013452529907,1.0429242551326752,1.0346142768859863,1.0257021367549897,1.0238518476486207,1.0127734303474427,1.0086058259010315,0.9959835797548294,0.9858156442642212,0.9731136709451675,0.9679308027029038,0.9563221514225007,0.9438799649477005,0.938399538397789,0.9277995556592942,0.9144940167665482,0.9035147845745086,0.8957787275314331,0.8873268336057663,0.8707813113927841,0.8606616824865341,0.8495953410863877,0.833545383810997,0.8248582810163498,0.80985988676548,0.7971769988536834,0.7806490212678909,0.7633176028728486,0.7551042318344117,0.7362037003040314,0.7246617376804352,0.7089495033025741,0.6955988973379135,0.675180172920227,0.6573929250240326,0.6479341119527817,0.6229445695877075,0.6076429426670075,0.5877973556518554,0.5687123268842698,0.5444724440574646,0.5257837891578674,0.5041368007659912,0.47990813851356506,0.45732893496751786,0.4361791595816612,0.4095797583460808,0.38378269225358963,0.3588926449418068,0.334081706404686,0.31139949411153794,0.2825973704457283,0.25206041634082793,0.22679979875683784,0.20290984809398652,0.17430685013532637,0.14441220834851265,0.12147933766245841,0.09706220626831055,0.07170710451900959,0.06018038969486952,0.0,0.06260808408260346,0.08171265833079815,0.1072325561195612,0.12457183562219143,0.15263496115803718,0.18082921355962753,0.20616822093725204,0.2335505373775959,0.2649349898099899,0.2924311190843582,0.3158507540822029,0.34491758346557616,0.3756771579384804,0.40039104372262957,0.4240137994289398,0.4440643429756165,0.4747587233781815,0.4938455581665039,0.5211368888616562,0.5437299281358718,0.5680528044700622,0.5872648239135743,0.6089452594518662,0.6349910706281662,0.6543219596147537,0.6706650674343109,0.6922308146953583,0.7118023633956909,0.7344617336988449,0.7562372833490372,0.7729027599096299,0.7889966905117035,0.8040431857109069,0.8238858371973038,0.8351227551698684,0.8503399431705475,0.8635513633489609,0.879659703373909,0.8929363936185837,0.9076593369245529,0.9211826086044311,0.9328834563493729,0.946146959066391,0.955121049284935,0.9675704836845398,0.9795532524585724,0.9897957891225815,0.9988176167011261,1.0087782174348832,1.0191352844238282,1.0275743782520295,1.0332036018371582,1.0431380450725556,1.050949937105179,1.058443158864975,1.0653965473175049,1.0742880284786225,1.0796711683273315,1.0869421482086181,1.092365747690201,1.0979774713516235,1.103800082206726,1.1089007377624511,1.114542806148529,1.119348305463791,1.125024789571762,1.13002410531044,1.1348510146141053,1.140816682577133,1.1444478809833527,1.148564887046814,1.1532619833946227,1.157023561000824,1.1600020766258239,1.164474493265152,1.1674711644649505,1.171149218082428,1.1748909950256348,1.17750523686409,1.1822147846221924,1.1842527568340302,1.1869167983531952,1.1885230839252472,1.1932666301727295,1.1969743430614472,1.1977155327796936,1.200067925453186,1.2020454585552216,1.204530954360962,1.2073285579681396,1.208839762210846,1.2115086138248443,1.21315336227417,1.2152381420135498,1.2177776575088501,1.2190943002700805,1.2207960486412048,1.2224324285984038,1.2251563906669616,1.2263139724731444,1.2286650955677032,1.229549378156662,1.2311221837997437,1.2332058131694794,1.2339354932308197,1.2355443239212036,1.23732191324234,1.2383443295955658,1.2396822214126586,1.2415965437889098,1.2427297711372376,1.2436613142490387,1.2460055589675902,1.246391487121582,1.248478937149048,1.249527144432068,1.2497604310512542,1.2511080384254456,1.2532038986682892,1.2545922636985778,1.2560031950473785,1.2563122510910034,1.2568375885486602,1.2582584023475647,1.2599155247211455,1.2602320075035096,1.261427289247513,1.263142967224121,1.2647116899490356,1.266704797744751
t_129,1.0998247981071472,1.0929868459701537,1.0953168213367461,1.0896925508975983,1.085202705860138,1.0816305935382844,1.072223925590515,1.0639777064323426,1.0541836261749267,1.0503132224082947,1.042204385995865,1.0335258185863494,1.0317318975925445,1.0209458351135254,1.016921979188919,1.0046253204345703,0.9947271913290023,0.9823567390441894,0.9773096233606339,0.9660350471735001,0.9539367288351059,0.9486236184835434,0.9383311092853546,0.9253822147846222,0.9146784275770188,0.9071764558553695,0.8990074813365936,0.8829105734825134,0.8730809241533279,0.8623488247394562,0.8467234075069427,0.8382907956838608,0.8236693143844604,0.8113364905118943,0.7952453762292861,0.7783880174160004,0.7703474164009094,0.7519688814878464,0.7407322347164154,0.7254133373498917,0.7123882293701171,0.6924516826868057,0.6751480817794799,0.6658782005310059,0.6415208131074905,0.6265037447214127,0.6071795850992203,0.5885287463665009,0.5648607045412064,0.5465828806161881,0.5253536343574524,0.5016690731048584,0.4795377478003502,0.45882372707128527,0.4328127667307854,0.40759312361478806,0.38314089477062224,0.3587227940559387,0.33641724437475207,0.3080301105976105,0.2780780792236328,0.2528870478272438,0.22971891164779662,0.2012023389339447,0.1718153640627861,0.14871873036026956,0.12291710041463375,0.09505695141851903,0.07848911434412002,0.06260808408260346,0.0,0.06752220392227173,0.08583221286535263,0.10353215001523494,0.13045243322849273,0.15747159272432326,0.1814640775322914,0.20980078876018524,0.24118190109729767,0.26859174221754073,0.29262528866529464,0.3217156693339348,0.35284655839204787,0.37782847285270693,0.4017732381820679,0.42213045209646227,0.45344899594783783,0.47289335578680036,0.5007713824510575,0.5237911492586136,0.5484565675258637,0.5681439429521561,0.5902509242296219,0.6167841672897338,0.6365399569272995,0.6533243417739868,0.6753319650888443,0.6953552633523941,0.7184033006429672,0.7406525641679764,0.757670471072197,0.7741166144609452,0.7895417928695678,0.8098101288080215,0.8213512390851975,0.8368502467870712,0.8503976821899414,0.8669026136398316,0.8804277032613754,0.8954397171735764,0.9092812240123749,0.921263924241066,0.934780341386795,0.9440315216779709,0.9567491948604584,0.9689554870128632,0.9794603496789932,0.9886819660663605,0.9988763719797135,1.0094435513019562,1.018081498146057,1.0238691985607147,1.0339847385883332,1.0419929683208466,1.0496370851993562,1.0567660450935363,1.0658245146274568,1.0713317096233368,1.0787658154964448,1.0843145072460174,1.0900690972805023,1.0960185527801514,1.1012227833271027,1.1070006310939788,1.1119193732738495,1.1177079558372498,1.1228270709514618,1.1277635753154756,1.1338412523269654,1.1375723719596862,1.141756969690323,1.1465671360492706,1.1503977596759796,1.1534522652626038,1.158003294467926,1.161076647043228,1.1648301303386688,1.1686469495296479,1.1713349640369415,1.1761169672012328,1.17821564078331,1.1809502065181732,1.1826276361942292,1.187416785955429,1.1911811470985412,1.1919925093650818,1.1943914771080018,1.196408063173294,1.198952668905258,1.2018139719963075,1.2033824741840362,1.2060916721820831,1.2077639937400817,1.2099128186702728,1.2125033259391784,1.2138401329517365,1.2155969619750977,1.217264050245285,1.2200388073921205,1.2212510287761689,1.223619520664215,1.2245557248592376,1.2261439323425294,1.2282767832279204,1.2290540754795074,1.2306962370872498,1.2325104296207428,1.2335693001747132,1.23494154214859,1.2368839502334594,1.2380533516407013,1.2390400826931,1.2414138436317443,1.2418213188648224,1.2439483761787415,1.2450328707695006,1.245302778482437,1.246688050031662,1.2488147556781768,1.250253939628601,1.251681423187256,1.2520376443862915,1.252592247724533,1.2540259599685668,1.2557237207889558,1.2560841679573058,1.2572994530200958,1.2590661525726319,1.2606771826744079,1.2626945972442627
t_128,1.1096541583538055,1.1030551671981812,1.1053914666175841,1.0999357581138611,1.0955833673477173,1.092175555229187,1.0830315589904784,1.0750221967697144,1.0655139148235322,1.061784714460373,1.0539214968681336,1.045488530397415,1.043799066543579,1.033382111787796,1.0295640885829926,1.0176239311695099,1.0080301940441132,0.9960631787776947,0.9911778837442398,0.9802982598543167,0.9685818910598755,0.9634447395801544,0.9534839719533921,0.9409557938575744,0.9305962949991227,0.9233502447605133,0.9154899954795838,0.8998616993427276,0.890364670753479,0.8799820810556411,0.8648750811815262,0.8566565066576004,0.8426062881946563,0.8305601656436921,0.8149836361408234,0.7985703945159912,0.7908511966466903,0.7729440182447433,0.7620749920606613,0.7472160160541534,0.7345317631959916,0.7151308536529541,0.6983489036560059,0.6893193423748016,0.6655543655157089,0.6510100066661835,0.6320974200963974,0.6139144480228425,0.5909303575754166,0.5730954349040985,0.5523689389228821,0.5291681826114655,0.507621505856514,0.4873659938573837,0.46171852499246596,0.43695599734783175,0.4128012642264366,0.3891059890389442,0.3672946125268936,0.33884151130914686,0.30919558703899386,0.2846201419830322,0.26097410544753075,0.2324425384402275,0.20218851566314697,0.1790820173919201,0.15285829231142997,0.12211666107177735,0.10567546896636486,0.08171265833079815,0.06752220392227173,0.0,0.0672175008803606,0.07232584990561008,0.09897950366139412,0.12477611601352692,0.14948336705565451,0.17638928666710854,0.20752205401659013,0.23577994853258133,0.2597471088171005,0.28972375839948655,0.3210078597068787,0.3469168975949287,0.37116058319807055,0.3921130299568176,0.42413790971040727,0.44396294802427294,0.47256136536598203,0.49603360444307326,0.5216291412711144,0.5415027737617493,0.56432985663414,0.5917214572429657,0.6118987798690796,0.6290674775838851,0.6516226261854172,0.6722055524587631,0.6960324466228485,0.7188045442104339,0.7362725526094437,0.7532259106636048,0.7691360473632812,0.7899237632751465,0.8019135028123856,0.8177461057901383,0.8317412525415421,0.8486754029989243,0.8625883847475052,0.8780481606721878,0.8923296511173249,0.9046448975801468,0.9185739457607269,0.9280682295560837,0.9411481261253357,0.9536936432123184,0.9644817292690278,0.9739876747131347,0.9844568282365799,0.9953571736812592,1.0042463093996048,1.0102999448776244,1.0206810235977173,1.0289158523082733,1.0367750644683837,1.0441376388072967,1.0534768223762512,1.0591785073280335,1.0667917251586914,1.072519099712372,1.0784557998180389,1.0846031308174133,1.0899676918983459,1.0959197282791138,1.1010040998458863,1.1069358229637145,1.1122194170951842,1.1172866463661193,1.1235090374946595,1.1273849964141847,1.1316977381706237,1.1366340696811676,1.1405932128429412,1.1437493979930877,1.148429846763611,1.1516116559505463,1.1554699301719666,1.1594043016433715,1.1622155964374543,1.1671137928962707,1.1692829489707948,1.1721180379390717,1.1738741040229796,1.1787898004055024,1.18265643119812,1.1835041701793672,1.1860001921653747,1.1881056666374206,1.1907145261764527,1.1936299622058868,1.1952877938747406,1.1980700373649598,1.1997961103916168,1.2020224452018737,1.2046884179115296,1.2060916304588318,1.2078963458538055,1.2096334934234618,1.2124765276908875,1.213745665550232,1.2161791324615479,1.2171577036380767,1.2188066065311431,1.2209977090358735,1.221815186738968,1.2235161364078522,1.2253739655017852,1.2264792203903199,1.227916181087494,1.2299128472805023,1.2311213672161103,1.2321553707122803,1.2345853745937347,1.2350396037101745,1.2372253298759461,1.2383511304855346,1.2386635363101959,1.2401184499263764,1.2422813773155212,1.2437690913677215,1.2452578127384186,1.2456555366516113,1.246250170469284,1.2477303504943849,1.2494951784610748,1.2499001681804658,1.251181524991989,1.253010368347168,1.2546639561653137,1.2567713856697083
t_127,1.1169657051563262,1.1105245411396027,1.112795925140381,1.1074491083621978,1.103193348646164,1.0998008251190186,1.0908740162849426,1.0830606758594512,1.0737123847007752,1.0700237095355987,1.062349021434784,1.0541162729263305,1.0524404168128967,1.042232471704483,1.038466614484787,1.0268034100532533,1.0173611223697663,1.0056958734989165,1.0009216040372848,0.9902221441268921,0.9787378251552582,0.9738070875406265,0.9640412598848342,0.9517238289117813,0.9415856778621674,0.934521222114563,0.9267554551362991,0.9115732342004776,0.9021871089935303,0.8921889185905456,0.8773537606000901,0.8693931937217713,0.8553745985031128,0.8438349097967148,0.8285734057426453,0.8125894516706467,0.8050397336483002,0.7876427918672562,0.7770183265209198,0.7622986376285553,0.7500838339328766,0.7311721444129944,0.7146592706441879,0.7059961318969726,0.6828864067792892,0.6683945924043655,0.6500367730855942,0.6324311912059783,0.609962421655655,0.5926027148962021,0.5723251521587371,0.5497395843267441,0.5284121870994568,0.5083264485001564,0.48364381641149523,0.4593875676393509,0.4360285073518753,0.4119305655360222,0.389787819981575,0.36351955533027647,0.3333582416176796,0.30972186625003817,0.28584065586328505,0.25802686512470246,0.22932461574673652,0.20468481481075287,0.17718018367886543,0.14918898716568946,0.12804483994841576,0.1072325561195612,0.08583221286535263,0.0672175008803606,0.0,0.06149803269654512,0.08207282535731793,0.10431230999529362,0.12616258785128592,0.15612113624811172,0.1861003577709198,0.2125273011624813,0.2371412768959999,0.26537888050079345,0.29914794117212296,0.32391123920679094,0.3492200031876564,0.37117443084716795,0.40261867493391035,0.42360668182373046,0.45227184891700745,0.4771729737520218,0.5018455848097801,0.5235965609550476,0.5468911737203598,0.5734161525964737,0.5949984043836594,0.6128469854593277,0.6357943922281265,0.65685555934906,0.6807938158512116,0.7042025327682495,0.7215023756027221,0.7394841820001602,0.7555618524551392,0.7763895601034164,0.78859241604805,0.8051989942789077,0.8195973008871078,0.8369584679603577,0.8510450571775436,0.8666344553232193,0.8808462709188462,0.893771743774414,0.9075163692235947,0.9177288711071014,0.9309000670909882,0.9436937808990479,0.9548416823148728,0.9646370202302933,0.9753280937671661,0.9861947447061539,0.9954879194498062,1.0015728890895843,1.0119343280792237,1.0205897331237792,1.0286056637763976,1.036084133386612,1.0452200710773467,1.051072096824646,1.0590250134468078,1.0648869693279266,1.071082454919815,1.077163827419281,1.0827691972255706,1.0888297736644745,1.0939941704273224,1.099943119287491,1.1053578972816467,1.1105729162693023,1.1167685449123383,1.1208928763866424,1.1252562403678894,1.1302709758281708,1.134295392036438,1.1375808000564576,1.142255699634552,1.1455671072006226,1.1494209349155426,1.1535188198089599,1.1563465476036072,1.1611417412757874,1.163596361875534,1.1663723945617677,1.168293195962906,1.1731061398983003,1.1769434332847595,1.1780911922454833,1.1805446982383727,1.1826905846595763,1.1854263603687287,1.1883851408958435,1.1900286257266999,1.1928791642189025,1.1946365177631377,1.1969119548797607,1.1996302843093871,1.2009478867053986,1.2028184354305267,1.2046780288219452,1.2075397849082947,1.2088635742664338,1.2113139152526855,1.2123465180397033,1.213980531692505,1.2161862015724183,1.2171019673347474,1.2188008725643158,1.2206807792186738,1.2218799829483031,1.2233305633068086,1.2253800332546234,1.2264740705490111,1.2276891946792603,1.230116891860962,1.2305344998836518,1.2327761352062225,1.2338786780834199,1.2343302726745606,1.2357630610466004,1.2379020035266877,1.2394536852836608,1.2408994555473327,1.2414407670497893,1.2420851588249207,1.2435541927814484,1.2454036891460418,1.2458593547344208,1.247163897752762,1.2489558279514312,1.2506466567516328,1.2529107809066773
t_126,1.1220245480537414,1.1157218754291534,1.1179893970489503,1.112752914428711,1.1085830688476563,1.1053011059761046,1.0965610444545746,1.0888952136039733,1.079764872789383,1.0761867344379425,1.0686667025089265,1.0606125950813294,1.0590051412582397,1.0490344941616059,1.045412939786911,1.0339833974838257,1.0247929871082306,1.0133635640144347,1.0087043404579163,0.9983002305030823,0.9871014207601547,0.9822448492050171,0.9727123498916626,0.9606960594654084,0.9507703661918641,0.9438766449689865,0.9363600134849548,0.921459624171257,0.9123356908559799,0.9025157421827317,0.88802450299263,0.8802110493183136,0.8666180908679962,0.8552148669958115,0.8402923166751861,0.8246083229780197,0.8172115087509155,0.8001234650611877,0.7897148966789246,0.7753700166940689,0.7633087992668152,0.7447322189807892,0.7285851955413818,0.7199942946434021,0.6972410678863525,0.6831338077783584,0.6650648206472397,0.6476570427417755,0.6255688935518264,0.608485871553421,0.5885251194238663,0.5662437856197358,0.5453263729810714,0.5256977349519729,0.5012323051691056,0.4773358002305031,0.45410399734973905,0.4307294100522995,0.4091850772500038,0.3824442684650421,0.35321667790412903,0.32968404293060305,0.30611199140548706,0.2782506361603737,0.24915628433227538,0.22527174949645995,0.19865071326494216,0.16925303414463996,0.14857188910245894,0.12457183562219143,0.10353215001523494,0.07232584990561008,0.06149803269654512,0.0,0.06352810934185982,0.08227825462818146,0.10512658171355724,0.13228797167539597,0.16222140118479728,0.18985493257641792,0.2139788679778576,0.24366858825087548,0.2768089160323143,0.3025741010904312,0.327878101170063,0.35000648647546767,0.3822108551859856,0.4031491234898567,0.43257735669612885,0.4575324818491936,0.48327301889657975,0.5047495603561402,0.5284717559814454,0.5561192512512207,0.5777398139238358,0.5957554996013641,0.6191871792078019,0.6406578749418259,0.6652087658643723,0.689048832654953,0.7068637847900391,0.7249963819980622,0.7414155393838883,0.7628300487995148,0.7752736985683442,0.7920756578445435,0.8067369788885117,0.8243791222572326,0.8388246208429336,0.8547879874706268,0.8694163292646409,0.8825052499771118,0.8966797888278961,0.9069530129432678,0.9204392611980439,0.933467236161232,0.944801852107048,0.9547651618719101,0.9656778752803803,0.9768593609333038,0.9862552046775818,0.9925284624099732,1.003170558810234,1.0119010508060455,1.0200734198093415,1.0277105748653412,1.0372003674507142,1.0431497275829316,1.0511969804763794,1.0571735501289368,1.0634414196014403,1.0697049915790557,1.0753737568855286,1.0815554797649383,1.0868474781513213,1.092940527200699,1.0984759271144866,1.103780198097229,1.1101388573646545,1.1142633140087128,1.1187439858913422,1.123870998620987,1.1279709041118622,1.1312853813171386,1.1360903263092041,1.139446645975113,1.1433994889259338,1.1475603222846984,1.1504821002483367,1.1554311990737915,1.157842493057251,1.1607240915298462,1.162671184539795,1.167615497112274,1.1715583622455596,1.1726550340652466,1.17516228556633,1.177370899915695,1.1801325142383576,1.1831518292427063,1.1848591804504394,1.187747323513031,1.1895550787448883,1.1918630480766297,1.1946446478366852,1.19601611495018,1.1979295253753661,1.1998086094856262,1.2027251482009889,1.2040660321712493,1.2065577566623689,1.2076252162456513,1.2093165814876556,1.2115631878376008,1.212486946582794,1.214230579137802,1.2161642134189605,1.2173593044281006,1.218849390745163,1.2209389865398408,1.2220996916294098,1.2233074963092805,1.225786453485489,1.2262437045574188,1.2285324454307556,1.2296464681625365,1.230097097158432,1.231566947698593,1.2337765872478486,1.2353455543518066,1.2368461608886718,1.2373797357082368,1.238022154569626,1.2395524740219117,1.2414231896400452,1.241893458366394,1.2432218670845032,1.2451032102108002,1.246830552816391,1.249057298898697
t_125,1.1286250591278075,1.1224954009056092,1.1247618734836577,1.1196581244468689,1.1155794143676758,1.112422412633896,1.1038911759853363,1.096410185098648,1.0875034868717193,1.084036535024643,1.076705175638199,1.0688394844532012,1.0673100769519805,1.0576208114624024,1.0541330337524415,1.0429993391036987,1.0340530157089234,1.0229465007781982,1.0184146761894226,1.008321112394333,0.9974312126636505,0.9927160501480102,0.9834618002176285,0.97178356051445,0.9621051788330078,0.9554023832082749,0.9481752753257752,0.9336508691310883,0.9248008310794831,0.9152559906244278,0.9011840641498565,0.8935682356357575,0.8804413676261902,0.8692665666341781,0.8547823548316955,0.8394952327013016,0.8322972238063813,0.8156543225049973,0.8055426806211472,0.7916291445493698,0.7798485845327378,0.7617132395505906,0.7460684388875961,0.7376412808895111,0.7154733538627625,0.7017215430736542,0.6841185182332993,0.6670768946409226,0.6456041991710663,0.6289355963468551,0.6093969613313674,0.5875709891319275,0.5671800136566162,0.5481409668922425,0.524065837264061,0.5007386639714241,0.47795721888542175,0.4552891567349434,0.43428841829299925,0.40768231749534606,0.3792866438627243,0.3558918535709381,0.3330334335565567,0.3055314406752586,0.27664091140031816,0.2535395175218582,0.22747760117053986,0.19704157933592797,0.17682161033153534,0.15263496115803718,0.13045243322849273,0.09897950366139412,0.08207282535731793,0.06352810934185982,0.0,0.06414832025766373,0.08299853913486004,0.10623589307069778,0.13568782433867455,0.16250817626714706,0.18656481727957724,0.21761234998703002,0.2499092236161232,0.27607059180736543,0.30170041918754575,0.3238016486167908,0.3568300768733025,0.3778426587581635,0.40765684843063354,0.43299937844276426,0.4594615638256073,0.4811525896191597,0.5053464189171791,0.5337627679109573,0.5557671129703522,0.5740505486726761,0.597962063550949,0.6198791593313218,0.6450016647577286,0.6693746000528336,0.6877268582582474,0.7062280744314193,0.7230079144239425,0.745033523440361,0.7577159136533738,0.7749210566282272,0.7900000959634781,0.8079709380865097,0.8227783918380738,0.8391753494739532,0.8542019903659821,0.8675754755735398,0.8820979177951813,0.8925809651613236,0.9064150482416153,0.9197732210159302,0.9313573032617569,0.9415808826684952,0.9527420073747634,0.9642098873853684,0.973840743303299,0.9803243666887284,0.9912533730268478,1.0001583516597747,1.0085235059261322,1.0163564741611482,1.026170164346695,1.0322591722011567,1.040495616197586,1.0465894222259522,1.0530177772045135,1.0594731152057648,1.0652660191059113,1.0715935111045838,1.0770213186740876,1.0832894444465637,1.088975441455841,1.0944343507289886,1.1009601533412934,1.1051384925842285,1.1097694516181946,1.115024894475937,1.1192176580429076,1.1226339280605315,1.1275886714458465,1.1310035228729247,1.13510502576828,1.139333826303482,1.1423624217510224,1.1474480509757996,1.1498824417591096,1.1528790771961213,1.1548722803592681,1.1599324345588684,1.163990890979767,1.1651037991046906,1.1676881611347198,1.169974935054779,1.1728108763694762,1.175906229019165,1.1776868999004364,1.1806259095668792,1.182484358549118,1.184872317314148,1.187727653980255,1.1891635537147522,1.1911585211753846,1.1930567622184753,1.196053957939148,1.1974181294441224,1.1999818563461304,1.201105260848999,1.2028468608856202,1.205161029100418,1.206119418144226,1.2079042434692382,1.2099069595336913,1.2111424446105956,1.2126631557941436,1.2148247539997101,1.2160243153572083,1.2172701954841614,1.219786101579666,1.2203035354614258,1.222630912065506,1.2237888634204865,1.2242588996887207,1.2257902204990387,1.2280490100383759,1.2296700179576874,1.2312136709690094,1.2317741692066193,1.2324592411518096,1.2340382397174836,1.2359499394893647,1.236463910341263,1.2378274202346802,1.2397857546806335,1.2415590107440948,1.243803036212921
t_124,1.1359757006168365,1.1300180435180665,1.132263284921646,1.127295160293579,1.1233190834522246,1.120253574848175,1.1119626462459564,1.1046610653400422,1.0959981083869934,1.092620414495468,1.0855055570602417,1.0778585076332092,1.076392114162445,1.0669823467731476,1.063630646467209,1.0528189420700074,1.0441351354122161,1.0333602130413055,1.0289789855480194,1.0191963970661164,1.0086453974246978,1.004089367389679,0.9951200157403945,0.9837985783815384,0.974395927786827,0.9679215967655181,0.9609455764293671,0.9468480467796325,0.9382890552282334,0.9290566980838776,0.9154018610715866,0.9080151289701461,0.8952623993158341,0.8844292998313904,0.8703526645898819,0.8555082947015762,0.8485060811042786,0.8323252767324447,0.822508904337883,0.808956789970398,0.7974986732006073,0.7798211365938187,0.7645930051803589,0.756366440653801,0.7347579210996628,0.721318906545639,0.704160937666893,0.6875562399625779,0.6666080325841903,0.6503089874982834,0.6311960697174073,0.6099002301692963,0.5899757653474808,0.5713478982448578,0.5477510869503022,0.5249234557151794,0.5026004701852799,0.48038439601659777,0.4598329529166222,0.43365220725536346,0.4056770533323288,0.3825981929898262,0.3602517947554588,0.33311472535133363,0.30426782965660093,0.28164304196834566,0.25554950907826424,0.2252344936132431,0.2051684409379959,0.18082921355962753,0.15747159272432326,0.12477611601352692,0.10431230999529362,0.08227825462818146,0.06414832025766373,0.0,0.06267275996506214,0.08171135447919368,0.10798942856490612,0.13390259072184563,0.15831776410341264,0.18897440209984778,0.22150555700063707,0.24714104756712912,0.2736211970448494,0.2956905260682106,0.32962198853492736,0.3509423643350601,0.38154003620147703,0.4072971671819687,0.4342019155621529,0.45657419264316557,0.4814318150281906,0.5104204803705216,0.5329932481050491,0.551761680841446,0.576363804936409,0.5988701969385147,0.6244903177022934,0.6494566112756729,0.668317174911499,0.6872490137815476,0.7045254975557327,0.7271272838115692,0.7401923507452011,0.7577693462371826,0.7732689708471299,0.7917657226324082,0.8069047033786774,0.8236431360244751,0.839080423116684,0.8528137803077698,0.86763776242733,0.8784799933433532,0.8926589071750641,0.9063246756792068,0.918237853050232,0.9287044912576675,0.9401625692844391,0.9518750101327896,0.9617684781551361,0.9684797257184983,0.9796316802501679,0.9887944906949997,0.9973507821559906,1.0053876101970673,1.0154370725154878,1.021696436405182,1.0301290094852447,1.0363965153694152,1.0429996848106384,1.0495971322059632,1.0555601477622987,1.0620320677757262,1.0676285386085511,1.0740263760089874,1.0798601150512694,1.0854472935199737,1.092118537425995,1.0964310765266418,1.101146137714386,1.1065466344356536,1.110818123817444,1.1143589794635773,1.1194381713867188,1.122927337884903,1.1271300137042999,1.1314732551574707,1.1345965385437011,1.1397769331932068,1.1423015236854552,1.1453606486320496,1.1474417567253112,1.1525658428668977,1.1566973865032195,1.1578998208045959,1.1605468273162842,1.1629124462604523,1.1658154845237731,1.1689990162849426,1.170820939540863,1.1738285303115845,1.175717931985855,1.1782016634941102,1.181110143661499,1.1825928390026093,1.1846368789672852,1.186607265472412,1.1896508812904358,1.1910764336586,1.1936663329601287,1.1948579549789429,1.1966334879398346,1.1990189909934998,1.2000256419181823,1.2018455147743226,1.2039015233516692,1.2051782727241516,1.2067426919937134,1.2089445769786835,1.2101835310459137,1.2114995658397674,1.2140547811985016,1.2145893812179565,1.216983050107956,1.2181828200817109,1.2186953961849212,1.220267003774643,1.2225653290748597,1.22423135638237,1.2258164405822753,1.2264313399791718,1.2271448373794556,1.228757506608963,1.230746614933014,1.2312979102134705,1.2327210903167725,1.2347156643867492,1.2365514039993286,1.2388087511062622
t_123,1.1413338005542755,1.135510104894638,1.1377432107925416,1.132880437374115,1.1289853513240815,1.1259982943534852,1.1178888440132142,1.1107301831245422,1.1022471249103547,1.0989550948143005,1.0919893860816956,1.0845194399356841,1.083110696077347,1.073932808637619,1.0706868112087249,1.0601202428340912,1.0516350090503692,1.0411272823810578,1.036867654323578,1.0273524224758148,1.0170726716518401,1.0126509308815002,1.0039205878973008,0.992887744307518,0.9837105095386505,0.9774141311645508,0.9706422835588455,0.9569028347730637,0.9485506027936935,0.9395688325166702,0.9262898147106171,0.919091734290123,0.9066694766283036,0.896103635430336,0.8823928445577621,0.8679136246442795,0.861074247956276,0.8453070998191834,0.8357590019702912,0.8225433856248856,0.8113450139760972,0.7941083431243896,0.7792560517787933,0.7711959213018418,0.7501371055841446,0.7369911938905715,0.7202222615480423,0.7039737939834595,0.6835330158472062,0.6675906717777252,0.6488964587450028,0.6280307471752167,0.6085605293512344,0.5903388202190399,0.5672354251146317,0.544863685965538,0.5229557454586029,0.5012917503714561,0.48111836016178133,0.4553739860653877,0.42806617319583895,0.40521166771650313,0.3834479942917824,0.3566384673118591,0.32847087234258654,0.3061419740319252,0.2800921484827995,0.25008867755532266,0.23027850836515426,0.20616822093725204,0.1814640775322914,0.14948336705565451,0.12616258785128592,0.10512658171355724,0.08299853913486004,0.06267275996506214,0.0,0.06656916253268719,0.08720641657710075,0.110463335365057,0.1362564317882061,0.16548103839159012,0.19792626053094864,0.22413922473788261,0.25039821639657023,0.2724761709570885,0.3068726196885109,0.32847641557455065,0.3594823986291885,0.3854624852538109,0.4127244010567665,0.43554940074682236,0.4607887089252472,0.4902831524610519,0.5131900817155838,0.5323411375284195,0.557502394914627,0.5804611444473267,0.6064796268939971,0.6320349991321563,0.6512611091136933,0.6705618172883987,0.6882157236337662,0.7113085478544235,0.7246991455554962,0.7425756007432938,0.7584206491708756,0.7773437380790711,0.7928078502416611,0.8098537236452102,0.8256221771240234,0.8396584212779998,0.8547874331474304,0.8658771336078643,0.880371379852295,0.8943419098854065,0.9064915269613266,0.9171991556882858,0.9289066195487976,0.9408507138490677,0.9509841620922088,0.9578525453805924,0.9692246854305268,0.9786126166582108,0.9873540937900543,0.9955493450164795,1.0057989239692688,1.012207067012787,1.0208062469959258,1.0272610425949096,1.0340277433395386,1.0407357096672059,1.0468268394470215,1.0534504532814026,1.0591730415821075,1.0656801521778108,1.0716639757156372,1.0773812234401703,1.0841797590255737,1.0886094331741334,1.0934051632881165,1.098936378955841,1.1032977283000946,1.1069286584854126,1.1121220707893371,1.1156851768493652,1.1200040638446809,1.1244113147258759,1.1276190876960754,1.1329099595546723,1.1355002164840697,1.1386336266994477,1.1407596170902252,1.1460050225257874,1.1502025723457336,1.1514452755451203,1.1541710555553437,1.156589436531067,1.1595692932605743,1.1628012478351593,1.1646766126155854,1.1677357852458954,1.1696843922138214,1.1722279250621797,1.1752030670642852,1.176727032661438,1.1788222908973693,1.1808467090129853,1.1839489817619324,1.185432118177414,1.1880364835262298,1.1892900943756104,1.191112720966339,1.193549597263336,1.1945890605449676,1.1964630365371705,1.1985380828380585,1.199873012304306,1.2014666616916656,1.203705644607544,1.2049715399742127,1.206351989507675,1.20896018743515,1.2094905972480774,1.2119396328926086,1.2131772935390472,1.2137283265590668,1.2153389930725098,1.2176769495010376,1.2193819403648376,1.2210105061531067,1.2216626763343812,1.2224153995513916,1.2240498602390288,1.226090633869171,1.2266735553741455,1.2281390070915221,1.2301659047603608,1.232042533159256,1.2343862771987915
t_122,1.1475062012672423,1.1418308913707733,1.144066035747528,1.139318084716797,1.1355057239532471,1.1326169312000274,1.1246826887130736,1.1177079558372498,1.1094262778759003,1.1062426328659059,1.0994477212429046,1.0921517133712768,1.090807980298996,1.0818762063980103,1.078763723373413,1.0684604942798615,1.060184121131897,1.0499770760536193,1.0458238065242766,1.036600649356842,1.026603990793228,1.0222914576530457,1.0137991726398468,1.003086766600609,0.9941267132759094,0.9879978328943253,0.9815002620220185,0.9680798351764679,0.9599763065576553,0.9512306541204453,0.9383382588624954,0.9312952607870102,0.9192928969860077,0.9089296847581864,0.895604258775711,0.8814688175916672,0.8747977286577224,0.8594106405973434,0.8501351952552796,0.8373227119445801,0.8263617932796479,0.8095032095909118,0.7951046526432037,0.7871691137552261,0.7666531294584275,0.7538354367017746,0.7374366968870163,0.721559789776802,0.7016858994960785,0.6861317127943038,0.6677710145711899,0.6473808586597443,0.6284789770841599,0.6107545256614685,0.5881278544664383,0.5662786811590195,0.544768214225769,0.5237900510430336,0.5042670994997025,0.4786242306232452,0.45227752923965453,0.42952950298786163,0.40834130346775055,0.38191362023353576,0.35428051054477694,0.3327198997139931,0.3072328567504883,0.2771014168858528,0.2581262819468975,0.2335505373775959,0.20980078876018524,0.17638928666710854,0.15612113624811172,0.13228797167539597,0.10623589307069778,0.08171135447919368,0.06656916253268719,0.0,0.06258662045001984,0.08881629072129726,0.10994971320033073,0.1406225897371769,0.17036951184272767,0.19689618349075316,0.2224238134920597,0.24495772942900657,0.2796026036143303,0.30102634280920026,0.3326886773109436,0.3584570899605751,0.3870760828256607,0.4095283806324005,0.4352256044745445,0.46596935391426086,0.4889100506901741,0.5082321152091026,0.5339202970266342,0.5573761075735092,0.5841348469257355,0.6101896286010742,0.6300579756498337,0.6496298849582672,0.6677010625600814,0.6914294689893723,0.7052197277545929,0.7234252780675888,0.7396394371986389,0.7590101510286331,0.7748248964548111,0.7923900336027145,0.8086165517568589,0.8229344874620438,0.8385823130607605,0.8497403085231781,0.8646557003259658,0.8790544420480728,0.8913802087306977,0.9023998975753784,0.9144112676382065,0.9267106115818023,0.9370465397834777,0.9441576540470124,0.955882677435875,0.9654214471578598,0.974391695857048,0.9828336119651795,0.9934218525886536,1.0000455021858214,1.008804628252983,1.0154013156890869,1.0223154962062835,1.0292775273323058,1.0355159997940064,1.0423224866390228,1.048208373785019,1.0549013674259187,1.0610168397426605,1.0669023633003234,1.0738933086395264,1.078408843278885,1.083384108543396,1.0890102684497833,1.0935174703598023,1.0972478330135345,1.102613627910614,1.1062602877616883,1.1107163667678832,1.115206491947174,1.118528151512146,1.124006450176239,1.1266030430793763,1.1298862397670746,1.1320464611053467,1.1374529778957367,1.1417819619178773,1.1430137932300568,1.1458507359027863,1.1483551800251006,1.151417511701584,1.1547102808952332,1.1566771268844604,1.159813779592514,1.161813622713089,1.1644488394260406,1.1674952745437621,1.1690947830677032,1.1712603211402892,1.1733321368694305,1.1765043795108796,1.178033584356308,1.180693781375885,1.1820186138153077,1.1838912546634675,1.18640878200531,1.1874612390995025,1.189414268732071,1.1915446043014526,1.19289088845253,1.194548374414444,1.1968490064144135,1.1981886267662047,1.1995782613754273,1.202247107028961,1.202826941013336,1.2053459942340852,1.2066429436206818,1.2071921706199646,1.2088640928268433,1.2112680077552795,1.213011759519577,1.2147011160850525,1.215368515253067,1.2161600589752197,1.2178455531597137,1.219945740699768,1.2205575466156007,1.2220851540565492,1.2241858303546906,1.226123994588852,1.2285256326198577
t_121,1.156338918209076,1.150847280025482,1.153061830997467,1.1484432935714721,1.144733589887619,1.1419456243515014,1.1342198252677917,1.127438986301422,1.1193800210952758,1.116284292936325,1.1096847414970399,1.1025862634181975,1.1013116478919982,1.0926476418972015,1.0896514654159546,1.0796293199062348,1.071594339609146,1.0616923153400422,1.0576650142669677,1.0487293124198913,1.0390234172344208,1.0348684251308442,1.026629787683487,1.0162281930446624,1.0075486242771148,1.0016132324934006,0.9953088700771332,0.9822977095842361,0.9744293540716171,0.965966671705246,0.9534700781106948,0.9466416865587235,0.9349849134683609,0.9249381095170974,0.9119926035404206,0.8982698142528533,0.891844418644905,0.8768986493349076,0.8678976386785507,0.8554200917482376,0.844788458943367,0.8284233450889588,0.8143900275230408,0.8067360997200013,0.7867617428302764,0.7742954432964325,0.7583455234766007,0.7429055720567703,0.723582136631012,0.7084486216306687,0.6906052559614182,0.6707184314727783,0.6522531390190125,0.6349526613950729,0.6128712505102157,0.591543173789978,0.5705436706542969,0.5500628799200058,0.5308883637189865,0.5059049397706985,0.4799360692501068,0.4579347759485245,0.43701835721731186,0.411060605943203,0.38380715250968933,0.3625266820192337,0.3374002009630203,0.30781683176755903,0.28894025683403013,0.2649349898099899,0.24118190109729767,0.20752205401659013,0.1861003577709198,0.16222140118479728,0.13568782433867455,0.10798942856490612,0.08720641657710075,0.06258662045001984,0.0,0.06634282022714615,0.08241907916963101,0.11108957789838314,0.13933679834008217,0.16549304872751236,0.19135627374053002,0.21405857130885125,0.24880758672952652,0.27077019214630127,0.3027412638068199,0.32921541184186937,0.358159014582634,0.38140816539525985,0.40788005143404005,0.43894960880279543,0.4626278892159462,0.48250623792409897,0.5088751077651977,0.5329549193382264,0.5603225111961365,0.5870916754007339,0.6072794258594513,0.6276123613119126,0.646184629201889,0.6704620152711869,0.6846583396196365,0.7034262597560883,0.7201519280672073,0.7400327652692795,0.7563009291887284,0.7742555886507034,0.7908943623304368,0.8056556791067123,0.8215995371341706,0.83327114880085,0.8485385090112686,0.8632757365703583,0.8760139673948288,0.8873437106609344,0.8996597796678543,0.9122474789619446,0.9229361623525619,0.9302832782268524,0.9422667473554611,0.9521421074867249,0.9613452583551407,0.9700207114219666,0.9808484107255936,0.9876516491174698,0.9966849684715271,1.0035153716802596,1.010662281513214,1.0177704870700837,1.02420694231987,1.0312032461166383,1.0372513949871063,1.044100570678711,1.0503855228424073,1.0564521431922913,1.0635866820812225,1.0682733058929443,1.07335062623024,1.0791316688060761,1.0837765336036682,1.0876140773296357,1.0931200504302978,1.0968995213508606,1.101440817117691,1.10609330534935,1.1095046937465667,1.1150636076927185,1.1178096413612366,1.1211477994918824,1.1234376013278962,1.1289227604866028,1.1333284497261047,1.1346921980381013,1.1375695526599885,1.1401847898960114,1.1433221459388734,1.1467100441455842,1.148730993270874,1.1519544303417206,1.154012429714203,1.1567239999771117,1.1598683953285218,1.1614817440509797,1.1637200832366943,1.1658892154693603,1.1691225588321685,1.1707264184951782,1.1734379351139068,1.174838560819626,1.1767418384552002,1.1793263852596283,1.1804520249366761,1.1824476659297942,1.1846396148204803,1.1860482156276704,1.1877587020397187,1.1901146948337555,1.191462218761444,1.192953199148178,1.1956731677055359,1.1962627589702606,1.198864644765854,1.2001955211162567,1.2008159577846527,1.2025197863578796,1.204962831735611,1.2067805588245393,1.2085050761699676,1.2092555940151215,1.2100718915462494,1.2118006706237794,1.2139816403388977,1.2146356225013732,1.216210412979126,1.2183614790439605,1.220351481437683,1.222836935520172
t_120,1.1635404527187347,1.1582135140895844,1.1603951275348663,1.1558881640434264,1.1522741913795471,1.1495653450489045,1.142042452096939,1.13543199300766,1.1275594353675842,1.124532836675644,1.1181138098239898,1.1112048387527467,1.1099566400051117,1.1015243232250214,1.098616510629654,1.0888776063919068,1.08103306889534,1.071417325735092,1.067490929365158,1.0587826073169708,1.0493340253829957,1.0453274607658387,1.0373066782951355,1.0271591365337371,1.0186914503574371,1.0129298448562623,1.0068057149648666,0.9941494464874268,0.9864763438701629,0.9783140450716019,0.9661109179258347,0.9594847679138183,0.9480750799179077,0.9383236050605774,0.9257061153650283,0.9123526632785797,0.9061089307069778,0.8915759563446045,0.8828217804431915,0.870610636472702,0.8602996587753295,0.8443366259336471,0.8306693226099015,0.8232121706008911,0.8037645280361175,0.7915342807769775,0.7760094344615937,0.7609819680452347,0.7421518862247467,0.727400055527687,0.7099568456411361,0.6905605345964432,0.6724566608667374,0.6554826974868775,0.6339911907911301,0.6131910532712936,0.5926908284425736,0.5724372804164887,0.5535296559333801,0.529330039024353,0.5036572694778443,0.4823003768920898,0.4615506500005722,0.4361017018556595,0.40952713042497635,0.38827276825904844,0.3634983107447624,0.3347301557660103,0.3156367868185043,0.2924311190843582,0.26859174221754073,0.23577994853258133,0.2125273011624813,0.18985493257641792,0.16250817626714706,0.13390259072184563,0.110463335365057,0.08881629072129726,0.06634282022714615,0.0,0.06722136624157429,0.08719458095729352,0.11327703893184662,0.13857731819152833,0.1641139306128025,0.18730269446969033,0.22192201688885688,0.2443536065518856,0.2763729989528656,0.3041559085249901,0.3324533224105835,0.35700580328702924,0.38396311849355697,0.4147223442792892,0.43964186012744905,0.460117469727993,0.4868348062038422,0.5114477515220642,0.5392423123121262,0.5666034311056137,0.5869915783405304,0.6082255899906158,0.6271613538265228,0.6517154395580291,0.6662589699029923,0.6857350260019303,0.7030060738325119,0.7232885509729385,0.7398530185222626,0.7581696599721909,0.7750062614679336,0.7903396755456924,0.8063583761453629,0.8186474561691284,0.8341422587633133,0.84918152987957,0.8623191148042679,0.8739448606967926,0.8865488022565842,0.8993195652961731,0.9103419125080109,0.9178820043802262,0.9300191402435303,0.9402242511510849,0.949648043513298,0.9585213214159012,0.9694258570671082,0.9764199167490005,0.9857365310192108,0.9927145391702652,1.000114196538925,1.0072922080755233,1.013959139585495,1.0211132347583771,1.027309626340866,1.0342752277851104,1.040747082233429,1.0469530880451203,1.0541565060615539,1.0590400874614716,1.0642516553401946,1.0701530635356904,1.0748709678649901,1.0788535594940185,1.0844256341457368,1.0882998347282409,1.0929383337497711,1.097746104001999,1.101236766576767,1.1067919373512267,1.1097104668617248,1.1130914509296417,1.1155329048633575,1.12098228931427,1.1254535734653472,1.1270190000534057,1.1299018561840057,1.1326022088527679,1.135827785730362,1.1392942905426025,1.1413728177547455,1.1446481704711915,1.1467723727226258,1.1495502650737763,1.1527596592903138,1.15438192486763,1.1567095577716828,1.158978933095932,1.1622430503368377,1.1639025926589965,1.1666499495506286,1.1681296706199646,1.1700638353824615,1.1726804852485657,1.1738975465297699,1.1759008824825288,1.1781518816947938,1.1796405553817748,1.1813855707645415,1.1837791502475739,1.1851087927818298,1.1867366433143616,1.189443677663803,1.190066432952881,1.1927040994167328,1.1940459549427032,1.1947775602340698,1.1965020835399627,1.1989751935005188,1.2008356273174285,1.2025867462158204,1.2034412324428558,1.204310941696167,1.206071376800537,1.208325707912445,1.2090594589710235,1.2106666564941406,1.212839549779892,1.2148892819881438,1.2174847781658173
t_119,1.1695654451847077,1.1643471240997314,1.1665183424949646,1.1620926022529603,1.1585316240787507,1.1558823883533478,1.1484690368175507,1.1419887363910675,1.1342366814613343,1.1312490701675415,1.124956625699997,1.1181573212146758,1.116958749294281,1.1086991488933564,1.1058713018894195,1.0963042378425598,1.0885773181915284,1.0791669189929962,1.075319266319275,1.066784518957138,1.0575144827365874,1.0536159873008728,1.04575856924057,1.0358132719993591,1.0275261878967286,1.0218780219554902,1.0158582508563996,1.00348219871521,0.9959412932395935,0.9879641592502594,0.9760575026273728,0.9695473611354828,0.9583747893571853,0.9488642185926437,0.9365309357643128,0.9234430879354477,0.9173714727163315,0.9031566053628921,0.8946082115173339,0.8826279431581497,0.8725485324859619,0.8569596022367477,0.8435698509216308,0.8362936586141586,0.8172881424427032,0.805295678973198,0.7900920122861862,0.7754114508628845,0.7570315808057785,0.7426137089729309,0.725546345114708,0.7065175712108612,0.6887882471084594,0.6722058981657029,0.6511790424585342,0.6307434678077698,0.6106966972351074,0.5908756524324417,0.5722396790981292,0.548638579249382,0.5234169661998749,0.5025675535202027,0.48203170746564866,0.4571072518825531,0.4311219692230225,0.41016223579645156,0.3857566028833389,0.3576371282339096,0.33872136324644087,0.3158507540822029,0.29262528866529464,0.2597471088171005,0.2371412768959999,0.2139788679778576,0.18656481727957724,0.15831776410341264,0.1362564317882061,0.10994971320033073,0.08241907916963101,0.06722136624157429,0.0,0.07124033570289612,0.09406994096934795,0.11549368873238564,0.1405140720307827,0.16472454816102983,0.19725001454353333,0.22023434117436408,0.2521148070693016,0.2804442346096039,0.30907201766967773,0.3341977745294571,0.36160250306129454,0.3924278184771538,0.41798574924468995,0.4386082381010056,0.4658888980746269,0.4910246029496193,0.5193791180849076,0.5472975671291351,0.5677784651517868,0.5897748380899429,0.6090183705091476,0.633895394206047,0.6487857520580291,0.6687683641910553,0.6863475561141967,0.7070583581924439,0.723992383480072,0.7426233410835266,0.7597023069858551,0.7754828780889511,0.7917419284582138,0.8043515980243683,0.8201639771461486,0.8355233609676361,0.8489333182573319,0.8608842462301254,0.8737560421228409,0.8867278039455414,0.8980759978294373,0.9057339340448379,0.9180740386247634,0.9286239862442016,0.9382283419370652,0.9472764134407043,0.958313238620758,0.9654967933893204,0.9750626057386398,0.9822322696447372,0.9898360699415207,0.9971220880746842,1.0039854943752289,1.0112781077623367,1.0176102280616761,1.0246911227703095,1.0313034772872924,1.0376786828041076,1.045005691051483,1.0500376045703887,1.0553639709949494,1.061373245716095,1.066237711906433,1.0703020513057708,1.0760033965110778,1.0800032913684845,1.0846747875213623,1.0896314084529877,1.093207013607025,1.0988263249397279,1.1019105970859528,1.105342400074005,1.1078647375106812,1.1134482741355896,1.1179571807384492,1.119629555940628,1.1225497782230378,1.1253522336483002,1.1286756575107575,1.1322233915328979,1.1343297243118287,1.1376899003982544,1.139862596988678,1.1427370190620423,1.1460238695144653,1.1476401448249818,1.150013267993927,1.1523880004882812,1.1557133316993713,1.157460629940033,1.160247701406479,1.1617746949195862,1.1637193143367768,1.1664073526859284,1.1676631331443788,1.1697369992733002,1.1720088958740233,1.1735583007335664,1.1753510415554047,1.1778100609779358,1.1791169106960298,1.1808472275733948,1.1836368918418885,1.1842160820960999,1.1869710087776184,1.188325321674347,1.1891042709350585,1.1908464908599854,1.1933727204799651,1.1952945172786713,1.1970651745796204,1.1979872167110444,1.1988814651966095,1.2006787300109862,1.203009444475174,1.2037554323673247,1.2054145336151123,1.207603919506073,1.2097139596939086,1.212445217370987
t_118,1.1774837255477906,1.1724290788173675,1.1745504915714264,1.1702371299266816,1.1667760729789733,1.1641657054424286,1.1569436371326447,1.150647407770157,1.1430768251419068,1.1401524364948272,1.1340448141098023,1.1274283528327942,1.1262551546096802,1.118217009305954,1.1154426276683806,1.106132733821869,1.0985744178295136,1.089435875415802,1.0857016026973725,1.077361136674881,1.0683086574077607,1.0645825207233428,1.0569252789020538,1.0472089529037476,1.039159619808197,1.0336800992488862,1.027761125564575,1.0157669842243195,1.0083735793828965,1.0006974041461945,0.9890789270401001,0.9827778577804566,0.971730250120163,0.962614119052887,0.9505853146314621,0.9378716140985489,0.9319867193698883,0.9181977093219758,0.9098931461572647,0.8981364339590072,0.8884132713079452,0.8732821941375732,0.8601868897676468,0.8531934142112731,0.8347372859716415,0.822964346408844,0.8081892430782318,0.7940043479204177,0.7760964632034302,0.7621082752943039,0.7454884678125382,0.7270373493432999,0.7096855700016022,0.6933411687612534,0.673090136051178,0.6531143754720687,0.6336531579494477,0.6139855921268463,0.5955381512641906,0.5730784863233567,0.5481105536222458,0.5279752612113953,0.5075819253921509,0.4833241358399391,0.45821006000041964,0.43711208552122116,0.41280376315116885,0.386032897233963,0.3670537814497948,0.34491758346557616,0.3217156693339348,0.28972375839948655,0.26537888050079345,0.24366858825087548,0.21761234998703002,0.18897440209984778,0.16548103839159012,0.1406225897371769,0.11108957789838314,0.08719458095729352,0.07124033570289612,0.0,0.07846858948469163,0.09188405610620975,0.11341224871575832,0.13977230191230774,0.16834562495350838,0.1929655872285366,0.22494255602359772,0.25451425462961197,0.2815339773893356,0.30871796011924746,0.33683476895093917,0.3662792295217514,0.39351904690265654,0.4149921551346779,0.4428557813167572,0.4686934486031532,0.4972247838973999,0.5259849607944489,0.5461268842220306,0.5694065392017365,0.5890441417694092,0.6139620184898377,0.6293507486581802,0.6501368820667267,0.6682719767093659,0.6896721929311752,0.7068315386772156,0.7256350368261337,0.7428767591714859,0.7592837631702423,0.775551101565361,0.7889651536941529,0.805038896203041,0.820697671175003,0.8346092939376831,0.8469231694936752,0.8601470679044724,0.8731955856084823,0.885039034485817,0.8928413420915604,0.9052069574594498,0.916279000043869,0.9261106878519059,0.935371258854866,0.9462561845779419,0.9536740720272064,0.9636584401130677,0.971053522825241,0.9789660334587097,0.9862383812665939,0.9934040397405625,1.0009109914302825,1.0073730260133744,1.0145089328289032,1.0213022083044052,1.0278766453266144,1.0352087140083313,1.040591335296631,1.0459846377372741,1.0521265625953675,1.0571258306503295,1.0613540589809418,1.0670658648014069,1.0712687730789185,1.0759404122829437,1.081120777130127,1.0847321450710297,1.0902821660041808,1.0936829268932342,1.0971031665802002,1.0998000144958495,1.1053268790245057,1.1098502218723296,1.1118087410926818,1.1147309958934783,1.1175884664058686,1.121055918931961,1.1246807277202606,1.1268145620822907,1.1302625477313994,1.132480078935623,1.1354336798191071,1.1387957811355591,1.1403659999370575,1.1428113222122191,1.1453543782234192,1.1487089455127717,1.1505602777004242,1.1533937335014344,1.1549606204032898,1.156916880607605,1.159630113840103,1.1610357880592346,1.1631011307239532,1.1653944969177246,1.1670817375183105,1.1689250886440277,1.1714237689971925,1.1726405262947082,1.1745707511901855,1.1773862361907959,1.17791668176651,1.1807543218135834,1.182117748260498,1.1830344557762147,1.1848171710968018,1.1873150885105133,1.189309960603714,1.1910945534706117,1.1921601116657257,1.1931326985359192,1.19490305185318,1.197349101305008,1.1981759250164032,1.199894869327545,1.2020659446716309,1.2042222201824189,1.2071853458881379
t_117,1.1832200348377229,1.1783293783664703,1.1804608345031737,1.1762721598148347,1.1728963017463685,1.1704222738742829,1.16343092918396,1.1573110938072204,1.1499805927276612,1.147178292274475,1.1412521123886108,1.1348377645015717,1.1337361216545105,1.1259974598884583,1.1233908116817475,1.1143799602985383,1.1071218132972718,1.0983215153217316,1.094717985391617,1.0867358148097992,1.0780400156974792,1.0744359135627746,1.06706160902977,1.0577396214008332,1.049937093257904,1.0446703135967255,1.0391185879707336,1.0274889469146729,1.0204296112060547,1.013001134991646,1.0018327444791795,0.9957080662250519,0.9852395087480545,0.9762800127267838,0.9647233426570893,0.9524282425642013,0.9467232286930084,0.9333683609962463,0.925390312075615,0.9141026675701142,0.9046287149190902,0.8898951470851898,0.8773501485586166,0.8704478502273559,0.8525386959314346,0.8411783963441849,0.8268327087163925,0.8129697442054749,0.7956612676382064,0.7820825010538102,0.7658605694770813,0.7478927224874496,0.7311046659946442,0.7154081612825394,0.6954791337251663,0.676166233420372,0.6570660263299942,0.638336929678917,0.6206934124231338,0.5980164468288421,0.5741634547710419,0.5541686862707138,0.5347560584545136,0.5108047544956207,0.48604220896959305,0.4661162167787552,0.4427560597658157,0.4154899790883064,0.39760715514421463,0.3756771579384804,0.35284655839204787,0.3210078597068787,0.29914794117212296,0.2768089160323143,0.2499092236161232,0.22150555700063707,0.19792626053094864,0.17036951184272767,0.13933679834008217,0.11327703893184662,0.09406994096934795,0.07846858948469163,0.0,0.07222895435988903,0.0868157796561718,0.10871272161602974,0.13852257132530213,0.1599879063665867,0.19204018339514733,0.2203811913728714,0.249515413492918,0.2749276399612427,0.30302543491125106,0.3351778328418732,0.3617019310593605,0.3833454743027687,0.41179251968860625,0.43790424019098284,0.4676083639264107,0.49658379554748533,0.5182859599590302,0.5413897782564163,0.5617019236087799,0.587808147072792,0.6036925822496414,0.6246724843978881,0.643382528424263,0.6650793194770813,0.6828949213027954,0.7025015562772751,0.7205480992794037,0.7372352242469787,0.7543335080146789,0.767766946554184,0.7844486653804779,0.8005894482135772,0.8147394031286239,0.8273939937353134,0.8410023778676987,0.8546261250972748,0.866658279299736,0.8749396324157714,0.8878795742988587,0.899023887515068,0.9091860532760621,0.9187651544809341,0.93041972219944,0.9380924671888351,0.9481362938880921,0.9557312399148941,0.963783574104309,0.9714990943670273,0.9787837058305741,0.9865160971879959,0.9932385295629501,1.0007006615400313,1.0077316105365752,1.0144427359104156,1.022123709321022,1.0274745762348174,1.0331259846687317,1.039454412460327,1.0445491194725036,1.0489253640174865,1.0549302756786347,1.0591705858707428,1.064144593477249,1.0693614065647126,1.0731659412384034,1.0790323257446288,1.0823184609413148,1.085998523235321,1.0887466371059418,1.0945349395275117,1.0992624700069427,1.1011225283145905,1.1041906297206878,1.107219797372818,1.1107083797454833,1.1144527971744538,1.1167474269866944,1.120291817188263,1.1225779235363007,1.1256414771080017,1.1290902733802795,1.130842787027359,1.133403831720352,1.1359326541423798,1.1393848776817321,1.141290271282196,1.144181627035141,1.1458803772926331,1.1479415059089662,1.1507642269134521,1.1521731197834015,1.1543566226959228,1.1567524313926696,1.1584172308444978,1.1603636384010314,1.1629156351089478,1.164344698190689,1.1662027299404145,1.1690799355506898,1.1697715401649476,1.172649335861206,1.174105840921402,1.175003319978714,1.1768757164478303,1.179498016834259,1.1815265715122223,1.1834304869174956,1.1844655334949494,1.1854582667350768,1.1873575150966644,1.1898109436035156,1.1907045364379882,1.1924569725990295,1.194804662466049,1.197028011083603,1.1999135613441467
t_116,1.1900431573390962,1.1852845251560211,1.1873800039291382,1.183273696899414,1.179994148015976,1.1775521516799927,1.1707199394702912,1.1647665739059447,1.1575761139392853,1.1548236429691314,1.1490583896636963,1.1427923381328582,1.1417171359062195,1.1341614425182343,1.1316076576709748,1.122816663980484,1.1156750559806823,1.107105565071106,1.1035881280899047,1.0957716047763824,1.0872693836688996,1.083796787261963,1.076594388484955,1.0674643158912658,1.0598537147045135,1.054730886220932,1.0492729425430298,1.0379576802253723,1.0310402035713195,1.0238509774208069,1.0129337519407273,1.006996935606003,0.9966760784387588,0.9880287170410156,0.9767402142286301,0.9647644847631455,0.959205961227417,0.9462131857872009,0.9384266823530197,0.9273479044437408,0.9181438088417053,0.9037810534238815,0.891491687297821,0.8848010867834091,0.867360645532608,0.8561903595924377,0.8422061622142791,0.8287267088890076,0.811850643157959,0.7986090898513794,0.7827646285295486,0.7652462691068649,0.7488122403621673,0.7333743274211884,0.7140283554792404,0.6951313108205796,0.6765704780817032,0.6580220490694046,0.6405453652143478,0.6188217639923096,0.5952029407024384,0.5757903605699539,0.5565559893846512,0.5332402199506759,0.5091368585824967,0.4892332196235657,0.4660771429538727,0.439790803194046,0.42189313024282454,0.40039104372262957,0.37782847285270693,0.3469168975949287,0.32391123920679094,0.3025741010904312,0.27607059180736543,0.24714104756712912,0.22413922473788261,0.19689618349075316,0.16549304872751236,0.13857731819152833,0.11549368873238564,0.09188405610620975,0.07222895435988903,0.0,0.06868900246918201,0.08585955575108528,0.1105994313955307,0.13266973420977593,0.16343265995383263,0.19354254603385926,0.22066319435834886,0.24910357743501663,0.2782618075609207,0.3084803014993668,0.33693978637456895,0.3592071011662483,0.3881896764039993,0.41513542383909224,0.44475855976343154,0.47474547624588015,0.496259742975235,0.5206506699323654,0.5412539839744568,0.5675572872161865,0.58377925157547,0.6056439578533173,0.6249477177858352,0.6472640663385392,0.6654108345508576,0.6852274060249328,0.7033903300762177,0.7207802176475525,0.7378291636705399,0.7520810604095459,0.7690007477998734,0.7855304270982743,0.8001879662275314,0.8132163614034653,0.8271550536155701,0.840897336602211,0.8534328252077102,0.8618432015180588,0.8748551607131958,0.886510568857193,0.8969067841768265,0.9066967576742172,0.9182550191879273,0.9261244297027588,0.9366028487682343,0.9444241017103195,0.9528036326169967,0.9604906290769577,0.9680802345275878,0.9759929776191711,0.9828470319509506,0.99039426445961,0.9975887209177017,1.0045116275548935,1.012244498729706,1.0178814589977265,1.0236327648162842,1.0300906956195832,1.0353227138519288,1.0398421466350556,1.0459073662757874,1.0503227353096007,1.0553291499614716,1.0607441663742065,1.064606887102127,1.0704283356666564,1.0740330576896668,1.0776861667633058,1.0806230902671814,1.0863744974136353,1.0911246180534362,1.0932572305202484,1.0963480472564697,1.0994376242160797,1.1030629754066468,1.1068991363048553,1.1092159271240234,1.112839013338089,1.1151889264583588,1.1183322489261627,1.1218669176101685,1.123578703403473,1.1262132287025453,1.1288785934448242,1.132376492023468,1.1343792736530305,1.1373009979724884,1.1390663087368011,1.1411352038383484,1.1440075099468232,1.1455192863941193,1.1477207839488983,1.1501416385173797,1.1519389748573303,1.1539175868034364,1.1565218687057495,1.1578673005104065,1.1599253177642823,1.1628177523612977,1.1634608924388885,1.166432499885559,1.1678923070430756,1.1689201712608337,1.1708136200904846,1.1734284460544586,1.1755325555801392,1.1774177253246307,1.1785977602005004,1.179651778936386,1.181536728143692,1.1841064393520355,1.1850504398345947,1.1868639409542083,1.1891833782196044,1.1914609491825103,1.1945361912250518
t_115,1.1953510999679566,1.190720683336258,1.192810732126236,1.1888014853000641,1.185589426755905,1.1832286655902862,1.1765615701675416,1.1707524240016938,1.16372230052948,1.1610468685626985,1.1554181575775146,1.1493033170700073,1.1482618033885956,1.1409079134464264,1.138442063331604,1.1298686563968658,1.1228973031044007,1.114566159248352,1.111128294467926,1.1035362780094147,1.0952561736106872,1.0918879210948944,1.0848570883274078,1.0759668350219727,1.0685243010520935,1.0635300874710083,1.0582740783691407,1.0472101092338562,1.0404673755168914,1.0334644675254823,1.022808063030243,1.0170011788606643,1.0069852262735366,0.9984833210706711,0.9874883174896241,0.9757861316204071,0.9703756660223007,0.9576964378356934,0.9501227349042892,0.9393213063478469,0.9303411394357681,0.9162968337535858,0.904339924454689,0.8977789163589478,0.8807725518941879,0.8698515713214874,0.8561874628067017,0.8429982155561447,0.8265939176082611,0.8136612743139267,0.7981311410665513,0.7809649676084518,0.7649508982896804,0.7498931229114533,0.7309726387262344,0.7125570863485337,0.6943315118551254,0.676232373714447,0.6592751681804657,0.6377901524305344,0.6148543298244477,0.5957039207220077,0.5769369661808014,0.5540355950593948,0.530535700917244,0.5111094385385513,0.4885393261909485,0.462457500398159,0.4451891854405403,0.4240137994289398,0.4017732381820679,0.37116058319807055,0.3492200031876564,0.327878101170063,0.30170041918754575,0.2736211970448494,0.25039821639657023,0.2224238134920597,0.19135627374053002,0.1641139306128025,0.1405140720307827,0.11341224871575832,0.0868157796561718,0.06868900246918201,0.0,0.07311729416251182,0.08768049068748951,0.10809087976813317,0.13857502862811089,0.16752535998821258,0.19562460854649544,0.22231867611408235,0.2516745053231716,0.2831614464521408,0.31141259223222734,0.33361310362815855,0.36289763152599336,0.3904647320508957,0.4208057001233101,0.45121292024850845,0.47306967675685885,0.497846719622612,0.5191553294658661,0.5458339214324951,0.5626852542161942,0.5848260819911957,0.6044394612312317,0.6273462831974029,0.6456577807664872,0.6661202222108841,0.6848062634468078,0.7025078147649765,0.720071890950203,0.734501275420189,0.7519502460956573,0.768789193034172,0.7837209552526474,0.7971003592014313,0.8113603234291077,0.8255613535642624,0.8382399916648865,0.846963182091713,0.8603754729032517,0.8721761345863343,0.882870277762413,0.8929218739271164,0.9048560291528702,0.9129484623670578,0.9236007630825043,0.9316140711307526,0.9401851981878281,0.9481514394283295,0.9559013396501541,0.9640414327383041,0.9710938453674316,0.9788061797618866,0.9862414836883545,0.993300798535347,1.0012195318937303,1.0070090383291244,1.0129286378622055,1.0195432275533676,1.024871438741684,1.0295138359069824,1.0357639610767364,1.0402852714061737,1.0454117894172668,1.0509710788726807,1.0549563348293305,1.0609437942504882,1.064559519290924,1.0683978497982025,1.0713900685310365,1.0773093283176423,1.0821809828281403,1.0843518257141114,1.0875281274318696,1.0907158315181733,1.0944379925727845,1.0983227908611297,1.1007311165332794,1.1044528365135193,1.1068547129631043,1.1100915729999543,1.113692396879196,1.1154974102973938,1.1181980788707733,1.120957189798355,1.1244968712329864,1.1265836238861084,1.1295887887477876,1.1314172983169555,1.1335509657859801,1.1364867627620696,1.1380637168884278,1.1403250992298126,1.1428064048290252,1.1446543753147125,1.1467067778110505,1.1493320226669312,1.1507809221744538,1.1528757035732269,1.1558267056941987,1.156526803970337,1.1595759689807892,1.1610766232013703,1.1621366024017334,1.1641286194324494,1.166778016090393,1.1689403355121613,1.1709099411964417,1.1721328020095825,1.1732294499874114,1.1751833081245422,1.177786111831665,1.178842055797577,1.1807178735733033,1.1831029653549194,1.185480785369873,1.1886132061481476
t_114,1.1991357684135437,1.1946098804473877,1.1966795802116394,1.1927671492099763,1.189626979827881,1.187358295917511,1.1808260679244995,1.1751276493072509,1.1682738423347474,1.1656745970249176,1.1601729035377502,1.1541975617408753,1.1532090961933137,1.1460649490356445,1.143694031238556,1.1353182554244996,1.128567785024643,1.120433759689331,1.1170955896377563,1.109736829996109,1.1017057716846466,1.0983979642391204,1.0915724873542785,1.0829589724540711,1.0756979882717133,1.0708511412143706,1.0657973408699035,1.0549713313579558,1.0484654784202576,1.0416023969650268,1.031233811378479,1.0255471229553224,1.015889048576355,1.0075108051300048,0.9967897355556488,0.985349589586258,0.9800470530986786,0.9676320344209671,0.9602137982845307,0.9497114241123199,0.9408312678337097,0.9270793378353119,0.9154282361268997,0.9089432805776596,0.8922358632087708,0.8816021084785461,0.8682073414325714,0.8552030384540558,0.8391200423240661,0.8264139145612717,0.8111796677112579,0.7943541407585144,0.7786602318286896,0.7639875441789628,0.7452353477478028,0.7272238880395889,0.7093024760484695,0.6918380916118622,0.6753078430891037,0.6538703680038452,0.6315735667943955,0.6125934451818467,0.594471400976181,0.5719471782445907,0.5485699981451034,0.5299367725849151,0.5079710394144058,0.4818932920694351,0.4651561871170998,0.4440643429756165,0.42213045209646227,0.3921130299568176,0.37117443084716795,0.35000648647546767,0.3238016486167908,0.2956905260682106,0.2724761709570885,0.24495772942900657,0.21405857130885125,0.18730269446969033,0.16472454816102983,0.13977230191230774,0.10871272161602974,0.08585955575108528,0.07311729416251182,0.0,0.08077890612185001,0.09060492478311062,0.12022471576929092,0.14515975639224052,0.17423352599143982,0.19906960651278496,0.22911117896437644,0.26165748089551927,0.2893595054745674,0.3114202946424484,0.3410751774907112,0.36902299970388414,0.3997176855802536,0.43064923733472826,0.4538739636540413,0.4780930459499359,0.4997962638735771,0.527797344326973,0.5447193950414657,0.566733980178833,0.5868407189846039,0.6100375264883041,0.6289752125740051,0.6499165266752243,0.6692753195762634,0.6870690017938614,0.7052557706832886,0.7197038859128952,0.7375856190919876,0.7548232644796371,0.770020353794098,0.7835207760334015,0.7980858385562897,0.8127252608537674,0.8255978882312774,0.8345595955848694,0.8484069585800171,0.8602858006954193,0.8711547732353211,0.8814080119132995,0.8939506769180298,0.9021441608667373,0.9128869891166687,0.9210651487112045,0.9297568827867508,0.9379910349845886,0.9457644373178482,0.9540839672088623,0.961304435133934,0.9692537307739257,0.9768664091825485,0.9840190500020981,0.9922258377075195,0.997982183098793,1.0040445506572724,1.0108713209629059,1.016252601146698,1.020967224240303,1.0274722397327423,1.0319738388061523,1.0373229146003724,1.0429210364818573,1.0470449924468994,1.0532739222049714,1.0567819714546203,1.0607553243637085,1.0637860536575316,1.069904726743698,1.0749328076839446,1.0770062923431396,1.080297440290451,1.0835623264312744,1.0872961282730103,1.0913190364837646,1.093807202577591,1.097581499814987,1.1000470221042633,1.103358232975006,1.1070402801036834,1.1089595913887025,1.1117370128631592,1.1144475519657135,1.1181005716323853,1.12021484375,1.1232596337795258,1.1251760184764863,1.127396935224533,1.1303980112075807,1.131975567340851,1.1342931807041168,1.136873334646225,1.1386971950531006,1.1407993912696839,1.1434630274772644,1.1450647950172423,1.1470988810062408,1.1501177668571472,1.1508833527565003,1.1539578855037689,1.1555281400680542,1.156556874513626,1.1586059033870697,1.1613582789897918,1.163526701927185,1.1655696988105775,1.1667765438556672,1.167867660522461,1.1698953688144684,1.1725413382053376,1.1736102283000946,1.1755183219909668,1.1780190885066986,1.1804431974887848,1.1834712505340577
t_113,1.2080916702747344,1.2037144422531127,1.2057508170604705,1.2019291758537292,1.198873555660248,1.196627026796341,1.1902635395526886,1.1847492098808288,1.178033035993576,1.1754811763763429,1.170135933160782,1.1642987132072449,1.1633345782756805,1.156368750333786,1.1540441334247589,1.1458793938159944,1.1392355978488922,1.1313545644283294,1.128105843067169,1.1209057867527008,1.1130444169044496,1.109906506538391,1.1032327115535736,1.094790631532669,1.0877455651760102,1.0830358982086181,1.07804074883461,1.0675879657268523,1.0611622333526611,1.0545900464057922,1.0445164680480956,1.0390043079853057,1.0294637858867646,1.021487331390381,1.0110783129930496,0.999976509809494,0.9948939204216003,0.9828991591930389,0.9757348239421845,0.9654504179954528,0.9569608777761459,0.9436718702316285,0.9323032617568969,0.9261219590902329,0.9100038170814514,0.8996000260114669,0.8866320431232453,0.874154606461525,0.8585887789726258,0.8463644921779633,0.8316019743680954,0.8152919441461564,0.8000191628932953,0.7856607079505921,0.76773242354393,0.7501613795757294,0.7328722715377808,0.7155995756387711,0.6993194490671157,0.6790334045886993,0.6570610105991364,0.6389284312725068,0.6209297180175781,0.5991185218095779,0.5767438560724258,0.5580883592367172,0.5363968938589097,0.5117485404014588,0.49500866830348966,0.4747587233781815,0.45344899594783783,0.42413790971040727,0.40261867493391035,0.3822108551859856,0.3568300768733025,0.32962198853492736,0.3068726196885109,0.2796026036143303,0.24880758672952652,0.22192201688885688,0.19725001454353333,0.16834562495350838,0.13852257132530213,0.1105994313955307,0.08768049068748951,0.08077890612185001,0.0,0.06660714074969291,0.08791654892265796,0.11503485776484013,0.139082108438015,0.16817361116409302,0.19756845980882645,0.22715725973248482,0.2574190527200699,0.2802134916186333,0.3105857536196709,0.33895026743412016,0.36992982774972916,0.4019012063741684,0.42393091022968293,0.45065329074859617,0.4724998503923416,0.5000548884272575,0.5176458150148392,0.5412879079580307,0.5620398044586181,0.5859820574522019,0.6053149163722992,0.6264207333326339,0.6457615524530411,0.6646301418542861,0.6827175736427307,0.6982996582984924,0.7164884775876998,0.7341590732336044,0.7499888628721237,0.7641624927520752,0.7792151272296906,0.7938306301832199,0.8074692547321319,0.816592788696289,0.8304484903812408,0.8431697726249695,0.8544244557619095,0.864920711517334,0.8771758079528809,0.8857336163520813,0.8971393644809723,0.9056154668331147,0.914762768149376,0.9229656040668488,0.931246280670166,0.9397973030805588,0.9472204983234406,0.9552568644285202,0.9630709558725357,0.9705380946397781,0.9787299424409867,0.9849858373403549,0.9911760598421097,0.9981371879577636,1.0037520289421082,1.0087007254362106,1.0152000725269317,1.0200382232666017,1.0253589928150177,1.0312566936016083,1.03542959690094,1.0415544271469117,1.045598602294922,1.0495434045791625,1.0528247892856597,1.0589206337928772,1.0639271080493926,1.0664344072341918,1.069748193025589,1.0731210350990295,1.0770720064640045,1.0811624944210052,1.0837061882019043,1.0876259505748749,1.09016010761261,1.0935815036296845,1.097389817237854,1.0992072224617004,1.102105152606964,1.1050506711006165,1.1087640702724457,1.111013013124466,1.1141200959682465,1.116098368167877,1.1183200299739837,1.1213879704475402,1.1231152534484863,1.1254927575588227,1.1280636131763457,1.1300986230373382,1.1322414875030518,1.1350195050239562,1.1364495873451232,1.1387653350830078,1.1418580532073974,1.1425432920455934,1.1457889914512633,1.147351896762848,1.1485689580440521,1.1506126642227172,1.153390610218048,1.1556698441505433,1.1576957523822784,1.1590966880321503,1.1603029668331146,1.1623153626918792,1.1651149272918702,1.166250890493393,1.1682648479938507,1.1707082390785217,1.1732328057289123,1.1766502857208252
t_112,1.2116532385349275,1.2073894262313842,1.209410148859024,1.2056814551353454,1.2026918470859527,1.2005414128303529,1.1943216562271117,1.1889227151870727,1.1823672235012055,1.1798863172531129,1.1746715426445007,1.1689741730690002,1.1680504083633423,1.1612773299217225,1.1590484499931335,1.151083117723465,1.1446244418621063,1.1369487702846528,1.1337823450565339,1.1267933130264283,1.1191563189029694,1.1160843670368195,1.1095835089683532,1.1013815879821778,1.094475543498993,1.0898896396160125,1.0851097226142883,1.0748554110527038,1.0686465859413148,1.062207144498825,1.052384477853775,1.0469853103160858,1.0377861976623535,1.0298988223075867,1.0197582721710206,1.008894568681717,1.0039183735847472,0.9921666830778122,0.9851537078619004,0.9751467257738113,0.966774719953537,0.9537365674972534,0.9426630467176438,0.9365400105714798,0.9207265228033066,0.9105762511491775,0.8978648126125336,0.8855491667985916,0.8703350871801376,0.8583251386880875,0.8438215613365173,0.8278117835521698,0.8128734797239303,0.7988813698291779,0.7811665296554565,0.7640195250511169,0.7469929963350296,0.7302466481924057,0.7144163429737092,0.6941573679447174,0.6728503257036209,0.6548795223236084,0.6374276489019394,0.6159532338380813,0.5938804298639297,0.5758546531200409,0.5548286855220794,0.530118265748024,0.5139592856168747,0.4938455581665039,0.47289335578680036,0.44396294802427294,0.42360668182373046,0.4031491234898567,0.3778426587581635,0.3509423643350601,0.32847641557455065,0.30102634280920026,0.27077019214630127,0.2443536065518856,0.22023434117436408,0.1929655872285366,0.1599879063665867,0.13266973420977593,0.10809087976813317,0.09060492478311062,0.06660714074969291,0.0,0.07160841450095176,0.09077324420213699,0.11693520396947861,0.14009361937642098,0.17102059945464135,0.20300454199314116,0.2322518713772297,0.2544660471379757,0.28501986265182494,0.3138336420059204,0.34557587951421737,0.37797518223524096,0.4013041526079178,0.42757591009140017,0.4499676555395126,0.4786443948745728,0.4965423732995987,0.5201063245534897,0.5413460284471512,0.5656657934188842,0.5854567795991897,0.6073105126619339,0.6273589730262756,0.6463824301958084,0.6651847988367081,0.6807704836130142,0.6994965851306916,0.7175715833902359,0.7336920619010925,0.7480582296848297,0.7634345054626465,0.7786150217056275,0.7923793941736221,0.8018626004457474,0.8161998808383941,0.8289627850055694,0.8404727280139923,0.8512489706277847,0.8641352325677871,0.8728558599948884,0.8843521326780319,0.8929512739181519,0.9022615283727646,0.9107821345329284,0.9191319555044174,0.9279099017381668,0.935533320903778,0.9438409298658371,0.9518694669008255,0.9594788491725922,0.9679495811462402,0.97420454621315,0.9806037306785583,0.9877553910017014,0.9934406161308289,0.9984945952892303,1.0052291631698609,1.0100929737091064,1.0156345427036286,1.0216036051511765,1.025929594039917,1.0323270320892335,1.0362645387649536,1.040417492389679,1.0437234222888947,1.0500118017196656,1.055213075876236,1.0576421201229096,1.0610802054405213,1.0645458579063416,1.068535977602005,1.0727479815483094,1.0753859996795654,1.0793840169906617,1.0819876849651338,1.0854909121990204,1.08936767578125,1.09133780002594,1.0943102180957793,1.0972584724426269,1.1010507106781007,1.1033527195453643,1.1065414905548097,1.1085799098014832,1.1109098136425017,1.1140393137931823,1.115807682275772,1.1182341933250428,1.1209217965602876,1.1229402601718903,1.1251575767993927,1.1279630780220031,1.129546046257019,1.1318356692790985,1.1349673628807069,1.1357596933841705,1.1390296995639801,1.1406539499759674,1.1418705344200135,1.1439965844154358,1.1468551456928253,1.1491642832756042,1.1512957632541656,1.152673876285553,1.1538906216621398,1.155994826555252,1.1588323950767516,1.1600448071956635,1.1621019959449768,1.1646682977676392,1.167262715101242,1.1706161677837372
t_111,1.2192228257656097,1.215094304084778,1.2170917510986328,1.2134412765502929,1.2105326771736145,1.208425360918045,1.2023425698280334,1.1970980882644653,1.1906780362129212,1.188253217935562,1.1831696271896361,1.1776115000247955,1.1767147302627563,1.1701256394386292,1.1679534554481505,1.1601866364479065,1.1538565814495088,1.146405440568924,1.1433111429214478,1.136504191160202,1.1290529251098633,1.126118105649948,1.1197727024555206,1.111763560771942,1.1050570905208588,1.1005999267101287,1.0959305047988892,1.085983157157898,1.079897952079773,1.073692113161087,1.0641473054885864,1.0589022040367126,1.0499095857143401,1.042289674282074,1.0324379861354829,1.0218857556581498,1.0170807987451553,1.0056729316711426,0.9988964855670929,0.9891263008117676,0.9810259401798248,0.968370521068573,0.9576021581888199,0.9516874343156815,0.9363726735115051,0.9264493763446808,0.914114460349083,0.902200174331665,0.8874804079532623,0.8758464545011521,0.8617427766323089,0.8461831837892533,0.8316418439149856,0.8180127054452896,0.8008465111255646,0.7841611057519913,0.7676591038703918,0.7513121455907822,0.7358133941888809,0.7162846744060516,0.6954248875379563,0.6780361652374267,0.6609333455562592,0.6400222033262253,0.6186962604522706,0.600989255309105,0.5804048776626587,0.5565354526042938,0.5406952291727066,0.5211368888616562,0.5007713824510575,0.47256136536598203,0.45227184891700745,0.43257735669612885,0.40765684843063354,0.38154003620147703,0.3594823986291885,0.3326886773109436,0.3027412638068199,0.2763729989528656,0.2521148070693016,0.22494255602359772,0.19204018339514733,0.16343265995383263,0.13857502862811089,0.12022471576929092,0.08791654892265796,0.07160841450095176,0.0,0.07107442282140256,0.08834781385958194,0.11515728607773781,0.1442243628203869,0.17223071828484535,0.20296160653233528,0.22478473111987113,0.2555062547326088,0.2845836028456688,0.3165072962641716,0.34967977553606033,0.37254320830106735,0.40035733878612517,0.4229926973581314,0.4517745316028595,0.4699745163321495,0.49477830082178115,0.5165760099887848,0.5414062857627868,0.5616958737373352,0.584000414609909,0.604234766960144,0.624075049161911,0.6429256349802017,0.6593991786241531,0.6784897983074188,0.6971188485622406,0.7137154847383499,0.7286591768264771,0.7443921655416489,0.7598453611135483,0.7741674482822418,0.7838543444871903,0.7984988063573837,0.8118202328681946,0.8236394077539444,0.8346516698598861,0.847685968875885,0.8566605269908905,0.8686369985342026,0.8775457888841629,0.8872195035219193,0.8958581835031509,0.9045785635709762,0.9135778963565826,0.9213959455490113,0.9298311024904251,0.9381199777126312,0.9459710747003556,0.9546050190925598,0.9611316680908203,0.9676931232213974,0.9750278800725937,0.9808733701705933,0.9861274212598801,0.9930240720510483,0.998050007224083,1.0037143170833587,1.0098993122577666,1.0143433779478073,1.0207715928554535,1.0249729216098786,1.0291765868663787,1.0326861441135406,1.03904989361763,1.0443189859390258,1.046980434656143,1.0504794895648957,1.0540742814540862,1.0582145690917968,1.0625167429447173,1.06522017121315,1.0693316876888275,1.0720044732093812,1.0756476998329163,1.0796268343925477,1.0815764844417572,1.0846899211406709,1.087783432006836,1.091649854183197,1.094061952829361,1.0972902595996856,1.0994337975978852,1.1018015146255493,1.1050114154815673,1.1068615376949311,1.1093696475028991,1.112104892730713,1.114243996143341,1.1165145576000213,1.1194048047065734,1.1209550321102142,1.1234088718891144,1.1266175150871276,1.1273950040340424,1.1307986736297608,1.1324595987796784,1.13377103805542,1.1359570145606994,1.1388579845428466,1.141267329454422,1.1433967351913452,1.144931173324585,1.146235501766205,1.1483719646930695,1.151319867372513,1.1526098728179932,1.154736328125,1.1573251903057098,1.1599944174289702,1.1635848701000213
t_110,1.2235585033893586,1.2195332646369934,1.221532517671585,1.2179693400859832,1.2151196360588075,1.2131105363368988,1.2071728169918061,1.2020472466945649,1.1957952797412872,1.1934507608413696,1.18849316239357,1.183072131872177,1.182235312461853,1.1758509814739226,1.1737698793411255,1.1662167608737946,1.1600961625576018,1.152861911058426,1.149853813648224,1.143299752473831,1.1360823154449462,1.1332230627536775,1.127089947462082,1.1193573415279388,1.1128342688083648,1.108525812625885,1.1040662765502929,1.094389659166336,1.0885366380214692,1.0824866235256194,1.0732954263687133,1.06814643740654,1.059548705816269,1.0520756542682648,1.0425292015075684,1.0322569489479065,1.0275842785835265,1.0164587199687958,1.0098798662424087,1.0004388511180877,0.9924778521060944,0.9801524192094803,0.9697188854217529,0.9638966858386994,0.9489453732967377,0.9393638640642166,0.9272878795862198,0.9156173825263977,0.9012700766324997,0.8899130165576935,0.8761201500892639,0.860899904370308,0.8467887878417969,0.833617502450943,0.8167226612567902,0.8004254043102265,0.7842560082674026,0.7685433030128479,0.7536092072725296,0.7340795636177063,0.7140334904193878,0.6968286842107773,0.6804204285144806,0.6599446356296539,0.6388866990804672,0.6219801217317581,0.6019922971725464,0.5782135099172592,0.5631093949079513,0.5437299281358718,0.5237911492586136,0.49603360444307326,0.4771729737520218,0.4575324818491936,0.43299937844276426,0.4072971671819687,0.3854624852538109,0.3584570899605751,0.32921541184186937,0.3041559085249901,0.2804442346096039,0.25451425462961197,0.2203811913728714,0.19354254603385926,0.16752535998821258,0.14515975639224052,0.11503485776484013,0.09077324420213699,0.07107442282140256,0.0,0.07444683574140072,0.08631531558930874,0.11395066007971763,0.14690758436918258,0.17314553186297416,0.19334133192896844,0.2252686232328415,0.254901260137558,0.287206706404686,0.3210267871618271,0.3454095095396042,0.3722099423408508,0.3955987304449081,0.4258918285369873,0.4447120279073715,0.4689191788434982,0.49110642820596695,0.5166176646947861,0.5375532865524292,0.5603975117206573,0.5818168818950653,0.601525342464447,0.6216005384922028,0.6377185374498368,0.657596942782402,0.6766990780830383,0.6935543805360794,0.7087203800678253,0.724970617890358,0.7410224676132202,0.7555809289216995,0.7657108515501022,0.7809115648269653,0.7943812847137451,0.8065156817436219,0.8178787648677825,0.831696406006813,0.8409244924783706,0.852970027923584,0.8621493518352509,0.8719226807355881,0.8810223013162612,0.8898113280534744,0.8991002082824707,0.907185822725296,0.9159510135650635,0.9244284838438034,0.9324442178010941,0.9414844214916229,0.9480153679847717,0.9547670274972916,0.9623448461294174,0.968356016278267,0.9737210750579834,0.9809180468320846,0.9860293507575989,0.9919420391321182,0.9981545507907867,1.0027759701013566,1.0096310138702393,1.013709270954132,1.018180751800537,1.0216378033161164,1.0283876955509186,1.0338579297065735,1.0363679647445678,1.0400949716567993,1.0437681376934052,1.0479600131511688,1.0523925721645355,1.055251944065094,1.0594727158546449,1.062215805053711,1.0659737586975098,1.0700509309768678,1.072192645072937,1.0753553748130797,1.0784699976444245,1.082462692260742,1.0849400818347932,1.0882532238960265,1.0904515624046325,1.092931765317917,1.0962845504283905,1.0981113195419312,1.1007307112216949,1.1035394966602325,1.1056841015815735,1.1080221235752106,1.1109884679317474,1.1127378404140473,1.1151359617710113,1.118471270799637,1.1193223476409913,1.1228072941303253,1.1245873630046845,1.125839740037918,1.1281256258487702,1.1311587810516357,1.133623343706131,1.1358758687973023,1.137343454360962,1.1387006521224976,1.1409196615219117,1.1439426064491272,1.1452558755874633,1.1474792778491973,1.150225168466568,1.1529844880104065,1.15655158162117
t_109,1.2304045617580415,1.2265129089355469,1.2284501492977142,1.2249673843383788,1.2221969306468963,1.2201872527599336,1.2143905282020568,1.2094144523143768,1.2032784640789032,1.2009479701519012,1.1961301684379577,1.190841656923294,1.190006250143051,1.1837642669677735,1.1817216217517852,1.1743681848049163,1.168336170911789,1.161317777633667,1.158387577533722,1.151944923400879,1.1448829233646394,1.1421726763248443,1.1361636579036714,1.1285690367221832,1.1222255051136016,1.1180349707603454,1.1136319100856782,1.104274433851242,1.0985102474689483,1.0927165806293488,1.083735966682434,1.0787720084190369,1.0702488720417023,1.0631164073944093,1.0538092792034148,1.0438323318958282,1.0393166363239288,1.0285510838031768,1.022154939174652,1.0128601789474487,1.0052309393882752,0.9932708233594895,0.983072555065155,0.9774837136268616,0.9629932880401612,0.9535293847322464,0.9418188631534576,0.9305605947971344,0.9166271150112152,0.9056303292512894,0.8921936124563217,0.8774317055940628,0.8636129647493362,0.8506280750036239,0.8343686521053314,0.8184942781925202,0.8028558671474457,0.7872459530830384,0.7724336385726929,0.7539795249700546,0.7340745627880096,0.717522993683815,0.7012421309947967,0.6813774466514587,0.6611353844404221,0.644179105758667,0.624414736032486,0.601789054274559,0.5866794198751449,0.5680528044700622,0.5484565675258637,0.5216291412711144,0.5018455848097801,0.48327301889657975,0.4594615638256073,0.4342019155621529,0.4127244010567665,0.3870760828256607,0.358159014582634,0.3324533224105835,0.30907201766967773,0.2815339773893356,0.249515413492918,0.22066319435834886,0.19562460854649544,0.17423352599143982,0.139082108438015,0.11693520396947861,0.08834781385958194,0.07444683574140072,0.0,0.07888626158237458,0.09931807443499566,0.11640598587691783,0.14888246804475785,0.1702589638531208,0.20119990780949593,0.2308885857462883,0.2616963595151901,0.29632838517427446,0.3194205522537231,0.3488886833190918,0.3720972940325737,0.4016401022672653,0.420805387198925,0.4467482641339302,0.4697887748479843,0.495978818833828,0.5171061784029007,0.5399225980043412,0.560909241437912,0.5820313572883606,0.6014323234558105,0.619297730922699,0.6392160475254058,0.6587008684873581,0.6764026939868927,0.6921207875013351,0.7088159918785095,0.7246790736913681,0.7401232033967972,0.7503103584051132,0.7653825253248214,0.7797409445047379,0.7921839267015457,0.8037623763084412,0.8170682549476623,0.8266195386648179,0.839329183101654,0.84879350066185,0.8590992242097855,0.8680053204298019,0.8772932171821595,0.886789757013321,0.8950516134500504,0.9038432955741882,0.9125691503286362,0.9208827018737793,0.9298324823379517,0.9368705570697784,0.9437319517135621,0.951439481973648,0.9576070040464402,0.9632357746362686,0.9703837692737579,0.975763475894928,0.9816482633352279,0.9881970912218094,0.9928189247846604,0.9994535326957703,1.0041170030832292,1.0084537446498871,1.0122557133436203,1.018777745962143,1.024188655614853,1.0272549986839294,1.030922183394432,1.0346945524215698,1.0391087234020233,1.0436151921749115,1.0464853703975678,1.050807124376297,1.0536307632923125,1.0574606359004974,1.0616438448429109,1.0636334121227264,1.0669291138648986,1.070285576581955,1.0742872178554534,1.0769138872623443,1.0802339911460876,1.0825306951999665,1.085000491142273,1.0883483707904815,1.090374231338501,1.0930070638656617,1.095819926261902,1.0981859624385835,1.1005582511425018,1.1035842418670654,1.1051342368125916,1.1078731298446656,1.1111846685409545,1.1119768083095551,1.1155757009983063,1.1173078835010528,1.1188063144683837,1.1210802257061006,1.1240740060806274,1.1266394674777984,1.12883602976799,1.1305770337581635,1.1320089280605317,1.1341907978057861,1.13736732006073,1.1387606978416442,1.1410436749458313,1.1437047243118286,1.1465375423431396,1.1504456877708436
t_108,1.233938640356064,1.2301440000534059,1.2320930242538453,1.228700542449951,1.2259945809841155,1.2240954637527466,1.2184561252593995,1.213599443435669,1.2076254665851593,1.2054033637046815,1.200716108083725,1.1955586135387422,1.1947781085968017,1.1887557566165925,1.186838334798813,1.1796767652034759,1.1738551080226898,1.1670304656028747,1.1641693711280823,1.1579664766788482,1.1511314809322357,1.1484446227550507,1.1426117062568664,1.135278081893921,1.129070633649826,1.1249912619590758,1.120816421508789,1.1116125643253327,1.106079876422882,1.1003785490989686,1.0916516840457917,1.0867765128612519,1.0786650776863098,1.0715200185775757,1.062486970424652,1.0527100086212158,1.048308217525482,1.0377376675605774,1.031507658958435,1.0225517213344575,1.0149907439947128,1.0032615780830383,0.9933746993541718,0.9878070026636123,0.9735840022563934,0.9644270032644272,0.9529499322175979,0.9418028444051743,0.9282299488782882,0.9174387574195861,0.90425064265728,0.8897540897130967,0.8762920707464218,0.8637492805719376,0.8475942492485047,0.8321766078472137,0.8167320400476455,0.8017861723899842,0.7875526160001755,0.7688359409570694,0.7497382581233978,0.733333733677864,0.7176613658666611,0.6980717986822128,0.6780506998300553,0.6619402438402175,0.6430005937814712,0.6200916290283203,0.605764451622963,0.5872648239135743,0.5681439429521561,0.5415027737617493,0.5235965609550476,0.5047495603561402,0.4811525896191597,0.45657419264316557,0.43554940074682236,0.4095283806324005,0.38140816539525985,0.35700580328702924,0.3341977745294571,0.30871796011924746,0.2749276399612427,0.24910357743501663,0.22231867611408235,0.19906960651278496,0.16817361116409302,0.14009361937642098,0.11515728607773781,0.08631531558930874,0.07888626158237458,0.0,0.0739772479981184,0.10093139596283436,0.12310363948345185,0.1393827185034752,0.16961577534675598,0.19975046813488007,0.2326283149421215,0.2669528216123581,0.29234346449375154,0.31969437152147295,0.34389071464538573,0.3751532420516014,0.3949592739343643,0.41975592374801635,0.44312578439712524,0.46961872428655627,0.49127729535102843,0.515446412563324,0.5378596663475037,0.558533889055252,0.5795265018939972,0.5965099632740021,0.617358386516571,0.6373535931110382,0.6551005274057389,0.6710096508264541,0.6880592614412308,0.7050385296344757,0.7202290385961533,0.7311070173978805,0.7470581591129303,0.7610936611890793,0.7738842993974686,0.785896173119545,0.8004886239767075,0.8102416723966599,0.8228458315134048,0.8324480831623078,0.8428284734487533,0.8524173557758331,0.861662757396698,0.8714654594659805,0.8800414264202118,0.8892649739980698,0.8982715129852294,0.9066670864820481,0.9161039352416992,0.923007932305336,0.9301898181438446,0.9381830275058747,0.9444113075733185,0.9501233875751496,0.957696008682251,0.9630776435136795,0.9692991495132446,0.9759065985679627,0.9808080792427063,0.9879566490650177,0.9921836942434311,0.9969923347234726,1.0007154881954192,1.0076884180307388,1.0134161055088042,1.0161544382572174,1.0200507313013076,1.0239638268947602,1.0283691316843033,1.0330180168151855,1.0360660314559937,1.0404926776885985,1.0434120535850524,1.0473491489887237,1.0515962541103363,1.0539190292358398,1.057303386926651,1.0605830252170563,1.0647270441055299,1.0673796594142915,1.070861005783081,1.073222702741623,1.0758767485618592,1.0793253421783446,1.0813345611095428,1.0840691208839417,1.0870700836181642,1.0893489837646484,1.0918376863002777,1.0948735773563385,1.0967917323112488,1.099351817369461,1.102745634317398,1.1037642180919647,1.107373011112213,1.1092629253864288,1.1106433689594268,1.1130904853343964,1.1162527680397034,1.1188238620758058,1.1212067008018494,1.122832429409027,1.124288547039032,1.1266426026821137,1.1298063278198243,1.1313319385051728,1.133660238981247,1.1365466833114624,1.1395382761955262,1.1432550430297852
t_107,1.2385508000850678,1.2348609030246736,1.2367783188819885,1.2334641218185425,1.2308229088783265,1.2289681613445282,1.2234626173973084,1.2187152445316314,1.212876844406128,1.2106983542442322,1.2061156809329987,1.201080995798111,1.2003376960754395,1.1944622993469238,1.1926062166690827,1.1856296896934508,1.1799323856830597,1.17330242395401,1.170513206720352,1.1644699573516846,1.1578236162662505,1.1552273035049438,1.1495416641235352,1.1423913717269898,1.1363305807113648,1.1323701798915864,1.1283298909664154,1.119378501176834,1.1139923751354217,1.1084694504737853,1.0999897480010987,1.0952303230762481,1.0873634338378906,1.080418735742569,1.0716364204883575,1.062123531103134,1.0578476309776306,1.0475792348384858,1.0415299952030181,1.032815009355545,1.0254625797271728,1.0140481024980545,1.00445037484169,0.9990104913711548,0.9851962625980377,0.9762618362903595,0.9650790363550186,0.9542376458644867,0.9410415112972259,0.9305698543787002,0.9176861256361007,0.9035602241754532,0.89046670794487,0.8782713145017624,0.8625492036342621,0.8475279688835144,0.8324812084436417,0.8179399371147156,0.8040826767683029,0.7858186364173889,0.7672893911600113,0.7512222826480865,0.7360165119171143,0.7168740838766098,0.6974450469017028,0.681747105717659,0.6632505148649216,0.6408880919218063,0.6269925177097321,0.6089452594518662,0.5902509242296219,0.56432985663414,0.5468911737203598,0.5284717559814454,0.5053464189171791,0.4814318150281906,0.4607887089252472,0.4352256044745445,0.40788005143404005,0.38396311849355697,0.36160250306129454,0.33683476895093917,0.30302543491125106,0.2782618075609207,0.2516745053231716,0.22911117896437644,0.19756845980882645,0.17102059945464135,0.1442243628203869,0.11395066007971763,0.09931807443499566,0.0739772479981184,0.0,0.08840908110141754,0.09625224098563194,0.11571998782455921,0.14437168836593628,0.17263149991631507,0.20542605817317963,0.23964963108301163,0.26549364179372786,0.29249096661806107,0.31693373769521715,0.3487730473279953,0.36908472925424574,0.39434586465358734,0.41794551759958265,0.44493688493967054,0.4671601951122284,0.4917504131793976,0.5145622104406357,0.5358050793409348,0.5572803914546967,0.5747825980186463,0.5960995018482208,0.6165438562631607,0.6347221523523331,0.651101815700531,0.6686432510614395,0.6859584718942642,0.7016153186559677,0.7127748519182205,0.729085573554039,0.7435756713151932,0.7567103147506714,0.7690272003412246,0.783924600481987,0.7939444661140442,0.8068899601697922,0.8167548894882202,0.8274371564388275,0.8372448086738586,0.8468012094497681,0.8568506360054016,0.8656735450029374,0.8751255393028259,0.8843636870384216,0.893006220459938,0.9026576548814773,0.9097583919763566,0.9171200752258301,0.9253284782171249,0.9317203789949418,0.9376243233680726,0.9453775733709335,0.9509038627147675,0.9573074996471405,0.964061227440834,0.9690776646137238,0.9763924807310105,0.9807934135198593,0.9857164055109024,0.9895587146282196,0.9966706037521362,1.00252745449543,1.0053968399763107,1.009393686056137,1.0134425699710845,1.0179471671581268,1.0227201223373412,1.0258605033159256,1.0303904742002488,1.0333905786275863,1.0374548733234406,1.0418050229549407,1.0441729784011842,1.0476631700992585,1.051058030128479,1.0552858769893647,1.0580296874046327,1.0615709900856019,1.0640296459197998,1.066746139526367,1.0702954828739166,1.0723493337631225,1.0751898527145385,1.078246432542801,1.0806136846542358,1.0831663370132447,1.0862936496734619,1.0882546305656433,1.0909350514411926,1.0943853437900544,1.0954450070858002,1.099149626493454,1.1010823369026184,1.1025333464145661,1.1050483584403992,1.1082752048969269,1.11093510389328,1.1133877396583558,1.1150665640830995,1.1166130661964417,1.119029152393341,1.1222806036472321,1.123865669965744,1.1262830197811127,1.129263126850128,1.1323384404182435,1.1361912548542024
t_106,1.2471032202243806,1.2435415863990784,1.245404201745987,1.242153811454773,1.239590972661972,1.2377312541007996,1.2323286354541778,1.2277385890483856,1.2219904065132141,1.2198121845722198,1.2153698265552522,1.2104440748691558,1.2096914291381835,1.2039382874965667,1.2020931124687195,1.1952913880348206,1.1896409034729003,1.1832098066806793,1.1804712235927581,1.1745236098766327,1.1679839849472047,1.165554130077362,1.1599666118621825,1.152922224998474,1.1470553874969482,1.1431961476802825,1.139160007238388,1.1305250823497772,1.125200206041336,1.1199347376823425,1.1116666138172149,1.1070770859718322,1.0992375433444976,1.0926495313644409,1.084106707572937,1.074880701303482,1.0707860589027405,1.0608721196651458,1.0550046503543853,1.0464078903198242,1.039392787218094,1.028374195098877,1.0189820677042007,1.0138172686100007,1.0004742562770843,0.9916878670454026,0.9808611512184143,0.9704877734184265,0.9576998502016068,0.9476007342338562,0.9351039975881577,0.9214510530233383,0.9086369484663009,0.8966419368982315,0.8816367238759995,0.8670142471790314,0.8525569409132003,0.8380898505449295,0.8243287295103073,0.8072614401578904,0.7888117522001267,0.7735310107469558,0.7583911687135696,0.7399016410112381,0.7213362127542495,0.705538535118103,0.6872621804475785,0.6662048012018204,0.6522427767515182,0.6349910706281662,0.6167841672897338,0.5917214572429657,0.5734161525964737,0.5561192512512207,0.5337627679109573,0.5104204803705216,0.4902831524610519,0.46596935391426086,0.43894960880279543,0.4147223442792892,0.3924278184771538,0.3662792295217514,0.3351778328418732,0.3084803014993668,0.2831614464521408,0.26165748089551927,0.22715725973248482,0.20300454199314116,0.17223071828484535,0.14690758436918258,0.11640598587691783,0.10093139596283436,0.08840908110141754,0.0,0.08766625672578812,0.09771535024046898,0.12175377011299134,0.14858386442065238,0.17706461995840073,0.21136632561683655,0.23391541242599487,0.26624987125396726,0.2902250915765762,0.31980283558368683,0.3404756858944893,0.36833115816116335,0.3930379956960678,0.4208307355642319,0.44317740499973296,0.4673942267894745,0.4893806159496307,0.5125735744833946,0.5329608201980591,0.5528361380100251,0.5740878105163574,0.5950677007436752,0.6143086403608322,0.631480997800827,0.6495340049266816,0.6664628624916077,0.6833735257387161,0.6944876790046692,0.7105097830295563,0.7263009399175644,0.7398226916790008,0.7523552536964416,0.7664334714412689,0.7768706053495407,0.7907949775457382,0.8010311096906662,0.8124341428279876,0.8219134837388993,0.8321715801954269,0.8424536049365997,0.8514556139707565,0.8609026789665222,0.8704301357269287,0.8794356435537338,0.8889507263898849,0.8967552870512009,0.9042265027761459,0.9125493586063385,0.919198751449585,0.9254298985004425,0.93307523727417,0.9389831453561783,0.9452687978744507,0.9524982303380967,0.9574773907661438,0.9644427031278611,0.9696853041648865,0.9744011521339416,0.9786958962678909,0.9855115950107575,0.9912643074989319,0.9948668539524078,0.9987903863191605,1.0029318124055862,1.0077417612075805,1.0126112222671508,1.0157459378242493,1.0204239308834075,1.0235032528638839,1.0276829451322556,1.032154557108879,1.0343235194683076,1.0379444479942321,1.04166898727417,1.0459079623222352,1.0488519966602325,1.0524403691291808,1.0549748301506043,1.0576357781887054,1.0611960649490357,1.0635228633880616,1.0663649559020996,1.0694273173809052,1.0720728158950805,1.0746605098247528,1.0778745770454408,1.079532366991043,1.0826664566993713,1.086128294467926,1.0870453774929048,1.0909159183502197,1.0927881956100465,1.0945692658424377,1.0970497667789458,1.1002257645130158,1.1030303418636322,1.1053826272487641,1.1074230015277862,1.1090707063674927,1.1114485323429109,1.114905095100403,1.1165802776813507,1.1190849423408509,1.1219323813915252,1.1250856935977935,1.1294557631015778
t_105,1.2506812930107116,1.24721862077713,1.249084746837616,1.2459115386009216,1.243406856060028,1.2416307628154755,1.2363650679588318,1.2318795025348663,1.2262820541858672,1.2241858124732972,1.2198462903499603,1.2150500476360322,1.2143487215042115,1.208780539035797,1.2070229709148408,1.2004118978977203,1.194944715499878,1.1886911928653716,1.1860404074192048,1.1802974700927735,1.1739698112010957,1.1715924799442292,1.166191291809082,1.1593877971172333,1.1536746442317962,1.1499316334724425,1.1460931062698365,1.137665718793869,1.132534110546112,1.1273825705051421,1.1194057404994964,1.1149126589298248,1.107432347536087,1.1009247660636903,1.0926471292972564,1.0836535334587096,1.079650866985321,1.069960004091263,1.064262980222702,1.0559626281261445,1.049052506685257,1.0382803201675415,1.0291908800601959,1.024064654111862,1.0110237032175065,1.0025199592113494,0.9919264614582062,0.9817115038633346,0.9692531138658523,0.9593749284744263,0.9471419394016266,0.9337472319602966,0.9213185787200928,0.9097196608781815,0.8948943138122558,0.8806368112564087,0.8664054542779922,0.8525700360536576,0.8393398761749268,0.8221657037734985,0.804491525888443,0.7893238723278045,0.7748329669237137,0.7566684365272522,0.7383461892604828,0.7233389407396317,0.7056525975465775,0.6845814794301986,0.6713856101036072,0.6543219596147537,0.6365399569272995,0.6118987798690796,0.5949984043836594,0.5777398139238358,0.5557671129703522,0.5329932481050491,0.5131900817155838,0.4889100506901741,0.4626278892159462,0.43964186012744905,0.41798574924468995,0.39351904690265654,0.3617019310593605,0.33693978637456895,0.31141259223222734,0.2893595054745674,0.2574190527200699,0.2322518713772297,0.20296160653233528,0.17314553186297416,0.14888246804475785,0.12310363948345185,0.09625224098563194,0.08766625672578812,0.0,0.07811716012656689,0.09687151834368705,0.1216240830719471,0.14895389080047608,0.18338898196816444,0.2074408032000065,0.23516071513295173,0.26013086140155794,0.2918678864836693,0.3133084237575531,0.33944568783044815,0.36396677792072296,0.39237240999937056,0.4155563697218895,0.44061614722013476,0.4643243908882141,0.4868876725435257,0.5089430883526802,0.5279818147420883,0.5503060936927795,0.5717090457677841,0.591047665476799,0.6084543347358704,0.6269873708486557,0.6449283003807068,0.6617970317602158,0.6735532373189926,0.6904920876026154,0.7061501920223237,0.7199929833412171,0.7329604506492615,0.7482938408851624,0.7589575946331024,0.7728085458278656,0.7833857238292694,0.794818440079689,0.8049797862768173,0.8152339667081833,0.8258882075548172,0.835180327296257,0.8450130015611649,0.8547948956489563,0.8639658033847809,0.8739771991968155,0.8817163586616517,0.8894269078969955,0.8980728834867477,0.904849162697792,0.9111749261617661,0.9192914754152298,0.9252240031957626,0.931881669163704,0.9390840649604797,0.9443475395441056,0.9518764942884446,0.9568115770816803,0.9618754088878632,0.9660903990268708,0.9734261453151702,0.979454830288887,0.9827593505382538,0.9869522958993912,0.991235825419426,0.9960550725460052,1.0010691821575164,1.004381424188614,1.0091659426689148,1.0123019218444824,1.0166444838047028,1.021225529909134,1.0236725032329559,1.0273541420698167,1.0310475677251816,1.0354471683502198,1.0384389877319335,1.0421178817749024,1.0447515308856965,1.047567355632782,1.0512845516204834,1.0535442411899567,1.0565602600574493,1.0597215652465821,1.0623221218585968,1.0650312185287476,1.0682714998722076,1.07026047706604,1.073248702287674,1.0768583059310912,1.0779123604297638,1.081845772266388,1.0838992595672607,1.0855421125888824,1.0882186591625214,1.0915570616722108,1.0944023132324219,1.0969393610954286,1.0988262474536896,1.100557166337967,1.1030831277370452,1.1065553963184356,1.1082928657531739,1.110895001888275,1.1139555871486664,1.117226278781891,1.1215333580970763
t_104,1.254809945821762,1.251422119140625,1.253287935256958,1.2501802682876586,1.2477227926254273,1.2460065066814423,1.2408373653888702,1.2364466547966004,1.2309604585170746,1.228916871547699,1.2246681332588196,1.2199609458446503,1.2192877173423766,1.2138586938381195,1.212166565656662,1.2056868374347687,1.2003390729427337,1.1942362546920777,1.1916408836841583,1.1860476076602935,1.1798665285110475,1.1775344908237457,1.1722550690174103,1.165608251094818,1.1600124835968018,1.1563551545143127,1.152639424800873,1.1443679094314576,1.1393752336502074,1.1343323230743407,1.126548457145691,1.1221222817897796,1.1148821890354157,1.1084543943405152,1.1003634929656982,1.0915228962898254,1.0876228034496307,1.0781181633472443,1.0725408911705017,1.0644493997097015,1.0576411247253419,1.047083467245102,1.0381968140602111,1.0331598103046418,1.020375257730484,1.0120636641979217,1.001651108264923,0.9916050046682358,0.979424062371254,0.9697209745645523,0.9577259302139283,0.9445653110742569,0.9324184894561768,0.9211163699626923,0.9065088927745819,0.8925424337387085,0.8785876333713531,0.8651010870933533,0.8522014945745469,0.8352001398801804,0.8179976344108582,0.8030525922775269,0.7889012098312378,0.7710893839597702,0.7530540436506271,0.7384436756372452,0.721216881275177,0.7003519803285598,0.6875501573085785,0.6706650674343109,0.6533243417739868,0.6290674775838851,0.6128469854593277,0.5957554996013641,0.5740505486726761,0.551761680841446,0.5323411375284195,0.5082321152091026,0.48250623792409897,0.460117469727993,0.4386082381010056,0.4149921551346779,0.3833454743027687,0.3592071011662483,0.33361310362815855,0.3114202946424484,0.2802134916186333,0.2544660471379757,0.22478473111987113,0.19334133192896844,0.1702589638531208,0.1393827185034752,0.11571998782455921,0.09771535024046898,0.07811716012656689,0.0,0.06944509409368038,0.09347190707921982,0.12246521189808846,0.1571042738854885,0.18062613606452943,0.20953073352575302,0.2343553952872753,0.26717950105667115,0.28841054886579515,0.31447089165449144,0.3395024985074997,0.368378272652626,0.3917867839336395,0.4177035003900528,0.44230951368808746,0.4649633914232254,0.4877952739596367,0.5067708909511566,0.5297849148511886,0.5518399864435196,0.5713273763656617,0.5891510039567948,0.6080156981945037,0.6265880703926087,0.6436970114707947,0.6557908028364181,0.6733467876911163,0.6892115980386734,0.7033734023571014,0.7166126072406769,0.7326631098985672,0.7434860557317734,0.7575795978307724,0.7683424025774002,0.7800323873758316,0.7905466854572296,0.8009588927030563,0.811854076385498,0.8213702261447906,0.8314599007368088,0.841484472155571,0.850856426358223,0.8612261176109314,0.8690113663673401,0.8769097566604614,0.8858135730028153,0.8926880985498429,0.8991309255361557,0.9075651526451111,0.913565918803215,0.9204347878694534,0.9277822554111481,0.933197358250618,0.9410271525382996,0.9459310859441757,0.9512119978666306,0.9554449945688248,0.9630919247865677,0.9692945569753647,0.9725202828645706,0.9768559277057648,0.9812750190496444,0.9861695826053619,0.9913118332624435,0.9947221100330352,0.9996212631464004,1.0028345316648484,1.0073154270648956,1.011988714337349,1.0145700097084045,1.0183342516422271,1.0221113801002502,1.0266102850437164,1.0296619415283204,1.0334135472774506,1.0361331820487976,1.0390606820583344,1.0428919672966004,1.0451379120349884,1.0482764959335327,1.051521074771881,1.0541247308254242,1.0569118201732635,1.060234534740448,1.0623591363430023,1.065362673997879,1.0690642178058625,1.0701794445514679,1.0742153167724608,1.0763352692127228,1.0779677212238312,1.0807422757148744,1.0841732680797578,1.087092101573944,1.0897302150726318,1.0916006982326507,1.0933750987052917,1.0960034430027008,1.0995441794395446,1.1013376772403718,1.1040297389030456,1.107209897041321,1.1105871498584747,1.1149460554122925
t_103,1.2599206209182738,1.2566476047039032,1.2584829330444336,1.2554468274116517,1.2530594289302825,1.2513820588588715,1.2463424861431123,1.2420663058757782,1.2367082715034485,1.234706950187683,1.2305764198303222,1.2259940266609193,1.2253320813179016,1.2200561046600342,1.2184194505214692,1.2121152997016906,1.206886774301529,1.2009787619113923,1.1984275698661804,1.1929836988449096,1.1869564712047578,1.1847185373306275,1.1795524656772614,1.1730774939060211,1.167614710330963,1.1640624821186065,1.1604709148406982,1.1524195849895478,1.1475593745708466,1.1426913142204285,1.1351330637931825,1.130825662612915,1.1238184034824372,1.117554920911789,1.1097205877304077,1.1011276483535766,1.0973637342453002,1.088130635023117,1.0827330946922302,1.0748771488666535,1.068277943134308,1.0580106198787689,1.049413901567459,1.0444967865943908,1.0320891320705414,1.023979413509369,1.0138632744550704,1.004104870557785,0.9923545360565186,0.9829536467790604,0.9712717801332473,0.9584896385669708,0.9466688126325608,0.9356565117835999,0.9214608013629914,0.9079776763916015,0.8944048047065735,0.8812987536191941,0.868733263015747,0.8522059202194214,0.8354305297136306,0.820944020152092,0.8071081787347794,0.7897602498531342,0.7723286777734757,0.7580839097499847,0.7413966953754425,0.720994833111763,0.7086191266775131,0.6922308146953583,0.6753319650888443,0.6516226261854172,0.6357943922281265,0.6191871792078019,0.597962063550949,0.576363804936409,0.557502394914627,0.5339202970266342,0.5088751077651977,0.4868348062038422,0.4658888980746269,0.4428557813167572,0.41179251968860625,0.3881896764039993,0.36289763152599336,0.3410751774907112,0.3105857536196709,0.28501986265182494,0.2555062547326088,0.2252686232328415,0.20119990780949593,0.16961577534675598,0.14437168836593628,0.12175377011299134,0.09687151834368705,0.06944509409368038,0.0,0.07251545675098896,0.0959369596093893,0.1286373369395733,0.15027734264731407,0.17962517514824866,0.20418940261006355,0.23604971095919608,0.2575300469994545,0.28388537764549254,0.30970306098461153,0.33890066146850584,0.36224877685308454,0.3892946556210518,0.4141220718622208,0.4374808996915817,0.46062044650316236,0.48027025163173676,0.5037297591567039,0.5263967365026474,0.5464467108249664,0.5647597670555115,0.584032940864563,0.6032069355249405,0.6206402748823165,0.6332306027412414,0.6512046873569488,0.6673801600933075,0.6820252895355224,0.6957097887992859,0.7120736628770828,0.7233110338449478,0.7377763777971268,0.7488355606794357,0.7609374195337295,0.771771714091301,0.7825369983911514,0.7937458276748657,0.8035684674978256,0.8139284551143646,0.8243350684642792,0.8339395552873612,0.8445340275764466,0.8525928348302841,0.860828310251236,0.8699562519788742,0.8769944220781326,0.8836681932210922,0.8923217833042145,0.8984786748886109,0.90554139316082,0.9131737411022186,0.9187723904848099,0.9267229944467544,0.9317502200603485,0.9372719615697861,0.9417062819004058,0.9494167238473892,0.9557877391576767,0.9592309951782226,0.9636787295341491,0.9682394802570343,0.9732841610908508,0.9785760968923569,0.982112804055214,0.9871436536312104,0.9904752045869827,0.9950443178415298,0.9998241364955902,1.0025324553251267,1.0064658880233766,1.010331818461418,1.014897632598877,1.0180949687957763,1.0219577133655549,1.0248201012611389,1.0278573036193848,1.0317129909992218,1.0341153144836426,1.0373192965984344,1.040690678358078,1.0434170007705688,1.0462992191314697,1.049680906534195,1.0518977046012878,1.0550356924533844,1.0587344229221345,1.059990257024765,1.0640901803970337,1.0662580907344819,1.0680149137973785,1.0709083020687102,1.0743757486343384,1.0773806750774384,1.0800825357437134,1.0821174502372741,1.0839866697788239,1.086680668592453,1.0903055310249328,1.0922897279262542,1.0950567483901978,1.0983143329620362,1.1018380641937255,1.1063662767410278
t_102,1.2646390795707703,1.2614652931690216,1.2632734179496765,1.260310125350952,1.2579793453216552,1.2563554406166078,1.2514337658882142,1.2472877383232117,1.2420487701892853,1.2400950729846953,1.2360807657241821,1.2316096425056458,1.2309751689434052,1.2258389949798585,1.2242621779441833,1.2181155323982238,1.2130115747451782,1.2072759509086608,1.2047918915748597,1.1994965016841888,1.1936280250549316,1.191468393802643,1.18643599152565,1.180131059885025,1.174812090396881,1.1713606357574462,1.167886209487915,1.1600576400756837,1.1553326547145844,1.150623220205307,1.1432851672172546,1.1390876948833466,1.1323043823242187,1.1261947512626649,1.1185928940773011,1.110230767726898,1.1065799415111541,1.0975900888442993,1.0923587441444398,1.0846968650817872,1.0782869100570678,1.068289190530777,1.059936100244522,1.0551547825336456,1.0430830061435699,1.03516286611557,1.0252997010946274,1.0157990217208863,1.0043801099061966,0.9952341020107269,0.9838346242904663,0.971368744969368,0.9598564296960831,0.9491417706012726,0.9352895140647888,0.9221575140953064,0.9089309275150299,0.8961630910634995,0.8839298397302627,0.867774698138237,0.8514229267835617,0.8372858852148056,0.82381671667099,0.8068498194217681,0.7898842126131058,0.7760194480419159,0.7597694784402848,0.7398239582777023,0.727797219157219,0.7118023633956909,0.6953552633523941,0.6722055524587631,0.65685555934906,0.6406578749418259,0.6198791593313218,0.5988701969385147,0.5804611444473267,0.5573761075735092,0.5329549193382264,0.5114477515220642,0.4910246029496193,0.4686934486031532,0.43790424019098284,0.41513542383909224,0.3904647320508957,0.36902299970388414,0.33895026743412016,0.3138336420059204,0.2845836028456688,0.254901260137558,0.2308885857462883,0.19975046813488007,0.17263149991631507,0.14858386442065238,0.1216240830719471,0.09347190707921982,0.07251545675098896,0.0,0.0794618610292673,0.10329239517450332,0.12516130208969117,0.1519312158226967,0.17478514984250068,0.20764680206775665,0.22924997732043267,0.25611781477928164,0.28190082162618635,0.31094305366277697,0.3353040501475334,0.3628603398799896,0.3879401281476021,0.41195501685142516,0.4355354428291321,0.45572261810302733,0.4795196458697319,0.5028402119874954,0.523305106163025,0.5421647697687149,0.5618451416492463,0.5815106391906738,0.599442857503891,0.6123821705579757,0.6309065699577332,0.6475203096866607,0.6625132501125336,0.6765442937612534,0.693512213230133,0.7049897581338882,0.7198298394680023,0.7311562597751617,0.743631249666214,0.754750457406044,0.7658619195222854,0.7773298978805542,0.7874163508415222,0.7980757474899292,0.8087826877832412,0.818653604388237,0.8295445084571839,0.8377637237310409,0.8462522953748703,0.8555958807468415,0.8628263652324677,0.869708126783371,0.8786198556423187,0.8849197626113892,0.892232146859169,0.9000147312879563,0.905773040652275,0.91395303606987,0.9191090524196625,0.9247891753911972,0.929382398724556,0.9372863680124283,0.94380784034729,0.9473497420549393,0.9519143640995026,0.9566752642393113,0.9618087142705918,0.9672443449497223,0.9708910435438156,0.976044163107872,0.9794661402702332,0.9841967612504959,0.9890782296657562,0.991898825764656,0.9959558337926865,0.9999065518379211,1.0046081066131591,1.0078625828027725,1.011814033985138,1.0147956639528275,1.017929282784462,1.0218840330839156,1.0243561208248138,1.0276438415050506,1.0311281830072403,1.0339054703712462,1.0368767082691193,1.0403303742408752,1.0426449060440064,1.0458734691143037,1.049636971950531,1.0509729385375977,1.0551500141620636,1.0574023842811584,1.0592179596424103,1.0622054517269135,1.0657460033893584,1.0688291847705842,1.071609628200531,1.0736866414546966,1.0756447672843934,1.0784306287765504,1.0821265995502471,1.0841965436935426,1.087061995267868,1.0904204785823821,1.0940679073333741,1.0987130105495453
t_101,1.2710091471672058,1.2679380476474762,1.2697078168392182,1.2668141543865203,1.2645454943180083,1.2629508197307586,1.2581641376018524,1.2541291117668152,1.2490078389644623,1.2470946669578553,1.2431962430477141,1.2388453722000121,1.2382353305816651,1.2332437336444855,1.2317164242267609,1.2257529020309448,1.2207814455032349,1.215231454372406,1.21282160282135,1.2076885223388671,1.2020053386688232,1.1999463081359862,1.1950774908065795,1.1889662325382233,1.183812564611435,1.1804905831813812,1.177125298976898,1.169579380750656,1.1649950683116912,1.1604743480682373,1.1533791780471803,1.149330085515976,1.1427328884601593,1.1368608474731445,1.1295142590999603,1.121430641412735,1.1178976237773894,1.1092193365097045,1.104152888059616,1.0966955244541168,1.0905022978782655,1.0808179020881652,1.0726931989192963,1.0680764138698577,1.0563881695270538,1.0486535906791687,1.0391126155853272,1.0299160063266755,1.01883165538311,1.00997234582901,0.9988784193992615,0.9867927551269531,0.9755949556827546,0.9651727944612503,0.9517536848783493,0.9389971196651459,0.9261692494153977,0.9137082278728486,0.9017776429653168,0.8862178206443787,0.8702839434146881,0.8565209567546844,0.843434351682663,0.8269748210906982,0.8105102837085724,0.7969691306352615,0.7810642272233963,0.7617810130119324,0.7500292748212815,0.7344617336988449,0.7184033006429672,0.6960324466228485,0.6807938158512116,0.6652087658643723,0.6450016647577286,0.6244903177022934,0.6064796268939971,0.5841348469257355,0.5603225111961365,0.5392423123121262,0.5193791180849076,0.4972247838973999,0.4676083639264107,0.44475855976343154,0.4208057001233101,0.3997176855802536,0.36992982774972916,0.34557587951421737,0.3165072962641716,0.287206706404686,0.2616963595151901,0.2326283149421215,0.20542605817317963,0.17706461995840073,0.14895389080047608,0.12246521189808846,0.0959369596093893,0.0794618610292673,0.0,0.08032226897776126,0.09920286163687705,0.1224123291671276,0.14289640188217162,0.1752057395875454,0.1971370242536068,0.2237500764429569,0.2504235625267029,0.280567866563797,0.30512844771146774,0.3322712883353233,0.3577472701668739,0.38277909308671954,0.4063940539956093,0.4278899163007736,0.4522153824567795,0.47603755444288254,0.49752172231674197,0.5168406873941421,0.5372941285371781,0.5571068018674851,0.5760297238826751,0.5893692076206207,0.6080376207828522,0.6254947513341904,0.6410396069288253,0.655433577299118,0.6724625885486603,0.6843139141798019,0.6998732268810273,0.7116009026765824,0.724611809849739,0.7358672916889191,0.7474034935235977,0.7592650353908539,0.7696921169757843,0.780591630935669,0.791640093922615,0.8019085675477982,0.813037571310997,0.8216367900371552,0.8303059577941895,0.8400022089481354,0.8474570333957672,0.8546486765146255,0.8637160629034042,0.8702920079231262,0.8777322560548783,0.8858136087656021,0.8917535901069641,0.8999824196100235,0.9055562376976013,0.9112991034984589,0.9161794394254684,0.924095505475998,0.9306810587644577,0.9346118211746216,0.9393152385950089,0.9441708475351334,0.9495454043149948,0.9551245629787445,0.9588867872953415,0.9641256600618362,0.9677313923835754,0.9725420922040939,0.9775882989168168,0.9804430395364762,0.9846447885036469,0.988801720738411,0.9935559898614883,0.9970298439264298,1.0010207176208497,1.0041419863700867,1.007335153222084,1.0113785088062286,1.014002698659897,1.0173766911029816,1.0209164768457413,1.0238882422447204,1.0268862217664718,1.0304498672485352,1.0327519237995149,1.0361844956874848,1.040037888288498,1.0413991868495942,1.0457016825675964,1.0479732632637024,1.0499776244163512,1.053007173538208,1.056599462032318,1.0598346412181854,1.0626228272914886,1.0648956418037414,1.066941612958908,1.0697581589221954,1.073648339509964,1.075811767578125,1.0787876009941102,1.0822058260440826,1.0859584748744964,1.0908643007278442
t_100,1.27636256814003,1.2733893990516663,1.2751511573791503,1.2723272383213042,1.2701200366020202,1.2685733258724212,1.2639117181301116,1.2599899053573609,1.2549850404262544,1.2531250596046448,1.249347847700119,1.2451127171516418,1.2445358157157898,1.2397015988826752,1.238237690925598,1.2324451386928559,1.2275871872901916,1.2222327888011932,1.2198781609535216,1.2149012506008148,1.209392488002777,1.2074285447597504,1.2026869177818298,1.196757960319519,1.191757720708847,1.1885385394096375,1.1853136658668517,1.1779987037181854,1.1735560476779938,1.1692034661769868,1.1623560070991517,1.158422714471817,1.152076745033264,1.1463627576828004,1.139264839887619,1.1314269781112671,1.1280259370803833,1.1196177065372468,1.114743161201477,1.1075125336647034,1.1015329897403716,1.092133915424347,1.0842967748641967,1.0798187136650086,1.0684697568416595,1.0609688997268676,1.0516929924488068,1.0427871882915496,1.0320943892002106,1.0235245645046234,1.012741294503212,1.0010064750909806,0.9901661187410354,0.9800704538822174,0.9670340836048126,0.9546924948692321,0.9422380119562149,0.9301530957221985,0.9186059772968292,0.903408658504486,0.8879536092281342,0.8746043473482132,0.861905887722969,0.8458739936351776,0.8299191147089005,0.8168405175209046,0.8014632046222687,0.782583674788475,0.7713144004344941,0.7562372833490372,0.7406525641679764,0.7188045442104339,0.7042025327682495,0.689048832654953,0.6693746000528336,0.6494566112756729,0.6320349991321563,0.6101896286010742,0.5870916754007339,0.5666034311056137,0.5472975671291351,0.5259849607944489,0.49658379554748533,0.47474547624588015,0.45121292024850845,0.43064923733472826,0.4019012063741684,0.37797518223524096,0.34967977553606033,0.3210267871618271,0.29632838517427446,0.2669528216123581,0.23964963108301163,0.21136632561683655,0.18338898196816444,0.1571042738854885,0.1286373369395733,0.10329239517450332,0.08032226897776126,0.0,0.0841804176568985,0.09377405308187008,0.11643237397074699,0.1463733971118927,0.16894562542438507,0.19315824583172797,0.21937374472618104,0.2492391996085644,0.27403607666492463,0.3015157714486122,0.3276447862386703,0.35299902558326723,0.3772337630391121,0.3990140914916992,0.4238869175314903,0.44818160235881804,0.4700257867574692,0.48977264016866684,0.5107834547758102,0.531161880493164,0.5505073428153991,0.564459753036499,0.5836303651332855,0.6014917463064193,0.617453196644783,0.6323086082935333,0.6499573707580566,0.6622738122940064,0.6780157059431076,0.6900837689638137,0.7035094529390336,0.7151739239692688,0.7270767271518708,0.7392586708068848,0.7500690013170243,0.7612718939781189,0.7727328419685364,0.7832482576370239,0.7946647346019745,0.8035488545894622,0.8124815464019776,0.8224740922451019,0.8301061153411865,0.8375984638929367,0.846929070353508,0.8536999553442002,0.8614060759544373,0.8696951687335968,0.8758144617080689,0.884317284822464,0.8899729013442993,0.8959988296031952,0.9010736763477325,0.9091678142547608,0.9159473478794098,0.9200111001729965,0.9248510956764221,0.9299375027418136,0.9354315429925919,0.9411445945501328,0.9451042801141739,0.9505055546760559,0.9542085498571395,0.9592237532138824,0.9643483251333237,0.9673843860626221,0.9717179119586945,0.976013308763504,0.9808528631925583,0.984475526213646,0.9885643005371094,0.9918193548917771,0.995139428973198,0.9993147164583206,1.0020464479923248,1.0055095076560974,1.0091938883066178,1.0122335731983185,1.0153735846281051,1.0189909994602204,1.021435058116913,1.0249690800905227,1.0288414537906647,1.030370032787323,1.0347282469272614,1.0371213912963868,1.0392034709453584,1.042374575138092,1.0460332214832306,1.049343568086624,1.0522391498088837,1.054607379436493,1.0567442297935485,1.0596888661384583,1.0636409223079681,1.0659752070903779,1.069034034013748,1.072604089975357,1.0765194356441499,1.081602942943573
t_99,1.2826455891132356,1.2797590613365173,1.2814859628677369,1.2787151873111724,1.276553785800934,1.2750140011310578,1.270413887500763,1.2665923476219176,1.2616488337516785,1.25979243516922,1.2560893952846528,1.2519153714179994,1.2513322174549102,1.2465567767620087,1.2450883626937865,1.2393815159797668,1.2345466375350953,1.2292834937572479,1.2269492626190186,1.2220094323158264,1.2165345132350922,1.2146500527858735,1.20994753241539,1.2040505826473236,1.1991446614265442,1.1959754526615143,1.1927073299884796,1.1855563879013062,1.1811192631721497,1.1768992602825166,1.170154583454132,1.1662974059581757,1.159965717792511,1.1544463098049165,1.1474674761295318,1.1397688150405885,1.136475831270218,1.1282322764396668,1.1234505891799926,1.1162987411022187,1.1105040788650513,1.1013371169567108,1.0936128795146942,1.089301085472107,1.0782287120819092,1.0708352684974671,1.061779934167862,1.053146892786026,1.042706346511841,1.0343611896038056,1.0238500595092774,1.0123808324337005,1.001718881726265,0.9917628765106201,0.9791607409715652,0.9670312881469727,0.9549341827630997,0.9429667830467224,0.9315408051013947,0.916981652379036,0.9016893535852433,0.8888250857591629,0.8761722028255463,0.8605323374271393,0.8451261699199677,0.8320270895957946,0.8168562948703766,0.7987587213516235,0.7875158250331878,0.7729027599096299,0.757670471072197,0.7362725526094437,0.7215023756027221,0.7068637847900391,0.6877268582582474,0.668317174911499,0.6512611091136933,0.6300579756498337,0.6072794258594513,0.5869915783405304,0.5677784651517868,0.5461268842220306,0.5182859599590302,0.496259742975235,0.47306967675685885,0.4538739636540413,0.42393091022968293,0.4013041526079178,0.37254320830106735,0.3454095095396042,0.3194205522537231,0.29234346449375154,0.26549364179372786,0.23391541242599487,0.2074408032000065,0.18062613606452943,0.15027734264731407,0.12516130208969117,0.09920286163687705,0.0841804176568985,0.0,0.09016233533620835,0.10278157517313957,0.12012508288025855,0.1411188066005707,0.17010979503393173,0.1967569500207901,0.22704433053731918,0.2501858830451965,0.2774411365389824,0.3026211246848106,0.32942076623439787,0.3524912506341934,0.3766807034611702,0.40148195177316665,0.42615325599908827,0.44890890270471573,0.4696448132395744,0.49096758365631105,0.5111356735229492,0.5314900308847428,0.5453844934701919,0.5643780142068863,0.5836035251617432,0.5999382108449935,0.6150614589452743,0.6320021241903305,0.6446571171283721,0.6615074038505554,0.6739724725484848,0.6880999058485031,0.699495843052864,0.7121338397264481,0.7246110141277313,0.735558345913887,0.7467664778232574,0.758538281917572,0.7693904757499694,0.7807087391614914,0.7903302252292633,0.7994152575731277,0.809587025642395,0.8174964368343354,0.8251752883195878,0.8345242530107498,0.8417025476694107,0.8492867201566696,0.8581242680549621,0.8642437338829041,0.8724606901407241,0.8788659542798996,0.8847714275121689,0.8901739478111267,0.8982094705104828,0.9049357742071151,0.9095968633890152,0.9143458813428879,0.9195795506238937,0.9253444880247116,0.9311696708202362,0.9351005643606186,0.9407107472419739,0.9444735556840896,0.9496235519647598,0.954937070608139,0.9577211201190948,0.9621888369321823,0.9668269008398056,0.9717343747615814,0.9754779666662217,0.9796717196702958,0.9829718351364136,0.986257815361023,0.990439447760582,0.9933856099843978,0.9968835085630416,1.0005940824747086,1.0038466155529022,1.0070445388555527,1.010771518945694,1.0129610300064087,1.0169023752212525,1.0208601355552673,1.022211527824402,1.026808390021324,1.0291501373052596,1.0314916491508483,1.0346741676330566,1.0383273601531982,1.0417864263057708,1.0446439623832702,1.0472818613052368,1.0495484292507171,1.0524846255779265,1.0566143214702606,1.0590308427810669,1.062186026573181,1.0656647324562072,1.0696679890155791,1.0752508640289307
t_98,1.2847433030605315,1.2819280743598938,1.283649319410324,1.2809441983699799,1.2788456618785857,1.2773760497570037,1.2729000389575957,1.2691545605659484,1.2643501818180085,1.262568747997284,1.2589665234088898,1.2548996686935425,1.2543682157993317,1.249766731262207,1.2483737349510193,1.2428387999534607,1.2381874561309814,1.2331132113933563,1.2308525681495666,1.2261386334896087,1.220873099565506,1.2190364360809327,1.2145103216171265,1.20885711312294,1.2040922105312348,1.2010394632816315,1.1979820549488067,1.19101020693779,1.186781495809555,1.1826624035835267,1.1761985778808595,1.1724382162094116,1.1664358258247376,1.1609825909137725,1.1542263746261596,1.1467605173587798,1.1435286402702332,1.1355030357837677,1.130865854024887,1.123983806371689,1.1182688117027282,1.1093204140663147,1.101865863800049,1.0975848853588104,1.0867747366428375,1.0796005845069885,1.070751279592514,1.0622547388076782,1.0520932972431183,1.0439360082149505,1.0336361825466156,1.0224337339401246,1.0121190398931503,1.0025000989437103,0.9900435388088227,0.9782582014799118,0.9663611710071563,0.9548918604850769,0.9439094722270965,0.9293027997016907,0.9146198332309723,0.9018350064754486,0.8897560775279999,0.8744441270828247,0.8592384994029999,0.846816462278366,0.8321596682071686,0.8140651524066925,0.8034465938806534,0.7889966905117035,0.7741166144609452,0.7532259106636048,0.7394841820001602,0.7249963819980622,0.7062280744314193,0.6872490137815476,0.6705618172883987,0.6496298849582672,0.6276123613119126,0.6082255899906158,0.5897748380899429,0.5694065392017365,0.5413897782564163,0.5206506699323654,0.497846719622612,0.4780930459499359,0.45065329074859617,0.42757591009140017,0.40035733878612517,0.3722099423408508,0.3488886833190918,0.31969437152147295,0.29249096661806107,0.26624987125396726,0.23516071513295173,0.20953073352575302,0.17962517514824866,0.1519312158226967,0.1224123291671276,0.09377405308187008,0.09016233533620835,0.0,0.08064222037792206,0.10456838719546795,0.12490010559558869,0.1425488993525505,0.1653336316347122,0.19621021077036857,0.22163135409355164,0.24892937541007995,0.27675952315330504,0.30156802088022233,0.3271607518196106,0.34895981997251513,0.37519023269414903,0.40020245760679246,0.4227750554680824,0.4432950675487518,0.4652318596839905,0.48689229786396027,0.5068767994642258,0.5216451287269592,0.5419608235359192,0.5605365872383118,0.5772675573825836,0.5928329169750214,0.6116777300834656,0.6244978189468384,0.6409091889858246,0.65373894572258,0.6677978098392486,0.6801518648862839,0.6926036030054092,0.7054827779531478,0.7168406307697296,0.7285301119089127,0.7407011032104492,0.7516864657402038,0.7637469083070755,0.7730862736701966,0.7824215412139892,0.7930147856473923,0.8009679108858109,0.8088451951742173,0.8187977522611618,0.8258786767721176,0.8340101420879364,0.8427248209714889,0.8492121696472168,0.8582147359848022,0.8640562862157821,0.8704803615808487,0.8757411897182464,0.8844082742929459,0.8915194928646087,0.8957260400056839,0.9008643925189972,0.9062304943799973,0.9119761615991593,0.9179884284734726,0.9221616595983505,0.9278665900230407,0.9317389488220215,0.9370582550764084,0.9424678385257721,0.9456926137208939,0.9502247780561447,0.9548039346933365,0.9598483324050904,0.9637068241834641,0.9679553419351578,0.9714073568582535,0.9749291479587555,0.9793138325214386,0.9821821868419647,0.9858806759119034,0.9897196263074874,0.9929118514060974,0.996256309747696,0.9999974370002747,1.0026686191558838,1.0063755184412002,1.0104509860277175,1.0120751023292542,1.0166858643293382,1.0192589819431306,1.021431750059128,1.0248488783836365,1.028660374879837,1.0321604907512665,1.0352296948432922,1.0376935958862306,1.040043044090271,1.0431437611579895,1.0472809672355652,1.0497942984104156,1.0530858933925629,1.056838971376419,1.0610090017318725,1.0664458692073822
t_97,1.2886784493923187,1.2859440684318542,1.2876389503479004,1.2849747598171235,1.2829259157180786,1.2814792096614838,1.2771083176136018,1.2734525978565217,1.2687408924102783,1.2669819831848144,1.2634726583957672,1.2594948768615724,1.2589690208435058,1.2544713914394379,1.2531247198581696,1.2477067053318023,1.2431387662887574,1.2381899297237395,1.235971784591675,1.2313579738140106,1.2262077510356904,1.22442267537117,1.2200051903724671,1.214467853307724,1.2098153948783874,1.2068457543849944,1.2038382709026336,1.1970431506633759,1.1928991794586181,1.1889019012451172,1.18257976770401,1.1789077162742614,1.1730276882648467,1.1677382469177247,1.1611374020576477,1.153837364912033,1.1507048428058624,1.1428597092628479,1.138335680961609,1.131581676006317,1.1260051429271698,1.117275696992874,1.1099644660949708,1.1057945370674134,1.095233780145645,1.088206309080124,1.079563695192337,1.071275097131729,1.0613606512546538,1.0533895015716552,1.0433152675628663,1.0323671281337738,1.022270604968071,1.012841534614563,1.0006961166858672,0.9891623437404633,0.977568507194519,0.9663165122270584,0.9555359840393066,0.9413501590490341,0.9269462764263153,0.9144727736711502,0.9026187181472778,0.8876356214284897,0.8728132009506225,0.8606084316968918,0.8462535083293915,0.8286362528800965,0.8181826025247574,0.8040431857109069,0.7895417928695678,0.7691360473632812,0.7555618524551392,0.7414155393838883,0.7230079144239425,0.7045254975557327,0.6882157236337662,0.6677010625600814,0.646184629201889,0.6271613538265228,0.6090183705091476,0.5890441417694092,0.5617019236087799,0.5412539839744568,0.5191553294658661,0.4997962638735771,0.4724998503923416,0.4499676555395126,0.4229926973581314,0.3955987304449081,0.3720972940325737,0.34389071464538573,0.31693373769521715,0.2902250915765762,0.26013086140155794,0.2343553952872753,0.20418940261006355,0.17478514984250068,0.14289640188217162,0.11643237397074699,0.10278157517313957,0.08064222037792206,0.0,0.08311793245375157,0.09951994381844997,0.1168733537197113,0.14084477871656417,0.1693292699754238,0.19571144580841066,0.2232783168554306,0.2495244972407818,0.2760556071996689,0.30131887048482897,0.3241874501109123,0.350066702067852,0.37605451345443724,0.39931404292583467,0.42045300304889677,0.442832513153553,0.46440410912036895,0.48538865745067594,0.5002377510070801,0.520725691318512,0.5400433331727982,0.5572137117385865,0.573106998205185,0.5920315474271775,0.6052383363246918,0.6223382234573365,0.6353190302848816,0.649974700808525,0.6623996675014496,0.6753757983446121,0.6885190904140472,0.7001629710197449,0.7121640264987945,0.7245189368724823,0.7359432309865952,0.7481899797916413,0.7578558593988418,0.7674893826246262,0.778254508972168,0.786511805653572,0.7946013897657395,0.8046919822692871,0.8120041280984879,0.8203328132629395,0.8292898148298263,0.8358927220106125,0.8449818164110183,0.8512244373559952,0.8577242791652679,0.863226592540741,0.871908289194107,0.8791444450616837,0.8836465090513229,0.8889063179492951,0.894395324587822,0.9003539651632309,0.906498658657074,0.9107802510261536,0.9166071772575378,0.9205944150686264,0.9260111093521118,0.9315656304359436,0.9348333775997162,0.9395116627216339,0.9442364543676376,0.9494150429964066,0.9533350616693497,0.9577222168445587,0.9612652480602264,0.9648614346981048,0.9693229973316193,0.9722989588975907,0.9760802805423736,0.9800039231777191,0.9833382308483124,0.986728373169899,0.9906266510486603,0.9932445794343948,0.9971460998058319,1.0012893348932266,1.0029365777969361,1.00770083963871,1.0102775603532792,1.012619858980179,1.0160452127456665,1.0199582934379579,1.023553729057312,1.0266470193862915,1.0292583882808686,1.0316960334777832,1.0348432600498199,1.0391377806663513,1.0417084336280822,1.0450937092304229,1.0489341199398041,1.0531907320022582,1.0588949382305146
t_96,1.2946376621723175,1.291977447271347,1.2936362504959107,1.291019505262375,1.2890133798122405,1.2875569701194762,1.2832492768764496,1.2796801209449769,1.2750159323215484,1.2732643246650697,1.2698317110538482,1.265915620326996,1.2653824448585511,1.2609645545482635,1.2596219897270202,1.2543162286281586,1.2497818171977997,1.2449596524238586,1.2427753329277038,1.23820960521698,1.2331442296504975,1.2314561605453491,1.2271009922027587,1.2216403365135193,1.2171070873737335,1.2141955554485322,1.2112141609191895,1.2046274363994598,1.2005287170410157,1.1967102348804475,1.1905718564987182,1.1870119869709015,1.1812263667583465,1.1761442124843597,1.1697485804557801,1.162655621767044,1.1596533119678498,1.1520676851272582,1.1477028608322144,1.1410884141921998,1.1357543885707855,1.1273138880729676,1.1202205061912536,1.1162323176860809,1.1060457408428193,1.0991670846939088,1.0908062756061554,1.0828577816486358,1.0733102023601533,1.0656471073627471,1.0558828949928283,1.0452800393104553,1.0354599893093108,1.026251596212387,1.014618557691574,1.003437837958336,0.9922520130872726,0.9812044888734818,0.9706495195627213,0.9571480810642242,0.943003487586975,0.9310221076011658,0.9193495988845826,0.9048254221677781,0.8906550437211991,0.8785929501056671,0.8645733237266541,0.847702580690384,0.8374611139297485,0.8238858371973038,0.8098101288080215,0.7899237632751465,0.7763895601034164,0.7628300487995148,0.745033523440361,0.7271272838115692,0.7113085478544235,0.6914294689893723,0.6704620152711869,0.6517154395580291,0.633895394206047,0.6139620184898377,0.587808147072792,0.5675572872161865,0.5458339214324951,0.527797344326973,0.5000548884272575,0.4786443948745728,0.4517745316028595,0.4258918285369873,0.4016401022672653,0.3751532420516014,0.3487730473279953,0.31980283558368683,0.2918678864836693,0.26717950105667115,0.23604971095919608,0.20764680206775665,0.1752057395875454,0.1463733971118927,0.12012508288025855,0.10456838719546795,0.08311793245375157,0.0,0.07895077019929886,0.09491723552346229,0.1151973620057106,0.1427915394306183,0.16519982665777205,0.1921754725277424,0.21591406390070916,0.24496996477246286,0.2688132107257843,0.2944690614938736,0.32005330324172976,0.3460303872823715,0.37050132304430006,0.3927906692028046,0.41573060750961305,0.43718186020851135,0.45916353464126586,0.47429760694503786,0.49459676295518873,0.5152411818504333,0.533083799481392,0.5493920862674713,0.5675076365470886,0.5813950508832931,0.5995462119579316,0.6129815489053726,0.628520742058754,0.6408074051141739,0.6547002196311951,0.6682535290718079,0.6802329450845719,0.6923517733812332,0.705175244808197,0.7170027613639831,0.7291564702987671,0.7396871387958527,0.7496280819177628,0.7606089353561402,0.7692112654447556,0.7776825249195098,0.7877643585205079,0.7956061989068985,0.8038163989782333,0.8134067505598068,0.8200765669345855,0.828928816318512,0.8359341412782669,0.8424389779567718,0.8483627706766128,0.8569501996040344,0.8641429454088211,0.869376489520073,0.8746224939823151,0.8803002774715424,0.8865721523761749,0.8928576976060867,0.8972071588039399,0.903240156173706,0.9073647052049637,0.9129526078701019,0.9186517834663391,0.9217933297157288,0.9266685664653778,0.9317599624395371,0.9369509845972062,0.9411450326442719,0.945657217502594,0.9493016570806503,0.9529207408428192,0.9574023276567459,0.9606476813554764,0.9645020812749863,0.9684686660766602,0.9721160650253295,0.9755917668342591,0.9795742779970169,0.9820360720157624,0.9863810539245605,0.9905445128679276,0.9921712905168534,0.9970797002315521,0.9996592491865158,1.0023132026195527,1.0058033853769301,1.0096607059240341,1.0134353756904602,1.0165055423974991,1.019451868534088,1.02205548286438,1.0252325028181075,1.0296922981739045,1.0324865698814392,1.036006611585617,1.0397745668888092,1.0441939890384675,1.0504417538642883
t_95,1.2970438122749328,1.2944447338581084,1.296082043647766,1.2935029447078705,1.2915352404117584,1.2901132225990295,1.2858942985534667,1.2824026823043824,1.2778195559978485,1.276103937625885,1.272737991809845,1.2688949525356292,1.2683768033981324,1.264030283689499,1.2627158522605897,1.2575048685073853,1.2530535757541656,1.24832244515419,1.2461720287799836,1.2416956424713135,1.2367177248001098,1.2350610435009002,1.2307841658592225,1.2254344522953033,1.2209862351417542,1.2181360483169557,1.2152188539505004,1.2087586402893067,1.2047342240810395,1.2009912729263306,1.1949646651744843,1.1914743423461913,1.1858043015003203,1.180821853876114,1.1745521008968354,1.1676022410392761,1.1646597862243653,1.157215601205826,1.1529388308525086,1.1464479923248292,1.1412089169025421,1.1329294741153717,1.125954169034958,1.1220378220081328,1.1120255947113038,1.1052878856658936,1.0970705568790435,1.0892660200595856,1.0798983573913574,1.0723689377307892,1.0627825677394866,1.052388894557953,1.042743319272995,1.0337149381637574,1.0222790777683257,1.0113080114126205,1.0003410756587983,0.9895165175199508,0.9791493237018585,0.9659176290035247,0.9520246058702468,0.9402993679046631,0.9288437187671661,0.9146153926849365,0.9007004410028457,0.8888758271932602,0.8751475840806962,0.8586059153079987,0.8484856575727463,0.8351227551698684,0.8213512390851975,0.8019135028123856,0.78859241604805,0.7752736985683442,0.7577159136533738,0.7401923507452011,0.7246991455554962,0.7052197277545929,0.6846583396196365,0.6662589699029923,0.6487857520580291,0.6293507486581802,0.6036925822496414,0.58377925157547,0.5626852542161942,0.5447193950414657,0.5176458150148392,0.4965423732995987,0.4699745163321495,0.4447120279073715,0.420805387198925,0.3949592739343643,0.36908472925424574,0.3404756858944893,0.3133084237575531,0.28841054886579515,0.2575300469994545,0.22924997732043267,0.1971370242536068,0.16894562542438507,0.1411188066005707,0.12490010559558869,0.09951994381844997,0.07895077019929886,0.0,0.08246095031499863,0.10310047678649426,0.12570822089910508,0.14668030440807342,0.17213586196303368,0.19607187286019326,0.22421923130750657,0.2478093348443508,0.27391253262758253,0.29933346062898636,0.3265678837895393,0.35125343799591063,0.37356317043304443,0.39680966883897784,0.4181400567293167,0.4409096598625183,0.4560379609465599,0.47655087560415266,0.49777097105979917,0.51587123721838,0.5324443757534028,0.5508911877870559,0.5649288028478623,0.5836602449417114,0.5972125679254532,0.6131428778171539,0.6255466312170028,0.6397621721029282,0.6534907728433609,0.6656970828771591,0.6781193017959595,0.691143074631691,0.7033221781253814,0.7157556802034378,0.7264168947935105,0.7366302102804184,0.7478410184383393,0.7565817654132843,0.7652517706155777,0.7755436152219772,0.7834536314010621,0.791936120390892,0.8017068296670914,0.8085265040397644,0.8175518900156021,0.8246887505054474,0.8312920421361923,0.8373947590589523,0.8460688918828965,0.8534867137670517,0.8588238894939423,0.8641282230615616,0.8699276059865951,0.8763502329587937,0.8827765494585037,0.8872291594743729,0.893367737531662,0.8975759714841842,0.9032677561044693,0.909086936712265,0.9122692346572876,0.9172906160354615,0.9224519670009613,0.9278182297945022,0.9319972306489944,0.9365829318761826,0.9403732508420944,0.944067531824112,0.9486526995897293,0.9519603163003921,0.9558610886335372,0.9599885672330857,0.9636530220508576,0.9672135651111603,0.9713236421346665,0.9738061100244522,0.9782311826944351,0.9824662744998932,0.9841687947511673,0.9891880482435227,0.9917908430099487,0.9945396721363068,0.9980627685785294,1.0020237028598786,1.0058748930692674,1.0089907884597777,1.0120423167943955,1.0146675765514375,1.0179335683584214,1.0225289732217788,1.0253658086061477,1.0289523780345917,1.0328787505626678,1.0374085307121277,1.043826174736023
t_94,1.3002538204193115,1.2977278411388398,1.2993613064289093,1.2968346893787384,1.2949124813079833,1.293553352355957,1.2894289910793304,1.28599756360054,1.2815282583236693,1.2798570156097413,1.2765887916088103,1.2728263974189757,1.272355580329895,1.268154788017273,1.266911542415619,1.261850780248642,1.2575427889823914,1.2529648780822753,1.2508696794509888,1.2465480804443358,1.2417427182197571,1.2401505708694458,1.2360181748867034,1.2308523595333098,1.2265364825725555,1.223780530691147,1.2210026264190674,1.214714878797531,1.2108442902565002,1.2071974933147431,1.201403933763504,1.1979904472827911,1.1925753772258758,1.1876680731773377,1.1816046357154846,1.174836677312851,1.1719812452793121,1.1647146582603454,1.160561841726303,1.1542735934257506,1.1491263151168822,1.1410447537899018,1.1342896938323974,1.1304317116737366,1.120646208524704,1.1141084253787994,1.1060786724090577,1.0984165787696838,1.0892987906932832,1.081939047574997,1.0725756645202638,1.0624007821083068,1.0530392110347748,1.0442671418190002,1.0330008745193482,1.022307625412941,1.0115554988384248,1.0011270016431808,0.991099762916565,0.9779179096221924,0.9644862234592437,0.9529210507869721,0.9418667167425155,0.927922722697258,0.9142356097698212,0.902857431769371,0.8895559787750245,0.8731073170900345,0.8634838938713074,0.8503399431705475,0.8368502467870712,0.8177461057901383,0.8051989942789077,0.7920756578445435,0.7749210566282272,0.7577693462371826,0.7425756007432938,0.7234252780675888,0.7034262597560883,0.6857350260019303,0.6687683641910553,0.6501368820667267,0.6246724843978881,0.6056439578533173,0.5848260819911957,0.566733980178833,0.5412879079580307,0.5201063245534897,0.49477830082178115,0.4689191788434982,0.4467482641339302,0.41975592374801635,0.39434586465358734,0.36833115816116335,0.33944568783044815,0.31447089165449144,0.28388537764549254,0.25611781477928164,0.2237500764429569,0.19315824583172797,0.17010979503393173,0.1425488993525505,0.1168733537197113,0.09491723552346229,0.08246095031499863,0.0,0.07551010325551033,0.09656618051230907,0.1134513821452856,0.13849708214402198,0.16761526912450792,0.19243491515517236,0.21846177875995637,0.24211009666323663,0.2690156862139702,0.2969558000564575,0.32155321091413497,0.34331894665956497,0.367226867377758,0.3901220843195915,0.4126576706767082,0.4288793712854385,0.4503675580024719,0.4712460219860077,0.48972981572151186,0.5069725275039673,0.5271384835243225,0.5415275037288666,0.55988230407238,0.5739192128181457,0.5899250924587249,0.6032573580741882,0.6173639595508575,0.6316315531730652,0.6443441599607468,0.6572040349245072,0.6706973522901535,0.6829846054315567,0.6961757659912109,0.7067767769098282,0.7171970874071121,0.7289314985275268,0.7378073453903198,0.7466722100973129,0.7575656443834304,0.7655169665813446,0.7744402766227723,0.7842573970556259,0.7913775503635406,0.8011273980140686,0.8079045683145523,0.8150200754404068,0.8210639536380768,0.830356451869011,0.838112297654152,0.8431405872106552,0.8488532215356827,0.8547921627759933,0.8612589001655578,0.8678985118865967,0.872606360912323,0.8788728654384613,0.8832339227199555,0.8891030222177505,0.895072665810585,0.8986603379249573,0.9037461400032043,0.9089240968227387,0.9144166141748429,0.918784287571907,0.9234776049852371,0.9273851335048675,0.9313083350658417,0.9360666006803513,0.9393886506557465,0.9434898108243942,0.9477365553379059,0.9514177560806274,0.955100417137146,0.9592650562524796,0.9621520549058914,0.9664517104625702,0.9708195477724075,0.9727145850658416,0.9778097659349442,0.9806301146745682,0.9832696795463562,0.9870291411876678,0.9911532014608383,0.995070880651474,0.9984211504459382,1.0013537377119064,1.004080030322075,1.0074866652488708,1.0121131181716918,1.0150873005390166,1.018819299340248,1.0229604184627532,1.0276751875877381,1.0340538144111633
t_93,1.303388625383377,1.3009145259857178,1.3025309085845946,1.3000409781932831,1.2981506764888764,1.2968120455741883,1.2927485346794128,1.2893804013729095,1.2849845051765443,1.2833416700363158,1.2801228940486908,1.2764336585998535,1.2759698629379272,1.2718478560447692,1.2706257164478303,1.2656529784202575,1.2614209651947021,1.2569395422935485,1.2548788845539094,1.25064936876297,1.2459481000900268,1.244394052028656,1.2403564155101776,1.235297966003418,1.2310685873031617,1.2283854901790618,1.2256689608097076,1.2195380568504333,1.2157461643218994,1.2121948599815369,1.206526631116867,1.203186386823654,1.1979022443294525,1.1931011021137237,1.1871819853782655,1.1805737674236298,1.177789080142975,1.1706762135028839,1.166629856824875,1.1604854762554169,1.1554512202739715,1.147543615102768,1.1409480631351472,1.1371724903583527,1.1276208996772765,1.1212171375751496,1.113370132446289,1.1058702290058136,1.0969807982444764,1.0897879421710968,1.0806196451187133,1.070660412311554,1.0615257978439332,1.0529796719551086,1.0419598639011383,1.0315035700798034,1.0209922403097154,1.0108170121908189,1.0010453820228578,0.9881124198436737,0.9750445187091827,0.9637107014656067,0.9529558181762695,0.9393190890550613,0.9259559512138367,0.9148820489645004,0.9018924206495285,0.88574238717556,0.8764207094907761,0.8635513633489609,0.8503976821899414,0.8317412525415421,0.8195973008871078,0.8067369788885117,0.7900000959634781,0.7732689708471299,0.7584206491708756,0.7396394371986389,0.7201519280672073,0.7030060738325119,0.6863475561141967,0.6682719767093659,0.643382528424263,0.6249477177858352,0.6044394612312317,0.5868407189846039,0.5620398044586181,0.5413460284471512,0.5165760099887848,0.49110642820596695,0.4697887748479843,0.44312578439712524,0.41794551759958265,0.3930379956960678,0.36396677792072296,0.3395024985074997,0.30970306098461153,0.28190082162618635,0.2504235625267029,0.21937374472618104,0.1967569500207901,0.1653336316347122,0.14084477871656417,0.1151973620057106,0.10310047678649426,0.07551010325551033,0.0,0.0778582088649273,0.09606137312948704,0.11616680473089218,0.1437981203198433,0.168056221306324,0.19522218629717827,0.21694721654057503,0.24459809213876724,0.2715150937438011,0.2961205795407295,0.31841384768486025,0.3428048849105835,0.36673092246055605,0.3889705613255501,0.4054152876138687,0.4279968276619911,0.4489636167883873,0.46793643534183504,0.48535046726465225,0.5064621433615685,0.5209548801183701,0.5395697027444839,0.554038017988205,0.5703093975782394,0.5841832727193832,0.5985505700111389,0.6131650120019912,0.6261440843343735,0.639294010400772,0.6532373189926147,0.6657555222511291,0.6793042123317719,0.6901551008224487,0.7007706046104432,0.7128677129745483,0.7219350576400757,0.7309681892395019,0.7422751665115357,0.7504042625427246,0.7595414847135544,0.769584447145462,0.7769346833229065,0.7870271503925323,0.7938194930553436,0.8011569023132324,0.8072740584611893,0.8169847249984741,0.8249469757080078,0.8299355179071426,0.8358381301164627,0.841970095038414,0.8485316038131714,0.8553571552038193,0.8601386398077011,0.8665763914585114,0.8710674107074737,0.877114599943161,0.8832347422838212,0.8869381487369538,0.8921299457550049,0.8974390000104904,0.9030507236719132,0.9075558036565781,0.9123325794935226,0.9163775891065598,0.9203998923301697,0.9253165483474731,0.9286516427993774,0.9329217702150345,0.9372415035963059,0.9410092175006867,0.9448136121034623,0.9490159839391709,0.9520776242017746,0.9564536601305008,0.9609723895788193,0.9629236221313476,0.968131884932518,0.971077561378479,0.9737096816301346,0.9776336640119553,0.981855908036232,0.9858692586421967,0.9893427193164825,0.9922866016626358,0.9951252311468124,0.9986454963684082,1.0033393442630767,1.0064303815364837,1.0102603554725647,1.014557334780693,1.0194311082363128,1.0259887337684632
t_92,1.3076943635940552,1.3052983701229095,1.3068962037563323,1.3044615507125854,1.3026252567768097,1.3013263881206512,1.2973592877388,1.294080799818039,1.2897867858409882,1.2881782591342925,1.2850459039211273,1.281435889005661,1.2809901535511017,1.2769740223884583,1.2757916629314423,1.2709388256072998,1.266792994737625,1.2624354660511017,1.260421872138977,1.2563033282756806,1.2517151415348053,1.25021094083786,1.2462596535682677,1.2413203299045563,1.2371988475322724,1.234572696685791,1.231937336921692,1.2259708166122436,1.2222871899604797,1.2188520431518555,1.2133516073226929,1.2100978374481202,1.2049862623214722,1.2003048837184906,1.1945495903491974,1.1881040036678314,1.1854187428951264,1.178479689359665,1.1745545387268066,1.1685797154903412,1.1636903643608094,1.1559949278831483,1.1495811343193054,1.1459136962890626,1.13660688996315,1.1303987503051758,1.122760248184204,1.1154629170894623,1.106833779811859,1.099850070476532,1.0909321784973145,1.081231266260147,1.0723418712615966,1.0640460312366486,1.0532954573631286,1.0431646943092345,1.0329191029071807,1.0230591475963593,1.0135236471891402,1.0009121417999267,0.988201767206192,0.9771908223628998,0.9667079418897628,0.9533975094556808,0.9404036551713943,0.9296569973230362,0.9170816302299499,0.9012743204832077,0.8922051638364792,0.879659703373909,0.8669026136398316,0.8486754029989243,0.8369584679603577,0.8243791222572326,0.8079709380865097,0.7917657226324082,0.7773437380790711,0.7590101510286331,0.7400327652692795,0.7232885509729385,0.7070583581924439,0.6896721929311752,0.6650793194770813,0.6472640663385392,0.6273462831974029,0.6100375264883041,0.5859820574522019,0.5656657934188842,0.5414062857627868,0.5166176646947861,0.495978818833828,0.46961872428655627,0.44493688493967054,0.4208307355642319,0.39237240999937056,0.368378272652626,0.33890066146850584,0.31094305366277697,0.280567866563797,0.2492391996085644,0.22704433053731918,0.19621021077036857,0.1693292699754238,0.1427915394306183,0.12570822089910508,0.09656618051230907,0.0778582088649273,0.0,0.08099951595067978,0.09750834554433822,0.11878319680690766,0.14283118695020675,0.168794684112072,0.18963658288121224,0.21589843556284904,0.24325346946716309,0.26758538782596586,0.2903729498386383,0.31483434736728666,0.33935401141643523,0.36182524263858795,0.378655768930912,0.40213832408189776,0.42324256598949433,0.44252202212810515,0.46029951721429824,0.48249725103378294,0.4972423672676086,0.5162833392620086,0.5308360993862152,0.5476370722055435,0.5619253307580948,0.576724973320961,0.5916107833385468,0.6049652725458146,0.6186456441879272,0.6329512774944306,0.6458363473415375,0.6597861170768737,0.6707423567771912,0.6818646997213363,0.6942654073238372,0.7035187959671021,0.7127966105937957,0.7244888722896576,0.7327753812074661,0.7422691941261291,0.7525786548852921,0.7601938337087631,0.7705824226140976,0.7774370044469834,0.7850809603929519,0.7914076775312424,0.8013294070959092,0.8095967084169388,0.8146590828895569,0.8206896901130676,0.8270913660526276,0.8337826699018478,0.8408208966255188,0.8457800328731537,0.8523650735616684,0.8570096790790558,0.8632377535104752,0.8694735020399094,0.8733666926622391,0.8787757247686386,0.8841660588979721,0.8899499475955963,0.8945125848054886,0.8994784414768219,0.9036947309970855,0.9078683823347091,0.9128601551055908,0.9163219213485718,0.9207122087478637,0.9252587914466858,0.929076886177063,0.9329860121011734,0.9373357355594635,0.9405423998832703,0.9449802249670028,0.9495692014694214,0.9517170250415802,0.9570381730794907,0.9600599765777588,0.9627907902002335,0.9668082922697068,0.9711964786052704,0.9752934604883194,0.9788744896650314,0.9819379389286041,0.9848150163888931,0.9885321885347367,0.9933140754699707,0.9965867847204208,1.0004839211702348,1.0049815863370894,1.0100660651922226,1.0167937487363816
t_91,1.3113964080810547,1.3090609908103943,1.3106366753578187,1.3082373201847077,1.3064298450946807,1.305142444372177,1.3012571692466737,1.2980481684207916,1.2937999486923217,1.2922178506851196,1.2891330242156982,1.2855931401252747,1.2851408541202545,1.2811964511871339,1.280041640996933,1.2752825975418092,1.2712063014507293,1.2669589042663574,1.2649735808372498,1.260937213897705,1.2564342737197876,1.2549957394599915,1.2511244654655456,1.246289747953415,1.2422340571880341,1.2396763443946839,1.2371105611324311,1.2312695384025574,1.2276429176330566,1.2243169784545898,1.2189488112926483,1.2157815098762512,1.2107803642749786,1.206223303079605,1.200620174407959,1.1943355202674866,1.1917093753814698,1.1849523663520813,1.1811445295810699,1.1752804815769196,1.1705362677574158,1.1630089938640595,1.1567660808563232,1.1531640827655791,1.1441031694412231,1.1379944264888764,1.130531418323517,1.1234123289585114,1.1150545835494996,1.1082320630550384,1.0994917631149292,1.0900126039981841,1.0813246607780456,1.0731945872306823,1.0627120852470398,1.052843189239502,1.0428325295448304,1.0331461548805236,1.0238217055797576,1.0115209698677063,0.9990576148033142,0.9882584542036057,0.9779877305030823,0.9649649441242218,0.9523427098989486,0.9417796909809113,0.9294588059186936,0.913979458808899,0.905184805393219,0.8929363936185837,0.8804277032613754,0.8625883847475052,0.8510450571775436,0.8388246208429336,0.8227783918380738,0.8069047033786774,0.7928078502416611,0.7748248964548111,0.7563009291887284,0.7398530185222626,0.723992383480072,0.7068315386772156,0.6828949213027954,0.6654108345508576,0.6456577807664872,0.6289752125740051,0.6053149163722992,0.5854567795991897,0.5616958737373352,0.5375532865524292,0.5171061784029007,0.49127729535102843,0.4671601951122284,0.44317740499973296,0.4155563697218895,0.3917867839336395,0.36224877685308454,0.3353040501475334,0.30512844771146774,0.27403607666492463,0.2501858830451965,0.22163135409355164,0.19571144580841066,0.16519982665777205,0.14668030440807342,0.1134513821452856,0.09606137312948704,0.08099951595067978,0.0,0.07697489224374295,0.10025198273360729,0.11632009446620942,0.14200033470988274,0.16361181288957596,0.1901668593287468,0.2181499607861042,0.24280859306454658,0.2654521957039833,0.28972627967596054,0.31476543843746185,0.33735720813274384,0.35502824038267133,0.37827255129814147,0.3998481839895248,0.41973653733730315,0.4380660429596901,0.4601670324802399,0.4753924548625946,0.49485965818166733,0.5097432613372803,0.5270864456892014,0.5416482746601105,0.5569376468658447,0.5722294211387634,0.5860011249780654,0.5997564405202865,0.6146065473556519,0.6277359217405319,0.6418907612562179,0.6533292323350907,0.6646527498960495,0.6773975998163223,0.6868000358343125,0.696434959769249,0.7083852320909501,0.7168711692094802,0.7264783710241318,0.7371974438428879,0.7449739813804627,0.7554740607738495,0.7625484496355057,0.7704677045345306,0.7770544290542603,0.7870500206947326,0.7954118341207504,0.8008337914943695,0.8070163369178772,0.8135815799236298,0.8204650193452835,0.8276724576950073,0.8327611476182938,0.8394811600446701,0.8442812383174896,0.8506612986326217,0.8570589184761047,0.8610722482204437,0.8666244685649872,0.872232872247696,0.8780567467212677,0.8828712850809097,0.8878805339336395,0.8922604769468307,0.8965177446603775,0.9016208529472352,0.9052357494831085,0.9097243636846543,0.9143373101949692,0.9183307081460953,0.922379219532013,0.9267425000667572,0.9300624072551728,0.9347066938877105,0.9393056064844132,0.9415530651807785,0.9469644129276276,0.9500617802143096,0.9529370605945587,0.9571096390485764,0.961489912867546,0.9656850129365921,0.9693656742572785,0.9725821524858475,0.9756349921226501,0.9794019281864166,0.9842721164226532,0.9877658754587173,0.9917722553014755,0.996301707625389,1.001558592915535,1.008580294251442
t_90,1.3158737897872925,1.3135952651500702,1.3151511609554292,1.312786465883255,1.3110226750373841,1.3097506165504456,1.3059264242649078,1.3027773022651672,1.2986027121543884,1.297034752368927,1.294029301404953,1.290550208091736,1.290119570493698,1.2862538695335388,1.2851140558719636,1.2804731965065002,1.276456642150879,1.2723122775554656,1.2703738749027251,1.2664160966873168,1.2620065689086915,1.2606471717357635,1.256866466999054,1.252125746011734,1.24821395277977,1.2457312166690826,1.2431909382343291,1.2375358998775483,1.2339878141880036,1.2307673394680023,1.225558990240097,1.2224659502506257,1.2175684571266174,1.2131838142871856,1.2077254891395568,1.2016055464744568,1.1990681827068328,1.192490464448929,1.1887838006019593,1.1830410599708556,1.1784435093402863,1.1711313843727111,1.1650303840637206,1.1615491390228272,1.1527163505554199,1.146740484237671,1.139454084634781,1.132570320367813,1.12438462972641,1.1177464187145234,1.109230649471283,1.099988728761673,1.0915156304836273,1.0835516571998596,1.0733806312084198,1.0636856138706208,1.0539770305156708,1.0444605708122254,1.0353221237659453,1.0234363436698914,1.011211907863617,1.0007222086191176,0.9906636118888855,0.9779852032661438,0.965663805603981,0.9553180128335953,0.9432114660739899,0.9282347798347473,0.919567534327507,0.9076593369245529,0.8954397171735764,0.8780481606721878,0.8666344553232193,0.8547879874706268,0.8391753494739532,0.8236431360244751,0.8098537236452102,0.7923900336027145,0.7742555886507034,0.7581696599721909,0.7426233410835266,0.7256350368261337,0.7025015562772751,0.6852274060249328,0.6661202222108841,0.6499165266752243,0.6264207333326339,0.6073105126619339,0.584000414609909,0.5603975117206573,0.5399225980043412,0.515446412563324,0.4917504131793976,0.4673942267894745,0.44061614722013476,0.4177035003900528,0.3892946556210518,0.3628603398799896,0.3322712883353233,0.3015157714486122,0.2774411365389824,0.24892937541007995,0.2232783168554306,0.1921754725277424,0.17213586196303368,0.13849708214402198,0.11616680473089218,0.09750834554433822,0.07697489224374295,0.0,0.08234715424478053,0.09131088927388191,0.11382894217967987,0.13496971502900124,0.16155041381716728,0.18931102156639099,0.21518282368779182,0.23708558306097985,0.26297237277030944,0.2863146647810936,0.31129180192947387,0.3288900926709175,0.3513269066810608,0.3749433413147926,0.3950652346014977,0.41375451534986496,0.43544811606407163,0.45121059715747835,0.47165763676166533,0.48712901324033736,0.5051389440894127,0.5195685312151909,0.5355253994464875,0.551284795999527,0.5654840528964996,0.5794276595115662,0.594529676437378,0.6082280397415161,0.6225544899702072,0.6347361773252487,0.6461529225111008,0.6592925280332566,0.6690860539674759,0.6791257411241531,0.6911184072494507,0.7001161217689514,0.7098543167114257,0.7208756685256958,0.7287367165088654,0.7393574655056,0.7472014904022217,0.7550499975681305,0.7619536072015762,0.7720757007598877,0.7804824650287628,0.7863953918218612,0.7927278965711594,0.7994059652090073,0.8066052556037903,0.8139700949192047,0.8192324578762055,0.8261522829532624,0.8310533881187439,0.8376697391271591,0.8442586630582809,0.8482115268707275,0.8538818985223771,0.8598226279020309,0.8657709121704101,0.8707625478506088,0.8758416771888733,0.8803317368030548,0.8846545726060867,0.8898944646120072,0.8937175065279007,0.8982889086008072,0.9029605358839035,0.9071780025959015,0.9112766951322555,0.9158448427915573,0.9189915508031845,0.9239613384008407,0.9287200480699539,0.930891266465187,0.9365158200263977,0.9396830260753631,0.9427498757839203,0.9469641089439392,0.951436173915863,0.955792510509491,0.9594977080821991,0.9629204511642456,0.9661140382289887,0.9698772192001343,0.9750420063734054,0.9785205483436584,0.9827298432588577,0.9873351126909256,0.9927365183830261,1.0001886636018753
t_89,1.3199639320373535,1.3177393794059753,1.319260162115097,1.3169182181358337,1.3151872217655183,1.3138960361480714,1.3101235270500182,1.3070514023303985,1.3029142022132874,1.3013458549976349,1.2984007954597474,1.2949768483638764,1.29453347325325,1.2907155692577361,1.2895815432071687,1.2850215077400207,1.281015282869339,1.276982408761978,1.2750615537166596,1.2711347103118897,1.2667799115180969,1.2654777705669402,1.261729073524475,1.257048749923706,1.253211396932602,1.2507798492908477,1.2482494294643403,1.2427454948425294,1.2392259240150452,1.2361393690109252,1.2310410141944885,1.2280312061309815,1.2231904447078705,1.2189758181571961,1.2136530756950379,1.2076926052570343,1.2052360653877259,1.198849380016327,1.1952453672885894,1.1896029591560364,1.1851767480373383,1.1780637562274934,1.172094476222992,1.168748563528061,1.1601847589015961,1.154301518201828,1.1472262740135193,1.140557211637497,1.132647067308426,1.1262100040912628,1.1178902328014373,1.1089014768600465,1.100605320930481,1.0928012013435364,1.0829648971557617,1.073533171415329,1.0640969932079316,1.0547078192234038,1.0456930696964264,1.0343133866786958,1.0222453236579896,1.0120913684368134,1.0021542966365815,0.989795196056366,0.977942380309105,0.9676638752222061,0.9557690769433975,0.9413372457027436,0.9327465772628785,0.9211826086044311,0.9092812240123749,0.8923296511173249,0.8808462709188462,0.8694163292646409,0.8542019903659821,0.839080423116684,0.8256221771240234,0.8086165517568589,0.7908943623304368,0.7750062614679336,0.7597023069858551,0.7428767591714859,0.7205480992794037,0.7033903300762177,0.6848062634468078,0.6692753195762634,0.6457615524530411,0.6273589730262756,0.604234766960144,0.5818168818950653,0.560909241437912,0.5378596663475037,0.5145622104406357,0.4893806159496307,0.4643243908882141,0.44230951368808746,0.4141220718622208,0.3879401281476021,0.3577472701668739,0.3276447862386703,0.3026211246848106,0.27675952315330504,0.2495244972407818,0.21591406390070916,0.19607187286019326,0.16761526912450792,0.1437981203198433,0.11878319680690766,0.10025198273360729,0.08234715424478053,0.0,0.08650758229196072,0.09316126815974712,0.11943985596299171,0.13867676630616188,0.1662696674466133,0.19271457195281982,0.21661753505468367,0.24233641922473909,0.26446242034435274,0.29046880304813383,0.3070308789610863,0.3292978867888451,0.35413298308849334,0.3749809741973877,0.39341308176517487,0.4136859402060509,0.4300420507788658,0.4517530381679535,0.4673617988824844,0.4866641446948051,0.5005116105079651,0.5176293134689331,0.533575588464737,0.5480026066303253,0.561991137266159,0.5775598496198654,0.5917951852083206,0.605839291214943,0.6188755452632904,0.630610117316246,0.643800574541092,0.6539541393518448,0.6644055962562561,0.6763183027505875,0.685731726884842,0.6953997075557709,0.707048088312149,0.7149312764406204,0.7251869231462479,0.7339136213064194,0.7416582226753234,0.7491488724946975,0.7588799566030502,0.7672253489494324,0.7739942014217377,0.7803005605936051,0.7871876507997513,0.7947242259979248,0.8022125720977783,0.8075424164533616,0.8145925819873809,0.8196679383516312,0.8264149606227875,0.8331108033657074,0.8369421631097793,0.8428434133529663,0.8491484612226486,0.8550989329814911,0.860330680012703,0.8655103206634521,0.8701663881540298,0.8744628757238389,0.8797323703765869,0.8838071435689926,0.888447716832161,0.8931617200374603,0.8976895868778229,0.9018519401550293,0.906556385755539,0.9094752967357635,0.9149186015129089,0.9196499496698379,0.9218155294656754,0.9276298254728317,0.9307213991880416,0.9341645151376724,0.9383680701255799,0.9427991211414337,0.9473104894161224,0.9509302288293838,0.9547752946615219,0.9581235855817795,0.9619091004133224,0.96724072098732,0.9709557712078094,0.9752833604812622,0.9798230975866318,0.9853615492582322,0.9934195637702942
t_88,1.322235119342804,1.3200830042362213,1.3216014742851256,1.3193171083927155,1.3176185488700867,1.3163991272449493,1.3127127468585968,1.3097028970718383,1.3056653559207916,1.3041454672813415,1.3012725710868835,1.2979171693325042,1.2975080609321594,1.2938041925430297,1.2927179276943206,1.2882709562778474,1.2843911170959472,1.2804558992385864,1.2785858035087585,1.2747913479804993,1.270560610294342,1.2692987620830536,1.2656610906124115,1.2611133754253387,1.2573688805103302,1.2549996674060822,1.2525872349739076,1.2472048997879028,1.2438031911849976,1.2407644748687745,1.2358198523521424,1.2328710019588471,1.2282307386398315,1.2240475296974183,1.2188515484333038,1.2130107283592224,1.2106274664402008,1.204350233078003,1.2008443117141723,1.1953519463539124,1.19098042845726,1.184024739265442,1.1782083690166474,1.174902081489563,1.1665058493614198,1.1607921600341797,1.1538537323474884,1.1472932755947114,1.1395460963249207,1.1332421123981475,1.125117802619934,1.1163060903549193,1.1082386136054994,1.1006341695785522,1.0909561097621918,1.0817136824131013,1.0724668323993682,1.063389676809311,1.0546656966209411,1.0433376371860503,1.0316524147987365,1.0216638684272765,1.0120385795831681,0.9999260783195496,0.9882352888584137,0.9783387452363967,0.9668066233396531,0.9524950057268142,0.9442721635103226,0.9328834563493729,0.921263924241066,0.9046448975801468,0.893771743774414,0.8825052499771118,0.8675754755735398,0.8528137803077698,0.8396584212779998,0.8229344874620438,0.8056556791067123,0.7903396755456924,0.7754828780889511,0.7592837631702423,0.7372352242469787,0.7207802176475525,0.7025078147649765,0.6870690017938614,0.6646301418542861,0.6463824301958084,0.624075049161911,0.601525342464447,0.5820313572883606,0.558533889055252,0.5358050793409348,0.5125735744833946,0.4868876725435257,0.4649633914232254,0.4374808996915817,0.41195501685142516,0.38277909308671954,0.35299902558326723,0.32942076623439787,0.30156802088022233,0.2760556071996689,0.24496996477246286,0.22421923130750657,0.19243491515517236,0.168056221306324,0.14283118695020675,0.11632009446620942,0.09131088927388191,0.08650758229196072,0.0,0.08361130021512508,0.09088560938835144,0.11374159529805183,0.13772158473730087,0.1634722888469696,0.1854660540819168,0.21109214425086975,0.23451553508639336,0.2598593086004257,0.2780775621533394,0.300908824801445,0.3250704944133759,0.3460533574223518,0.36560185849666593,0.3878165900707245,0.40435941368341444,0.42574269622564315,0.44182103127241135,0.4607836797833443,0.4758135601878166,0.4926446795463562,0.509241147339344,0.5241177201271057,0.5387178897857666,0.5545280426740646,0.5689561367034912,0.5839471071958542,0.5968443661928177,0.6089401930570603,0.622698375582695,0.6330162197351455,0.6436592310667038,0.6562023133039474,0.6657012045383454,0.675947293639183,0.6875617384910584,0.6958507895469666,0.7069607198238372,0.7152575314044952,0.7235928148031234,0.7309216290712357,0.7414891242980957,0.7503005981445312,0.7566270142793655,0.7633410096168518,0.7703603118658066,0.7779807448387146,0.7856991708278656,0.7912816405296326,0.7985498815774917,0.8037536680698395,0.8107022732496262,0.817612674832344,0.8218411952257156,0.8278442561626435,0.8341325014829636,0.8403592705726624,0.845637845993042,0.8510061919689178,0.8557551056146622,0.8602982938289643,0.8657791197299958,0.8698571115732193,0.8746767282485962,0.8795923173427582,0.8840959936380386,0.888405230641365,0.893215325474739,0.8965325385332108,0.9018083304166794,0.906767600774765,0.9091190248727798,0.915025195479393,0.91837297976017,0.9216706603765488,0.9261404037475586,0.9307625085115433,0.9353515625,0.9392376065254211,0.9429209381341934,0.9463785409927368,0.9503244280815124,0.9557484984397888,0.9595416218042374,0.9640471845865249,0.9688828945159912,0.9746501564979553,0.9826957941055298
t_87,1.327373170852661,1.3252653181552887,1.3267483294010163,1.3244812905788421,1.3228132128715515,1.3215808689594268,1.3179331243038177,1.3149892687797546,1.3109802305698395,1.3094535231590272,1.3066404461860657,1.3033246099948883,1.3028973817825318,1.2992449939250945,1.2981499671936034,1.293783974647522,1.2899189472198487,1.2860704243183136,1.2842173159122467,1.2804489314556122,1.276243543624878,1.2750503480434419,1.271447056531906,1.2669436514377594,1.2632826387882232,1.2609656155109406,1.2585534632205964,1.2533130168914794,1.2499247670173645,1.2470124781131744,1.242155659198761,1.2392808079719544,1.2346393406391143,1.2306289494037628,1.225545048713684,1.21985102891922,1.2175482392311097,1.2114322543144227,1.2080277740955352,1.2025996804237367,1.1983940839767455,1.1916253328323365,1.1859136402606965,1.1827387928962707,1.1745749592781067,1.1689306020736694,1.1621731281280518,1.1558111667633058,1.1482896983623505,1.1421499073505401,1.13421031832695,1.1256212949752809,1.117689996957779,1.1102127194404603,1.100826048851013,1.091795665025711,1.0828109443187715,1.073796707391739,1.065168958902359,1.05433788895607,1.042746716737747,1.033089929819107,1.0235424935817719,1.0117226213216781,1.0004281759262086,0.9905568480491638,0.9791826009750366,0.9653931021690368,0.9572098046541214,0.946146959066391,0.934780341386795,0.9185739457607269,0.9075163692235947,0.8966797888278961,0.8820979177951813,0.86763776242733,0.8547874331474304,0.8385823130607605,0.8215995371341706,0.8063583761453629,0.7917419284582138,0.775551101565361,0.7543335080146789,0.7378291636705399,0.720071890950203,0.7052557706832886,0.6827175736427307,0.6651847988367081,0.6429256349802017,0.6216005384922028,0.6014323234558105,0.5795265018939972,0.5572803914546967,0.5329608201980591,0.5089430883526802,0.4877952739596367,0.46062044650316236,0.4355354428291321,0.4063940539956093,0.3772337630391121,0.3524912506341934,0.3271607518196106,0.30131887048482897,0.2688132107257843,0.2478093348443508,0.21846177875995637,0.19522218629717827,0.168794684112072,0.14200033470988274,0.11382894217967987,0.09316126815974712,0.08361130021512508,0.0,0.0855214275419712,0.09328958988189698,0.12146643213927746,0.1470309466123581,0.16703911796212195,0.19131008237600328,0.21211637556552887,0.24012551382184028,0.25731963813304903,0.278441795706749,0.30520255863666534,0.3261934742331505,0.3453729584813118,0.3657424971461296,0.38246073126792907,0.4057348266243935,0.4222152426838875,0.4425624132156372,0.45668271780014036,0.47481620907783506,0.4914541199803352,0.5064896449446679,0.5208151578903198,0.5374250710010529,0.5523281782865525,0.5669384628534317,0.5809187173843384,0.5930647432804108,0.6071095436811447,0.6175768226385117,0.6287422209978104,0.6412212282419205,0.6511264115571975,0.6612066149711608,0.6736250996589661,0.6819136440753937,0.6924020528793335,0.7018503934144974,0.7098356038331985,0.7179722309112548,0.7279522240161895,0.73662289083004,0.7441220253705978,0.7505749464035034,0.7578676789999008,0.7658760666847229,0.7737746447324753,0.7792938053607941,0.7867590129375458,0.7920971304178238,0.7992649286985397,0.806269857287407,0.8102695047855377,0.8165064781904221,0.8232722759246827,0.8294880330562592,0.8349834948778152,0.8403699725866318,0.845376369357109,0.8498732417821884,0.855343958735466,0.8597848147153855,0.8645861983299256,0.8695916056632995,0.8744426876306534,0.8788508355617524,0.8836961269378663,0.8867056518793106,0.8925932824611664,0.8974790006875992,0.8997767508029938,0.9058574914932251,0.9091153919696808,0.9128371179103851,0.9173470675945282,0.9218640118837357,0.9266542464494705,0.9304235875606537,0.9346113085746766,0.9382194697856903,0.942174232006073,0.9478029608726501,0.9518496096134186,0.9564406275749207,0.9612087726593017,0.967111399769783,0.9757375419139862
t_86,1.3281234920024871,1.3260610461235047,1.3275530934333801,1.3253340661525725,1.3236918687820434,1.3225129008293153,1.318940168619156,1.3160388112068175,1.312119460105896,1.3106422305107117,1.3078684270381928,1.3046231508255004,1.304226464033127,1.3006636917591095,1.299622654914856,1.2953464806079864,1.2915822982788085,1.28782879114151,1.2860192656517029,1.2823662757873535,1.2782783210277557,1.277106136083603,1.2736018598079681,1.2692373454570771,1.2656471967697143,1.263384848833084,1.2610824227333068,1.255934900045395,1.252665263414383,1.2497776985168456,1.2450641572475434,1.2422294318675995,1.2377911865711213,1.2337993204593658,1.2288450837135314,1.223263645172119,1.220999276638031,1.2149900376796723,1.211663168668747,1.2063966512680053,1.2022243976593017,1.1955586910247802,1.1900103449821473,1.1868421852588653,1.1788309574127198,1.1733475863933562,1.1666999399662017,1.160415667295456,1.153072440624237,1.1470349490642548,1.1392365515232086,1.130792683362961,1.1230858147144318,1.1158090233802795,1.1065080046653748,1.0976599037647248,1.0888130009174346,1.0801361739635467,1.071786677837372,1.0609336137771606,1.0497452080249787,1.04015172123909,1.030933541059494,1.0193238258361816,1.0081967294216156,0.9987256050109863,0.9876762390136719,0.9739092588424683,0.9660941451787949,0.955121049284935,0.9440315216779709,0.9280682295560837,0.9177288711071014,0.9069530129432678,0.8925809651613236,0.8784799933433532,0.8658771336078643,0.8497403085231781,0.83327114880085,0.8186474561691284,0.8043515980243683,0.7889651536941529,0.767766946554184,0.7520810604095459,0.734501275420189,0.7197038859128952,0.6982996582984924,0.6807704836130142,0.6593991786241531,0.6377185374498368,0.619297730922699,0.5965099632740021,0.5747825980186463,0.5528361380100251,0.5279818147420883,0.5067708909511566,0.48027025163173676,0.45572261810302733,0.4278899163007736,0.3990140914916992,0.3766807034611702,0.34895981997251513,0.3241874501109123,0.2944690614938736,0.27391253262758253,0.24211009666323663,0.21694721654057503,0.18963658288121224,0.16361181288957596,0.13496971502900124,0.11943985596299171,0.09088560938835144,0.0855214275419712,0.0,0.0770602535456419,0.10019784644246102,0.1159053910523653,0.13697029650211334,0.16187125444412231,0.18524682521820068,0.21015344187617302,0.22828358113765718,0.2521438911557198,0.27649503350257876,0.2980262920260429,0.3178897321224213,0.34152166843414306,0.35849551409482955,0.38046979159116745,0.3970823183655739,0.4168704941868782,0.4327415362000465,0.4503092631697655,0.46751092225313184,0.4831298038363457,0.4983419328927994,0.5148715734481811,0.5300939500331878,0.5458351612091065,0.5592498034238815,0.5719518005847931,0.5864273011684418,0.5971585810184479,0.6083450973033905,0.6216578632593155,0.6315076410770416,0.6422675609588623,0.6543634951114654,0.6631888002157211,0.6749780803918839,0.6834420621395111,0.6923665642738343,0.6999912142753602,0.7112304508686066,0.7204375773668289,0.7269333004951477,0.7341246247291565,0.7415221750736236,0.7494904190301895,0.7575673222541809,0.7634870618581772,0.7710677444934845,0.7765351295471191,0.7838859409093857,0.7911170840263366,0.7957067608833313,0.8019860565662384,0.8086246907711029,0.8151154488325119,0.8206532567739486,0.8262748181819916,0.831366890668869,0.8361708492040634,0.8419416040182114,0.8461702287197113,0.8513433575630188,0.8564323276281357,0.8611962556838989,0.8657332181930542,0.8707799434661865,0.8743882685899734,0.8798681020736694,0.8850504368543625,0.8876031547784805,0.8938396394252777,0.8973896890878678,0.900842672586441,0.9055917084217071,0.9104244083166122,0.9152464032173157,0.9193799436092377,0.9232386648654938,0.9269576072692871,0.931124010682106,0.9367887258529664,0.9409085839986802,0.9456843078136444,0.950827169418335,0.956983682513237,0.9655534237623214
t_85,1.3319523632526398,1.3299490213394165,1.3314074516296386,1.3292264759540557,1.3276175022125245,1.3264459133148194,1.3229309797286988,1.3201012015342712,1.3162285327911376,1.3147592663764953,1.3120482802391051,1.3088523387908935,1.3084579110145569,1.304960459470749,1.3039380192756653,1.2997397303581237,1.2960142016410827,1.2923618793487548,1.2905730128288269,1.2869760811328887,1.2829549431800842,1.2818312287330627,1.2783883690834046,1.2740918159484864,1.270597767829895,1.2683940529823303,1.2661199688911438,1.2611085534095765,1.2578838467597961,1.2551124811172485,1.2505096673965455,1.2477425575256347,1.2433882296085357,1.239517045021057,1.2346856355667115,1.229240244626999,1.2270546317100526,1.2211933314800263,1.2179625034332275,1.2127867639064789,1.2087478697299958,1.20226292014122,1.1968492984771728,1.1937740921974183,1.1859664022922516,1.1805863678455353,1.174109786748886,1.1680134654045105,1.1608685433864594,1.1550008654594421,1.1473830103874207,1.1391546845436096,1.1316095769405365,1.1244750618934631,1.1154309451580047,1.1067816317081451,1.0981696784496306,1.0896501898765565,1.0814492583274842,1.07094464302063,1.0599205672740937,1.0506221950054169,1.0415426015853881,1.0302141904830933,1.0193885445594788,1.0100795090198518,0.9992745250463486,0.9859164446592331,0.9782447695732117,0.9675704836845398,0.9567491948604584,0.9411481261253357,0.9309000670909882,0.9204392611980439,0.9064150482416153,0.8926589071750641,0.880371379852295,0.8646557003259658,0.8485385090112686,0.8341422587633133,0.8201639771461486,0.805038896203041,0.7844486653804779,0.7690007477998734,0.7519502460956573,0.7375856190919876,0.7164884775876998,0.6994965851306916,0.6784897983074188,0.657596942782402,0.6392160475254058,0.617358386516571,0.5960995018482208,0.5740878105163574,0.5503060936927795,0.5297849148511886,0.5037297591567039,0.4795196458697319,0.4522153824567795,0.4238869175314903,0.40148195177316665,0.37519023269414903,0.350066702067852,0.32005330324172976,0.29933346062898636,0.2690156862139702,0.24459809213876724,0.21589843556284904,0.1901668593287468,0.16155041381716728,0.13867676630616188,0.11374159529805183,0.09328958988189698,0.0770602535456419,0.0,0.08574374876916409,0.09952388294041156,0.11392443738877774,0.1370346263051033,0.15845774561166764,0.18494198843836784,0.20297387465834618,0.22558275908231734,0.25087757855653764,0.27263796925544737,0.29268151372671125,0.31556241363286974,0.33319138139486315,0.35617774724960327,0.37297004759311675,0.3937656402587891,0.409299872815609,0.42784147560596464,0.44527397602796553,0.46127069890499117,0.47674075067043303,0.4936780363321304,0.5094055473804474,0.5252944529056549,0.5393460899591446,0.5524458348751068,0.5670519500970841,0.5782196640968322,0.5898527860641479,0.6032514929771423,0.6135160773992538,0.6244134455919266,0.6370585948228836,0.6459806621074676,0.6577024340629578,0.6669171303510666,0.67583569586277,0.6839894115924835,0.6950620949268341,0.7044033437967301,0.7115667223930359,0.7188152432441711,0.7264335364103317,0.7347385972738266,0.743001201748848,0.7491187810897827,0.756850865483284,0.7625119239091873,0.7700570225715637,0.7774522453546524,0.7820306122303009,0.7885635644197464,0.7954790323972702,0.8020887076854706,0.8078228414058686,0.8135775566101074,0.8188542246818542,0.8237414181232452,0.8295692414045334,0.8340770930051804,0.8393138825893403,0.8445583015680314,0.849564453959465,0.8541995257139205,0.8593866795301437,0.86291224360466,0.8687525749206543,0.8739491611719131,0.8765792578458786,0.8829873681068421,0.886550560593605,0.8902959525585175,0.8950906723737717,0.8999695777893066,0.9049567967653275,0.909086474776268,0.9132865369319916,0.9171082496643066,0.9213723570108414,0.9272251099348068,0.9315341651439667,0.9364445567131042,0.9416456669569016,0.9479807615280151,0.9570108145475388
t_84,1.335577815771103,1.3336243867874145,1.3350619435310365,1.3329112708568573,1.3313377857208253,1.3301896095275878,1.326732987165451,1.3239552855491639,1.3201371073722838,1.3186782360076905,1.3160183548927307,1.3128838419914246,1.3124903976917266,1.309049028158188,1.308032089471817,1.3039063513278961,1.3002457857131957,1.2966730296611786,1.294909453392029,1.2913722157478333,1.287429505586624,1.286346083879471,1.282955026626587,1.278742492198944,1.2753219962120057,1.2731640756130218,1.2709230780601501,1.2660225212574006,1.2628640949726104,1.260178118944168,1.2556853413581848,1.2529999017715454,1.2487522661685944,1.2449889719486236,1.2402861356735229,1.2349716424942017,1.2328573167324066,1.2271377503871919,1.224005675315857,1.2189557075500488,1.2150302469730376,1.2087072789669038,1.2034065663814544,1.20042182803154,1.1927973091602326,1.1875471889972686,1.1812277793884278,1.175284641981125,1.168313241004944,1.1625986754894257,1.1551694393157959,1.1471362233161926,1.1397532105445862,1.1327820420265198,1.123961591720581,1.1155028343200684,1.107095217704773,1.0987650632858277,1.0907374560832976,1.0804846584796906,1.0697198152542113,1.0606794476509094,1.051805305480957,1.040732169151306,1.0301553070545197,1.021063405275345,1.0105023503303527,0.9974305987358093,0.9899373173713684,0.9795532524585724,0.9689554870128632,0.9536936432123184,0.9436937808990479,0.933467236161232,0.9197732210159302,0.9063246756792068,0.8943419098854065,0.8790544420480728,0.8632757365703583,0.84918152987957,0.8355233609676361,0.820697671175003,0.8005894482135772,0.7855304270982743,0.768789193034172,0.7548232644796371,0.7341590732336044,0.7175715833902359,0.6971188485622406,0.6766990780830383,0.6587008684873581,0.6373535931110382,0.6165438562631607,0.5950677007436752,0.5717090457677841,0.5518399864435196,0.5263967365026474,0.5028402119874954,0.47603755444288254,0.44818160235881804,0.42615325599908827,0.40020245760679246,0.37605451345443724,0.3460303872823715,0.3265678837895393,0.2969558000564575,0.2715150937438011,0.24325346946716309,0.2181499607861042,0.18931102156639099,0.1662696674466133,0.13772158473730087,0.12146643213927746,0.10019784644246102,0.08574374876916409,0.0,0.08002011701464654,0.09570418931543827,0.11639195047318936,0.13632056638598442,0.15912875533103943,0.1766524374485016,0.20025638341903687,0.22520707920193672,0.24740307331085204,0.2672336161136627,0.29037065207958224,0.3079333439469337,0.3310167729854584,0.3483580380678177,0.3695497393608093,0.3853850468993187,0.4041912958025932,0.4222532331943512,0.43856061846017835,0.4543240323662758,0.4719111382961273,0.4877841606736183,0.503701314330101,0.5183561027050019,0.5317190885543823,0.5467924505472184,0.5581402450799942,0.5700997889041901,0.5837021350860596,0.5943804293870926,0.6055170863866806,0.6185770809650422,0.6277485877275467,0.6396064996719361,0.6491585880517959,0.6582914412021637,0.6667733490467072,0.6780056118965149,0.6875917881727218,0.6950636297464371,0.702406969666481,0.7102964371442795,0.7187406867742538,0.7273023396730423,0.7335017323493958,0.7414779454469681,0.7473663330078125,0.7550673604011535,0.762683042883873,0.7673313409090042,0.7740726262331009,0.781185632944107,0.7879140466451645,0.7939164251089096,0.7998088657855987,0.8052375048398972,0.8102637112140656,0.8161918848752976,0.8209669470787049,0.8262665510177613,0.8317218631505966,0.8368658542633056,0.8416331797838211,0.8468786954879761,0.8505205988883973,0.85654898583889,0.8618539601564408,0.8646503567695618,0.8710852652788162,0.8747669041156769,0.8786798655986786,0.8836135387420654,0.8886119455099106,0.893725973367691,0.8979892045259475,0.9023520529270173,0.9063004612922668,0.910687330365181,0.916678273677826,0.9212044388055801,0.926235419511795,0.9316170156002045,0.9381673812866211,0.947441640496254
t_83,1.3379582703113555,1.3360457360744475,1.3374752640724181,1.3353640913963318,1.3338165402412414,1.3326809525489807,1.3292846977710724,1.3265589356422425,1.3227964699268342,1.321364414691925,1.3187504768371583,1.3156608998775483,1.3152865648269654,1.3119148015975952,1.310933631658554,1.3068880021572113,1.3032864451408386,1.2997975647449493,1.2980690240859984,1.294608235359192,1.2907468974590302,1.2896945178508759,1.2863811671733856,1.2822589457035065,1.2788934409618378,1.2767822027206421,1.274608325958252,1.269821321964264,1.2667247891426086,1.2641010284423828,1.2597319066524506,1.2570889949798585,1.2529685497283936,1.2492773294448853,1.2446837544441223,1.2394816100597381,1.2374183177947997,1.2318309366703033,1.2287760376930237,1.2238511323928833,1.2200059711933136,1.2138094484806061,1.2086480677127838,1.205726933479309,1.1982780992984772,1.1931395828723907,1.1869506776332854,1.1811447381973266,1.1743699789047242,1.1687884986400605,1.161505299806595,1.1536366283893584,1.1464471578598023,1.1396546542644501,1.1310075283050538,1.1227575719356537,1.114512073993683,1.106413859128952,1.0986105680465699,1.088510525226593,1.0780117571353913,1.0690986037254333,1.0604670882225036,1.049615204334259,1.039289927482605,1.0304397344589233,1.0201311230659484,1.0072574675083161,0.99999920129776,0.9897957891225815,0.9794603496789932,0.9644817292690278,0.9548416823148728,0.944801852107048,0.9313573032617569,0.918237853050232,0.9064915269613266,0.8913802087306977,0.8760139673948288,0.8623191148042679,0.8489333182573319,0.8346092939376831,0.8147394031286239,0.8001879662275314,0.7837209552526474,0.770020353794098,0.7499888628721237,0.7336920619010925,0.7137154847383499,0.6935543805360794,0.6764026939868927,0.6551005274057389,0.6347221523523331,0.6143086403608322,0.591047665476799,0.5713273763656617,0.5464467108249664,0.523305106163025,0.49752172231674197,0.4700257867574692,0.44890890270471573,0.4227750554680824,0.39931404292583467,0.37050132304430006,0.35125343799591063,0.32155321091413497,0.2961205795407295,0.26758538782596586,0.24280859306454658,0.21518282368779182,0.19271457195281982,0.1634722888469696,0.1470309466123581,0.1159053910523653,0.09952388294041156,0.08002011701464654,0.0,0.08192982077598572,0.09741188138723374,0.11663172021508217,0.13443135395646094,0.14975865855813025,0.17587085962295532,0.1996103636920452,0.22183319926261902,0.24141038134694098,0.26649641394615176,0.28417202085256577,0.30662363618612287,0.32404784113168716,0.345239020884037,0.36203481554985045,0.3809677600860596,0.3992834731936455,0.4159246861934662,0.4321583822369576,0.4499696508049965,0.46618386209011076,0.4828085392713547,0.49734544903039934,0.5111419320106506,0.5265328079462052,0.5381334692239761,0.5502431184053421,0.5645136535167694,0.5752920806407928,0.5867887139320374,0.599948063492775,0.6094589471817017,0.6220521211624146,0.6312830954790115,0.6410054981708526,0.6494218051433563,0.6613911241292953,0.6712924599647522,0.6784410089254379,0.6862171441316605,0.694339320063591,0.702892604470253,0.7116330653429032,0.7181147664785386,0.7262458175420761,0.7322639346122741,0.7402803003787994,0.7480296820402146,0.7530398845672608,0.7598872542381286,0.7671252846717834,0.7740253150463104,0.7801350325345993,0.7861849397420884,0.7917963117361069,0.7970325648784637,0.8031994760036468,0.8079054027795791,0.81350277364254,0.8190341234207154,0.8242427676916122,0.8291714489459991,0.8345566511154174,0.8385408222675323,0.84451844394207,0.8499812871217728,0.8529338359832763,0.8595979332923889,0.8634633958339691,0.8673123866319656,0.872465455532074,0.877646592259407,0.8828286439180374,0.8873209446668625,0.8916166514158249,0.8957182466983795,0.9002820551395416,0.9063397258520126,0.9110522896051407,0.9162601709365845,0.9218649417161942,0.9286804676055909,0.938231709599495
t_82,1.3396075963974,1.3377413272857666,1.339149647951126,1.3370812118053437,1.3355612993240356,1.3344597101211548,1.3311210215091704,1.3284418523311614,1.3247528076171875,1.3233507513999938,1.3207915127277374,1.3177499294281005,1.317393922805786,1.3141006708145142,1.313145101070404,1.3091936588287354,1.3056718230247497,1.3022630035877227,1.300576114654541,1.2972003042697906,1.2934296250343322,1.2924122571945191,1.2891785860061646,1.2851646065711975,1.281878614425659,1.2798228979110717,1.2777169167995452,1.2730373442173004,1.2700206637382507,1.267470008134842,1.2632074773311615,1.2606237590312959,1.2566410183906556,1.2530114948749542,1.2485396564006805,1.2434610545635223,1.2414478659629822,1.2359777867794037,1.233001697063446,1.2281842827796936,1.2244154274463654,1.2183606207370759,1.2133264303207398,1.2104559659957885,1.2031420171260834,1.1981294870376586,1.1920680105686188,1.1863658726215363,1.17972132563591,1.1742441356182098,1.1671079635620116,1.159398329257965,1.152354782819748,1.1457128882408143,1.1371934413909912,1.1291156113147736,1.1210193812847138,1.1131231307983398,1.105492490530014,1.0955163061618804,1.085259848833084,1.076523107290268,1.0681016087532043,1.0574417233467102,1.0472540378570556,1.0386458575725555,1.0285917222499847,1.015904688835144,1.008832675218582,0.9988176167011261,0.9886819660663605,0.9739876747131347,0.9646370202302933,0.9547651618719101,0.9415808826684952,0.9287044912576675,0.9171991556882858,0.9023998975753784,0.8873437106609344,0.8739448606967926,0.8608842462301254,0.8469231694936752,0.8273939937353134,0.8132163614034653,0.7971003592014313,0.7835207760334015,0.7641624927520752,0.7480582296848297,0.7286591768264771,0.7087203800678253,0.6921207875013351,0.6710096508264541,0.651101815700531,0.631480997800827,0.6084543347358704,0.5891510039567948,0.5647597670555115,0.5421647697687149,0.5168406873941421,0.48977264016866684,0.4696448132395744,0.4432950675487518,0.42045300304889677,0.3927906692028046,0.37356317043304443,0.34331894665956497,0.31841384768486025,0.2903729498386383,0.2654521957039833,0.23708558306097985,0.21661753505468367,0.1854660540819168,0.16703911796212195,0.13697029650211334,0.11392443738877774,0.09570418931543827,0.08192982077598572,0.0,0.07569850087165833,0.09097708165645599,0.10870587229728698,0.12811415493488312,0.1514671929180622,0.1728068210184574,0.1949117936193943,0.21532327830791473,0.24254172071814536,0.2598580077290535,0.2819554552435875,0.2995748400688171,0.3206246569752693,0.3381439194083214,0.356877937912941,0.37562951892614366,0.39282129555940626,0.409501975774765,0.42779462337493895,0.4441452234983444,0.46157246530056,0.4761392503976822,0.49010705649852754,0.506149809062481,0.517846854031086,0.5302987813949585,0.5450498580932617,0.5559045165777207,0.5678747147321701,0.5812509089708329,0.5910589545965195,0.6041853070259094,0.6133588492870331,0.6234329462051391,0.6319989860057831,0.6443549036979676,0.654633817076683,0.6617723286151886,0.6698152542114257,0.6781271189451218,0.6867941439151763,0.6958317637443543,0.7025636792182922,0.7108661979436874,0.7170626580715179,0.7252874583005905,0.7332127451896667,0.7385168045759201,0.7455144315958023,0.7528286516666413,0.7599210202693939,0.7661808669567108,0.7723855793476104,0.7781510889530182,0.7835856467485428,0.7899164497852326,0.7947794228792191,0.8004922151565552,0.8062627524137497,0.8115250170230865,0.8166151195764542,0.8220747113227844,0.8263391256332397,0.8323245376348496,0.8379179030656815,0.8410988599061966,0.8478192925453186,0.8518756568431854,0.855744817852974,0.8610769748687744,0.8664562255144119,0.8717421740293503,0.8764175742864608,0.8807436525821686,0.8849404573440551,0.8896644562482834,0.8958664923906327,0.9007133275270462,0.9060344904661178,0.9119137644767761,0.9189438909292221,0.9285659462213516
t_81,1.3426117062568665,1.3407977938652038,1.3421887159347534,1.3401502609252929,1.338656485080719,1.3375744283199311,1.3342927038669585,1.3316770613193512,1.3280270576477051,1.3266482174396514,1.324127048254013,1.3211416006088257,1.320787513256073,1.3175526022911073,1.3166211366653442,1.312738835811615,1.309266984462738,1.3059474587440492,1.3042833149433135,1.3009751856327056,1.2972765505313872,1.296292132139206,1.2931107878684998,1.2891530692577362,1.2859268486499786,1.2839127838611604,1.2818528413772583,1.27726508975029,1.2742976367473602,1.2718134880065919,1.2676375746726989,1.2651126086711884,1.2612135887145997,1.2576545298099517,1.2532835125923156,1.2483144998550415,1.2463549852371216,1.2409901201725007,1.2380868554115296,1.2333751022815704,1.229686975479126,1.2237525522708892,1.2188339114189148,1.2160281836986542,1.2088709712028503,1.2039599537849426,1.198020601272583,1.1924326181411744,1.185972672700882,1.1806050360202789,1.1736074268817902,1.1660590171813965,1.159155297279358,1.1526605784893036,1.1442907869815826,1.1363921284675598,1.128458034992218,1.1207417249679565,1.1132548034191132,1.1034815430641174,1.0934209167957305,1.0848597705364227,1.076595711708069,1.0661308288574218,1.0561967849731446,1.047768473625183,1.0379262924194337,1.025474739074707,1.0185952484607697,1.0087782174348832,0.9988763719797135,0.9844568282365799,0.9753280937671661,0.9656778752803803,0.9527420073747634,0.9401625692844391,0.9289066195487976,0.9144112676382065,0.8996597796678543,0.8865488022565842,0.8737560421228409,0.8601470679044724,0.8410023778676987,0.8271550536155701,0.8113603234291077,0.7980858385562897,0.7792151272296906,0.7634345054626465,0.7443921655416489,0.724970617890358,0.7088159918785095,0.6880592614412308,0.6686432510614395,0.6495340049266816,0.6269873708486557,0.6080156981945037,0.584032940864563,0.5618451416492463,0.5372941285371781,0.5107834547758102,0.49096758365631105,0.4652318596839905,0.442832513153553,0.41573060750961305,0.39680966883897784,0.367226867377758,0.3428048849105835,0.31483434736728666,0.28972627967596054,0.26297237277030944,0.24233641922473909,0.21109214425086975,0.19131008237600328,0.16187125444412231,0.1370346263051033,0.11639195047318936,0.09741188138723374,0.07569850087165833,0.0,0.08277617022395134,0.0882837075740099,0.10956456959247589,0.13188835307955743,0.1491136871278286,0.16950202137231826,0.19052518904209137,0.2190162181854248,0.23607366532087326,0.25794134512543676,0.2754999801516533,0.2968077823519707,0.31492166221141815,0.3338635295629501,0.3528627470135689,0.37005995959043503,0.3870465323328972,0.40590145587921145,0.42240018844604493,0.4403863862156868,0.45498213171958923,0.4693715199828148,0.48578326851129533,0.49754035025835036,0.510200671851635,0.5256159871816635,0.5365243911743164,0.5487997680902481,0.5625451803207397,0.5727154970169067,0.586193522810936,0.5952736973762512,0.6057090371847152,0.6145209312438965,0.6272327125072479,0.637777128815651,0.6449847221374512,0.6532148718833923,0.661830472946167,0.6706528574228287,0.6799451142549515,0.6867994338274002,0.6952790051698685,0.7016343474388123,0.7101093769073487,0.7181949406862259,0.7237191259860992,0.7309322834014893,0.7384256720542908,0.7456472665071487,0.7520389676094055,0.758372101187706,0.7643944025039673,0.7700134634971618,0.7764477491378784,0.7814096927642822,0.7873126268386841,0.7932547360658646,0.7986174821853638,0.8038606494665146,0.8093807637691498,0.8138981014490128,0.8199911713600159,0.8256564706563949,0.829020881652832,0.8358996689319611,0.8400662690401077,0.8440062075853347,0.8495590537786484,0.8550207346677781,0.8604489445686341,0.8652706980705261,0.869737234711647,0.8740494757890701,0.8789570271968842,0.8852249175310135,0.890370175242424,0.895816546678543,0.9018727153539657,0.9091431558132171,0.919048872590065
t_80,1.3462523996829987,1.344462651014328,1.345829302072525,1.3438071191310883,1.342345416545868,1.3412478983402252,1.3380062878131866,1.3354260861873626,1.331804382801056,1.3304223239421844,1.3279531180858613,1.3250066339969635,1.324646657705307,1.3214548766613006,1.320508897304535,1.3166949927806855,1.3132402300834656,1.3099831342697144,1.3083428621292115,1.3050673842430114,1.3014045715332032,1.3004722833633422,1.297322791814804,1.293426752090454,1.2902571976184845,1.2882893323898315,1.2862283825874328,1.2817618250846863,1.2788201808929442,1.276424902677536,1.272323477268219,1.2698521852493285,1.2659829616546632,1.262552833557129,1.258267104625702,1.2534048080444335,1.2515075147151946,1.246287077665329,1.2434545636177063,1.2388091742992402,1.2352346420288085,1.2294562697410583,1.2246142685413361,1.2219025909900665,1.214921247959137,1.2100751042366027,1.2042636334896089,1.1988603472709656,1.192538172006607,1.1873112916946411,1.1804559528827667,1.173081135749817,1.1663119554519654,1.1599119186401368,1.1517950177192688,1.1440290451049804,1.1362975239753723,1.1286552548408508,1.1212840616703033,1.111868566274643,1.101933866739273,1.0936312556266785,1.0854793250560761,1.075275719165802,1.0655968904495239,1.0572490990161896,1.0475371301174163,1.0355138540267945,1.028673666715622,1.0191352844238282,1.0094435513019562,0.9953571736812592,0.9861947447061539,0.9768593609333038,0.9642098873853684,0.9518750101327896,0.9408507138490677,0.9267106115818023,0.9122474789619446,0.8993195652961731,0.8867278039455414,0.8731955856084823,0.8546261250972748,0.840897336602211,0.8255613535642624,0.8127252608537674,0.7938306301832199,0.7786150217056275,0.7598453611135483,0.7410224676132202,0.7246790736913681,0.7050385296344757,0.6859584718942642,0.6664628624916077,0.6449283003807068,0.6265880703926087,0.6032069355249405,0.5815106391906738,0.5571068018674851,0.531161880493164,0.5111356735229492,0.48689229786396027,0.46440410912036895,0.43718186020851135,0.4181400567293167,0.3901220843195915,0.36673092246055605,0.33935401141643523,0.31476543843746185,0.2863146647810936,0.26446242034435274,0.23451553508639336,0.21211637556552887,0.18524682521820068,0.15845774561166764,0.13632056638598442,0.11663172021508217,0.09097708165645599,0.08277617022395134,0.0,0.08267585411667824,0.0936595130711794,0.10385549217462539,0.1292010135948658,0.14907883182168008,0.1690082661807537,0.19250935241580008,0.21032257229089737,0.23448405265808106,0.25216108560562134,0.27441723346710206,0.29090484529733657,0.3113523438572884,0.3304650068283081,0.3482203632593155,0.36509807109832765,0.38367829024791716,0.4012428656220436,0.4189754009246826,0.43487940579652784,0.4493780225515366,0.4658751204609871,0.47832146286964417,0.4917670637369156,0.5066675901412964,0.5183981046080589,0.5306667566299439,0.5448316812515259,0.5548938810825348,0.5680738836526871,0.5787661492824554,0.5888936340808868,0.5983721554279328,0.6106691360473633,0.6211602330207825,0.6294528096914291,0.6377092361450195,0.6464820802211761,0.655841875076294,0.6652360320091247,0.6723139673471451,0.6810244143009185,0.6874868303537369,0.6961818784475327,0.704518610239029,0.7098159223794938,0.7172562599182128,0.7252454489469529,0.7325953364372253,0.7392394870519639,0.7456559598445892,0.7517992377281189,0.7574262708425522,0.7640125095844269,0.7693188488483429,0.7752790212631225,0.7812367767095566,0.7870310992002487,0.7922943741083145,0.7981810241937637,0.8022556483745575,0.8089139521121979,0.8147030740976333,0.8179574996232987,0.8251153230667114,0.8292901456356049,0.833666056394577,0.8391418337821961,0.8446522325277328,0.8502804517745972,0.8550540238618851,0.859907940030098,0.8644449800252915,0.8693187087774277,0.875980794429779,0.8811023771762848,0.8868005454540253,0.8928752303123474,0.9003001809120178,0.9109570533037186
t_79,1.3477338194847106,1.3459893882274627,1.3473492801189422,1.3453606426715852,1.3439334869384765,1.3428640723228455,1.3396887958049775,1.337166154384613,1.3336146235466004,1.332261049747467,1.329850196838379,1.3269494295120239,1.3266089498996734,1.3234947741031646,1.3225961327552795,1.318851774930954,1.3154744029045105,1.3122904896736145,1.31068035364151,1.3074772834777832,1.3038958609104156,1.3029873073101044,1.2999007523059845,1.2960951805114747,1.292974442243576,1.2910498917102813,1.2890755772590636,1.2846897542476654,1.281814032793045,1.2794771015644073,1.275466614961624,1.2730486869812012,1.2693114459514618,1.2659203469753266,1.2617529153823852,1.2569976925849915,1.2551382422447204,1.250020295381546,1.2472552597522735,1.2427291333675385,1.2392178416252135,1.233535075187683,1.2288261532783509,1.2261483371257782,1.2193103373050689,1.2145728170871735,1.2088722109794616,1.2035504102706909,1.1973989248275756,1.1922715604305267,1.1855441749095916,1.1783120930194855,1.171692317724228,1.1654590487480163,1.1574495017528534,1.1498891115188599,1.1422759115695953,1.1348617136478425,1.1276815235614777,1.118319135904312,1.1086508750915527,1.1004438757896424,1.0925110816955566,1.0824798345565796,1.0729932069778443,1.0649081230163575,1.0554720222949983,1.0435345768928528,1.0369638323783874,1.0275743782520295,1.018081498146057,1.0042463093996048,0.9954879194498062,0.9862552046775818,0.973840743303299,0.9617684781551361,0.9509841620922088,0.9370465397834777,0.9229361623525619,0.9103419125080109,0.8980759978294373,0.885039034485817,0.866658279299736,0.8534328252077102,0.8382399916648865,0.8255978882312774,0.8074692547321319,0.7923793941736221,0.7741674482822418,0.7555809289216995,0.7401232033967972,0.7202290385961533,0.7016153186559677,0.6833735257387161,0.6617970317602158,0.6436970114707947,0.6206402748823165,0.599442857503891,0.5760297238826751,0.5505073428153991,0.5314900308847428,0.5068767994642258,0.48538865745067594,0.45916353464126586,0.4409096598625183,0.4126576706767082,0.3889705613255501,0.36182524263858795,0.33735720813274384,0.31129180192947387,0.29046880304813383,0.2598593086004257,0.24012551382184028,0.21015344187617302,0.18494198843836784,0.15912875533103943,0.13443135395646094,0.10870587229728698,0.0882837075740099,0.08267585411667824,0.0,0.07934815548360348,0.09566017687320709,0.10230821818113327,0.12222937084734439,0.14267606362700463,0.17127860188484192,0.18824003413319587,0.2092091180384159,0.2265824630856514,0.2481762357056141,0.26703435480594634,0.2864112362265587,0.3063116014003754,0.32413903176784514,0.3418149948120117,0.36119606643915175,0.37839065939188005,0.3969044119119644,0.41222282201051713,0.42741712033748624,0.44445131719112396,0.45670190304517744,0.4700472757220268,0.4860220566391945,0.49760470241308213,0.5103979542851448,0.5247774466872215,0.5354307532310486,0.5495404213666916,0.559112298488617,0.5702409356832504,0.579501536488533,0.5927860260009765,0.6037940442562103,0.6114521533250808,0.6201289832592011,0.6292142331600189,0.6384485244750977,0.6481799185276031,0.6554967194795609,0.6643734067678452,0.6710906833410263,0.6800216257572174,0.6884990364313126,0.6943595975637435,0.7019821643829346,0.7099001049995423,0.7174273878335953,0.724202373623848,0.7308829218149185,0.737268915772438,0.7431722402572631,0.7499277919530869,0.7552173346281051,0.7614379703998566,0.7676823526620865,0.7733982741832733,0.7789281070232391,0.7847148954868317,0.7895049303770065,0.7959212005138397,0.8018201142549515,0.8054872810840606,0.8126550436019897,0.8170678406953812,0.8212836265563965,0.8271562159061432,0.8328619569540023,0.8385295838117599,0.8436448246240615,0.8483980506658554,0.8530168384313583,0.8582137644290924,0.8647717416286469,0.8703024566173554,0.8761126428842545,0.8825200229883194,0.8902502208948135,0.9008552432060242
t_78,1.3489530086517334,1.3472101628780364,1.3485529601573945,1.3465800940990449,1.3451471507549286,1.3440751492977143,1.3409066081047059,1.338392788171768,1.3348454177379607,1.3334864854812623,1.3310867249965668,1.3281987130641937,1.3278539896011352,1.3247538208961487,1.3238431632518768,1.3201272904872894,1.316759705543518,1.313600343465805,1.3120046317577363,1.3087996423244477,1.3052485644817353,1.304366260766983,1.3013006448745728,1.2975313067436218,1.29445338845253,1.2925479292869568,1.2905631244182587,1.2862506210803986,1.2833926856517792,1.281086540222168,1.277130228281021,1.274738723039627,1.271021294593811,1.2677222728729247,1.2635926425457,1.25891153216362,1.257082337141037,1.2520556926727295,1.2493314504623414,1.2448463499546052,1.2414087772369384,1.2358160257339477,1.2311658680438995,1.2285451292991638,1.2218288719654082,1.2171597838401795,1.2115563333034516,1.2063318729400634,1.2002882003784179,1.1952591419219971,1.1886410295963288,1.1815334618091584,1.1750158071517944,1.1688731968402863,1.16102215051651,1.1535565555095673,1.1460880160331726,1.1387652575969696,1.1316678702831269,1.1225419998168946,1.1129842698574066,1.104946368932724,1.0971164226531982,1.0872623383998872,1.0779775381088257,1.0699477970600129,1.0606311082839965,1.0489742934703827,1.0424389660358429,1.0332036018371582,1.0238691985607147,1.0102999448776244,1.0015728890895843,0.9925284624099732,0.9803243666887284,0.9684797257184983,0.9578525453805924,0.9441576540470124,0.9302832782268524,0.9178820043802262,0.9057339340448379,0.8928413420915604,0.8749396324157714,0.8618432015180588,0.846963182091713,0.8345595955848694,0.816592788696289,0.8018626004457474,0.7838543444871903,0.7657108515501022,0.7503103584051132,0.7311070173978805,0.7127748519182205,0.6944876790046692,0.6735532373189926,0.6557908028364181,0.6332306027412414,0.6123821705579757,0.5893692076206207,0.564459753036499,0.5453844934701919,0.5216451287269592,0.5002377510070801,0.47429760694503786,0.4560379609465599,0.4288793712854385,0.4054152876138687,0.378655768930912,0.35502824038267133,0.3288900926709175,0.3070308789610863,0.2780775621533394,0.25731963813304903,0.22828358113765718,0.20297387465834618,0.1766524374485016,0.14975865855813025,0.12811415493488312,0.10956456959247589,0.0936595130711794,0.07934815548360348,0.0,0.08092979229986667,0.0954830713570118,0.11284359134733676,0.1258919470012188,0.1540825866162777,0.16912776604294777,0.1912574775516987,0.20914464294910431,0.2315116859972477,0.24929654598236084,0.26976952105760577,0.2891142502427101,0.307164366543293,0.32472985833883283,0.3443667605519295,0.3621443897485733,0.3805946737527847,0.3965199261903763,0.4118178829550743,0.4288748070597649,0.4416510403156281,0.45515552908182144,0.4712590754032135,0.48317826837301253,0.49602789878845216,0.510809426009655,0.5214885234832763,0.5356014013290405,0.5458938926458359,0.5567861139774323,0.5664259016513824,0.5797494351863861,0.590899047255516,0.5989652663469315,0.6077294796705246,0.6169510155916214,0.6265692561864853,0.6364482790231705,0.6438054621219635,0.6528596550226211,0.6596911638975144,0.6688480138778686,0.6775176882743835,0.6832258045673371,0.6910199701786042,0.6992243021726608,0.7069537281990051,0.7138553321361542,0.7206442087888718,0.7271453589200974,0.7330995082855225,0.7399895906448364,0.7453632444143296,0.7517516046762467,0.7580065071582794,0.7639707297086715,0.769535169005394,0.7755487024784088,0.7801674574613571,0.7869150817394257,0.7929597944021225,0.7965187102556228,0.8039938092231751,0.8084019035100937,0.8127917915582656,0.8186914414167404,0.8244810789823532,0.8303106516599655,0.8354091346263885,0.8403665840625762,0.8451075822114944,0.8503607779741287,0.8571699410676956,0.8627472221851349,0.8687006145715713,0.8751766502857208,0.8830997437238693,0.8942467212677002
t_77,1.3527206838130952,1.3510149478912354,1.3523338377475738,1.3503820896148682,1.3489730894565581,1.3478942036628723,1.3447681307792663,1.3423019170761108,1.3387851238250732,1.3374260008335113,1.335071861743927,1.3322212040424346,1.3318728983402253,1.328806746006012,1.3278913974761963,1.3242377758026123,1.3209011852741241,1.317800772190094,1.3162215590476989,1.3130635142326355,1.3095397293567657,1.308699768781662,1.3056715726852417,1.3019328892230988,1.2989224314689636,1.2970433235168457,1.2950565278530122,1.2908513844013214,1.288006329536438,1.2857942402362823,1.2819059491157532,1.2795655071735381,1.2758734107017518,1.2726792454719544,1.268637466430664,1.2640569865703584,1.2622981548309327,1.2573878467082977,1.2547320067882537,1.2503097474575042,1.2469765841960907,1.241531878709793,1.2369553089141845,1.234424614906311,1.227855634689331,1.2232493102550506,1.2177620947360992,1.2127061188220978,1.2067846059799194,1.2018748819828033,1.1953906416893005,1.188433188199997,1.1820300817489624,1.17596133351326,1.1683410346508025,1.1610113084316254,1.1537397146224975,1.1464733481407166,1.139473980665207,1.1306634545326233,1.1212239265441895,1.1134194433689117,1.1056673347949981,1.096045309305191,1.0869980871677398,1.0790538668632508,1.0698727309703826,1.0585777163505554,1.0521141767501831,1.0431380450725556,1.0339847385883332,1.0206810235977173,1.0119343280792237,1.003170558810234,0.9912533730268478,0.9796316802501679,0.9692246854305268,0.955882677435875,0.9422667473554611,0.9300191402435303,0.9180740386247634,0.9052069574594498,0.8878795742988587,0.8748551607131958,0.8603754729032517,0.8484069585800171,0.8304484903812408,0.8161998808383941,0.7984988063573837,0.7809115648269653,0.7653825253248214,0.7470581591129303,0.729085573554039,0.7105097830295563,0.6904920876026154,0.6733467876911163,0.6512046873569488,0.6309065699577332,0.6080376207828522,0.5836303651332855,0.5643780142068863,0.5419608235359192,0.520725691318512,0.49459676295518873,0.47655087560415266,0.4503675580024719,0.4279968276619911,0.40213832408189776,0.37827255129814147,0.3513269066810608,0.3292978867888451,0.300908824801445,0.278441795706749,0.2521438911557198,0.22558275908231734,0.20025638341903687,0.17587085962295532,0.1514671929180622,0.13188835307955743,0.10385549217462539,0.09566017687320709,0.08092979229986667,0.0,0.08686857707798482,0.09654291123151779,0.1125101987272501,0.12709950618445873,0.14427428767085076,0.16955324187874793,0.18639163672924042,0.21017761304974555,0.22510699108242987,0.24731266498565674,0.26668560653924944,0.28535234183073044,0.3024586156010628,0.3219071924686432,0.34047563523054125,0.35863032937049866,0.3762127473950386,0.39148190468549726,0.4088522091507912,0.422025640308857,0.4365231662988663,0.4518462374806404,0.46475054770708085,0.4772041529417038,0.49282185137271883,0.5033520460128784,0.5168545842170715,0.5289076119661331,0.5395794957876205,0.5500688493251801,0.5627454102039338,0.5737037062644958,0.58315409719944,0.5919049680233002,0.6012430250644684,0.6114392399787902,0.6214368283748627,0.6290598005056381,0.6383556306362153,0.6453518003225327,0.6546926140785218,0.6635746955871582,0.6690819948911667,0.6771029204130172,0.6859048217535019,0.6936522275209427,0.7009227186441421,0.707817679643631,0.7144064843654633,0.7203889131546021,0.7273462682962417,0.7332511723041535,0.7395697474479676,0.7459173500537872,0.7523900806903839,0.7579444617033004,0.7642540454864502,0.7684328198432923,0.7758272677659989,0.7819257199764251,0.7854282885789872,0.7931018710136414,0.7974897772073746,0.8024305313825607,0.8082587003707886,0.8140534490346909,0.8200748354196549,0.8251291453838349,0.8306020587682724,0.8355457782745361,0.8407521456480026,0.8479486703872681,0.8536522150039673,0.8598152071237564,0.8662459284067154,0.8743330985307693,0.8862179398536683
t_76,1.353453379869461,1.3518090069293975,1.3531144201755523,1.3512110531330108,1.349834382534027,1.3488011181354522,1.3457630157470704,1.3433615624904633,1.3399348437786103,1.3386296212673188,1.3363439321517945,1.3335711419582368,1.3332351267337799,1.3302746653556823,1.3294138789176941,1.3258637607097625,1.3226248621940613,1.319619369506836,1.3180799245834351,1.3150250613689423,1.3116158366203308,1.3107948780059815,1.3078574240207672,1.30423743724823,1.3012826979160308,1.299462866783142,1.297591757774353,1.2934734523296356,1.2907318711280822,1.2885683953762055,1.2847886323928832,1.2825119614601135,1.2789840579032898,1.275810921192169,1.271888530254364,1.267421805858612,1.2656833589076997,1.260879909992218,1.2583042860031128,1.2540167331695558,1.2507427155971527,1.245393168926239,1.2409589469432831,1.2384461879730224,1.2320168495178223,1.2275219082832336,1.2221585035324096,1.2171510636806488,1.2114167273044587,1.2065827786922454,1.200207233428955,1.19339217543602,1.1871383249759675,1.1812146484851838,1.1736707925796508,1.1665434896945954,1.1593709468841553,1.1523235857486724,1.145537370443344,1.1367325365543366,1.1275550782680512,1.119812250137329,1.1122820258140564,1.1027976036071778,1.0939002931118011,1.0862306594848632,1.0773052096366882,1.066030341386795,1.0598182439804078,1.050949937105179,1.0419929683208466,1.0289158523082733,1.0205897331237792,1.0119010508060455,1.0001583516597747,0.9887944906949997,0.9786126166582108,0.9654214471578598,0.9521421074867249,0.9402242511510849,0.9286239862442016,0.916279000043869,0.899023887515068,0.886510568857193,0.8721761345863343,0.8602858006954193,0.8431697726249695,0.8289627850055694,0.8118202328681946,0.7943812847137451,0.7797409445047379,0.7610936611890793,0.7435756713151932,0.7263009399175644,0.7061501920223237,0.6892115980386734,0.6673801600933075,0.6475203096866607,0.6254947513341904,0.6014917463064193,0.5836035251617432,0.5605365872383118,0.5400433331727982,0.5152411818504333,0.49777097105979917,0.4712460219860077,0.4489636167883873,0.42324256598949433,0.3998481839895248,0.3749433413147926,0.35413298308849334,0.3250704944133759,0.30520255863666534,0.27649503350257876,0.25087757855653764,0.22520707920193672,0.1996103636920452,0.1728068210184574,0.1491136871278286,0.1292010135948658,0.10230821818113327,0.0954830713570118,0.08686857707798482,0.0,0.07383248135447502,0.08607486225664615,0.11186564937233925,0.12611130066215992,0.14384131804108619,0.15909459590911865,0.18035285472869872,0.1994769752025604,0.2191782131791115,0.24000950381159783,0.2586856111884117,0.27710571736097334,0.2970802217721939,0.31519158035516737,0.33463869988918304,0.35068468302488326,0.3671251431107521,0.38480906635522844,0.397824639081955,0.41221736669540404,0.4289335966110229,0.44122438281774523,0.4548244446516037,0.47014654129743577,0.48155401051044466,0.4963806360960007,0.5067905798554421,0.5187759757041931,0.5288034021854401,0.542618277668953,0.5543684631586074,0.5628479361534119,0.5722624450922013,0.5818529039621353,0.5918886542320252,0.6022296041250229,0.6101981103420258,0.6196174770593643,0.6269166857004166,0.6364094465970993,0.6454434424638749,0.6518167108297348,0.660083782672882,0.6685667544603348,0.6765602260828019,0.6839792519807816,0.6911533504724503,0.6980211764574051,0.7044020444154739,0.7115543395280838,0.7173739403486252,0.7240269482135773,0.7307056963443757,0.7370122224092484,0.7428732246160508,0.7491273522377014,0.754239809513092,0.761216914653778,0.7674047440290451,0.7714765787124633,0.7791282296180725,0.7838650703430176,0.7885589569807052,0.7948308855295181,0.8008692741394043,0.806939759850502,0.8124259889125824,0.8176898002624512,0.8227473199367523,0.8283097743988037,0.8353940486907959,0.8414979100227356,0.8478124529123306,0.8547345489263535,0.8631657928228378,0.8748726844787598
t_75,1.355838018655777,1.3542299449443818,1.3555189311504363,1.3536363244056702,1.3522823929786683,1.3512606263160705,1.3482516944408416,1.345885020494461,1.342496883869171,1.3412020683288575,1.3389499247074128,1.3362120628356933,1.3358900189399718,1.3329814195632934,1.3321428894996643,1.3286534607410432,1.3254659652709961,1.3225125908851623,1.3209930658340454,1.317988920211792,1.314638090133667,1.3138471364974975,1.3109561681747437,1.3073907136917113,1.304490876197815,1.3027040541172028,1.3008632898330688,1.2968189239501953,1.2941173911094666,1.2920000314712525,1.288306987285614,1.286066621541977,1.2826060712337495,1.2794953525066375,1.2756530106067658,1.271258568763733,1.2695650696754455,1.2648450076580047,1.2623128712177276,1.2580900371074677,1.254884696006775,1.249625301361084,1.2452570140361785,1.2428050935268402,1.236462414264679,1.2320464611053468,1.2267696738243103,1.22185937166214,1.216217440366745,1.211468666791916,1.2052027583122253,1.1984884798526765,1.1923417806625367,1.1865270853042602,1.1790826261043548,1.1720719158649444,1.1650116503238679,1.1580943942070008,1.1514093220233916,1.1427520036697387,1.1337195694446565,1.126124781370163,1.1187182426452638,1.109386134147644,1.1006464600563048,1.0930971324443817,1.084334260225296,1.073245745897293,1.067144775390625,1.058443158864975,1.0496370851993562,1.0367750644683837,1.0286056637763976,1.0200734198093415,1.0085235059261322,0.9973507821559906,0.9873540937900543,0.974391695857048,0.9613452583551407,0.949648043513298,0.9382283419370652,0.9261106878519059,0.9091860532760621,0.8969067841768265,0.882870277762413,0.8711547732353211,0.8544244557619095,0.8404727280139923,0.8236394077539444,0.8065156817436219,0.7921839267015457,0.7738842993974686,0.7567103147506714,0.7398226916790008,0.7199929833412171,0.7033734023571014,0.6820252895355224,0.6625132501125336,0.6410396069288253,0.617453196644783,0.5999382108449935,0.5772675573825836,0.5572137117385865,0.533083799481392,0.51587123721838,0.48972981572151186,0.46793643534183504,0.44252202212810515,0.41973653733730315,0.3950652346014977,0.3749809741973877,0.3460533574223518,0.3261934742331505,0.2980262920260429,0.27263796925544737,0.24740307331085204,0.22183319926261902,0.1949117936193943,0.16950202137231826,0.14907883182168008,0.12222937084734439,0.11284359134733676,0.09654291123151779,0.07383248135447502,0.0,0.07489046268165112,0.09656275846064091,0.10947558060288429,0.12384548038244247,0.13765868693590164,0.1588452011346817,0.17728117629885673,0.19665841832756997,0.21719997823238374,0.23573238477110864,0.2545816361904144,0.2744168654084206,0.2926169916987419,0.3129840299487114,0.32909697145223615,0.3454840362071991,0.36364362090826036,0.3768059849739075,0.39145185202360155,0.4086713999509811,0.42127829790115356,0.43502168357372284,0.45069397538900374,0.4623085200786591,0.4775893986225128,0.48815828114748,0.5003467187285423,0.5106898963451385,0.5248749196529389,0.536933833360672,0.545442596077919,0.5550876200199127,0.5649793565273284,0.575201439857483,0.5858156263828278,0.5940331041812896,0.6036753475666046,0.611087542772293,0.620938903093338,0.6301768690347671,0.6367205291986465,0.6451681435108185,0.6538711875677109,0.6620996177196503,0.6696100324392319,0.676942890882492,0.6840035229921341,0.6905707359313965,0.6979171603918075,0.7038996130228042,0.7107091873884201,0.7175697773694992,0.7240447789430619,0.7300601810216903,0.7364864617586135,0.7417380273342132,0.7488388299942017,0.755203777551651,0.7594167560338974,0.7672479808330536,0.7721525877714157,0.7769446253776551,0.7833795070648193,0.7896102249622345,0.7957903712987899,0.8014226794242859,0.8068447500467301,0.8120263129472732,0.8177640348672867,0.8250314593315125,0.8312881082296372,0.8377809882164001,0.8449183404445648,0.8536202341318131,0.8656514078378678
t_74,1.3580058336257934,1.356417727470398,1.3576879918575286,1.3558285713195801,1.3544888377189637,1.3534713983535767,1.3504929959774017,1.3481563866138457,1.344797170162201,1.3435051441192627,1.3412772834300994,1.3385635912418365,1.338240957260132,1.3353632807731628,1.3345335006713868,1.331084632873535,1.3279225826263428,1.325000673532486,1.323500406742096,1.3205196857452393,1.317205435037613,1.3164391458034514,1.3135820269584655,1.310063636302948,1.3072111427783966,1.3054496765136718,1.3036158561706543,1.2996392607688905,1.296957665681839,1.2948911666870118,1.2912499904632568,1.289041519165039,1.2856220483779908,1.2825870096683503,1.2788040816783905,1.2744920432567597,1.2728293299674989,1.2682046711444854,1.2657211244106292,1.2615566313266755,1.2584196329116821,1.2532539129257203,1.2489569187164307,1.2465554118156432,1.2403344750404357,1.2359761118888855,1.230790090560913,1.225959873199463,1.2204247117042542,1.215772843360901,1.209604948759079,1.2030041933059692,1.1969472587108612,1.191231369972229,1.1839277803897859,1.1770255029201508,1.170109897851944,1.1632946610450745,1.1567217528820037,1.148242712020874,1.1393561780452728,1.1318991303443908,1.1246125042438506,1.1154538810253143,1.1068821489810943,1.0994617760181427,1.0908337116241456,1.0799607336521149,1.0739568829536439,1.0653965473175049,1.0567660450935363,1.0441376388072967,1.036084133386612,1.0277105748653412,1.0163564741611482,1.0053876101970673,0.9955493450164795,0.9828336119651795,0.9700207114219666,0.9585213214159012,0.9472764134407043,0.935371258854866,0.9187651544809341,0.9066967576742172,0.8929218739271164,0.8814080119132995,0.864920711517334,0.8512489706277847,0.8346516698598861,0.8178787648677825,0.8037623763084412,0.785896173119545,0.7690272003412246,0.7523552536964416,0.7329604506492615,0.7166126072406769,0.6957097887992859,0.6765442937612534,0.655433577299118,0.6323086082935333,0.6150614589452743,0.5928329169750214,0.573106998205185,0.5493920862674713,0.5324443757534028,0.5069725275039673,0.48535046726465225,0.46029951721429824,0.4380660429596901,0.41375451534986496,0.39341308176517487,0.36560185849666593,0.3453729584813118,0.3178897321224213,0.29268151372671125,0.2672336161136627,0.24141038134694098,0.21532327830791473,0.19052518904209137,0.1690082661807537,0.14267606362700463,0.1258919470012188,0.1125101987272501,0.08607486225664615,0.07489046268165112,0.0,0.09215107895433902,0.09440440461039543,0.10472352132201194,0.11932939887046815,0.13902965262532235,0.15794715210795401,0.17794283404946326,0.197782963514328,0.21640224680304526,0.23489335924386978,0.2553800046443939,0.27412480413913726,0.2941365450620651,0.3104968249797821,0.3269417375326157,0.34523621797561643,0.3587680906057358,0.3735570728778839,0.39123516380786894,0.4039143830537796,0.41813333332538605,0.433979919552803,0.4457927539944649,0.4614201709628105,0.4722194403409958,0.484399251639843,0.4950565367937088,0.509471045434475,0.5216912478208542,0.5304949551820755,0.5403207302093506,0.5505123913288117,0.5609480530023575,0.5717859774827957,0.5801106065511703,0.5898414045572281,0.5974611014127731,0.6076025992631913,0.6170367568731308,0.6235943466424942,0.6322491496801377,0.64119873046875,0.6495688080787658,0.6572848200798035,0.6646776974201203,0.6719833582639694,0.6786336541175843,0.68617182970047,0.6921890318393707,0.699263846874237,0.70617016851902,0.7128120869398117,0.7189252316951752,0.7254913121461868,0.7308485746383667,0.738157844543457,0.7446566373109818,0.7488944858312607,0.7569774419069291,0.761953541636467,0.766857486963272,0.7734291076660156,0.7797671437263489,0.7861469507217407,0.7918269842863083,0.7974271684885025,0.8027200877666474,0.8085822612047195,0.8160298585891723,0.8224199146032334,0.8290668100118637,0.8363579750061035,0.8452796071767807,0.8577514052391052
t_73,1.3618038177490235,1.3602288603782653,1.3614793956279754,1.3596147179603577,1.3582848250865935,1.3572259068489074,1.3542563617229462,1.3519499063491822,1.3485730051994325,1.3472505807876587,1.345047700405121,1.3423408567905426,1.3419913589954375,1.3391023874282837,1.3382424592971802,1.3348158776760102,1.3316075503826141,1.3287337660789489,1.327223402261734,1.324233841896057,1.3209115624427796,1.3202053785324097,1.317343145608902,1.3138115108013153,1.311008197069168,1.3092668235301972,1.307376855611801,1.30351824760437,1.3008048593997956,1.2988321781158447,1.2952399671077728,1.2930827379226684,1.2896093606948853,1.286725676059723,1.2829978525638581,1.2787716746330262,1.2771683394908906,1.2726588726043702,1.2702184081077577,1.2660732090473175,1.2630567014217378,1.258030766248703,1.2537886798381805,1.25148304104805,1.2454308867454529,1.2410917937755586,1.236018604040146,1.2313847720623017,1.2259895205497742,1.2214627742767334,1.2154311418533326,1.2090039193630218,1.2030543982982635,1.1973712623119355,1.1903639614582062,1.183580893278122,1.1768762409687041,1.1700514018535615,1.1635171055793763,1.1554917514324188,1.1466216802597047,1.1394263684749604,1.1321503937244415,1.123238104581833,1.114993590116501,1.1075385689735413,1.0989763677120208,1.0885720908641816,1.0825783491134644,1.0742880284786225,1.0658245146274568,1.0534768223762512,1.0452200710773467,1.0372003674507142,1.026170164346695,1.0154370725154878,1.0057989239692688,0.9934218525886536,0.9808484107255936,0.9694258570671082,0.958313238620758,0.9462561845779419,0.93041972219944,0.9182550191879273,0.9048560291528702,0.8939506769180298,0.8771758079528809,0.8641352325677871,0.847685968875885,0.831696406006813,0.8170682549476623,0.8004886239767075,0.783924600481987,0.7664334714412689,0.7482938408851624,0.7326631098985672,0.7120736628770828,0.693512213230133,0.6724625885486603,0.6499573707580566,0.6320021241903305,0.6116777300834656,0.5920315474271775,0.5675076365470886,0.5508911877870559,0.5271384835243225,0.5064621433615685,0.48249725103378294,0.4601670324802399,0.43544811606407163,0.4136859402060509,0.3878165900707245,0.3657424971461296,0.34152166843414306,0.31556241363286974,0.29037065207958224,0.26649641394615176,0.24254172071814536,0.2190162181854248,0.19250935241580008,0.17127860188484192,0.1540825866162777,0.12709950618445873,0.11186564937233925,0.09656275846064091,0.09215107895433902,0.0,0.0783295039087534,0.09380841925740242,0.10590066276490688,0.13013165593147277,0.13806000649929046,0.16200710386037825,0.18146409839391708,0.19957923367619515,0.21597742438316345,0.23609010949730874,0.25592603012919424,0.27363838702440263,0.2935329496860504,0.30998701602220535,0.32782979160547254,0.34211858212947843,0.3581164970993996,0.37376981377601626,0.3882166028022766,0.4009086087346077,0.41830959022045133,0.42950539290905,0.4431209996342659,0.4574153035879135,0.4686637416481972,0.4807259887456894,0.4935474142432213,0.5049622148275376,0.5165051519870758,0.5260562926530838,0.5361294239759445,0.5475958377122879,0.5583934128284455,0.5668177634477616,0.5768421620130539,0.5846576511859893,0.5948515892028808,0.6045023590326309,0.6103702157735824,0.6193329781293869,0.6292217016220093,0.6375094145536423,0.6457752853631973,0.6532452285289765,0.6606055408716202,0.667045384645462,0.6745095312595367,0.6813129097223282,0.6882409960031509,0.6950473427772522,0.7025672107934952,0.7086322516202926,0.7155588686466217,0.7199111580848694,0.7284312903881073,0.7348705947399139,0.7387666493654251,0.7471971690654755,0.7519542694091796,0.7577950149774552,0.7641466856002808,0.770256119966507,0.7769087851047516,0.7823317050933838,0.7888561457395553,0.7944926351308823,0.8001297563314438,0.8080887824296952,0.8146764487028122,0.8216122269630433,0.8285369873046875,0.8376196891069412,0.8514021098613739
t_72,1.3631241619586945,1.3615760207176208,1.362807995080948,1.3609657645225526,1.3596529185771942,1.3586143612861634,1.3556693553924561,1.3533932566642761,1.350059413909912,1.3487514555454254,1.346580058336258,1.343900603055954,1.3435591638088227,1.3407067894935607,1.339865756034851,1.3364784240722656,1.33332456946373,1.3304711520671844,1.32899466753006,1.3260386109352111,1.3227641820907592,1.3220592260360717,1.3192367255687714,1.3157523036003114,1.312975913286209,1.3112517535686492,1.3093915283679962,1.3055774807929992,1.302902615070343,1.3009400248527527,1.2973937928676604,1.2952646434307098,1.2918441474437714,1.288995736837387,1.2853151977062225,1.2811526894569396,1.2795837342739105,1.2751308739185334,1.2727290868759156,1.2686384797096253,1.2656768977642059,1.2607185661792755,1.2565301299095153,1.254279190301895,1.248295146226883,1.2440363764762878,1.2390457034111022,1.2344591319561005,1.229125314950943,1.2246774673461913,1.2187276899814605,1.2123935043811798,1.2065322935581206,1.200943946838379,1.1940095126628876,1.187334167957306,1.180715799331665,1.1740121603012086,1.1675751984119416,1.1596552550792694,1.1509293854236602,1.143855220079422,1.1367032706737519,1.1278971254825592,1.1197601795196532,1.1124291121959686,1.1040289163589478,1.0937578201293945,1.0878449022769927,1.0796711683273315,1.0713317096233368,1.0591785073280335,1.051072096824646,1.0431497275829316,1.0322591722011567,1.021696436405182,1.012207067012787,1.0000455021858214,0.9876516491174698,0.9764199167490005,0.9654967933893204,0.9536740720272064,0.9380924671888351,0.9261244297027588,0.9129484623670578,0.9021441608667373,0.8857336163520813,0.8728558599948884,0.8566605269908905,0.8409244924783706,0.8266195386648179,0.8102416723966599,0.7939444661140442,0.7768706053495407,0.7589575946331024,0.7434860557317734,0.7233110338449478,0.7049897581338882,0.6843139141798019,0.6622738122940064,0.6446571171283721,0.6244978189468384,0.6052383363246918,0.5813950508832931,0.5649288028478623,0.5415275037288666,0.5209548801183701,0.4972423672676086,0.4753924548625946,0.45121059715747835,0.4300420507788658,0.40435941368341444,0.38246073126792907,0.35849551409482955,0.33319138139486315,0.3079333439469337,0.28417202085256577,0.2598580077290535,0.23607366532087326,0.21032257229089737,0.18824003413319587,0.16912776604294777,0.14427428767085076,0.12611130066215992,0.10947558060288429,0.09440440461039543,0.0783295039087534,0.0,0.08331770710647106,0.0927942756563425,0.11215513944625854,0.12104472108185291,0.1436377741396427,0.16100468412041663,0.1796041987836361,0.19513048678636552,0.21690411120653152,0.23674672991037368,0.2544203348457813,0.2741540312767029,0.2901904746890068,0.3092410922050476,0.32294517755508423,0.3391036882996559,0.3556743055582047,0.3697280988097191,0.38306325674057007,0.40082056522369386,0.4124202013015747,0.4263604924082756,0.44048759490251543,0.4517608255147934,0.4641340300440788,0.47734306901693346,0.48916992694139483,0.500803804397583,0.5102073132991791,0.5207269102334976,0.5322939872741699,0.5434968918561935,0.5517881423234939,0.5620139896869659,0.5700288593769074,0.5805335342884064,0.5903996735811233,0.596351557970047,0.6055574864149094,0.6156027615070343,0.6241014420986175,0.6324721515178681,0.6399982124567032,0.647672176361084,0.6543026238679885,0.6618817150592804,0.6688021808862686,0.6759149074554444,0.6829896777868271,0.6905031502246857,0.6967983961105346,0.7036878615617752,0.7083124101161957,0.716934683918953,0.723548972606659,0.7275692313909531,0.7361708730459213,0.741004204750061,0.7468618452548981,0.7534669935703278,0.7597364068031311,0.7665540367364884,0.7721347868442535,0.7787470251321793,0.7844407945871353,0.7903081625699997,0.7983674705028534,0.80518157184124,0.8121973007917405,0.8194068253040314,0.8287309288978577,0.8427140861749649
t_71,1.3645548582077027,1.363037008047104,1.3642663538455964,1.3624584317207336,1.3611659467220307,1.36016246676445,1.3572778284549714,1.3550419807434082,1.351773601770401,1.3504958987236022,1.34837144613266,1.3457498610019685,1.3454206883907318,1.3426587343215943,1.341849261522293,1.3385468244552612,1.3354568123817443,1.3326960444450378,1.3312383592128754,1.32837775349617,1.3251897037029265,1.324510431289673,1.3217530429363251,1.3183708250522614,1.3156515777111053,1.3139789164066316,1.3121948778629302,1.3084590137004852,1.3058565258979797,1.3039389848709106,1.300489342212677,1.2984029293060302,1.2951194584369659,1.2922953367233276,1.2887273490428925,1.2846453368663788,1.28311248421669,1.2787339210510253,1.2763991475105285,1.2724087595939637,1.2694939136505128,1.2646239817142486,1.260554963350296,1.2583122074604034,1.2524398744106293,1.248264455795288,1.2433502733707429,1.2388296186923982,1.2336337447166443,1.2292509973049164,1.223386812210083,1.2171501755714416,1.2114141404628753,1.2059405028820038,1.1990857243537902,1.1925623893737793,1.1860345005989075,1.1795239925384522,1.173254668712616,1.1653509080410003,1.1568475544452668,1.149846190214157,1.142881953716278,1.1342369794845581,1.1262180626392364,1.1191141545772552,1.1109048426151276,1.1006916224956513,1.0949968099594116,1.0869421482086181,1.0787658154964448,1.0667917251586914,1.0590250134468078,1.0511969804763794,1.040495616197586,1.0301290094852447,1.0208062469959258,1.008804628252983,0.9966849684715271,0.9857365310192108,0.9750626057386398,0.9636584401130677,0.9481362938880921,0.9366028487682343,0.9236007630825043,0.9128869891166687,0.8971393644809723,0.8843521326780319,0.8686369985342026,0.852970027923584,0.839329183101654,0.8228458315134048,0.8068899601697922,0.7907949775457382,0.7728085458278656,0.7575795978307724,0.7377763777971268,0.7198298394680023,0.6998732268810273,0.6780157059431076,0.6615074038505554,0.6409091889858246,0.6223382234573365,0.5995462119579316,0.5836602449417114,0.55988230407238,0.5395697027444839,0.5162833392620086,0.49485965818166733,0.47165763676166533,0.4517530381679535,0.42574269622564315,0.4057348266243935,0.38046979159116745,0.35617774724960327,0.3310167729854584,0.30662363618612287,0.2819554552435875,0.25794134512543676,0.23448405265808106,0.2092091180384159,0.1912574775516987,0.16955324187874793,0.14384131804108619,0.12384548038244247,0.10472352132201194,0.09380841925740242,0.08331770710647106,0.0,0.07827848754823208,0.09049541689455509,0.10094857439398766,0.11809301264584064,0.1367171011865139,0.15488346144557,0.171250306814909,0.19303544387221336,0.21120426282286645,0.2303918980062008,0.24872799068689347,0.2653857827186584,0.28399521559476854,0.29828252345323564,0.3141616865992546,0.3320357620716095,0.3459125071763992,0.36020905822515487,0.377385351061821,0.3895566761493683,0.40523578226566315,0.41789703667163847,0.4304171919822693,0.4423689112067223,0.45669673532247546,0.4691730186343193,0.47979903072118757,0.4902199760079384,0.5009650066494942,0.5123451948165894,0.5238463521003723,0.5328301548957824,0.5431384593248367,0.5513523161411286,0.5622256517410278,0.572177967429161,0.579059162735939,0.5883337795734406,0.5982637673616409,0.6069707602262497,0.6156066089868546,0.6233218669891357,0.6312564194202424,0.6382445454597473,0.6462099760770798,0.6530597150325775,0.6604807078838348,0.6677471280097962,0.675263124704361,0.6818203091621399,0.6887612879276276,0.6942295223474503,0.7025350958108902,0.7092596799135208,0.7138441324234008,0.7223852038383484,0.7276938259601593,0.7333345621824264,0.7403574615716935,0.7468806743621826,0.7537671715021134,0.759731313586235,0.7661687314510346,0.7720500320196152,0.7781758725643158,0.7862467348575592,0.7933192402124405,0.8006122410297394,0.8082909226417542,0.8179687440395356,0.831944876909256
t_70,1.3658124089241028,1.3643253207206727,1.3655379593372345,1.3637524247169495,1.362477284669876,1.3614885330200195,1.358646184206009,1.3564414381980896,1.3532094419002534,1.351940965652466,1.349848061800003,1.3472547113895417,1.3469253361225129,1.34418443441391,1.3433845341205597,1.3401190638542175,1.3370680868625642,1.3343396484851837,1.3329044878482819,1.330072009563446,1.326927226781845,1.3262596130371094,1.323539572954178,1.3201950788497925,1.3175023555755616,1.315851104259491,1.3141097664833068,1.3104266047477722,1.3078622758388518,1.3059933662414551,1.3025887191295624,1.3005370795726776,1.2973089694976807,1.2945206940174103,1.291005402803421,1.2869803309440613,1.285479688644409,1.2811692297458648,1.2788815677165986,1.2749496221542358,1.2720899820327758,1.2672893226146698,1.2632851719856262,1.2610789954662323,1.255298626422882,1.2511906027793884,1.2463668882846832,1.2419083774089814,1.2368094444274902,1.2324954748153687,1.2267377495765686,1.2205828547477722,1.2149237751960755,1.209562933444977,1.2028028547763825,1.196392434835434,1.189967304468155,1.1835581183433532,1.17739280462265,1.1695926904678344,1.1612302601337432,1.1543315052986145,1.1474650979042054,1.1389300048351287,1.1310390293598176,1.124041211605072,1.1159819483757019,1.10591579079628,1.1002891302108764,1.092365747690201,1.0843145072460174,1.072519099712372,1.0648869693279266,1.0571735501289368,1.0465894222259522,1.0363965153694152,1.0272610425949096,1.0154013156890869,1.0035153716802596,0.9927145391702652,0.9822322696447372,0.971053522825241,0.9557312399148941,0.9444241017103195,0.9316140711307526,0.9210651487112045,0.9056154668331147,0.8929512739181519,0.8775457888841629,0.8621493518352509,0.84879350066185,0.8324480831623078,0.8167548894882202,0.8010311096906662,0.7833857238292694,0.7683424025774002,0.7488355606794357,0.7311562597751617,0.7116009026765824,0.6900837689638137,0.6739724725484848,0.65373894572258,0.6353190302848816,0.6129815489053726,0.5972125679254532,0.5739192128181457,0.554038017988205,0.5308360993862152,0.5097432613372803,0.48712901324033736,0.4673617988824844,0.44182103127241135,0.4222152426838875,0.3970823183655739,0.37297004759311675,0.3483580380678177,0.32404784113168716,0.2995748400688171,0.2754999801516533,0.25216108560562134,0.2265824630856514,0.20914464294910431,0.18639163672924042,0.15909459590911865,0.13765868693590164,0.11932939887046815,0.10590066276490688,0.0927942756563425,0.07827848754823208,0.0,0.07517913170158863,0.08166170045733452,0.10066373161971569,0.11876015849411488,0.13580451235175134,0.1536652661859989,0.17308213114738463,0.19227727875113487,0.2116235964000225,0.22971969619393348,0.24748280942440032,0.26594279408454896,0.28008469194173813,0.296298623085022,0.31420243084430693,0.3281730115413666,0.34264039546251296,0.36027008593082427,0.37259875535964965,0.3885096535086632,0.40129958987236025,0.4145028546452522,0.4264911875128746,0.44107055515050886,0.45392327308654784,0.46449905782938006,0.47508110105991364,0.48604507744312286,0.49767094999551775,0.5093384757637978,0.5186417371034622,0.5291117310523987,0.5375113397836685,0.5484903752803802,0.5586854726076126,0.5657320529222488,0.5753370136022568,0.5853558242321014,0.5942563414573669,0.602951979637146,0.6109822958707809,0.6190022438764572,0.6262133240699768,0.6342960149049759,0.6412996143102646,0.6488397747278214,0.6563885360956192,0.6639812588691711,0.6705971151590348,0.6778307765722275,0.683395829796791,0.6917591869831086,0.6985603332519531,0.7034240394830704,0.7121382564306259,0.7174663275480271,0.7233013272285461,0.7303842455148697,0.7371505498886108,0.7440769165754318,0.7502294778823853,0.7567994385957718,0.762742429971695,0.7691100865602494,0.7773545056581497,0.7846181571483613,0.792034062743187,0.7999287635087967,0.8098518252372742,0.8240939229726791
t_69,1.366462504863739,1.3650062561035157,1.366203236579895,1.3644448339939117,1.3631877064704896,1.3622234463691711,1.3594280362129212,1.3572506427764892,1.3540692687034608,1.3528232336044312,1.3507659971714019,1.3482123076915742,1.3478887021541595,1.3452079713344574,1.3444386303424836,1.3412389516830445,1.338252878189087,1.3355790972709656,1.3341789245605469,1.3314128279685975,1.3283330619335174,1.3276853024959565,1.3250237345695495,1.3217571020126342,1.3191197156906127,1.317502099275589,1.3158137440681457,1.312185275554657,1.3096879303455353,1.3078414857387544,1.3045127749443055,1.3024883925914765,1.2993647754192352,1.296594488620758,1.2931537628173828,1.289200347661972,1.2877254128456115,1.2834879457950592,1.2812561333179473,1.2774081885814668,1.2745914101600646,1.26985764503479,1.2659444391727448,1.2637730836868286,1.2580813109874724,1.2540552496910096,1.249299019575119,1.2448964238166809,1.239896535873413,1.235643857717514,1.2299733221530915,1.2239203453063965,1.218388307094574,1.2131282985210419,1.2064502716064454,1.2001680135726929,1.193831604719162,1.1875722050666808,1.1815579235553741,1.1737985491752625,1.1656420469284057,1.158838152885437,1.1521317481994628,1.143738681077957,1.13593829870224,1.1291401267051697,1.1212570011615752,1.1112701952457429,1.1058084130287171,1.0979774713516235,1.0900690972805023,1.0784557998180389,1.071082454919815,1.0634414196014403,1.0530177772045135,1.0429996848106384,1.0340277433395386,1.0223154962062835,1.010662281513214,1.000114196538925,0.9898360699415207,0.9789660334587097,0.963783574104309,0.9528036326169967,0.9401851981878281,0.9297568827867508,0.914762768149376,0.9022615283727646,0.8872195035219193,0.8719226807355881,0.8590992242097855,0.8428284734487533,0.8274371564388275,0.8124341428279876,0.794818440079689,0.7800323873758316,0.7609374195337295,0.743631249666214,0.724611809849739,0.7035094529390336,0.6880999058485031,0.6677978098392486,0.649974700808525,0.628520742058754,0.6131428778171539,0.5899250924587249,0.5703093975782394,0.5476370722055435,0.5270864456892014,0.5051389440894127,0.4866641446948051,0.4607836797833443,0.4425624132156372,0.4168704941868782,0.3937656402587891,0.3695497393608093,0.345239020884037,0.3206246569752693,0.2968077823519707,0.27441723346710206,0.2481762357056141,0.2315116859972477,0.21017761304974555,0.18035285472869872,0.1588452011346817,0.13902965262532235,0.13013165593147277,0.11215513944625854,0.09049541689455509,0.07517913170158863,0.0,0.07390104793012142,0.08237972781062126,0.0982248481363058,0.11433616988360881,0.13170489445328712,0.1504562720656395,0.1687876582145691,0.18955105170607567,0.20535166785120965,0.22307820096611977,0.2420354187488556,0.2560377553105354,0.27213712930679324,0.29120090454816816,0.30475916862487795,0.32028291970491407,0.33710891753435135,0.35019978880882263,0.3674898102879524,0.37911044210195544,0.3930889070034027,0.4047623187303543,0.42048896849155426,0.43400419801473616,0.44368495494127275,0.4548605218529701,0.46604189425706866,0.4776539757847786,0.4895897701382637,0.49920123219490053,0.509893923997879,0.5185158580541611,0.5297766834497452,0.540185809135437,0.5478684395551682,0.5576112747192383,0.5675207644701004,0.5767151653766632,0.585570466518402,0.5937794417142868,0.6020467638969421,0.609614709019661,0.6179952323436737,0.6249546498060227,0.63286072909832,0.6406277060508728,0.6482284665107727,0.6550778388977051,0.6624435275793076,0.668606835603714,0.6767963916063309,0.6838652670383454,0.6890653491020202,0.6978822559118271,0.703582626581192,0.7092493087053299,0.7166870832443237,0.7237151563167572,0.7308043897151947,0.737308868765831,0.7437083125114441,0.7498610347509385,0.7565347671508789,0.7648601830005646,0.7723089426755905,0.7800112992525101,0.7883355289697647,0.798568531870842,0.81294164955616
t_68,1.3689188301563262,1.367473042011261,1.3686563372612,1.3669026911258697,1.3656519532203675,1.3646688282489776,1.3618869841098786,1.3597423374652862,1.3565553545951843,1.3553028762340547,1.353264617919922,1.3507196485996247,1.3503943502902984,1.3477008163928985,1.346919983625412,1.343736070394516,1.340737122297287,1.338089072704315,1.3366888105869292,1.3339216828346252,1.330842000246048,1.3302274823188782,1.3275696396827699,1.3243101418018342,1.3217001020908357,1.3201110422611237,1.3183964848518372,1.3148277938365935,1.3123245894908906,1.3105229318141938,1.307225340604782,1.3052264392375945,1.3020884454250337,1.2994068384170532,1.2960187196731567,1.2921172082424164,1.2906693696975708,1.28650906085968,1.2843032419681548,1.2804725646972657,1.277715128660202,1.2730679869651795,1.269190239906311,1.2670786440372468,1.2614996671676635,1.2575015902519227,1.2528167843818665,1.2485255897045135,1.243596798181534,1.2394334971904755,1.2338571190834045,1.2279085099697113,1.2224213242530824,1.217207908630371,1.2106967091560363,1.20447798371315,1.1982722163200379,1.1920386791229247,1.186063539981842,1.1785577893257142,1.1704308807849884,1.1637921690940858,1.1571170508861541,1.1488677144050599,1.141255360841751,1.13445902466774,1.1266371667385102,1.11693874001503,1.1114667713642121,1.103800082206726,1.0960185527801514,1.0846031308174133,1.077163827419281,1.0697049915790557,1.0594731152057648,1.0495971322059632,1.0407357096672059,1.0292775273323058,1.0177704870700837,1.0072922080755233,0.9971220880746842,0.9862383812665939,0.9714990943670273,0.9604906290769577,0.9481514394283295,0.9379910349845886,0.9229656040668488,0.9107821345329284,0.8958581835031509,0.8810223013162612,0.8680053204298019,0.8524173557758331,0.8372448086738586,0.8219134837388993,0.8049797862768173,0.7905466854572296,0.771771714091301,0.754750457406044,0.7358672916889191,0.7151739239692688,0.699495843052864,0.6801518648862839,0.6623996675014496,0.6408074051141739,0.6255466312170028,0.6032573580741882,0.5841832727193832,0.5619253307580948,0.5416482746601105,0.5195685312151909,0.5005116105079651,0.4758135601878166,0.45668271780014036,0.4327415362000465,0.409299872815609,0.3853850468993187,0.36203481554985045,0.3381439194083214,0.31492166221141815,0.29090484529733657,0.26703435480594634,0.24929654598236084,0.22510699108242987,0.1994769752025604,0.17728117629885673,0.15794715210795401,0.13806000649929046,0.12104472108185291,0.10094857439398766,0.08166170045733452,0.07390104793012142,0.0,0.07528346702456475,0.0883252214640379,0.10119655914604664,0.1162376806139946,0.13308148607611656,0.15308511555194854,0.17151237800717353,0.19012485593557357,0.20780198127031327,0.22622727379202842,0.2406250424683094,0.25768211781978606,0.2750992029905319,0.2900956362485886,0.3045622229576111,0.32267635464668276,0.3350679248571396,0.3511794820427895,0.36534144580364225,0.3785681530833244,0.3913214609026909,0.4060054361820221,0.4191351875662804,0.43070457726716993,0.44156139343976974,0.4527996629476547,0.46512054204940795,0.47714329063892363,0.4868647187948227,0.4978426516056061,0.5065712168812752,0.5180253088474274,0.5287094652652741,0.5358527064323425,0.545859295129776,0.5564906358718872,0.5657601594924927,0.5748943209648132,0.5832397520542145,0.5915967404842377,0.5990670949220658,0.6074746072292327,0.6150128602981567,0.6228053033351898,0.6306745678186416,0.6388255536556244,0.6456604599952698,0.6533394902944565,0.6588354110717773,0.6678476005792617,0.6749399423599243,0.6799867153167725,0.6890865057706833,0.6946888625621795,0.7009338498115539,0.7082879424095154,0.7152757436037064,0.7225955367088318,0.7289338201284409,0.7359730362892151,0.742302092909813,0.7488744735717774,0.7575955539941788,0.7651678889989852,0.7730501681566239,0.7812687218189239,0.7916346400976181,0.8068918615579606
t_67,1.3698426425457,1.3684244215488435,1.3695973098278045,1.367876297235489,1.3666555523872375,1.3657137870788574,1.362981516122818,1.3608653366565704,1.3577543139457702,1.356531673669815,1.3545343279838562,1.3520382165908813,1.3517201483249663,1.349097526073456,1.3483356177806853,1.3452213108539581,1.3422973990440368,1.3397078812122345,1.338341271877289,1.3356463849544524,1.3326474368572234,1.332031065225601,1.3294363737106323,1.3262420535087585,1.3236820340156554,1.3221194326877594,1.3204636693000793,1.3169489085674286,1.314519500732422,1.312745875120163,1.3095117330551147,1.307552009820938,1.3045135498046876,1.3018426537513732,1.2985137939453124,1.2946787476539612,1.2932525336742402,1.2891398668289185,1.2869746088981628,1.2832203328609466,1.280492615699768,1.2759064316749573,1.272094339132309,1.2700017392635345,1.2644777595996857,1.2605560064315795,1.2559296011924743,1.251664686203003,1.2467986166477203,1.2426740288734437,1.2371680200099946,1.2312860786914825,1.2258920609951018,1.220767617225647,1.2142839193344117,1.2081748068332672,1.2020166277885438,1.1959213852882384,1.1900608539581299,1.1825630784034729,1.1746035516262054,1.1680183231830596,1.1614910244941712,1.15333890914917,1.145772635936737,1.1391504526138305,1.1314750254154204,1.1218137562274932,1.1164866268634797,1.1089007377624511,1.1012227833271027,1.0899676918983459,1.0827691972255706,1.0753737568855286,1.0652660191059113,1.0555601477622987,1.0468268394470215,1.0355159997940064,1.02420694231987,1.013959139585495,1.0039854943752289,0.9934040397405625,0.9787837058305741,0.9680802345275878,0.9559013396501541,0.9457644373178482,0.931246280670166,0.9191319555044174,0.9045785635709762,0.8898113280534744,0.8772932171821595,0.861662757396698,0.8468012094497681,0.8321715801954269,0.8152339667081833,0.8009588927030563,0.7825369983911514,0.7658619195222854,0.7474034935235977,0.7270767271518708,0.7121338397264481,0.6926036030054092,0.6753757983446121,0.6547002196311951,0.6397621721029282,0.6173639595508575,0.5985505700111389,0.576724973320961,0.5569376468658447,0.5355253994464875,0.5176293134689331,0.4926446795463562,0.47481620907783506,0.4503092631697655,0.42784147560596464,0.4041912958025932,0.3809677600860596,0.356877937912941,0.3338635295629501,0.3113523438572884,0.2864112362265587,0.26976952105760577,0.24731266498565674,0.2191782131791115,0.19665841832756997,0.17794283404946326,0.16200710386037825,0.1436377741396427,0.11809301264584064,0.10066373161971569,0.08237972781062126,0.07528346702456475,0.0,0.07657201811671258,0.08452722020447254,0.10043179094791413,0.11724716164171696,0.1326400637626648,0.15460070371627807,0.16855187043547631,0.186768838763237,0.20612591728568078,0.2195993773639202,0.23657925352454184,0.25532077848911283,0.26913132667541506,0.28495117723941804,0.30225873589515684,0.3155008852481842,0.333145909011364,0.3455158546566963,0.35986138731241224,0.37203925400972365,0.3879136398434639,0.40179026424884795,0.412190717458725,0.42373822927474974,0.43513866513967514,0.4473029628396034,0.45962445586919787,0.46976866722106936,0.4807927206158638,0.48973017930984497,0.5014095678925514,0.5122420698404312,0.5201688349246979,0.5303250074386596,0.5407042652368546,0.5502475649118423,0.5595562785863877,0.5680544376373291,0.5766415506601333,0.5845152556896209,0.5931950867176056,0.6007173657417297,0.6087736994028091,0.6169167041778565,0.6249969154596329,0.6320175200700759,0.6397453129291535,0.6460038363933563,0.6546798318624496,0.6619677990674973,0.667460510134697,0.6765748649835587,0.6824947685003281,0.6885694980621337,0.696276918053627,0.703548327088356,0.7109454333782196,0.7176651686429978,0.7245016455650329,0.7309497743844986,0.7377893328666687,0.7465694695711136,0.7543610125780106,0.7624513447284699,0.7711216151714325,0.7818158686161041,0.7969988077878952
t_66,1.3714574217796325,1.3700583815574645,1.3712236166000367,1.3695178747177124,1.3683062255382539,1.3673657596111297,1.3646445095539093,1.362555241584778,1.3594663977622985,1.3582513868808745,1.356273102760315,1.3538055777549745,1.3534949362277984,1.3508986234664917,1.3501388609409333,1.3470710694789887,1.3441776096820832,1.3416225731372833,1.34027561545372,1.33759725689888,1.3346375107765198,1.3340422332286834,1.331470513343811,1.328333032131195,1.325809621810913,1.3242664575576781,1.3226419389247894,1.3191940307617187,1.3167867481708526,1.315052431821823,1.3118822276592255,1.30994513630867,1.3069463968276978,1.3043230712413787,1.3010361254215241,1.2972539365291595,1.2958632230758667,1.2918143212795257,1.2896864891052247,1.2859857678413391,1.2833151280879975,1.2788094282150269,1.2750562250614166,1.27300506234169,1.2675699949264527,1.2637167096138,1.2591683268547058,1.254978609085083,1.2502044081687926,1.2461610674858092,1.2407436072826385,1.2349438309669494,1.2296325087547302,1.2246097445487976,1.2182253837585448,1.2122163653373719,1.206170678138733,1.2001626253128053,1.1943895399570466,1.187026607990265,1.1791821479797364,1.1727274894714355,1.1662949979305268,1.1582610726356506,1.1508330821990966,1.1443137049674987,1.1367801129817963,1.1272702515125275,1.1220127761363983,1.114542806148529,1.1070006310939788,1.0959197282791138,1.0888297736644745,1.0815554797649383,1.0715935111045838,1.0620320677757262,1.0534504532814026,1.0423224866390228,1.0312032461166383,1.0211132347583771,1.0112781077623367,1.0009109914302825,0.9865160971879959,0.9759929776191711,0.9640414327383041,0.9540839672088623,0.9397973030805588,0.9279099017381668,0.9135778963565826,0.8991002082824707,0.886789757013321,0.8714654594659805,0.8568506360054016,0.8424536049365997,0.8258882075548172,0.811854076385498,0.7937458276748657,0.7773298978805542,0.7592650353908539,0.7392586708068848,0.7246110141277313,0.7054827779531478,0.6885190904140472,0.6682535290718079,0.6534907728433609,0.6316315531730652,0.6131650120019912,0.5916107833385468,0.5722294211387634,0.551284795999527,0.533575588464737,0.509241147339344,0.4914541199803352,0.46751092225313184,0.44527397602796553,0.4222532331943512,0.3992834731936455,0.37562951892614366,0.3528627470135689,0.3304650068283081,0.3063116014003754,0.2891142502427101,0.26668560653924944,0.24000950381159783,0.21719997823238374,0.197782963514328,0.18146409839391708,0.16100468412041663,0.1367171011865139,0.11876015849411488,0.0982248481363058,0.0883252214640379,0.07657201811671258,0.0,0.07528441175818443,0.08298891484737396,0.10045778751373291,0.11574594713747502,0.13647072091698648,0.14952118545770646,0.1657037355005741,0.18621807023882866,0.19890501350164413,0.21630362048745155,0.23550108149647714,0.24905502647161484,0.2648236319422722,0.28239868879318236,0.29611701518297195,0.3136942431330681,0.32621617168188094,0.3404358983039856,0.35339480489492414,0.3691346913576126,0.38322181552648543,0.39391959756612777,0.40552931278944016,0.4174228847026825,0.42989722043275835,0.44249185770750044,0.4527833372354507,0.4639748752117157,0.47314431965351106,0.48514178246259687,0.49608064293861387,0.5042261600494384,0.5146447047591209,0.5252791613340377,0.5350126683712005,0.5444665551185608,0.5531381666660309,0.5620244652032852,0.5701026946306229,0.578931349515915,0.5865918755531311,0.5948594301939011,0.6032232254743576,0.6114558637142181,0.6186452507972717,0.6265793412923812,0.6330413907766342,0.6419187813997269,0.64930759370327,0.6549828946590424,0.6643658757209778,0.6703326851129532,0.6766586422920227,0.6844502091407776,0.691947165131569,0.6994844734668731,0.7063197225332261,0.7134522914886474,0.720007985830307,0.727050170302391,0.7360773533582687,0.7441021740436554,0.7523869276046753,0.7613283038139343,0.7723073661327362,0.7879738003015518
t_65,1.3728875279426576,1.3715150833129883,1.3726615488529206,1.370976847410202,1.3697690844535828,1.368838721513748,1.3661469876766206,1.3640935838222503,1.361030000448227,1.3598162591457368,1.3578606605529786,1.3554231107234955,1.3551134586334228,1.3525422275066377,1.3517845690250396,1.3487385153770446,1.3458666563034059,1.34332794547081,1.341990739107132,1.3393442332744598,1.336410355567932,1.3358309328556062,1.3332939624786377,1.3301792204380036,1.327691948413849,1.3261658251285553,1.3245542287826537,1.321140956878662,1.3187652945518493,1.3170560777187348,1.313915878534317,1.3120015799999236,1.309032827615738,1.3064432859420776,1.303203707933426,1.2994706690311433,1.2981044888496398,1.2941101491451263,1.2920214354991912,1.2883610248565673,1.2857301950454711,1.2812808156013489,1.2775762259960175,1.2755595088005065,1.2702127158641816,1.2663982212543488,1.2619146764278413,1.2577877461910247,1.2530816674232483,1.2491006195545196,1.2437640845775604,1.238038569688797,1.2328022003173829,1.2278380274772644,1.2215433180332185,1.2156294584274292,1.20966095328331,1.2037259876728057,1.1980231404304504,1.1907936871051787,1.183045321702957,1.176691085100174,1.1703432261943818,1.1624169111251832,1.1551072359085084,1.1486711144447326,1.1412357926368712,1.1318808197975159,1.1266767799854278,1.119348305463791,1.1119193732738495,1.1010040998458863,1.0939941704273224,1.0868474781513213,1.0770213186740876,1.0676285386085511,1.0591730415821075,1.048208373785019,1.0372513949871063,1.027309626340866,1.0176102280616761,1.0073730260133744,0.9932385295629501,0.9828470319509506,0.9710938453674316,0.961304435133934,0.9472204983234406,0.935533320903778,0.9213959455490113,0.907185822725296,0.8950516134500504,0.8800414264202118,0.8656735450029374,0.8514556139707565,0.835180327296257,0.8213702261447906,0.8035684674978256,0.7874163508415222,0.7696921169757843,0.7500690013170243,0.735558345913887,0.7168406307697296,0.7001629710197449,0.6802329450845719,0.6656970828771591,0.6443441599607468,0.6261440843343735,0.6049652725458146,0.5860011249780654,0.5654840528964996,0.5480026066303253,0.5241177201271057,0.5064896449446679,0.4831298038363457,0.46127069890499117,0.43856061846017835,0.4159246861934662,0.39282129555940626,0.37005995959043503,0.3482203632593155,0.32413903176784514,0.307164366543293,0.28535234183073044,0.2586856111884117,0.23573238477110864,0.21640224680304526,0.19957923367619515,0.1796041987836361,0.15488346144557,0.13580451235175134,0.11433616988360881,0.10119655914604664,0.08452722020447254,0.07528441175818443,0.0,0.07447025887668132,0.08600235655903817,0.09727845303714275,0.12161723077297211,0.13010006584227085,0.14784235805273055,0.16800663396716117,0.1796158604323864,0.1970517374575138,0.21678489595651626,0.2300402082502842,0.24552354738116264,0.2637988910079002,0.27757353335618973,0.29527151137590407,0.3079915314912796,0.322180812060833,0.3353987768292427,0.35159592181444166,0.3659556806087494,0.3766797840595245,0.38830486238002776,0.4004624202847481,0.41313682198524476,0.42606720626354216,0.43627415150403975,0.44777380526065824,0.4571503609418869,0.46934145838022234,0.4806492865085602,0.4887820690870285,0.49945780634880066,0.5103383436799049,0.5203123360872268,0.5298980206251145,0.5387325555086135,0.5479108482599259,0.5561255037784576,0.5650590389966965,0.5729286551475525,0.5814264595508576,0.5899857878684998,0.5984037935733795,0.6057617902755738,0.6138277381658555,0.6203974217176438,0.6295595377683639,0.6371122568845748,0.6428744971752167,0.6525115668773651,0.6586319535970688,0.6650598585605622,0.673081886768341,0.6807487398386002,0.6885307282209396,0.6954810798168183,0.7028035312891007,0.7095711648464202,0.7168277770280838,0.7260077565908432,0.734278330206871,0.7427640169858932,0.7518910676240921,0.7631839632987976,0.7793318003416061
t_64,1.3751302123069764,1.3737756550312041,1.3749079585075379,1.3732282996177674,1.372038996219635,1.3710992693901063,1.3684231758117675,1.366390460729599,1.363335335254669,1.362128621339798,1.360195803642273,1.3577656686305999,1.3574527561664582,1.3549026668071746,1.354141652584076,1.3511307060718536,1.3482619941234588,1.3457655429840087,1.3444367349147797,1.3418158829212188,1.3389016389846802,1.3383432447910308,1.3358143508434295,1.3327276110649109,1.3302599847316743,1.3287547647953033,1.327150470018387,1.3237963497638703,1.3214265406131744,1.3197586417198182,1.3166653215885162,1.3147827923297881,1.311822134256363,1.309311532974243,1.3061162650585174,1.3024365067481996,1.3010967910289764,1.2971567809581757,1.2951018333435058,1.291473489999771,1.2889061152935029,1.284517914056778,1.2808620989322663,1.2788841545581817,1.2736352980136871,1.2698602020740508,1.2654435753822326,1.2613974571228028,1.2567753791809082,1.2528645873069764,1.2476042270660401,1.2419839382171631,1.236838060617447,1.2319227695465087,1.2257438361644746,1.2199015676975251,1.2140405833721162,1.2081545531749724,1.2025164365768433,1.1954480707645416,1.1877681910991669,1.18152859210968,1.1752232015132904,1.1674413919448852,1.1602754175662995,1.1538912057876587,1.1465340375900268,1.137361478805542,1.1322484612464905,1.125024789571762,1.1177079558372498,1.1069358229637145,1.099943119287491,1.092940527200699,1.0832894444465637,1.0740263760089874,1.0656801521778108,1.0549013674259187,1.044100570678711,1.0342752277851104,1.0246911227703095,1.0145089328289032,1.0007006615400313,0.99039426445961,0.9788061797618866,0.9692537307739257,0.9552568644285202,0.9438409298658371,0.9298311024904251,0.9159510135650635,0.9038432955741882,0.8892649739980698,0.8751255393028259,0.8609026789665222,0.8450130015611649,0.8314599007368088,0.8139284551143646,0.7980757474899292,0.780591630935669,0.7612718939781189,0.7467664778232574,0.7285301119089127,0.7121640264987945,0.6923517733812332,0.6781193017959595,0.6572040349245072,0.639294010400772,0.6186456441879272,0.5997564405202865,0.5794276595115662,0.561991137266159,0.5387178897857666,0.5208151578903198,0.4983419328927994,0.47674075067043303,0.4543240323662758,0.4321583822369576,0.409501975774765,0.3870465323328972,0.36509807109832765,0.3418149948120117,0.32472985833883283,0.3024586156010628,0.27710571736097334,0.2545816361904144,0.23489335924386978,0.21597742438316345,0.19513048678636552,0.171250306814909,0.1536652661859989,0.13170489445328712,0.1162376806139946,0.10043179094791413,0.08298891484737396,0.07447025887668132,0.0,0.08062231503427028,0.08801130503416062,0.10602830573916436,0.11605877727270127,0.1294430062174797,0.15124961137771606,0.1619796074926853,0.1801298275589943,0.19913230538368226,0.21272162422537805,0.22814878672361374,0.24649041667580604,0.26030718386173246,0.27753071635961535,0.2912758156657219,0.30488578975200653,0.31906484067440033,0.33469306081533434,0.34873395711183547,0.3608177497982979,0.3723876029253006,0.3847403064370155,0.39788277745246886,0.4110036686062813,0.4212614938616753,0.43285949230194093,0.4423528477549553,0.4550712496042252,0.4664395049214363,0.4744665414094925,0.48526451289653777,0.496804279088974,0.5067639231681824,0.5168013632297516,0.525498703122139,0.5349403709173203,0.5432233482599258,0.5523039102554321,0.5604650437831878,0.5690973430871964,0.577641847729683,0.5865226686000824,0.5940236538648606,0.602125471830368,0.6085778832435608,0.6183416277170182,0.6259711802005767,0.6316328644752502,0.6415620863437652,0.6477426946163177,0.6544915795326233,0.6627511650323867,0.6702920377254487,0.6783371567726135,0.6853159815073013,0.6930313736200333,0.7001151144504547,0.7073402136564255,0.7168186336755753,0.7253058582544327,0.7340756595134735,0.7431882381439209,0.7547603279352189,0.7716657668352127
t_63,1.3763023912906647,1.3749716818332671,1.3760982155799866,1.3744373857975005,1.3732601702213287,1.3723327577114106,1.3696905672550201,1.3676960289478302,1.3646689355373383,1.3634627223014832,1.3615535914897918,1.359145736694336,1.3588392913341523,1.3563140392303468,1.3555663704872132,1.352583795785904,1.3497454822063446,1.3472764015197753,1.3459697604179381,1.3433735847473145,1.3404982805252075,1.339958816766739,1.337464702129364,1.3344112157821655,1.3319894611835479,1.3305004119873047,1.3289013266563416,1.3255972981452941,1.3232581675052644,1.3216218054294586,1.318584930896759,1.3167197704315186,1.313808161020279,1.311337912082672,1.3081904888153075,1.3045657277107239,1.3032586038112641,1.2993850886821747,1.2973774015903472,1.2938004672527312,1.2912730813026427,1.2869586288928985,1.2833696365356446,1.2814269006252288,1.276260656118393,1.2725394070148468,1.2681850790977478,1.2642116963863372,1.2596749305725097,1.2558115899562836,1.2506348431110381,1.245097929239273,1.2400289952754975,1.2351890981197358,1.2291164457798005,1.2233525514602661,1.217588585615158,1.2117945432662964,1.206260186433792,1.1993120789527894,1.1917599439620972,1.185623723268509,1.1794228732585907,1.1717734158039093,1.1647310495376586,1.158440262079239,1.1511907815933227,1.1421720147132874,1.1371225655078887,1.13002410531044,1.1228270709514618,1.1122194170951842,1.1053578972816467,1.0984759271144866,1.088975441455841,1.0798601150512694,1.0716639757156372,1.0610168397426605,1.0503855228424073,1.040747082233429,1.0313034772872924,1.0213022083044052,1.0077316105365752,0.9975887209177017,0.9862414836883545,0.9768664091825485,0.9630709558725357,0.9518694669008255,0.9381199777126312,0.9244284838438034,0.9125691503286362,0.8982715129852294,0.8843636870384216,0.8704301357269287,0.8547948956489563,0.841484472155571,0.8243350684642792,0.8087826877832412,0.791640093922615,0.7727328419685364,0.758538281917572,0.7407011032104492,0.7245189368724823,0.705175244808197,0.691143074631691,0.6706973522901535,0.6532373189926147,0.6329512774944306,0.6146065473556519,0.594529676437378,0.5775598496198654,0.5545280426740646,0.5374250710010529,0.5148715734481811,0.4936780363321304,0.4719111382961273,0.4499696508049965,0.42779462337493895,0.40590145587921145,0.38367829024791716,0.36119606643915175,0.3443667605519295,0.3219071924686432,0.2970802217721939,0.2744168654084206,0.2553800046443939,0.23609010949730874,0.21690411120653152,0.19303544387221336,0.17308213114738463,0.1504562720656395,0.13308148607611656,0.11724716164171696,0.10045778751373291,0.08600235655903817,0.08062231503427028,0.0,0.07281888313591481,0.09254883341491223,0.10013660863041877,0.11499242559075355,0.13077692314982414,0.14309046044945717,0.16049438640475272,0.17872896268963814,0.19316482692956924,0.20688258931040765,0.2255742959678173,0.23883170261979103,0.25663900971412656,0.27132864743471147,0.28550986349582674,0.2989301845431328,0.31536696702241895,0.3298644185066223,0.3412498578429222,0.3535988971590996,0.36569268107414243,0.3794257611036301,0.3923089146614075,0.4032882422208786,0.41522237062454226,0.4247666448354721,0.43753954470157624,0.4493245601654053,0.45752362310886385,0.4684923991560936,0.48020047396421434,0.4905649766325951,0.5006417512893677,0.5098318338394165,0.5191762775182724,0.5276144862174987,0.5370175331830979,0.5453041315078735,0.5542422771453858,0.5628349006175994,0.5720007151365281,0.5794842064380645,0.5883000403642654,0.594632089138031,0.6044655501842499,0.6125056773424149,0.6182196766138077,0.628583899140358,0.6349201619625091,0.6418269842863082,0.650088095664978,0.6580175071954727,0.6661950558423996,0.673387011885643,0.6811429560184479,0.6884370893239975,0.695876631140709,0.7057358652353287,0.7141732305288315,0.7233076006174087,0.7327081143856049,0.7445548981428146,0.7621607482433319
t_62,1.3774725079536438,1.376166421175003,1.377287369966507,1.3756425261497498,1.3744813442230224,1.3735707521438598,1.3709572672843933,1.368987011909485,1.3659955382347106,1.3648028671741486,1.3629186987876891,1.3605374693870544,1.3602468073368073,1.357757532596588,1.3570207417011262,1.3540840089321136,1.351280975341797,1.34885373711586,1.3475593686103822,1.3450063288211822,1.3421692609786988,1.3416424095630646,1.3391740918159485,1.3361674010753632,1.3337778210639955,1.3323114156723022,1.3307466149330138,1.3274917304515839,1.325191754102707,1.323579066991806,1.3205956041812896,1.31876180768013,1.315918517112732,1.3134697735309602,1.310379183292389,1.3067993462085723,1.3055403769016265,1.3017153203487397,1.2997363030910491,1.2962197661399841,1.29373340010643,1.2894890010356903,1.2859472692012788,1.2840370774269103,1.278927743434906,1.2752644717693329,1.2709635674953461,1.267050415277481,1.2625872015953064,1.2587877452373504,1.2536708474159242,1.2482053935527802,1.2432103037834168,1.2384458839893342,1.2324344038963317,1.226777619123459,1.221093052625656,1.2153970718383789,1.2099547863006592,1.203067797422409,1.1956332266330718,1.189597588777542,1.183490550518036,1.1759445786476135,1.168991243839264,1.1628246307373047,1.1557120859622956,1.1467816531658173,1.1418435096740722,1.1348510146141053,1.1277635753154756,1.1172866463661193,1.1105729162693023,1.103780198097229,1.0944343507289886,1.0854472935199737,1.0773812234401703,1.0669023633003234,1.0564521431922913,1.0469530880451203,1.0376786828041076,1.0278766453266144,1.0144427359104156,1.0045116275548935,0.993300798535347,0.9840190500020981,0.9705380946397781,0.9594788491725922,0.9459710747003556,0.9324442178010941,0.9208827018737793,0.9066670864820481,0.893006220459938,0.8794356435537338,0.8639658033847809,0.850856426358223,0.8339395552873612,0.818653604388237,0.8019085675477982,0.7832482576370239,0.7693904757499694,0.7516864657402038,0.7359432309865952,0.7170027613639831,0.7033221781253814,0.6829846054315567,0.6657555222511291,0.6458363473415375,0.6277359217405319,0.6082280397415161,0.5917951852083206,0.5689561367034912,0.5523281782865525,0.5300939500331878,0.5094055473804474,0.4877841606736183,0.46618386209011076,0.4441452234983444,0.42240018844604493,0.4012428656220436,0.37839065939188005,0.3621443897485733,0.34047563523054125,0.31519158035516737,0.2926169916987419,0.27412480413913726,0.25592603012919424,0.23674672991037368,0.21120426282286645,0.19227727875113487,0.1687876582145691,0.15308511555194854,0.1326400637626648,0.11574594713747502,0.09727845303714275,0.08801130503416062,0.07281888313591481,0.0,0.08632728271186352,0.08489049077033997,0.09736140891909599,0.11363241001963616,0.12338688559830188,0.14085945785045623,0.16027796119451523,0.1724889434874058,0.18603774309158325,0.20568344220519066,0.21923268660902978,0.23741114586591722,0.2509610682725906,0.26564462631940844,0.2790776014328003,0.2962238103151321,0.311098313331604,0.3220916956663132,0.3345983847975731,0.34703610837459564,0.36067966371774673,0.3739816650748253,0.3850369811058044,0.3973049148917198,0.4070303812623024,0.42010321468114853,0.432009157538414,0.4407185733318329,0.4518059462308884,0.46360636651515963,0.47412490248680117,0.4845496162772179,0.49387812465429304,0.503483022749424,0.5121839016675949,0.5217793822288513,0.5302710741758346,0.5393083035945893,0.5482736200094223,0.5574231892824173,0.5652885645627975,0.5739835411310196,0.5809283405542374,0.5907639175653457,0.5988860428333282,0.6049543559551239,0.6153249502182007,0.6219563841819763,0.6288952380418777,0.6375150114297867,0.6456318885087967,0.6539259135723114,0.6614465206861496,0.6692979335784912,0.6767593890428543,0.684447056055069,0.6943497151136399,0.7032018601894379,0.7124927997589111,0.7222495228052139,0.7344986617565155,0.7523101419210434
t_61,1.3804741501808167,1.3791807830333709,1.3802859246730805,1.3786527335643768,1.3775071322917938,1.3765784740447997,1.3739719688892365,1.3720194458961488,1.3690320074558258,1.367837804555893,1.3659729659557343,1.363591295480728,1.3632892549037934,1.3608003854751587,1.3600490510463714,1.3571250438690186,1.3543129742145539,1.3518911182880402,1.350586289167404,1.348025619983673,1.3451778888702393,1.3446776390075683,1.3422009229660035,1.339196228981018,1.336823010444641,1.3353643000125885,1.3337670981884002,1.3305459558963775,1.3282365024089813,1.3266698896884919,1.3237016022205352,1.3218894958496095,1.3190199315547944,1.3166310429573058,1.3135739147663117,1.3100532591342926,1.3088112354278565,1.305051898956299,1.303103357553482,1.299603921175003,1.297184419631958,1.2930088818073273,1.2895211160182953,1.2876721382141114,1.282671755552292,1.2790406107902528,1.2748142242431642,1.2709836125373841,1.2665879368782043,1.2628586053848267,1.2578282952308655,1.2524704933166504,1.2475436270236968,1.2428201138973236,1.2369522392749785,1.2313717484474183,1.2257803082466125,1.2201175689697266,1.214714515209198,1.208030140399933,1.2006543040275575,1.194752150774002,1.1886712551116942,1.1812556207180023,1.174461418390274,1.1683137655258178,1.1612779259681703,1.1525626599788665,1.147649747133255,1.140816682577133,1.1338412523269654,1.1235090374946595,1.1167685449123383,1.1101388573646545,1.1009601533412934,1.092118537425995,1.0841797590255737,1.0738933086395264,1.0635866820812225,1.0541565060615539,1.045005691051483,1.0352087140083313,1.022123709321022,1.012244498729706,1.0012195318937303,0.9922258377075195,0.9787299424409867,0.9679495811462402,0.9546050190925598,0.9414844214916229,0.9298324823379517,0.9161039352416992,0.9026576548814773,0.8889507263898849,0.8739771991968155,0.8612261176109314,0.8445340275764466,0.8295445084571839,0.813037571310997,0.7946647346019745,0.7807087391614914,0.7637469083070755,0.7481899797916413,0.7291564702987671,0.7157556802034378,0.6961757659912109,0.6793042123317719,0.6597861170768737,0.6418907612562179,0.6225544899702072,0.605839291214943,0.5839471071958542,0.5669384628534317,0.5458351612091065,0.5252944529056549,0.503701314330101,0.4828085392713547,0.46157246530056,0.4403863862156868,0.4189754009246826,0.3969044119119644,0.3805946737527847,0.35863032937049866,0.33463869988918304,0.3129840299487114,0.2941365450620651,0.27363838702440263,0.2544203348457813,0.2303918980062008,0.2116235964000225,0.18955105170607567,0.17151237800717353,0.15460070371627807,0.13647072091698648,0.12161723077297211,0.10602830573916436,0.09254883341491223,0.08632728271186352,0.0,0.08691195324063301,0.0944527868181467,0.10376680977642536,0.11690074913203716,0.12907806634902955,0.14064474403858185,0.16018330678343773,0.17305209636688232,0.19200255796313287,0.20398942828178407,0.22014845088124274,0.23668531477451324,0.2505613468587399,0.2645585656166077,0.28014423996210097,0.2941766560077667,0.30803692936897276,0.3200277641415596,0.33251599967479706,0.34645524621009827,0.35980953127145765,0.3710502669215202,0.3834827423095703,0.39336642920970916,0.4066294267773628,0.41874015480279925,0.4266419842839241,0.4381268948316574,0.4505839481949806,0.4611398547887802,0.4719232633709908,0.4816302716732025,0.49113682210445403,0.4996895506978035,0.5093189433217049,0.5185301095247269,0.5273855626583099,0.5365211725234985,0.5462594360113144,0.5542653381824494,0.56304272711277,0.5694244414567947,0.5801283478736877,0.5882220596075058,0.5943088084459305,0.6047636061906815,0.6113888025283813,0.6189407229423523,0.627604267001152,0.6355960816144943,0.6441271185874939,0.6516097813844681,0.6601033329963684,0.6677849888801575,0.6754575580358505,0.6856902837753296,0.6948994159698486,0.7043558597564697,0.7140666574239731,0.7265729486942292,0.7452837467193604
t_60,1.380204153060913,1.3789498925209045,1.380047196149826,1.3784369945526123,1.3773107886314393,1.3764216423034668,1.3738812148571014,1.371954572200775,1.369032073020935,1.3678725004196166,1.366052383184433,1.3637309968471527,1.3634460866451263,1.3610250651836395,1.3603022634983062,1.357463425397873,1.3547345876693726,1.352369213104248,1.3511109352111816,1.3486242771148682,1.3458584666252136,1.3453583359718322,1.3429579496383668,1.3400323987007141,1.3377095878124237,1.3362810611724854,1.3347834289073943,1.331614077091217,1.329382300376892,1.327832865715027,1.3249334812164306,1.3231504321098329,1.3203892707824707,1.318009853363037,1.3150089800357818,1.31153461933136,1.3103132665157318,1.3065812587738037,1.3046716392040252,1.3012454092502594,1.298833829164505,1.2946926772594451,1.2912745594978332,1.2894086003303529,1.2844623386859895,1.280893188714981,1.2767157793045043,1.2729058802127837,1.2685819089412689,1.2648901283740996,1.259919488430023,1.2546129882335664,1.2497643828392029,1.245147067308426,1.2392895877361298,1.2338123381137849,1.2282742321491242,1.2227605342864991,1.217471843957901,1.2107625007629395,1.2035466313362122,1.1976768493652343,1.1917406499385834,1.184398090839386,1.17763592004776,1.171659427881241,1.1647663474082948,1.1560489356517791,1.1512471437454224,1.1444478809833527,1.1375723719596862,1.1273849964141847,1.1208928763866424,1.1142633140087128,1.1051384925842285,1.0964310765266418,1.0886094331741334,1.078408843278885,1.0682733058929443,1.0590400874614716,1.0500376045703887,1.040591335296631,1.0274745762348174,1.0178814589977265,1.0070090383291244,0.997982183098793,0.9849858373403549,0.97420454621315,0.9611316680908203,0.9480153679847717,0.9368705570697784,0.923007932305336,0.9097583919763566,0.8967552870512009,0.8817163586616517,0.8690113663673401,0.8525928348302841,0.8377637237310409,0.8216367900371552,0.8035488545894622,0.7903302252292633,0.7730862736701966,0.7578558593988418,0.7396871387958527,0.7264168947935105,0.7067767769098282,0.6901551008224487,0.6707423567771912,0.6533292323350907,0.6347361773252487,0.6188755452632904,0.5968443661928177,0.5809187173843384,0.5592498034238815,0.5393460899591446,0.5183561027050019,0.49734544903039934,0.4761392503976822,0.45498213171958923,0.43487940579652784,0.41222282201051713,0.3965199261903763,0.3762127473950386,0.35068468302488326,0.32909697145223615,0.3104968249797821,0.2935329496860504,0.2741540312767029,0.24872799068689347,0.22971969619393348,0.20535166785120965,0.19012485593557357,0.16855187043547631,0.14952118545770646,0.13010006584227085,0.11605877727270127,0.10013660863041877,0.08489049077033997,0.08691195324063301,0.0,0.07896941676735877,0.08980264887213707,0.09479325860738755,0.10840558409690856,0.126426662504673,0.1351509913802147,0.152823768556118,0.16871769353747368,0.1831837184727192,0.20226139947772026,0.21442146077752114,0.23006199151277543,0.2434166379272938,0.2610128402709961,0.27682429999113084,0.2872101917862892,0.30016872882843015,0.3130913719534874,0.32671081721782685,0.34043861031532285,0.3519912511110306,0.36427478194236756,0.37473696619272234,0.3879678204655647,0.40036325752735136,0.40957884341478346,0.42138922661542894,0.4331125244498253,0.4440320208668709,0.4547594040632248,0.46461510062217715,0.4747046694159508,0.4839533016085625,0.4938240870833397,0.5026051521301269,0.5121099650859833,0.5215456873178482,0.5310237348079682,0.5391142159700394,0.5481040716171265,0.5557013988494873,0.5657456934452056,0.5740086615085602,0.5808152914047241,0.5913813829421997,0.5983379185199738,0.6055244147777558,0.6145965367555618,0.6230958670377731,0.6317361116409301,0.639640498161316,0.6478045791387558,0.6555444449186325,0.6637734413146973,0.6739496946334839,0.6833888977766037,0.6930964827537537,0.7034993439912796,0.716371876001358,0.7348850548267365
t_59,1.3817456841468811,1.3804959952831268,1.3815732538700103,1.3799799263477326,1.3788581311702728,1.377970278263092,1.375429594516754,1.3735122978687286,1.3706036508083344,1.3694333732128143,1.367621010541916,1.3652989387512207,1.365020090341568,1.3626112341880798,1.3618864357471465,1.3590691328048705,1.3563513576984405,1.3540133655071258,1.352766251564026,1.3502959549427032,1.3475583851337434,1.3470844745635986,1.3446990728378296,1.3418018162250518,1.3395094633102418,1.3381013691425323,1.3366045475006103,1.3334800243377685,1.331272405385971,1.3297358751296997,1.3268833577632904,1.3251198709011078,1.322385197877884,1.3200449287891387,1.317072856426239,1.3136479198932647,1.3124385714530944,1.30876727104187,1.3068799555301667,1.303472065925598,1.3010939121246339,1.297004222869873,1.2936212420463562,1.2917919635772706,1.2869055926799775,1.2833602786064149,1.279230523109436,1.2754840314388276,1.2712004363536835,1.2675524652004242,1.2626422107219697,1.2573939621448518,1.252601045370102,1.2480362236499787,1.2422467112541198,1.2368209898471831,1.2313623189926148,1.2258913695812226,1.220670861005783,1.2140627920627594,1.2069325029850007,1.20113725066185,1.195267426967621,1.1880178928375245,1.181340628862381,1.1754239797592163,1.1686002731323242,1.1600057661533356,1.1552687287330627,1.148564887046814,1.141756969690323,1.1316977381706237,1.1252562403678894,1.1187439858913422,1.1097694516181946,1.101146137714386,1.0934051632881165,1.083384108543396,1.07335062623024,1.0642516553401946,1.0553639709949494,1.0459846377372741,1.0331259846687317,1.0236327648162842,1.0129286378622055,1.0040445506572724,0.9911760598421097,0.9806037306785583,0.9676931232213974,0.9547670274972916,0.9437319517135621,0.9301898181438446,0.9171200752258301,0.9042265027761459,0.8894269078969955,0.8769097566604614,0.860828310251236,0.8462522953748703,0.8303059577941895,0.8124815464019776,0.7994152575731277,0.7824215412139892,0.7674893826246262,0.7496280819177628,0.7366302102804184,0.7171970874071121,0.7007706046104432,0.6818646997213363,0.6646527498960495,0.6461529225111008,0.630610117316246,0.6089401930570603,0.5930647432804108,0.5719518005847931,0.5524458348751068,0.5317190885543823,0.5111419320106506,0.49010705649852754,0.4693715199828148,0.4493780225515366,0.42741712033748624,0.4118178829550743,0.39148190468549726,0.3671251431107521,0.3454840362071991,0.3269417375326157,0.30998701602220535,0.2901904746890068,0.2653857827186584,0.24748280942440032,0.22307820096611977,0.20780198127031327,0.186768838763237,0.1657037355005741,0.14784235805273055,0.1294430062174797,0.11499242559075355,0.09736140891909599,0.0944527868181467,0.07896941676735877,0.0,0.08436034359037876,0.07995440885424614,0.09714128375053406,0.11318426541984081,0.12245997786521912,0.13737471029162407,0.1524726517498493,0.16745369583368303,0.18616446182131768,0.19823528826236725,0.2124223917722702,0.22745286747813226,0.2446168638765812,0.25938964933156966,0.27091176956892016,0.2838232219219208,0.2972020640969276,0.31104845106601714,0.3252100974321365,0.33667233884334563,0.3489275187253952,0.35939974784851075,0.3734981670975685,0.3857797831296921,0.3951609835028648,0.4067878097295761,0.41931932270526884,0.43008168041706085,0.4413108959794044,0.4507106587290764,0.46125283986330035,0.47064128071069716,0.48077386766672137,0.48979947715997696,0.49945869743824006,0.508908948302269,0.5187529385089874,0.5270361095666886,0.5359641134738922,0.5436098784208298,0.5541689783334732,0.56256323158741,0.5693632900714874,0.5801458209753036,0.5872993320226669,0.5946931213140487,0.6039834648370743,0.6125206530094147,0.6214138180017471,0.6293856978416443,0.6378025442361832,0.6458131432533264,0.6540558129549027,0.6645374119281768,0.6741221308708191,0.6841270893812179,0.6947037905454636,0.707860779762268,0.7270358830690384
t_58,1.383222645521164,1.3819984316825866,1.383074450492859,1.3814945816993713,1.380390727519989,1.3795049667358399,1.3769964158535004,1.3751164495944976,1.3722340881824493,1.371072483062744,1.3692847669124604,1.3669876396656035,1.3667039632797242,1.364320170879364,1.3636049509048462,1.360810148715973,1.3581104815006255,1.3557992577552795,1.3545636415481568,1.352114486694336,1.349388164281845,1.3489257633686065,1.3465609014034272,1.3436864376068116,1.3414096117019654,1.3400219142436982,1.338529223203659,1.3354355335235595,1.333235764503479,1.331733238697052,1.328911256790161,1.327167457342148,1.3244514405727386,1.3221417307853698,1.3192225813865661,1.3158355414867402,1.314646017551422,1.3110275328159333,1.3091778993606566,1.3058030009269714,1.3034693539142608,1.299444317817688,1.296100342273712,1.2942998170852662,1.289492130279541,1.2859829425811768,1.2819061696529388,1.278220570087433,1.2740233600139619,1.2704471588134765,1.2655902743339538,1.2604293406009675,1.255716049671173,1.2512018799781799,1.2455330193042755,1.2401823818683624,1.2348057150840759,1.2294089317321777,1.2242518544197083,1.2177804291248322,1.2107218682765961,1.2050316095352174,1.1992228209972382,1.192080456018448,1.1855494856834412,1.1797083497047425,1.1729573667049409,1.1645259141921998,1.1598632991313935,1.1532619833946227,1.1465671360492706,1.1366340696811676,1.1302709758281708,1.123870998620987,1.115024894475937,1.1065466344356536,1.098936378955841,1.0890102684497833,1.0791316688060761,1.0701530635356904,1.061373245716095,1.0521265625953675,1.039454412460327,1.0300906956195832,1.0195432275533676,1.0108713209629059,0.9981371879577636,0.9877553910017014,0.9750278800725937,0.9623448461294174,0.951439481973648,0.9381830275058747,0.9253284782171249,0.9125493586063385,0.8980728834867477,0.8858135730028153,0.8699562519788742,0.8555958807468415,0.8400022089481354,0.8224740922451019,0.809587025642395,0.7930147856473923,0.778254508972168,0.7606089353561402,0.7478410184383393,0.7289314985275268,0.7128677129745483,0.6942654073238372,0.6773975998163223,0.6592925280332566,0.643800574541092,0.622698375582695,0.6071095436811447,0.5864273011684418,0.5670519500970841,0.5467924505472184,0.5265328079462052,0.506149809062481,0.48578326851129533,0.4658751204609871,0.44445131719112396,0.4288748070597649,0.4088522091507912,0.38480906635522844,0.36364362090826036,0.34523621797561643,0.32782979160547254,0.3092410922050476,0.28399521559476854,0.26594279408454896,0.2420354187488556,0.22622727379202842,0.20612591728568078,0.18621807023882866,0.16800663396716117,0.15124961137771606,0.13077692314982414,0.11363241001963616,0.10376680977642536,0.08980264887213707,0.08436034359037876,0.0,0.07855384685099125,0.08140358701348305,0.0972179800271988,0.10803187750279904,0.1214017353951931,0.13515580520033837,0.147770693898201,0.16757575422525406,0.18044326156377793,0.194476942718029,0.2078380800783634,0.2246165953576565,0.24063544422388078,0.2518071487545967,0.26554574966430666,0.2787788242101669,0.2927509441971779,0.3064129039645195,0.31915254294872286,0.3314824789762497,0.34199450463056563,0.35622249245643617,0.3685796484351158,0.37796157598495483,0.3898672014474869,0.4024615615606308,0.41373117119073866,0.42503505051136015,0.4351034462451935,0.44545880854129793,0.45488419234752653,0.46535626202821734,0.4745874762535095,0.48436289429664614,0.4939436838030815,0.5040719285607338,0.5125518858432769,0.5220143020153045,0.5296524792909623,0.5403842270374298,0.5489093601703644,0.5559149086475372,0.5669291645288468,0.5743245422840119,0.5819942623376846,0.591417419910431,0.6001626878976822,0.6091323286294937,0.6173050045967102,0.6259910553693772,0.6343066543340683,0.6427326083183289,0.6535237431526184,0.6632596403360367,0.6736653357744217,0.684432852268219,0.6979002356529236,0.7178172707557678
t_57,1.384335172176361,1.383129394054413,1.3841932117938995,1.3826295018196106,1.3815350472927093,1.3806635916233063,1.3781812012195587,1.3763180315494536,1.3734608590602875,1.3723157048225403,1.370550662279129,1.368289089202881,1.368009215593338,1.3656540989875794,1.3649531424045562,1.3622018814086914,1.3595334768295289,1.3572580516338348,1.3560333609580995,1.3536152064800262,1.3509311258792878,1.3504777789115905,1.3481368899345398,1.3452942490577697,1.3430519104003906,1.3416745126247407,1.3402176022529602,1.3371588170528412,1.3349968791007996,1.3335174739360809,1.3307283759117126,1.3290140151977539,1.3263366222381592,1.3240482926368713,1.32115695476532,1.317807561159134,1.3166256368160247,1.3130504548549653,1.3112154603004456,1.3078830659389495,1.305573308467865,1.3015954792499542,1.2982985734939576,1.2965107262134552,1.291754996776581,1.2882828772068025,1.2842557847499847,1.28060644865036,1.2764612972736358,1.2729121208190919,1.2681038320064544,1.2629930019378661,1.2583305716514588,1.2538671314716339,1.2482399344444275,1.2429741263389587,1.2376529932022096,1.2323051154613496,1.2272261440753938,1.2208030104637146,1.213850450515747,1.2082036495208741,1.2024632811546325,1.1953879773616791,1.1889402449131012,1.1831742703914643,1.1765275657176972,1.1681487381458282,1.1635370552539825,1.157023561000824,1.1503977596759796,1.1405932128429412,1.134295392036438,1.1279709041118622,1.1192176580429076,1.110818123817444,1.1032977283000946,1.0935174703598023,1.0837765336036682,1.0748709678649901,1.066237711906433,1.0571258306503295,1.0445491194725036,1.0353227138519288,1.024871438741684,1.016252601146698,1.0037520289421082,0.9934406161308289,0.9808733701705933,0.968356016278267,0.9576070040464402,0.9444113075733185,0.9317203789949418,0.919198751449585,0.904849162697792,0.8926880985498429,0.8769944220781326,0.8628263652324677,0.8474570333957672,0.8301061153411865,0.8174964368343354,0.8009679108858109,0.786511805653572,0.7692112654447556,0.7565817654132843,0.7378073453903198,0.7219350576400757,0.7035187959671021,0.6868000358343125,0.6690860539674759,0.6539541393518448,0.6330162197351455,0.6175768226385117,0.5971585810184479,0.5782196640968322,0.5581402450799942,0.5381334692239761,0.517846854031086,0.49754035025835036,0.47832146286964417,0.45670190304517744,0.4416510403156281,0.422025640308857,0.397824639081955,0.3768059849739075,0.3587680906057358,0.34211858212947843,0.32294517755508423,0.29828252345323564,0.28008469194173813,0.2560377553105354,0.2406250424683094,0.2195993773639202,0.19890501350164413,0.1796158604323864,0.1619796074926853,0.14309046044945717,0.12338688559830188,0.11690074913203716,0.09479325860738755,0.07995440885424614,0.07855384685099125,0.0,0.07498843260109425,0.09133864939212799,0.09269732907414437,0.10572382807731628,0.11880384311079979,0.1333721674978733,0.1525341659784317,0.1627723015844822,0.1775789462029934,0.1928045116364956,0.20987556800246238,0.22542950361967087,0.2362169660627842,0.24930221512913703,0.2632037431001663,0.2771116629242897,0.29169241040945054,0.3036800757050514,0.3160867035388947,0.32687327861785886,0.3414380311965942,0.3539750397205353,0.36391827911138536,0.37614725083112716,0.38880241215229033,0.3999285876750946,0.41145153194665907,0.42128935307264326,0.432377302646637,0.4422125980257988,0.45256755501031876,0.46204369217157365,0.47203428149223325,0.48200907111167907,0.4921815276145935,0.5008350670337677,0.5100641399621964,0.518215349316597,0.5290873408317566,0.5375526398420334,0.5450088649988174,0.5560403615236282,0.5635668456554412,0.5712787926197052,0.5810334503650665,0.5898718535900116,0.5990934520959854,0.607411801815033,0.6162559926509857,0.6246400982141495,0.6333481311798096,0.6441545486450195,0.6543755531311035,0.6648423194885253,0.6759428083896637,0.6897853314876556,0.7097801715135574
t_56,1.3848316550254822,1.3836423575878143,1.384700322151184,1.3831561267375947,1.382076632976532,1.3812236130237578,1.378761112689972,1.3769202530384064,1.3740999460220338,1.3729659557342528,1.3712190628051757,1.3689784228801727,1.3687060594558715,1.3663752555847168,1.3656816244125367,1.3629457116127015,1.360314780473709,1.3580606758594513,1.3568474411964417,1.3544662415981292,1.3518157660961152,1.351359236240387,1.349046492576599,1.3462427794933318,1.344023185968399,1.3426629304885864,1.3412221252918244,1.3381979405879973,1.336059218645096,1.3345924019813538,1.3318328559398651,1.330120575428009,1.3274918615818023,1.3252139031887054,1.3223593890666963,1.3190444827079773,1.3178868234157561,1.3143294751644135,1.3125291764736176,1.3092386364936828,1.3069513440132141,1.3030106544494628,1.2997539222240448,1.2979807078838348,1.2932760119438171,1.289838546514511,1.285853099822998,1.282225239276886,1.2781122148036956,1.2745997130870819,1.2698531568050384,1.2647965967655181,1.2601794302463531,1.2557850778102875,1.250202202796936,1.2449937641620636,1.239727544784546,1.2344678342342377,1.2294512331485747,1.2230845749378205,1.2162168204784394,1.2106445729732513,1.2049675941467286,1.1979653120040894,1.1915503799915315,1.1858755350112915,1.1793095946311951,1.1710059762001037,1.1664587676525116,1.1600020766258239,1.1534522652626038,1.1437493979930877,1.1375808000564576,1.1312853813171386,1.1226339280605315,1.1143589794635773,1.1069286584854126,1.0972478330135345,1.0876140773296357,1.0788535594940185,1.0703020513057708,1.0613540589809418,1.0489253640174865,1.0398421466350556,1.0295138359069824,1.020967224240303,1.0087007254362106,0.9984945952892303,0.9861274212598801,0.9737210750579834,0.9632357746362686,0.9501233875751496,0.9376243233680726,0.9254298985004425,0.9111749261617661,0.8991309255361557,0.8836681932210922,0.869708126783371,0.8546486765146255,0.8375984638929367,0.8251752883195878,0.8088451951742173,0.7946013897657395,0.7776825249195098,0.7652517706155777,0.7466722100973129,0.7309681892395019,0.7127966105937957,0.696434959769249,0.6791257411241531,0.6644055962562561,0.6436592310667038,0.6287422209978104,0.6083450973033905,0.5898527860641479,0.5700997889041901,0.5502431184053421,0.5302987813949585,0.510200671851635,0.4917670637369156,0.4700472757220268,0.45515552908182144,0.4365231662988663,0.41221736669540404,0.39145185202360155,0.3735570728778839,0.3581164970993996,0.3391036882996559,0.3141616865992546,0.296298623085022,0.27213712930679324,0.25768211781978606,0.23657925352454184,0.21630362048745155,0.1970517374575138,0.1801298275589943,0.16049438640475272,0.14085945785045623,0.12907806634902955,0.10840558409690856,0.09714128375053406,0.08140358701348305,0.07498843260109425,0.0,0.07954231165349483,0.08254043273627758,0.09547943510115146,0.10586374215781688,0.11834040768444538,0.13998119682073593,0.14690834432840347,0.1621291920542717,0.17456237450242043,0.19386266842484473,0.21051444932818414,0.21908908635377883,0.23287403732538223,0.24701198264956475,0.26016674637794496,0.27487812638282777,0.28720980137586594,0.29987036883831025,0.31076057255268097,0.3255844175815582,0.3383274406194687,0.3484124541282654,0.3607361301779747,0.3731908932328224,0.38479898124933243,0.3963485285639763,0.40679661780595777,0.41773385256528855,0.42767372727394104,0.4383754551410675,0.4477083057165146,0.45803399235010145,0.4682482719421387,0.47829787582159045,0.4872521758079529,0.49656995832920076,0.5052902176976204,0.5159360080957412,0.5247801423072815,0.5323580116033554,0.5436495870351792,0.5514169871807099,0.5589592069387436,0.5690847396850586,0.5782779604196548,0.5875064164400101,0.596245926618576,0.6049906402826309,0.6134798705577851,0.6225326180458068,0.6334673345088959,0.6438773959875107,0.6545759201049804,0.6660483002662658,0.680277305841446,0.7006205379962921
t_55,1.386577409505844,1.385389941930771,1.3864363372325896,1.3848909914493561,1.383814263343811,1.382948452234268,1.3804885506629945,1.378661674261093,1.3758387088775634,1.3747048437595368,1.3729573249816895,1.3707104742527008,1.370434617996216,1.3681086599826813,1.3674009561538696,1.364677184820175,1.362040936946869,1.3598107278347016,1.358591079711914,1.3562014877796174,1.3535497069358826,1.35311416387558,1.3508036494255067,1.3479928731918336,1.3457991540431977,1.3444488406181336,1.3429971992969514,1.340007668733597,1.3378746449947356,1.3364398717880248,1.3337067246437073,1.3320264875888825,1.3293940126895905,1.3271716833114624,1.3243578553199769,1.3210817575454712,1.319951206445694,1.3164512515068054,1.3146775722503663,1.3114056169986725,1.3091767191886903,1.3052996456623078,1.3020800948143005,1.3003506541252137,1.2957270622253418,1.2923249781131745,1.2883939445018768,1.2848584651947021,1.2808172047138213,1.2773796439170837,1.2727021992206573,1.2677367806434632,1.2631858885288239,1.2588326573371886,1.2533751606941224,1.2482357025146484,1.2430663466453553,1.237831610441208,1.2328584909439086,1.2266550660133362,1.219833391904831,1.2143819153308868,1.2087360799312592,1.2018495619297027,1.1955792129039764,1.1899303019046783,1.1834351658821105,1.1753122746944427,1.1707963407039643,1.164474493265152,1.158003294467926,1.148429846763611,1.142255699634552,1.1360903263092041,1.1275886714458465,1.1194381713867188,1.1121220707893371,1.102613627910614,1.0931200504302978,1.0844256341457368,1.0760033965110778,1.0670658648014069,1.0549302756786347,1.0459073662757874,1.0357639610767364,1.0274722397327423,1.0152000725269317,1.0052291631698609,0.9930240720510483,0.9809180468320846,0.9703837692737579,0.957696008682251,0.9453775733709335,0.93307523727417,0.9192914754152298,0.9075651526451111,0.8923217833042145,0.8786198556423187,0.8637160629034042,0.846929070353508,0.8345242530107498,0.8187977522611618,0.8046919822692871,0.7877643585205079,0.7755436152219772,0.7575656443834304,0.7422751665115357,0.7244888722896576,0.7083852320909501,0.6911184072494507,0.6763183027505875,0.6562023133039474,0.6412212282419205,0.6216578632593155,0.6032514929771423,0.5837021350860596,0.5645136535167694,0.5450498580932617,0.5256159871816635,0.5066675901412964,0.4860220566391945,0.4712590754032135,0.4518462374806404,0.4289335966110229,0.4086713999509811,0.39123516380786894,0.37376981377601626,0.3556743055582047,0.3320357620716095,0.31420243084430693,0.29120090454816816,0.2750992029905319,0.25532077848911283,0.23550108149647714,0.21678489595651626,0.19913230538368226,0.17872896268963814,0.16027796119451523,0.14064474403858185,0.126426662504673,0.11318426541984081,0.0972179800271988,0.09133864939212799,0.07954231165349483,0.0,0.08435324057936669,0.09055625237524509,0.09723208546638488,0.10590039379894733,0.12280312478542328,0.13461290076375007,0.1488342970609665,0.16160043999552726,0.17778610363602637,0.19300969168543816,0.2050720877945423,0.21818401739001275,0.23151126727461815,0.2454379327595234,0.25966518074274064,0.27250819504261015,0.2855346828699112,0.2964885622262955,0.31092848926782607,0.3240980952978134,0.3333169251680374,0.3459004446864128,0.3590456798672676,0.3708725139498711,0.38267347663640977,0.3936373695731163,0.40412587523460386,0.4139559790492058,0.4247909411787987,0.4350006699562073,0.44497214555740355,0.45533701926469805,0.46613160222768785,0.4750223696231842,0.48493096232414246,0.492705799639225,0.5043223142623902,0.513178962469101,0.5207891762256622,0.5322090059518814,0.5399514466524125,0.5483254969120026,0.5582720458507537,0.5674611389636993,0.5769682437181473,0.5856579959392547,0.5950506865978241,0.6038563162088394,0.6128642082214355,0.6243058502674103,0.6348835319280625,0.6459163367748261,0.6574055314064026,0.6718836545944213,0.6933469504117966
t_54,1.3867490410804748,1.385596126317978,1.3866367280483245,1.3851118087768555,1.3840568125247956,1.3832100331783295,1.3807879567146302,1.3789799690246582,1.3762047290802002,1.3750813961029054,1.3733824849128724,1.3711802124977113,1.3709067344665526,1.3686248660087585,1.3679489195346832,1.3652739584445954,1.3626898646354675,1.3604981541633605,1.3593071460723878,1.3569733500480652,1.3543774783611298,1.3539547085762025,1.3516779780387878,1.348943257331848,1.346779364347458,1.3454568982124329,1.3440626919269563,1.341111958026886,1.3390268206596374,1.3376148521900177,1.3349315047264099,1.3332889318466186,1.3307145893573762,1.3285066962242127,1.3257253468036652,1.3224968552589416,1.3213752508163452,1.317910373210907,1.316157877445221,1.3129372477531434,1.3107218623161316,1.306886464357376,1.303718674182892,1.301988136768341,1.2974082231521606,1.2940403521060944,1.2901627182960511,1.286643624305725,1.2826547801494599,1.2792432248592376,1.274596357345581,1.269662117958069,1.26516695022583,1.2608655273914338,1.2554271459579467,1.250365960597992,1.245236611366272,1.2400784015655517,1.2351871073246001,1.2290025174617767,1.2222936153411865,1.216854178905487,1.2112951874732971,1.2044742286205292,1.1982422828674317,1.1927002727985383,1.1862965643405914,1.1781892359256745,1.1737632691860198,1.1674711644649505,1.161076647043228,1.1516116559505463,1.1455671072006226,1.139446645975113,1.1310035228729247,1.122927337884903,1.1156851768493652,1.1062602877616883,1.0968995213508606,1.0882998347282409,1.0800032913684845,1.0712687730789185,1.0591705858707428,1.0503227353096007,1.0402852714061737,1.0319738388061523,1.0200382232666017,1.0100929737091064,0.998050007224083,0.9860293507575989,0.975763475894928,0.9630776435136795,0.9509038627147675,0.9389831453561783,0.9252240031957626,0.913565918803215,0.8984786748886109,0.8849197626113892,0.8702920079231262,0.8536999553442002,0.8417025476694107,0.8258786767721176,0.8120041280984879,0.7956061989068985,0.7834536314010621,0.7655169665813446,0.7504042625427246,0.7327753812074661,0.7168711692094802,0.7001161217689514,0.685731726884842,0.6657012045383454,0.6511264115571975,0.6315076410770416,0.6135160773992538,0.5943804293870926,0.5752920806407928,0.5559045165777207,0.5365243911743164,0.5183981046080589,0.49760470241308213,0.48317826837301253,0.46475054770708085,0.44122438281774523,0.42127829790115356,0.4039143830537796,0.3882166028022766,0.3697280988097191,0.3459125071763992,0.3281730115413666,0.30475916862487795,0.2900956362485886,0.26913132667541506,0.24905502647161484,0.2300402082502842,0.21272162422537805,0.19316482692956924,0.1724889434874058,0.16018330678343773,0.1351509913802147,0.12245997786521912,0.10803187750279904,0.09269732907414437,0.08254043273627758,0.08435324057936669,0.0,0.0816823910921812,0.0824310515075922,0.09449075981974601,0.1117790974676609,0.11770135834813118,0.13163960427045823,0.14484886899590493,0.16176829636096954,0.1789047859609127,0.18813686817884445,0.20148297250270844,0.21532414779067038,0.2293532207608223,0.24374318793416022,0.2563178241252899,0.26902162879705427,0.28047104775905607,0.29510418623685836,0.30825167149305344,0.3185926228761673,0.3315183326601982,0.34436464458703997,0.35614159554243086,0.3682328715920448,0.3788299411535263,0.39017575681209565,0.40054880231618883,0.41147995740175247,0.42133872807025907,0.4318569540977478,0.44250657260417936,0.45314392596483233,0.46225287318229674,0.4720244944095612,0.4809010520577431,0.4921480447053909,0.5010073840618133,0.5091339573264122,0.5207900494337082,0.5286836475133896,0.5367796838283538,0.547208595275879,0.5566226661205291,0.5662824422121048,0.5753142535686493,0.5846367955207825,0.5935354650020599,0.602848568558693,0.6143450886011124,0.625287440419197,0.6364883482456207,0.6484770715236664,0.6633255898952484,0.6847173362970352
t_53,1.3884988963603973,1.3873500764369964,1.3883793950080872,1.3868616938591003,1.38581183552742,1.3849573493003846,1.3825263679027557,1.380733948945999,1.3779560148715972,1.3768222332000732,1.3751243710517884,1.3729161858558654,1.372634482383728,1.3703390657901764,1.3696459591388703,1.3669682502746583,1.364364391565323,1.3621698439121246,1.3609696090221406,1.3586141467094421,1.3560030043125153,1.3555782198905946,1.3532947182655335,1.350537472963333,1.348390531539917,1.3470510303974152,1.3456232964992523,1.342693281173706,1.3405881881713868,1.339210534095764,1.3365285515785217,1.3348859012126923,1.3322935104370117,1.330141007900238,1.3273833215236663,1.3241689682006836,1.323080849647522,1.3196616351604462,1.3179396629333495,1.3147216379642486,1.3125630736351013,1.3087773263454436,1.3056308388710023,1.3039400577545166,1.299424058198929,1.2960707187652587,1.2922388374805451,1.2887773275375367,1.2848335206508636,1.281483417749405,1.2768951892852782,1.2720418095588684,1.2675958216190337,1.2633332312107086,1.2579948484897614,1.2529962360858917,1.2479494214057922,1.2428133547306062,1.2379444003105164,1.231915158033371,1.2252259075641632,1.2199297606945039,1.214379644393921,1.2076598107814789,1.201558530330658,1.1960168719291686,1.1896719694137574,1.1817424476146698,1.177322918176651,1.171149218082428,1.1648301303386688,1.1554699301719666,1.1494209349155426,1.1433994889259338,1.13510502576828,1.1271300137042999,1.1200040638446809,1.1107163667678832,1.101440817117691,1.0929383337497711,1.0846747875213623,1.0759404122829437,1.064144593477249,1.0553291499614716,1.0454117894172668,1.0373229146003724,1.0253589928150177,1.0156345427036286,1.0037143170833587,0.9919420391321182,0.9816482633352279,0.9692991495132446,0.9573074996471405,0.9452687978744507,0.931881669163704,0.9204347878694534,0.90554139316082,0.892232146859169,0.8777322560548783,0.8614060759544373,0.8492867201566696,0.8340101420879364,0.8203328132629395,0.8038163989782333,0.791936120390892,0.7744402766227723,0.7595414847135544,0.7422691941261291,0.7264783710241318,0.7098543167114257,0.6953997075557709,0.675947293639183,0.6612066149711608,0.6422675609588623,0.6244134455919266,0.6055170863866806,0.5867887139320374,0.5678747147321701,0.5487997680902481,0.5306667566299439,0.5103979542851448,0.49602789878845216,0.4772041529417038,0.4548244446516037,0.43502168357372284,0.41813333332538605,0.4009086087346077,0.38306325674057007,0.36020905822515487,0.34264039546251296,0.32028291970491407,0.3045622229576111,0.28495117723941804,0.2648236319422722,0.24552354738116264,0.22814878672361374,0.20688258931040765,0.18603774309158325,0.17305209636688232,0.152823768556118,0.13737471029162407,0.1214017353951931,0.10572382807731628,0.09547943510115146,0.09055625237524509,0.0816823910921812,0.0,0.0823780655860901,0.08698557876050472,0.09492400474846363,0.10520189255475998,0.11703476645052432,0.13101195245981218,0.14745679423213004,0.16159551218152046,0.1721894085407257,0.18432642593979837,0.19731408432126046,0.21301097199320793,0.22729914262890816,0.2392354764044285,0.25324887335300444,0.26419153064489365,0.2790681153535843,0.29237474501132965,0.30214683562517164,0.31498092263936994,0.32906604260206224,0.34054681211709975,0.353300079703331,0.36425450146198274,0.3755536124110222,0.38563082218170164,0.3964467212557793,0.407102832198143,0.4176358997821808,0.4282212734222412,0.4395901933312416,0.448715078830719,0.4588061019778252,0.46707983762025834,0.479316146671772,0.48840390890836716,0.49612713754177096,0.5083348825573921,0.5161731719970704,0.5248798906803132,0.5352913171052933,0.5448022097349167,0.5547470480203629,0.5637965261936188,0.5737874180078506,0.5828878194093704,0.5923266053199768,0.6042001128196717,0.6155225932598114,0.627047336101532,0.638927897810936,0.6541903436183929,0.6768022745847702
t_52,1.3888675570487976,1.3877438187599183,1.388773149251938,1.3872746288776399,1.3862497150897979,1.3854061543941498,1.3830317974090576,1.3812619984149932,1.3785299003124236,1.3774203538894654,1.3757494747638703,1.3735754311084747,1.373314583301544,1.3710861384868622,1.3704183936119079,1.3677953600883483,1.365248566865921,1.3631113827228547,1.3619437217712402,1.3596478819847106,1.3571070671081542,1.3567139983177186,1.3544875621795653,1.3517995178699493,1.349701327085495,1.348400843143463,1.3470422744750976,1.3441783428192138,1.3421351552009582,1.3407675445079803,1.3381607592105866,1.3365497410297393,1.3340407609939575,1.3318903386592864,1.3291832447052,1.3260282158851624,1.3249347150325774,1.3215619325637817,1.3198573172092438,1.3166997969150542,1.314553141593933,1.3108055412769317,1.3077142357826232,1.3060240507125855,1.301579576730728,1.2982734739780426,1.2944794774055481,1.2910596787929536,1.287188458442688,1.2838584363460541,1.279319268465042,1.2745315551757812,1.2701544880867004,1.2659628629684447,1.260649025440216,1.2556985795497895,1.2507128536701202,1.2456863164901733,1.2409122824668883,1.2348775625228883,1.2283273756504058,1.2230282187461854,1.2176011383533478,1.2109527945518495,1.2048959732055664,1.1994787931442261,1.1932115256786346,1.1853147506713868,1.181017702817917,1.1748909950256348,1.1686469495296479,1.1594043016433715,1.1535188198089599,1.1475603222846984,1.139333826303482,1.1314732551574707,1.1244113147258759,1.115206491947174,1.10609330534935,1.097746104001999,1.0896314084529877,1.081120777130127,1.0693614065647126,1.0607441663742065,1.0509710788726807,1.0429210364818573,1.0312566936016083,1.0216036051511765,1.0098993122577666,0.9981545507907867,0.9881970912218094,0.9759065985679627,0.964061227440834,0.9524982303380967,0.9390840649604797,0.9277822554111481,0.9131737411022186,0.9000147312879563,0.8858136087656021,0.8696951687335968,0.8581242680549621,0.8427248209714889,0.8292898148298263,0.8134067505598068,0.8017068296670914,0.7842573970556259,0.769584447145462,0.7525786548852921,0.7371974438428879,0.7208756685256958,0.707048088312149,0.6875617384910584,0.6736250996589661,0.6543634951114654,0.6370585948228836,0.6185770809650422,0.599948063492775,0.5812509089708329,0.5625451803207397,0.5448316812515259,0.5247774466872215,0.510809426009655,0.49282185137271883,0.47014654129743577,0.45069397538900374,0.433979919552803,0.41830959022045133,0.40082056522369386,0.377385351061821,0.36027008593082427,0.33710891753435135,0.32267635464668276,0.30225873589515684,0.28239868879318236,0.2637988910079002,0.24649041667580604,0.2255742959678173,0.20568344220519066,0.19200255796313287,0.16871769353747368,0.1524726517498493,0.13515580520033837,0.11880384311079979,0.10586374215781688,0.09723208546638488,0.0824310515075922,0.0823780655860901,0.0,0.07360455319285393,0.08821553252637386,0.08588028661906719,0.10037712715566158,0.11318156458437442,0.13083352968096734,0.14637957736849785,0.15200721919536592,0.167384821921587,0.18092607483267784,0.19462267756462098,0.2090657137334347,0.22258402183651924,0.2349843993782997,0.24655307307839394,0.26183726638555527,0.27505145967006683,0.2862792357802391,0.2989493817090988,0.31229944080114364,0.3242466151714325,0.3367704406380653,0.3477154105901718,0.3592307060956955,0.3700853630900383,0.38149419128894807,0.3916092664003372,0.4027287483215332,0.4133057281374931,0.42465217411518097,0.43386539071798325,0.4443513974547386,0.4535171344876289,0.4651119366288185,0.47444316148757937,0.4828920364379883,0.495089527964592,0.5035461634397507,0.5119301199913024,0.5227206200361252,0.5326318591833115,0.5426538914442063,0.5520659536123276,0.5616063714027405,0.5711221635341645,0.5808370739221573,0.5928970128297806,0.6041248798370361,0.6161337405443191,0.628669199347496,0.6442287415266037,0.6669621944427491
t_51,1.3895777344703675,1.3884549498558045,1.3894769310951234,1.3879745066165925,1.386946976184845,1.3860978066921235,1.3837210714817048,1.3819532215595245,1.379220676422119,1.3780958950519562,1.3764322876930237,1.3742546439170837,1.3739886462688446,1.3717538714408875,1.3710832476615906,1.3684655904769898,1.3659104645252227,1.3637771904468536,1.362600964307785,1.3602969467639923,1.3577614068984984,1.35737544298172,1.355161154270172,1.3524763941764832,1.3503855407238006,1.3490913152694701,1.3477130770683288,1.3448768258094788,1.342821079492569,1.3414863526821137,1.3389066338539124,1.3373049557209016,1.3347942411899567,1.3326914072036744,1.3300083339214326,1.326880443096161,1.3258133828639984,1.3224806487560272,1.320806622505188,1.3176624715328216,1.3155573070049287,1.311859142780304,1.3087886452674866,1.3071299076080323,1.3027302205562592,1.2994440197944641,1.2956895649433136,1.2923299849033356,1.288503783941269,1.285231101512909,1.2807423651218415,1.276000791788101,1.2716850221157074,1.267516541481018,1.2622921943664551,1.257387673854828,1.2524699449539185,1.2474794447422028,1.2427315056324004,1.2368200242519378,1.2303061842918397,1.2250965356826782,1.2197007954120636,1.2131451427936555,1.2071742177009583,1.2017749488353728,1.1955724596977233,1.1878082275390625,1.1835332274436952,1.17750523686409,1.1713349640369415,1.1622155964374543,1.1563465476036072,1.1504821002483367,1.1423624217510224,1.1345965385437011,1.1276190876960754,1.118528151512146,1.1095046937465667,1.101236766576767,1.093207013607025,1.0847321450710297,1.0731659412384034,1.064606887102127,1.0549563348293305,1.0470449924468994,1.03542959690094,1.025929594039917,1.0143433779478073,1.0027759701013566,0.9928189247846604,0.9808080792427063,0.9690776646137238,0.9574773907661438,0.9443475395441056,0.933197358250618,0.9187723904848099,0.905773040652275,0.8917535901069641,0.8758144617080689,0.8642437338829041,0.8492121696472168,0.8358927220106125,0.8200765669345855,0.8085265040397644,0.7913775503635406,0.7769346833229065,0.7601938337087631,0.7449739813804627,0.7287367165088654,0.7149312764406204,0.6958507895469666,0.6819136440753937,0.6631888002157211,0.6459806621074676,0.6277485877275467,0.6094589471817017,0.5910589545965195,0.5727154970169067,0.5548938810825348,0.5354307532310486,0.5214885234832763,0.5033520460128784,0.48155401051044466,0.4623085200786591,0.4457927539944649,0.42950539290905,0.4124202013015747,0.3895566761493683,0.37259875535964965,0.35019978880882263,0.3350679248571396,0.3155008852481842,0.29611701518297195,0.27757353335618973,0.26030718386173246,0.23883170261979103,0.21923268660902978,0.20398942828178407,0.1831837184727192,0.16745369583368303,0.147770693898201,0.1333721674978733,0.11834040768444538,0.10590039379894733,0.09449075981974601,0.08698557876050472,0.07360455319285393,0.0,0.07917692139744759,0.08435377664864063,0.0922284696251154,0.1009537149220705,0.11895889900624752,0.13371699601411818,0.14013704434037208,0.15481747910380364,0.1674404986202717,0.18131399378180504,0.19543209299445152,0.20947849452495576,0.22272123247385026,0.23363785073161125,0.24927093535661698,0.26289976090192796,0.2729868397116661,0.2856756284832954,0.29964391738176344,0.31204794645309447,0.3246782511472702,0.33595491051673887,0.34714581817388535,0.35769732147455213,0.36948963701725007,0.3799836471676826,0.3910348266363144,0.4016928434371948,0.4134852170944214,0.42281090617179873,0.433706896007061,0.4422138541936874,0.4544667571783066,0.4640524387359619,0.4723015919327736,0.4848042085766792,0.4933606117963791,0.5020547911524773,0.512920367717743,0.5228873401880264,0.5331441193819046,0.5426102548837661,0.552416330575943,0.5622261345386506,0.5720103710889817,0.5844102174043655,0.5956997215747833,0.6079521775245667,0.6205704003572464,0.63644380569458,0.6601071000099182
t_50,1.3926245629787446,1.3915037989616394,1.392518937587738,1.3910173177719116,1.3899867117404938,1.3891234993934631,1.38673477768898,1.384970235824585,1.3822260558605195,1.3810841858386993,1.3794205069541932,1.3772381782531737,1.3769503116607666,1.374683040380478,1.3739905774593353,1.3713553071022033,1.3687666177749633,1.366621768474579,1.3654360175132751,1.3631011724472046,1.3605355501174927,1.360163688659668,1.3579109966754914,1.3552109241485595,1.353126096725464,1.3518317461013794,1.3504144310951234,1.347593754529953,1.3455306231975555,1.3442177295684814,1.3416323959827423,1.3400541961193084,1.337501060962677,1.3354549884796143,1.3327905237674713,1.329686564207077,1.3286545753479004,1.3253595888614655,1.3237073063850402,1.320559275150299,1.3185165762901305,1.3148678302764893,1.3118115603923797,1.3102038562297822,1.3058643579483031,1.30258452296257,1.2988854587078094,1.295599639415741,1.2918336927890777,1.2886244654655457,1.284193331003189,1.2795306742191315,1.2752423226833343,1.2710931718349456,1.2659848928451538,1.2611542761325836,1.256307351589203,1.251297616958618,1.2465513467788696,1.2408448696136474,1.2343363046646119,1.2292601704597472,1.2238409996032715,1.2173886954784394,1.2115517020225526,1.20612331032753,1.1999697804450988,1.1924120962619782,1.1881048679351807,1.1822147846221924,1.1761169672012328,1.1671137928962707,1.1611417412757874,1.1554311990737915,1.1474480509757996,1.1397769331932068,1.1329099595546723,1.124006450176239,1.1150636076927185,1.1067919373512267,1.0988263249397279,1.0902821660041808,1.0790323257446288,1.0704283356666564,1.0609437942504882,1.0532739222049714,1.0415544271469117,1.0323270320892335,1.0207715928554535,1.0096310138702393,0.9994535326957703,0.9879566490650177,0.9763924807310105,0.9644427031278611,0.9518764942884446,0.9410271525382996,0.9267229944467544,0.91395303606987,0.8999824196100235,0.884317284822464,0.8724606901407241,0.8582147359848022,0.8449818164110183,0.828928816318512,0.8175518900156021,0.8011273980140686,0.7870271503925323,0.7705824226140976,0.7554740607738495,0.7393574655056,0.7251869231462479,0.7069607198238372,0.6924020528793335,0.6749780803918839,0.6577024340629578,0.6396064996719361,0.6220521211624146,0.6041853070259094,0.586193522810936,0.5680738836526871,0.5495404213666916,0.5356014013290405,0.5168545842170715,0.4963806360960007,0.4775893986225128,0.4614201709628105,0.4431209996342659,0.4263604924082756,0.40523578226566315,0.3885096535086632,0.3674898102879524,0.3511794820427895,0.333145909011364,0.3136942431330681,0.29527151137590407,0.27753071635961535,0.25663900971412656,0.23741114586591722,0.22014845088124274,0.20226139947772026,0.18616446182131768,0.16757575422525406,0.1525341659784317,0.13998119682073593,0.12280312478542328,0.1117790974676609,0.09492400474846363,0.08821553252637386,0.07917692139744759,0.0,0.08534943461418151,0.08381531201303005,0.10013235919177532,0.10468443892896176,0.11500073187053203,0.13110592514276503,0.14080550372600556,0.15234317779541015,0.16922865360975264,0.1823789171874523,0.19464176818728446,0.20887486711144448,0.21982140168547631,0.23463029712438582,0.24852191060781478,0.25673757046461104,0.27014624923467634,0.28575137108564375,0.2974965661764145,0.3108955353498459,0.322277669608593,0.3335726946592331,0.3436457097530365,0.3548018246889114,0.36693465858697893,0.3773528590798378,0.3882491558790207,0.40106070786714554,0.41042403131723404,0.4214341938495636,0.42861629724502565,0.442662401497364,0.45195572525262834,0.45995535999536513,0.47271065413951874,0.48081629872322085,0.49098644554615023,0.5015359625220299,0.5112375438213348,0.521864116191864,0.5310482740402221,0.5423210918903351,0.5523524880409241,0.5620633453130722,0.5750509679317475,0.5869886368513108,0.5994580268859864,0.6118392139673233,0.6280661791563034,0.6531644284725189
t_49,1.3909206509590148,1.3898467898368836,1.3908555626869201,1.3893937289714813,1.3883970737457276,1.3875759184360503,1.3852659106254577,1.383546805381775,1.3808878898620605,1.3797976553440094,1.3781747043132782,1.3760664880275726,1.3758110463619233,1.3736433267593384,1.3729944109916687,1.3704520106315612,1.3679630398750304,1.3659031331539153,1.3647583782672883,1.3625258684158326,1.3600623190402985,1.3596921265125275,1.3575382471084594,1.354936945438385,1.3529092848300934,1.3516556918621063,1.3503498911857605,1.3475759208202363,1.3455835223197936,1.3442962884902954,1.341783583164215,1.3402396023273468,1.3378204107284546,1.3357574343681335,1.3331495225429535,1.3300915241241456,1.3290636837482452,1.3258067429065705,1.3241877913475038,1.3211272001266479,1.3190811038017274,1.3154630780220031,1.3124870777130127,1.3108570218086242,1.3065693199634552,1.3033587872982024,1.2997034668922425,1.2964033901691436,1.292705774307251,1.289504200220108,1.285114985704422,1.2804905891418457,1.2762711882591247,1.2722092926502229,1.2670854330062866,1.2623348712921143,1.257506102323532,1.25263751745224,1.2480196475982666,1.2422016143798829,1.2358452379703522,1.2307477056980134,1.2254716992378234,1.2190484046936034,1.2132169961929322,1.2079690158367158,1.2019355833530425,1.194298654794693,1.1901513159275054,1.1842527568340302,1.17821564078331,1.1692829489707948,1.163596361875534,1.157842493057251,1.1498824417591096,1.1423015236854552,1.1355002164840697,1.1266030430793763,1.1178096413612366,1.1097104668617248,1.1019105970859528,1.0936829268932342,1.0823184609413148,1.0740330576896668,1.064559519290924,1.0567819714546203,1.045598602294922,1.0362645387649536,1.0249729216098786,1.013709270954132,1.0041170030832292,0.9921836942434311,0.9807934135198593,0.9696853041648865,0.9568115770816803,0.9459310859441757,0.9317502200603485,0.9191090524196625,0.9055562376976013,0.8899729013442993,0.8788659542798996,0.8640562862157821,0.8512244373559952,0.8359341412782669,0.8246887505054474,0.8079045683145523,0.7938194930553436,0.7774370044469834,0.7625484496355057,0.7472014904022217,0.7339136213064194,0.7152575314044952,0.7018503934144974,0.6834420621395111,0.6669171303510666,0.6491585880517959,0.6312830954790115,0.6133588492870331,0.5952736973762512,0.5787661492824554,0.559112298488617,0.5458938926458359,0.5289076119661331,0.5067905798554421,0.48815828114748,0.4722194403409958,0.4574153035879135,0.44048759490251543,0.41789703667163847,0.40129958987236025,0.37911044210195544,0.36534144580364225,0.3455158546566963,0.32621617168188094,0.3079915314912796,0.2912758156657219,0.27132864743471147,0.2509610682725906,0.23668531477451324,0.21442146077752114,0.19823528826236725,0.18044326156377793,0.1627723015844822,0.14690834432840347,0.13461290076375007,0.11770135834813118,0.10520189255475998,0.08588028661906719,0.08435377664864063,0.08534943461418151,0.0,0.0754102423787117,0.08217485062777996,0.09783822558820247,0.1104057937860489,0.10956681445240975,0.12343334518373013,0.13717755451798438,0.14902032241225244,0.1640088751912117,0.17672838568687438,0.18943516463041304,0.20126706585288048,0.21679898351430893,0.22993391379714012,0.2423330545425415,0.25508900433778764,0.2685935735702515,0.2804898157715797,0.2938053637742996,0.3054539874196053,0.3174682050943375,0.3287573426961899,0.34038795381784437,0.35105972141027453,0.36268544793128965,0.3739503562450409,0.38571900576353074,0.3955730706453323,0.40606923699378966,0.4162991106510162,0.4282899469137192,0.43773179948329927,0.4470956400036812,0.4595824286341667,0.46855266839265824,0.4772961184382439,0.48892408460378645,0.49927137792110443,0.5097619250416756,0.5198966830968856,0.5300577849149704,0.5400119245052337,0.550464752316475,0.56293203830719,0.5754224687814713,0.5880141884088517,0.6013865798711777,0.6181514650583267,0.6422835409641265
t_48,1.3923569917678833,1.391270923614502,1.3922698676586152,1.3908066272735595,1.3898081541061402,1.3889788389205933,1.3866527199745178,1.3849359035491944,1.3822644531726838,1.381153666973114,1.3795345783233643,1.377408391237259,1.3771376371383668,1.3749485075473786,1.374287760257721,1.371737039089203,1.3692362785339356,1.3671718537807465,1.366021168231964,1.3637693703174592,1.3613028883934022,1.3609467625617981,1.3587919890880584,1.3561818718910217,1.354160976409912,1.3529102504253387,1.3515749037265778,1.3488212406635285,1.3468230366706848,1.3455429434776307,1.3430437982082366,1.3414994060993195,1.3390565812587738,1.3370400071144104,1.3344401359558105,1.3314142107963562,1.3304112553596497,1.3271790862083435,1.3255687534809113,1.3225120186805726,1.3204900443553924,1.3169201493263245,1.3139401197433471,1.3123497188091278,1.308110809326172,1.304911720752716,1.3012987971305847,1.2980553090572358,1.2943728685379028,1.291220837831497,1.2868583977222443,1.2822772562503815,1.2780849754810333,1.2740420639514922,1.2689849376678466,1.2642538130283356,1.2594857394695282,1.2546244144439698,1.2499980628490448,1.2443317651748658,1.2379888653755189,1.2329871773719787,1.2277204990386963,1.221375960111618,1.2156341254711152,1.2103877723217011,1.2043727934360504,1.1968912482261658,1.1927325308322907,1.1869167983531952,1.1809502065181732,1.1721180379390717,1.1663723945617677,1.1607240915298462,1.1528790771961213,1.1453606486320496,1.1386336266994477,1.1298862397670746,1.1211477994918824,1.1130914509296417,1.105342400074005,1.0971031665802002,1.085998523235321,1.0776861667633058,1.0683978497982025,1.0607553243637085,1.0495434045791625,1.040417492389679,1.0291765868663787,1.018180751800537,1.0084537446498871,0.9969923347234726,0.9857164055109024,0.9744011521339416,0.9618754088878632,0.9512119978666306,0.9372719615697861,0.9247891753911972,0.9112991034984589,0.8959988296031952,0.8847714275121689,0.8704803615808487,0.8577242791652679,0.8424389779567718,0.8312920421361923,0.8150200754404068,0.8011569023132324,0.7850809603929519,0.7704677045345306,0.7550499975681305,0.7416582226753234,0.7235928148031234,0.7098356038331985,0.6923665642738343,0.67583569586277,0.6582914412021637,0.6410054981708526,0.6234329462051391,0.6057090371847152,0.5888936340808868,0.5702409356832504,0.5567861139774323,0.5395794957876205,0.5187759757041931,0.5003467187285423,0.484399251639843,0.4686637416481972,0.4517608255147934,0.4304171919822693,0.4145028546452522,0.3930889070034027,0.3785681530833244,0.35986138731241224,0.3404358983039856,0.322180812060833,0.30488578975200653,0.28550986349582674,0.26564462631940844,0.2505613468587399,0.23006199151277543,0.2124223917722702,0.194476942718029,0.1775789462029934,0.1621291920542717,0.1488342970609665,0.13163960427045823,0.11703476645052432,0.10037712715566158,0.0922284696251154,0.08381531201303005,0.0754102423787117,0.0,0.07902617491781712,0.08145984709262848,0.09223191365599633,0.09912411607801914,0.10889772213995456,0.12224622741341591,0.13607779741287232,0.15107070803642272,0.16216442734003067,0.1745819106698036,0.18647418096661567,0.20281507819890976,0.21571656465530395,0.2260940320789814,0.23930160850286483,0.25429979935288427,0.2660315200686455,0.2796705052256584,0.29075888693332674,0.3034234717488289,0.3144728645682335,0.32598206102848054,0.3373385176062584,0.3488295465707779,0.3601347073912621,0.372769832611084,0.3827437311410904,0.393279156088829,0.40255003422498703,0.4160550460219383,0.425410133600235,0.43438049107789994,0.4473689556121826,0.4561349466443062,0.4658340737223625,0.47736257016658784,0.48760440200567245,0.4985684007406235,0.5083290874958039,0.5195692270994187,0.5298232674598694,0.5402401000261307,0.5533950328826904,0.5659908920526504,0.5789785712957383,0.5923510372638703,0.6094594478607178,0.6349259644746781
t_47,1.3915818810462952,1.3905150294303894,1.3915198206901551,1.3900725066661834,1.3890803575515747,1.3882743120193481,1.3859648406505585,1.384270042181015,1.3816339492797851,1.380547046661377,1.3789461135864258,1.3768518805503844,1.3765997886657715,1.374455553293228,1.37381072640419,1.3712955951690673,1.3688353836536407,1.3667911052703858,1.3656568944454193,1.3634602010250092,1.3610280752182007,1.3606819987297059,1.358566439151764,1.3559996843338014,1.3540047228336334,1.3527688264846802,1.3514790058135986,1.3487664401531219,1.3468109548091889,1.3455359756946563,1.3430904805660249,1.3415717601776123,1.3391923546791076,1.337185788154602,1.3346359193325044,1.3316295921802521,1.330639111995697,1.3274372816085815,1.3258476078510284,1.3228322684764862,1.3208322048187255,1.3172794818878173,1.3143428027629853,1.3127604365348815,1.3085547268390656,1.3054059386253356,1.301801896095276,1.2985749661922454,1.2949374437332153,1.291803240776062,1.287488430738449,1.282938140630722,1.2788122832775115,1.2748192846775055,1.2697819292545318,1.2651010692119598,1.2603663802146912,1.2555915653705596,1.2510559380054473,1.2453502357006072,1.2391131937503814,1.2341224551200867,1.228950697183609,1.2226698875427247,1.2169500291347504,1.2117909491062164,1.205851638317108,1.198369574546814,1.1943134486675262,1.1885230839252472,1.1826276361942292,1.1738741040229796,1.168293195962906,1.162671184539795,1.1548722803592681,1.1474417567253112,1.1407596170902252,1.1320464611053467,1.1234376013278962,1.1155329048633575,1.1078647375106812,1.0998000144958495,1.0887466371059418,1.0806230902671814,1.0713900685310365,1.0637860536575316,1.0528247892856597,1.0437234222888947,1.0326861441135406,1.0216378033161164,1.0122557133436203,1.0007154881954192,0.9895587146282196,0.9786958962678909,0.9660903990268708,0.9554449945688248,0.9417062819004058,0.929382398724556,0.9161794394254684,0.9010736763477325,0.8901739478111267,0.8757411897182464,0.863226592540741,0.8483627706766128,0.8373947590589523,0.8210639536380768,0.8072740584611893,0.7914076775312424,0.7770544290542603,0.7619536072015762,0.7491488724946975,0.7309216290712357,0.7179722309112548,0.6999912142753602,0.6839894115924835,0.6667733490467072,0.6494218051433563,0.6319989860057831,0.6145209312438965,0.5983721554279328,0.579501536488533,0.5664259016513824,0.5500688493251801,0.5288034021854401,0.5106898963451385,0.4950565367937088,0.4807259887456894,0.4641340300440788,0.4423689112067223,0.4264911875128746,0.4047623187303543,0.3913214609026909,0.37203925400972365,0.35339480489492414,0.3353987768292427,0.31906484067440033,0.2989301845431328,0.2790776014328003,0.2645585656166077,0.2434166379272938,0.22745286747813226,0.2078380800783634,0.1928045116364956,0.17456237450242043,0.16160043999552726,0.14484886899590493,0.13101195245981218,0.11318156458437442,0.1009537149220705,0.10013235919177532,0.08217485062777996,0.07902617491781712,0.0,0.08423896729946137,0.09583024233579636,0.08887442760169506,0.10135989710688591,0.11220934838056565,0.12246674448251724,0.1352547064423561,0.14888181462883948,0.16177085489034654,0.17261612862348558,0.18900552541017532,0.20221598967909812,0.21306060254573822,0.22577127516269685,0.2395631454885006,0.2524687461555004,0.26575298607349396,0.27795188426971434,0.2894808128476143,0.30059362202882767,0.3130935117602348,0.3235976368188858,0.33565562814474104,0.34701562374830247,0.35908511430025103,0.36937820017337797,0.38030624836683274,0.3906355619430542,0.40289703011512756,0.4131704792380333,0.42226303964853285,0.4355291038751602,0.4449251592159271,0.4536351040005684,0.4657794937491417,0.4765747934579849,0.4874690279364586,0.4980672553181648,0.5082692369818688,0.5188150525093078,0.5295792013406754,0.5427431225776672,0.5552802115678788,0.5686112701892853,0.5825095862150192,0.6000126034021378,0.6256003439426422
t_46,1.3943705141544342,1.3933126091957093,1.3943035423755645,1.3928624093532562,1.3918778002262115,1.3910563349723817,1.3887663662433625,1.387083685398102,1.3844492197036744,1.383349221944809,1.3817689061164855,1.3796885430812835,1.3794144570827485,1.3772709965705872,1.3766204953193664,1.3741175651550293,1.3716366350650788,1.3696070551872253,1.368472272157669,1.36626535654068,1.3638337075710296,1.363510549068451,1.361388373374939,1.3588277101516724,1.3568514704704284,1.3556281328201294,1.3543181717395782,1.3516403079032897,1.3496848404407502,1.3484581351280212,1.3460107028484345,1.3445087790489196,1.3421228289604188,1.3401527047157287,1.337616515159607,1.33465473651886,1.333666241168976,1.3305126965045928,1.3289431869983672,1.3259278237819672,1.3239809453487397,1.3204711973667145,1.31754469871521,1.316005039215088,1.3118533074855805,1.3087085604667663,1.3051726996898652,1.3020052552223205,1.2984326303005218,1.2953494369983674,1.291086632013321,1.2866038620471953,1.2825047731399537,1.2785393238067626,1.2735984683036805,1.2689771592617034,1.2643220663070678,1.2595316112041473,1.2549968779087066,1.2494811415672302,1.2432552874088287,1.2383791625499725,1.2331986784934998,1.2269951343536376,1.2213839948177339,1.2162217617034912,1.2103210508823394,1.2030260980129241,1.1989346265792846,1.1932666301727295,1.187416785955429,1.1787898004055024,1.1731061398983003,1.167615497112274,1.1599324345588684,1.1525658428668977,1.1460050225257874,1.1374529778957367,1.1289227604866028,1.12098228931427,1.1134482741355896,1.1053268790245057,1.0945349395275117,1.0863744974136353,1.0773093283176423,1.069904726743698,1.0589206337928772,1.0500118017196656,1.03904989361763,1.0283876955509186,1.018777745962143,1.0076884180307388,0.9966706037521362,0.9855115950107575,0.9734261453151702,0.9630919247865677,0.9494167238473892,0.9372863680124283,0.924095505475998,0.9091678142547608,0.8982094705104828,0.8844082742929459,0.871908289194107,0.8569501996040344,0.8460688918828965,0.830356451869011,0.8169847249984741,0.8013294070959092,0.7870500206947326,0.7720757007598877,0.7588799566030502,0.7414891242980957,0.7279522240161895,0.7112304508686066,0.6950620949268341,0.6780056118965149,0.6613911241292953,0.6443549036979676,0.6272327125072479,0.6106691360473633,0.5927860260009765,0.5797494351863861,0.5627454102039338,0.542618277668953,0.5248749196529389,0.509471045434475,0.4935474142432213,0.47734306901693346,0.45669673532247546,0.44107055515050886,0.42048896849155426,0.4060054361820221,0.3879136398434639,0.3691346913576126,0.35159592181444166,0.33469306081533434,0.31536696702241895,0.2962238103151321,0.28014423996210097,0.2610128402709961,0.2446168638765812,0.2246165953576565,0.20987556800246238,0.19386266842484473,0.17778610363602637,0.16176829636096954,0.14745679423213004,0.13083352968096734,0.11895889900624752,0.10468443892896176,0.09783822558820247,0.08145984709262848,0.08423896729946137,0.0,0.07680983282625675,0.08840024508535863,0.09232584200799465,0.10168806426227092,0.11428165808320045,0.12605510354042054,0.1385340318083763,0.149124675989151,0.16061736643314362,0.17642357870936393,0.18858062028884887,0.19802509620785713,0.21165627464652062,0.22659021839499474,0.2386886239051819,0.25258736684918404,0.26420123130083084,0.2764715805649757,0.28738548457622526,0.29925148040056226,0.3115964695811272,0.3224881023168564,0.3344824030995369,0.34748323261737823,0.3579678386449814,0.3687682166695595,0.3778906732797623,0.3921020716428757,0.4012489885091782,0.4108874186873436,0.423789469897747,0.432780884206295,0.44342793226242067,0.45515706986188886,0.4655038923025131,0.4766828894615173,0.4867120862007141,0.49887694269418714,0.509644727408886,0.5202364057302475,0.534096971154213,0.547252967953682,0.5609096348285675,0.5747181296348571,0.5924951702356338,0.6192556768655777
t_45,1.396264338493347,1.3952045798301698,1.396195501089096,1.3947402954101562,1.3937589466571807,1.3929198145866395,1.3906203985214234,1.3889357328414917,1.3862814843654632,1.3851737082004547,1.3835977792739869,1.3815064668655395,1.3812239825725556,1.3790652871131897,1.378406322002411,1.3759046077728272,1.3734084248542786,1.3713896334171296,1.3702525854110719,1.368043702840805,1.365604543685913,1.3652921140193939,1.363165283203125,1.3605932235717773,1.358633029460907,1.3574216604232787,1.35609290599823,1.353447300195694,1.3514799118041991,1.3502761721611023,1.347853285074234,1.3463706493377685,1.3439593970775605,1.342047506570816,1.3395290613174438,1.3365897595882417,1.3356254875659943,1.3325171887874603,1.3309574127197266,1.3279510259628295,1.3260449111461639,1.3225816786289215,1.3196791768074037,1.3181673109531402,1.3140951991081238,1.3109664618968964,1.3074651539325715,1.3043774783611297,1.3008589267730712,1.2978298485279083,1.2936037361621857,1.289190936088562,1.2851365983486176,1.281190860271454,1.2763368964195252,1.271768856048584,1.2671895444393158,1.2624234139919281,1.2579243719577788,1.2525339424610138,1.2463257431983947,1.241538053750992,1.2363814473152162,1.2302704930305481,1.224765807390213,1.2196073412895203,1.2137509286403656,1.2065930247306824,1.2025405645370484,1.1969743430614472,1.1911811470985412,1.18265643119812,1.1769434332847595,1.1715583622455596,1.163990890979767,1.1566973865032195,1.1502025723457336,1.1417819619178773,1.1333284497261047,1.1254535734653472,1.1179571807384492,1.1098502218723296,1.0992624700069427,1.0911246180534362,1.0821809828281403,1.0749328076839446,1.0639271080493926,1.055213075876236,1.0443189859390258,1.0338579297065735,1.024188655614853,1.0134161055088042,1.00252745449543,0.9912643074989319,0.979454830288887,0.9692945569753647,0.9557877391576767,0.94380784034729,0.9306810587644577,0.9159473478794098,0.9049357742071151,0.8915194928646087,0.8791444450616837,0.8641429454088211,0.8534867137670517,0.838112297654152,0.8249469757080078,0.8095967084169388,0.7954118341207504,0.7804824650287628,0.7672253489494324,0.7503005981445312,0.73662289083004,0.7204375773668289,0.7044033437967301,0.6875917881727218,0.6712924599647522,0.654633817076683,0.637777128815651,0.6211602330207825,0.6037940442562103,0.590899047255516,0.5737037062644958,0.5543684631586074,0.536933833360672,0.5216912478208542,0.5049622148275376,0.48916992694139483,0.4691730186343193,0.45392327308654784,0.43400419801473616,0.4191351875662804,0.40179026424884795,0.38322181552648543,0.3659556806087494,0.34873395711183547,0.3298644185066223,0.311098313331604,0.2941766560077667,0.27682429999113084,0.25938964933156966,0.24063544422388078,0.22542950361967087,0.21051444932818414,0.19300969168543816,0.1789047859609127,0.16159551218152046,0.14637957736849785,0.13371699601411818,0.11500073187053203,0.1104057937860489,0.09223191365599633,0.09583024233579636,0.07680983282625675,0.0,0.08796807676553726,0.089539460465312,0.09569628126919269,0.10742585584521294,0.11772513166069984,0.1287653885781765,0.13824288919568062,0.14992351904511453,0.16469670757651328,0.1769696407020092,0.1852944679558277,0.19819044545292855,0.21511074304580688,0.22582331523299218,0.24098956510424613,0.25174389258027075,0.26420350670814513,0.2749712273478508,0.28652794361114503,0.29969555139541626,0.310582323372364,0.32191612720489504,0.33625524640083315,0.3465211853384972,0.3573321133852005,0.3656593531370163,0.3811776727437973,0.3902070239186287,0.3995299756526947,0.4127782642841339,0.4216838091611862,0.433157254755497,0.44484167397022245,0.4549626842141151,0.4665794506669044,0.47639025151729586,0.489412023127079,0.500563757121563,0.5109548509120941,0.5253464102745056,0.5388361901044846,0.552864420413971,0.5664978623390198,0.5846183955669403,0.612592288851738
t_44,1.394893717765808,1.393863207101822,1.3948485374450683,1.3934342086315155,1.3924774050712585,1.3916815936565399,1.3894322335720062,1.387777215242386,1.3852042436599732,1.3841339826583863,1.3825849533081054,1.3805464923381805,1.3802977859973908,1.378212296962738,1.3775887548923493,1.3751279890537262,1.3727185785770417,1.3707520365715027,1.3696353256702423,1.3674913942813873,1.365119218826294,1.3648007214069366,1.3627422988414764,1.3602350533008576,1.3583020567893982,1.3570978939533234,1.3558354794979095,1.353203248977661,1.3512926697731018,1.3500786900520325,1.347707998752594,1.3462245345115662,1.3439066708087921,1.341968721151352,1.33946692943573,1.336551970243454,1.335595041513443,1.3324884235858918,1.330953025817871,1.3280041813850403,1.3260690212249755,1.3226270854473114,1.3197640001773834,1.3182285010814667,1.314164388179779,1.311080312728882,1.3075835943222045,1.304478359222412,1.3009608328342437,1.2979171097278595,1.2937130510807038,1.2892919480800629,1.2852827250957488,1.28139528632164,1.276507419347763,1.2719696581363678,1.2673745512962342,1.2627264857292175,1.25830335021019,1.2527977645397186,1.2467317402362823,1.2418948829174041,1.2368650138378143,1.230757963657379,1.2252429723739624,1.2202438235282898,1.2144821286201477,1.2072404265403747,1.2032995045185089,1.1977155327796936,1.1919925093650818,1.1835041701793672,1.1780911922454833,1.1726550340652466,1.1651037991046906,1.1578998208045959,1.1514452755451203,1.1430137932300568,1.1346921980381013,1.1270190000534057,1.119629555940628,1.1118087410926818,1.1011225283145905,1.0932572305202484,1.0843518257141114,1.0770062923431396,1.0664344072341918,1.0576421201229096,1.046980434656143,1.0363679647445678,1.0272549986839294,1.0161544382572174,1.0053968399763107,0.9948668539524078,0.9827593505382538,0.9725202828645706,0.9592309951782226,0.9473497420549393,0.9346118211746216,0.9200111001729965,0.9095968633890152,0.8957260400056839,0.8836465090513229,0.869376489520073,0.8588238894939423,0.8431405872106552,0.8299355179071426,0.8146590828895569,0.8008337914943695,0.7863953918218612,0.7739942014217377,0.7566270142793655,0.7441220253705978,0.7269333004951477,0.7115667223930359,0.6950636297464371,0.6784410089254379,0.6617723286151886,0.6449847221374512,0.6294528096914291,0.6114521533250808,0.5989652663469315,0.58315409719944,0.5628479361534119,0.545442596077919,0.5304949551820755,0.5165051519870758,0.500803804397583,0.47979903072118757,0.46449905782938006,0.44368495494127275,0.43070457726716993,0.412190717458725,0.39391959756612777,0.3766797840595245,0.3608177497982979,0.3412498578429222,0.3220916956663132,0.30803692936897276,0.2872101917862892,0.27091176956892016,0.2518071487545967,0.2362169660627842,0.21908908635377883,0.2050720877945423,0.18813686817884445,0.1721894085407257,0.15200721919536592,0.14013704434037208,0.13110592514276503,0.10956681445240975,0.09912411607801914,0.08887442760169506,0.08840024508535863,0.08796807676553726,0.0,0.07015670277178288,0.07978080473840236,0.08272869773209095,0.09524022229015827,0.10918966233730316,0.11752106845378876,0.12793835885822774,0.14552986174821853,0.15640837252140044,0.169674601405859,0.18204409554600715,0.1959616370499134,0.2075835257768631,0.22216311618685722,0.23400120437145233,0.24632196202874185,0.2582958027720451,0.2706828013062477,0.2816968962550163,0.29443540424108505,0.30581834018230436,0.31894511729478836,0.32918947339057925,0.3407831683754921,0.35178292244672776,0.36466068774461746,0.37481343150138857,0.3849660962820053,0.3987269774079323,0.4085432901978493,0.4181297764182091,0.4306605339050293,0.44202632158994676,0.4534780248999596,0.464480984210968,0.4756653904914856,0.48685172498226165,0.4982239916920662,0.5122443467378617,0.525719889998436,0.5400755941867829,0.5549026846885681,0.5735438466072083,0.6009978413581848
t_43,1.3963184475898742,1.395285576581955,1.396260130405426,1.394847071170807,1.3938820779323577,1.3930830717086793,1.390839260816574,1.3891810655593873,1.3865988671779632,1.3855232834815978,1.3839769542217255,1.3819383800029754,1.3816807091236114,1.379577249288559,1.37894047498703,1.3764782190322875,1.3740500807762146,1.3720587074756623,1.3709403932094575,1.368769359588623,1.3663823783397675,1.3660619497299193,1.3639935374259948,1.361484307050705,1.3595464825630188,1.3583378851413728,1.3570480465888977,1.3544259250164032,1.3525066137313844,1.3513038516044618,1.3489207208156586,1.3474481761455537,1.3451095461845397,1.3431973874568939,1.3407103419303894,1.3377990126609802,1.3368640065193176,1.3337652862071991,1.3322326779365539,1.3292817175388336,1.3273895859718323,1.3239678978919982,1.3211046516895295,1.3195997595787048,1.3155491411685944,1.3124941885471344,1.3090355098247528,1.3059587061405182,1.3024654507637023,1.299460381269455,1.2952980279922486,1.290920716524124,1.2869351983070374,1.2830752193927766,1.2782399296760558,1.2737401306629181,1.2691891312599182,1.2645378530025482,1.2601316392421722,1.2547226190567016,1.2486781537532807,1.2439401209354402,1.2388969361782074,1.2328499794006347,1.227371197938919,1.2223856627941132,1.2166671276092529,1.2095379114151001,1.205582845211029,1.200067925453186,1.1943914771080018,1.1860001921653747,1.1805446982383727,1.17516228556633,1.1676881611347198,1.1605468273162842,1.1541710555553437,1.1458507359027863,1.1375695526599885,1.1299018561840057,1.1225497782230378,1.1147309958934783,1.1041906297206878,1.0963480472564697,1.0875281274318696,1.080297440290451,1.069748193025589,1.0610802054405213,1.0504794895648957,1.0400949716567993,1.030922183394432,1.0200507313013076,1.009393686056137,0.9987903863191605,0.9869522958993912,0.9768559277057648,0.9636787295341491,0.9519143640995026,0.9393152385950089,0.9248510956764221,0.9143458813428879,0.9008643925189972,0.8889063179492951,0.8746224939823151,0.8641282230615616,0.8488532215356827,0.8358381301164627,0.8206896901130676,0.8070163369178772,0.7927278965711594,0.7803005605936051,0.7633410096168518,0.7505749464035034,0.7341246247291565,0.7188152432441711,0.702406969666481,0.6862171441316605,0.6698152542114257,0.6532148718833923,0.6377092361450195,0.6201289832592011,0.6077294796705246,0.5919049680233002,0.5722624450922013,0.5550876200199127,0.5403207302093506,0.5260562926530838,0.5102073132991791,0.4902199760079384,0.47508110105991364,0.4548605218529701,0.44156139343976974,0.42373822927474974,0.40552931278944016,0.38830486238002776,0.3723876029253006,0.3535988971590996,0.3345983847975731,0.3200277641415596,0.30016872882843015,0.2838232219219208,0.26554574966430666,0.24930221512913703,0.23287403732538223,0.21818401739001275,0.20148297250270844,0.18432642593979837,0.167384821921587,0.15481747910380364,0.14080550372600556,0.12343334518373013,0.10889772213995456,0.10135989710688591,0.09232584200799465,0.089539460465312,0.07015670277178288,0.0,0.07352294139564038,0.07537983134388923,0.08863955847918988,0.0963254801928997,0.10622459352016449,0.11443198285996914,0.13306909576058387,0.14339425638318062,0.15420583486557007,0.16742898151278496,0.18281397148966788,0.19386413246393203,0.20814325660467148,0.21976727470755578,0.2328246772289276,0.24459246695041656,0.256406357884407,0.2684778362512589,0.28065181374549864,0.2929849475622177,0.3063274145126343,0.31686046421527864,0.3281873524188995,0.3383808061480522,0.3526494845747948,0.3625671356916428,0.3727224752306938,0.38662580102682115,0.3961111932992935,0.4065068170428276,0.4190256059169769,0.430449965596199,0.44218689799308775,0.45310904532670976,0.4651861473917961,0.4763455957174301,0.48813159465789796,0.5024356186389923,0.5163873165845871,0.5307664811611176,0.5457913011312485,0.564832791686058,0.5931194841861724
t_42,1.3961201906204224,1.395097655057907,1.3960640966892242,1.3946638405323029,1.393709671497345,1.3929121553897859,1.3906898617744445,1.3890475451946258,1.386486679315567,1.3854166567325592,1.383892786502838,1.3818698525428772,1.381615114212036,1.3795388698577882,1.3789111018180846,1.376482892036438,1.374081516265869,1.3721263825893402,1.371022456884384,1.3688847839832305,1.3665330111980438,1.3662264406681062,1.3641853272914886,1.3617037534713745,1.3597954988479615,1.3586068212985993,1.357339894771576,1.3547506093978883,1.3528557777404786,1.3516706228256226,1.3493264198303223,1.3478731870651246,1.3455653071403504,1.3436908543109893,1.341222447156906,1.3383459329605103,1.3374169707298278,1.3343621611595153,1.3328520953655243,1.329925400018692,1.3280422866344452,1.324649953842163,1.321824210882187,1.3203310310840606,1.3163280725479125,1.3132886052131654,1.309856355190277,1.3068157076835631,1.303359830379486,1.3003800451755523,1.296255499124527,1.2919334828853608,1.2879959344863892,1.2841646909713744,1.279384297132492,1.274941635131836,1.2704449832439422,1.2658405244350432,1.261486977338791,1.2561473727226258,1.2501605868339538,1.2454599380493163,1.2404664278030395,1.2344976007938384,1.2290814101696015,1.224141263961792,1.2184858620166779,1.2114241659641265,1.2075137734413146,1.2020454585552216,1.196408063173294,1.1881056666374206,1.1826905846595763,1.177370899915695,1.169974935054779,1.1629124462604523,1.156589436531067,1.1483551800251006,1.1401847898960114,1.1326022088527679,1.1253522336483002,1.1175884664058686,1.107219797372818,1.0994376242160797,1.0907158315181733,1.0835623264312744,1.0731210350990295,1.0645458579063416,1.0540742814540862,1.0437681376934052,1.0346945524215698,1.0239638268947602,1.0134425699710845,1.0029318124055862,0.991235825419426,0.9812750190496444,0.9682394802570343,0.9566752642393113,0.9441708475351334,0.9299375027418136,0.9195795506238937,0.9062304943799973,0.894395324587822,0.8803002774715424,0.8699276059865951,0.8547921627759933,0.841970095038414,0.8270913660526276,0.8135815799236298,0.7994059652090073,0.7871876507997513,0.7703603118658066,0.7578676789999008,0.7415221750736236,0.7264335364103317,0.7102964371442795,0.694339320063591,0.6781271189451218,0.661830472946167,0.6464820802211761,0.6292142331600189,0.6169510155916214,0.6012430250644684,0.5818529039621353,0.5649793565273284,0.5505123913288117,0.5361294239759445,0.5207269102334976,0.5009650066494942,0.48604507744312286,0.46604189425706866,0.4527996629476547,0.43513866513967514,0.4174228847026825,0.4004624202847481,0.3847403064370155,0.36569268107414243,0.34703610837459564,0.33251599967479706,0.3130913719534874,0.2972020640969276,0.2787788242101669,0.2632037431001663,0.24701198264956475,0.23151126727461815,0.21532414779067038,0.19731408432126046,0.18092607483267784,0.1674404986202717,0.15234317779541015,0.13717755451798438,0.12224622741341591,0.11220934838056565,0.10168806426227092,0.09569628126919269,0.07978080473840236,0.07352294139564038,0.0,0.07428933084011077,0.07790729738771915,0.08462911285459995,0.09734497554600238,0.10378674417734146,0.11769176945090294,0.1302564837038517,0.14040340036153792,0.15426964983344077,0.16816107407212258,0.18018331602215767,0.19462329968810083,0.2065582737326622,0.2190119057893753,0.23040937036275863,0.24208958595991134,0.25508216246962545,0.26697956770658493,0.2792288035154343,0.29316302835941316,0.3034848630428314,0.3155460745096207,0.32537463009357454,0.3399142846465111,0.35006958842277525,0.36015035063028333,0.37443697899580003,0.38412981033325194,0.3947091117501259,0.407423335313797,0.4188922747969627,0.43090360760688784,0.4419989734888077,0.4542307123541832,0.4658128708600998,0.4775036633014679,0.4923230096697807,0.506402587890625,0.5213087022304534,0.536541086435318,0.555905994772911,0.5850731998682022
t_41,1.3970231771469117,1.3960250437259674,1.3969851434230804,1.3955986261367799,1.3946550846099854,1.393880957365036,1.391673731803894,1.390051919221878,1.387516349554062,1.3864594399929047,1.384951639175415,1.382952630519867,1.3827052056789397,1.3806549549102782,1.380041229724884,1.3776282608509063,1.3752525568008422,1.3733097195625306,1.3722107827663421,1.370095783472061,1.3677611768245697,1.3674564421176911,1.3654376566410065,1.3629847943782807,1.3610820174217224,1.359905207157135,1.3586618423461914,1.3560852110385895,1.35420503616333,1.3530132591724395,1.3506871938705445,1.3492378890514374,1.3469678580760955,1.3450913429260254,1.3426461458206176,1.339784288406372,1.338867175579071,1.3358167171478272,1.3343114614486695,1.3314142286777497,1.3295451045036315,1.3261758744716645,1.3233745336532592,1.3218896031379699,1.3179131209850312,1.3149044692516327,1.3115123748779296,1.3084778428077697,1.3050437092781066,1.3020826518535613,1.2979838311672212,1.2936791718006133,1.2897755920886993,1.2859870076179505,1.2812328457832336,1.2768226325511933,1.2723551988601685,1.2678088307380677,1.2634981215000152,1.2581537961959839,1.2522296547889709,1.2475616812705994,1.2426243245601654,1.2366913080215454,1.2313112378120423,1.2264363646507264,1.2208418905735017,1.2137924790382386,1.2099537551403046,1.204530954360962,1.198952668905258,1.1907145261764527,1.1854263603687287,1.1801325142383576,1.1728108763694762,1.1658154845237731,1.1595692932605743,1.151417511701584,1.1433221459388734,1.135827785730362,1.1286756575107575,1.121055918931961,1.1107083797454833,1.1030629754066468,1.0944379925727845,1.0872961282730103,1.0770720064640045,1.068535977602005,1.0582145690917968,1.0479600131511688,1.0391087234020233,1.0283691316843033,1.0179471671581268,1.0077417612075805,0.9960550725460052,0.9861695826053619,0.9732841610908508,0.9618087142705918,0.9495454043149948,0.9354315429925919,0.9253444880247116,0.9119761615991593,0.9003539651632309,0.8865721523761749,0.8763502329587937,0.8612589001655578,0.8485316038131714,0.8337826699018478,0.8204650193452835,0.8066052556037903,0.7947242259979248,0.7779807448387146,0.7658760666847229,0.7494904190301895,0.7347385972738266,0.7187406867742538,0.702892604470253,0.6867941439151763,0.6706528574228287,0.655841875076294,0.6384485244750977,0.6265692561864853,0.6114392399787902,0.5918886542320252,0.575201439857483,0.5609480530023575,0.5475958377122879,0.5322939872741699,0.5123451948165894,0.49767094999551775,0.4776539757847786,0.46512054204940795,0.4473029628396034,0.42989722043275835,0.41313682198524476,0.39788277745246886,0.3794257611036301,0.36067966371774673,0.34645524621009827,0.32671081721782685,0.31104845106601714,0.2927509441971779,0.2771116629242897,0.26016674637794496,0.2454379327595234,0.2293532207608223,0.21301097199320793,0.19462267756462098,0.18131399378180504,0.16922865360975264,0.14902032241225244,0.13607779741287232,0.12246674448251724,0.11428165808320045,0.10742585584521294,0.08272869773209095,0.07537983134388923,0.07428933084011077,0.0,0.07232492938637733,0.07964595481753349,0.08333681598305702,0.0901686917990446,0.10841364040970802,0.11731908991932868,0.129250942915678,0.14090218693017958,0.15426593869924546,0.1656094454228878,0.18024060502648354,0.19272780939936637,0.2047067642211914,0.21670531034469603,0.2292581871151924,0.24131452962756156,0.25374890640378,0.26628985106945036,0.2796979144215584,0.2905436486005783,0.30189050287008284,0.3133395850658417,0.32703784853219986,0.33726509660482407,0.34822161346673963,0.3620530292391777,0.37240313589572904,0.3825132340192795,0.39580146223306656,0.40764051079750063,0.4196788713335991,0.431312857568264,0.4431518390774727,0.454870443046093,0.46709323227405547,0.4817023783922195,0.49621275067329407,0.5112823873758316,0.5271630942821502,0.5470381408929825,0.5762404590845108
t_40,1.3976102828979493,1.396626478433609,1.3975838422775269,1.3962071001529694,1.3952764630317689,1.3945054590702057,1.392316609621048,1.3907179474830627,1.388197410106659,1.3871515274047852,1.3856603860855103,1.3836818516254425,1.383436095714569,1.3814129829406738,1.3808112502098084,1.3784293711185456,1.3760776817798615,1.374171358346939,1.3730843603610992,1.371002870798111,1.3686960637569427,1.3684074878692627,1.366406798362732,1.3639772713184357,1.362109398841858,1.3609472215175629,1.359722775220871,1.3571924090385437,1.3553351700305938,1.3541741073131561,1.3518995344638824,1.350466287136078,1.3482316732406616,1.34637508392334,1.3439676642417908,1.3411363422870637,1.340230256319046,1.3372124671936034,1.3357331335544587,1.3328705132007599,1.33102987408638,1.327700275182724,1.3249301970005036,1.3234625995159148,1.3195335924625398,1.316559189558029,1.313196700811386,1.3102002561092376,1.3068293750286102,1.3038947999477386,1.2998382449150085,1.2955838680267333,1.2917315185070037,1.287965762615204,1.28326273560524,1.2788969993591308,1.274471288919449,1.2699632585048675,1.2656923532485962,1.260405272245407,1.254539954662323,1.2499157428741454,1.245025384426117,1.2391591668128967,1.233851033449173,1.2290150701999665,1.223469740152359,1.2165006160736085,1.2126981437206268,1.2073285579681396,1.2018139719963075,1.1936299622058868,1.1883851408958435,1.1831518292427063,1.175906229019165,1.1689990162849426,1.1628012478351593,1.1547102808952332,1.1467100441455842,1.1392942905426025,1.1322233915328979,1.1246807277202606,1.1144527971744538,1.1068991363048553,1.0983227908611297,1.0913190364837646,1.0811624944210052,1.0727479815483094,1.0625167429447173,1.0523925721645355,1.0436151921749115,1.0330180168151855,1.0227201223373412,1.0126112222671508,1.0010691821575164,0.9913118332624435,0.9785760968923569,0.9672443449497223,0.9551245629787445,0.9411445945501328,0.9311696708202362,0.9179884284734726,0.906498658657074,0.8928576976060867,0.8827765494585037,0.8678985118865967,0.8553571552038193,0.8408208966255188,0.8276724576950073,0.8139700949192047,0.8022125720977783,0.7856991708278656,0.7737746447324753,0.7575673222541809,0.743001201748848,0.7273023396730423,0.7116330653429032,0.6958317637443543,0.6799451142549515,0.6652360320091247,0.6481799185276031,0.6364482790231705,0.6214368283748627,0.6022296041250229,0.5858156263828278,0.5717859774827957,0.5583934128284455,0.5434968918561935,0.5238463521003723,0.5093384757637978,0.4895897701382637,0.47714329063892363,0.45962445586919787,0.44249185770750044,0.42606720626354216,0.4110036686062813,0.3923089146614075,0.3739816650748253,0.35980953127145765,0.34043861031532285,0.3252100974321365,0.3064129039645195,0.29169241040945054,0.27487812638282777,0.25966518074274064,0.24374318793416022,0.22729914262890816,0.2090657137334347,0.19543209299445152,0.1823789171874523,0.1640088751912117,0.15107070803642272,0.1352547064423561,0.12605510354042054,0.11772513166069984,0.09524022229015827,0.08863955847918988,0.07790729738771915,0.07232492938637733,0.0,0.07269378602504731,0.0801532868295908,0.08336042165756226,0.0968682337552309,0.10570071004331112,0.11414108909666539,0.12715087980031967,0.1393551856279373,0.15201970860362052,0.1660222314298153,0.17959191128611565,0.19021811932325364,0.20160797536373137,0.2146420419216156,0.22691928148269652,0.23906298130750656,0.2516582980751991,0.26528412401676177,0.27631245702505114,0.28835390210151673,0.29956696927547455,0.3133553296327591,0.3238996386528015,0.33489385843276975,0.3490803956985474,0.35960954427719116,0.3698938116431236,0.38341931998729706,0.3954672485589981,0.40744939893484117,0.4195086658000946,0.43136888891458514,0.4436006724834442,0.45594292879104614,0.471006466448307,0.48560054749250414,0.5012279555201531,0.5173861294984817,0.5376655757427216,0.5678795665502548
t_39,1.3979269802570342,1.3969474375247954,1.397896909713745,1.3965221464633941,1.3955880761146546,1.3948094367980957,1.3926297307014466,1.391024911403656,1.3885093867778777,1.3874587893486023,1.3859634160995484,1.383988082408905,1.3837378799915314,1.3817100822925568,1.3811049222946168,1.3787331759929657,1.3763861238956452,1.374483460187912,1.3734013974666595,1.3713100910186768,1.3690066576004027,1.3687189161777495,1.3667291045188903,1.3643022358417511,1.362437015771866,1.3612831234931946,1.360057955980301,1.3575354278087617,1.3556762337684631,1.354524689912796,1.3522504150867463,1.3508314132690429,1.3485869467258453,1.3467543840408325,1.344363236427307,1.3415512144565582,1.3406553745269776,1.3376578032970428,1.3361818552017213,1.333326405286789,1.3315135776996612,1.328202587366104,1.325448328256607,1.3239962875843048,1.3201026260852813,1.3171453952789307,1.3138051986694337,1.3108346104621886,1.3074837028980255,1.3045766294002532,1.3005597233772277,1.29634148478508,1.292515939474106,1.2887651026248932,1.2841181218624116,1.2797925353050232,1.2754113316535949,1.2709232807159423,1.266667640209198,1.261467707157135,1.255637788772583,1.2510790824890137,1.2462089657783508,1.2403973460197448,1.2351444363594055,1.2303259313106536,1.224823635816574,1.2179373443126678,1.2141446411609649,1.208839762210846,1.2033824741840362,1.1952877938747406,1.1900286257266999,1.1848591804504394,1.1776868999004364,1.170820939540863,1.1646766126155854,1.1566771268844604,1.148730993270874,1.1413728177547455,1.1343297243118287,1.1268145620822907,1.1167474269866944,1.1092159271240234,1.1007311165332794,1.093807202577591,1.0837061882019043,1.0753859996795654,1.06522017121315,1.055251944065094,1.0464853703975678,1.0360660314559937,1.0258605033159256,1.0157459378242493,1.004381424188614,0.9947221100330352,0.982112804055214,0.9708910435438156,0.9588867872953415,0.9451042801141739,0.9351005643606186,0.9221616595983505,0.9107802510261536,0.8972071588039399,0.8872291594743729,0.872606360912323,0.8601386398077011,0.8457800328731537,0.8327611476182938,0.8192324578762055,0.8075424164533616,0.7912816405296326,0.7792938053607941,0.7634870618581772,0.7491187810897827,0.7335017323493958,0.7181147664785386,0.7025636792182922,0.6867994338274002,0.6723139673471451,0.6554967194795609,0.6438054621219635,0.6290598005056381,0.6101981103420258,0.5940331041812896,0.5801106065511703,0.5668177634477616,0.5517881423234939,0.5328301548957824,0.5186417371034622,0.49920123219490053,0.4868647187948227,0.46976866722106936,0.4527833372354507,0.43627415150403975,0.4212614938616753,0.4032882422208786,0.3850369811058044,0.3710502669215202,0.3519912511110306,0.33667233884334563,0.31915254294872286,0.3036800757050514,0.28720980137586594,0.27250819504261015,0.2563178241252899,0.2392354764044285,0.22258402183651924,0.20947849452495576,0.19464176818728446,0.17672838568687438,0.16216442734003067,0.14888181462883948,0.1385340318083763,0.1287653885781765,0.10918966233730316,0.0963254801928997,0.08462911285459995,0.07964595481753349,0.07269378602504731,0.0,0.07294291146099567,0.0769474484026432,0.08354493118822574,0.09616037458181381,0.10322226919233798,0.11589831039309502,0.1276815641671419,0.1394686721265316,0.15360234677791595,0.16564302369952202,0.17846640273928643,0.18923280611634255,0.20093023180961608,0.21366176158189773,0.22632991895079613,0.23898208290338516,0.2531560391187668,0.26390314400196074,0.27553843408823014,0.286586531996727,0.3014814853668213,0.31205025464296343,0.3225668355822563,0.337370166182518,0.34758454114198684,0.358156806230545,0.3718344897031784,0.3838533028960228,0.3965423464775085,0.40837408751249316,0.42083959132432935,0.4331314295530319,0.4458110690116882,0.4610036626458168,0.4762026906013489,0.4919476121664047,0.5082256376743317,0.5289948761463166,0.5600736290216446
t_38,1.398912751674652,1.3979395151138305,1.3988857865333557,1.3975221931934356,1.396593803167343,1.3958310902118682,1.3936667501926423,1.3920820116996766,1.3895824074745178,1.3885403454303742,1.387063056230545,1.3851124703884126,1.3848613798618317,1.3828642070293427,1.3822623252868653,1.3799190163612365,1.3775899767875672,1.3757215857505798,1.3746485531330108,1.3725944578647613,1.3703244209289551,1.3700413763523103,1.368072694540024,1.3656828939914702,1.3638399481773376,1.3626945912837982,1.3614817202091216,1.359000211954117,1.357157403230667,1.3560174524784088,1.3537743389606476,1.3523639619350434,1.3501450538635253,1.3483251690864564,1.3459513008594512,1.3431586444377899,1.3422647774219514,1.3392971754074097,1.3378401219844818,1.335002988576889,1.3331969380378723,1.3299100756645204,1.3271823167800902,1.3257339239120483,1.3218704104423522,1.3189351975917816,1.3156149446964265,1.3126707315444945,1.3093460202217102,1.3064657330513,1.302471500635147,1.2982838690280913,1.294500744342804,1.2907922089099884,1.2861694395542145,1.2818675756454467,1.2775324285030365,1.273079913854599,1.268870973587036,1.2637151241302491,1.2579326152801513,1.2533931016921998,1.2485733449459075,1.2428062558174133,1.2376048743724823,1.2328322589397431,1.2273646295070648,1.2205264449119568,1.2167807638645172,1.2115086138248443,1.2060916721820831,1.1980700373649598,1.1928791642189025,1.187747323513031,1.1806259095668792,1.1738285303115845,1.1677357852458954,1.159813779592514,1.1519544303417206,1.1446481704711915,1.1376899003982544,1.1302625477313994,1.120291817188263,1.112839013338089,1.1044528365135193,1.097581499814987,1.0876259505748749,1.0793840169906617,1.0693316876888275,1.0594727158546449,1.050807124376297,1.0404926776885985,1.0303904742002488,1.0204239308834075,1.0091659426689148,0.9996212631464004,0.9871436536312104,0.976044163107872,0.9641256600618362,0.9505055546760559,0.9407107472419739,0.9278665900230407,0.9166071772575378,0.903240156173706,0.893367737531662,0.8788728654384613,0.8665763914585114,0.8523650735616684,0.8394811600446701,0.8261522829532624,0.8145925819873809,0.7985498815774917,0.7867590129375458,0.7710677444934845,0.756850865483284,0.7414779454469681,0.7262458175420761,0.7108661979436874,0.6952790051698685,0.6810244143009185,0.6643734067678452,0.6528596550226211,0.6383556306362153,0.6196174770593643,0.6036753475666046,0.5898414045572281,0.5768421620130539,0.5620139896869659,0.5431384593248367,0.5291117310523987,0.509893923997879,0.4978426516056061,0.4807927206158638,0.4639748752117157,0.44777380526065824,0.43285949230194093,0.41522237062454226,0.3973049148917198,0.3834827423095703,0.36427478194236756,0.3489275187253952,0.3314824789762497,0.3160867035388947,0.29987036883831025,0.2855346828699112,0.26902162879705427,0.25324887335300444,0.2349843993782997,0.22272123247385026,0.20887486711144448,0.18943516463041304,0.1745819106698036,0.16177085489034654,0.149124675989151,0.13824288919568062,0.11752106845378876,0.10622459352016449,0.09734497554600238,0.08333681598305702,0.0801532868295908,0.07294291146099567,0.0,0.07165027782320976,0.07981190383434296,0.08480746410787106,0.09591754674911498,0.10537898316979408,0.1172057542949915,0.12584064900875092,0.14180265069007875,0.15233130678534507,0.1654466599225998,0.1779529832303524,0.18975752964615822,0.20130294933915138,0.21498758420348169,0.22681107744574547,0.24150674641132355,0.25220528468489645,0.2632674366235733,0.2755196288228035,0.2901748403906822,0.30013866573572157,0.31162218898534777,0.3262065932154655,0.33654304295778276,0.34736507683992385,0.36135582625865936,0.37333543598651886,0.3861820355057716,0.39813145995140076,0.4109214603900909,0.4234282523393631,0.43613123893737793,0.45163111537694933,0.46717471778392794,0.4832718461751938,0.49991346299648287,0.5210165321826935,0.5525079220533371
t_37,1.399733877182007,1.3987687170505523,1.3997147858142853,1.3983574628829956,1.3974357068538665,1.3966766357421876,1.3945264995098114,1.3929502665996552,1.3904624044895173,1.3894285559654236,1.387959325313568,1.3860135138034821,1.3857722640037538,1.3837710559368133,1.3831774175167084,1.3808358788490296,1.3785220742225648,1.376646000146866,1.3755731165409089,1.373515433073044,1.371249145269394,1.3709723055362701,1.3690069437026977,1.3666182994842528,1.3647769808769226,1.3636379718780518,1.3624305963516234,1.3599378883838653,1.3580992341041564,1.3569602489471435,1.3547269225120544,1.3533209443092347,1.3511051118373871,1.3492962062358855,1.3469302356243134,1.3441441774368286,1.3432634890079498,1.3403015732765198,1.338840389251709,1.3360130667686463,1.3342146217823028,1.3309337377548218,1.328206193447113,1.3267768919467926,1.3229339957237243,1.32000892162323,1.3167042434215546,1.313777542114258,1.3104574024677276,1.3075781166553497,1.3036027312278748,1.2994322717189788,1.2956681370735168,1.2919650554656983,1.287370252609253,1.283091551065445,1.2787681221961975,1.274347859621048,1.2701740562915802,1.2650405704975127,1.259286892414093,1.2547797977924346,1.2499888777732848,1.2442573070526124,1.239083868265152,1.2343328058719636,1.2289044916629792,1.2221074640750884,1.2183892369270324,1.21315336227417,1.2077639937400817,1.1997961103916168,1.1946365177631377,1.1895550787448883,1.182484358549118,1.175717931985855,1.1696843922138214,1.161813622713089,1.154012429714203,1.1467723727226258,1.139862596988678,1.132480078935623,1.1225779235363007,1.1151889264583588,1.1068547129631043,1.1000470221042633,1.09016010761261,1.0819876849651338,1.0720044732093812,1.062215805053711,1.0536307632923125,1.0434120535850524,1.0333905786275863,1.0235032528638839,1.0123019218444824,1.0028345316648484,0.9904752045869827,0.9794661402702332,0.9677313923835754,0.9542085498571395,0.9444735556840896,0.9317389488220215,0.9205944150686264,0.9073647052049637,0.8975759714841842,0.8832339227199555,0.8710674107074737,0.8570096790790558,0.8442812383174896,0.8310533881187439,0.8196679383516312,0.8037536680698395,0.7920971304178238,0.7765351295471191,0.7625119239091873,0.7473663330078125,0.7322639346122741,0.7170626580715179,0.7016343474388123,0.6874868303537369,0.6710906833410263,0.6596911638975144,0.6453518003225327,0.6269166857004166,0.611087542772293,0.5974611014127731,0.5846576511859893,0.5700288593769074,0.5513523161411286,0.5375113397836685,0.5185158580541611,0.5065712168812752,0.48973017930984497,0.47314431965351106,0.4571503609418869,0.4423528477549553,0.4247666448354721,0.4070303812623024,0.39336642920970916,0.37473696619272234,0.35939974784851075,0.34199450463056563,0.32687327861785886,0.31076057255268097,0.2964885622262955,0.28047104775905607,0.26419153064489365,0.24655307307839394,0.23363785073161125,0.21982140168547631,0.20126706585288048,0.18647418096661567,0.17261612862348558,0.16061736643314362,0.14992351904511453,0.12793835885822774,0.11443198285996914,0.10378674417734146,0.0901686917990446,0.08336042165756226,0.0769474484026432,0.07165027782320976,0.0,0.07800317890942096,0.07574014253914356,0.0862488154321909,0.09454431161284446,0.10789631120860577,0.11510367915034295,0.12987792864441872,0.1406795598566532,0.15265265330672265,0.16471636220812796,0.17652999982237816,0.18861400410532952,0.2017361119389534,0.21416853740811348,0.2286950834095478,0.23961339741945267,0.2511113233864307,0.26272011250257493,0.2776507899165154,0.288063308596611,0.29913210272789004,0.3143297493457794,0.325026860833168,0.3355969935655594,0.34997089207172394,0.3621493265032768,0.37508299946784973,0.3873247653245926,0.4000212326645851,0.41286282539367675,0.4257826328277588,0.4416264846920967,0.4571965903043747,0.47366351932287215,0.49060394018888476,0.5121065139770508,0.5444210141897201
t_36,1.3998810708522798,1.3989322423934936,1.3998725891113282,1.3985245406627655,1.3976117432117463,1.3968595147132874,1.394730281829834,1.393169754743576,1.3907024562358856,1.3896735608577728,1.3882169842720031,1.3862883269786834,1.3860376715660094,1.3840558111667634,1.383471417427063,1.3811548054218292,1.3788582265377045,1.3770044565200805,1.3759483873844147,1.3739107191562652,1.3716692209243775,1.3713977336883545,1.3694505453109742,1.3670783400535584,1.3652550816535949,1.364125633239746,1.362940376996994,1.3604748964309692,1.3586480557918548,1.3575306236743927,1.355316960811615,1.3539359629154206,1.3517431497573853,1.3499523162841798,1.3476072251796722,1.3448531568050384,1.3439819872379304,1.3410425186157227,1.3396062672138214,1.3368183016777038,1.3350436687469482,1.3318021535873412,1.329112893342972,1.327687132358551,1.3238891005516051,1.3209912359714509,1.3177271962165833,1.314823281764984,1.3115497350692749,1.3087021291255951,1.3047680497169494,1.3006422460079192,1.2969201505184174,1.2932475805282593,1.2887003540992736,1.2844748497009277,1.280199444293976,1.2758127093315124,1.2716652631759644,1.2666029036045074,1.2609058916568756,1.2564403891563416,1.2516940593719483,1.2460215270519257,1.2408987700939178,1.2361956775188445,1.230839616060257,1.2241223871707916,1.2204173266887666,1.2152381420135498,1.2099128186702728,1.2020224452018737,1.1969119548797607,1.1918630480766297,1.184872317314148,1.1782016634941102,1.1722279250621797,1.1644488394260406,1.1567239999771117,1.1495502650737763,1.1427370190620423,1.1354336798191071,1.1256414771080017,1.1183322489261627,1.1100915729999543,1.103358232975006,1.0935815036296845,1.0854909121990204,1.0756476998329163,1.0659737586975098,1.0574606359004974,1.0473491489887237,1.0374548733234406,1.0276829451322556,1.0166444838047028,1.0073154270648956,0.9950443178415298,0.9841967612504959,0.9725420922040939,0.9592237532138824,0.9496235519647598,0.9370582550764084,0.9260111093521118,0.9129526078701019,0.9032677561044693,0.8891030222177505,0.877114599943161,0.8632377535104752,0.8506612986326217,0.8376697391271591,0.8264149606227875,0.8107022732496262,0.7992649286985397,0.7838859409093857,0.7700570225715637,0.7550673604011535,0.7402803003787994,0.7252874583005905,0.7101093769073487,0.6961818784475327,0.6800216257572174,0.6688480138778686,0.6546926140785218,0.6364094465970993,0.620938903093338,0.6076025992631913,0.5948515892028808,0.5805335342884064,0.5622256517410278,0.5484903752803802,0.5297766834497452,0.5180253088474274,0.5014095678925514,0.48514178246259687,0.46934145838022234,0.4550712496042252,0.43753954470157624,0.42010321468114853,0.4066294267773628,0.3879678204655647,0.3734981670975685,0.35622249245643617,0.3414380311965942,0.3255844175815582,0.31092848926782607,0.29510418623685836,0.2790681153535843,0.26183726638555527,0.24927093535661698,0.23463029712438582,0.21679898351430893,0.20281507819890976,0.18900552541017532,0.17642357870936393,0.16469670757651328,0.14552986174821853,0.13306909576058387,0.11769176945090294,0.10841364040970802,0.0968682337552309,0.08354493118822574,0.07981190383434296,0.07800317890942096,0.0,0.07762396968901157,0.08245600387454033,0.08963924646377563,0.09538633599877358,0.10611160583794117,0.11831958889961243,0.12821104899048805,0.14135681316256524,0.15258271545171737,0.162940376996994,0.17555236592888832,0.1883043237030506,0.20091055631637572,0.21534453332424164,0.2254393331706524,0.23837101683020592,0.24969444498419763,0.26456144005060195,0.2749433696269989,0.2864470660686493,0.30169629901647566,0.31203392893075943,0.32321917712688447,0.3371382862329483,0.34979256689548494,0.36299147754907607,0.37535941153764724,0.38837791681289674,0.4012717977166176,0.414499269425869,0.43066598623991015,0.44665865749120715,0.463416200876236,0.4807129979133606,0.5026860430836677,0.5357002407312393
t_35,1.4003469407558442,1.3994166493415832,1.4003518879413606,1.3990111708641053,1.3981126129627228,1.397371870279312,1.3952660620212556,1.393726372718811,1.3912905216217042,1.3902748465538024,1.3888384640216827,1.3869260430336,1.3866855919361114,1.3847456216812133,1.3841649353504182,1.3818725645542145,1.3796035766601562,1.3777789235115052,1.3767230033874511,1.374711036682129,1.372498905658722,1.3722407221794128,1.3703130662441254,1.3679748177528381,1.366176688671112,1.3650610327720643,1.3638969779014587,1.3614679217338561,1.3596620380878448,1.3585668981075287,1.356384289264679,1.3550221920013428,1.3528579711914062,1.3510882198810577,1.348780918121338,1.3460624456405639,1.3452067494392395,1.3422967851161958,1.3408814072608948,1.3381164431571961,1.3363696813583374,1.3331661999225617,1.3305073022842406,1.329094612598419,1.3253352224826813,1.3224674880504608,1.319229280948639,1.3163463771343231,1.313122296333313,1.31030632853508,1.306400442123413,1.3023075342178345,1.2986124277114868,1.2949694037437438,1.2904681861400604,1.286292690038681,1.28205908536911,1.2777057945728303,1.2736025035381318,1.2685831606388092,1.2629440128803253,1.2585344672203065,1.2538265764713288,1.2482173264026641,1.2431625247001648,1.2385059952735902,1.2332207441329956,1.2265412271022798,1.2229062080383302,1.2177776575088501,1.2125033259391784,1.2046884179115296,1.1996302843093871,1.1946446478366852,1.187727653980255,1.181110143661499,1.1752030670642852,1.1674952745437621,1.1598683953285218,1.1527596592903138,1.1460238695144653,1.1387957811355591,1.1290902733802795,1.1218669176101685,1.113692396879196,1.1070402801036834,1.097389817237854,1.08936767578125,1.0796268343925477,1.0700509309768678,1.0616438448429109,1.0515962541103363,1.0418050229549407,1.032154557108879,1.021225529909134,1.011988714337349,0.9998241364955902,0.9890782296657562,0.9775882989168168,0.9643483251333237,0.954937070608139,0.9424678385257721,0.9315656304359436,0.9186517834663391,0.909086936712265,0.895072665810585,0.8832347422838212,0.8694735020399094,0.8570589184761047,0.8442586630582809,0.8331108033657074,0.817612674832344,0.806269857287407,0.7911170840263366,0.7774522453546524,0.762683042883873,0.7480296820402146,0.7332127451896667,0.7181949406862259,0.704518610239029,0.6884990364313126,0.6775176882743835,0.6635746955871582,0.6454434424638749,0.6301768690347671,0.6170367568731308,0.6045023590326309,0.5903996735811233,0.572177967429161,0.5586854726076126,0.540185809135437,0.5287094652652741,0.5122420698404312,0.49608064293861387,0.4806492865085602,0.4664395049214363,0.4493245601654053,0.432009157538414,0.41874015480279925,0.40036325752735136,0.3857797831296921,0.3685796484351158,0.3539750397205353,0.3383274406194687,0.3240980952978134,0.30825167149305344,0.29237474501132965,0.27505145967006683,0.26289976090192796,0.24852191060781478,0.22993391379714012,0.21571656465530395,0.20221598967909812,0.18858062028884887,0.1769696407020092,0.15640837252140044,0.14339425638318062,0.1302564837038517,0.11731908991932868,0.10570071004331112,0.09616037458181381,0.08480746410787106,0.07574014253914356,0.07762396968901157,0.0,0.07821836806833744,0.08340742215514182,0.08850547336041928,0.08984195701777935,0.1071363065391779,0.1166942298412323,0.12795432582497596,0.14036417454481126,0.14961451888084412,0.16197491213679313,0.17482564672827722,0.18698010444641114,0.20245846062898637,0.21275588721036912,0.2240457333624363,0.23672763630747795,0.251504673063755,0.26097945868968964,0.2733634114265442,0.2882821634411812,0.2989368438720703,0.3103688403964043,0.3248744934797287,0.33733546584844587,0.3504756137728691,0.3630989894270897,0.3766468524932861,0.3897459492087364,0.4030986770987511,0.4195107012987137,0.43600370585918424,0.4531767100095749,0.47086504101753235,0.493269681930542,0.5267925024032593
t_34,1.401998895406723,1.4010645866394043,1.4019956588745117,1.4006367087364198,1.399729359149933,1.398963415622711,1.3968248188495636,1.3952649652957916,1.3927924752235412,1.3917592525482179,1.390310126543045,1.3883771777153016,1.3881231486797332,1.3861375272274017,1.3855307400226593,1.3832131028175354,1.3809001326560975,1.379044133424759,1.377972847223282,1.375911808013916,1.373646652698517,1.373371386528015,1.3714147567749024,1.3690256357192994,1.3672142446041107,1.3660791277885438,1.3648533821105957,1.3624190866947175,1.3605804324150086,1.359475463628769,1.357269537448883,1.3559069752693176,1.3536856114864348,1.3519475281238555,1.349632102251053,1.3468896269798278,1.3460372388362885,1.343134242296219,1.34171005487442,1.3389191806316376,1.3371919870376587,1.3340060234069824,1.3313241302967072,1.3299408495426177,1.3261927843093873,1.3233255326747895,1.3201017737388612,1.3172569751739502,1.314023780822754,1.3112367808818817,1.3073670566082,1.3033020913600921,1.2996114075183869,1.2959571361541748,1.2915038585662841,1.2873216986656189,1.2831225872039795,1.2787587344646454,1.2746242880821228,1.2697184264659882,1.2640570402145386,1.2597168207168579,1.2549828827381133,1.2494212687015533,1.244404286146164,1.2397081017494203,1.2344011664390564,1.2278483152389525,1.2241648495197297,1.2190943002700805,1.2138401329517365,1.2060916304588318,1.2009478867053986,1.19601611495018,1.1891635537147522,1.1825928390026093,1.176727032661438,1.1690947830677032,1.1614817440509797,1.15438192486763,1.1476401448249818,1.1403659999370575,1.130842787027359,1.123578703403473,1.1154974102973938,1.1089595913887025,1.0992072224617004,1.09133780002594,1.0815764844417572,1.072192645072937,1.0636334121227264,1.0539190292358398,1.0441729784011842,1.0343235194683076,1.0236725032329559,1.0145700097084045,1.0025324553251267,0.991898825764656,0.9804430395364762,0.9673843860626221,0.9577211201190948,0.9456926137208939,0.9348333775997162,0.9217933297157288,0.9122692346572876,0.8986603379249573,0.8869381487369538,0.8733666926622391,0.8610722482204437,0.8482115268707275,0.8369421631097793,0.8218411952257156,0.8102695047855377,0.7957067608833313,0.7820306122303009,0.7673313409090042,0.7530398845672608,0.7385168045759201,0.7237191259860992,0.7098159223794938,0.6943595975637435,0.6832258045673371,0.6690819948911667,0.6518167108297348,0.6367205291986465,0.6235943466424942,0.6103702157735824,0.596351557970047,0.579059162735939,0.5657320529222488,0.5478684395551682,0.5358527064323425,0.5201688349246979,0.5042261600494384,0.4887820690870285,0.4744665414094925,0.45752362310886385,0.4407185733318329,0.4266419842839241,0.40957884341478346,0.3951609835028648,0.37796157598495483,0.36391827911138536,0.3484124541282654,0.3333169251680374,0.3185926228761673,0.30214683562517164,0.2862792357802391,0.2729868397116661,0.25673757046461104,0.2423330545425415,0.2260940320789814,0.21306060254573822,0.19802509620785713,0.1852944679558277,0.169674601405859,0.15420583486557007,0.14040340036153792,0.129250942915678,0.11414108909666539,0.10322226919233798,0.09591754674911498,0.0862488154321909,0.08245600387454033,0.07821836806833744,0.0,0.07289600446820259,0.07802405692636967,0.08674975521862507,0.09959593154489994,0.1105246115475893,0.11956699341535568,0.12638413049280645,0.137088855355978,0.1513325661420822,0.16229551285505295,0.17550521343946457,0.19105123803019525,0.20199964046478272,0.21374480575323104,0.22366721257567407,0.24054756984114647,0.25101218968629835,0.2618370771408081,0.2774975776672363,0.28753753304481505,0.30003551095724107,0.31424046903848646,0.32676647007465365,0.3403011426329613,0.3527013286948204,0.3670617759227753,0.380585053563118,0.3939733490347862,0.4110729143023491,0.4274916246533394,0.44485030621290206,0.4624273344874382,0.4852309629321098,0.5206226021051407
t_33,1.402202832698822,1.4012696981430053,1.4022039592266082,1.4008541703224182,1.3999477922916412,1.3991868913173675,1.3970627427101134,1.395519143342972,1.3930706918239593,1.3920391142368316,1.3906001627445221,1.388676357269287,1.388431054353714,1.3864626169204712,1.3858682513237,1.3835703313350678,1.3812656283378602,1.3794304072856902,1.3783712804317474,1.3763350129127503,1.374084186553955,1.3738184690475463,1.3718829214572907,1.369523686170578,1.3677323162555695,1.366614544391632,1.3654042184352875,1.3629970252513885,1.3611660838127135,1.360073494911194,1.3578904151916504,1.3565345644950866,1.3543406903743744,1.352612054347992,1.3503158807754516,1.347590982913971,1.346747750043869,1.3438551008701325,1.34244304895401,1.3396711885929107,1.3379568874835968,1.3347946226596832,1.3321236073970795,1.330747765302658,1.327033931016922,1.3241878032684327,1.3209804236888885,1.3181643724441527,1.3149633407592773,1.312193101644516,1.3083522260189056,1.3043052136898041,1.3006560027599334,1.2970213770866394,1.2926055192947388,1.2884457230567932,1.2842922985553742,1.2799658060073853,1.2758638918399812,1.2709911584854126,1.2653796434402467,1.2610743403434754,1.2563730299472808,1.250847625732422,1.2458781242370605,1.24122753739357,1.2359566152095796,1.229463118314743,1.2258235692977906,1.2207960486412048,1.2155969619750977,1.2078963458538055,1.2028184354305267,1.1979295253753661,1.1911585211753846,1.1846368789672852,1.1788222908973693,1.1712603211402892,1.1637200832366943,1.1567095577716828,1.150013267993927,1.1428113222122191,1.133403831720352,1.1262132287025453,1.1181980788707733,1.1117370128631592,1.102105152606964,1.0943102180957793,1.0846899211406709,1.0753553748130797,1.0669291138648986,1.057303386926651,1.0476631700992585,1.0379444479942321,1.0273541420698167,1.0183342516422271,1.0064658880233766,0.9959558337926865,0.9846447885036469,0.9717179119586945,0.9621888369321823,0.9502247780561447,0.9395116627216339,0.9266685664653778,0.9172906160354615,0.9037461400032043,0.8921299457550049,0.8787757247686386,0.8666244685649872,0.8538818985223771,0.8428434133529663,0.8278442561626435,0.8165064781904221,0.8019860565662384,0.7885635644197464,0.7740726262331009,0.7598872542381286,0.7455144315958023,0.7309322834014893,0.7172562599182128,0.7019821643829346,0.6910199701786042,0.6771029204130172,0.660083782672882,0.6451681435108185,0.6322491496801377,0.6193329781293869,0.6055574864149094,0.5883337795734406,0.5753370136022568,0.5576112747192383,0.545859295129776,0.5303250074386596,0.5146447047591209,0.49945780634880066,0.48526451289653777,0.4684923991560936,0.4518059462308884,0.4381268948316574,0.42138922661542894,0.4067878097295761,0.3898672014474869,0.37614725083112716,0.3607361301779747,0.3459004446864128,0.3315183326601982,0.31498092263936994,0.2989493817090988,0.2856756284832954,0.27014624923467634,0.25508900433778764,0.23930160850286483,0.22577127516269685,0.21165627464652062,0.19819044545292855,0.18204409554600715,0.16742898151278496,0.15426964983344077,0.14090218693017958,0.12715087980031967,0.11589831039309502,0.10537898316979408,0.09454431161284446,0.08963924646377563,0.08340742215514182,0.07289600446820259,0.0,0.0779908325523138,0.08050810769200326,0.08691357932984829,0.10001291520893574,0.10583658255636692,0.11506600081920623,0.12674908712506294,0.13871233239769937,0.15074817091226578,0.16160264983773232,0.17864592075347902,0.18953070044517517,0.2007923722267151,0.21072450280189514,0.22796324640512466,0.2386686086654663,0.2492064468562603,0.26506973803043365,0.2758491635322571,0.28806683123111726,0.3029118850827217,0.31531978249549864,0.32887003719806673,0.34174070209264756,0.35597117245197296,0.36989144831895826,0.38333673030138016,0.40066893100738527,0.4172969877719879,0.4352366030216217,0.4530067786574364,0.47629005610942843,0.5126397281885147
t_32,1.401456707715988,1.400546419620514,1.4014811098575592,1.4001569032669068,1.3992738127708435,1.398547101020813,1.396472942829132,1.3949581980705261,1.39256551861763,1.3915671765804292,1.390155130624771,1.3882806837558745,1.388046646118164,1.3861458778381348,1.3855748414993285,1.3833340942859649,1.3810969471931458,1.3793191850185393,1.3782807350158692,1.376308411359787,1.3741209387779236,1.373859453201294,1.3719775140285493,1.3696818709373475,1.3679224967956543,1.3668246805667876,1.3656743347644806,1.3632891714572906,1.3615057289600372,1.3604353427886964,1.3583013713359833,1.3569625079631806,1.3548352658748626,1.3531073749065399,1.3508453905582427,1.3481670796871186,1.3473215520381927,1.344464075565338,1.3430682063102721,1.3403354704380035,1.338620561361313,1.3354762256145478,1.3328455209732055,1.3314716875553132,1.3277745604515077,1.3249627888202666,1.3217830240726471,1.3189694166183472,1.3157935678958892,1.3130281388759613,1.309215348958969,1.305197960138321,1.3015792191028595,1.2979970514774322,1.2935856699943542,1.28948432803154,1.2853470265865325,1.2810847103595733,1.2770524084568025,1.2721603512763977,1.2666197896003724,1.2623280882835388,1.2577134668827057,1.2522219836711883,1.2472620844841003,1.242692482471466,1.237506878376007,1.231014907360077,1.2274250090122223,1.2224324285984038,1.217264050245285,1.2096334934234618,1.2046780288219452,1.1998086094856262,1.1930567622184753,1.186607265472412,1.1808467090129853,1.1733321368694305,1.1658892154693603,1.158978933095932,1.1523880004882812,1.1453543782234192,1.1359326541423798,1.1288785934448242,1.120957189798355,1.1144475519657135,1.1050506711006165,1.0972584724426269,1.087783432006836,1.0784699976444245,1.070285576581955,1.0605830252170563,1.051058030128479,1.04166898727417,1.0310475677251816,1.0221113801002502,1.010331818461418,0.9999065518379211,0.988801720738411,0.976013308763504,0.9668269008398056,0.9548039346933365,0.9442364543676376,0.9317599624395371,0.9224519670009613,0.9089240968227387,0.8974390000104904,0.8841660588979721,0.872232872247696,0.8598226279020309,0.8491484612226486,0.8341325014829636,0.8232722759246827,0.8086246907711029,0.7954790323972702,0.781185632944107,0.7671252846717834,0.7528286516666413,0.7384256720542908,0.7252454489469529,0.7099001049995423,0.6992243021726608,0.6859048217535019,0.6685667544603348,0.6538711875677109,0.64119873046875,0.6292217016220093,0.6156027615070343,0.5982637673616409,0.5853558242321014,0.5675207644701004,0.5564906358718872,0.5407042652368546,0.5252791613340377,0.5103383436799049,0.496804279088974,0.48020047396421434,0.46360636651515963,0.4505839481949806,0.4331125244498253,0.41931932270526884,0.4024615615606308,0.38880241215229033,0.3731908932328224,0.3590456798672676,0.34436464458703997,0.32906604260206224,0.31229944080114364,0.29964391738176344,0.28575137108564375,0.2685935735702515,0.25429979935288427,0.2395631454885006,0.22659021839499474,0.21511074304580688,0.1959616370499134,0.18281397148966788,0.16816107407212258,0.15426593869924546,0.1393551856279373,0.1276815641671419,0.1172057542949915,0.10789631120860577,0.09538633599877358,0.08850547336041928,0.07802405692636967,0.0779908325523138,0.0,0.07326579503715039,0.08002229034900665,0.09161523319780826,0.09711044281721115,0.1008012406527996,0.11368648298084735,0.1252319160848856,0.13527810275554658,0.14898314774036409,0.16274861246347427,0.1743263326585293,0.18557719364762307,0.19853961393237113,0.21273352652788163,0.22333627119660376,0.23578984290361404,0.25058410689234734,0.2618999004364014,0.2734107717871666,0.2884960576891899,0.30193070471286776,0.3151634708046913,0.3287574782967567,0.3422629550099373,0.35617672801017763,0.37033083736896516,0.38754416108131406,0.40450931787490846,0.4226569890975952,0.4415274322032928,0.4652941420674324,0.5014095306396484
t_31,1.4026855945587158,1.4017874896526337,1.4027146577835083,1.4013886749744415,1.4005057156085967,1.3997761011123657,1.3976989388465881,1.396191531419754,1.3937902808189393,1.3927872717380523,1.3913736402988435,1.389509528875351,1.38927965760231,1.3873700976371766,1.386798655986786,1.3845724999904632,1.3823399901390077,1.380564308166504,1.3795367300510406,1.3775630831718444,1.375388604402542,1.3751391470432281,1.3732554852962493,1.3709546267986297,1.3692014992237092,1.368119615316391,1.3669751107692718,1.3646233141422273,1.362856376171112,1.3618009448051454,1.3596913874149323,1.3583669424057008,1.3562550723552704,1.3545516908168793,1.3523227989673614,1.3496699213981629,1.3488340079784393,1.3460175693035126,1.3446446478366851,1.341928243637085,1.3402480244636537,1.3371317982673645,1.3345267236232758,1.333167064189911,1.3295094907283782,1.3267189919948579,1.3235775172710418,1.3207901179790498,1.3176510334014893,1.314913010597229,1.3111339211463928,1.307159662246704,1.3035794138908385,1.3000191628932953,1.2956708312034606,1.291599589586258,1.2875088155269623,1.2832715690135956,1.2792706727981566,1.2744560718536377,1.2689446210861206,1.264686393737793,1.260108506679535,1.2546725392341613,1.2497755944728852,1.24523024559021,1.2400866329669953,1.2336486458778382,1.2301028788089752,1.2251563906669616,1.2200388073921205,1.2124765276908875,1.2075397849082947,1.2027251482009889,1.196053957939148,1.1896508812904358,1.1839489817619324,1.1765043795108796,1.1691225588321685,1.1622430503368377,1.1557133316993713,1.1487089455127717,1.1393848776817321,1.132376492023468,1.1244968712329864,1.1181005716323853,1.1087640702724457,1.1010507106781007,1.091649854183197,1.082462692260742,1.0742872178554534,1.0647270441055299,1.0552858769893647,1.0459079623222352,1.0354471683502198,1.0266102850437164,1.014897632598877,1.0046081066131591,0.9935559898614883,0.9808528631925583,0.9717343747615814,0.9598483324050904,0.9494150429964066,0.9369509845972062,0.9278182297945022,0.9144166141748429,0.9030507236719132,0.8899499475955963,0.8780567467212677,0.8657709121704101,0.8550989329814911,0.8403592705726624,0.8294880330562592,0.8151154488325119,0.8020887076854706,0.7879140466451645,0.7740253150463104,0.7599210202693939,0.7456472665071487,0.7325953364372253,0.7174273878335953,0.7069537281990051,0.6936522275209427,0.6765602260828019,0.6620996177196503,0.6495688080787658,0.6375094145536423,0.6241014420986175,0.6069707602262497,0.5942563414573669,0.5767151653766632,0.5657601594924927,0.5502475649118423,0.5350126683712005,0.5203123360872268,0.5067639231681824,0.4905649766325951,0.47412490248680117,0.4611398547887802,0.4440320208668709,0.43008168041706085,0.41373117119073866,0.3999285876750946,0.38479898124933243,0.3708725139498711,0.35614159554243086,0.34054681211709975,0.3242466151714325,0.31204794645309447,0.2974965661764145,0.2804898157715797,0.2660315200686455,0.2524687461555004,0.2386886239051819,0.22582331523299218,0.2075835257768631,0.19386413246393203,0.18018331602215767,0.1656094454228878,0.15201970860362052,0.1394686721265316,0.12584064900875092,0.11510367915034295,0.10611160583794117,0.08984195701777935,0.08674975521862507,0.08050810769200326,0.07326579503715039,0.0,0.07608570121228694,0.08162826038897038,0.0857011504471302,0.09473525919020176,0.10145369172096252,0.11213590912520885,0.1250678714364767,0.13503035604953767,0.15289840176701547,0.16219960898160934,0.17191766425967217,0.18513811901211738,0.20098783820867538,0.2100471131503582,0.222788517922163,0.2379283495247364,0.24884395971894263,0.26117259860038755,0.27642451971769333,0.28927809447050096,0.3033736601471901,0.31653363108634947,0.33105099499225615,0.34524385929107665,0.3593736544251442,0.37690117955207825,0.3946941033005714,0.4133403286337852,0.4322302550077438,0.4564832076430321,0.4935490250587463
t_30,1.4027392446994782,1.4018480837345124,1.4027803242206573,1.4014710783958435,1.4006017982959746,1.3998886168003082,1.3978342950344085,1.3963371217250824,1.3939664721488954,1.3929777145385742,1.3915830612182618,1.3897427320480347,1.389510267972946,1.3876325964927674,1.3870712339878082,1.3848620772361755,1.3826516449451447,1.3808901965618134,1.3798735976219176,1.3779167056083679,1.3757540822029113,1.3755019068717957,1.3736228108406068,1.3713502407073974,1.3696140110492707,1.3685334622859955,1.3674005091190338,1.3650576889514923,1.3633044958114624,1.3622509479522704,1.360150557756424,1.3588400483131409,1.3567406773567199,1.3550372302532196,1.3528085768222808,1.3501528024673461,1.3493209719657897,1.3464974761009216,1.3451231718063354,1.3424365937709808,1.3407499969005585,1.3376480638980865,1.3350524723529815,1.333691281080246,1.33005148768425,1.3272869825363158,1.3241598784923554,1.321385681629181,1.3182624757289887,1.3155476808547975,1.3117832660675048,1.3078321993350983,1.3042613387107849,1.3007298290729523,1.2963882863521576,1.2923475801944733,1.2882730960845947,1.2840770483016968,1.2800988674163818,1.275293731689453,1.2698252856731416,1.265594518184662,1.2610414445400238,1.25562784075737,1.2507592737674713,1.2462513208389283,1.2411698877811432,1.234772253036499,1.231243944168091,1.2263139724731444,1.2212510287761689,1.213745665550232,1.2088635742664338,1.2040660321712493,1.1974181294441224,1.1910764336586,1.185432118177414,1.178033584356308,1.1707264184951782,1.1639025926589965,1.157460629940033,1.1505602777004242,1.141290271282196,1.1343792736530305,1.1265836238861084,1.12021484375,1.111013013124466,1.1033527195453643,1.094061952829361,1.0849400818347932,1.0769138872623443,1.0673796594142915,1.0580296874046327,1.0488519966602325,1.0384389877319335,1.0296619415283204,1.0180949687957763,1.0078625828027725,0.9970298439264298,0.984475526213646,0.9754779666662217,0.9637068241834641,0.9533350616693497,0.9411450326442719,0.9319972306489944,0.918784287571907,0.9075558036565781,0.8945125848054886,0.8828712850809097,0.8707625478506088,0.860330680012703,0.845637845993042,0.8349834948778152,0.8206532567739486,0.8078228414058686,0.7939164251089096,0.7801350325345993,0.7661808669567108,0.7520389676094055,0.7392394870519639,0.724202373623848,0.7138553321361542,0.7009227186441421,0.6839792519807816,0.6696100324392319,0.6572848200798035,0.6457752853631973,0.6324721515178681,0.6156066089868546,0.602951979637146,0.585570466518402,0.5748943209648132,0.5595562785863877,0.5444665551185608,0.5298980206251145,0.5168013632297516,0.5006417512893677,0.4845496162772179,0.4719232633709908,0.4547594040632248,0.4413108959794044,0.42503505051136015,0.41145153194665907,0.3963485285639763,0.38267347663640977,0.3682328715920448,0.353300079703331,0.3367704406380653,0.3246782511472702,0.3108955353498459,0.2938053637742996,0.2796705052256584,0.26575298607349396,0.25258736684918404,0.24098956510424613,0.22216311618685722,0.20814325660467148,0.19462329968810083,0.18024060502648354,0.1660222314298153,0.15360234677791595,0.14180265069007875,0.12987792864441872,0.11831958889961243,0.1071363065391779,0.09959593154489994,0.08691357932984829,0.08002229034900665,0.07608570121228694,0.0,0.07967359907925128,0.07973627261817455,0.08772916421294212,0.09427306689321995,0.10230685062706471,0.1138198833912611,0.12532927766442298,0.14069619327783583,0.15006317645311357,0.16131340190768242,0.1737877108156681,0.1880740061402321,0.19777454435825348,0.2111542820930481,0.22647384330630302,0.23783880099654198,0.24933738484978676,0.26453512012958524,0.27838125377893447,0.2920269578695297,0.30547692328691484,0.31955681592226026,0.3336398720741272,0.34861652702093127,0.36620476841926575,0.38393175303936006,0.4027180016040802,0.4223864391446114,0.4470512419939041,0.48469174802303316
t_29,1.403843140602112,1.4029511094093323,1.403874969482422,1.4025654673576355,1.4016927123069762,1.400979894399643,1.3989281058311462,1.3974342465400695,1.39506716132164,1.3940716803073883,1.3926864683628082,1.3908498883247375,1.3906208872795105,1.388747411966324,1.3881881594657899,1.385995125770569,1.3837928533554078,1.3820478022098541,1.3810440242290496,1.3791012346744538,1.3769665002822875,1.3767248034477233,1.3748777866363526,1.3726294100284577,1.3709031820297242,1.3698386609554292,1.3687190175056458,1.3664031326770782,1.364652192592621,1.363618367910385,1.3615417718887328,1.3602408647537232,1.3581513524055482,1.3564679026603699,1.3542516350746154,1.3516237378120421,1.3507930159568786,1.3479978144168854,1.3466296255588532,1.3439479410648345,1.3422883689403533,1.3391987144947053,1.3366270184516906,1.3352668464183808,1.3316634953022004,1.328899610042572,1.3257891058921814,1.3230464339256287,1.3199350714683533,1.317234253883362,1.313495945930481,1.3095715701580048,1.306038773059845,1.302515834569931,1.2982080399990081,1.2941978394985199,1.2901495158672334,1.2859814703464507,1.2820403337478639,1.2772886395454406,1.2718534350395203,1.2676467061042787,1.2631390810012817,1.2577734470367432,1.2529429137706756,1.2484655201435089,1.2433847665786744,1.237032687664032,1.2335453391075135,1.2286650955677032,1.223619520664215,1.2161791324615479,1.2113139152526855,1.2065577566623689,1.1999818563461304,1.1936663329601287,1.1880364835262298,1.180693781375885,1.1734379351139068,1.1666499495506286,1.160247701406479,1.1533937335014344,1.144181627035141,1.1373009979724884,1.1295887887477876,1.1232596337795258,1.1141200959682465,1.1065414905548097,1.0972902595996856,1.0882532238960265,1.0802339911460876,1.070861005783081,1.0615709900856019,1.0524403691291808,1.0421178817749024,1.0334135472774506,1.0219577133655549,1.011814033985138,1.0010207176208497,0.9885643005371094,0.9796717196702958,0.9679553419351578,0.9577222168445587,0.945657217502594,0.9365829318761826,0.9234776049852371,0.9123325794935226,0.8994784414768219,0.8878805339336395,0.8758416771888733,0.8655103206634521,0.8510061919689178,0.8403699725866318,0.8262748181819916,0.8135775566101074,0.7998088657855987,0.7861849397420884,0.7723855793476104,0.758372101187706,0.7456559598445892,0.7308829218149185,0.7206442087888718,0.707817679643631,0.6911533504724503,0.676942890882492,0.6646776974201203,0.6532452285289765,0.6399982124567032,0.6233218669891357,0.6109822958707809,0.5937794417142868,0.5832397520542145,0.5680544376373291,0.5531381666660309,0.5387325555086135,0.525498703122139,0.5098318338394165,0.49387812465429304,0.4816302716732025,0.46461510062217715,0.4507106587290764,0.4351034462451935,0.42128935307264326,0.40679661780595777,0.3936373695731163,0.3788299411535263,0.36425450146198274,0.3477154105901718,0.33595491051673887,0.322277669608593,0.3054539874196053,0.29075888693332674,0.27795188426971434,0.26420123130083084,0.25174389258027075,0.23400120437145233,0.21976727470755578,0.2065582737326622,0.19272780939936637,0.17959191128611565,0.16564302369952202,0.15233130678534507,0.1406795598566532,0.12821104899048805,0.1166942298412323,0.1105246115475893,0.10001291520893574,0.09161523319780826,0.08162826038897038,0.07967359907925128,0.0,0.0766451396048069,0.0844404235482216,0.08826739564538003,0.09494256749749183,0.1082371175289154,0.11655887849628925,0.13178900107741356,0.13835184201598166,0.14962031394243241,0.1618232861161232,0.17869001030921935,0.18636610507965087,0.19947080090641975,0.2150114133954048,0.2264299623668194,0.23811512514948846,0.2532062254846096,0.26631754636764526,0.28124577850103377,0.29395317286252975,0.3087668210268021,0.32321360111236574,0.3379985108971596,0.3559216007590294,0.3740317329764366,0.3933304205536842,0.41310216039419173,0.43811632692813873,0.4765384316444397
t_28,1.4039322137832642,1.4030458688735963,1.403971940279007,1.4026678323745727,1.4017954349517823,1.4010894179344178,1.3990467071533204,1.3975593149662018,1.395199465751648,1.3942115366458894,1.392821353673935,1.3909934520721436,1.3907676756381988,1.388895183801651,1.3883350908756256,1.3861341416835784,1.383932614326477,1.3821777880191803,1.3811769485473633,1.379237598180771,1.377095228433609,1.3768423914909362,1.3749891221523285,1.372733825445175,1.371012544631958,1.3699466407299041,1.3688147246837616,1.3665050864219666,1.3647481322288513,1.3637044250965118,1.3616237699985505,1.3603258013725281,1.3582335591316224,1.3565479218959808,1.3543356657028198,1.3516941666603088,1.3508794009685516,1.348081237077713,1.3467240810394288,1.3440539717674256,1.342406266927719,1.3393374800682067,1.336775356531143,1.3354334771633147,1.331838071346283,1.3290947079658508,1.325997096300125,1.3232740998268127,1.3201765298843384,1.3174928545951843,1.3137728214263915,1.309872555732727,1.3063676178455352,1.3028700709342957,1.29859157204628,1.294606125354767,1.2905874073505401,1.2864343285560609,1.28251314163208,1.277785497903824,1.272392874956131,1.268233335018158,1.2637392461299897,1.2584294259548188,1.2536224484443665,1.2491695046424867,1.2441420793533324,1.2378586173057555,1.2343905985355377,1.229549378156662,1.2245557248592376,1.2171577036380767,1.2123465180397033,1.2076252162456513,1.201105260848999,1.1948579549789429,1.1892900943756104,1.1820186138153077,1.174838560819626,1.1681296706199646,1.1617746949195862,1.1549606204032898,1.1458803772926331,1.1390663087368011,1.1314172983169555,1.1251760184764863,1.116098368167877,1.1085799098014832,1.0994337975978852,1.0904515624046325,1.0825306951999665,1.073222702741623,1.0640296459197998,1.0549748301506043,1.0447515308856965,1.0361331820487976,1.0248201012611389,1.0147956639528275,1.0041419863700867,0.9918193548917771,0.9829718351364136,0.9714073568582535,0.9612652480602264,0.9493016570806503,0.9403732508420944,0.9273851335048675,0.9163775891065598,0.9036947309970855,0.8922604769468307,0.8803317368030548,0.8701663881540298,0.8557551056146622,0.845376369357109,0.831366890668869,0.8188542246818542,0.8052375048398972,0.7917963117361069,0.7781510889530182,0.7643944025039673,0.7517992377281189,0.737268915772438,0.7271453589200974,0.7144064843654633,0.6980211764574051,0.6840035229921341,0.6719833582639694,0.6606055408716202,0.647672176361084,0.6312564194202424,0.6190022438764572,0.6020467638969421,0.5915967404842377,0.5766415506601333,0.5620244652032852,0.5479108482599259,0.5349403709173203,0.5191762775182724,0.503483022749424,0.49113682210445403,0.4747046694159508,0.46125283986330035,0.44545880854129793,0.432377302646637,0.41773385256528855,0.40412587523460386,0.39017575681209565,0.3755536124110222,0.3592307060956955,0.34714581817388535,0.3335726946592331,0.3174682050943375,0.3034234717488289,0.2894808128476143,0.2764715805649757,0.26420350670814513,0.24632196202874185,0.2328246772289276,0.2190119057893753,0.2047067642211914,0.19021811932325364,0.17846640273928643,0.1654466599225998,0.15265265330672265,0.14135681316256524,0.12795432582497596,0.11956699341535568,0.10583658255636692,0.09711044281721115,0.0857011504471302,0.07973627261817455,0.0766451396048069,0.0,0.07623766995966434,0.08244020976126194,0.08671265803277492,0.09634572006762028,0.10399725884199143,0.11803949438035488,0.12869868129491807,0.13806868940591813,0.1492467887699604,0.16382858231663705,0.17392607629299164,0.1869185134768486,0.20206384509801864,0.21368296593427658,0.2253669299185276,0.24124742522835732,0.25466742292046546,0.2686675027012825,0.28272473216056826,0.2966314613819122,0.31174725741147996,0.32653391510248186,0.3450402796268463,0.3628780320286751,0.38273661583662033,0.40295096337795255,0.42843137234449385,0.468133382499218
t_27,1.4048751831054687,1.4039873123168944,1.404911494255066,1.4036093950271606,1.4027285814285277,1.402022933959961,1.3999704360961913,1.3984825134277343,1.3961261332035064,1.3951306819915772,1.3937429904937744,1.3919061958789825,1.3916787266731263,1.389799463748932,1.3892282843589783,1.387033611536026,1.384830766916275,1.3830714523792267,1.3820669293403625,1.3801176369190216,1.377949321269989,1.3777100622653962,1.3758516013622284,1.3735910952091217,1.3718681991100312,1.3707950592041016,1.3696562826633454,1.3673532247543334,1.3655912458896637,1.3645572364330292,1.362471777200699,1.361171931028366,1.3590632438659669,1.3574151575565339,1.355219578742981,1.352596366405487,1.3518006801605225,1.3490229368209838,1.3476668536663055,1.3450029134750365,1.3433649480342864,1.3403149247169495,1.337745463848114,1.336421048641205,1.332849031686783,1.3301206827163696,1.3270324885845184,1.3243320286273956,1.321258729696274,1.3185980200767518,1.3148978054523468,1.3110158443450928,1.3075143814086914,1.304022526741028,1.2997772455215455,1.2958030581474305,1.291816771030426,1.2876840353012085,1.2837694346904756,1.2791128039360047,1.2737196147441865,1.2696032047271728,1.2651099920272828,1.2598298966884613,1.2550686299800873,1.2506203293800353,1.2456019580364228,1.2393805146217347,1.2359064400196076,1.2311221837997437,1.2261439323425294,1.2188066065311431,1.213980531692505,1.2093165814876556,1.2028468608856202,1.1966334879398346,1.191112720966339,1.1838912546634675,1.1767418384552002,1.1700638353824615,1.1637193143367768,1.156916880607605,1.1479415059089662,1.1411352038383484,1.1335509657859801,1.127396935224533,1.1183200299739837,1.1109098136425017,1.1018015146255493,1.092931765317917,1.085000491142273,1.0758767485618592,1.066746139526367,1.0576357781887054,1.047567355632782,1.0390606820583344,1.0278573036193848,1.017929282784462,1.007335153222084,0.995139428973198,0.986257815361023,0.9749291479587555,0.9648614346981048,0.9529207408428192,0.944067531824112,0.9313083350658417,0.9203998923301697,0.9078683823347091,0.8965177446603775,0.8846545726060867,0.8744628757238389,0.8602982938289643,0.8498732417821884,0.8361708492040634,0.8237414181232452,0.8102637112140656,0.7970325648784637,0.7835856467485428,0.7700134634971618,0.7574262708425522,0.7431722402572631,0.7330995082855225,0.7203889131546021,0.7044020444154739,0.6905707359313965,0.6786336541175843,0.667045384645462,0.6543026238679885,0.6382445454597473,0.6262133240699768,0.609614709019661,0.5990670949220658,0.5845152556896209,0.5701026946306229,0.5561255037784576,0.5432233482599258,0.5276144862174987,0.5121839016675949,0.4996895506978035,0.4839533016085625,0.47064128071069716,0.45488419234752653,0.4422125980257988,0.42767372727394104,0.4139559790492058,0.40054880231618883,0.38563082218170164,0.3700853630900383,0.35769732147455213,0.3436457097530365,0.3287573426961899,0.3144728645682335,0.30059362202882767,0.28738548457622526,0.2749712273478508,0.2582958027720451,0.24459246695041656,0.23040937036275863,0.21670531034469603,0.20160797536373137,0.18923280611634255,0.1779529832303524,0.16471636220812796,0.15258271545171737,0.14036417454481126,0.12638413049280645,0.11506600081920623,0.1008012406527996,0.09473525919020176,0.08772916421294212,0.0844404235482216,0.07623766995966434,0.0,0.0730977289378643,0.0816025786101818,0.08255700878798962,0.09451961442828179,0.10559752210974693,0.1172155611217022,0.1259060747921467,0.13634132817387581,0.15226176157593727,0.16221430525183678,0.17360318675637246,0.18860357776284217,0.20062959790229798,0.2128673352301121,0.22860764041543008,0.24232542887330055,0.25592859238386156,0.27043356746435165,0.2847444027662277,0.30035239905118943,0.31516368836164477,0.33415124863386153,0.35221458673477174,0.37234977930784224,0.39265589863061906,0.41872275471687315,0.46002043038606644
t_26,1.405645924806595,1.4047683835029603,1.4056870877742766,1.4043865561485291,1.4035237908363343,1.4028132200241088,1.4007777214050292,1.399302452802658,1.3969596028327942,1.3959681510925293,1.394592958688736,1.392774260044098,1.3925459921360015,1.3906748712062835,1.3901078641414641,1.3879177033901215,1.3857168972492218,1.3839831948280334,1.3829809546470642,1.3810320138931274,1.378889799118042,1.3786571741104126,1.3768100917339325,1.3745569467544556,1.372841715812683,1.3717755317687987,1.3706365704536438,1.3683443129062653,1.3665888488292695,1.365558737516403,1.363487070798874,1.3622085213661195,1.3601108729839324,1.358470803499222,1.3562768638134002,1.3536748468875885,1.3528759121894836,1.3501176595687867,1.3487727761268615,1.3461231768131257,1.3444991409778595,1.3414667963981628,1.3389206647872924,1.3376119017601014,1.334060162305832,1.3313425004482269,1.3282918572425841,1.3256139755249023,1.3225671589374541,1.3199339985847474,1.3162685215473175,1.3124305605888367,1.3089481055736543,1.305468338727951,1.3012648165225982,1.297321265935898,1.2933669805526733,1.2892488300800324,1.2853526532649995,1.2807614505290985,1.2754074692726136,1.2713446080684663,1.2668660283088684,1.261648690700531,1.2569351196289062,1.2525118172168732,1.2475377440452575,1.2413996577262878,1.2379446566104888,1.2332058131694794,1.2282767832279204,1.2209977090358735,1.2161862015724183,1.2115631878376008,1.205161029100418,1.1990189909934998,1.193549597263336,1.18640878200531,1.1793263852596283,1.1726804852485657,1.1664073526859284,1.159630113840103,1.1507642269134521,1.1440075099468232,1.1364867627620696,1.1303980112075807,1.1213879704475402,1.1140393137931823,1.1050114154815673,1.0962845504283905,1.0883483707904815,1.0793253421783446,1.0702954828739166,1.0611960649490357,1.0512845516204834,1.0428919672966004,1.0317129909992218,1.0218840330839156,1.0113785088062286,0.9993147164583206,0.990439447760582,0.9793138325214386,0.9693229973316193,0.9574023276567459,0.9486526995897293,0.9360666006803513,0.9253165483474731,0.9128601551055908,0.9016208529472352,0.8898944646120072,0.8797323703765869,0.8657791197299958,0.855343958735466,0.8419416040182114,0.8295692414045334,0.8161918848752976,0.8031994760036468,0.7899164497852326,0.7764477491378784,0.7640125095844269,0.7499277919530869,0.7399895906448364,0.7273462682962417,0.7115543395280838,0.6979171603918075,0.68617182970047,0.6745095312595367,0.6618817150592804,0.6462099760770798,0.6342960149049759,0.6179952323436737,0.6074746072292327,0.5931950867176056,0.578931349515915,0.5650590389966965,0.5523039102554321,0.5370175331830979,0.5217793822288513,0.5093189433217049,0.4938240870833397,0.48077386766672137,0.46535626202821734,0.45256755501031876,0.4383754551410675,0.4247909411787987,0.41147995740175247,0.3964467212557793,0.38149419128894807,0.36948963701725007,0.3548018246889114,0.34038795381784437,0.32598206102848054,0.3130935117602348,0.29925148040056226,0.28652794361114503,0.2706828013062477,0.256406357884407,0.24208958595991134,0.2292581871151924,0.2146420419216156,0.20093023180961608,0.18975752964615822,0.17652999982237816,0.162940376996994,0.14961451888084412,0.137088855355978,0.12674908712506294,0.11368648298084735,0.10145369172096252,0.09427306689321995,0.08826739564538003,0.08244020976126194,0.0730977289378643,0.0,0.0758787039667368,0.07552593499422074,0.08300367929041386,0.10091959238052368,0.10381846278905868,0.11465459130704403,0.12092830762267112,0.1398695282638073,0.14782961681485177,0.15815889239311218,0.17541455924510957,0.18549320250749587,0.198933095484972,0.2138875350356102,0.2272319845855236,0.2425265520811081,0.2557715341448784,0.2716233402490616,0.2870264396071434,0.3022379666566849,0.3215133652091026,0.3404967665672302,0.3609257146716118,0.38118786662817,0.4078157052397728,0.45018580108880996
t_25,1.4048488199710847,1.403982263803482,1.4049004793167115,1.4036231279373168,1.4027610182762147,1.4020733535289764,1.4000545978546142,1.398596853017807,1.3962736129760742,1.3953031718730926,1.3939465701580047,1.3921519577503205,1.3919293880462646,1.390102070569992,1.3895530164241792,1.387408483028412,1.385243421792984,1.383537232875824,1.3825456857681275,1.3806397020816803,1.378520905971527,1.378289783000946,1.3764652729034423,1.3742440164089202,1.3725541949272155,1.3715105891227721,1.3704034507274627,1.3681439876556396,1.3664134323596955,1.3653980195522308,1.3633632957935333,1.3620918035507201,1.360038650035858,1.358395028114319,1.3562320172786713,1.353643572330475,1.3528413116931914,1.3501007020473481,1.3487656354904174,1.3461446344852448,1.3445293486118317,1.3415136575698852,1.3389866590499877,1.3376735210418702,1.3341421961784363,1.3314495444297791,1.3283978939056396,1.3257213890552522,1.322692221403122,1.3200582683086395,1.3164148569107055,1.3125808656215667,1.3091472446918488,1.3056980133056642,1.3014999866485595,1.2975951254367828,1.2936561942100524,1.2896007239818572,1.285757565498352,1.2811404585838317,1.2758509993553162,1.2717754125595093,1.2673583388328553,1.2621710181236268,1.25748730301857,1.253126460313797,1.2481958270072937,1.2420566916465758,1.2386630713939666,1.2339354932308197,1.2290540754795074,1.221815186738968,1.2171019673347474,1.212486946582794,1.206119418144226,1.2000256419181823,1.1945890605449676,1.1874612390995025,1.1804520249366761,1.1738975465297699,1.1676631331443788,1.1610357880592346,1.1521731197834015,1.1455192863941193,1.1380637168884278,1.131975567340851,1.1231152534484863,1.115807682275772,1.1068615376949311,1.0981113195419312,1.090374231338501,1.0813345611095428,1.0723493337631225,1.0635228633880616,1.0535442411899567,1.0451379120349884,1.0341153144836426,1.0243561208248138,1.014002698659897,1.0020464479923248,0.9933856099843978,0.9821821868419647,0.9722989588975907,0.9606476813554764,0.9519603163003921,0.9393886506557465,0.9286516427993774,0.9163219213485718,0.9052357494831085,0.8937175065279007,0.8838071435689926,0.8698571115732193,0.8597848147153855,0.8461702287197113,0.8340770930051804,0.8209669470787049,0.8079054027795791,0.7947794228792191,0.7814096927642822,0.7693188488483429,0.7552173346281051,0.7453632444143296,0.7332511723041535,0.7173739403486252,0.7038996130228042,0.6921890318393707,0.6813129097223282,0.6688021808862686,0.6530597150325775,0.6412996143102646,0.6249546498060227,0.6150128602981567,0.6007173657417297,0.5865918755531311,0.5729286551475525,0.5604650437831878,0.5453041315078735,0.5302710741758346,0.5185301095247269,0.5026051521301269,0.48979947715997696,0.4745874762535095,0.46204369217157365,0.4477083057165146,0.4350006699562073,0.42133872807025907,0.407102832198143,0.3916092664003372,0.3799836471676826,0.36693465858697893,0.35105972141027453,0.3373385176062584,0.3235976368188858,0.3115964695811272,0.29969555139541626,0.2816968962550163,0.2684778362512589,0.25508216246962545,0.24131452962756156,0.22691928148269652,0.21366176158189773,0.20130294933915138,0.18861400410532952,0.17555236592888832,0.16197491213679313,0.1513325661420822,0.13871233239769937,0.1252319160848856,0.11213590912520885,0.10230685062706471,0.09494256749749183,0.08671265803277492,0.0816025786101818,0.0758787039667368,0.0,0.07619338631629943,0.07303931824862957,0.0902799628674984,0.09298716261982917,0.10266179293394088,0.11339118257164955,0.12818444520235062,0.1373218283057213,0.1484709858894348,0.16578053534030915,0.17626043334603309,0.18730442076921464,0.20330775231122972,0.21723142638802528,0.23238549530506133,0.24643888846039771,0.26045419126749036,0.27591721564531324,0.2916715323925018,0.3106934055685997,0.3295771986246109,0.3504032492637634,0.371551887691021,0.3986519604921341,0.44134387373924255
t_24,1.4056658565998077,1.4048115611076355,1.4057272255420685,1.4044418454170227,1.4035963892936707,1.4029092609882354,1.4009037435054779,1.3994431853294373,1.3971278488636016,1.3961590647697448,1.394804346561432,1.3930077135562897,1.3927869558334351,1.3909586548805237,1.3904009640216828,1.3882587850093842,1.3860928416252136,1.384387069940567,1.3833973169326783,1.3814746677875518,1.379374361038208,1.3791387796401977,1.377333903312683,1.3751147150993348,1.3734326243400574,1.3723825752735137,1.371263474225998,1.3689985990524292,1.3672747552394866,1.366263884305954,1.3642337143421173,1.362965077161789,1.360905110836029,1.3592776775360107,1.3571285426616668,1.3545536279678345,1.3537723541259765,1.3510443568229675,1.3497158229351043,1.3470926225185393,1.3454920649528503,1.3424953520298004,1.3399815380573272,1.3386848032474519,1.3351650714874268,1.332487541437149,1.329465925693512,1.3268166542053224,1.3237986385822296,1.3211878001689912,1.317567628622055,1.313761430978775,1.310326063632965,1.3068932235240935,1.302724450826645,1.2988465666770934,1.2949363350868226,1.2908869504928588,1.2870479941368103,1.2824762344360352,1.2771910965442657,1.273176795244217,1.2687746167182923,1.263620263338089,1.258966225385666,1.254616904258728,1.249716717004776,1.2436240673065186,1.240218997001648,1.2355443239212036,1.2306962370872498,1.2235161364078522,1.2188008725643158,1.214230579137802,1.2079042434692382,1.2018455147743226,1.1964630365371705,1.189414268732071,1.1824476659297942,1.1759008824825288,1.1697369992733002,1.1631011307239532,1.1543566226959228,1.1477207839488983,1.1403250992298126,1.1342931807041168,1.1254927575588227,1.1182341933250428,1.1093696475028991,1.1007307112216949,1.0930070638656617,1.0840691208839417,1.0751898527145385,1.0663649559020996,1.0565602600574493,1.0482764959335327,1.0373192965984344,1.0276438415050506,1.0173766911029816,1.0055095076560974,0.9968835085630416,0.9858806759119034,0.9760802805423736,0.9645020812749863,0.9558610886335372,0.9434898108243942,0.9329217702150345,0.9207122087478637,0.9097243636846543,0.8982889086008072,0.888447716832161,0.8746767282485962,0.8645861983299256,0.8513433575630188,0.8393138825893403,0.8262665510177613,0.81350277364254,0.8004922151565552,0.7873126268386841,0.7752790212631225,0.7614379703998566,0.7517516046762467,0.7395697474479676,0.7240269482135773,0.7107091873884201,0.699263846874237,0.6882409960031509,0.6759149074554444,0.6604807078838348,0.6488397747278214,0.63286072909832,0.6228053033351898,0.6087736994028091,0.5948594301939011,0.5814264595508576,0.5690973430871964,0.5542422771453858,0.5393083035945893,0.5273855626583099,0.5121099650859833,0.49945869743824006,0.48436289429664614,0.47203428149223325,0.45803399235010145,0.44497214555740355,0.4318569540977478,0.4176358997821808,0.4027287483215332,0.3910348266363144,0.3773528590798378,0.36268544793128965,0.3488295465707779,0.33565562814474104,0.3224881023168564,0.310582323372364,0.29443540424108505,0.28065181374549864,0.26697956770658493,0.25374890640378,0.23906298130750656,0.22632991895079613,0.21498758420348169,0.2017361119389534,0.1883043237030506,0.17482564672827722,0.16229551285505295,0.15074817091226578,0.13527810275554658,0.1250678714364767,0.1138198833912611,0.1082371175289154,0.09634572006762028,0.08255700878798962,0.07552593499422074,0.07619338631629943,0.0,0.07454027570784091,0.08443508930504322,0.08942076377570629,0.09463203251361847,0.1051686979830265,0.11891329400241375,0.12511130869388581,0.1373228073120117,0.15231448113918306,0.1629345178604126,0.17574788257479668,0.19120384529232978,0.20517734736204146,0.21938545778393745,0.23359577655792235,0.24868002757430077,0.26449458599090575,0.28013795912265776,0.2997118055820465,0.31888374090194704,0.33996671438217163,0.36143831312656405,0.3890111789107323,0.43275940120220185
t_23,1.4063627302646637,1.4055122077465056,1.4064269423484803,1.4051446557044982,1.404285579919815,1.4035968840122224,1.4015810370445252,1.4001263797283172,1.397807091474533,1.3968288481235505,1.3954864621162415,1.3936933636665345,1.393475478887558,1.3916551232337953,1.391096866130829,1.3889671981334686,1.3867969751358031,1.3851057767868042,1.3841172695159911,1.3822101593017577,1.3801117181777953,1.379893946647644,1.3780923247337342,1.3758826196193694,1.374221432209015,1.3731827199459077,1.3720664501190185,1.3698392868041993,1.3681134700775146,1.3671198844909669,1.3651082038879394,1.363850373029709,1.3617989897727967,1.3601936280727387,1.3580551385879516,1.3554904222488404,1.3547035038471222,1.3520022690296174,1.3506801307201386,1.3480754315853118,1.3464852929115296,1.3435032725334168,1.3409945726394654,1.339705127477646,1.3362265050411224,1.333551812171936,1.3305448412895202,1.3279306888580322,1.324941372871399,1.3223518013954163,1.318755668401718,1.3149651348590852,1.3115744709968566,1.3081454992294312,1.3040258288383484,1.3001311540603637,1.2962639212608338,1.2922285437583922,1.2884148240089417,1.2839037120342254,1.2786397278308868,1.2746444344520569,1.2702633321285248,1.2651636004447937,1.2605666279792787,1.2562304854393005,1.2513393700122832,1.2453294932842254,1.2419602155685425,1.23732191324234,1.2325104296207428,1.2253739655017852,1.2206807792186738,1.2161642134189605,1.2099069595336913,1.2039015233516692,1.1985380828380585,1.1915446043014526,1.1846396148204803,1.1781518816947938,1.1720088958740233,1.1653944969177246,1.1567524313926696,1.1501416385173797,1.1428064048290252,1.136873334646225,1.1280636131763457,1.1209217965602876,1.112104892730713,1.1035394966602325,1.095819926261902,1.0870700836181642,1.078246432542801,1.0694273173809052,1.0597215652465821,1.051521074771881,1.040690678358078,1.0311281830072403,1.0209164768457413,1.0091938883066178,1.0005940824747086,0.9897196263074874,0.9800039231777191,0.9684686660766602,0.9599885672330857,0.9477365553379059,0.9372415035963059,0.9252587914466858,0.9143373101949692,0.9029605358839035,0.8931617200374603,0.8795923173427582,0.8695916056632995,0.8564323276281357,0.8445583015680314,0.8317218631505966,0.8190341234207154,0.8062627524137497,0.7932547360658646,0.7812367767095566,0.7676823526620865,0.7580065071582794,0.7459173500537872,0.7307056963443757,0.7175697773694992,0.70617016851902,0.6950473427772522,0.6829896777868271,0.6677471280097962,0.6563885360956192,0.6406277060508728,0.6306745678186416,0.6169167041778565,0.6032232254743576,0.5899857878684998,0.577641847729683,0.5628349006175994,0.5482736200094223,0.5365211725234985,0.5215456873178482,0.508908948302269,0.4939436838030815,0.48200907111167907,0.4682482719421387,0.45533701926469805,0.44250657260417936,0.4282212734222412,0.4133057281374931,0.4016928434371948,0.3882491558790207,0.3739503562450409,0.3601347073912621,0.34701562374830247,0.3344824030995369,0.32191612720489504,0.30581834018230436,0.2929849475622177,0.2792288035154343,0.26628985106945036,0.2516582980751991,0.23898208290338516,0.22681107744574547,0.21416853740811348,0.20091055631637572,0.18698010444641114,0.17550521343946457,0.16160264983773232,0.14898314774036409,0.13503035604953767,0.12532927766442298,0.11655887849628925,0.10399725884199143,0.09451961442828179,0.08300367929041386,0.07303931824862957,0.07454027570784091,0.0,0.08235428221523762,0.07849070057272911,0.08360783830285072,0.08943214453756809,0.10730774141848087,0.11323766484856605,0.12283634170889854,0.13967742621898652,0.1500237137079239,0.16284797862172126,0.17883145734667777,0.19124220460653304,0.2069617673754692,0.2208475165069103,0.23617806136608124,0.25266213789582254,0.2677188187837601,0.28791511207818987,0.30721177309751513,0.32917655557394027,0.3503668010234833,0.3784200668334961,0.4239795163273811
t_22,1.4061987698078156,1.4053617656230926,1.4062743186950684,1.405013757944107,1.404168576002121,1.4035048127174377,1.4015205919742584,1.4000845670700073,1.3978083252906799,1.396851134300232,1.3955184161663055,1.393752098083496,1.393534004688263,1.391741681098938,1.3911934792995453,1.3890859484672546,1.3869554698467255,1.385279542207718,1.3843111455440522,1.3824383556842803,1.3803680062294006,1.3801342844963074,1.3783604025840759,1.3761770963668822,1.3745221555233003,1.3734793424606324,1.3723856151103973,1.3701621830463409,1.3684554517269134,1.367456418275833,1.3654419302940368,1.3641859948635102,1.362162470817566,1.36055069565773,1.3584237813949585,1.3558655381202698,1.3550770044326783,1.3523773372173309,1.351061886548996,1.348487025499344,1.3468960702419281,1.3439267337322236,1.341429102420807,1.3401412069797516,1.3366529822349549,1.3340152144432067,1.3310202717781068,1.3284013450145722,1.3254148304462432,1.322825801372528,1.3192401766777038,1.3154748857021332,1.31210053563118,1.3087175488471985,1.3045876502990723,1.3007437646389008,1.2968743562698364,1.2928997874259949,1.2891258478164673,1.2845901012420655,1.2794058799743653,1.275426483154297,1.271097856760025,1.2660193979740142,1.261403703689575,1.257138055562973,1.2523192763328552,1.2462887287139892,1.2429753303527833,1.2383443295955658,1.2335693001747132,1.2264792203903199,1.2218799829483031,1.2173593044281006,1.2111424446105956,1.2051782727241516,1.199873012304306,1.19289088845253,1.1860482156276704,1.1796405553817748,1.1735583007335664,1.1670817375183105,1.1584172308444978,1.1519389748573303,1.1446543753147125,1.1386971950531006,1.1300986230373382,1.1229402601718903,1.114243996143341,1.1056841015815735,1.0981859624385835,1.0893489837646484,1.0806136846542358,1.0720728158950805,1.0623221218585968,1.0541247308254242,1.0434170007705688,1.0339054703712462,1.0238882422447204,1.0122335731983185,1.0038466155529022,0.9929118514060974,0.9833382308483124,0.9721160650253295,0.9636530220508576,0.9514177560806274,0.9410092175006867,0.929076886177063,0.9183307081460953,0.9071780025959015,0.8976895868778229,0.8840959936380386,0.8744426876306534,0.8611962556838989,0.849564453959465,0.8368658542633056,0.8242427676916122,0.8115250170230865,0.7986174821853638,0.7870310992002487,0.7733982741832733,0.7639707297086715,0.7523900806903839,0.7370122224092484,0.7240447789430619,0.7128120869398117,0.7025672107934952,0.6905031502246857,0.675263124704361,0.6639812588691711,0.6482284665107727,0.6388255536556244,0.6249969154596329,0.6114558637142181,0.5984037935733795,0.5865226686000824,0.5720007151365281,0.5574231892824173,0.5462594360113144,0.5310237348079682,0.5187529385089874,0.5040719285607338,0.4921815276145935,0.47829787582159045,0.46613160222768785,0.45314392596483233,0.4395901933312416,0.42465217411518097,0.4134852170944214,0.40106070786714554,0.38571900576353074,0.372769832611084,0.35908511430025103,0.34748323261737823,0.33625524640083315,0.31894511729478836,0.3063274145126343,0.29316302835941316,0.2796979144215584,0.26528412401676177,0.2531560391187668,0.24150674641132355,0.2286950834095478,0.21534453332424164,0.20245846062898637,0.19105123803019525,0.17864592075347902,0.16274861246347427,0.15289840176701547,0.14069619327783583,0.13178900107741356,0.11803949438035488,0.10559752210974693,0.10091959238052368,0.0902799628674984,0.08443508930504322,0.08235428221523762,0.0,0.08329542055726051,0.08527333363890648,0.09512751214206219,0.09890849739313126,0.10950856767594815,0.11977779865264893,0.1320251479744911,0.14382198303937913,0.15296050310134887,0.1691124342381954,0.18379568979144095,0.19613912478089332,0.2123809389770031,0.22509092912077905,0.2412721298635006,0.257405723631382,0.2767712205648422,0.2960881993174553,0.31773754209280014,0.34024852365255354,0.36884749084711077,0.4140446722507477
t_21,1.4065776228904725,1.4057414531707764,1.406652295589447,1.4053919076919557,1.4045434057712556,1.403884494304657,1.4019070446491242,1.4004836201667785,1.3982167661190033,1.3972649931907655,1.3959387362003326,1.3941839277744292,1.393975967168808,1.3921919286251068,1.391646957397461,1.3895514249801635,1.387438029050827,1.3857701957225799,1.3848030388355255,1.3829426884651184,1.3808954238891602,1.380676907300949,1.3789061605930328,1.3767317593097688,1.3750905632972716,1.37405766248703,1.3729795575141908,1.370769989490509,1.3690813720226287,1.3680921494960785,1.3661104321479798,1.3648548245429992,1.3628515481948853,1.3612536251544953,1.3591355741024018,1.356605017185211,1.3558297216892243,1.3531497180461884,1.3518338739871978,1.3492628335952759,1.3476801693439484,1.3447171866893768,1.3422272861003877,1.340946090221405,1.337478721141815,1.3348489582538605,1.3318614304065703,1.3292483031749724,1.3262785851955414,1.3237039625644684,1.320140290260315,1.316392582654953,1.3130290746688842,1.3096532940864563,1.3055526196956635,1.3016963481903077,1.2978724360466003,1.2939076602458954,1.290156251192093,1.2856715500354767,1.280490517616272,1.2765413284301759,1.2722298800945282,1.2671852707862854,1.2626020967960359,1.2583621621131897,1.2535613894462585,1.247597348690033,1.244271206855774,1.2396822214126586,1.23494154214859,1.227916181087494,1.2233305633068086,1.218849390745163,1.2126631557941436,1.2067426919937134,1.2014666616916656,1.194548374414444,1.1877587020397187,1.1813855707645415,1.1753510415554047,1.1689250886440277,1.1603636384010314,1.1539175868034364,1.1467067778110505,1.1407993912696839,1.1322414875030518,1.1251575767993927,1.1165145576000213,1.1080221235752106,1.1005582511425018,1.0918376863002777,1.0831663370132447,1.0746605098247528,1.0650312185287476,1.0569118201732635,1.0462992191314697,1.0368767082691193,1.0268862217664718,1.0153735846281051,1.0070445388555527,0.996256309747696,0.986728373169899,0.9755917668342591,0.9672135651111603,0.955100417137146,0.9448136121034623,0.9329860121011734,0.922379219532013,0.9112766951322555,0.9018519401550293,0.888405230641365,0.8788508355617524,0.8657332181930542,0.8541995257139205,0.8416331797838211,0.8291714489459991,0.8166151195764542,0.8038606494665146,0.7922943741083145,0.7789281070232391,0.769535169005394,0.7579444617033004,0.7428732246160508,0.7300601810216903,0.7189252316951752,0.7086322516202926,0.6967983961105346,0.6818203091621399,0.6705971151590348,0.6550778388977051,0.6456604599952698,0.6320175200700759,0.6186452507972717,0.6057617902755738,0.5940236538648606,0.5794842064380645,0.5652885645627975,0.5542653381824494,0.5391142159700394,0.5270361095666886,0.5125518858432769,0.5008350670337677,0.4872521758079529,0.4750223696231842,0.46225287318229674,0.448715078830719,0.43386539071798325,0.42281090617179873,0.41042403131723404,0.3955730706453323,0.3827437311410904,0.36937820017337797,0.3579678386449814,0.3465211853384972,0.32918947339057925,0.31686046421527864,0.3034848630428314,0.2905436486005783,0.27631245702505114,0.26390314400196074,0.25220528468489645,0.23961339741945267,0.2254393331706524,0.21275588721036912,0.20199964046478272,0.18953070044517517,0.1743263326585293,0.16219960898160934,0.15006317645311357,0.13835184201598166,0.12869868129491807,0.1172155611217022,0.10381846278905868,0.09298716261982917,0.08942076377570629,0.07849070057272911,0.08329542055726051,0.0,0.08080453090369702,0.0804620984941721,0.09349520318210125,0.09717975854873658,0.10406225584447384,0.12199685387313366,0.13099774569272996,0.14111657440662384,0.15325021073222161,0.16882603988051414,0.1848752975463867,0.19849928170442582,0.21250078156590463,0.22774405404925346,0.24466123655438424,0.26489538997411727,0.2843201220035553,0.30651270896196364,0.3290994465351105,0.35804395377635956,0.40474547296762464
t_20,1.4071920573711396,1.4063681304454803,1.4072766840457915,1.406026828289032,1.4051832199096679,1.4045207440853118,1.4025568306446075,1.401135939359665,1.3988793671131134,1.3979303002357484,1.3966123104095458,1.3948700904846192,1.3946619927883148,1.392893224954605,1.3923453509807586,1.3902690827846527,1.3881627857685088,1.386507785320282,1.3855458080768586,1.383691769838333,1.3816494524478913,1.3814346671104432,1.3796843349933625,1.37752366065979,1.3758972048759461,1.3748727798461915,1.373807919025421,1.3716154038906097,1.3699307858943939,1.368952316045761,1.3669709980487823,1.3657379865646362,1.3637453377246858,1.3621531486511231,1.360049271583557,1.3575387477874756,1.3567615568637847,1.354091864824295,1.3527906894683839,1.3502348959445953,1.3486775934696198,1.3457356214523315,1.3432646572589875,1.3419946014881134,1.338558316230774,1.3359516143798829,1.3329894244670868,1.3303908050060271,1.3274430811405182,1.3248872697353362,1.321351373195648,1.3176325142383576,1.3143078207969665,1.3109557926654816,1.3068891763687134,1.3031066358089447,1.2992932498455048,1.2953654289245606,1.2916472733020783,1.2871792495250702,1.282058185338974,1.278122115135193,1.2738614618778228,1.2688528418540954,1.2643181681632996,1.26011523604393,1.2553635835647583,1.249411541223526,1.2461468636989594,1.2415965437889098,1.2368839502334594,1.2299128472805023,1.2253800332546234,1.2209389865398408,1.2148247539997101,1.2089445769786835,1.203705644607544,1.1968490064144135,1.1901146948337555,1.1837791502475739,1.1778100609779358,1.1714237689971925,1.1629156351089478,1.1565218687057495,1.1493320226669312,1.1434630274772644,1.1350195050239562,1.1279630780220031,1.1194048047065734,1.1109884679317474,1.1035842418670654,1.0948735773563385,1.0862936496734619,1.0778745770454408,1.0682714998722076,1.060234534740448,1.049680906534195,1.0403303742408752,1.0304498672485352,1.0189909994602204,1.010771518945694,0.9999974370002747,0.9906266510486603,0.9795742779970169,0.9713236421346665,0.9592650562524796,0.9490159839391709,0.9373357355594635,0.9267425000667572,0.9158448427915573,0.906556385755539,0.893215325474739,0.8836961269378663,0.8707799434661865,0.8593866795301437,0.8468786954879761,0.8345566511154174,0.8220747113227844,0.8093807637691498,0.7981810241937637,0.7847148954868317,0.7755487024784088,0.7642540454864502,0.7491273522377014,0.7364864617586135,0.7254913121461868,0.7155588686466217,0.7036878615617752,0.6887612879276276,0.6778307765722275,0.6624435275793076,0.6533394902944565,0.6397453129291535,0.6265793412923812,0.6138277381658555,0.602125471830368,0.5883000403642654,0.5739835411310196,0.56304272711277,0.5481040716171265,0.5359641134738922,0.5220143020153045,0.5100641399621964,0.49656995832920076,0.48493096232414246,0.4720244944095612,0.4588061019778252,0.4443513974547386,0.433706896007061,0.4214341938495636,0.40606923699378966,0.393279156088829,0.38030624836683274,0.3687682166695595,0.3573321133852005,0.3407831683754921,0.3281873524188995,0.3155460745096207,0.30189050287008284,0.28835390210151673,0.27553843408823014,0.2632674366235733,0.2511113233864307,0.23837101683020592,0.2240457333624363,0.21374480575323104,0.2007923722267151,0.18557719364762307,0.17191766425967217,0.16131340190768242,0.14962031394243241,0.13806868940591813,0.1259060747921467,0.11465459130704403,0.10266179293394088,0.09463203251361847,0.08360783830285072,0.08527333363890648,0.08080453090369702,0.0,0.0811543233692646,0.08458685912191868,0.08214805647730827,0.09546883553266525,0.10363432429730893,0.11537667848169804,0.12469939589500427,0.14357008263468743,0.15522612929344176,0.16990347653627397,0.1851174056529999,0.19893500879406928,0.21579523980617524,0.23180453851819038,0.2512909583747387,0.2722989544272423,0.29498777687549593,0.31806806921958924,0.34782094657421114,0.3947945907711983
t_19,1.408882921934128,1.408046305179596,1.4089490532875062,1.4076743006706238,1.4068241477012635,1.406144481897354,1.4041456401348114,1.4027115404605865,1.400421279668808,1.399449235200882,1.3981076955795289,1.3963389217853546,1.3961131274700165,1.3943027675151825,1.3937284648418427,1.391608589887619,1.3894565284252167,1.387761902809143,1.38678120970726,1.384883350133896,1.3827854454517365,1.382566910982132,1.3807686150074006,1.378555029630661,1.376908504962921,1.375871193408966,1.3747373163700103,1.3725412964820862,1.3708180367946625,1.3698295116424561,1.3678157389163972,1.36657657623291,1.3645191550254823,1.362953394651413,1.3608303368091583,1.3582926213741302,1.357524996995926,1.3548526644706727,1.3535434484481812,1.3509609401226044,1.349415361881256,1.3464837312698363,1.3439963221549989,1.342751920223236,1.3393227100372314,1.3367059767246245,1.3337643325328827,1.3312015533447266,1.3282530188560486,1.3257206976413727,1.3222139656543732,1.3185140430927276,1.3151831805706025,1.3118137538433075,1.3077964246273042,1.3039993226528168,1.3002298712730407,1.2962489664554595,1.2925059616565704,1.288153624534607,1.2829891562461853,1.2791466653347014,1.2748229265213014,1.2698608458042144,1.2653897643089294,1.2611290633678436,1.256357991695404,1.2505569934844971,1.2472185790538788,1.2427297711372376,1.2380533516407013,1.2311213672161103,1.2264740705490111,1.2220996916294098,1.2160243153572083,1.2101835310459137,1.2049715399742127,1.1981886267662047,1.191462218761444,1.1851087927818298,1.1791169106960298,1.1726405262947082,1.164344698190689,1.1578673005104065,1.1507809221744538,1.1450647950172423,1.1364495873451232,1.129546046257019,1.1209550321102142,1.1127378404140473,1.1051342368125916,1.0967917323112488,1.0882546305656433,1.079532366991043,1.07026047706604,1.0623591363430023,1.0518977046012878,1.0426449060440064,1.0327519237995149,1.021435058116913,1.0129610300064087,1.0026686191558838,0.9932445794343948,0.9820360720157624,0.9738061100244522,0.9621520549058914,0.9520776242017746,0.9405423998832703,0.9300624072551728,0.9189915508031845,0.9094752967357635,0.8965325385332108,0.8867056518793106,0.8743882685899734,0.86291224360466,0.8505205988883973,0.8385408222675323,0.8263391256332397,0.8138981014490128,0.8022556483745575,0.7895049303770065,0.7801674574613571,0.7684328198432923,0.754239809513092,0.7417380273342132,0.7308485746383667,0.7199111580848694,0.7083124101161957,0.6942295223474503,0.683395829796791,0.668606835603714,0.6588354110717773,0.6460038363933563,0.6330413907766342,0.6203974217176438,0.6085778832435608,0.594632089138031,0.5809283405542374,0.5694244414567947,0.5557013988494873,0.5436098784208298,0.5296524792909623,0.518215349316597,0.5052902176976204,0.492705799639225,0.4809010520577431,0.46707983762025834,0.4535171344876289,0.4422138541936874,0.42861629724502565,0.4162991106510162,0.40255003422498703,0.3906355619430542,0.3778906732797623,0.3656593531370163,0.35178292244672776,0.3383808061480522,0.32537463009357454,0.3133395850658417,0.29956696927547455,0.286586531996727,0.2755196288228035,0.26272011250257493,0.24969444498419763,0.23672763630747795,0.22366721257567407,0.21072450280189514,0.19853961393237113,0.18513811901211738,0.1737877108156681,0.1618232861161232,0.1492467887699604,0.13634132817387581,0.12092830762267112,0.11339118257164955,0.1051686979830265,0.08943214453756809,0.09512751214206219,0.0804620984941721,0.0811543233692646,0.0,0.08472331799566746,0.0841889925301075,0.08261248618364334,0.10107724405825139,0.1070264670997858,0.1208133727312088,0.13276685997843743,0.14372742995619775,0.16118762791156768,0.17324701473116874,0.19020726382732392,0.20669051706790925,0.22233216241002082,0.2437899351119995,0.26385636925697326,0.28684189915657043,0.3086529657244682,0.33851818144321444,0.3892750456929207
t_18,1.407473123073578,1.4066605508327483,1.4075716257095336,1.4063223719596862,1.4054926753044128,1.4048540830612182,1.402899730205536,1.401493114233017,1.3992647528648376,1.398324304819107,1.3970206201076507,1.3952943921089171,1.395091360807419,1.3933409392833709,1.392794144153595,1.3907407581806184,1.388650858402252,1.3870075464248657,1.3860490441322326,1.3842152297496795,1.3821890294551848,1.381975644826889,1.3802355229854584,1.3780882775783538,1.3764732360839844,1.3754612922668457,1.3743917047977448,1.3722248733043672,1.3705559551715851,1.3695683658123017,1.3676015734672546,1.366373896598816,1.3643908739089965,1.3628159642219544,1.3607316374778748,1.3582270920276642,1.3574632942676543,1.354810655117035,1.3535194039344787,1.3509945809841155,1.3494447827339173,1.3465375065803529,1.34408957362175,1.3428379893302917,1.3394265532493592,1.3368638336658478,1.3339244604110718,1.3313616394996644,1.3284332394599914,1.3259089529514312,1.3224128007888794,1.31873762011528,1.3154386401176452,1.312130296230316,1.3081085324287414,1.3043482422828674,1.3005930483341217,1.2967122375965119,1.2930411040782928,1.2886170566082,1.283572506904602,1.279707658290863,1.2754818558692933,1.2705339252948762,1.266055691242218,1.2619069933891296,1.2572284638881683,1.2513899743556975,1.2481507658958435,1.2436613142490387,1.2390400826931,1.2321553707122803,1.2276891946792603,1.2233074963092805,1.2172701954841614,1.2114995658397674,1.206351989507675,1.1995782613754273,1.192953199148178,1.1867366433143616,1.1808472275733948,1.1745707511901855,1.1662027299404145,1.1599253177642823,1.1528757035732269,1.1470988810062408,1.1387653350830078,1.1318356692790985,1.1234088718891144,1.1151359617710113,1.1078731298446656,1.099351817369461,1.0909350514411926,1.0826664566993713,1.073248702287674,1.065362673997879,1.0550356924533844,1.0458734691143037,1.0361844956874848,1.0249690800905227,1.0169023752212525,1.0063755184412002,0.9971460998058319,0.9863810539245605,0.9782311826944351,0.9664517104625702,0.9564536601305008,0.9449802249670028,0.9347066938877105,0.9239613384008407,0.9149186015129089,0.9018083304166794,0.8925932824611664,0.8798681020736694,0.8687525749206543,0.85654898583889,0.84451844394207,0.8323245376348496,0.8199911713600159,0.8089139521121979,0.7959212005138397,0.7869150817394257,0.7758272677659989,0.761216914653778,0.7488388299942017,0.738157844543457,0.7284312903881073,0.716934683918953,0.7025350958108902,0.6917591869831086,0.6767963916063309,0.6678476005792617,0.6546798318624496,0.6419187813997269,0.6295595377683639,0.6183416277170182,0.6044655501842499,0.5907639175653457,0.5801283478736877,0.5657456934452056,0.5541689783334732,0.5403842270374298,0.5290873408317566,0.5159360080957412,0.5043223142623902,0.4921480447053909,0.479316146671772,0.4651119366288185,0.4544667571783066,0.442662401497364,0.4282899469137192,0.4160550460219383,0.40289703011512756,0.3921020716428757,0.3811776727437973,0.36466068774461746,0.3526494845747948,0.3399142846465111,0.32703784853219986,0.3133553296327591,0.3014814853668213,0.2901748403906822,0.2776507899165154,0.26456144005060195,0.251504673063755,0.24054756984114647,0.22796324640512466,0.21273352652788163,0.20098783820867538,0.1880740061402321,0.17869001030921935,0.16382858231663705,0.15226176157593727,0.1398695282638073,0.12818444520235062,0.11891329400241375,0.10730774141848087,0.09890849739313126,0.09349520318210125,0.08458685912191868,0.08472331799566746,0.0,0.0817047856748104,0.08404712826013565,0.09403967782855034,0.10060625895857811,0.10679864138364792,0.12330412343144417,0.13622120693325995,0.14837322011590004,0.1641853369772434,0.1748848609626293,0.1918157622218132,0.20828876420855522,0.22842591032385826,0.24837561920285225,0.27167337089776994,0.29559437930583954,0.32614491879940033,0.37570017427206037
t_17,1.4084831595420837,1.4076933979988098,1.408588057756424,1.4073572397232055,1.406540298461914,1.4058937788009644,1.4039787828922272,1.4025922060012816,1.400382435321808,1.3994536697864532,1.3981608748435974,1.3964549362659455,1.3962451577186585,1.39450905919075,1.3939729690551759,1.3919290781021119,1.389859026670456,1.3882364988327027,1.387283205986023,1.385468602180481,1.3834576547145843,1.3832541286945343,1.3815265357494355,1.3793919026851653,1.3777797937393188,1.376776283979416,1.3757244110107423,1.3735736072063447,1.3719126105308532,1.370948499441147,1.3690023839473724,1.3677931725978851,1.36583052277565,1.3642694294452666,1.3622138500213623,1.3597386240959168,1.3589750111103058,1.3563413262367248,1.3550609827041626,1.3525447964668273,1.3510146021842957,1.3481260538101196,1.3457096874713899,1.3444682657718658,1.3410836040973664,1.3385259091854096,1.335614377260208,1.3330775618553161,1.3301880955696106,1.3276806116104125,1.324210560321808,1.3205655992031098,1.3172894299030304,1.3139989495277404,1.310003674030304,1.306294023990631,1.3025677680969239,1.2987035274505616,1.2950493037700652,1.2906665325164794,1.285627442598343,1.2817960143089295,1.2775953769683839,1.2726796507835387,1.2682448863983153,1.2641094505786896,1.2594618320465087,1.2536639332771302,1.2504488825798035,1.2460055589675902,1.2414138436317443,1.2345853745937347,1.230116891860962,1.225786453485489,1.219786101579666,1.2140547811985016,1.20896018743515,1.202247107028961,1.1956731677055359,1.189443677663803,1.1836368918418885,1.1773862361907959,1.1690799355506898,1.1628177523612977,1.1558267056941987,1.1501177668571472,1.1418580532073974,1.1349673628807069,1.1266175150871276,1.118471270799637,1.1111846685409545,1.102745634317398,1.0943853437900544,1.086128294467926,1.0768583059310912,1.0690642178058625,1.0587344229221345,1.049636971950531,1.040037888288498,1.0288414537906647,1.0208601355552673,1.0104509860277175,1.0012893348932266,0.9905445128679276,0.9824662744998932,0.9708195477724075,0.9609723895788193,0.9495692014694214,0.9393056064844132,0.9287200480699539,0.9196499496698379,0.906767600774765,0.8974790006875992,0.8850504368543625,0.8739491611719131,0.8618539601564408,0.8499812871217728,0.8379179030656815,0.8256564706563949,0.8147030740976333,0.8018201142549515,0.7929597944021225,0.7819257199764251,0.7674047440290451,0.755203777551651,0.7446566373109818,0.7348705947399139,0.723548972606659,0.7092596799135208,0.6985603332519531,0.6838652670383454,0.6749399423599243,0.6619677990674973,0.64930759370327,0.6371122568845748,0.6259711802005767,0.6125056773424149,0.5988860428333282,0.5882220596075058,0.5740086615085602,0.56256323158741,0.5489093601703644,0.5375526398420334,0.5247801423072815,0.513178962469101,0.5010073840618133,0.48840390890836716,0.47444316148757937,0.4640524387359619,0.45195572525262834,0.43773179948329927,0.425410133600235,0.4131704792380333,0.4012489885091782,0.3902070239186287,0.37481343150138857,0.3625671356916428,0.35006958842277525,0.33726509660482407,0.3238996386528015,0.31205025464296343,0.30013866573572157,0.288063308596611,0.2749433696269989,0.26097945868968964,0.25101218968629835,0.2386686086654663,0.22333627119660376,0.2100471131503582,0.19777454435825348,0.18636610507965087,0.17392607629299164,0.16221430525183678,0.14782961681485177,0.1373218283057213,0.12511130869388581,0.11323766484856605,0.10950856767594815,0.09717975854873658,0.08214805647730827,0.0841889925301075,0.0817047856748104,0.0,0.07662052772939205,0.0786196731030941,0.08533509597182273,0.09611453488469124,0.10912974923849106,0.11943241208791733,0.1340752698481083,0.14691221341490746,0.1627480648458004,0.17891045659780502,0.1949167713522911,0.2154592126607895,0.23708083853125572,0.2605390712618828,0.2847895100712776,0.31576559245586394,0.3659111842513084
t_16,1.4091446459293366,1.4083399653434754,1.40923929810524,1.4079951643943787,1.4071672677993774,1.4065105140209198,1.4045610904693604,1.4031596243381501,1.400928783416748,1.3999817430973054,1.3986810982227325,1.3969448029994964,1.3967382669448853,1.3949893951416015,1.3944326758384704,1.3923690021038055,1.3902732253074646,1.3886217951774598,1.3876632034778595,1.385830569267273,1.3837903678417205,1.3835845649242402,1.381842887401581,1.3796855568885804,1.378079491853714,1.3770663499832154,1.3759701311588288,1.3738191723823547,1.372130525112152,1.3711581885814668,1.369202297925949,1.3679855942726136,1.365973824262619,1.3644397974014282,1.3623632729053496,1.3598743200302124,1.3591183423995972,1.3564872920513154,1.3551940083503724,1.3526609361171722,1.3511218428611755,1.3482475221157073,1.3458091855049132,1.3445732593536377,1.3411925375461577,1.3386398255825043,1.3357344329357148,1.3332054913043976,1.330304253101349,1.3278103113174438,1.3243554711341858,1.3207144021987915,1.317451113462448,1.3141490280628205,1.310195791721344,1.3064566135406495,1.3027518093585968,1.298872947692871,1.2952209651470183,1.290913361310959,1.2858619809150695,1.2820680737495422,1.277840906381607,1.2729608058929442,1.2685641646385193,1.26441388130188,1.2597531497478485,1.2540449857711793,1.2508113980293274,1.246391487121582,1.2418213188648224,1.2350396037101745,1.2305344998836518,1.2262437045574188,1.2203035354614258,1.2145893812179565,1.2094905972480774,1.202826941013336,1.1962627589702606,1.190066432952881,1.1842160820960999,1.17791668176651,1.1697715401649476,1.1634608924388885,1.156526803970337,1.1508833527565003,1.1425432920455934,1.1357596933841705,1.1273950040340424,1.1193223476409913,1.1119768083095551,1.1037642180919647,1.0954450070858002,1.0870453774929048,1.0779123604297638,1.0701794445514679,1.059990257024765,1.0509729385375977,1.0413991868495942,1.030370032787323,1.022211527824402,1.0120751023292542,1.0029365777969361,0.9921712905168534,0.9841687947511673,0.9727145850658416,0.9629236221313476,0.9517170250415802,0.9415530651807785,0.930891266465187,0.9218155294656754,0.9091190248727798,0.8997767508029938,0.8876031547784805,0.8765792578458786,0.8646503567695618,0.8529338359832763,0.8410988599061966,0.829020881652832,0.8179574996232987,0.8054872810840606,0.7965187102556228,0.7854282885789872,0.7714765787124633,0.7594167560338974,0.7488944858312607,0.7387666493654251,0.7275692313909531,0.7138441324234008,0.7034240394830704,0.6890653491020202,0.6799867153167725,0.667460510134697,0.6549828946590424,0.6428744971752167,0.6316328644752502,0.6182196766138077,0.6049543559551239,0.5943088084459305,0.5808152914047241,0.5693632900714874,0.5559149086475372,0.5450088649988174,0.5323580116033554,0.5207891762256622,0.5091339573264122,0.49612713754177096,0.4828920364379883,0.4723015919327736,0.45995535999536513,0.4470956400036812,0.43438049107789994,0.42226303964853285,0.4108874186873436,0.3995299756526947,0.3849660962820053,0.3727224752306938,0.36015035063028333,0.34822161346673963,0.33489385843276975,0.3225668355822563,0.31162218898534777,0.29913210272789004,0.2864470660686493,0.2733634114265442,0.2618370771408081,0.2492064468562603,0.23578984290361404,0.222788517922163,0.2111542820930481,0.19947080090641975,0.1869185134768486,0.17360318675637246,0.15815889239311218,0.1484709858894348,0.1373228073120117,0.12283634170889854,0.11977779865264893,0.10406225584447384,0.09546883553266525,0.08261248618364334,0.08404712826013565,0.07662052772939205,0.0,0.07855978198349475,0.0777328483760357,0.08634978160262108,0.09632719568908214,0.10603959485888481,0.12240074239671231,0.13388200104236603,0.14963651001453399,0.16554171219468117,0.18128174915909767,0.2035129763185978,0.2241283319890499,0.24848634004592896,0.2711303770542145,0.30272851288318636,0.35639352202415464
t_15,1.4096472203731536,1.4088602006435393,1.4097489774227143,1.4085113823413848,1.4076989352703095,1.4070517897605896,1.405130249261856,1.4037513792514802,1.401549255847931,1.4006101846694947,1.399329024553299,1.397626119852066,1.3974108815193176,1.3956777632236481,1.3951336205005647,1.393091344833374,1.3910120844841003,1.3893887639045714,1.3884344577789307,1.3866207003593445,1.3846120536327362,1.3844016909599304,1.3826783061027528,1.3805408537387849,1.3789440989494324,1.3779406785964965,1.376879918575287,1.3747541785240174,1.373092132806778,1.3721372783184052,1.3702004253864288,1.3690017223358155,1.3670295655727387,1.3654879808425904,1.3634354054927826,1.360963189601898,1.3602141678333282,1.3575844466686249,1.3563144326210022,1.3538095831871033,1.352306491136551,1.3494534730911254,1.3470480799674989,1.3458186626434325,1.3424685299396515,1.3399230420589447,1.3370343267917633,1.3345207750797272,1.3316331088542939,1.3291578471660614,1.3257224142551423,1.3221205532550813,1.3188801109790802,1.315619993209839,1.3116750061511993,1.307988953590393,1.3043110609054565,1.3004678785800934,1.296851134300232,1.2925515711307525,1.2875533998012543,1.2837991178035737,1.2796137273311614,1.2747781097888946,1.2704091191291809,1.2663153886795044,1.2617212235927582,1.256022673845291,1.2528587102890014,1.248478937149048,1.2439483761787415,1.2372253298759461,1.2327761352062225,1.2285324454307556,1.222630912065506,1.216983050107956,1.2119396328926086,1.2053459942340852,1.198864644765854,1.1927040994167328,1.1869710087776184,1.1807543218135834,1.172649335861206,1.166432499885559,1.1595759689807892,1.1539578855037689,1.1457889914512633,1.1390296995639801,1.1307986736297608,1.1228072941303253,1.1155757009983063,1.107373011112213,1.099149626493454,1.0909159183502197,1.081845772266388,1.0742153167724608,1.0640901803970337,1.0551500141620636,1.0457016825675964,1.0347282469272614,1.026808390021324,1.0166858643293382,1.00770083963871,0.9970797002315521,0.9891880482435227,0.9778097659349442,0.968131884932518,0.9570381730794907,0.9469644129276276,0.9365158200263977,0.9276298254728317,0.915025195479393,0.9058574914932251,0.8938396394252777,0.8829873681068421,0.8710852652788162,0.8595979332923889,0.8478192925453186,0.8358996689319611,0.8251153230667114,0.8126550436019897,0.8039938092231751,0.7931018710136414,0.7791282296180725,0.7672479808330536,0.7569774419069291,0.7471971690654755,0.7361708730459213,0.7223852038383484,0.7121382564306259,0.6978822559118271,0.6890865057706833,0.6765748649835587,0.6643658757209778,0.6525115668773651,0.6415620863437652,0.628583899140358,0.6153249502182007,0.6047636061906815,0.5913813829421997,0.5801458209753036,0.5669291645288468,0.5560403615236282,0.5436495870351792,0.5322090059518814,0.5207900494337082,0.5083348825573921,0.495089527964592,0.4848042085766792,0.47271065413951874,0.4595824286341667,0.4473689556121826,0.4355291038751602,0.423789469897747,0.4127782642841339,0.3987269774079323,0.38662580102682115,0.37443697899580003,0.3620530292391777,0.3490803956985474,0.337370166182518,0.3262065932154655,0.3143297493457794,0.30169629901647566,0.2882821634411812,0.2774975776672363,0.26506973803043365,0.25058410689234734,0.2379283495247364,0.22647384330630302,0.2150114133954048,0.20206384509801864,0.18860357776284217,0.17541455924510957,0.16578053534030915,0.15231448113918306,0.13967742621898652,0.1320251479744911,0.12199685387313366,0.10363432429730893,0.10107724405825139,0.09403967782855034,0.0786196731030941,0.07855978198349475,0.0,0.07289307303726673,0.08022582903504372,0.09245426282286644,0.09649004340171814,0.106248864158988,0.12280442379415035,0.13660474494099617,0.15415079817175864,0.16861684173345565,0.18899859711527825,0.21026960983872414,0.23477794155478476,0.2592486903071404,0.29113690704107287,0.34442362636327745
t_14,1.410311722755432,1.4095271348953247,1.4104113399982452,1.4091758608818055,1.4083543956279754,1.4077029407024384,1.4057822048664093,1.4043960630893708,1.4021915316581726,1.4012426018714905,1.3999612987041474,1.398255866765976,1.3980353832244874,1.3962918162345885,1.3957386553287505,1.3936806678771974,1.3915938317775727,1.3899521470069884,1.3889922201633453,1.387164705991745,1.3851414918899536,1.3849305868148805,1.3831908226013183,1.3810589134693145,1.3794532001018525,1.3784400641918182,1.377351951599121,1.3752207517623902,1.3735457122325898,1.3725858747959137,1.3706328690052032,1.3694413304328918,1.3674492061138153,1.365925532579422,1.3638763129711151,1.3614091753959656,1.3606609284877778,1.3580524682998658,1.356781578063965,1.3542716026306152,1.3527755320072175,1.3499399960041045,1.3475235760211945,1.3463113963603974,1.342975562810898,1.3404436230659484,1.3375831544399261,1.335082733631134,1.3322247743606568,1.3297617614269257,1.3263502299785614,1.3227690517902375,1.3195361077785492,1.3162878096103667,1.3123815774917602,1.3087182998657227,1.3050672352313994,1.301224821805954,1.297612738609314,1.2933666706085205,1.2883897364139556,1.28467755317688,1.2804896175861358,1.275680524110794,1.2713580071926116,1.2672572135925293,1.26267768740654,1.2570597589015962,1.2538643836975099,1.249527144432068,1.2450328707695006,1.2383511304855346,1.2338786780834199,1.2296464681625365,1.2237888634204865,1.2181828200817109,1.2131772935390472,1.2066429436206818,1.2001955211162567,1.1940459549427032,1.188325321674347,1.182117748260498,1.174105840921402,1.1678923070430756,1.1610766232013703,1.1555281400680542,1.147351896762848,1.1406539499759674,1.1324595987796784,1.1245873630046845,1.1173078835010528,1.1092629253864288,1.1010823369026184,1.0927881956100465,1.0838992595672607,1.0763352692127228,1.0662580907344819,1.0574023842811584,1.0479732632637024,1.0371213912963868,1.0291501373052596,1.0192589819431306,1.0102775603532792,0.9996592491865158,0.9917908430099487,0.9806301146745682,0.971077561378479,0.9600599765777588,0.9500617802143096,0.9396830260753631,0.9307213991880416,0.91837297976017,0.9091153919696808,0.8973896890878678,0.886550560593605,0.8747669041156769,0.8634633958339691,0.8518756568431854,0.8400662690401077,0.8292901456356049,0.8170678406953812,0.8084019035100937,0.7974897772073746,0.7838650703430176,0.7721525877714157,0.761953541636467,0.7519542694091796,0.741004204750061,0.7276938259601593,0.7174663275480271,0.703582626581192,0.6946888625621795,0.6824947685003281,0.6703326851129532,0.6586319535970688,0.6477426946163177,0.6349201619625091,0.6219563841819763,0.6113888025283813,0.5983379185199738,0.5872993320226669,0.5743245422840119,0.5635668456554412,0.5514169871807099,0.5399514466524125,0.5286836475133896,0.5161731719970704,0.5035461634397507,0.4933606117963791,0.48081629872322085,0.46855266839265824,0.4561349466443062,0.4449251592159271,0.432780884206295,0.4216838091611862,0.4085432901978493,0.3961111932992935,0.38412981033325194,0.37240313589572904,0.35960954427719116,0.34758454114198684,0.33654304295778276,0.325026860833168,0.31203392893075943,0.2989368438720703,0.28753753304481505,0.2758491635322571,0.2618999004364014,0.24884395971894263,0.23783880099654198,0.2264299623668194,0.21368296593427658,0.20062959790229798,0.18549320250749587,0.17626043334603309,0.1629345178604126,0.1500237137079239,0.14382198303937913,0.13099774569272996,0.11537667848169804,0.1070264670997858,0.10060625895857811,0.08533509597182273,0.0777328483760357,0.07289307303726673,0.0,0.07155336812138557,0.08197652138769626,0.08493136391043662,0.09665917977690697,0.10847598984837532,0.12419451922178268,0.14139886051416398,0.1552240803837776,0.17727784886956216,0.19881843999028206,0.22339617162942887,0.24729543179273605,0.2796259865164757,0.33477150946855544
t_13,1.4090876579284668,1.408310317993164,1.409201020002365,1.4079821527004241,1.4071763575077056,1.4065498888492585,1.404650741815567,1.4032893121242522,1.4011195063591004,1.4001914322376252,1.3989301860332488,1.3972432017326355,1.3970382988452912,1.395335280895233,1.3947989523410798,1.3927836894989014,1.390742826461792,1.389133983850479,1.3881869852542876,1.3864084124565124,1.3844252347946167,1.384213572740555,1.382513803243637,1.3804157376289368,1.3788331210613252,1.377839779853821,1.3767892837524414,1.374692165851593,1.3730475783348084,1.372097373008728,1.3701897084712982,1.368995589017868,1.3670573949813842,1.3655157148838044,1.3634945571422576,1.3610362350940703,1.3602918922901153,1.357688319683075,1.3564270913600922,1.3539457678794862,1.3524447441101075,1.3496095955371856,1.3472259938716888,1.3460053265094758,1.342677468061447,1.3401718437671661,1.3373048067092896,1.334814089536667,1.3319618344306945,1.329497092962265,1.3260932385921478,1.322520810365677,1.319322407245636,1.3161049664020539,1.3121949553489685,1.3085418343544006,1.3049019873142242,1.3011128902435303,1.297562938928604,1.2932739794254302,1.2883786320686341,1.2846530199050903,1.2805285274982452,1.2757552087306976,1.2714199542999267,1.2674003183841704,1.2628774702548982,1.2572306215763092,1.2541135013103486,1.2497604310512542,1.245302778482437,1.2386635363101959,1.2343302726745606,1.230097097158432,1.2242588996887207,1.2186953961849212,1.2137283265590668,1.2071921706199646,1.2008159577846527,1.1947775602340698,1.1891042709350585,1.1830344557762147,1.175003319978714,1.1689201712608337,1.1621366024017334,1.156556874513626,1.1485689580440521,1.1418705344200135,1.13377103805542,1.125839740037918,1.1188063144683837,1.1106433689594268,1.1025333464145661,1.0945692658424377,1.0855421125888824,1.0779677212238312,1.0680149137973785,1.0592179596424103,1.0499776244163512,1.0392034709453584,1.0314916491508483,1.021431750059128,1.012619858980179,1.0023132026195527,0.9945396721363068,0.9832696795463562,0.9737096816301346,0.9627907902002335,0.9529370605945587,0.9427498757839203,0.9341645151376724,0.9216706603765488,0.9128371179103851,0.900842672586441,0.8902959525585175,0.8786798655986786,0.8673123866319656,0.855744817852974,0.8440062075853347,0.833666056394577,0.8212836265563965,0.8127917915582656,0.8024305313825607,0.7885589569807052,0.7769446253776551,0.766857486963272,0.7577950149774552,0.7468618452548981,0.7333345621824264,0.7233013272285461,0.7092493087053299,0.7009338498115539,0.6885694980621337,0.6766586422920227,0.6650598585605622,0.6544915795326233,0.6418269842863082,0.6288952380418777,0.6189407229423523,0.6055244147777558,0.5946931213140487,0.5819942623376846,0.5712787926197052,0.5589592069387436,0.5483254969120026,0.5367796838283538,0.5248798906803132,0.5119301199913024,0.5020547911524773,0.49098644554615023,0.4772961184382439,0.4658340737223625,0.4536351040005684,0.44342793226242067,0.433157254755497,0.4181297764182091,0.4065068170428276,0.3947091117501259,0.3825132340192795,0.3698938116431236,0.358156806230545,0.34736507683992385,0.3355969935655594,0.32321917712688447,0.3103688403964043,0.30003551095724107,0.28806683123111726,0.2734107717871666,0.26117259860038755,0.24933738484978676,0.23811512514948846,0.2253669299185276,0.2128673352301121,0.198933095484972,0.18730442076921464,0.17574788257479668,0.16284797862172126,0.15296050310134887,0.14111657440662384,0.12469939589500427,0.1208133727312088,0.10679864138364792,0.09611453488469124,0.08634978160262108,0.08022582903504372,0.07155336812138557,0.0,0.07885391190648079,0.0805794581770897,0.0895544208586216,0.10356933176517487,0.10868107676506042,0.12741981372237204,0.1423813782632351,0.16258516758680344,0.18364659771323205,0.20845285728573798,0.2338404692709446,0.267026250064373,0.32205130755901334
t_12,1.4097793519496917,1.4090068936347961,1.409893399477005,1.4086788535118102,1.407867395877838,1.4072481453418733,1.4053493678569793,1.4039886355400086,1.401821494102478,1.4008970439434052,1.3996291160583496,1.3979454636573792,1.3977392077445985,1.396034574508667,1.3954899311065674,1.393471372127533,1.3914265930652618,1.3898083090782165,1.3888641774654389,1.387074065208435,1.3850829184055329,1.3848717570304871,1.3831720769405365,1.3810764312744142,1.3794956624507904,1.378499799966812,1.3774406015872955,1.3753479719161987,1.373696494102478,1.3727433204650878,1.3708380699157714,1.3696477174758912,1.367699134349823,1.3661797881126403,1.3641597509384156,1.3617118835449218,1.3609727025032043,1.3583816885948181,1.3571198046207429,1.3546454668045045,1.3531615376472472,1.3503396570682527,1.3479532539844512,1.3467504382133484,1.3434386014938355,1.3409483969211577,1.3381049633026123,1.3356238543987273,1.3327841639518738,1.3303511559963226,1.3269813716411591,1.3234196662902833,1.3202300190925598,1.3170318126678466,1.3131411671638489,1.309500652551651,1.3058840334415436,1.302124172449112,1.2985604643821715,1.2943341493606568,1.2894426107406616,1.2857734501361846,1.2816543281078339,1.2769148409366609,1.27262681722641,1.268610143661499,1.2641162276268005,1.2585389077663423,1.2554046392440796,1.2511080384254456,1.246688050031662,1.2401184499263764,1.2357630610466004,1.231566947698593,1.2257902204990387,1.220267003774643,1.2153389930725098,1.2088640928268433,1.2025197863578796,1.1965020835399627,1.1908464908599854,1.1848171710968018,1.1768757164478303,1.1708136200904846,1.1641286194324494,1.1586059033870697,1.1506126642227172,1.1439965844154358,1.1359570145606994,1.1281256258487702,1.1210802257061006,1.1130904853343964,1.1050483584403992,1.0970497667789458,1.0882186591625214,1.0807422757148744,1.0709083020687102,1.0622054517269135,1.053007173538208,1.042374575138092,1.0346741676330566,1.0248488783836365,1.0160452127456665,1.0058033853769301,0.9980627685785294,0.9870291411876678,0.9776336640119553,0.9668082922697068,0.9571096390485764,0.9469641089439392,0.9383680701255799,0.9261404037475586,0.9173470675945282,0.9055917084217071,0.8950906723737717,0.8836135387420654,0.872465455532074,0.8610769748687744,0.8495590537786484,0.8391418337821961,0.8271562159061432,0.8186914414167404,0.8082587003707886,0.7948308855295181,0.7833795070648193,0.7734291076660156,0.7641466856002808,0.7534669935703278,0.7403574615716935,0.7303842455148697,0.7166870832443237,0.7082879424095154,0.696276918053627,0.6844502091407776,0.673081886768341,0.6627511650323867,0.650088095664978,0.6375150114297867,0.627604267001152,0.6145965367555618,0.6039834648370743,0.591417419910431,0.5810334503650665,0.5690847396850586,0.5582720458507537,0.547208595275879,0.5352913171052933,0.5227206200361252,0.512920367717743,0.5015359625220299,0.48892408460378645,0.47736257016658784,0.4657794937491417,0.45515706986188886,0.44484167397022245,0.4306605339050293,0.4190256059169769,0.407423335313797,0.39580146223306656,0.38341931998729706,0.3718344897031784,0.36135582625865936,0.34997089207172394,0.3371382862329483,0.3248744934797287,0.31424046903848646,0.3029118850827217,0.2884960576891899,0.27642451971769333,0.26453512012958524,0.2532062254846096,0.24124742522835732,0.22860764041543008,0.2138875350356102,0.20330775231122972,0.19120384529232978,0.17883145734667777,0.1691124342381954,0.15325021073222161,0.14357008263468743,0.13276685997843743,0.12330412343144417,0.10912974923849106,0.09632719568908214,0.09245426282286644,0.08197652138769626,0.07885391190648079,0.0,0.0750915240496397,0.08610105589032173,0.09107814282178879,0.102564262971282,0.11163968555629253,0.1305898316204548,0.15128098875284196,0.17171845957636833,0.19550022780895232,0.22011629715561867,0.2533661350607872,0.31091799437999723
t_11,1.4108184576034546,1.4100553810596466,1.4109418511390686,1.4097214818000794,1.408915501832962,1.4082849204540253,1.4063892841339112,1.4050346732139587,1.4028601050376892,1.4019219338893891,1.4006645619869231,1.398976743221283,1.3987610757350921,1.3970482170581817,1.396513956785202,1.3944960415363312,1.3924417078495026,1.3908392667770386,1.389892816543579,1.3881037414073945,1.386106437444687,1.3859112799167632,1.3842074871063232,1.3821062684059142,1.3805405616760253,1.3795531332492827,1.378487116098404,1.3764197766780852,1.3747661292552948,1.3738331973552704,1.3719338119029998,1.3707621276378632,1.3688112378120423,1.3673141539096831,1.3653118431568145,1.3628782272338866,1.3621427774429322,1.3595778882503509,1.3583229422569274,1.3558562874794007,1.354386067390442,1.3515874087810515,1.34921532869339,1.3480252623558044,1.3447530925273896,1.342258447408676,1.3394318044185638,1.3369910061359405,1.3341825902462006,1.3317671597003937,1.3284146308898925,1.3249014616012573,1.3217527985572814,1.318561416864395,1.3147151350975037,1.311114239692688,1.3075319528579712,1.3037657201290132,1.3002494335174561,1.296079045534134,1.2912011325359345,1.287567287683487,1.2834625363349914,1.278766268491745,1.2745433151721954,1.2705420970916748,1.2660507321357728,1.2605490386486053,1.2574499368667602,1.2532038986682892,1.2488147556781768,1.2422813773155212,1.2379020035266877,1.2337765872478486,1.2280490100383759,1.2225653290748597,1.2176769495010376,1.2112680077552795,1.204962831735611,1.1989751935005188,1.1933727204799651,1.1873150885105133,1.179498016834259,1.1734284460544586,1.166778016090393,1.1613582789897918,1.153390610218048,1.1468551456928253,1.1388579845428466,1.1311587810516357,1.1240740060806274,1.1162527680397034,1.1082752048969269,1.1002257645130158,1.0915570616722108,1.0841732680797578,1.0743757486343384,1.0657460033893584,1.056599462032318,1.0460332214832306,1.0383273601531982,1.028660374879837,1.0199582934379579,1.0096607059240341,1.0020237028598786,0.9911532014608383,0.981855908036232,0.9711964786052704,0.961489912867546,0.951436173915863,0.9427991211414337,0.9307625085115433,0.9218640118837357,0.9104244083166122,0.8999695777893066,0.8886119455099106,0.877646592259407,0.8664562255144119,0.8550207346677781,0.8446522325277328,0.8328619569540023,0.8244810789823532,0.8140534490346909,0.8008692741394043,0.7896102249622345,0.7797671437263489,0.770256119966507,0.7597364068031311,0.7468806743621826,0.7371505498886108,0.7237151563167572,0.7152757436037064,0.703548327088356,0.691947165131569,0.6807487398386002,0.6702920377254487,0.6580175071954727,0.6456318885087967,0.6355960816144943,0.6230958670377731,0.6125206530094147,0.6001626878976822,0.5898718535900116,0.5782779604196548,0.5674611389636993,0.5566226661205291,0.5448022097349167,0.5326318591833115,0.5228873401880264,0.5112375438213348,0.49927137792110443,0.48760440200567245,0.4765747934579849,0.4655038923025131,0.4549626842141151,0.44202632158994676,0.430449965596199,0.4188922747969627,0.40764051079750063,0.3954672485589981,0.3838533028960228,0.37333543598651886,0.3621493265032768,0.34979256689548494,0.33733546584844587,0.32676647007465365,0.31531978249549864,0.30193070471286776,0.28927809447050096,0.27838125377893447,0.26631754636764526,0.25466742292046546,0.24232542887330055,0.2272319845855236,0.21723142638802528,0.20517734736204146,0.19124220460653304,0.18379568979144095,0.16882603988051414,0.15522612929344176,0.14372742995619775,0.13622120693325995,0.11943241208791733,0.10603959485888481,0.09649004340171814,0.08493136391043662,0.0805794581770897,0.0750915240496397,0.0,0.07741044871509076,0.07673734128475189,0.09223661087453365,0.10454108342528343,0.1158618114888668,0.13659411668777466,0.15891555622220038,0.18384232446551324,0.20669924169778825,0.24045167118310928,0.29983655661344527
t_10,1.4111104428768158,1.4103557229042054,1.4112335085868835,1.4100253582000732,1.4092291355133058,1.4086020588874817,1.4067356288433075,1.4053943395614623,1.4032435178756715,1.4023216784000396,1.4010687172412872,1.3993964850902558,1.3991807639598846,1.3974929690361022,1.3969541013240814,1.3949577927589416,1.3929321885108947,1.3913402676582336,1.390393739938736,1.3886200308799743,1.386640477180481,1.3864343762397766,1.3847359478473664,1.3826457917690278,1.3810809075832366,1.3800996541976929,1.3790629208087921,1.376988160610199,1.3753664314746856,1.3744426548480988,1.3725512146949768,1.3713825166225433,1.3694563686847687,1.3679503083229065,1.3659599900245667,1.3635367929935456,1.3628076493740082,1.3602446019649506,1.3590056777000428,1.3565614342689514,1.3551000356674194,1.3523187577724456,1.349960207939148,1.3487857162952424,1.345516449213028,1.3430502116680145,1.3402383506298066,1.3378172159194945,1.3350241541862489,1.3326212525367738,1.329291957616806,1.3257998764514922,1.3226515233516694,1.3194926142692567,1.3156653761863708,1.3120941042900085,1.3085387110710145,1.3048035264015199,1.3013054490089417,1.2971458971500396,1.292317008972168,1.28870729804039,1.2846250057220459,1.2799581468105317,1.2757635772228242,1.2718090951442718,1.2673680424690246,1.2618850469589233,1.2588192224502563,1.2545922636985778,1.250253939628601,1.2437690913677215,1.2394536852836608,1.2353455543518066,1.2296700179576874,1.22423135638237,1.2193819403648376,1.213011759519577,1.2067805588245393,1.2008356273174285,1.1952945172786713,1.189309960603714,1.1815265715122223,1.1755325555801392,1.1689403355121613,1.163526701927185,1.1556698441505433,1.1491642832756042,1.141267329454422,1.133623343706131,1.1266394674777984,1.1188238620758058,1.11093510389328,1.1030303418636322,1.0944023132324219,1.087092101573944,1.0773806750774384,1.0688291847705842,1.0598346412181854,1.049343568086624,1.0417864263057708,1.0321604907512665,1.023553729057312,1.0134353756904602,1.0058748930692674,0.995070880651474,0.9858692586421967,0.9752934604883194,0.9656850129365921,0.955792510509491,0.9473104894161224,0.9353515625,0.9266542464494705,0.9152464032173157,0.9049567967653275,0.893725973367691,0.8828286439180374,0.8717421740293503,0.8604489445686341,0.8502804517745972,0.8385295838117599,0.8303106516599655,0.8200748354196549,0.806939759850502,0.7957903712987899,0.7861469507217407,0.7769087851047516,0.7665540367364884,0.7537671715021134,0.7440769165754318,0.7308043897151947,0.7225955367088318,0.7109454333782196,0.6994844734668731,0.6885307282209396,0.6783371567726135,0.6661950558423996,0.6539259135723114,0.6441271185874939,0.6317361116409301,0.6214138180017471,0.6091323286294937,0.5990934520959854,0.5875064164400101,0.5769682437181473,0.5662824422121048,0.5547470480203629,0.5426538914442063,0.5331441193819046,0.521864116191864,0.5097619250416756,0.4985684007406235,0.4874690279364586,0.4766828894615173,0.4665794506669044,0.4534780248999596,0.44218689799308775,0.43090360760688784,0.4196788713335991,0.40744939893484117,0.3965423464775085,0.3861820355057716,0.37508299946784973,0.36299147754907607,0.3504756137728691,0.3403011426329613,0.32887003719806673,0.3151634708046913,0.3033736601471901,0.2920269578695297,0.28124577850103377,0.2686675027012825,0.25592859238386156,0.2425265520811081,0.23238549530506133,0.21938545778393745,0.2069617673754692,0.19613912478089332,0.1848752975463867,0.16990347653627397,0.16118762791156768,0.14837322011590004,0.1340752698481083,0.12240074239671231,0.106248864158988,0.09665917977690697,0.0895544208586216,0.08610105589032173,0.07741044871509076,0.0,0.07828443497419357,0.0847558207809925,0.09654801934957505,0.1062589805573225,0.1263296365737915,0.14569779857993126,0.17059056386351584,0.1950207069516182,0.22866387218236922,0.2881344497203827
t_9,1.4117505431175232,1.411000370979309,1.4118726015090943,1.4106647551059723,1.4098725497722626,1.409241074323654,1.4073663115501405,1.4060255587100983,1.4038609206676482,1.4029309332370759,1.401679915189743,1.400009995698929,1.3997874081134796,1.398091769218445,1.3975453197956085,1.395555818080902,1.3935251533985138,1.391926884651184,1.3909938395023347,1.3892232477664948,1.3872432231903076,1.3870536029338836,1.385365468263626,1.3832826912403107,1.3817279160022735,1.3807473838329316,1.379699993133545,1.3776469886302949,1.3760091304779052,1.3751020014286042,1.3732157170772552,1.3720619559288025,1.370127022266388,1.368665909767151,1.3666875660419464,1.3642844438552857,1.3635517716407777,1.3610175669193267,1.3597852408885955,1.357347124814987,1.3558994472026824,1.3531333923339843,1.3507844090461731,1.3496153712272645,1.3463776111602783,1.3439140975475312,1.3411187469959258,1.3387149631977082,1.3359345078468323,1.3335573434829713,1.3302456200122834,1.3267771661281587,1.323647040128708,1.3205001592636108,1.3167127251625061,1.313157844543457,1.309649246931076,1.305911022424698,1.3024032950401305,1.2983291506767274,1.2934889793395996,1.2899245858192443,1.2858448445796966,1.2812088131904602,1.277062463760376,1.2730899214744569,1.268659245967865,1.2632603406906129,1.2601914703845978,1.2560031950473785,1.251681423187256,1.2452578127384186,1.2408994555473327,1.2368461608886718,1.2312136709690094,1.2258164405822753,1.2210105061531067,1.2147011160850525,1.2085050761699676,1.2025867462158204,1.1970651745796204,1.1910945534706117,1.1834304869174956,1.1774177253246307,1.1709099411964417,1.1655696988105775,1.1576957523822784,1.1512957632541656,1.1433967351913452,1.1358758687973023,1.12883602976799,1.1212067008018494,1.1133877396583558,1.1053826272487641,1.0969393610954286,1.0897302150726318,1.0800825357437134,1.071609628200531,1.0626228272914886,1.0522391498088837,1.0446439623832702,1.0352296948432922,1.0266470193862915,1.0165055423974991,1.0089907884597777,0.9984211504459382,0.9893427193164825,0.9788744896650314,0.9693656742572785,0.9594977080821991,0.9509302288293838,0.9392376065254211,0.9304235875606537,0.9193799436092377,0.909086474776268,0.8979892045259475,0.8873209446668625,0.8764175742864608,0.8652706980705261,0.8550540238618851,0.8436448246240615,0.8354091346263885,0.8251291453838349,0.8124259889125824,0.8014226794242859,0.7918269842863083,0.7823317050933838,0.7721347868442535,0.759731313586235,0.7502294778823853,0.737308868765831,0.7289338201284409,0.7176651686429978,0.7063197225332261,0.6954810798168183,0.6853159815073013,0.673387011885643,0.6614465206861496,0.6516097813844681,0.639640498161316,0.6293856978416443,0.6173050045967102,0.607411801815033,0.596245926618576,0.5856579959392547,0.5753142535686493,0.5637965261936188,0.5520659536123276,0.5426102548837661,0.5310482740402221,0.5198966830968856,0.5083290874958039,0.4980672553181648,0.4867120862007141,0.47639025151729586,0.464480984210968,0.45310904532670976,0.4419989734888077,0.431312857568264,0.4195086658000946,0.40837408751249316,0.39813145995140076,0.3873247653245926,0.37535941153764724,0.3630989894270897,0.3527013286948204,0.34174070209264756,0.3287574782967567,0.31653363108634947,0.30547692328691484,0.29395317286252975,0.28272473216056826,0.27043356746435165,0.2557715341448784,0.24643888846039771,0.23359577655792235,0.2208475165069103,0.2123809389770031,0.19849928170442582,0.1851174056529999,0.17324701473116874,0.1641853369772434,0.14691221341490746,0.13388200104236603,0.12280442379415035,0.10847598984837532,0.10356933176517487,0.09107814282178879,0.07673734128475189,0.07828443497419357,0.0,0.08102374188601971,0.08675223328173161,0.09449896477162838,0.11574245579540729,0.13572205528616904,0.16044366508722305,0.18223265558481216,0.21574420407414435,0.2778054177761078
t_8,1.4107856512069703,1.4100398600101471,1.4109162628650664,1.4097288012504579,1.408940464258194,1.4083344638347626,1.4064899146556855,1.4051647186279297,1.4030473828315735,1.4021374523639678,1.400905478000641,1.3992570877075194,1.3990526914596557,1.397386634349823,1.3968591690063477,1.3948997616767884,1.3929037034511567,1.391328328847885,1.3904020845890046,1.3886544346809386,1.386701512336731,1.3864997565746306,1.3848331451416016,1.3827794313430786,1.3812410533428192,1.3802594184875487,1.3792445838451386,1.3772002279758453,1.3755743265151978,1.3746657431125642,1.3727981090545653,1.3716368675231934,1.3697420477867126,1.3682582199573516,1.3662933588027955,1.3638917922973632,1.3631628692150115,1.3606283247470856,1.3594104886054992,1.3569915473461152,1.3555425584316254,1.3527900159358979,1.350468212366104,1.3492901563644408,1.3460556387901306,1.3436179876327514,1.340826803445816,1.338420432806015,1.3356561958789825,1.333279949426651,1.3299871563911438,1.326541042327881,1.3234480440616607,1.3203367173671723,1.3165393412113189,1.3130009055137635,1.3094849586486816,1.3058263421058656,1.302396434545517,1.2982454419136047,1.2935014843940735,1.2899330854415894,1.28592449426651,1.281313568353653,1.2771732568740846,1.2732888758182526,1.2689156472682952,1.2634957313537598,1.2604938745498657,1.2563122510910034,1.2520376443862915,1.2456555366516113,1.2414407670497893,1.2373797357082368,1.2317741692066193,1.2264313399791718,1.2216626763343812,1.215368515253067,1.2092555940151215,1.2034412324428558,1.1979872167110444,1.1921601116657257,1.1844655334949494,1.1785977602005004,1.1721328020095825,1.1667765438556672,1.1590966880321503,1.152673876285553,1.144931173324585,1.137343454360962,1.1305770337581635,1.122832429409027,1.1150665640830995,1.1074230015277862,1.0988262474536896,1.0916006982326507,1.0821174502372741,1.0736866414546966,1.0648956418037414,1.054607379436493,1.0472818613052368,1.0376935958862306,1.0292583882808686,1.019451868534088,1.0120423167943955,1.0013537377119064,0.9922866016626358,0.9819379389286041,0.9725821524858475,0.9629204511642456,0.9547752946615219,0.9429209381341934,0.9346113085746766,0.9232386648654938,0.9132865369319916,0.9023520529270173,0.8916166514158249,0.8807436525821686,0.869737234711647,0.859907940030098,0.8483980506658554,0.8403665840625762,0.8306020587682724,0.8176898002624512,0.8068447500467301,0.7974271684885025,0.7888561457395553,0.7787470251321793,0.7661687314510346,0.7567994385957718,0.7437083125114441,0.7359730362892151,0.7245016455650329,0.7134522914886474,0.7028035312891007,0.6930313736200333,0.6811429560184479,0.6692979335784912,0.6601033329963684,0.6478045791387558,0.6378025442361832,0.6259910553693772,0.6162559926509857,0.6049906402826309,0.5950506865978241,0.5846367955207825,0.5737874180078506,0.5616063714027405,0.552416330575943,0.5423210918903351,0.5300577849149704,0.5195692270994187,0.5082692369818688,0.49887694269418714,0.489412023127079,0.4756653904914856,0.4651861473917961,0.4542307123541832,0.4431518390774727,0.43136888891458514,0.42083959132432935,0.4109214603900909,0.4000212326645851,0.38837791681289674,0.3766468524932861,0.3670617759227753,0.35597117245197296,0.3422629550099373,0.33105099499225615,0.31955681592226026,0.3087668210268021,0.2966314613819122,0.2847444027662277,0.2716233402490616,0.26045419126749036,0.24868002757430077,0.23617806136608124,0.22509092912077905,0.21250078156590463,0.19893500879406928,0.19020726382732392,0.1748848609626293,0.1627480648458004,0.14963651001453399,0.13660474494099617,0.12419451922178268,0.10868107676506042,0.102564262971282,0.09223661087453365,0.0847558207809925,0.08102374188601971,0.0,0.07506705299019814,0.08162476643919944,0.09771122559905052,0.11143446490168571,0.1378484882414341,0.16380526199936868,0.19773514494299888,0.25998855084180833
t_7,1.410601544380188,1.4098706781864165,1.4107384622097014,1.4095626711845397,1.4087809562683105,1.4081913113594056,1.4063530743122101,1.4050362884998322,1.4029403805732727,1.4020323991775512,1.4008097648620605,1.3991714715957642,1.3989711940288543,1.3973304271697997,1.3967961609363555,1.394834852218628,1.392860609292984,1.3912960946559907,1.3903751730918885,1.3886461436748505,1.3867095470428468,1.3865039587020873,1.3848473608493805,1.3828041195869445,1.3812692761421204,1.3802959084510804,1.3792832374572754,1.377256041765213,1.3756429612636567,1.3747329235076904,1.3728665709495544,1.3717178583145142,1.3698347330093383,1.368344497680664,1.3663890957832336,1.3639972925186157,1.363269430398941,1.3607497811317444,1.3595361888408661,1.3571381866931915,1.35569229722023,1.35293487906456,1.3506164371967315,1.3494499027729034,1.3462110996246337,1.3438007652759552,1.341024363040924,1.338621062040329,1.335845810174942,1.3334744334220887,1.3301926016807557,1.3267471373081208,1.3236611127853393,1.320573341846466,1.3167664766311646,1.3132564306259156,1.309752732515335,1.3061144530773163,1.3026870429515838,1.2985508680343627,1.2938362538814545,1.2903010904788972,1.2863101720809937,1.2817221939563752,1.2775718510150909,1.2737327218055725,1.2694141685962677,1.2639942944049836,1.2609953165054322,1.2568375885486602,1.252592247724533,1.246250170469284,1.2420851588249207,1.238022154569626,1.2324592411518096,1.2271448373794556,1.2224153995513916,1.2161600589752197,1.2100718915462494,1.204310941696167,1.1988814651966095,1.1931326985359192,1.1854582667350768,1.179651778936386,1.1732294499874114,1.167867660522461,1.1603029668331146,1.1538906216621398,1.146235501766205,1.1387006521224976,1.1320089280605317,1.124288547039032,1.1166130661964417,1.1090707063674927,1.100557166337967,1.0933750987052917,1.0839866697788239,1.0756447672843934,1.066941612958908,1.0567442297935485,1.0495484292507171,1.040043044090271,1.0316960334777832,1.02205548286438,1.0146675765514375,1.004080030322075,0.9951252311468124,0.9848150163888931,0.9756349921226501,0.9661140382289887,0.9581235855817795,0.9463785409927368,0.9382194697856903,0.9269576072692871,0.9171082496643066,0.9063004612922668,0.8957182466983795,0.8849404573440551,0.8740494757890701,0.8644449800252915,0.8530168384313583,0.8451075822114944,0.8355457782745361,0.8227473199367523,0.8120263129472732,0.8027200877666474,0.7944926351308823,0.7844407945871353,0.7720500320196152,0.762742429971695,0.7498610347509385,0.742302092909813,0.7309497743844986,0.720007985830307,0.7095711648464202,0.7001151144504547,0.6884370893239975,0.6767593890428543,0.6677849888801575,0.6555444449186325,0.6458131432533264,0.6343066543340683,0.6246400982141495,0.6134798705577851,0.6038563162088394,0.5935354650020599,0.5828878194093704,0.5711221635341645,0.5622261345386506,0.5523524880409241,0.5400119245052337,0.5298232674598694,0.5188150525093078,0.509644727408886,0.500563757121563,0.48685172498226165,0.4763455957174301,0.4658128708600998,0.454870443046093,0.4436006724834442,0.4331314295530319,0.4234282523393631,0.41286282539367675,0.4012717977166176,0.3897459492087364,0.380585053563118,0.36989144831895826,0.35617672801017763,0.34524385929107665,0.3336398720741272,0.32321360111236574,0.31174725741147996,0.30035239905118943,0.2870264396071434,0.27591721564531324,0.26449458599090575,0.25266213789582254,0.2412721298635006,0.22774405404925346,0.21579523980617524,0.20669051706790925,0.1918157622218132,0.17891045659780502,0.16554171219468117,0.15415079817175864,0.14139886051416398,0.12741981372237204,0.11163968555629253,0.10454108342528343,0.09654801934957505,0.08675223328173161,0.07506705299019814,0.0,0.07668712325394153,0.08775387480854988,0.10121069252490997,0.12283712066709995,0.14751676097512245,0.1815459758043289,0.24408771693706513
t_6,1.4112044990062713,1.4104804575443268,1.4113467931747437,1.4101681411266327,1.4093858182430268,1.4087900400161744,1.406959891319275,1.4056492745876312,1.403550624847412,1.4026502907276153,1.401436412334442,1.399799883365631,1.3996045887470245,1.3979672253131867,1.3974390208721161,1.395497214794159,1.3935203731060029,1.3919685125350951,1.3910574913024902,1.3893320560455322,1.387404841184616,1.3872128784656526,1.3855661571025848,1.383536660671234,1.3820223331451416,1.3810465812683106,1.3800356209278106,1.3780328035354614,1.3764219641685487,1.375513070821762,1.3736620366573333,1.3725097894668579,1.3706196188926696,1.3691563546657561,1.3672141134738922,1.3648292541503906,1.3641024231910706,1.3616025924682618,1.3603986263275147,1.357990962266922,1.3565517723560334,1.3538088142871856,1.3514938831329346,1.350332099199295,1.3471211791038513,1.3447041094303132,1.3419320225715636,1.339550995826721,1.3367928624153138,1.3344315588474274,1.331162029504776,1.3277409970760345,1.3246830999851227,1.3215980172157287,1.3178250014781951,1.314335000514984,1.3108558297157287,1.3072191655635834,1.303814858198166,1.299714595079422,1.2950145542621612,1.2915094912052154,1.2875288128852844,1.2829853177070618,1.2788680970668793,1.2750214397907258,1.2707057535648345,1.2653574466705322,1.2623752892017364,1.2582584023475647,1.2540259599685668,1.2477303504943849,1.2435541927814484,1.2395524740219117,1.2340382397174836,1.228757506608963,1.2240498602390288,1.2178455531597137,1.2118006706237794,1.206071376800537,1.2006787300109862,1.19490305185318,1.1873575150966644,1.181536728143692,1.1751833081245422,1.1698953688144684,1.1623153626918792,1.155994826555252,1.1483719646930695,1.1409196615219117,1.1341907978057861,1.1266426026821137,1.119029152393341,1.1114485323429109,1.1030831277370452,1.0960034430027008,1.086680668592453,1.0784306287765504,1.0697581589221954,1.0596888661384583,1.0524846255779265,1.0431437611579895,1.0348432600498199,1.0252325028181075,1.0179335683584214,1.0074866652488708,0.9986454963684082,0.9885321885347367,0.9794019281864166,0.9698772192001343,0.9619091004133224,0.9503244280815124,0.942174232006073,0.931124010682106,0.9213723570108414,0.910687330365181,0.9002820551395416,0.8896644562482834,0.8789570271968842,0.8693187087774277,0.8582137644290924,0.8503607779741287,0.8407521456480026,0.8283097743988037,0.8177640348672867,0.8085822612047195,0.8001297563314438,0.7903081625699997,0.7781758725643158,0.7691100865602494,0.7565347671508789,0.7488744735717774,0.7377893328666687,0.727050170302391,0.7168277770280838,0.7073402136564255,0.695876631140709,0.684447056055069,0.6754575580358505,0.6637734413146973,0.6540558129549027,0.6427326083183289,0.6333481311798096,0.6225326180458068,0.6128642082214355,0.602848568558693,0.5923266053199768,0.5808370739221573,0.5720103710889817,0.5620633453130722,0.550464752316475,0.5402401000261307,0.5295792013406754,0.5202364057302475,0.5109548509120941,0.4982239916920662,0.48813159465789796,0.4775036633014679,0.46709323227405547,0.45594292879104614,0.4458110690116882,0.43613123893737793,0.4257826328277588,0.414499269425869,0.4030986770987511,0.3939733490347862,0.38333673030138016,0.37033083736896516,0.3593736544251442,0.34861652702093127,0.3379985108971596,0.32653391510248186,0.31516368836164477,0.3022379666566849,0.2916715323925018,0.28013795912265776,0.2677188187837601,0.257405723631382,0.24466123655438424,0.23180453851819038,0.22233216241002082,0.20828876420855522,0.1949167713522911,0.18128174915909767,0.16861684173345565,0.1552240803837776,0.1423813782632351,0.1305898316204548,0.1158618114888668,0.1062589805573225,0.09449896477162838,0.08162476643919944,0.07668712325394153,0.0,0.07769336178898811,0.0879693228751421,0.11094199828803539,0.13180397525429727,0.1651931807398796,0.2291310504078865
t_5,1.411203932762146,1.4104941844940186,1.4113567113876342,1.4101989328861237,1.4094277322292328,1.4088426113128663,1.4070442140102386,1.4057581067085265,1.4036820948123931,1.4027949631214143,1.4015967309474946,1.3999795079231263,1.3997800946235657,1.3981644213199615,1.3976523280143738,1.395738923549652,1.3937999963760377,1.392272800207138,1.3913702011108398,1.389668583869934,1.387760692834854,1.3875631272792817,1.3859385669231414,1.3839257955551147,1.3824243605136872,1.3814715504646302,1.3804777085781097,1.3784927070140838,1.3768961429595947,1.3760143220424652,1.374181866645813,1.373053628206253,1.371188473701477,1.3697252810001372,1.3678065180778503,1.365439200401306,1.3647203981876372,1.3622384786605835,1.361042034626007,1.3586732029914856,1.357244509458542,1.3545244812965394,1.352234435081482,1.3510790824890138,1.3478945732116698,1.345501309633255,1.3427567183971405,1.3403926074504853,1.3376548528671264,1.3353328466415406,1.332083821296692,1.3286900341510772,1.3256609201431275,1.3226130723953247,1.3188601732254028,1.3154098570346833,1.3119671046733856,1.3083801805973052,1.305026388168335,1.3009429037570954,1.2963043749332428,1.2928124964237213,1.2888847947120667,1.2843713104724883,1.28030726313591,1.2765143752098083,1.2722504138946533,1.2669109404087067,1.2639956057071686,1.2599155247211455,1.2557237207889558,1.2494951784610748,1.2454036891460418,1.2414231896400452,1.2359499394893647,1.230746614933014,1.226090633869171,1.219945740699768,1.2139816403388977,1.208325707912445,1.203009444475174,1.197349101305008,1.1898109436035156,1.1841064393520355,1.177786111831665,1.1725413382053376,1.1651149272918702,1.1588323950767516,1.151319867372513,1.1439426064491272,1.13736732006073,1.1298063278198243,1.1222806036472321,1.114905095100403,1.1065553963184356,1.0995441794395446,1.0903055310249328,1.0821265995502471,1.073648339509964,1.0636409223079681,1.0566143214702606,1.0472809672355652,1.0391377806663513,1.0296922981739045,1.0225289732217788,1.0121131181716918,1.0033393442630767,0.9933140754699707,0.9842721164226532,0.9750420063734054,0.96724072098732,0.9557484984397888,0.9478029608726501,0.9367887258529664,0.9272251099348068,0.916678273677826,0.9063397258520126,0.8958664923906327,0.8852249175310135,0.875980794429779,0.8647717416286469,0.8571699410676956,0.8479486703872681,0.8353940486907959,0.8250314593315125,0.8160298585891723,0.8080887824296952,0.7983674705028534,0.7862467348575592,0.7773545056581497,0.7648601830005646,0.7575955539941788,0.7465694695711136,0.7360773533582687,0.7260077565908432,0.7168186336755753,0.7057358652353287,0.6943497151136399,0.6856902837753296,0.6739496946334839,0.6645374119281768,0.6535237431526184,0.6441545486450195,0.6334673345088959,0.6243058502674103,0.6143450886011124,0.6042001128196717,0.5928970128297806,0.5844102174043655,0.5750509679317475,0.56293203830719,0.5533950328826904,0.5427431225776672,0.534096971154213,0.5253464102745056,0.5122443467378617,0.5024356186389923,0.4923230096697807,0.4817023783922195,0.471006466448307,0.4610036626458168,0.45163111537694933,0.4416264846920967,0.43066598623991015,0.4195107012987137,0.4110729143023491,0.40066893100738527,0.38754416108131406,0.37690117955207825,0.36620476841926575,0.3559216007590294,0.3450402796268463,0.33415124863386153,0.3215133652091026,0.3106934055685997,0.2997118055820465,0.28791511207818987,0.2767712205648422,0.26489538997411727,0.2512909583747387,0.2437899351119995,0.22842591032385826,0.2154592126607895,0.2035129763185978,0.18899859711527825,0.17727784886956216,0.16258516758680344,0.15128098875284196,0.13659411668777466,0.1263296365737915,0.11574245579540729,0.09771122559905052,0.08775387480854988,0.07769336178898811,0.0,0.07863201424479485,0.09357562959194184,0.11429145522415637,0.14738747850060463,0.20973676145076753
t_4,1.410562628507614,1.4098590552806853,1.4107289969921113,1.409575879573822,1.408802682161331,1.4082259476184844,1.4064359664916992,1.405165868997574,1.4031045377254485,1.4022247672080994,1.4010280251502991,1.3994283199310302,1.3992386400699615,1.3976350128650665,1.3971220552921295,1.3952240169048309,1.3932925462722778,1.3917739152908326,1.3908839881420136,1.3892063736915587,1.387314260005951,1.387122255563736,1.3855113983154297,1.3835152983665466,1.3820416331291199,1.381092357635498,1.3801063358783723,1.3781436383724213,1.3765631675720216,1.3756721377372743,1.3738715291023254,1.3727455854415893,1.3709047615528107,1.3694516956806182,1.3675487518310547,1.3651964902877807,1.364483857154846,1.3620152473449707,1.3608265459537505,1.35846666097641,1.3570298612117768,1.3543256640434265,1.3520367980003356,1.350881826877594,1.3477175533771515,1.3453479051589965,1.3425996601581573,1.3402469515800477,1.3375176548957826,1.3351929545402528,1.3319612205028535,1.3285814106464386,1.325578159093857,1.3225471198558807,1.3188154876232148,1.3153612196445466,1.311944830417633,1.3083854734897613,1.305055207014084,1.3010039627552032,1.296385371685028,1.2929245114326477,1.2890286684036254,1.2845553159713745,1.2804883003234864,1.2767221629619598,1.2724794149398804,1.2672006487846375,1.264303320646286,1.2602320075035096,1.2560841679573058,1.2499001681804658,1.2458593547344208,1.241893458366394,1.236463910341263,1.2312979102134705,1.2266735553741455,1.2205575466156007,1.2146356225013732,1.2090594589710235,1.2037554323673247,1.1981759250164032,1.1907045364379882,1.1850504398345947,1.178842055797577,1.1736102283000946,1.166250890493393,1.1600448071956635,1.1526098728179932,1.1452558755874633,1.1387606978416442,1.1313319385051728,1.123865669965744,1.1165802776813507,1.1082928657531739,1.1013376772403718,1.0922897279262542,1.0841965436935426,1.075811767578125,1.0659752070903779,1.0590308427810669,1.0497942984104156,1.0417084336280822,1.0324865698814392,1.0253658086061477,1.0150873005390166,1.0064303815364837,0.9965867847204208,0.9877658754587173,0.9785205483436584,0.9709557712078094,0.9595416218042374,0.9518496096134186,0.9409085839986802,0.9315341651439667,0.9212044388055801,0.9110522896051407,0.9007133275270462,0.890370175242424,0.8811023771762848,0.8703024566173554,0.8627472221851349,0.8536522150039673,0.8414979100227356,0.8312881082296372,0.8224199146032334,0.8146764487028122,0.80518157184124,0.7933192402124405,0.7846181571483613,0.7723089426755905,0.7651678889989852,0.7543610125780106,0.7441021740436554,0.734278330206871,0.7253058582544327,0.7141732305288315,0.7032018601894379,0.6948994159698486,0.6833888977766037,0.6741221308708191,0.6632596403360367,0.6543755531311035,0.6438773959875107,0.6348835319280625,0.625287440419197,0.6155225932598114,0.6041248798370361,0.5956997215747833,0.5869886368513108,0.5754224687814713,0.5659908920526504,0.5552802115678788,0.547252967953682,0.5388361901044846,0.525719889998436,0.5163873165845871,0.506402587890625,0.49621275067329407,0.48560054749250414,0.4762026906013489,0.46717471778392794,0.4571965903043747,0.44665865749120715,0.43600370585918424,0.4274916246533394,0.4172969877719879,0.40450931787490846,0.3946941033005714,0.38393175303936006,0.3740317329764366,0.3628780320286751,0.35221458673477174,0.3404967665672302,0.3295771986246109,0.31888374090194704,0.30721177309751513,0.2960881993174553,0.2843201220035553,0.2722989544272423,0.26385636925697326,0.24837561920285225,0.23708083853125572,0.2241283319890499,0.21026960983872414,0.19881843999028206,0.18364659771323205,0.17171845957636833,0.15891555622220038,0.14569779857993126,0.13572205528616904,0.11143446490168571,0.10121069252490997,0.0879693228751421,0.07863201424479485,0.0,0.07836903780698776,0.09891809411346912,0.1261680856347084,0.19062332287430764
t_3,1.4107291221618652,1.4100387692451477,1.4108969926834107,1.4097582042217254,1.4089877605438232,1.4084244191646575,1.406644058227539,1.4053775727748872,1.4033320009708405,1.4024556159973145,1.4012580215930939,1.399666929244995,1.3994751036167146,1.397881853580475,1.3973815441131592,1.3954985380172729,1.3935874462127686,1.3920851349830627,1.3911982774734497,1.3895306050777436,1.3876563131809234,1.3874634444713592,1.3858608782291413,1.3838881134986878,1.3824269413948058,1.3814760625362397,1.3805001556873322,1.3785555422306062,1.376980757713318,1.376104712486267,1.3743142247200013,1.3732012391090394,1.3713610649108887,1.3699247062206268,1.368029350042343,1.365689718723297,1.3649852991104126,1.3625227868556977,1.3613489151000977,1.3589927017688752,1.3575667500495912,1.3548818051815033,1.3526000320911407,1.3514647901058197,1.348303645849228,1.345961332321167,1.3432194352149964,1.3408807158470153,1.3381594598293305,1.3358480095863343,1.3326380252838135,1.3292925775051116,1.3262908220291139,1.3232885718345642,1.3195564091205596,1.3161404490470887,1.3127368211746215,1.3091977536678314,1.305883812904358,1.3018555343151093,1.2972724854946136,1.2938574492931365,1.2899837732315063,1.285524159669876,1.2814931333065034,1.2777574241161347,1.273572838306427,1.2683278322219849,1.2654455721378326,1.261427289247513,1.2572994530200958,1.251181524991989,1.247163897752762,1.2432218670845032,1.2378274202346802,1.2327210903167725,1.2281390070915221,1.2220851540565492,1.216210412979126,1.2106666564941406,1.2054145336151123,1.199894869327545,1.1924569725990295,1.1868639409542083,1.1807178735733033,1.1755183219909668,1.1682648479938507,1.1621019959449768,1.154736328125,1.1474792778491973,1.1410436749458313,1.133660238981247,1.1262830197811127,1.1190849423408509,1.110895001888275,1.1040297389030456,1.0950567483901978,1.087061995267868,1.0787876009941102,1.069034034013748,1.062186026573181,1.0530858933925629,1.0450937092304229,1.036006611585617,1.0289523780345917,1.018819299340248,1.0102603554725647,1.0004839211702348,0.9917722553014755,0.9827298432588577,0.9752833604812622,0.9640471845865249,0.9564406275749207,0.9456843078136444,0.9364445567131042,0.926235419511795,0.9162601709365845,0.9060344904661178,0.895816546678543,0.8868005454540253,0.8761126428842545,0.8687006145715713,0.8598152071237564,0.8478124529123306,0.8377809882164001,0.8290668100118637,0.8216122269630433,0.8121973007917405,0.8006122410297394,0.792034062743187,0.7800112992525101,0.7730501681566239,0.7624513447284699,0.7523869276046753,0.7427640169858932,0.7340756595134735,0.7233076006174087,0.7124927997589111,0.7043558597564697,0.6930964827537537,0.6841270893812179,0.6736653357744217,0.6648423194885253,0.6545759201049804,0.6459163367748261,0.6364883482456207,0.627047336101532,0.6161337405443191,0.6079521775245667,0.5994580268859864,0.5880141884088517,0.5789785712957383,0.5686112701892853,0.5609096348285675,0.552864420413971,0.5400755941867829,0.5307664811611176,0.5213087022304534,0.5112823873758316,0.5012279555201531,0.4919476121664047,0.4832718461751938,0.47366351932287215,0.463416200876236,0.4531767100095749,0.44485030621290206,0.4352366030216217,0.4226569890975952,0.4133403286337852,0.4027180016040802,0.3933304205536842,0.38273661583662033,0.37234977930784224,0.3609257146716118,0.3504032492637634,0.33996671438217163,0.32917655557394027,0.31773754209280014,0.30651270896196364,0.29498777687549593,0.28684189915657043,0.27167337089776994,0.2605390712618828,0.24848634004592896,0.23477794155478476,0.22339617162942887,0.20845285728573798,0.19550022780895232,0.18384232446551324,0.17059056386351584,0.16044366508722305,0.1378484882414341,0.12283712066709995,0.11094199828803539,0.09357562959194184,0.07836903780698776,0.0,0.08013118430972099,0.10720058046281337,0.1684937596321106
t_2,1.4115074157714844,1.4108237206935883,1.4116798043251038,1.410534644126892,1.4097638249397277,1.4091923475265502,1.407407248020172,1.4061415851116181,1.4040847718715668,1.4032063782215118,1.4020138025283813,1.400415873527527,1.4002224564552308,1.3986169934272765,1.3981020748615265,1.3962066531181336,1.3942711055278778,1.392784196138382,1.3918892979621886,1.3902207612991333,1.3883229970932007,1.3881467938423158,1.3865352034568788,1.3845439553260803,1.3830803394317628,1.3821291863918304,1.3811334788799285,1.3792091190814972,1.3776195108890534,1.3767544090747834,1.3749690413475038,1.3738565981388091,1.3720013618469238,1.3706018149852752,1.3687218844890594,1.3663875043392182,1.365693312883377,1.363266122341156,1.362090128660202,1.3597464442253113,1.3583547592163085,1.3556896209716798,1.3534128069877625,1.3522925913333892,1.3491746127605437,1.3468231976032257,1.3441108822822572,1.341815447807312,1.3391265273094177,1.3368448317050934,1.3336615562438965,1.3303493440151215,1.3273896872997284,1.324391281604767,1.3207271099090576,1.3173345088958741,1.313985413312912,1.310445600748062,1.3071440994739532,1.3032017827033997,1.2986365497112273,1.295265108346939,1.2913929581642152,1.2869847178459168,1.2830496907234192,1.2792962431907653,1.2751134634017944,1.2699735403060912,1.267119789123535,1.263142967224121,1.2590661525726319,1.253010368347168,1.2489558279514312,1.2451032102108002,1.2397857546806335,1.2347156643867492,1.2301659047603608,1.2241858303546906,1.2183614790439605,1.212839549779892,1.207603919506073,1.2020659446716309,1.194804662466049,1.1891833782196044,1.1831029653549194,1.1780190885066986,1.1707082390785217,1.1646682977676392,1.1573251903057098,1.150225168466568,1.1437047243118286,1.1365466833114624,1.129263126850128,1.1219323813915252,1.1139555871486664,1.107209897041321,1.0983143329620362,1.0904204785823821,1.0822058260440826,1.072604089975357,1.0656647324562072,1.056838971376419,1.0489341199398041,1.0397745668888092,1.0328787505626678,1.0229604184627532,1.014557334780693,1.0049815863370894,0.996301707625389,0.9873351126909256,0.9798230975866318,0.9688828945159912,0.9612087726593017,0.950827169418335,0.9416456669569016,0.9316170156002045,0.9218649417161942,0.9119137644767761,0.9018727153539657,0.8928752303123474,0.8825200229883194,0.8751766502857208,0.8662459284067154,0.8547345489263535,0.8449183404445648,0.8363579750061035,0.8285369873046875,0.8194068253040314,0.8082909226417542,0.7999287635087967,0.7883355289697647,0.7812687218189239,0.7711216151714325,0.7613283038139343,0.7518910676240921,0.7431882381439209,0.7327081143856049,0.7222495228052139,0.7140666574239731,0.7034993439912796,0.6947037905454636,0.684432852268219,0.6759428083896637,0.6660483002662658,0.6574055314064026,0.6484770715236664,0.638927897810936,0.628669199347496,0.6205704003572464,0.6118392139673233,0.6013865798711777,0.5923510372638703,0.5825095862150192,0.5747181296348571,0.5664978623390198,0.5549026846885681,0.5457913011312485,0.536541086435318,0.5271630942821502,0.5173861294984817,0.5082256376743317,0.49991346299648287,0.49060394018888476,0.4807129979133606,0.47086504101753235,0.4624273344874382,0.4530067786574364,0.4415274322032928,0.4322302550077438,0.4223864391446114,0.41310216039419173,0.40295096337795255,0.39265589863061906,0.38118786662817,0.371551887691021,0.36143831312656405,0.3503668010234833,0.34024852365255354,0.3290994465351105,0.31806806921958924,0.3086529657244682,0.29559437930583954,0.2847895100712776,0.2711303770542145,0.2592486903071404,0.24729543179273605,0.2338404692709446,0.22011629715561867,0.20669924169778825,0.1950207069516182,0.18223265558481216,0.16380526199936868,0.14751676097512245,0.13180397525429727,0.11429145522415637,0.09891809411346912,0.08013118430972099,0.0,0.08262297846376895,0.14621512293815614
t_1,1.4117357730865479,1.4110829830169678,1.411936503648758,1.4108051359653473,1.4100452542304993,1.4094782531261445,1.4077141642570496,1.406482881307602,1.4044524371623992,1.4035895109176635,1.4024100244045257,1.400834560394287,1.400644999742508,1.3990580677986144,1.3985525012016295,1.3966887295246124,1.3947678446769713,1.3933077156543732,1.39242462515831,1.39077987074852,1.3889135360717773,1.3887505292892457,1.3871628880500793,1.3851894795894624,1.3837423026561737,1.3828052282333374,1.3818439066410064,1.3799394607543944,1.378362810611725,1.3775141894817353,1.3757444620132446,1.3746525764465332,1.3728089690208436,1.3714209377765656,1.369571900367737,1.367244440317154,1.3665514171123505,1.3641456961631775,1.3629758596420287,1.3606501162052154,1.3592668533325196,1.3566219329833984,1.3543677568435668,1.3532536983489991,1.3501661539077758,1.347820270061493,1.345119160413742,1.3428344905376435,1.3401542246341704,1.3378851175308228,1.3347237050533294,1.3314341187477112,1.3285022020339965,1.3255144357681274,1.321872639656067,1.318489235639572,1.3151736080646514,1.3116546034812928,1.3083676874637604,1.3044745683670045,1.2999365866184234,1.2965799212455749,1.292747139930725,1.288373851776123,1.284453707933426,1.2807428240776062,1.2765848100185395,1.2714914739131928,1.2686489462852477,1.2647116899490356,1.2606771826744079,1.2546639561653137,1.2506466567516328,1.246830552816391,1.2415590107440948,1.2365514039993286,1.232042533159256,1.226123994588852,1.220351481437683,1.2148892819881438,1.2097139596939086,1.2042222201824189,1.197028011083603,1.1914609491825103,1.185480785369873,1.1804431974887848,1.1732328057289123,1.167262715101242,1.1599944174289702,1.1529844880104065,1.1465375423431396,1.1395382761955262,1.1323384404182435,1.1250856935977935,1.117226278781891,1.1105871498584747,1.1018380641937255,1.0940679073333741,1.0859584748744964,1.0765194356441499,1.0696679890155791,1.0610090017318725,1.0531907320022582,1.0441939890384675,1.0374085307121277,1.0276751875877381,1.0194311082363128,1.0100660651922226,1.001558592915535,0.9927365183830261,0.9853615492582322,0.9746501564979553,0.967111399769783,0.956983682513237,0.9479807615280151,0.9381673812866211,0.9286804676055909,0.9189438909292221,0.9091431558132171,0.9003001809120178,0.8902502208948135,0.8830997437238693,0.8743330985307693,0.8631657928228378,0.8536202341318131,0.8452796071767807,0.8376196891069412,0.8287309288978577,0.8179687440395356,0.8098518252372742,0.798568531870842,0.7916346400976181,0.7818158686161041,0.7723073661327362,0.7631839632987976,0.7547603279352189,0.7445548981428146,0.7344986617565155,0.7265729486942292,0.716371876001358,0.707860779762268,0.6979002356529236,0.6897853314876556,0.680277305841446,0.6718836545944213,0.6633255898952484,0.6541903436183929,0.6442287415266037,0.63644380569458,0.6280661791563034,0.6181514650583267,0.6094594478607178,0.6000126034021378,0.5924951702356338,0.5846183955669403,0.5735438466072083,0.564832791686058,0.555905994772911,0.5470381408929825,0.5376655757427216,0.5289948761463166,0.5210165321826935,0.5121065139770508,0.5026860430836677,0.493269681930542,0.4852309629321098,0.47629005610942843,0.4652941420674324,0.4564832076430321,0.4470512419939041,0.43811632692813873,0.42843137234449385,0.41872275471687315,0.4078157052397728,0.3986519604921341,0.3890111789107323,0.3784200668334961,0.36884749084711077,0.35804395377635956,0.34782094657421114,0.33851818144321444,0.32614491879940033,0.31576559245586394,0.30272851288318636,0.29113690704107287,0.2796259865164757,0.267026250064373,0.2533661350607872,0.24045167118310928,0.22866387218236922,0.21574420407414435,0.19773514494299888,0.1815459758043289,0.1651931807398796,0.14738747850060463,0.1261680856347084,0.10720058046281337,0.08262297846376895,0.0,0.11315005421638488
t_0,1.4101307272911072,1.4095380067825318,1.4103902339935304,1.409317970275879,1.4086092293262482,1.4080878674983979,1.406444138288498,1.405286157131195,1.4033561289310454,1.402560532093048,1.4014527678489686,1.3999873101711273,1.3998329401016236,1.3983704268932342,1.3979206264019013,1.396179163455963,1.3943999886512757,1.393048244714737,1.3922155261039735,1.3906983494758607,1.3889631450176239,1.3888006031513214,1.3873177528381349,1.3854680716991425,1.384078472852707,1.3831947207450868,1.3823456466197968,1.3805109798908233,1.3790318846702576,1.3782380938529968,1.3765471220016479,1.3755015015602112,1.3737956285476685,1.3723864793777465,1.3706083178520203,1.3683483719825744,1.3676681220531464,1.3652993500232697,1.3641418039798736,1.3618955731391906,1.3605204582214356,1.3579014241695404,1.3557115375995636,1.3545724213123322,1.3515107870101928,1.34920836687088,1.3465400040149689,1.3442452132701874,1.3415819704532623,1.3393182098865508,1.3361985862255097,1.3329092860221863,1.330019772052765,1.3270816385746003,1.323391890525818,1.3200674593448638,1.316743928194046,1.3132950901985168,1.3100848615169525,1.3060683965682984,1.3016454577445984,1.2982627213001252,1.2945306062698365,1.290154868364334,1.2861907601356506,1.282604306936264,1.2785640716552735,1.273399442434311,1.2706408202648163,1.266704797744751,1.2626945972442627,1.2567713856697083,1.2529107809066773,1.249057298898697,1.243803036212921,1.2388087511062622,1.2343862771987915,1.2285256326198577,1.222836935520172,1.2174847781658173,1.212445217370987,1.2071853458881379,1.1999135613441467,1.1945361912250518,1.1886132061481476,1.1834712505340577,1.1766502857208252,1.1706161677837372,1.1635848701000213,1.15655158162117,1.1504456877708436,1.1432550430297852,1.1361912548542024,1.1294557631015778,1.1215333580970763,1.1149460554122925,1.1063662767410278,1.0987130105495453,1.0908643007278442,1.081602942943573,1.0752508640289307,1.0664458692073822,1.0588949382305146,1.0504417538642883,1.043826174736023,1.0340538144111633,1.0259887337684632,1.0167937487363816,1.008580294251442,1.0001886636018753,0.9934195637702942,0.9826957941055298,0.9757375419139862,0.9655534237623214,0.9570108145475388,0.947441640496254,0.938231709599495,0.9285659462213516,0.919048872590065,0.9109570533037186,0.9008552432060242,0.8942467212677002,0.8862179398536683,0.8748726844787598,0.8656514078378678,0.8577514052391052,0.8514021098613739,0.8427140861749649,0.831944876909256,0.8240939229726791,0.81294164955616,0.8068918615579606,0.7969988077878952,0.7879738003015518,0.7793318003416061,0.7716657668352127,0.7621607482433319,0.7523101419210434,0.7452837467193604,0.7348850548267365,0.7270358830690384,0.7178172707557678,0.7097801715135574,0.7006205379962921,0.6933469504117966,0.6847173362970352,0.6768022745847702,0.6669621944427491,0.6601071000099182,0.6531644284725189,0.6422835409641265,0.6349259644746781,0.6256003439426422,0.6192556768655777,0.612592288851738,0.6009978413581848,0.5931194841861724,0.5850731998682022,0.5762404590845108,0.5678795665502548,0.5600736290216446,0.5525079220533371,0.5444210141897201,0.5357002407312393,0.5267925024032593,0.5206226021051407,0.5126397281885147,0.5014095306396484,0.4935490250587463,0.48469174802303316,0.4765384316444397,0.468133382499218,0.46002043038606644,0.45018580108880996,0.44134387373924255,0.43275940120220185,0.4239795163273811,0.4140446722507477,0.40474547296762464,0.3947945907711983,0.3892750456929207,0.37570017427206037,0.3659111842513084,0.35639352202415464,0.34442362636327745,0.33477150946855544,0.32205130755901334,0.31091799437999723,0.29983655661344527,0.2881344497203827,0.2778054177761078,0.25998855084180833,0.24408771693706513,0.2291310504078865,0.20973676145076753,0.19062332287430764,0.1684937596321106,0.14621512293815614,0.11315005421638488,0.0
