,t_199,t_198,t_197,t_196,t_195,t_194,t_193,t_192,t_191,t_190,t_189,t_188,t_187,t_186,t_185,t_184,t_183,t_182,t_181,t_180,t_179,t_178,t_177,t_176,t_175,t_174,t_173,t_172,t_171,t_170,t_169,t_168,t_167,t_166,t_165,t_164,t_163,t_162,t_161,t_160,t_159,t_158,t_157,t_156,t_155,t_154,t_153,t_152,t_151,t_150,t_149,t_148,t_147,t_146,t_145,t_144,t_143,t_142,t_141,t_140,t_139,t_138,t_137,t_136,t_135,t_134,t_133,t_132,t_131,t_130,t_129,t_128,t_127,t_126,t_125,t_124,t_123,t_122,t_121,t_120,t_119,t_118,t_117,t_116,t_115,t_114,t_113,t_112,t_111,t_110,t_109,t_108,t_107,t_106,t_105,t_104,t_103,t_102,t_101,t_100,t_99,t_98,t_97,t_96,t_95,t_94,t_93,t_92,t_91,t_90,t_89,t_88,t_87,t_86,t_85,t_84,t_83,t_82,t_81,t_80,t_79,t_78,t_77,t_76,t_75,t_74,t_73,t_72,t_71,t_70,t_69,t_68,t_67,t_66,t_65,t_64,t_63,t_62,t_61,t_60,t_59,t_58,t_57,t_56,t_55,t_54,t_53,t_52,t_51,t_50,t_49,t_48,t_47,t_46,t_45,t_44,t_43,t_42,t_41,t_40,t_39,t_38,t_37,t_36,t_35,t_34,t_33,t_32,t_31,t_30,t_29,t_28,t_27,t_26,t_25,t_24,t_23,t_22,t_21,t_20,t_19,t_18,t_17,t_16,t_15,t_14,t_13,t_12,t_11,t_10,t_9,t_8,t_7,t_6,t_5,t_4,t_3,t_2,t_1,t_0
t_199,0.0,0.037738341651856896,0.03806114289909601,0.05052718855440617,0.06086730603128672,0.07648820914328099,0.10134991928935051,0.12469502948224545,0.1526533231139183,0.1680094599723816,0.1900208532810211,0.21356116756796836,0.22369929850101472,0.2580992981791496,0.2750448644161224,0.30721721351146697,0.33612769544124604,0.3691287264227867,0.3819551974534988,0.4161646574735641,0.4469973862171173,0.4584159776568413,0.48452447205781934,0.5159651279449463,0.5376214563846589,0.5548427432775498,0.5777256786823273,0.6051954597234726,0.6262865722179413,0.6442466348409652,0.6735573559999466,0.6854525208473206,0.7133252143859863,0.7249944239854813,0.748612979054451,0.767337954044342,0.7760147839784622,0.7941022396087647,0.8063245177268982,0.8225364297628402,0.8316492587327957,0.8475439071655273,0.8633518874645233,0.868451002240181,0.8847663462162018,0.8955951005220413,0.9074703723192215,0.9174781531095505,0.9317138850688934,0.9411053150892258,0.951704916357994,0.962624317407608,0.9734845042228699,0.9850032806396485,0.995087879896164,1.0064856469631196,1.0160920560359954,1.0271960258483888,1.0372829973697661,1.0438344299793243,1.056774765253067,1.0644167304039,1.0740574836730956,1.0837842404842377,1.0930154979228974,1.10081787109375,1.1097642600536346,1.1176399350166322,1.124886441230774,1.131030160188675,1.137881237268448,1.1475318908691405,1.155587089061737,1.1608101904392243,1.1675478518009186,1.1754718244075775,1.1809095323085785,1.1872697174549103,1.1957627594470979,1.2034490287303925,1.2085849285125732,1.2166448533535004,1.2230264842510223,1.22963228225708,1.2350873291492461,1.2389376640319825,1.2472592115402221,1.2510733783245087,1.2581398725509643,1.2616756975650787,1.2687916815280915,1.2719793379306794,1.2763590812683105,1.2842725932598114,1.2871274054050446,1.291049098968506,1.295425134897232,1.3002054870128632,1.306117707490921,1.3108588397502898,1.316209888458252,1.3183010518550873,1.3221628308296203,1.3270337998867034,1.3294542372226714,1.331748253107071,1.3343605518341064,1.3381353676319123,1.3417136371135712,1.3454368174076081,1.349675679206848,1.3510077476501465,1.3558705985546111,1.3562488675117492,1.3597991824150086,1.3626541912555694,1.3648755967617034,1.3656626701354981,1.3683437347412108,1.371699446439743,1.3729259967803955,1.3736952006816865,1.3771000862121583,1.3775595366954803,1.379387491941452,1.381271356344223,1.3847689926624298,1.385550421476364,1.386987030506134,1.3879810750484467,1.3880638778209686,1.3901436924934387,1.3908059775829316,1.391999089717865,1.392969810962677,1.3949214160442351,1.3957195103168487,1.396296501159668,1.3989121794700623,1.3986543893814087,1.399804025888443,1.401055932044983,1.4019717454910279,1.4019245207309723,1.4033371090888977,1.4033456325531006,1.4046798646450043,1.404832011461258,1.4051966786384582,1.4078182697296142,1.4059979438781738,1.4068836629390717,1.4057363033294679,1.4085318207740785,1.410033404827118,1.4084083974361419,1.409547209739685,1.4090219974517821,1.409739124774933,1.4101836502552032,1.4100443184375764,1.4109905779361724,1.4116008520126342,1.411588340997696,1.411713922023773,1.4130025029182434,1.4128757059574126,1.411872637271881,1.4129686236381531,1.4127147555351258,1.4138003170490265,1.4134775817394256,1.414094966650009,1.4146430850028993,1.4133922576904296,1.4139612555503844,1.4145539045333861,1.4141037225723267,1.4142533540725708,1.4147345840930938,1.4158918142318726,1.4143412292003632,1.4152631878852844,1.4154333233833314,1.4158302128314972,1.4162560164928437,1.4146890699863435,1.4150825023651123,1.4160284459590913,1.4160603940486909,1.416493284702301,1.4153225302696228,1.4149618804454804,1.4153150260448455,1.4153031945228576,1.4142285346984864,1.41449716091156,1.4152500927448273,1.415657216310501,1.4154218077659606
t_198,0.037738341651856896,0.0,0.03285978343337774,0.03508825302124023,0.04171220753341913,0.05638427492231131,0.08106528595089912,0.10288457348942756,0.13111171051859855,0.1461547315120697,0.16830977723002433,0.1917596787214279,0.201785296946764,0.23629408553242684,0.2531310446560383,0.2856129571795464,0.314682836830616,0.34777734279632566,0.3608147487044334,0.3952071651816368,0.4262988165020943,0.4377787858247757,0.4641386479139328,0.49595133513212203,0.5177807122468948,0.5351898819208145,0.5583316177129746,0.5861565977334976,0.607507762312889,0.625691831111908,0.6553715527057647,0.6674471348524094,0.6956542164087296,0.7075967848300934,0.7315478265285492,0.7506300032138824,0.7594100773334503,0.7778841882944107,0.7903188407421112,0.8068408370018005,0.8161541789770126,0.8323736548423767,0.8484984397888183,0.8537183165550232,0.870419380068779,0.8814813196659088,0.8936664283275604,0.903923749923706,0.9184800446033478,0.9281203359365463,0.9389988631010056,0.9502313405275344,0.9613881647586823,0.9731792479753494,0.9835688322782516,0.9952568948268891,1.0051414757966994,1.0165126860141753,1.0268470823764801,1.0336897373199463,1.0469508469104767,1.054811453819275,1.0647115170955659,1.0747103810310363,1.0842030823230744,1.0922273516654968,1.101394486427307,1.1095337390899658,1.1169517159461975,1.1232746541500092,1.1303168177604674,1.1402357578277589,1.148473310470581,1.1538502633571626,1.1607857823371888,1.1689022719860076,1.1744883954524994,1.1810339629650115,1.1897315204143524,1.1975905299186707,1.2028405010700225,1.2110733449459077,1.2176661491394043,1.2244053125381469,1.230015218257904,1.2339745163917542,1.2424603998661041,1.246401023864746,1.25361310839653,1.257267379760742,1.264513611793518,1.2678315699100495,1.2723313450813294,1.2803674638271332,1.2833355367183685,1.2873396456241608,1.2918400406837462,1.29673570394516,1.3027603328227997,1.3076159060001373,1.3130520582199097,1.3152408301830292,1.3191804707050323,1.3241387128829956,1.326621228456497,1.3290028870105743,1.3316737711429596,1.335535502433777,1.3391884207725524,1.3429610550403595,1.3472678065299988,1.3486798644065856,1.3535912573337554,1.354022777080536,1.3576337397098541,1.3605382442474365,1.3628105700016022,1.3636499643325806,1.3663896203041077,1.3697726726531982,1.3710501968860627,1.3718251764774323,1.3752659559249878,1.3757973074913026,1.3776662051677704,1.3795724749565124,1.383088517189026,1.3838899672031402,1.3853728115558623,1.3864054322242736,1.3865132927894592,1.3886037111282348,1.389303481578827,1.3905158579349517,1.3915201604366303,1.3934913575649261,1.3943100571632385,1.3949111580848694,1.3975341081619264,1.3973291754722594,1.3984764456748962,1.399760514497757,1.400688487291336,1.400668478012085,1.4020813524723053,1.4021211981773376,1.4034583151340485,1.4036478579044342,1.4040139973163606,1.4066417932510376,1.4048662960529328,1.405742084980011,1.404621285200119,1.407419902086258,1.4089185357093812,1.4073365569114684,1.4084661781787873,1.407958096265793,1.4086969494819641,1.4091597735881805,1.4090149879455567,1.409976029396057,1.4105959117412568,1.4105979919433593,1.4107406556606292,1.4120043098926545,1.411888712644577,1.410921287536621,1.4120133221149445,1.411778634786606,1.4128602385520934,1.412541002035141,1.4131637275218965,1.4137149930000306,1.4124852478504182,1.4130535364151,1.4136527180671692,1.4132167994976044,1.4133804857730865,1.4138637959957123,1.4149981260299682,1.4134802103042603,1.4144251585006713,1.4145779490470887,1.4149863481521607,1.4154074966907502,1.4138619303703308,1.4142529368400574,1.4152022182941437,1.4152513980865478,1.4156803607940673,1.414515393972397,1.4141696453094483,1.414530521631241,1.4145410656929016,1.4134678423404694,1.4137430548667909,1.4145051836967468,1.4149381697177887,1.414796668291092
t_197,0.03806114289909601,0.03285978343337774,0.0,0.03507591541856527,0.04385687634348869,0.05730550903826952,0.08157397173345089,0.10395688079297542,0.1324630409479141,0.1472793109714985,0.16947877779603004,0.19314448907971382,0.20298019498586656,0.2372892789542675,0.25407788828015326,0.2864960640668869,0.31579927504062655,0.3488665983080864,0.36193292438983915,0.3962647929787636,0.42743796557188035,0.43892534673213957,0.46531554460525515,0.4971503183245659,0.5190568953752518,0.5364510834217071,0.5595192462205887,0.5874662578105927,0.6088168174028397,0.6270534425973893,0.656733724474907,0.668845596909523,0.6970371901988983,0.7090792953968048,0.7330340564250946,0.7521994918584823,0.761002179980278,0.7795530945062638,0.7919989109039307,0.8085338205099106,0.8178987592458725,0.8341778337955474,0.8503279775381088,0.8555768549442291,0.872338256239891,0.8834223449230194,0.8956600666046143,0.9059659779071808,0.9205453157424927,0.9302183955907821,0.9411348462104797,0.9524169325828552,0.9635759592056274,0.9753655076026917,0.9858066320419312,0.9975204229354858,1.0074313759803772,1.018788069486618,1.0291063725948333,1.0360245645046233,1.049263745546341,1.0571608006954194,1.0670343279838561,1.0770526230335236,1.0865518152713776,1.0945478200912475,1.1037007868289948,1.111864310503006,1.1192362844944,1.1255730867385865,1.1325945675373077,1.142518562078476,1.1506852328777313,1.1560689449310302,1.1630030930042268,1.171093189716339,1.1766638934612275,1.183213186264038,1.1918762087821961,1.1997094810009004,1.2049380660057067,1.2131207764148713,1.2197224140167235,1.2264213740825654,1.2320266008377074,1.2359644770622253,1.2444136559963226,1.2483440339565277,1.2555278301239015,1.2591754019260406,1.2663665592670441,1.26969353556633,1.2741575181484222,1.2821369826793672,1.2851056516170503,1.2891045212745667,1.2935808777809144,1.2984529674053191,1.3044389367103577,1.3092786252498627,1.3146739184856415,1.3168522119522095,1.320766031742096,1.3256903290748596,1.3281421840190888,1.3305158615112305,1.33316912651062,1.3370060324668884,1.3406386017799377,1.3443964898586274,1.3486699283123016,1.3500704348087311,1.3549509525299073,1.3553830564022065,1.358971107006073,1.361852663755417,1.364120864868164,1.3649400234222413,1.3676584601402282,1.3710185527801513,1.372289514541626,1.373046225309372,1.3764576315879822,1.376982754468918,1.378834956884384,1.3807262420654296,1.3842178761959076,1.3850038051605225,1.386474061012268,1.3874944210052491,1.387594985961914,1.3896659016609192,1.3903551399707794,1.3915502429008484,1.3925479173660278,1.394503104686737,1.3953155636787415,1.395909559726715,1.3985246241092681,1.3983062326908111,1.3994527459144592,1.4007291972637177,1.401653903722763,1.4016205370426178,1.4030225992202758,1.403051310777664,1.4043777942657472,1.4045700788497926,1.40492781996727,1.4075347542762757,1.4057661890983582,1.4066268026828765,1.405511635541916,1.4082843959331512,1.4097816050052643,1.408200877904892,1.4093196213245391,1.408804053068161,1.4095392286777497,1.4099946796894074,1.4098490178585052,1.410802459716797,1.411419188976288,1.4114168465137482,1.411552321910858,1.412809133529663,1.4126848101615905,1.4117157757282257,1.412813001871109,1.4125689566135406,1.4136517763137817,1.4133259415626527,1.4139381051063538,1.4144867360591888,1.413263738155365,1.4138247787952423,1.4144199013710022,1.4139814913272857,1.4141414880752563,1.414624035358429,1.4157473742961884,1.4142397224903107,1.4151730298995973,1.415327250957489,1.4157282531261444,1.416142737865448,1.4146004736423492,1.4149840295314788,1.4159358322620392,1.4159724056720733,1.416400295495987,1.4152397811412811,1.4148843705654144,1.4152400016784668,1.4152490735054015,1.4141725957393647,1.4144399046897889,1.4152038455009461,1.4156339466571808,1.415492832660675
t_196,0.05052718855440617,0.03508825302124023,0.03507591541856527,0.0,0.03199191894382238,0.04026940520852804,0.0654099177569151,0.08642520159482955,0.11453323513269424,0.12920975610613822,0.151503723859787,0.1753088004887104,0.18511169254779816,0.2196073316037655,0.23646528422832488,0.26909615397453307,0.29849514961242674,0.33178234100341797,0.34494478404521944,0.379400734603405,0.41082374155521395,0.4224310010671616,0.44901196509599683,0.4810765013098717,0.503187182545662,0.520763498544693,0.544029924273491,0.5722783088684082,0.5938438504934311,0.6122982025146484,0.6422981917858124,0.6545746862888336,0.683050325512886,0.6953115999698639,0.7195515841245651,0.7389993399381638,0.7479279518127442,0.7667684614658355,0.779403704404831,0.796157968044281,0.8057130634784698,0.8222665429115296,0.8386535435914994,0.8440138608217239,0.8610838443040848,0.8723442077636718,0.8848154306411743,0.8953317195177078,0.9101788759231567,0.9200531810522079,0.9311818063259125,0.9426992654800415,0.9540856182575226,0.9660754114389419,0.9767590522766113,0.9887014716863632,0.9988321512937546,1.0103730261325836,1.0208731710910797,1.0280236065387727,1.0414794564247132,1.0495478153228759,1.0596008837223052,1.0698248624801636,1.079543000459671,1.0876771986484528,1.0969987094402314,1.1053675413131714,1.112869518995285,1.1193468749523163,1.1265171468257904,1.136638766527176,1.1449176728725434,1.1504246890544891,1.157497227191925,1.1657335996627807,1.1714212119579315,1.1781072974205018,1.1869153201580047,1.1948668122291566,1.2001847267150878,1.2084926307201385,1.2152446508407593,1.222044199705124,1.2277572274208068,1.2317919433116913,1.2403463840484619,1.2443823873996736,1.251665723323822,1.2554185569286347,1.2626863777637483,1.2661275029182435,1.2706888318061829,1.2787208199501037,1.2817996203899384,1.2858638048171998,1.2904231607913972,1.2953733503818512,1.3014322638511657,1.3063479244709015,1.3117944180965424,1.3140620052814485,1.3180250585079194,1.3229925334453583,1.32549250125885,1.3279437184333802,1.3306354641914369,1.3345401346683503,1.3382125318050384,1.3420092046260834,1.3463082551956176,1.3477681934833527,1.3526743412017823,1.3531656980514526,1.3567806780338287,1.3596952736377717,1.3619991660118103,1.3628632307052613,1.3656187117099763,1.3689998507499694,1.3703075289726256,1.3710751235485077,1.3745111525058746,1.3750941276550293,1.3769711792469024,1.378881174325943,1.3823625445365906,1.3831796288490295,1.3846895754337312,1.3857329308986663,1.385857927799225,1.3879332482814788,1.3886573791503907,1.389864432811737,1.3908781826496124,1.3928453207015992,1.3936707019805907,1.3942886173725129,1.3969040632247924,1.3967314302921294,1.3978650748729706,1.3991653084754945,1.4001020252704621,1.4000931799411773,1.4014908432960511,1.4015522301197052,1.4028728008270264,1.4030886948108674,1.4034416794776916,1.4060411691665649,1.4043291449546813,1.405176144838333,1.4040798008441926,1.4068535447120667,1.4083407700061799,1.4067991077899933,1.407919132709503,1.407406097650528,1.4081643879413606,1.4086339592933654,1.4084762752056121,1.409454083442688,1.4100726187229156,1.4100754022598267,1.4102280199527741,1.4114655196666717,1.4113456070423127,1.4104066908359527,1.4114984929561616,1.4112733244895934,1.412354177236557,1.412030166387558,1.4126398146152497,1.4131917893886565,1.4119883477687836,1.4125519216060638,1.4131449162960052,1.412730187177658,1.4128970801830292,1.413385772705078,1.4144731521606446,1.4130075335502625,1.4139534950256347,1.4140799582004546,1.414498323202133,1.4148975670337678,1.413378155231476,1.4137641489505768,1.414704728126526,1.4147591590881348,1.415185272693634,1.4140363454818725,1.4136909306049348,1.414053165912628,1.4140840530395509,1.413002187013626,1.413287979364395,1.4140409350395202,1.4144885182380675,1.4144339442253113
t_195,0.06086730603128672,0.04171220753341913,0.04385687634348869,0.03199191894382238,0.0,0.034512226842343806,0.05409168377518654,0.07425039671361447,0.10230754762887954,0.117225980758667,0.1391558438539505,0.16285912692546844,0.17272186428308486,0.20717285871505736,0.2240956425666809,0.2567915230989456,0.28605433106422423,0.3194837123155594,0.33269168734550475,0.3673509106040001,0.39879039078950884,0.410433991253376,0.4371549770236015,0.4693886533379555,0.49157605022192,0.5092467993497849,0.5326791197061539,0.5611145377159119,0.582789933681488,0.6013673156499862,0.6315928131341935,0.6439523369073867,0.672636079788208,0.6850189536809921,0.7094782054424286,0.7290755361318588,0.7380857348442078,0.7571159183979035,0.7698687970638275,0.786796972155571,0.7964572131633758,0.8131873786449433,0.8297524005174637,0.8351801872253418,0.8524606138467788,0.8638576865196228,0.8764839172363281,0.8871421754360199,0.9021623343229294,0.9121853113174438,0.9234689146280288,0.9351439714431763,0.9466978549957276,0.9588483303785325,0.9696955531835556,0.9817939519882202,0.9920764744281769,1.0037725031375886,1.014417153596878,1.0217226266860961,1.0353569209575653,1.043558031320572,1.0537490010261537,1.064128041267395,1.0739961802959441,1.0822437047958373,1.091695898771286,1.1002218008041382,1.1078243374824523,1.1144001305103302,1.121680533885956,1.1319563210010528,1.1403462946414948,1.1459448158740997,1.1531289517879486,1.1614867448806763,1.1672631859779359,1.1740484952926635,1.182976061105728,1.1910387694835662,1.1964189469814301,1.2048286497592926,1.211704808473587,1.218582570552826,1.2243818402290345,1.2284950196743012,1.2371382057666778,1.2412557303905487,1.2486288785934447,1.2524530231952666,1.259813392162323,1.2633404433727264,1.26796498298645,1.2760761439800263,1.2792174637317657,1.2833442091941833,1.287982553243637,1.293006533384323,1.2991340637207032,1.3041292905807496,1.309608405828476,1.3119542121887207,1.3159640550613403,1.3209814727306366,1.3235190451145171,1.3260234773159028,1.3287569761276246,1.3327137112617493,1.3364290058612824,1.3402564644813537,1.34459046125412,1.3461004436016082,1.3510447204113007,1.3515654265880586,1.3552203238010407,1.3581691205501556,1.3605107545852662,1.3614129722118378,1.364207649230957,1.36760573387146,1.368959939479828,1.3697281777858734,1.37318012714386,1.3738199710845946,1.3757243037223816,1.3776544749736785,1.38114173412323,1.3819704353809357,1.3835174143314362,1.3845775306224823,1.3847318291664124,1.386812335252762,1.387564331293106,1.3887861371040344,1.389811885356903,1.391791146993637,1.3926342129707336,1.3932704389095307,1.3958899438381196,1.3957415282726289,1.3968824565410614,1.398200923204422,1.3991450190544128,1.399148565530777,1.4005505442619324,1.400634479522705,1.4019538283348083,1.4021888196468353,1.4025412261486054,1.4051466047763825,1.4034729897975922,1.4043106853961944,1.4032335579395294,1.4060122966766357,1.4074968814849853,1.4059857368469237,1.4070900857448578,1.4066001296043396,1.4073653161525725,1.407850992679596,1.4076898455619813,1.408671486377716,1.4092973113059997,1.4093103945255279,1.4094727754592895,1.4106921672821044,1.4105797052383422,1.4096624374389648,1.4107566118240356,1.410545289516449,1.4116304039955139,1.4113020479679108,1.4119153499603272,1.4124664783477783,1.4112755239009858,1.4118381023406983,1.4124339461326598,1.4120338141918183,1.4122064471244813,1.4126959323883057,1.4137658417224883,1.4123198568820954,1.4132756888866425,1.4133928656578063,1.4138238966464995,1.4142159581184388,1.4127174079418183,1.4130896985530854,1.4140430688858032,1.4141029596328736,1.414526927471161,1.4133861243724823,1.413046842813492,1.4134059429168702,1.4134557664394378,1.4123710513114929,1.4126616597175599,1.413409525156021,1.4138676643371582,1.4138691842556
t_194,0.07648820914328099,0.05638427492231131,0.05730550903826952,0.04026940520852804,0.034512226842343806,0.0,0.04259978905320168,0.061103432439267635,0.08786269389092922,0.10185293145477772,0.12402930893003941,0.1478921264410019,0.15735507681965827,0.19176566004753112,0.20838638842105867,0.24145427346229553,0.2708146095275879,0.30444667786359786,0.31775276362895966,0.3524583399295807,0.3841205835342407,0.3959933966398239,0.42286942452192305,0.45531714856624605,0.4777564764022827,0.49562291949987414,0.5191511958837509,0.5480039089918136,0.5698498278856278,0.5887466341257095,0.6192660659551621,0.6318595021963119,0.6606935292482377,0.6734386354684829,0.69819256067276,0.7181276768445969,0.7272501319646836,0.7466438233852386,0.7595842719078064,0.7767162173986435,0.786622753739357,0.8036388009786606,0.8204353868961334,0.8260253310203552,0.843650621175766,0.8551947891712188,0.8680790483951568,0.8789857983589172,0.8942648440599441,0.9044965773820877,0.9159887492656708,0.9279302686452866,0.9396971106529236,0.9520156353712081,0.9631430774927139,0.9754564076662063,0.9859569728374481,0.9977905690670014,1.008568251132965,1.0161745488643645,1.0299734592437744,1.0383539140224456,1.048672044277191,1.0592512845993043,1.06933953166008,1.0776785850524901,1.0872429013252258,1.0959894239902497,1.1036619424819947,1.1103744626045227,1.1177667438983918,1.128222805261612,1.136630517244339,1.1423636078834534,1.1496769309043884,1.1581572115421295,1.1640204429626464,1.1709249079227448,1.1799678683280945,1.188107395172119,1.1935423612594604,1.202005183696747,1.2090277135372163,1.2159536004066467,1.2218477189540864,1.2260520696640014,1.2347292304039001,1.2389403283596039,1.2463633120059967,1.250294941663742,1.2576640188694,1.2613146722316741,1.2659978806972503,1.2740934789180756,1.2773435354232787,1.281529039144516,1.2862154603004456,1.2912968277931214,1.2974605143070221,1.3025168538093568,1.3079869866371154,1.3104206323623657,1.314445322751999,1.3194598495960235,1.3220277309417725,1.3246098458766937,1.3273670613765716,1.3313622772693634,1.3351011216640472,1.3389409601688385,1.3432596564292907,1.3448316395282744,1.3497565865516663,1.3503341317176818,1.3539918124675752,1.3569629549980164,1.359330666065216,1.3602674067020417,1.3630763292312622,1.3664740741252899,1.3678520917892456,1.36861132979393,1.3720556676387787,1.3727530717849732,1.3746697843074798,1.3766029477119446,1.3800492942333222,1.380899977684021,1.3824772179126739,1.3835463106632233,1.3837225139141083,1.3857842087745667,1.3865783274173737,1.3878065586090087,1.38883336186409,1.3908065557479858,1.3916647672653197,1.3923118352890014,1.3949180006980897,1.394814956188202,1.3959506630897522,1.39727224111557,1.398235136270523,1.3982580780982972,1.399646383523941,1.3997562229633331,1.4010508716106416,1.401318508386612,1.4016628086566925,1.4042344331741332,1.4026267290115357,1.4034461498260498,1.4023930847644805,1.4051492035388946,1.4066095054149628,1.4051555275917054,1.4062494158744812,1.405757737159729,1.4065442562103272,1.4070428729057312,1.4068718671798706,1.4078617095947266,1.4084889769554139,1.4085064589977265,1.4086828708648682,1.4098748087882995,1.4097619235515595,1.4088818907737732,1.4099644362926482,1.4097766876220703,1.4108537197113038,1.4105284631252288,1.4111337840557099,1.4116843163967132,1.4105140388011932,1.4110748410224914,1.411663419008255,1.4112844169139862,1.4114577889442443,1.4119530320167542,1.4129831850528718,1.4115848302841187,1.412540853023529,1.4126435220241547,1.4130893886089324,1.4134622514247894,1.4119873464107513,1.4123580276966095,1.4133044123649596,1.413377857208252,1.4137919306755067,1.4126670360565186,1.4123386919498444,1.4126916825771332,1.4127535045146942,1.4116743087768555,1.4119784712791443,1.412718403339386,1.4131878554821014,1.4132679760456086
t_193,0.10134991928935051,0.08106528595089912,0.08157397173345089,0.0654099177569151,0.05409168377518654,0.04259978905320168,0.0,0.03910112585872412,0.061302142776548864,0.07566182985901833,0.09695883467793465,0.12029658891260624,0.12992485538125037,0.1643916055560112,0.1811915673315525,0.21401500925421715,0.2433888539671898,0.27721085846424104,0.29057459682226183,0.32565059810876845,0.3575277984142303,0.3694776013493538,0.39668422341346743,0.4294631704688072,0.45219177603721616,0.47027192264795303,0.4940505862236023,0.5233386009931564,0.5454764068126678,0.5646174103021622,0.5956850796937943,0.6084453821182251,0.6378053903579712,0.6508199363946915,0.6760195225477219,0.6963369488716126,0.7057199984788894,0.7255154937505722,0.7387303620576858,0.7562293142080307,0.7664030104875564,0.7838799983263016,0.8010377138853073,0.8068250328302383,0.824930265545845,0.8368075549602508,0.8500451862812042,0.8613057345151901,0.8770340323448181,0.8875815600156785,0.8994597405195236,0.9117697894573211,0.9239142626523972,0.936575835943222,0.9481046885251999,0.9607762306928634,0.9716557323932647,0.9838260859251022,0.9949042439460755,1.0028989374637605,1.0170727252960206,1.0257798790931703,1.0363856196403503,1.047325724363327,1.0577576994895934,1.0663505136966704,1.0762056231498718,1.0852990388870238,1.093187403678894,1.100131094455719,1.1077866792678832,1.1185589015483857,1.1271898925304413,1.133131629228592,1.140685224533081,1.1494295179843903,1.1554921448230744,1.1626227080821991,1.1719077229499817,1.1802860617637634,1.185855996608734,1.1945270240306853,1.2018337488174438,1.2089358270168304,1.215024185180664,1.219395488500595,1.22824826836586,1.232644933462143,1.2402370870113373,1.2443530678749084,1.2518751263618468,1.2557295918464662,1.2605632841587067,1.2687896370887757,1.2721962988376618,1.2765071749687196,1.2813586235046386,1.2865929067134858,1.2928895711898805,1.2981120705604554,1.303644847869873,1.306236207485199,1.3103576719760894,1.31546790599823,1.3181086122989654,1.3208196461200714,1.3236566662788392,1.3277597665786742,1.33158797621727,1.3354965150356293,1.3398841857910155,1.3415517210960388,1.3465446293354035,1.3471978783607483,1.350925773382187,1.3539661049842835,1.356409138441086,1.357423061132431,1.360299426317215,1.3637346088886262,1.3651916623115539,1.3659577012062072,1.3694411516189575,1.3702371895313263,1.3722018122673034,1.3741622507572173,1.3776178061962128,1.3785029470920562,1.380154287815094,1.381256455183029,1.3814944326877594,1.383558750152588,1.3844043791294098,1.385652369260788,1.3867107391357423,1.3887006640434265,1.3895887851715087,1.3902658224105835,1.392887282371521,1.3928450703620912,1.3939963161945343,1.3953391194343567,1.3963425934314728,1.396390289068222,1.397784423828125,1.3979341208934783,1.3992308020591735,1.3995469629764556,1.3998872101306916,1.402440857887268,1.4009260058403015,1.4017232060432434,1.400697785615921,1.4034679353237152,1.4049258708953858,1.4035212457180024,1.40460461974144,1.4041437745094298,1.404947578907013,1.4054734647274016,1.405300635099411,1.4063039064407348,1.4069433450698852,1.4069786369800568,1.4071761846542359,1.4083303093910218,1.408229511976242,1.4073994696140288,1.4084885001182557,1.4083204984664917,1.4094026625156402,1.4090812742710113,1.4096760213375092,1.4102349281311035,1.4090879082679748,1.4096521437168121,1.4102386593818665,1.4098931550979614,1.4100738644599915,1.4105633616447448,1.4115587532520295,1.4102111876010894,1.4111926794052123,1.4112595438957214,1.4117352724075318,1.4120913684368133,1.4106515288352965,1.4110192775726318,1.411956250667572,1.4120553076267242,1.4124610662460326,1.4113719582557678,1.4110564172267914,1.4114150822162628,1.411503553390503,1.4104319989681244,1.410752034187317,1.4114923775196075,1.411985033750534,1.4121906220912934
t_192,0.12469502948224545,0.10288457348942756,0.10395688079297542,0.08642520159482955,0.07425039671361447,0.061103432439267635,0.03910112585872412,0.0,0.041544169373810294,0.05321305319666862,0.07371945530176163,0.09701897613704205,0.10669462606310845,0.14086221382021905,0.1578194722533226,0.19057542458176613,0.22029199674725533,0.25399325489997865,0.2675826489925385,0.3027867555618286,0.3349390670657158,0.34689563065767287,0.3743743717670441,0.40747361779212954,0.43035904318094254,0.44859295189380644,0.47268880903720856,0.5023324757814407,0.5247238427400589,0.5441151887178421,0.5755602985620498,0.588496771454811,0.6182283759117126,0.6315232276916504,0.6570687562227249,0.6777580678462982,0.6872792810201644,0.7074573844671249,0.7209035813808441,0.7387259989976883,0.7490986764431,0.7669100970029831,0.784418323636055,0.7903142720460892,0.8088271498680115,0.8209690749645233,0.8345320075750351,0.8460468888282776,0.86211599111557,0.8729211866855622,0.8851056784391403,0.8977316915988922,0.9101776242256164,0.9231471747159958,0.9349816232919693,0.9479725211858749,0.9591482967138291,0.9716093838214874,0.9829544574022293,0.9912324398756027,1.0057442516088486,1.0146988868713378,1.025567066669464,1.0367977142333984,1.0475095689296723,1.0563161730766297,1.0664142549037934,1.0757672190666199,1.083838814496994,1.0909759402275085,1.0988350093364716,1.1098860383033753,1.1187231123447419,1.1248327016830444,1.1325952053070067,1.1415550708770752,1.1477876007556915,1.155121958255768,1.1646263778209687,1.1731917262077332,1.178898811340332,1.1877775311470031,1.1952955782413484,1.2025674998760223,1.2088127076625823,1.2133236825466156,1.222361296415329,1.2268970429897308,1.2346588730812074,1.2389146149158479,1.2465994358062744,1.2505915880203247,1.255561113357544,1.2639352917671203,1.26747305393219,1.2718909204006195,1.2768737494945526,1.2822384417057038,1.2886626362800597,1.2940180957317353,1.299640518426895,1.3023379504680634,1.3065582096576691,1.3117650032043457,1.3144778728485107,1.3172918856143951,1.3202000439167023,1.3243979811668396,1.3283180832862853,1.3322965979576111,1.336765968799591,1.3385046482086183,1.3435683727264405,1.3442810893058776,1.3480771243572236,1.3511767446994782,1.3536795914173125,1.3547567784786225,1.357696670293808,1.3611766636371612,1.3627009034156798,1.3634715616703033,1.3670154631137847,1.367889589071274,1.369892990589142,1.3718900799751281,1.3753661334514617,1.376277780532837,1.3779935598373414,1.3791281938552857,1.3793996930122376,1.3814840078353883,1.3823766231536865,1.3836476922035217,1.3847386240959167,1.3867506504058837,1.3876697361469268,1.388387769460678,1.391024762392044,1.3910261034965514,1.3921857178211212,1.3935738027095794,1.3946032643318176,1.3946790754795075,1.3960788249969482,1.3962660133838654,1.397565245628357,1.3979273974895476,1.3982661426067353,1.4008291840553284,1.3993677735328673,1.4001599729061127,1.3991625547409057,1.4019420206546784,1.4033986151218414,1.4020370304584504,1.4031113028526305,1.4026622235774995,1.4034916460514069,1.4040404856204987,1.403857421875,1.4048835337162018,1.405534464120865,1.4055783569812774,1.4057976841926574,1.4069330811500549,1.4068417072296142,1.4060448050498962,1.4071389794349671,1.406987488269806,1.4080676436424255,1.4077499747276305,1.4083408415317535,1.4089081227779388,1.4077879726886748,1.4083552598953246,1.4089508652687073,1.40862375497818,1.4088111102581025,1.4093091249465943,1.4102796912193298,1.4089672029018403,1.4099689364433288,1.4100169241428375,1.4105088114738464,1.4108632147312163,1.409449166059494,1.4098071098327636,1.4107510089874267,1.4108639419078828,1.411278212070465,1.4102051079273223,1.4098912239074708,1.4102655053138733,1.4103861510753632,1.4093129098415376,1.4096450567245484,1.4103900790214539,1.4109017908573152,1.4112015962600708
t_191,0.1526533231139183,0.13111171051859855,0.1324630409479141,0.11453323513269424,0.10230754762887954,0.08786269389092922,0.061302142776548864,0.041544169373810294,0.0,0.032838112115859984,0.04750322233885527,0.06929311379790307,0.0784219704568386,0.11254679039120674,0.12960919365286827,0.16222785785794258,0.1916893407702446,0.22572235465049745,0.23926718756556511,0.2746663480997086,0.3070174977183342,0.3192262306809425,0.34688522964715957,0.38026631623506546,0.40347802489995954,0.4220056653022766,0.4463302567601204,0.4764592081308365,0.49917266368865965,0.5189417690038681,0.5509222507476806,0.5641383618116379,0.5943282216787338,0.6079764395952225,0.6340185880661011,0.6551663607358933,0.6649439960718155,0.6855805695056916,0.6993291676044464,0.7175251632928848,0.7282158404588699,0.7464983135461807,0.764395797252655,0.7705268532037735,0.7895662665367127,0.8019950032234192,0.8159566700458527,0.8278493314981461,0.8443895727396011,0.8555455148220062,0.8681005030870438,0.8811312705278397,0.893933641910553,0.9072403609752655,0.9195166379213333,0.9328952908515931,0.9444451659917832,0.9572103708982468,0.9688460946083068,0.9775690972805023,0.9924225836992264,1.001707026362419,1.0128465235233306,1.0244403541088105,1.03553826212883,1.044556015729904,1.0549308836460114,1.0646555781364442,1.0729308426380157,1.080317884683609,1.0884310185909272,1.0998187601566314,1.1088160157203675,1.1151577591896058,1.1231690049171448,1.1323993921279907,1.1388314723968507,1.146407687664032,1.1561655819416046,1.1649500489234925,1.1708050131797791,1.1798676371574401,1.1876764953136445,1.1951078116893767,1.2015408992767334,1.2062447011470794,1.215447449684143,1.2201654255390166,1.2280946373939514,1.2325469315052033,1.2403507471084594,1.244558084011078,1.2496745049953462,1.2581502199172974,1.2618682742118836,1.2664192080497743,1.2715414583683013,1.2770498096942902,1.2836091935634613,1.2891163110733033,1.294790893793106,1.297661054134369,1.3019806444644928,1.3072479248046875,1.3100477397441863,1.3130059719085694,1.3159941732883453,1.3203025460243225,1.3242903292179107,1.328343278169632,1.332858431339264,1.3347131669521333,1.3398052752017975,1.3406299471855163,1.3444708645343781,1.347646814584732,1.3502246618270874,1.3513812839984893,1.3543807208538055,1.3578975677490235,1.3595037043094635,1.3602832317352296,1.3638582706451416,1.364834827184677,1.3668819606304168,1.3689194977283479,1.372377347946167,1.3733334243297577,1.375134402513504,1.3762978076934815,1.3766295075416566,1.3787103533744811,1.3796691358089448,1.3809693992137908,1.382079815864563,1.3841051638126374,1.3850634694099426,1.3858201026916503,1.3884617507457733,1.3885297536849976,1.3897121787071227,1.3911166429519652,1.3921783506870269,1.392285168170929,1.3936867654323577,1.3939219534397125,1.3952126026153564,1.3956369638442994,1.3959731698036193,1.3985158801078796,1.3971452593803406,1.3979219198226929,1.3969657838344574,1.3997335970401763,1.40118328332901,1.399891471862793,1.400963044166565,1.4005303502082824,1.4013895094394684,1.4019631505012513,1.4017810761928557,1.4028311610221862,1.4034846663475036,1.4035543560981751,1.4037977278232574,1.4048977196216583,1.4048179864883423,1.4040794789791107,1.4051721036434173,1.4050517141819001,1.4061381995677948,1.4058223903179168,1.4064129710197448,1.4069862484931945,1.4058946251869202,1.4064625918865203,1.4070606291294099,1.4067690432071687,1.4069520652294158,1.407466286420822,1.408387291431427,1.4071408987045289,1.4081605851650238,1.408179098367691,1.4086887776851653,1.4090339243412018,1.4076581239700316,1.408018672466278,1.4089490175247192,1.4090911209583283,1.4094994366168976,1.408467137813568,1.408173108100891,1.4085482895374297,1.4087040662765502,1.4076428413391113,1.4079979181289672,1.408726167678833,1.409259182214737,1.409685981273651
t_190,0.1680094599723816,0.1461547315120697,0.1472793109714985,0.12920975610613822,0.117225980758667,0.10185293145477772,0.07566182985901833,0.05321305319666862,0.032838112115859984,0.0,0.036950650811195376,0.05634686127305031,0.0647832289338112,0.0981325563043356,0.11461457684636116,0.14741704389452934,0.1770875111222267,0.2111648716032505,0.22484693825244903,0.2602026924490929,0.29274403750896455,0.30523657202720644,0.3330774143338203,0.36656585782766343,0.390056748688221,0.40872330218553543,0.4331273779273033,0.46367346197366716,0.486522975564003,0.5066041767597198,0.5388545960187912,0.5522521376609802,0.5825805336236953,0.5965892493724823,0.6228725910186768,0.64436055123806,0.6542576134204865,0.6752322465181351,0.6891643792390824,0.707529005408287,0.7184460192918778,0.737013778090477,0.7551363468170166,0.761403837800026,0.7807693272829056,0.7933441072702407,0.8075608760118484,0.8196824789047241,0.8364699602127075,0.8478201121091843,0.8605853617191315,0.8738535553216934,0.8868400305509567,0.9003188222646713,0.9128508508205414,0.9264342039823532,0.938195464015007,0.9510793387889862,0.9628490239381791,0.9718551784753799,0.9868693590164185,0.9963324189186096,1.007592076063156,1.0193734765052795,1.0306765139102936,1.0397781431674957,1.0502725064754486,1.0602050423622131,1.0685585737228394,1.0760703802108764,1.0843075037002563,1.0958581924438477,1.1048914194107056,1.1113582730293274,1.1195056319236756,1.1288448810577392,1.135379147529602,1.143068438768387,1.1529310584068297,1.1617967247962953,1.167697286605835,1.1768288791179657,1.1847850620746612,1.1922787785530091,1.198803186416626,1.2035950243473053,1.2128413379192353,1.2176586389541626,1.2256487905979156,1.2301956772804261,1.238026362657547,1.2423509418964387,1.247531259059906,1.2560136556625365,1.2598262190818788,1.2644431829452514,1.269625824689865,1.275194925069809,1.2818002820014953,1.2873762845993042,1.2930473864078522,1.2960127651691438,1.3003637611865997,1.3056350529193879,1.3084668457508086,1.311490434408188,1.3145089328289032,1.3188621044158935,1.3228798687458039,1.3269414961338044,1.3314612329006195,1.333374834060669,1.3384613394737244,1.3393382132053375,1.3431992292404176,1.346387267112732,1.348994255065918,1.3501781463623046,1.3532131731510162,1.3567198276519776,1.358353579044342,1.3591336190700531,1.3627103745937348,1.3637440919876098,1.3658068597316741,1.3678553700447083,1.3712855517864226,1.3722568154335022,1.374093198776245,1.3752763628959657,1.375629198551178,1.3777008652687073,1.3786914765834808,1.3799916505813599,1.3811169564723969,1.3831466257572174,1.3841119587421418,1.384887969493866,1.3875111520290375,1.3876170754432677,1.388795930147171,1.3902087032794952,1.3912837505340576,1.3914084136486053,1.3928019046783446,1.3930488646030426,1.3943271040916443,1.3947821617126466,1.395107388496399,1.397630947828293,1.3963187158107757,1.397067940235138,1.3961335957050323,1.3988905489444732,1.4003404438495637,1.3990829348564149,1.400140368938446,1.3997196555137634,1.4005896031856537,1.4011783301830292,1.4009862184524535,1.4020499467849732,1.4027032792568206,1.4027808070182801,1.4030300736427308,1.4041038274765014,1.4040241360664367,1.4033177256584168,1.4044050335884095,1.4042991757392884,1.4053778290748595,1.4050646781921388,1.4056495904922486,1.4062231123447417,1.405145102739334,1.405709683895111,1.4063067376613616,1.4060279905796051,1.406220006942749,1.4067396461963653,1.4076293885707856,1.4064159452915193,1.4074425876140595,1.40743927359581,1.4079667568206786,1.4082969069480895,1.4069506347179412,1.407303261756897,1.408230710029602,1.4083778977394104,1.4087777018547059,1.407771933078766,1.40747589468956,1.4078574180603027,1.4080273628234863,1.4069621086120605,1.4073343515396117,1.4080507159233093,1.4085973381996155,1.4090961694717408
t_189,0.1900208532810211,0.16830977723002433,0.16947877779603004,0.151503723859787,0.1391558438539505,0.12402930893003941,0.09695883467793465,0.07371945530176163,0.04750322233885527,0.036950650811195376,0.0,0.03849904928356409,0.0455757025629282,0.07618770524859428,0.09324631839990616,0.12509063631296158,0.15467192530632018,0.18863299638032913,0.2024093374609947,0.23791877552866936,0.27057906091213224,0.28300114572048185,0.3110431134700775,0.3447682037949562,0.36839322596788404,0.3871889516711235,0.4118710309267044,0.4427179917693138,0.46577885895967486,0.4860435977578163,0.5186774045228958,0.5322272151708602,0.5629713714122773,0.5771749317646027,0.6038250029087067,0.6256244450807571,0.635700911283493,0.6570147722959518,0.6711795598268508,0.6898843288421631,0.7010074257850647,0.7199301660060883,0.7384024322032928,0.7447953641414642,0.7645920187234878,0.7774407804012299,0.7919762372970581,0.8043757796287536,0.8215385138988495,0.8331655979156494,0.846245539188385,0.8598382949829102,0.8731564015150071,0.8869353204965591,0.899809330701828,0.9137158751487732,0.925779190659523,0.9389684230089188,0.9510053724050522,0.9603173822164536,0.9756814002990722,0.985407155752182,0.9969336718320847,1.0090078294277192,1.0206060528755188,1.0299224972724914,1.0406664669513703,1.0508806467056275,1.0594221115112306,1.0671304523944856,1.0755881667137146,1.0874202311038972,1.0966527998447417,1.1032978892326355,1.1116516053676606,1.121222722530365,1.1279204726219176,1.1358122646808624,1.1458896040916442,1.154955130815506,1.160994690656662,1.1703146874904633,1.178501969575882,1.1861575245857239,1.192838716506958,1.1977744162082673,1.2071958541870118,1.2121564269065856,1.2203028500080109,1.2249921977519989,1.2329724371433257,1.237441647052765,1.242750698328018,1.2513681828975678,1.2553019881248475,1.2600256621837616,1.2653496444225312,1.2710375845432282,1.2777653932571411,1.283477431535721,1.289211505651474,1.2923083901405334,1.2967435002326966,1.3021143555641175,1.3050088703632354,1.3081430494785309,1.3112232685089111,1.3156762421131134,1.319771659374237,1.3239069700241088,1.328496789932251,1.3304830074310303,1.3356407403945922,1.336578869819641,1.3405097067356109,1.3437552869319915,1.3464283645153046,1.3476711511611938,1.350765722990036,1.354313588142395,1.3560149788856506,1.356796807050705,1.3604239404201508,1.361530417203903,1.3636406064033508,1.3657160520553588,1.3691715478897095,1.3701662182807923,1.3720617711544036,1.3732677698135376,1.3736675202846527,1.3757548809051514,1.3767888426780701,1.3781147658824922,1.379254698753357,1.381313294172287,1.3823096930980683,1.3831103503704072,1.3857617259025574,1.3859031975269318,1.3870988488197327,1.3885477364063263,1.3896443963050842,1.389792913198471,1.391187459230423,1.391476756334305,1.3927513420581819,1.3932545006275177,1.393577402830124,1.3961056768894196,1.3948533535003662,1.3956012725830078,1.3946859121322632,1.397459626197815,1.398904275894165,1.397694331407547,1.3987443566322326,1.3983358442783356,1.3992244899272919,1.399828553199768,1.399629133939743,1.4007184147834777,1.4013766407966615,1.401472407579422,1.4017492651939392,1.4027822196483613,1.402722030878067,1.4020541906356812,1.403147715330124,1.403058159351349,1.404149627685547,1.4038336277008057,1.4044093072414399,1.4049984812736511,1.4039398550987243,1.4045077681541442,1.4051139891147613,1.4048471570014953,1.4050436437129974,1.4055732250213624,1.4064325273036957,1.4052562832832336,1.4063089609146118,1.406273353099823,1.4068285882472993,1.4071453869342805,1.4058204531669616,1.4061674237251283,1.4071025729179383,1.4072727262973785,1.4076681911945343,1.4066780149936675,1.4063998103141784,1.406786674261093,1.4069778501987458,1.4059196352958678,1.4063004493713378,1.4070157349109649,1.40759157538414,1.4081861853599549
t_188,0.21356116756796836,0.1917596787214279,0.19314448907971382,0.1753088004887104,0.16285912692546844,0.1478921264410019,0.12029658891260624,0.09701897613704205,0.06929311379790307,0.05634686127305031,0.03849904928356409,0.0,0.0302290428429842,0.0555581109598279,0.07064799703657627,0.10227931961417198,0.1312105067074299,0.1652044788002968,0.17869517281651498,0.21437324658036233,0.24699578508734704,0.2595797166228294,0.2876858726143837,0.32159908562898637,0.34548340141773226,0.3644835397601128,0.38927422016859053,0.42037531137466433,0.4437098354101181,0.4641780287027359,0.4972736150026321,0.5109842628240585,0.542126914858818,0.5565540611743927,0.5835854530334472,0.6057269215583801,0.6159829527139664,0.6376580685377121,0.652083158493042,0.671095335483551,0.6824729144573212,0.7017872035503387,0.72060606777668,0.7271839946508407,0.7474022537469864,0.7605310112237931,0.7753894090652466,0.7881290465593338,0.8056831419467926,0.8176165640354156,0.8310348898172378,0.8449910551309585,0.8586502462625504,0.872748139500618,0.8859824031591416,0.900220975279808,0.9126211196184159,0.9261274337768555,0.9384347468614578,0.9480991899967194,0.9638010114431381,0.9738161236047744,0.9856081604957581,0.9979944199323654,1.0099250316619872,1.0194644033908844,1.0304678976535797,1.0410050213336945,1.0497472286224365,1.0576676607131958,1.0663714587688446,1.0784831404685975,1.0879150927066803,1.0947502076625824,1.1033256590366363,1.1131368815898894,1.1200239956378937,1.128122043609619,1.1384251117706299,1.1477071225643158,1.1538798451423644,1.1633893072605133,1.1718322157859802,1.179642140865326,1.1865060329437256,1.1915966093540191,1.2011889934539794,1.206316089630127,1.2146191954612733,1.219463288784027,1.2275901019573212,1.2322197139263154,1.2376716792583466,1.2463994443416595,1.2504872798919677,1.2553173065185548,1.260779905319214,1.2666052162647248,1.273463362455368,1.279320901632309,1.2851171791553497,1.2883566796779633,1.2928801596164703,1.2983309745788574,1.3012966811656952,1.3045417547225953,1.3077082991600038,1.3122491598129273,1.3164292335510255,1.320638757944107,1.3252859175205232,1.3273620307445526,1.3325761139392853,1.333593213558197,1.3375936686992644,1.34090416431427,1.3436343252658844,1.3449464559555053,1.3481141269207,1.351689726114273,1.3534593880176544,1.3542556703090667,1.3579214990139008,1.3591209590435027,1.361267054080963,1.3633715689182282,1.3668282628059387,1.3678590655326843,1.3698236227035523,1.371071034669876,1.3715156435966491,1.373613703250885,1.3746965289115907,1.3760445535182952,1.3772097766399383,1.3792919039726257,1.3803113579750061,1.381144791841507,1.3837970316410064,1.3840008616447448,1.38522008061409,1.3866906642913819,1.3878151178359985,1.3879830956459045,1.389379358291626,1.3897192478179932,1.3909840524196624,1.3915340960025788,1.3918528139591217,1.394368040561676,1.3931988179683685,1.3939334332942963,1.3930472075939178,1.3958395302295685,1.3972781300544739,1.3961161851882935,1.3971592605113983,1.3967697858810424,1.39769144654274,1.3983169853687287,1.3981219947338104,1.3992279648780823,1.3998932480812072,1.4000071227550506,1.4003114879131318,1.4013080656528474,1.4012614727020263,1.4006314635276795,1.4017384111881257,1.4016608238220214,1.4027656972408296,1.40244762301445,1.4030196249485016,1.403619760274887,1.4025864481925965,1.4031550705432891,1.403769564628601,1.4035192608833313,1.4037309646606446,1.4042750597000122,1.4050902545452117,1.4039710342884064,1.4050374984741212,1.4049774050712585,1.4055629074573517,1.4058783054351807,1.4045825242996215,1.4049235105514526,1.405864030122757,1.4060586750507356,1.4064481675624847,1.4054939150810242,1.4052200257778167,1.4056205570697784,1.4058421313762666,1.4047958195209502,1.4051851987838746,1.4058948457241058,1.4064924538135528,1.4071967661380769
t_187,0.22369929850101472,0.201785296946764,0.20298019498586656,0.18511169254779816,0.17272186428308486,0.15735507681965827,0.12992485538125037,0.10669462606310845,0.0784219704568386,0.0647832289338112,0.0455757025629282,0.0302290428429842,0.0,0.04533991049975157,0.060828606225550176,0.09223453253507614,0.1211912501603365,0.15535783618688584,0.1689201481640339,0.20443092286586761,0.23731895983219148,0.2499515824019909,0.2781248316168785,0.3122025802731514,0.3361991360783577,0.3552793309092522,0.38018044233322146,0.4115762963891029,0.4350210502743721,0.45570362359285355,0.4889599546790123,0.5028324156999588,0.5341303199529648,0.5487853705883026,0.5760297358036042,0.5984401136636734,0.6087797999382019,0.6307440727949143,0.645295512676239,0.6645006716251374,0.6760423094034195,0.6955752015113831,0.7145959585905075,0.7212697267532349,0.7417688608169556,0.75502008497715,0.77008635699749,0.7829998344182968,0.8007834434509278,0.8128769606351852,0.8264516979455948,0.8406157791614532,0.8544189542531967,0.8686369359493256,0.8820725739002228,0.896490553021431,0.9090405076742172,0.9226475477218627,0.9350529134273529,0.9449300855398178,0.9607416659593582,0.970882025361061,0.9827530145645141,0.995275866985321,1.0073591828346253,1.0169561088085175,1.028043907880783,1.0387134313583375,1.047510415315628,1.0555262923240663,1.0642992556095123,1.0765279591083527,1.085978502035141,1.092898863554001,1.1015469133853912,1.111437702178955,1.1183864653110505,1.1265527427196502,1.1369260907173158,1.1462439596652985,1.1524589896202087,1.1620102882385255,1.1705321848392487,1.1783675670623779,1.1852773368358611,1.1904292941093444,1.2000420808792114,1.205209869146347,1.2135469138622283,1.2184636652469636,1.226587611436844,1.2312843084335328,1.236762660741806,1.2454824209213258,1.2496294856071473,1.2544920921325684,1.2599642336368562,1.265814083814621,1.2726937532424927,1.2785738289356232,1.2843715846538544,1.287667715549469,1.292207509279251,1.2976422965526582,1.3006223738193512,1.303909969329834,1.3070970237255097,1.3116535246372223,1.3158322930336,1.320057487487793,1.324697631597519,1.3267993986606599,1.3319989621639252,1.3330474853515626,1.3370441377162934,1.3403654992580414,1.343102937936783,1.3444389045238494,1.3476024329662324,1.3511712312698365,1.3529576718807221,1.3537535429000855,1.3574125945568085,1.3586346626281738,1.3607866883277893,1.362896978855133,1.3663302600383758,1.367369282245636,1.3693413197994233,1.3705909848213196,1.3710509300231934,1.3731448233127594,1.3742447793483734,1.375592827796936,1.3767621278762818,1.3788476884365082,1.3798700034618379,1.3807179152965545,1.3833512306213378,1.3835818111896514,1.3847938358783722,1.3862652778625488,1.3873918294906615,1.387565553188324,1.3889610528945924,1.3893035411834718,1.390561044216156,1.3911282539367675,1.3914414525032044,1.393936562538147,1.3927908003330232,1.3935219168663024,1.3926529705524444,1.395425909757614,1.3968618273735047,1.3957269668579102,1.3967598736286164,1.3963668584823608,1.3973040223121642,1.3979319095611573,1.3977306187152863,1.398843026161194,1.3995155990123749,1.3996231377124786,1.3999294459819793,1.400914293527603,1.4008753657341004,1.400264358520508,1.4013700366020203,1.4012966811656953,1.4023953080177307,1.4020827829837799,1.4026459991931914,1.4032439589500427,1.4022219955921174,1.4027899563312531,1.4034018695354462,1.403165352344513,1.4033780694007874,1.4039169192314147,1.4047155976295471,1.4036235511302948,1.4046880006790161,1.404622769355774,1.40520339012146,1.4055247485637665,1.4042433679103852,1.4045779645442962,1.405512171983719,1.4057118356227876,1.4060965716838836,1.4051579535007477,1.4048956036567688,1.405290240049362,1.4055176675319672,1.4044818162918091,1.404875499010086,1.4055815279483794,1.406183135509491,1.4069380700588225
t_186,0.2580992981791496,0.23629408553242684,0.2372892789542675,0.2196073316037655,0.20717285871505736,0.19176566004753112,0.1643916055560112,0.14086221382021905,0.11254679039120674,0.0981325563043356,0.07618770524859428,0.0555581109598279,0.04533991049975157,0.0,0.036153708770871165,0.05971985105425119,0.08791975677013397,0.12144899517297744,0.13517085686326027,0.17042315155267715,0.20357092544436456,0.2162577472627163,0.244686321914196,0.27911111414432527,0.3034059122204781,0.32270946353673935,0.3479119673371315,0.3800045043230057,0.4037595421075821,0.4249312952160835,0.4587418779730797,0.47294802963733673,0.5047313287854195,0.5199426531791687,0.5477660328149796,0.5708271116018295,0.5814350813627243,0.6040869295597077,0.6190377801656723,0.638741797208786,0.6507161527872085,0.670872962474823,0.6904308080673218,0.6973884969949722,0.7186203181743622,0.7322686523199081,0.747904846072197,0.7612968742847442,0.7796879202127457,0.7922451555728912,0.8063247054815292,0.821054881811142,0.8353342711925507,0.850000986456871,0.8640196353197098,0.8789447695016861,0.8920006155967712,0.9059866666793823,0.9187632173299789,0.9292163729667664,0.9454925656318665,0.9560542851686478,0.9682740569114685,0.9812551945447922,0.9938044488430023,1.0036800116300584,1.0151107549667358,1.0262455701828004,1.0352871894836426,1.0436053693294525,1.0527020752429963,1.0653624534606934,1.0750308513641358,1.08222638964653,1.091189330816269,1.1014024078845979,1.1085991740226746,1.117063695192337,1.1277386665344238,1.137308770418167,1.143703681230545,1.153480863571167,1.1623624563217163,1.1703959047794341,1.1775411725044251,1.1829071760177612,1.192711842060089,1.1980971336364745,1.2066330790519715,1.2117750465869903,1.2200522899627686,1.2249834835529327,1.2306353807449342,1.2394785761833191,1.2438425362110137,1.2488544464111329,1.2545030057430266,1.2605138659477233,1.2675486028194427,1.2736183881759644,1.2794743657112122,1.2829757511615754,1.2876211822032928,1.2931454122066497,1.2961986303329467,1.2996614813804626,1.3029353320598602,1.3076255321502686,1.3118874371051787,1.3161956727504731,1.3208866655826568,1.323135393857956,1.328373098373413,1.3295342922210693,1.3336059749126434,1.337002456188202,1.339829009771347,1.341254872083664,1.3444990992546082,1.3481020152568817,1.3499852657318114,1.3507795572280883,1.354477322101593,1.35583655834198,1.3580318987369537,1.3601736903190613,1.3635971069335937,1.3646643459796906,1.3667376697063447,1.3680266737937927,1.3685473203659058,1.3706439554691314,1.3718290328979492,1.3732028782367707,1.3744041979312898,1.3765092611312866,1.377569967508316,1.3784587562084198,1.3810973048210144,1.3814023971557616,1.382632029056549,1.3841247379779815,1.3852944314479827,1.385501766204834,1.3868940949440003,1.3872940242290497,1.388534915447235,1.3891692876815795,1.389478474855423,1.3919398605823516,1.3909255504608153,1.3916253745555878,1.390796858072281,1.3935693085193634,1.3950008511543275,1.39394508600235,1.3949543058872222,1.3945810317993164,1.3955546379089356,1.3962188124656678,1.3960082411766053,1.3971420109272004,1.3978169322013856,1.3979517102241517,1.3982928037643432,1.399216467142105,1.3991925954818725,1.3986422896385193,1.39974707365036,1.399698293209076,1.4008075892925262,1.4004905939102172,1.4010411322116851,1.4016476571559906,1.4006705939769746,1.4012385725975036,1.4018555641174317,1.401649969816208,1.4018748819828033,1.4024278223514557,1.4031672418117522,1.4021456480026244,1.4032386481761931,1.403133362531662,1.4037399768829346,1.4040437400341035,1.4028163373470306,1.403134036064148,1.4040734231472016,1.4042904853820801,1.4046753644943237,1.4037732362747193,1.4035261869430542,1.403926020860672,1.4041871547698974,1.4031552791595459,1.4035569369792937,1.4042517483234405,1.4048890829086305,1.4057882130146027
t_185,0.2750448644161224,0.2531310446560383,0.25407788828015326,0.23646528422832488,0.2240956425666809,0.20838638842105867,0.1811915673315525,0.1578194722533226,0.12960919365286827,0.11461457684636116,0.09324631839990616,0.07064799703657627,0.060828606225550176,0.036153708770871165,0.0,0.04665946625173092,0.07288313284516335,0.1051448069512844,0.11863768957555294,0.1540027864277363,0.18686573207378387,0.19995988979935647,0.2284649357199669,0.26310953199863435,0.2875535011291504,0.3070726588368416,0.3323258846998215,0.36479472517967226,0.38871835768222807,0.410149921476841,0.4442707091569901,0.4587611988186836,0.49064213782548904,0.5062569186091423,0.5344218254089356,0.5578405886888504,0.5685783386230469,0.591645410656929,0.6068100780248642,0.626745268702507,0.6390366137027741,0.65952827334404,0.6793799251317978,0.6865459501743316,0.7081876993179321,0.7220581948757172,0.7380056887865066,0.7517172366380691,0.7703944355249405,0.7832370549440384,0.7975925862789154,0.8126551032066345,0.8272051960229874,0.8420870691537857,0.856437286734581,0.8716262608766556,0.8849558264017106,0.8991301149129868,0.9120796859264374,0.9229048877954483,0.9394045144319534,0.9501955837011338,0.9625878959894181,0.9758052229881287,0.988598108291626,0.9986035108566285,1.010183322429657,1.0215914249420166,1.0307220697402955,1.0392029881477356,1.048447608947754,1.0613316178321839,1.0710551857948303,1.078404849767685,1.0875258147716522,1.097885674238205,1.1051958441734313,1.113819408416748,1.1246198058128356,1.1343031346797943,1.1407699942588807,1.1506301522254945,1.159696340560913,1.1677961349487305,1.1750543475151063,1.1805131435394287,1.1903742015361787,1.1958661079406738,1.2044636607170105,1.2097203195095063,1.2180322229862213,1.223092609643936,1.2288145184516908,1.2376711249351502,1.2421403646469116,1.2472200036048888,1.2529444932937621,1.2590208768844604,1.266108226776123,1.2722639262676239,1.2781231641769408,1.281726336479187,1.286405050754547,1.2919492781162263,1.295033973455429,1.2985887050628662,1.3018879175186158,1.306619679927826,1.3109310209751128,1.3152576863765717,1.3199516177177428,1.3222486972808838,1.3274915754795074,1.3287002742290497,1.3327918291091918,1.3362013578414917,1.3390604197978973,1.3405240595340728,1.3437931835651398,1.3473943948745728,1.349316555261612,1.3500999331474304,1.3537871837615967,1.3552099645137787,1.3574205935001373,1.359566468000412,1.362957590818405,1.364034903049469,1.3661509037017823,1.3674550890922545,1.368001824617386,1.3700908482074738,1.371298462152481,1.372673547267914,1.373883205652237,1.3759871184825898,1.3770582318305968,1.3779545545578002,1.3805821359157562,1.380923855304718,1.3821518003940583,1.3836627781391144,1.3848392367362976,1.385056722164154,1.3864495158195496,1.3868618607521057,1.3880873322486877,1.3887559711933135,1.389053875207901,1.391490203142166,1.3905408143997193,1.3912174820899963,1.390410453081131,1.3931683778762818,1.3945875644683838,1.3935725510120391,1.3945561289787292,1.3941945075988769,1.3951820194721223,1.395853054523468,1.3956347823143005,1.396770453453064,1.3974525034427643,1.3975959718227386,1.397951477766037,1.3988377809524537,1.3988193809986114,1.3982984244823455,1.39940687417984,1.3993597090244294,1.400467473268509,1.4001463949680328,1.4006851315498352,1.401301497220993,1.400342011451721,1.4008975505828858,1.401522022485733,1.4013254404067994,1.4015476822853088,1.4021112501621247,1.4028142094612122,1.4018302500247954,1.4029355943202972,1.4028025269508362,1.403427654504776,1.4037112772464753,1.4025079488754273,1.402816516160965,1.4037582457065583,1.403985470533371,1.4043643355369568,1.4034784495830537,1.4032329857349395,1.4036307036876678,1.4039127945899963,1.4028833866119386,1.403290057182312,1.4039765059947968,1.4046230733394622,1.4055757522583008
t_184,0.30721721351146697,0.2856129571795464,0.2864960640668869,0.26909615397453307,0.2567915230989456,0.24145427346229553,0.21401500925421715,0.19057542458176613,0.16222785785794258,0.14741704389452934,0.12509063631296158,0.10227931961417198,0.09223453253507614,0.05971985105425119,0.04665946625173092,0.0,0.0459359634667635,0.07325586825609207,0.08660801947116852,0.12097103223204612,0.15400560721755027,0.1668982222676277,0.1956304393708706,0.23046973198652268,0.2550472289323807,0.27470224648714064,0.30021463334560394,0.33317428082227707,0.35736072063446045,0.3791114091873169,0.41373198926448823,0.42841504514217377,0.4609011888504028,0.476865591108799,0.5055240616202354,0.5294964671134949,0.5405477046966553,0.5641533255577087,0.5796646386384964,0.6001001298427582,0.612713697552681,0.6338065356016159,0.6541510254144669,0.6615668863058091,0.6838539630174637,0.6981363326311112,0.7146048933267594,0.7287405550479888,0.7480232805013657,0.7612735092639923,0.7761344313621521,0.7916946083307266,0.8066933184862137,0.8220381408929824,0.8369112223386764,0.8525933742523193,0.8664018034934997,0.8809862524271012,0.8943228214979172,0.9056516647338867,0.9226176500320434,0.9338431656360626,0.9465840041637421,0.9602387994527817,0.9734929472208023,0.983791846036911,0.9957623302936554,1.0076052308082581,1.0169974148273468,1.025779777765274,1.0353647887706756,1.0486715197563172,1.0586799502372741,1.0662862181663513,1.0757313311100005,1.0864383935928346,1.0940109610557556,1.10294708609581,1.114063572883606,1.1240330815315247,1.1307009518146516,1.1408297717571259,1.1502477884292603,1.158575063943863,1.16609326004982,1.1717818975448608,1.1818808436393737,1.187593513727188,1.196419793367386,1.2019108176231383,1.210426914691925,1.215715217590332,1.2216429889202118,1.2306792259216308,1.2353614747524262,1.2406006276607513,1.2465162873268127,1.2527745544910431,1.2600610554218292,1.2664329051971435,1.2723748862743378,1.2761770963668824,1.2809888303279877,1.286671620607376,1.2898585617542266,1.2935856997966766,1.2969898998737335,1.3018772184848786,1.3062911927700043,1.3107340514659882,1.3155112206935882,1.317946445941925,1.3232610642910003,1.324578982591629,1.3287682354450225,1.3322668731212617,1.3352272927761077,1.3367848336696624,1.3401422679424286,1.3438022553920745,1.3458277344703675,1.3466345489025116,1.3503808677196503,1.3519268453121185,1.3541935980319977,1.356374192237854,1.359797763824463,1.3609128952026368,1.3631402492523192,1.3644859492778778,1.3651073813438415,1.3672159731388092,1.368499332666397,1.3699184894561767,1.3711531043052674,1.3733026146888734,1.3744118869304658,1.375364100933075,1.3780107617378234,1.3784340620040894,1.3796689987182618,1.381227684020996,1.3824445307254791,1.3826957941055298,1.384092092514038,1.3845612764358521,1.3857823848724364,1.3865221321582795,1.3868239402770997,1.3892441272735596,1.3883951485157013,1.3890596687793733,1.3882982850074768,1.3910663843154907,1.3924889981746673,1.3915398955345153,1.392500138282776,1.3921752214431762,1.3931958734989167,1.3939009487628937,1.393671202659607,1.394851851463318,1.3955309212207794,1.3956995189189911,1.3960929811000824,1.3969445645809173,1.396937793493271,1.3964737236499787,1.3975994825363158,1.3975671231746674,1.3986884236335755,1.3983745753765107,1.3989052474498749,1.399529939889908,1.398618358373642,1.399178248643875,1.3998039782047271,1.3996432304382325,1.3998815953731536,1.4004630208015443,1.401117992401123,1.400200617313385,1.4013331711292267,1.4011707246303557,1.401826399564743,1.4021075308322906,1.4009373903274536,1.4012458086013795,1.4021930396556854,1.4024392545223237,1.4028317272663116,1.4019788205623627,1.4017465889453888,1.4021547794342042,1.4024727404117585,1.4014662683010102,1.4018797993659973,1.4025653541088103,1.4032534897327422,1.4043283998966216
t_183,0.33612769544124604,0.314682836830616,0.31579927504062655,0.29849514961242674,0.28605433106422423,0.2708146095275879,0.2433888539671898,0.22029199674725533,0.1916893407702446,0.1770875111222267,0.15467192530632018,0.1312105067074299,0.1211912501603365,0.08791975677013397,0.07288313284516335,0.0459359634667635,0.0,0.048900823667645456,0.05984538439661265,0.09271624498069286,0.12481390796601773,0.13816310167312623,0.1665758192539215,0.201443400233984,0.22631550058722497,0.2462260015308857,0.27171313762664795,0.30518852472305297,0.329501511156559,0.3517532587051392,0.38693538308143616,0.4018923118710518,0.43466091006994245,0.45117441564798355,0.48035660833120347,0.5048073291778564,0.5161425173282623,0.5403260201215744,0.5562168419361114,0.57701555788517,0.5900892496109009,0.6117503404617309,0.632536381483078,0.6402577430009841,0.6632187575101852,0.6778161108493805,0.6947554737329483,0.7094192206859589,0.729266682267189,0.7429608881473542,0.7582536786794662,0.7743281364440918,0.7897602438926696,0.8054705113172531,0.8209132194519043,0.8370264679193496,0.8512902110815048,0.8661849707365036,0.8798227638006211,0.8917206257581711,0.9090615808963776,0.9206566929817199,0.9336592733860016,0.9477205365896225,0.9614437550306321,0.9719463586807251,0.9841843783855438,0.996480742096901,1.0060714721679687,1.0151390492916108,1.0250105798244475,1.0386851191520692,1.0488340616226197,1.0567137598991394,1.0664251148700714,1.0774221003055573,1.0852064192295074,1.0943812549114227,1.1057653844356536,1.1159477412700654,1.1227510690689086,1.1330547988414765,1.1428083300590515,1.1512669146060943,1.1589705169200897,1.1648940801620484,1.1750955998897552,1.181026542186737,1.189985305070877,1.1957050442695618,1.2043141305446625,1.2098544836044312,1.2159294724464416,1.2250220775604248,1.2299171149730683,1.2352897763252257,1.241350281238556,1.247752732038498,1.255188626050949,1.2617050468921662,1.2676651000976562,1.271680873632431,1.2765816271305084,1.282298755645752,1.2855830669403077,1.2894752144813537,1.2929684937000274,1.2979615390300752,1.302447998523712,1.3069567918777465,1.3117552280426026,1.3143157958984375,1.319648915529251,1.3210873246192931,1.3253091812133788,1.3288884162902832,1.3319220960140228,1.3335701823234558,1.3369916081428528,1.3406625270843506,1.342777168750763,1.3435857713222503,1.3473434150218964,1.3490102529525756,1.3513140320777892,1.353527408838272,1.3569026231765746,1.3580648124217987,1.3603774964809419,1.3617547869682312,1.3624415218830108,1.364525520801544,1.3659086048603057,1.3673452019691468,1.3686060845851897,1.3707688093185424,1.3718938529491425,1.372888171672821,1.375524914264679,1.3760393917560578,1.3772869646549224,1.3788515090942384,1.3801064372062684,1.380395519733429,1.381772017478943,1.3823100864887237,1.3834892868995667,1.384293645620346,1.3845881342887878,1.3869663178920746,1.386237519979477,1.3868861556053163,1.3861697912216187,1.3889150619506836,1.390326577425003,1.3894645035266877,1.3904061317443848,1.3901094913482666,1.3911623060703278,1.3918848216533661,1.3916570007801057,1.3928654551506043,1.3935419857501983,1.3937360286712646,1.3941461086273192,1.394949209690094,1.3949604988098145,1.3945697784423827,1.395695185661316,1.3956900000572205,1.396816509962082,1.39650257229805,1.3970209062099457,1.3976483821868897,1.3967822253704072,1.3973372995853424,1.3979679822921753,1.3978430390357972,1.398085242509842,1.3986868977546691,1.3992707848548889,1.3984304308891295,1.3995799481868745,1.3993712723255158,1.4000683426856995,1.4003365635871887,1.3992029190063477,1.399503231048584,1.4004403114318849,1.4007093846797942,1.401088833808899,1.4002804279327392,1.400076872110367,1.400470221042633,1.4008254170417787,1.3998246312141418,1.4002579748630524,1.4009103894233703,1.401619517803192,1.4028425216674805
t_182,0.3691287264227867,0.34777734279632566,0.3488665983080864,0.33178234100341797,0.3194837123155594,0.30444667786359786,0.27721085846424104,0.25399325489997865,0.22572235465049745,0.2111648716032505,0.18863299638032913,0.1652044788002968,0.15535783618688584,0.12144899517297744,0.1051448069512844,0.07325586825609207,0.048900823667645456,0.0,0.03429125938564539,0.061375830322504044,0.09120446257293224,0.10381678268313407,0.1324804127216339,0.16751937791705132,0.19238166958093644,0.21211625263094902,0.23812174573540687,0.272023706138134,0.2965290665626526,0.31903721690177916,0.3546168923377991,0.3698191583156586,0.4031002879142761,0.42006023675203324,0.44973007440567014,0.4747981607913971,0.48640879392623904,0.5112541198730469,0.5275019586086274,0.5488578855991364,0.5623075395822525,0.5846021920442581,0.6059363692998886,0.6139152079820633,0.6376280069351197,0.6526964634656907,0.6702365130186081,0.6853521794080735,0.7058269858360291,0.7199896246194839,0.7358414679765701,0.752501180768013,0.768441665172577,0.7846424371004105,0.8006599873304368,0.8173161417245864,0.8320995092391967,0.8474567919969559,0.8614904284477234,0.8739726662635803,0.8918383210897446,0.9038883686065674,0.9172813475131989,0.931844699382782,0.9460257172584534,0.956867465376854,0.9695203691720963,0.9822951138019562,0.9921454578638077,1.0015473634004592,1.0117786884307862,1.0259083032608032,1.0363528072834014,1.0444997549057007,1.0545597970485687,1.0659306704998017,1.0740030884742737,1.0835254609584808,1.0952376484870912,1.1057215809822083,1.112742507457733,1.123343539237976,1.1334815979003907,1.1421776592731476,1.1501566112041473,1.1562984943389893,1.166754776239395,1.1729122936725616,1.1821280777454377,1.1880912780761719,1.1969144344329834,1.2026911675930023,1.2089755356311798,1.218270182609558,1.223385739326477,1.2289146900177002,1.2352017223834992,1.2418035686016082,1.2494455218315124,1.25618457198143,1.2622491419315338,1.2664770781993866,1.2715082168579102,1.277394312620163,1.2807715833187103,1.2848454296588898,1.2884377598762513,1.2935906767845153,1.2982098877429962,1.3028246462345123,1.307737696170807,1.3104220807552338,1.3158468544483184,1.3173916339874268,1.3217164039611817,1.3253897607326508,1.3285368084907532,1.3302712857723236,1.3337830424308776,1.3375088036060334,1.3397245705127716,1.34056299328804,1.3443697392940521,1.3461580514907836,1.3485252141952515,1.3507819414138793,1.3541970133781434,1.3553962051868438,1.357814884185791,1.35923912525177,1.3599855542182921,1.3620904862880707,1.3635407984256744,1.3650267660617827,1.3663179636001588,1.368512350320816,1.369682741165161,1.3707217216491698,1.373370999097824,1.3739689946174622,1.3752311170101166,1.3768518567085266,1.378126507997513,1.3784518718719483,1.3798342287540435,1.3804245173931122,1.3816097497940063,1.382485717535019,1.3827831089496612,1.385151022672653,1.3845087587833405,1.3851557672023773,1.3844723343849181,1.387236350774765,1.388660764694214,1.3878582656383514,1.3887666463851929,1.3885051369667054,1.389582520723343,1.3903403103351593,1.390120255947113,1.3913489043712617,1.3920322239398957,1.3922483325004578,1.3927046537399292,1.3934540450572968,1.3934914112091064,1.393154263496399,1.3943025052547455,1.3942993581295013,1.3954530656337738,1.3951247334480286,1.3956424474716187,1.3962832510471344,1.3954563975334167,1.396022415161133,1.3966602683067322,1.3965625286102294,1.3968196988105774,1.3974364519119262,1.3979717671871186,1.3971998929977416,1.3983771741390227,1.3981429576873778,1.3988714635372161,1.399120604991913,1.3980335354804994,1.39832501411438,1.3992803037166595,1.3995724737644195,1.3999557495117188,1.3991734504699707,1.3989734709262849,1.3993791162967681,1.3997772812843323,1.3987868189811707,1.3992322444915772,1.3998833477497101,1.4006134271621704,1.4019405841827393
t_181,0.3819551974534988,0.3608147487044334,0.36193292438983915,0.34494478404521944,0.33269168734550475,0.31775276362895966,0.29057459682226183,0.2675826489925385,0.23926718756556511,0.22484693825244903,0.2024093374609947,0.17869517281651498,0.1689201481640339,0.13517085686326027,0.11863768957555294,0.08660801947116852,0.05984538439661265,0.03429125938564539,0.0,0.048413527011871335,0.07741540335118771,0.08980697840452194,0.11813804432749749,0.1530538223683834,0.17799632698297502,0.1979647971689701,0.2238334186375141,0.25777006447315215,0.28248172253370285,0.30506764352321625,0.34089362174272536,0.3562676578760147,0.3898002222180367,0.40677968710660933,0.43675652146339417,0.46205163151025774,0.4738033711910248,0.4988555103540421,0.5152905285358429,0.5368555694818496,0.5505259335041046,0.5730840355157852,0.5946717619895935,0.6028240233659744,0.6268195182085037,0.6420895218849182,0.6598542124032974,0.675237450003624,0.6959992080926896,0.7103994935750961,0.7264670073986054,0.7433901697397232,0.7595454394817353,0.7759491443634033,0.7922406911849975,0.8091628283262253,0.8241595268249512,0.8397091656923295,0.8539126694202424,0.8666423678398132,0.8847244709730149,0.8969901978969574,0.9105214267969132,0.9252782315015793,0.939701709151268,0.9506650328636169,0.9634974062442779,0.9764783561229706,0.9864448100328446,0.995998877286911,1.0063808292150498,1.0206839740276337,1.0312376081943513,1.0395005106925965,1.0497008860111237,1.0612291514873504,1.0694269597530366,1.079071033000946,1.090930050611496,1.101530283689499,1.1086467444896697,1.1193498492240905,1.1296314120292663,1.138421404361725,1.1464870631694795,1.1527355849742889,1.1632820546627045,1.1695312440395356,1.1788338541984558,1.1849140644073486,1.1938133895397187,1.199683177471161,1.2060441315174102,1.2154063940048219,1.2206093668937683,1.2262233197689056,1.2325669944286346,1.239242035150528,1.2469714999198913,1.2537771105766295,1.2598739326000215,1.2641961395740509,1.2692771315574647,1.2752082705497743,1.2786173582077027,1.2827818810939788,1.286428201198578,1.2916299402713776,1.2962916493415833,1.300961434841156,1.3059015691280365,1.3086426615715028,1.3140955150127411,1.3156936407089233,1.320047628879547,1.323753160238266,1.3269417107105255,1.328711950778961,1.3322579324245454,1.336008483171463,1.3382663965225219,1.33911172747612,1.3429393947124482,1.3447799503803253,1.3471739768981934,1.3494528532028198,1.3528679728507995,1.3540877878665925,1.3565489888191222,1.357990574836731,1.3587709665298462,1.3608800172805786,1.3623626828193665,1.3638545751571656,1.3651617050170899,1.3673706889152526,1.3685548722743988,1.3696193814277648,1.3722696840763091,1.372900116443634,1.3741821348667145,1.3758126854896546,1.3771048963069916,1.377441418170929,1.3788267016410827,1.3794477880001068,1.3806178331375123,1.3815341532230376,1.3818384826183319,1.3841889917850494,1.3835916101932526,1.3842326402664185,1.3835736870765687,1.386338824033737,1.387763249874115,1.3869983673095703,1.3878956854343414,1.3876457214355469,1.3887398779392242,1.3895036697387695,1.3892825722694397,1.3905314087867737,1.3912145793437958,1.3914312481880189,1.3919031500816346,1.3926429271697998,1.392691695690155,1.3923790812492371,1.3935366690158844,1.3935377180576325,1.3947023451328278,1.3943680822849274,1.3948850333690643,1.3955272436141968,1.3947189331054688,1.3952824890613555,1.3959274411201477,1.3958415627479552,1.3961093544960022,1.3967288494110108,1.3972409665584564,1.3965005695819854,1.3976826250553132,1.3974372029304505,1.3981794655323028,1.398416244983673,1.397343647480011,1.397636502981186,1.3985920786857604,1.3988888800144195,1.3992845296859742,1.3985095202922821,1.398316705226898,1.3987266719341278,1.399131280183792,1.3981533110141755,1.3986104607582093,1.3992552697658538,1.3999911487102508,1.4013552725315095
t_180,0.4161646574735641,0.3952071651816368,0.3962647929787636,0.379400734603405,0.3673509106040001,0.3524583399295807,0.32565059810876845,0.3027867555618286,0.2746663480997086,0.2602026924490929,0.23791877552866936,0.21437324658036233,0.20443092286586761,0.17042315155267715,0.1540027864277363,0.12097103223204612,0.09271624498069286,0.061375830322504044,0.048413527011871335,0.0,0.047367085702717304,0.05823231805115938,0.08451017774641514,0.11860841289162635,0.1435919836163521,0.16374670937657357,0.18928320556879044,0.2238857440650463,0.24881608858704568,0.2718949690461159,0.30810876339674,0.3239575818181038,0.35773286819458006,0.37542959302663803,0.4059655427932739,0.4320410147309303,0.4441147089004517,0.46996245384216306,0.4868214726448059,0.5088650286197662,0.5230999559164047,0.546416637301445,0.5685984164476394,0.5771390229463578,0.6020015567541123,0.6176767617464065,0.6361308097839355,0.6521038860082626,0.673590463399887,0.6885252803564071,0.705187851190567,0.7227654337882996,0.739414170384407,0.7562937885522842,0.7732598274946213,0.7907441794872284,0.8063102751970291,0.822234970331192,0.836804312467575,0.8502517610788345,0.8687541157007217,0.8815231144428253,0.8953876316547393,0.9106440991163254,0.9256058603525161,0.9368382811546325,0.9500321030616761,0.9635549664497376,0.9737529784440995,0.9836661279201507,0.9943834364414215,1.0091342061758042,1.0198551952838897,1.0284425854682921,1.0389850854873657,1.0508474707603455,1.0593224823474885,1.0693074703216552,1.081462287902832,1.0923050403594972,1.0996163427829742,1.1105267763137818,1.1212056159973145,1.1301669478416443,1.1384793817996979,1.1449686646461488,1.1556926012039184,1.1621778726577758,1.1716762483119965,1.1780354917049407,1.187052696943283,1.1932008564472198,1.1997504770755767,1.2091935217380523,1.2146561861038208,1.2204348027706147,1.2269599080085754,1.2337937891483306,1.241690880060196,1.248697829246521,1.2548245549201966,1.259392249584198,1.2645731806755065,1.270585983991623,1.2740813076496125,1.2784265339374543,1.2821672916412354,1.287503069639206,1.2922609806060792,1.297006183862686,1.3019919574260712,1.3048777103424072,1.3103688538074494,1.3120919048786164,1.31651611328125,1.3202964246273041,1.3235696315765382,1.3254373967647552,1.3290542125701905,1.3328303754329682,1.3351785719394684,1.3360423147678375,1.3399053037166595,1.3418623507022858,1.3443171322345733,1.346634328365326,1.3500254034996033,1.3512932002544402,1.3538495361804963,1.3553186774253845,1.3561708629131317,1.3582715332508086,1.359835571050644,1.3613565146923066,1.3626823246479034,1.3649167954921722,1.3661219835281373,1.367236328125,1.3698685765266418,1.370584911108017,1.371882176399231,1.3735521018505097,1.37486931681633,1.3752408981323243,1.3766189336776733,1.3772998332977295,1.3784552693367005,1.3794441998004914,1.37974973320961,1.3820545196533203,1.3815848112106324,1.382209587097168,1.3815946400165557,1.3843653619289398,1.385778784751892,1.3850910902023315,1.3859578490257263,1.3857387065887452,1.3868657946586609,1.3876621007919312,1.3874351799488067,1.3887150406837463,1.3893961250782012,1.3896367251873016,1.3901520907878875,1.3908346712589263,1.390904074907303,1.390664428472519,1.3918378949165344,1.3918498516082765,1.393031108379364,1.3926959753036499,1.393207037448883,1.3938692331314086,1.3930902898311615,1.3936593949794769,1.3943078577518464,1.3942527294158935,1.3945342421531677,1.3951655626296997,1.3956154882907867,1.3949560046195983,1.3961570978164672,1.395879864692688,1.3966518461704254,1.3968693912029266,1.3958548545837401,1.3961419463157654,1.397084605693817,1.3974046885967255,1.3977961838245392,1.3970551133155822,1.3968789458274842,1.3972933173179627,1.3977393746376037,1.396773087978363,1.3972472965717315,1.3978729844093323,1.3986412763595581,1.4001396596431732
t_179,0.4469973862171173,0.4262988165020943,0.42743796557188035,0.41082374155521395,0.39879039078950884,0.3841205835342407,0.3575277984142303,0.3349390670657158,0.3070174977183342,0.29274403750896455,0.27057906091213224,0.24699578508734704,0.23731895983219148,0.20357092544436456,0.18686573207378387,0.15400560721755027,0.12481390796601773,0.09120446257293224,0.07741540335118771,0.047367085702717304,0.0,0.035214219614863394,0.05483047142624855,0.08649145811796188,0.11090890429913998,0.13106123507022857,0.15646137297153473,0.19138288795948027,0.21612821519374847,0.23979907035827636,0.2764517843723297,0.29252451807260516,0.326451475918293,0.34478028416633605,0.3758258670568466,0.40238590240478517,0.4147604495286942,0.4412449911236763,0.4585094183683395,0.48096330761909484,0.49571979194879534,0.5196791797876358,0.5423603832721711,0.5512754499912262,0.5768798649311065,0.5929824262857437,0.6120077013969422,0.6285627812147141,0.6506813943386078,0.6661487489938736,0.6833377867937088,0.7015209317207336,0.718661367893219,0.7359898835420609,0.753624540567398,0.7716311305761338,0.7877284079790116,0.8040256202220917,0.8189641743898392,0.8330786645412445,0.8520412087440491,0.8653007298707962,0.8794888317584991,0.8952368825674057,0.9107294201850891,0.922225558757782,0.9357985854148865,0.9498556166887283,0.9602946996688843,0.9705384701490403,0.981610307097435,0.9968076854944229,1.0077352643013,1.0166276574134827,1.0275022029876708,1.0397188425064088,1.0484676837921143,1.0587636172771453,1.0712379574775697,1.0823505342006683,1.0898646771907807,1.101000303030014,1.1120728611946107,1.1212262332439422,1.1297833383083344,1.1365463197231294,1.147433829307556,1.1541583478450774,1.1638669133186341,1.1705001413822174,1.1796794533729553,1.186101096868515,1.1928506374359131,1.2024162650108337,1.2081285119056702,1.214059293270111,1.2207823514938354,1.227797693014145,1.2358987212181092,1.2431205987930298,1.2492815613746644,1.2540905356407166,1.2593994855880737,1.2655073285102845,1.2690931737422944,1.2736447274684906,1.2774882376194001,1.282959508895874,1.287827730178833,1.292666071653366,1.2977161884307862,1.3007361710071563,1.3062861025333405,1.3081417560577393,1.3126394391059875,1.3165150701999664,1.3198992908000946,1.321872878074646,1.3255511403083802,1.329370564222336,1.3318298876285553,1.3327082753181458,1.336605614423752,1.3387032210826875,1.3412102341651917,1.3435653746128082,1.3469539999961853,1.3482655704021453,1.3509318470954894,1.352444624900818,1.3533711791038514,1.3554745972156526,1.3571271121501922,1.358691781759262,1.3600407779216765,1.362309753894806,1.3635437846183778,1.3647129714488984,1.3673385441303254,1.3681501686573028,1.3694736957550049,1.3711598753929137,1.3725235879421234,1.3729253649711608,1.3742963373661041,1.375060999393463,1.3761922895908356,1.3772681534290314,1.3775655925273895,1.3798383593559265,1.3794922351837158,1.3800997257232666,1.3795284986495973,1.3822989463806152,1.3837121963500976,1.3830927729606628,1.383945345878601,1.3837589025497437,1.3849104702472688,1.3857260942459106,1.3855114817619323,1.3868289113044738,1.3875084817409515,1.3877664744853973,1.3883188724517823,1.3889587998390198,1.3890393793582916,1.3888682067394256,1.3900620937347412,1.3900703072547913,1.3912811577320099,1.3909391403198241,1.3914372444152832,1.3921106100082397,1.3913752853870391,1.3919431507587432,1.3926112651824951,1.392563033103943,1.3928714334964751,1.3935258448123933,1.3939055860042573,1.3933143675327302,1.394543868303299,1.3942253530025481,1.3950421988964081,1.3952382802963257,1.3942591428756714,1.3945465743541718,1.3954886198043823,1.3958285927772522,1.3962175011634828,1.3955111503601074,1.3953484535217284,1.395767968893051,1.3962395131587981,1.3952901840209961,1.3957730650901794,1.3963736593723297,1.3971678614616394,1.3987896919250489
t_178,0.4584159776568413,0.4377787858247757,0.43892534673213957,0.4224310010671616,0.410433991253376,0.3959933966398239,0.3694776013493538,0.34689563065767287,0.3192262306809425,0.30523657202720644,0.28300114572048185,0.2595797166228294,0.2499515824019909,0.2162577472627163,0.19995988979935647,0.1668982222676277,0.13816310167312623,0.10381678268313407,0.08980697840452194,0.05823231805115938,0.035214219614863394,0.0,0.043734033778309825,0.07468659542500973,0.0979257345199585,0.11738359965384007,0.14333989098668098,0.17797152772545816,0.20287065133452414,0.22609936594963073,0.26282984763383865,0.2788360893726349,0.3133216366171837,0.33140411227941513,0.3626522019505501,0.38936597406864165,0.40185763239860534,0.42852247059345244,0.44587585628032683,0.4686876878142357,0.48348534405231475,0.5076757311820984,0.5306153059005737,0.5395424365997314,0.5654719531536102,0.5818219691514969,0.6010985136032104,0.6177785485982895,0.6402059197425842,0.6558433830738067,0.6732955783605575,0.6917188584804534,0.7091134309768676,0.726708608865738,0.7445316195487977,0.7628125280141831,0.7791120737791062,0.7956838935613633,0.810853835940361,0.8251296311616898,0.8443840950727463,0.8578182578086853,0.872213426232338,0.8881653130054474,0.9038566619157791,0.9155508667230606,0.9293576270341873,0.9435638755559921,0.9541459947824478,0.964516744017601,0.9757571876049042,0.9911528080701828,1.0022740840911866,1.011254185438156,1.0222762465476989,1.0346615850925445,1.043555635213852,1.0539734959602356,1.0666092097759248,1.0778755009174348,1.0854977130889893,1.0968090653419496,1.1080298900604248,1.1173176288604736,1.1259827494621277,1.1328169703483582,1.1438872396945954,1.1506868064403535,1.1605197727680205,1.1672445595264436,1.1765702307224273,1.1830340027809143,1.189879846572876,1.1996122777462006,1.2053856313228608,1.2113796174526215,1.2181980192661286,1.2252969861030578,1.2335031509399415,1.2408309936523438,1.2470666766166687,1.2519345819950103,1.2573042035102844,1.2635142266750337,1.2671451807022094,1.2717643797397613,1.275667655467987,1.2811955630779266,1.2861351788043975,1.291047489643097,1.296159303188324,1.2992158591747285,1.3048464715480805,1.3067240059375762,1.3112818717956543,1.3152035295963287,1.3186279356479644,1.3206369698047637,1.324368566274643,1.3282276451587678,1.3307232022285462,1.3316294312477113,1.3355761349201203,1.3377062261104584,1.3402445375919343,1.3426213800907134,1.3460610389709473,1.3473806619644164,1.3500843524932862,1.3516148924827576,1.3525607764720917,1.354690247774124,1.356357753276825,1.357941782474518,1.3593093752861023,1.3616049468517304,1.3628549575805664,1.364040744304657,1.3666939854621887,1.3675175130367279,1.368860012292862,1.3705611646175384,1.3719349026679992,1.3723539292812348,1.3737406253814697,1.374510008096695,1.375653898715973,1.3767594158649445,1.3770597875118256,1.3793410122394563,1.379015177488327,1.3796317756175995,1.3790697038173676,1.3818680047988892,1.3832961082458497,1.382677388191223,1.3835230469703674,1.3833504796028138,1.384510624408722,1.3853427410125732,1.3851190149784087,1.3864524424076081,1.387132042646408,1.3873983204364777,1.3879668653011321,1.388595163822174,1.3886973857879639,1.3885375201702117,1.3897339165210725,1.3897482454776764,1.3909671366214753,1.3906212031841279,1.3911275446414948,1.3918005764484405,1.391078919172287,1.3916496515274048,1.3923289120197295,1.3922812998294831,1.3925898730754853,1.393252170085907,1.393625557422638,1.3930504739284515,1.3942930102348328,1.3939645409584045,1.3947995185852051,1.3949877083301545,1.3940126538276671,1.394301813840866,1.3952503204345703,1.3955941557884217,1.3959994614124298,1.3952861070632934,1.3951194524765014,1.3955548882484436,1.3960327863693238,1.3950886845588684,1.3955824077129364,1.3961995899677277,1.3969994187355042,1.398645716905594
t_177,0.48452447205781934,0.4641386479139328,0.46531554460525515,0.44901196509599683,0.4371549770236015,0.42286942452192305,0.39668422341346743,0.3743743717670441,0.34688522964715957,0.3330774143338203,0.3110431134700775,0.2876858726143837,0.2781248316168785,0.244686321914196,0.2284649357199669,0.1956304393708706,0.1665758192539215,0.1324804127216339,0.11813804432749749,0.08451017774641514,0.05483047142624855,0.043734033778309825,0.0,0.047423812188208105,0.07043060883879662,0.08916181437671185,0.11440063714981079,0.14903825893998146,0.17404426336288453,0.19762221425771714,0.23458022996783257,0.25094856321811676,0.2856296494603157,0.3040805906057358,0.33582971394062044,0.36311405450105666,0.37584552466869353,0.40310955345630645,0.4208105355501175,0.44403706640005114,0.4593196749687195,0.4841156035661697,0.5075537711381912,0.5168388724327088,0.5434477418661118,0.5601768136024475,0.5799869239330292,0.5972053736448288,0.6202494919300079,0.6363854825496673,0.6542953461408615,0.673277023434639,0.691084823012352,0.7090722054243088,0.7274746567010879,0.7462622702121735,0.7630248755216599,0.7799281865358353,0.795413663983345,0.8102947801351548,0.8299291759729386,0.8438058197498322,0.8584756344556809,0.8748346179723739,0.8910091131925583,0.9029400974512101,0.9170892000198364,0.9317430913448334,0.9425356239080429,0.953200563788414,0.964764016866684,0.9805047601461411,0.9918163537979126,1.001059529185295,1.0123652398586274,1.0250596463680268,1.0342029333114624,1.044892132282257,1.057800143957138,1.0692849457263947,1.077085518836975,1.088585102558136,1.100137722492218,1.1095970928668977,1.1184690833091735,1.1255271494388581,1.1367646992206573,1.1437560796737671,1.153771710395813,1.160743635892868,1.1702093660831452,1.1768734216690064,1.1838964164257049,1.193732988834381,1.1997299075126648,1.2058543980121612,1.2128205955028535,1.2200659215450287,1.2284523487091064,1.235935628414154,1.2422155022621155,1.2472902715206147,1.2527656733989716,1.2590524137020112,1.2627605497837067,1.2675463020801545,1.271551936864853,1.2771830558776855,1.2822153508663177,1.287218201160431,1.2923892974853515,1.2955591797828674,1.301231473684311,1.303228986263275,1.3078516602516175,1.3118504166603089,1.315365093946457,1.31745787858963,1.3212442100048065,1.3251398861408235,1.3277095913887025,1.3286377727985381,1.3326264381408692,1.334856289625168,1.337444543838501,1.339863359928131,1.343291836977005,1.344659572839737,1.3474446833133698,1.3490065574645995,1.3500248670578003,1.3521514177322387,1.3538895010948182,1.3555105447769165,1.3568998098373413,1.3592301428318023,1.3605061233043672,1.3617420554161073,1.3643904745578765,1.3653042674064637,1.3666597843170165,1.3683898210525514,1.3697946488857269,1.3702387750148772,1.3716159880161285,1.3724448800086975,1.373572987318039,1.37474125623703,1.3750500857830048,1.3772986292839051,1.377077329158783,1.3776823163032532,1.3771625280380249,1.3799647212028503,1.3814018011093139,1.380842423439026,1.381680327653885,1.3815269947052002,1.3827221274375916,1.3835756599903106,1.3833571434020997,1.3847263693809508,1.3853968501091003,1.385676348209381,1.3862790405750274,1.3868670880794525,1.3869910061359405,1.3868842542171478,1.3881020843982697,1.3881142675876617,1.3893597424030304,1.3890065908432008,1.3895129084587097,1.390197616815567,1.3895065188407898,1.3900819897651673,1.3907729387283325,1.3907525002956391,1.391072964668274,1.39175323843956,1.3920770645141602,1.3915514945983887,1.3928223550319672,1.3924697935581207,1.3933254420757293,1.3935039043426514,1.3925717771053314,1.3928491950035096,1.3938038289546966,1.3941611289978026,1.3945676565170289,1.3938771963119507,1.3937252163887024,1.3941653847694397,1.394675886631012,1.3937397658824922,1.394240415096283,1.3948374271392823,1.3956672132015229,1.3974072694778443
t_176,0.5159651279449463,0.49595133513212203,0.4971503183245659,0.4810765013098717,0.4693886533379555,0.45531714856624605,0.4294631704688072,0.40747361779212954,0.38026631623506546,0.36656585782766343,0.3447682037949562,0.32159908562898637,0.3122025802731514,0.27911111414432527,0.26310953199863435,0.23046973198652268,0.201443400233984,0.16751937791705132,0.1530538223683834,0.11860841289162635,0.08649145811796188,0.07468659542500973,0.047423812188208105,0.0,0.043704649060964586,0.05871580485254526,0.08117942623794079,0.11528573930263519,0.14003311321139336,0.1639057442545891,0.20098432004451752,0.2176855519413948,0.2523071214556694,0.2714283332228661,0.30358865261077883,0.33149265944957734,0.3445939376950264,0.3724888741970062,0.39060629457235335,0.41418931931257247,0.43006073236465453,0.4556113213300705,0.47955559343099596,0.4892710641026497,0.5167048752307892,0.5338280200958252,0.5543047964572907,0.5721474349498749,0.5958971977233887,0.6125786006450653,0.6310682326555253,0.6506819009780884,0.6689663231372833,0.687427106499672,0.7065487563610077,0.7258960634469986,0.7432351142168045,0.760493841767311,0.7763466119766236,0.791981753706932,0.8120613276958466,0.826469686627388,0.8414555788040161,0.8583236664533616,0.8750813186168671,0.8872442424297333,0.901787805557251,0.9170208513736725,0.9280375897884369,0.9390827864408493,0.951004683971405,0.9672126203775406,0.9787111967802048,0.9882802337408065,0.9999505817890167,1.0130131006240846,1.0224595069885254,1.0334878087043762,1.04673028588295,1.058478730916977,1.0664965033531189,1.0782319605350494,1.0902319431304932,1.0998768210411072,1.1090110123157502,1.1163664519786836,1.127784651517868,1.135047036409378,1.1452731311321258,1.1525544106960297,1.1621723175048828,1.1691288948059082,1.1763680756092072,1.18632915019989,1.1925821959972382,1.1988897919654846,1.206064110994339,1.2135004460811616,1.2220827460289,1.2297768592834473,1.236093270778656,1.2414355814456939,1.2470235228538513,1.2534079074859619,1.2572123944759368,1.26223184466362,1.2663457989692688,1.2721234261989594,1.2772789180278779,1.2823769330978394,1.2876113831996918,1.290921038389206,1.2966374695301055,1.2987877428531647,1.3034904420375824,1.3075883328914641,1.3112051844596864,1.313420343399048,1.317287939786911,1.3212127029895782,1.3238979756832123,1.3248479306697845,1.3288772463798524,1.3312546372413636,1.3338917732238769,1.336359453201294,1.3397813856601715,1.3411965131759644,1.3440932929515839,1.3457020401954651,1.3468138754367829,1.3489465057849883,1.3507677912712097,1.3524322152137755,1.3538451611995697,1.356218832731247,1.357525646686554,1.3588179111480714,1.3614733159542083,1.3624720633029939,1.3638625502586366,1.365622305870056,1.367062222957611,1.3675417840480804,1.36892791390419,1.3698246002197265,1.3709412753582,1.372193443775177,1.3725014448165893,1.3747108101844787,1.374628484249115,1.375221961736679,1.374753910303116,1.377549308538437,1.3789900302886964,1.3785107016563416,1.3793242752552033,1.379209041595459,1.380430316925049,1.3813064634799956,1.3810878276824952,1.3824986875057221,1.3831580579280853,1.3834664165973662,1.3841017365455628,1.3846454322338104,1.3847939133644105,1.384748286008835,1.3859834492206573,1.3860086441040038,1.3872740864753723,1.3869121730327607,1.387417048215866,1.388103002309799,1.3874554097652436,1.3880342304706574,1.3887409508228301,1.3887374639511108,1.3890783488750458,1.3897749423980712,1.3900375843048096,1.3895931541919708,1.3908793330192566,1.39049431681633,1.3913891732692718,1.3915542125701905,1.3906720519065856,1.3909402191638947,1.391903805732727,1.3922772228717804,1.3926809072494506,1.3920295178890227,1.391884207725525,1.3923397839069367,1.3928703546524048,1.3919576585292817,1.3924723029136659,1.3930609941482544,1.393910551071167,1.3957647144794465
t_175,0.5376214563846589,0.5177807122468948,0.5190568953752518,0.503187182545662,0.49157605022192,0.4777564764022827,0.45219177603721616,0.43035904318094254,0.40347802489995954,0.390056748688221,0.36839322596788404,0.34548340141773226,0.3361991360783577,0.3034059122204781,0.2875535011291504,0.2550472289323807,0.22631550058722497,0.19238166958093644,0.17799632698297502,0.1435919836163521,0.11090890429913998,0.0979257345199585,0.07043060883879662,0.043704649060964586,0.0,0.038064165599644186,0.05952749866992235,0.09088841080665588,0.11531134806573391,0.1389169067144394,0.1758660778403282,0.19263223931193352,0.22752775326371194,0.24662168249487876,0.27912966459989547,0.30732944011688235,0.3205606907606125,0.3488946035504341,0.36729235500097274,0.39127107411623,0.4074547737836838,0.4333764463663101,0.45779284089803696,0.4676708295941353,0.4957056790590286,0.5131244719028473,0.5340741783380508,0.5522511512041092,0.576567405462265,0.5936069101095199,0.6124731123447418,0.6325283199548721,0.6512080729007721,0.670078980922699,0.6896444976329803,0.7094764769077301,0.7271972894668579,0.7447597414255143,0.7609533458948136,0.7770326286554337,0.7975008249282837,0.81222605407238,0.8275214672088623,0.8447505295276642,0.8619370609521866,0.8743481248617172,0.8892152577638626,0.9047833621501923,0.9160329580307007,0.9273247748613358,0.9395171910524368,0.9560777723789216,0.9677917420864105,0.9775855869054795,0.9895079135894775,1.0028648048639297,1.012541228532791,1.023791539669037,1.0373268127441406,1.0492969155311584,1.0575004458427428,1.0694740951061248,1.0817438304424285,1.091586947441101,1.100893461704254,1.1084517896175385,1.120088416337967,1.1275133669376374,1.1379386365413666,1.1454381048679352,1.155229526758194,1.1623443961143494,1.169757789373398,1.1798954904079437,1.1863290786743164,1.1927513778209686,1.200075924396515,1.2076658844947814,1.2164313554763795,1.2242960810661316,1.2306973397731782,1.2361995816230773,1.2418964743614196,1.2484088242053986,1.2523050367832185,1.2574719488620758,1.2616823673248292,1.267575204372406,1.2728357315063477,1.2780557155609131,1.2833733975887298,1.286789470911026,1.2925871372222901,1.294810312986374,1.2996116757392884,1.3037979185581208,1.3074933469295502,1.3097991466522216,1.3137335360050202,1.3177238643169402,1.3204852402210236,1.3214683771133422,1.3255470514297485,1.3280040681362153,1.330711728334427,1.3332250237464904,1.336687970161438,1.3381374597549438,1.3411242067813873,1.342770165205002,1.3439232766628266,1.3461015939712524,1.3479817628860473,1.3496819615364075,1.3511358439922332,1.3535369336605072,1.3548823297023773,1.3562172293663024,1.3589065968990326,1.3599449455738069,1.3613764107227326,1.3631677091121674,1.3646283864974975,1.3651420056819916,1.3665578246116639,1.3674868583679198,1.3686174035072327,1.3699153065681458,1.3702427685260772,1.3724550426006317,1.3724314630031587,1.373047059774399,1.372603189945221,1.3754315316677093,1.3768858015537262,1.3764392614364624,1.3772521793842316,1.3771659672260284,1.3784176707267761,1.3793137490749359,1.3791035830974578,1.3805377900600433,1.3812069833278655,1.3815434277057648,1.3822039127349854,1.382736623287201,1.382902103662491,1.3828952729701995,1.3841391623020172,1.3841861665248871,1.3854609727859497,1.3850988864898681,1.3856089293956757,1.3862997770309449,1.3856848299503326,1.3862574577331543,1.3869879961013794,1.3869997143745423,1.387342917919159,1.388060200214386,1.3882958054542542,1.387890213727951,1.3891931056976319,1.3887961685657502,1.3897162616252898,1.3898691892623902,1.3890197813510894,1.3892838478088378,1.3902554750442504,1.3906354904174805,1.391050785779953,1.3904148936271667,1.3902776181697845,1.390746933221817,1.3912965595722198,1.3904011726379395,1.3909220099449158,1.3915101349353791,1.3923732936382294,1.3942947089672089
t_174,0.5548427432775498,0.5351898819208145,0.5364510834217071,0.520763498544693,0.5092467993497849,0.49562291949987414,0.47027192264795303,0.44859295189380644,0.4220056653022766,0.40872330218553543,0.3871889516711235,0.3644835397601128,0.3552793309092522,0.32270946353673935,0.3070726588368416,0.27470224648714064,0.2462260015308857,0.21211625263094902,0.1979647971689701,0.16374670937657357,0.13106123507022857,0.11738359965384007,0.08916181437671185,0.05871580485254526,0.038064165599644186,0.0,0.044845389761030675,0.07257540673017501,0.09538812637329101,0.11907999590039253,0.15575548484921456,0.1724902346730232,0.20761225000023842,0.22686728984117507,0.2595922499895096,0.2881019815802574,0.30149678587913514,0.3302611321210861,0.34885662198066714,0.37317469120025637,0.3896176293492317,0.41596856266260146,0.440735824406147,0.4507704108953476,0.4793711617588997,0.4970718681812286,0.5184360027313233,0.5369440793991089,0.5617394119501113,0.5790976613759995,0.5983439236879349,0.6187959104776383,0.6378172487020493,0.656989848613739,0.6769726723432541,0.6971770375967026,0.7152347415685654,0.7330939173698425,0.7495371371507644,0.7660218626260757,0.7868268638849258,0.8018672108650208,0.8173696458339691,0.8349192261695861,0.8524522542953491,0.8650483042001724,0.8801813900470734,0.896060648560524,0.9074789047241211,0.9189722210168838,0.9314018905162811,0.9482318937778473,0.960116046667099,0.9700788944959641,0.9822203904390335,0.9958049654960632,1.0056771218776703,1.0171213567256927,1.0308698058128356,1.0430127143859864,1.0513525307178497,1.063495934009552,1.0760131061077118,1.085986179113388,1.0954456865787505,1.1031594097614288,1.114942228794098,1.1224992632865907,1.1330619037151337,1.1407390415668488,1.1506516993045808,1.157899057865143,1.1654392421245574,1.1756811380386352,1.182258015871048,1.188770979642868,1.1962138056755065,1.2039167761802674,1.2128161132335662,1.2207911729812622,1.227250736951828,1.232887864112854,1.238657546043396,1.2452510476112366,1.2491940140724183,1.2544775664806367,1.2587756931781768,1.264751571416855,1.2700833320617675,1.275379079580307,1.28074968457222,1.284238976240158,1.2900807082653045,1.292377656698227,1.2972287654876709,1.301474404335022,1.3052253007888794,1.307601273059845,1.3115857899188996,1.315606302022934,1.318418139219284,1.319425106048584,1.3235429286956788,1.326064360141754,1.3288116157054901,1.3313481152057647,1.3348290205001831,1.3363117694854736,1.3393599927425384,1.341022676229477,1.342216718196869,1.344412589073181,1.346329891681671,1.348058032989502,1.349530291557312,1.3519561409950256,1.353315931558609,1.354683941602707,1.3573800325393677,1.3584640324115753,1.3599132895469666,1.3617150068283081,1.3632008910179139,1.3637259006500244,1.3651619791984557,1.3661169707775116,1.3672455072402954,1.3685875236988068,1.3689148008823395,1.3711270809173584,1.3711584985256196,1.3717760562896728,1.3713516235351562,1.374189817905426,1.375655508041382,1.3752336621284484,1.3760422885417938,1.3759753465652467,1.3772393882274627,1.3781527757644654,1.3779478907585143,1.3794012367725372,1.3800636053085327,1.3804083704948424,1.3810960352420807,1.3816080272197724,1.3817886710166931,1.3818187177181245,1.383074027299881,1.383118224143982,1.384409737586975,1.3840405285358428,1.3845486044883728,1.385235059261322,1.3846496880054473,1.385225635766983,1.3859634935855865,1.3859894752502442,1.3863364815711976,1.3870691895484923,1.3872760713100434,1.3869050025939942,1.3882197976112365,1.3878101408481598,1.3887484312057494,1.3888924539089202,1.3880643784999847,1.388328444957733,1.3893028974533081,1.3896970272064209,1.3901149153709411,1.3894792258739472,1.3893523871898652,1.3898323059082032,1.3903973877429963,1.389514034986496,1.3900389671325684,1.3906277596950531,1.3915043830871583,1.3934753358364105
t_173,0.5777256786823273,0.5583316177129746,0.5595192462205887,0.544029924273491,0.5326791197061539,0.5191511958837509,0.4940505862236023,0.47268880903720856,0.4463302567601204,0.4331273779273033,0.4118710309267044,0.38927422016859053,0.38018044233322146,0.3479119673371315,0.3323258846998215,0.30021463334560394,0.27171313762664795,0.23812174573540687,0.2238334186375141,0.18928320556879044,0.15646137297153473,0.14333989098668098,0.11440063714981079,0.08117942623794079,0.05952749866992235,0.044845389761030675,0.0,0.05135537981987,0.07180305533111095,0.09534585624933242,0.13197557702660562,0.14882523268461229,0.18306237161159516,0.2034270517528057,0.23629855662584304,0.26533975452184677,0.279159289598465,0.3084522783756256,0.32726339250802994,0.35176035314798354,0.3687660455703735,0.39586492627859116,0.4208803609013557,0.43143661320209503,0.4606550484895706,0.4786748856306076,0.5005512267351151,0.5196621239185333,0.5449438184499741,0.5627644777297973,0.5825307309627533,0.603539326786995,0.6228804111480712,0.6423378080129624,0.662961620092392,0.6835345804691315,0.702098947763443,0.7201906651258468,0.73682422041893,0.7540622591972351,0.7751248151063919,0.7906651645898819,0.8063322097063065,0.8243074446916581,0.8422783613204956,0.8550109565258026,0.8704151451587677,0.8868366837501526,0.8983485609292984,0.9101411372423172,0.9228564351797104,0.9400242090225219,0.9519868224859238,0.9622206628322602,0.9746603399515152,0.9885081082582474,0.9986049145460129,1.010328507423401,1.0242797553539276,1.0366260766983033,1.0450805366039275,1.0573165893554688,1.0702463746070863,1.0803112804889679,1.0900014221668244,1.0979229867458344,1.1097728669643403,1.1175628185272217,1.1282531857490539,1.1361668825149536,1.1461320877075196,1.1536509573459626,1.1613511145114899,1.171593475341797,1.1784113347530365,1.1850519895553588,1.1926493346691132,1.2004810690879821,1.2094930052757262,1.2176360070705414,1.2240577518939972,1.2299269497394563,1.2357571482658387,1.2423978686332702,1.2463903427124023,1.2518472492694854,1.256226772069931,1.262293517589569,1.267709642648697,1.273032295703888,1.2784239172935485,1.2820226550102234,1.2878671526908874,1.2902918875217437,1.2951849818229675,1.2994749784469604,1.3033081889152527,1.305763977766037,1.3098040997982026,1.3138078689575194,1.3167232990264892,1.3177164554595948,1.321829342842102,1.324492335319519,1.327264404296875,1.3298202216625215,1.3332466304302215,1.3347523629665374,1.3379095673561097,1.3396091341972352,1.3408693552017212,1.3430234491825104,1.3450149893760681,1.3467582702636718,1.3482410967350007,1.3506824970245361,1.3520438492298126,1.3534563302993774,1.3561357378959655,1.3573001205921174,1.3587564289569856,1.3605861723423005,1.3620926976203918,1.3626438975334167,1.3640664219856262,1.3650902450084685,1.3661828458309173,1.3676019608974457,1.3679177582263946,1.3700873017311097,1.3702376902103424,1.370824122428894,1.3704387366771698,1.3732700884342193,1.3747199714183806,1.3743717193603515,1.3751535654067992,1.375107181072235,1.3763908326625824,1.377324068546295,1.3771049976348877,1.3785928010940551,1.379245501756668,1.3796093165874481,1.3803294122219085,1.3807710886001587,1.3809676349163056,1.3810530841350555,1.3823250591754914,1.3823727726936341,1.3836843490600585,1.38329176902771,1.3837895810604095,1.3844778001308442,1.3839308500289917,1.384496545791626,1.3852421998977662,1.3852779865264893,1.385642683506012,1.3863851726055145,1.3865337312221526,1.386218547821045,1.3875618040561677,1.387100052833557,1.38807755112648,1.3882047653198242,1.38741192817688,1.387665754556656,1.388643628358841,1.3890492558479308,1.389459991455078,1.388860386610031,1.3887247681617736,1.3892137944698333,1.3898097276687622,1.3889178216457367,1.3894456326961517,1.3900212287902831,1.39091614484787,1.3929860711097717
t_172,0.6051954597234726,0.5861565977334976,0.5874662578105927,0.5722783088684082,0.5611145377159119,0.5480039089918136,0.5233386009931564,0.5023324757814407,0.4764592081308365,0.46367346197366716,0.4427179917693138,0.42037531137466433,0.4115762963891029,0.3800045043230057,0.36479472517967226,0.33317428082227707,0.30518852472305297,0.272023706138134,0.25777006447315215,0.2238857440650463,0.19138288795948027,0.17797152772545816,0.14903825893998146,0.11528573930263519,0.09088841080665588,0.07257540673017501,0.05135537981987,0.0,0.044835051894187926,0.0611022237688303,0.0961646392941475,0.11298112496733666,0.14778837114572524,0.16727683395147325,0.20044588297605515,0.22979387640953064,0.2437506690621376,0.27332658916711805,0.29251860082149506,0.31749986559152604,0.33487660735845565,0.3625066488981247,0.38814217001199725,0.3989964500069618,0.4288913682103157,0.4474592819809914,0.4699154540896416,0.48954694867134096,0.515574163198471,0.5339257538318634,0.5542953550815582,0.575931602716446,0.5958534300327301,0.6158830434083938,0.6371200025081635,0.658396577835083,0.6775124847888947,0.6961564064025879,0.7133135497570038,0.7311205565929413,0.7528254687786102,0.76888867020607,0.7850191861391067,0.8035074681043625,0.8220734089612961,0.8352262824773788,0.8511687338352203,0.8680666893720627,0.8799596279859543,0.8921214282512665,0.9052875488996506,0.9229479938745498,0.935332277417183,0.94588243663311,0.9587129861116409,0.9730171352624893,0.9835000604391098,0.9955759882926941,1.009961661696434,1.0226794898509979,1.031452476978302,1.044077718257904,1.0574154496192931,1.067816185951233,1.0777789652347565,1.085962325334549,1.0982025742530823,1.106220644712448,1.1172440707683564,1.1254602193832397,1.1357581555843352,1.1434631824493409,1.1514440536499024,1.1620222687721253,1.169076156616211,1.175895631313324,1.1837205410003662,1.1917835235595704,1.20109720826149,1.2094921708106994,1.2160861313343048,1.2221673250198364,1.2281681716442108,1.2350466966629028,1.2391640782356261,1.2448325634002686,1.2493657410144805,1.2556073784828186,1.2611998081207276,1.2667060971260071,1.2722539484500885,1.2759928464889527,1.28197101354599,1.284511423110962,1.28954735994339,1.2939772486686707,1.2979274451732636,1.3005132853984833,1.3046550512313844,1.3087798058986664,1.3117910385131837,1.3128708899021149,1.317093515396118,1.3198654115200044,1.3227140963077546,1.3253596782684327,1.3288828134536743,1.3304382503032683,1.3337127923965455,1.3354700028896331,1.3367987990379333,1.3390320003032685,1.3410926938056946,1.3429011583328248,1.3444299459457398,1.3469401895999908,1.3483581364154815,1.349831771850586,1.352551007270813,1.3537832617759704,1.3552980303764344,1.3571667969226837,1.3587222456932069,1.359304666519165,1.3607782185077668,1.361857408285141,1.362967312335968,1.3644554436206817,1.3648091554641724,1.3669939160346984,1.3672045588493347,1.367819184064865,1.3674718856811523,1.3703448057174683,1.3718250691890717,1.3715101778507233,1.3722952425479888,1.3722878396511078,1.373598963022232,1.3745727479457854,1.3743752121925354,1.3758956909179687,1.376549381017685,1.3769444704055787,1.3777122378349305,1.378140276670456,1.3783654868602753,1.3784921765327454,1.3798082947731019,1.379841834306717,1.3811985313892365,1.38080695271492,1.3813140213489532,1.382022923231125,1.38151016831398,1.3820750713348389,1.3828601777553557,1.3828977406024934,1.383287525177002,1.3840490281581879,1.3841810703277588,1.383904403448105,1.3852745175361634,1.3848007142543792,1.3858091235160828,1.3859329998493195,1.3851708114147185,1.385438197851181,1.3864234507083892,1.3868359267711639,1.3872791528701782,1.3866765260696412,1.3865519642829895,1.3870646893978118,1.3876823723316192,1.3868158221244813,1.38736532330513,1.3879604458808898,1.3888695120811463,1.391003715991974
t_171,0.6262865722179413,0.607507762312889,0.6088168174028397,0.5938438504934311,0.582789933681488,0.5698498278856278,0.5454764068126678,0.5247238427400589,0.49917266368865965,0.486522975564003,0.46577885895967486,0.4437098354101181,0.4350210502743721,0.4037595421075821,0.38871835768222807,0.35736072063446045,0.329501511156559,0.2965290665626526,0.28248172253370285,0.24881608858704568,0.21612821519374847,0.20287065133452414,0.17404426336288453,0.14003311321139336,0.11531134806573391,0.09538812637329101,0.07180305533111095,0.044835051894187926,0.0,0.04434295929968357,0.07440013885498047,0.08992727622389793,0.1232046753168106,0.1436269536614418,0.17679392099380492,0.2062227062880993,0.22043364122509956,0.25054973512887957,0.2698985248804092,0.2950205683708191,0.3129038468003273,0.34105783700942993,0.3669801354408264,0.3781080931425095,0.4087353602051735,0.42748134583234787,0.4504251256585121,0.47057985216379167,0.4971456840634346,0.5159278929233551,0.5367149025201797,0.5588543802499771,0.57914519906044,0.599469217658043,0.6213111817836762,0.6429866701364517,0.6625635653734208,0.6814265221357345,0.6988148301839828,0.7173229575157165,0.7393042534589768,0.7557766616344452,0.7720996469259263,0.7909942537546157,0.8100558876991272,0.8233526170253753,0.8395546674728394,0.8569372117519378,0.8689910620450974,0.8814427971839904,0.8948999851942062,0.912907937169075,0.9253886640071869,0.9362163662910461,0.949335190653801,0.963928297162056,0.9746346235275268,0.986967122554779,1.001611691713333,1.0145334333181382,1.023451828956604,1.0362300872802734,1.049948614835739,1.0604714035987854,1.0706477820873261,1.0790698826313019,1.0914179861545563,1.0996572613716125,1.1108236730098724,1.119291716814041,1.1296815931797028,1.1376429438591003,1.1457807838916778,1.1564024090766907,1.1636871695518494,1.170643824338913,1.1786291241645812,1.1868383407592773,1.196295338869095,1.2048594772815704,1.211452102661133,1.2177643179893494,1.2238519310951232,1.2307869970798493,1.234967041015625,1.2408198416233063,1.2454490840435029,1.2518021702766418,1.2574730396270752,1.2630504965782166,1.2686283826828002,1.2724902749061584,1.278492671251297,1.2811560928821564,1.286245161294937,1.2907524049282073,1.2947782278060913,1.297462385892868,1.301658844947815,1.3058032870292664,1.3089072465896607,1.3099978625774384,1.3142428636550902,1.3171273350715638,1.3200188100337982,1.3226962029933929,1.3261938452720643,1.3277843058109284,1.3311537861824037,1.3329494774341584,1.3343390345573425,1.3365697801113128,1.3386996030807494,1.340527480840683,1.3420874655246735,1.3446048498153687,1.3460462868213654,1.3475677073001862,1.3502872347831727,1.3515839457511902,1.3531207740306854,1.3550026178359986,1.3565902709960938,1.357203483581543,1.3586754024028778,1.3597998380661012,1.3609087646007538,1.362456089258194,1.3628028750419616,1.3649616837501526,1.3652756810188293,1.3658723413944245,1.3655607044696807,1.368446981906891,1.3699159145355224,1.3696615099906921,1.370439064502716,1.3704549372196198,1.3717916011810303,1.3727874517440797,1.372591930627823,1.3741338849067688,1.374788761138916,1.3752062320709229,1.3760002553462982,1.3764011442661286,1.3766373634338378,1.3768157005310058,1.3781360268592835,1.3781836807727814,1.3795514702796936,1.3791549026966095,1.3796574234962464,1.3803654432296752,1.379881536960602,1.3804485380649567,1.3812358677387238,1.3812893092632295,1.3816892981529236,1.3824720561504364,1.3825573742389679,1.3823313474655152,1.3837085366249084,1.3832152962684632,1.3842637300491334,1.3843714714050293,1.3836450636386872,1.3839065194129945,1.384892338514328,1.3853092312812805,1.3857466161251069,1.3851731300354004,1.3850553154945373,1.3855654358863831,1.386206978559494,1.385354506969452,1.3859161734580994,1.3864846169948577,1.3873999059200286,1.3896240592002869
t_170,0.6442466348409652,0.625691831111908,0.6270534425973893,0.6122982025146484,0.6013673156499862,0.5887466341257095,0.5646174103021622,0.5441151887178421,0.5189417690038681,0.5066041767597198,0.4860435977578163,0.4641780287027359,0.45570362359285355,0.4249312952160835,0.410149921476841,0.3791114091873169,0.3517532587051392,0.31903721690177916,0.30506764352321625,0.2718949690461159,0.23979907035827636,0.22609936594963073,0.19762221425771714,0.1639057442545891,0.1389169067144394,0.11907999590039253,0.09534585624933242,0.0611022237688303,0.04434295929968357,0.0,0.05249694678932428,0.06620328165590764,0.09990053065121174,0.11868027783930302,0.15189847871661186,0.18146575018763542,0.19582073837518693,0.2259547993540764,0.24543293491005896,0.2710788920521736,0.2890272378921509,0.3176442369818687,0.3439493179321289,0.3552181959152222,0.3863385170698166,0.40560514479875565,0.428919592499733,0.4493930920958519,0.4764856085181236,0.49562395066022874,0.5169199407100677,0.5395012140274048,0.560290077328682,0.5810719579458237,0.603315556049347,0.6254647612571717,0.6454641819000244,0.6648202329874039,0.6826361805200577,0.7015068739652633,0.7240220844745636,0.7408590734004974,0.7575625479221344,0.7768653452396392,0.796292069554329,0.8099608153104783,0.8265675663948059,0.8442957490682602,0.8566356211900711,0.8693272352218628,0.8831229209899902,0.9015123039484024,0.9143504440784455,0.9253690391778946,0.9387744456529618,0.9536900818347931,0.964669206738472,0.9772568702697754,0.9922015547752381,1.0054255187511445,1.0145512610673904,1.027628082036972,1.0416370391845704,1.0523969054222106,1.0627883315086364,1.071359920501709,1.0840171337127686,1.0924142241477965,1.1038241863250733,1.112458384037018,1.1231283843517303,1.1312025785446167,1.1395330905914307,1.150419920682907,1.1578423857688904,1.1649109721183777,1.1730903267860413,1.1814492881298064,1.1911133766174316,1.1998806297779083,1.2066012799739838,1.2130331218242645,1.2192383110523224,1.2263745546340943,1.2306222021579742,1.2366059243679046,1.2413327991962433,1.247803121805191,1.2536064088344574,1.2592918634414674,1.2650046050548553,1.268926239013672,1.2750599205493927,1.27777299284935,1.2829649329185486,1.28757364153862,1.2916746497154237,1.2944378137588501,1.298720932006836,1.302949959039688,1.3061321318149566,1.3072574019432068,1.3115899503231048,1.3145453333854675,1.3174885869026185,1.320213508605957,1.3237975418567658,1.32540482878685,1.328839159011841,1.3306837737560273,1.3321060061454773,1.33439199924469,1.3365504682064056,1.3384250283241272,1.3400172948837281,1.3425865411758422,1.344069528579712,1.3456246733665467,1.3483911991119384,1.3497163772583007,1.351289403438568,1.3532066524028779,1.3548256933689118,1.355466252565384,1.356967830657959,1.3581318736076355,1.3592532515525817,1.3608471214771272,1.3612219572067261,1.363400673866272,1.3637589275836945,1.3643724083900453,1.364071923494339,1.3669972836971283,1.3684939801692964,1.368250584602356,1.369030910730362,1.3690730452537536,1.3704227805137634,1.371443772315979,1.371258693933487,1.3728255212306977,1.3734758496284485,1.3739086389541626,1.374741792678833,1.3751214623451233,1.3753763556480407,1.3755828738212585,1.3769417345523833,1.3769721210002899,1.3783730208873748,1.3779621601104737,1.378480041027069,1.3791989266872406,1.3787359952926637,1.379309594631195,1.3801147758960723,1.380177801847458,1.380579847097397,1.3813786327838897,1.3814595580101012,1.3812489807605743,1.382658839225769,1.382152497768402,1.383222186565399,1.3833288192749023,1.3826137363910675,1.3828801214694977,1.3838878989219665,1.3843248307704925,1.384765386581421,1.384183394908905,1.3840813219547272,1.3845997214317323,1.3852607369422913,1.384410375356674,1.3849894523620605,1.38557208776474,1.3865053713321687,1.3887644171714784
t_169,0.6735573559999466,0.6553715527057647,0.656733724474907,0.6422981917858124,0.6315928131341935,0.6192660659551621,0.5956850796937943,0.5755602985620498,0.5509222507476806,0.5388545960187912,0.5186774045228958,0.4972736150026321,0.4889599546790123,0.4587418779730797,0.4442707091569901,0.41373198926448823,0.38693538308143616,0.3546168923377991,0.34089362174272536,0.30810876339674,0.2764517843723297,0.26282984763383865,0.23458022996783257,0.20098432004451752,0.1758660778403282,0.15575548484921456,0.13197557702660562,0.0961646392941475,0.07440013885498047,0.05249694678932428,0.0,0.0406515184789896,0.06611855924129487,0.08324788622558117,0.11559836082160473,0.14570776298642157,0.16010630428791045,0.19079318791627883,0.21050986647605896,0.2364388018846512,0.25494210198521616,0.28415203243494036,0.3109536498785019,0.3226620018482208,0.3546615272760391,0.3743022337555885,0.39841419607400896,0.419446112215519,0.44731808006763457,0.4670433536171913,0.48897578865289687,0.5122854530811309,0.5335892796516418,0.5548670768737793,0.5779035031795502,0.6007827073335648,0.6214066296815872,0.6411410361528397,0.6593776553869247,0.6791508227586747,0.7021591752767563,0.7196060538291931,0.736682939529419,0.7565463602542877,0.7766555964946746,0.7906247764825821,0.807739394903183,0.8260926842689514,0.8387253761291504,0.8518483191728592,0.866076797246933,0.8850141614675522,0.8981142401695251,0.9095142096281051,0.9233688682317733,0.9387227207422256,0.9500947833061218,0.9630967944860458,0.9784568905830383,0.991996556520462,1.0014333367347716,1.0148160338401795,1.029332846403122,1.0403526723384857,1.051057755947113,1.059948056936264,1.0729059755802155,1.0815847098827363,1.0932841956615449,1.1022981107234955,1.11318399310112,1.1215293765068055,1.1301382184028625,1.1412410140037537,1.1489680051803588,1.156235808134079,1.1646505355834962,1.1732467710971832,1.1831631302833556,1.1921965897083282,1.199012392759323,1.2057307958602905,1.2120868682861328,1.2194088995456696,1.2237561523914338,1.2299913883209228,1.2348814845085143,1.2415298700332642,1.247495609521866,1.2533396124839782,1.2591597735881805,1.26324360370636,1.2694629371166228,1.2723449051380158,1.277651846408844,1.282383781671524,1.2866174817085265,1.289510226249695,1.2938851356506347,1.2982000350952148,1.3014917969703674,1.3026728808879853,1.3070843756198882,1.3101525008678436,1.313188272714615,1.3159822344779968,1.3196035385131837,1.3212753236293793,1.3248344719409944,1.3267410337924956,1.3282530963420869,1.3305773854255676,1.3328133523464203,1.334744131565094,1.3363869965076447,1.33900288939476,1.3405469179153442,1.342177164554596,1.3449578285217285,1.3463662981987,1.3479920625686646,1.3499503970146178,1.3516089558601379,1.3522908568382264,1.3538194239139556,1.3550389409065247,1.3561718702316283,1.357851618528366,1.358247274160385,1.3604130864143371,1.360882544517517,1.3614908576011657,1.361256629228592,1.3641890347003938,1.3657013595104217,1.3655278742313386,1.3662844240665435,1.3663661420345306,1.3677477419376374,1.368810087442398,1.3686327457427978,1.3702285408973693,1.3708769500255584,1.3713425755500794,1.3722110629081725,1.3725673377513885,1.3728586375713348,1.373110944032669,1.3744978547096252,1.3745345711708068,1.375960350036621,1.375549304485321,1.376078474521637,1.3768080949783326,1.3763839304447174,1.3769636869430542,1.377799493074417,1.377857506275177,1.3782933831214905,1.3791159868240357,1.379162985086441,1.3790078997611999,1.3804341316223145,1.3799185931682587,1.3810092329978942,1.3811071038246154,1.3804331243038177,1.380698126554489,1.3817146301269532,1.3821666955947876,1.382616549730301,1.3820722639560699,1.381974995136261,1.3825040340423584,1.3832044839859008,1.38237344622612,1.3829566299915315,1.383534836769104,1.3844947040081024,1.3868107140064239
t_168,0.6854525208473206,0.6674471348524094,0.668845596909523,0.6545746862888336,0.6439523369073867,0.6318595021963119,0.6084453821182251,0.588496771454811,0.5641383618116379,0.5522521376609802,0.5322272151708602,0.5109842628240585,0.5028324156999588,0.47294802963733673,0.4587611988186836,0.42841504514217377,0.4018923118710518,0.3698191583156586,0.3562676578760147,0.3239575818181038,0.29252451807260516,0.2788360893726349,0.25094856321811676,0.2176855519413948,0.19263223931193352,0.1724902346730232,0.14882523268461229,0.11298112496733666,0.08992727622389793,0.06620328165590764,0.0406515184789896,0.0,0.05341604147106409,0.06839664280414581,0.0993574921041727,0.12866148948669434,0.14338408336043357,0.17383881509304047,0.1935221016407013,0.2196953758597374,0.23815843388438224,0.2676377072930336,0.2945992037653923,0.3062829464673996,0.33863853812217715,0.3585694894194603,0.38286827951669694,0.40414078533649445,0.43243481814861295,0.45236274898052214,0.47460920065641404,0.49820602536201475,0.5198266506195068,0.5413997620344162,0.5647423535585403,0.5879054009914398,0.6088097125291825,0.6288623958826065,0.6473658621311188,0.6674004316329956,0.6907538145780563,0.7084475189447403,0.7257397711277008,0.7458920240402221,0.7662949889898301,0.7804963439702988,0.7978647142648697,0.8164913475513458,0.8293124556541442,0.8426193803548813,0.8570847034454345,0.8762477993965149,0.8896096646785736,0.9011514872312546,0.9152080059051514,0.9307846307754517,0.9423465132713318,0.9555033385753632,0.9710851967334747,0.9848325401544571,0.9943939685821533,1.0079854756593705,1.022709184885025,1.033910834789276,1.0447643637657165,1.0537862539291383,1.0669323563575746,1.0757277309894562,1.0875911831855773,1.0967233419418334,1.107795822620392,1.1162543535232543,1.1250022113323213,1.136269211769104,1.144109320640564,1.1514621555805207,1.160011786222458,1.1687210321426391,1.1787976801395417,1.1879678905010223,1.1948626339435577,1.201695990562439,1.2081398010253905,1.2155913889408112,1.2199946880340575,1.226338005065918,1.2313106417655946,1.2380422949790955,1.2440936028957368,1.250019484758377,1.255923318862915,1.260074907541275,1.2663829565048217,1.2693004727363586,1.2746825098991394,1.2795036554336547,1.283794891834259,1.2867455244064332,1.2911809623241424,1.2955474078655242,1.2988975942134857,1.300117439031601,1.3045814156532287,1.3077188670635223,1.3108028411865233,1.313640159368515,1.3173012554645538,1.3189995050430299,1.322617655992508,1.3245541453361511,1.3261068284511566,1.3284620225429535,1.3307405531406402,1.3326934099197387,1.3343659877777099,1.3370151102542878,1.3385789275169373,1.3402333378791809,1.343060302734375,1.344493716955185,1.3461362898349762,1.3481201112270356,1.3498085737228394,1.3505097091197968,1.3520584523677825,1.3533164381980896,1.354453682899475,1.356168007850647,1.35657799243927,1.3587570250034333,1.3592672228813172,1.3598760902881621,1.3596637487411498,1.3626293241977692,1.3641550898551942,1.363990169763565,1.364757776260376,1.3648564100265503,1.3662563145160675,1.36733518242836,1.3671651244163514,1.3687710225582124,1.3694271326065064,1.3699085354804992,1.3708057701587677,1.3711472630500794,1.3714525818824768,1.3717262983322143,1.3731431126594544,1.3731806576251984,1.3746195793151856,1.3741979956626893,1.3747462630271912,1.3754866242408752,1.3750785887241364,1.3756576418876647,1.37650985121727,1.3765760660171509,1.3770212471485137,1.3778551399707795,1.3778863966464996,1.3777534067630768,1.3792020082473755,1.3786727845668794,1.3797894418239594,1.3798859655857085,1.3792254447937011,1.379489141702652,1.3805157840251923,1.3809745252132415,1.3814393699169158,1.380894011259079,1.3808088839054107,1.381342703104019,1.3820671439170837,1.3812299489974975,1.381831121444702,1.3824149429798127,1.3833863496780396,1.3857471942901611
t_167,0.7133252143859863,0.6956542164087296,0.6970371901988983,0.683050325512886,0.672636079788208,0.6606935292482377,0.6378053903579712,0.6182283759117126,0.5943282216787338,0.5825805336236953,0.5629713714122773,0.542126914858818,0.5341303199529648,0.5047313287854195,0.49064213782548904,0.4609011888504028,0.43466091006994245,0.4031002879142761,0.3898002222180367,0.35773286819458006,0.326451475918293,0.3133216366171837,0.2856296494603157,0.2523071214556694,0.22752775326371194,0.20761225000023842,0.18306237161159516,0.14778837114572524,0.1232046753168106,0.09990053065121174,0.06611855924129487,0.05341604147106409,0.0,0.044643140584230426,0.06916827298700809,0.0978968821465969,0.11170680522918701,0.1428680971264839,0.16231782287359237,0.18774908408522606,0.20726724863052368,0.2372940979897976,0.2643185555934906,0.2767370373010635,0.3099315583705902,0.32981592118740083,0.35489064604043963,0.3769769608974457,0.40572784692049024,0.4262811616063118,0.4490709125995636,0.473430247604847,0.4954001948237419,0.5172521591186523,0.5416017472743988,0.5652896761894226,0.5868812203407288,0.6070503294467926,0.6257400691509247,0.6470388531684875,0.6706419318914414,0.6889710575342178,0.7064973562955856,0.7272632747888566,0.7483607858419419,0.7626873135566712,0.7803914725780488,0.7998520374298096,0.8128140538930893,0.8265920013189316,0.8414499372243881,0.8611985892057419,0.8745678424835205,0.8865666955709457,0.901101040840149,0.9170816600322723,0.9289844483137131,0.9425866454839706,0.9585268557071686,0.9725286871194839,0.9823399096727371,0.996081006526947,1.0114414513111114,1.0227686554193496,1.0339754402637482,1.0433588445186615,1.0566403269767761,1.0658003687858582,1.0778738141059876,1.0874232947826385,1.0985757946968078,1.1074924767017365,1.1164882063865662,1.1277672410011292,1.1359951794147491,1.1435832023620605,1.1523930549621582,1.1613325774669647,1.1715962946414948,1.1810559511184693,1.1879359781742096,1.1951364874839783,1.2017010927200318,1.2092420518398286,1.2137579143047332,1.22038414478302,1.225515991449356,1.2324312806129456,1.2386195361614227,1.2446254253387452,1.2505716502666473,1.2549297332763671,1.26125248670578,1.2643995940685273,1.2698572099208831,1.2747917175292969,1.2792232155799865,1.2823113918304443,1.2868394434452057,1.2912350475788117,1.2947358906269073,1.2959795117378234,1.3004667282104492,1.3037928819656373,1.3069470882415772,1.3098321735858918,1.3134478330612183,1.3152187526226045,1.3189741849899292,1.320980679988861,1.3226326823234558,1.3249774634838105,1.3273460686206817,1.3293590605258943,1.3310572743415832,1.3337350845336915,1.335343611240387,1.3370691120624543,1.3398813426494598,1.3414410769939422,1.3431055665016174,1.3451304614543915,1.3468584954738616,1.3475954711437226,1.3491497933864594,1.3504770159721375,1.3515915632247926,1.3533941805362701,1.3538117706775665,1.3559483230113982,1.3566062688827514,1.3571831166744233,1.3570394277572633,1.359980708360672,1.361500895023346,1.3614401817321777,1.3621784448623657,1.3623103082180024,1.363752156496048,1.3648694813251496,1.3646964728832245,1.3663265645503997,1.3669831037521363,1.3674978196620942,1.3684353828430176,1.3687133848667146,1.3690465271472931,1.3693906962871552,1.3708312690258027,1.3708787262439728,1.3723329186439515,1.3719010770320892,1.372448843717575,1.3731930911540986,1.3728444457054139,1.373427140712738,1.3742821931838989,1.3743804097175598,1.374835056066513,1.3756948471069337,1.3756565570831298,1.3756056427955627,1.3770735681056976,1.3765009701251985,1.3776613652706147,1.3777465403079987,1.3771369099617004,1.3773886740207673,1.3784162104129791,1.3788972198963165,1.379344743490219,1.3788347244262695,1.378768640756607,1.3792998909950256,1.3800602734088898,1.3792392373085023,1.3798456013202667,1.3804061233997345,1.3813815474510194,1.3838670909404756
t_166,0.7249944239854813,0.7075967848300934,0.7090792953968048,0.6953115999698639,0.6850189536809921,0.6734386354684829,0.6508199363946915,0.6315232276916504,0.6079764395952225,0.5965892493724823,0.5771749317646027,0.5565540611743927,0.5487853705883026,0.5199426531791687,0.5062569186091423,0.476865591108799,0.45117441564798355,0.42006023675203324,0.40677968710660933,0.37542959302663803,0.34478028416633605,0.33140411227941513,0.3040805906057358,0.2714283332228661,0.24662168249487876,0.22686728984117507,0.2034270517528057,0.16727683395147325,0.1436269536614418,0.11868027783930302,0.08324788622558117,0.06839664280414581,0.044643140584230426,0.0,0.050160601176321505,0.07602505013346672,0.08941333703696727,0.11955461241304874,0.13890189900994301,0.16508465856313706,0.18434608206152917,0.2143041633069515,0.24184319600462914,0.25413769111037254,0.2874468728899956,0.3078958407044411,0.33316949903965,0.35528300404548646,0.38454965204000474,0.4053323924541473,0.4284678861498833,0.4530967533588409,0.4754957124590874,0.49779760241508486,0.5222988665103913,0.5465180009603501,0.5683664500713348,0.5890630096197128,0.608223170042038,0.6295805096626281,0.6537342965602875,0.6723536878824234,0.6902606159448623,0.7113391637802124,0.732780608534813,0.747523057460785,0.7656994253396988,0.7853189408779144,0.7986388862133026,0.8126249015331268,0.8278301984071732,0.8478661388158798,0.8617217689752579,0.8738700896501541,0.8886442601680755,0.9049733966588974,0.9171705365180969,0.9309860914945602,0.9472632586956025,0.9615729361772537,0.9716451555490494,0.9857758313417435,1.0013206779956818,1.0129687458276748,1.024340495467186,1.0338545799255372,1.047539186477661,1.0568000555038453,1.0691725313663483,1.0788799285888673,1.090393489599228,1.0992987334728241,1.1085288524627686,1.1201826810836792,1.128504079580307,1.1361994087696075,1.145188671350479,1.154314637184143,1.164836770296097,1.1744740188121796,1.1815701842308044,1.188860785961151,1.1955811262130738,1.2033724725246429,1.2079845488071441,1.214713943004608,1.219965934753418,1.2270148038864135,1.2333384454250336,1.2395433068275452,1.245661473274231,1.2500772058963776,1.2565827369689941,1.2597573220729827,1.2653554379940033,1.270405650138855,1.2749244928359986,1.2780903160572052,1.2826935827732087,1.2872458517551422,1.2907944679260255,1.2921187102794647,1.2967363536357879,1.3000959575176239,1.30331951379776,1.3062899470329286,1.3100570082664489,1.311870700120926,1.315669846534729,1.3177210927009582,1.3194136142730712,1.3218464851379395,1.3242519795894623,1.3263192057609559,1.3280728101730346,1.3308196246623993,1.3324856460094452,1.3342451989650725,1.3371329247951507,1.338696300983429,1.3404205024242402,1.342497819662094,1.3442483246326447,1.3450027227401733,1.3466306686401368,1.3479697704315186,1.3491456985473633,1.3509633719921113,1.3514408588409423,1.353631454706192,1.3542728662490844,1.3548986613750458,1.3547721266746522,1.3577618956565858,1.3593341052532195,1.359248900413513,1.360012447834015,1.3601736664772033,1.361629033088684,1.3627783536911011,1.3626286685466766,1.3642810225486754,1.3649494051933289,1.3654831886291503,1.366444319486618,1.36674684882164,1.367106705904007,1.3674506008625031,1.3689172685146331,1.3689674139022827,1.3704516470432282,1.3700217306613922,1.3705901682376862,1.3713403820991517,1.3710045218467712,1.3716032087802887,1.3724900305271148,1.3725719809532166,1.3730492532253264,1.3739242017269135,1.3739174365997315,1.3738528192043304,1.375343096256256,1.3747928202152253,1.3759643733501434,1.3760608613491059,1.37545303106308,1.3757248044013977,1.37677361369133,1.3772549211978913,1.3777397990226745,1.3772246062755584,1.3771623909473418,1.3777170538902284,1.378491061925888,1.3776896715164184,1.3783082008361816,1.3789066314697265,1.3798971891403198,1.3823520183563232
t_165,0.748612979054451,0.7315478265285492,0.7330340564250946,0.7195515841245651,0.7094782054424286,0.69819256067276,0.6760195225477219,0.6570687562227249,0.6340185880661011,0.6228725910186768,0.6038250029087067,0.5835854530334472,0.5760297358036042,0.5477660328149796,0.5344218254089356,0.5055240616202354,0.48035660833120347,0.44973007440567014,0.43675652146339417,0.4059655427932739,0.3758258670568466,0.3626522019505501,0.33582971394062044,0.30358865261077883,0.27912966459989547,0.2595922499895096,0.23629855662584304,0.20044588297605515,0.17679392099380492,0.15189847871661186,0.11559836082160473,0.0993574921041727,0.06916827298700809,0.050160601176321505,0.0,0.04766135569661856,0.059877268970012665,0.08803858645260335,0.10740439854562282,0.1331533081829548,0.15231609717011452,0.18284729421138762,0.21052312329411507,0.22307446748018264,0.25703469663858414,0.277758015692234,0.30358380228281023,0.32618545591831205,0.3560666456818581,0.3773007169365883,0.4010474026203156,0.4263129308819771,0.44917069673538207,0.4718627959489822,0.49708560705184934,0.5218542635440826,0.5442935317754746,0.5653750270605087,0.5849280267953872,0.6071093052625656,0.6317224949598312,0.6509233444929123,0.6691806226968765,0.6908270418643951,0.7128466665744781,0.7279341489076614,0.7465608477592468,0.7668164879083633,0.7804372131824493,0.7948328286409378,0.8104650437831878,0.8310231834650039,0.8451714038848877,0.8576887905597687,0.8729144990444183,0.8896545469760895,0.902225112915039,0.9164454072713852,0.9331209540367127,0.9477699279785157,0.958123379945755,0.9725806653499603,0.988613611459732,1.0005407094955445,1.0122403860092164,1.022040793299675,1.036045104265213,1.0455824851989746,1.058261799812317,1.0683155715465547,1.0800683081150055,1.08928080201149,1.0987735271453858,1.1106660604476928,1.1192731380462646,1.1271744251251221,1.1364447176456451,1.1458076000213624,1.1566022753715515,1.1665186822414397,1.173733401298523,1.1812888264656067,1.188173031806946,1.1961808681488038,1.2009154379367828,1.207866269350052,1.2132741570472718,1.2205226123332977,1.2270099759101867,1.233363389968872,1.239612638950348,1.24417724609375,1.2508139789104462,1.2541466355323792,1.2598649621009828,1.2650657773017884,1.269725251197815,1.273016446828842,1.2777324497699738,1.282353049516678,1.2860316038131714,1.287418293952942,1.292136162519455,1.2956184267997741,1.2989210903644561,1.301959329843521,1.3057845532894135,1.3076522827148438,1.3115775644779206,1.3136873245239258,1.3154582977294922,1.3179310381412506,1.3203979134559631,1.322520089149475,1.3243199169635773,1.327121615409851,1.3288421154022216,1.330666172504425,1.3335900247097014,1.3352309226989747,1.3370002448558806,1.3391118466854095,1.3409104108810426,1.341691690683365,1.3433580935001372,1.344744211435318,1.3459404051303863,1.3478261947631835,1.3483270227909088,1.3505336880683898,1.3512737154960632,1.3518970310688019,1.3518220782279968,1.3548301339149476,1.356436586380005,1.3563932716846465,1.3571565270423889,1.3573467791080476,1.3588258028030396,1.3600201249122619,1.3598808526992798,1.361556488275528,1.3622377574443818,1.362801879644394,1.3638003587722778,1.3640807688236236,1.3644601583480835,1.364851039648056,1.3663642585277558,1.366408008337021,1.3679079294204712,1.3674889981746674,1.3680662870407105,1.36883744597435,1.368540734052658,1.3691463470458984,1.3700516164302825,1.3701534986495971,1.370650726556778,1.371539866924286,1.3715080618858337,1.3714955627918244,1.3729969024658204,1.3724357306957244,1.3736269116401671,1.3737238883972167,1.3731445848941803,1.373424243927002,1.3744960188865663,1.3750054240226746,1.3754826784133911,1.3749866425991057,1.3749356269836426,1.3755026042461396,1.3763042986392975,1.3755113363265992,1.3761491239070893,1.3767587959766387,1.3777640640735627,1.3802882194519044
t_164,0.767337954044342,0.7506300032138824,0.7521994918584823,0.7389993399381638,0.7290755361318588,0.7181276768445969,0.6963369488716126,0.6777580678462982,0.6551663607358933,0.64436055123806,0.6256244450807571,0.6057269215583801,0.5984401136636734,0.5708271116018295,0.5578405886888504,0.5294964671134949,0.5048073291778564,0.4747981607913971,0.46205163151025774,0.4320410147309303,0.40238590240478517,0.38936597406864165,0.36311405450105666,0.33149265944957734,0.30732944011688235,0.2881019815802574,0.26533975452184677,0.22979387640953064,0.2062227062880993,0.18146575018763542,0.14570776298642157,0.12866148948669434,0.0978968821465969,0.07602505013346672,0.04766135569661856,0.0,0.04068724494427443,0.06007772944867611,0.07868279665708541,0.1035840630531311,0.1225365836173296,0.15299785435199736,0.18049111738801002,0.19313326478004456,0.22739071249961854,0.24848002195358276,0.2744985431432724,0.2975261673331261,0.32783187329769137,0.3494411438703537,0.3736507833003998,0.39932825416326523,0.4226792335510254,0.4457833245396614,0.4715292051434517,0.49679411202669144,0.5197202086448669,0.5412176311016083,0.561193722486496,0.5839512944221497,0.6091081410646438,0.6288254410028458,0.647438257932663,0.6696026057004929,0.6921797603368759,0.7076408207416535,0.7267670184373856,0.7475459665060044,0.7615000575780868,0.7762706816196442,0.7923734039068222,0.8133912771940232,0.8279345631599426,0.8407599329948425,0.8564001500606537,0.873580527305603,0.8865378320217132,0.9011243343353271,0.918216323852539,0.9332397848367691,0.9438927739858627,0.9587188780307769,0.9752186298370361,0.9874624729156494,0.9994503289461136,1.0095549017190932,1.023925232887268,1.0337296366691588,1.046739411354065,1.0570979833602905,1.0691615641117096,1.0786132633686065,1.088395631313324,1.1006009340286256,1.1094643294811248,1.1175607025623322,1.127109283208847,1.1367160022258758,1.147800189256668,1.1579847872257232,1.1653684616088866,1.1731731832027434,1.1802354097366332,1.188487160205841,1.1933460175991057,1.2005088388919831,1.2060941338539124,1.2135302782058717,1.2201877593994142,1.2267219364643096,1.2331336557865142,1.2378490209579467,1.2446418762207032,1.2480912804603577,1.253970217704773,1.259308111667633,1.2641027688980102,1.2675171613693237,1.2723553419113158,1.2770870447158813,1.2808911561965943,1.282355749607086,1.2871733486652375,1.2907744646072388,1.2941561818122864,1.2972806632518767,1.3011994063854218,1.3031282722949982,1.3071574151515961,1.3093441665172576,1.3111947059631348,1.3137187302112578,1.3162550806999207,1.3184400737285613,1.3202923774719237,1.3231551945209503,1.3249388813972474,1.3268256187438965,1.3298068702220918,1.3315107107162476,1.3333282113075255,1.3354870319366454,1.3373340487480163,1.3381494343280793,1.3398704051971435,1.3412845611572266,1.3425172924995423,1.344464236497879,1.3449966430664062,1.3472309052944182,1.3480243861675263,1.3486682653427124,1.3486322343349457,1.3516821563243866,1.353318691253662,1.3533051133155822,1.3540722906589509,1.354292619228363,1.3558037638664246,1.3570239186286925,1.3569100379943848,1.3586140811443328,1.3593036890029908,1.3599012851715089,1.3609409630298615,1.3611998677253723,1.361610871553421,1.3620403468608857,1.3635937213897704,1.3636303007602693,1.3651714384555818,1.3647450268268586,1.3653323829174042,1.3661260545253753,1.3658561706542969,1.3664657115936278,1.367397516965866,1.367501324415207,1.3680214405059814,1.3689365208148956,1.368887722492218,1.368904423713684,1.370440697669983,1.3698735058307647,1.3710927009582519,1.371181571483612,1.370621883869171,1.3709176182746887,1.372005170583725,1.3725162744522095,1.373012775182724,1.372523456811905,1.3724767088890075,1.3730574548244476,1.373883980512619,1.3730964601039886,1.3737483501434327,1.374366396665573,1.3753830671310425,1.3779567241668702
t_163,0.7760147839784622,0.7594100773334503,0.761002179980278,0.7479279518127442,0.7380857348442078,0.7272501319646836,0.7057199984788894,0.6872792810201644,0.6649439960718155,0.6542576134204865,0.635700911283493,0.6159829527139664,0.6087797999382019,0.5814350813627243,0.5685783386230469,0.5405477046966553,0.5161425173282623,0.48640879392623904,0.4738033711910248,0.4441147089004517,0.4147604495286942,0.40185763239860534,0.37584552466869353,0.3445939376950264,0.3205606907606125,0.30149678587913514,0.279159289598465,0.2437506690621376,0.22043364122509956,0.19582073837518693,0.16010630428791045,0.14338408336043357,0.11170680522918701,0.08941333703696727,0.059877268970012665,0.04068724494427443,0.0,0.04949584826827049,0.06603652089834214,0.09036491960287094,0.10857726447284222,0.13833197504281997,0.16635299026966094,0.17886656299233436,0.2132735162973404,0.23423450365662574,0.26054707914590836,0.28363284915685655,0.31406376212835313,0.33588314801454544,0.36012210249900817,0.38616449683904647,0.40975565314292905,0.43301819264888763,0.45905636101961134,0.48458097875118256,0.5077359080314636,0.5294548839330673,0.5496341049671173,0.5727226674556732,0.5981548011302948,0.6179595053195953,0.6368465781211853,0.6592701554298401,0.6821356624364853,0.697792860865593,0.7171007513999939,0.7381142854690552,0.7522428870201111,0.767170250415802,0.7834384471178055,0.8047742307186126,0.8194977819919587,0.8324800193309784,0.8483162850141526,0.8656925976276397,0.8788147419691086,0.8935760140419007,0.9109031826257705,0.9261095434427261,0.9369201183319091,0.951946422457695,0.9686420798301697,0.9810282975435257,0.99317187666893,1.0033752977848054,1.0179564774036407,1.0278799116611481,1.041057687997818,1.0515570223331452,1.0637648046016692,1.0733385741710664,1.0832473576068877,1.0956253588199616,1.1045872747898102,1.1127835750579833,1.1224716246128081,1.1322049975395203,1.143410986661911,1.1537436246871948,1.1612221598625183,1.1691125273704528,1.1762779712677003,1.1846460223197937,1.189573097229004,1.196823650598526,1.2024860441684724,1.210015493631363,1.2167628705501556,1.2233777940273285,1.2298673033714294,1.2346693515777587,1.241532999277115,1.2450357019901275,1.2509920358657838,1.256420797109604,1.2612793624401093,1.2647583961486817,1.2696469247341156,1.274445766210556,1.2782985866069794,1.2798004746437073,1.284687489271164,1.288334184885025,1.2917666554450988,1.2949140667915344,1.2988925993442535,1.3008572816848756,1.304929107427597,1.3071548819541932,1.309036421775818,1.3115950167179107,1.314154279232025,1.3163860499858857,1.3182626605033874,1.321145361661911,1.322965180873871,1.324888414144516,1.3279040932655335,1.3296199321746827,1.3314632713794707,1.333658182621002,1.335519152879715,1.3363596081733704,1.33810453414917,1.3395416855812072,1.3407949805259705,1.342754030227661,1.3433032214641571,1.3455710351467132,1.3463907897472382,1.3470421135425568,1.3470171213150024,1.350090891122818,1.3517446279525758,1.351740151643753,1.3525278985500335,1.3527520895004272,1.3542755663394928,1.3555192351341248,1.3554093956947326,1.3571228444576264,1.35782031416893,1.3584341049194335,1.3594964027404786,1.3597586154937744,1.360189300775528,1.3606315672397613,1.3622039973735809,1.362247222661972,1.3637793958187103,1.3633803606033326,1.363974928855896,1.364781129360199,1.3645141899585724,1.3651420950889588,1.366072130203247,1.366187983751297,1.3667045295238496,1.367631310224533,1.3675858139991761,1.3676170349121093,1.3691570043563843,1.3685777604579925,1.3698161840438843,1.3699187219142914,1.3693583965301515,1.3696507096290589,1.3707574129104614,1.3712853968143464,1.371777069568634,1.3712921559810638,1.3712614178657532,1.3718412518501282,1.3726717233657837,1.3718894362449645,1.3725673794746398,1.3731911897659301,1.3742152392864226,1.3767986655235291
t_162,0.7941022396087647,0.7778841882944107,0.7795530945062638,0.7667684614658355,0.7571159183979035,0.7466438233852386,0.7255154937505722,0.7074573844671249,0.6855805695056916,0.6752322465181351,0.6570147722959518,0.6376580685377121,0.6307440727949143,0.6040869295597077,0.591645410656929,0.5641533255577087,0.5403260201215744,0.5112541198730469,0.4988555103540421,0.46996245384216306,0.4412449911236763,0.42852247059345244,0.40310955345630645,0.3724888741970062,0.3488946035504341,0.3302611321210861,0.3084522783756256,0.27332658916711805,0.25054973512887957,0.2259547993540764,0.19079318791627883,0.17383881509304047,0.1428680971264839,0.11955461241304874,0.08803858645260335,0.06007772944867611,0.04949584826827049,0.0,0.04208310004323721,0.061560466326773165,0.07794321030378341,0.10722030140459538,0.13485568016767502,0.1472860775887966,0.18164122253656387,0.2031247705221176,0.22949371710419655,0.25289496779441833,0.28375625759363177,0.30587040185928344,0.3306586444377899,0.3570467546582222,0.381100432574749,0.40478953868150713,0.43128145933151246,0.45735574811697005,0.48101206719875333,0.5031907469034195,0.5238718122243882,0.5474456459283829,0.573468005657196,0.5938711196184159,0.6131531119346618,0.6360961407423019,0.6595037996768951,0.6756194561719895,0.6954945147037506,0.7170338273048401,0.731538611650467,0.7468747705221176,0.7636495500802993,0.7854666620492935,0.8006517201662063,0.8139711022377014,0.830246439576149,0.8480929732322693,0.8616424471139907,0.8768073111772537,0.894585570693016,0.9101963967084885,0.9213594734668732,0.9367994517087936,0.9539470374584198,0.9667086839675904,0.9791810750961304,0.989686182141304,1.0046988368034362,1.0148958355188369,1.0284506857395173,1.039268183708191,1.0518481850624084,1.0616658270359038,1.0718977272510528,1.0846543252468108,1.0938760638237,1.1022832334041595,1.112278664112091,1.122283011674881,1.133819717168808,1.1444665014743804,1.1521424114704133,1.1602880001068114,1.1676383852958678,1.176315426826477,1.18138986825943,1.188858687877655,1.1946986079216004,1.202450430393219,1.2093873023986816,1.2162025570869446,1.2228842437267304,1.227825403213501,1.2348771512508392,1.238500291109085,1.2446137547492981,1.2502057194709777,1.255212426185608,1.2588048815727233,1.263822203874588,1.2687572062015533,1.2727262258529664,1.27431218624115,1.2793217420578002,1.2830953776836396,1.286607712507248,1.2898510277271271,1.2939587235450745,1.2959904611110686,1.3001622617244721,1.3024506092071533,1.30441814661026,1.3070594906806945,1.3096642196178436,1.3119704306125641,1.3138999581336974,1.3168696999549865,1.3187484264373779,1.3207319676876068,1.3238169193267821,1.325579619407654,1.3274775624275208,1.3297360599040986,1.3316342413425446,1.3325149595737458,1.3343270659446715,1.3357950270175933,1.33709557056427,1.3391125619411468,1.3397049963474275,1.342020684480667,1.34287930727005,1.343572551012039,1.343583530187607,1.3467123091220856,1.3484136939048768,1.3484204590320588,1.349217301607132,1.3494802117347717,1.3510293364524841,1.3523115932941436,1.3522184491157532,1.3539780139923097,1.3546782970428466,1.355308222770691,1.3564208686351775,1.3566859006881713,1.3571413993835448,1.3576031863689422,1.3592295348644257,1.3592607975006104,1.3608371257781982,1.3604291737079621,1.361042606830597,1.3618740737438202,1.3616317331790924,1.362275618314743,1.3632288873195648,1.3633505880832673,1.3638913691043855,1.3648437321186067,1.3647977888584137,1.3648550987243653,1.366415548324585,1.3658529996871949,1.3671043276786805,1.367219913005829,1.3666728019714356,1.3669835567474364,1.36811306476593,1.3686474323272706,1.369165050983429,1.3686942756175995,1.368662464618683,1.3692660629749298,1.3701299011707306,1.3693561553955078,1.3700464069843292,1.3706997752189636,1.3717329382896424,1.3743477880954742
t_161,0.8063245177268982,0.7903188407421112,0.7919989109039307,0.779403704404831,0.7698687970638275,0.7595842719078064,0.7387303620576858,0.7209035813808441,0.6993291676044464,0.6891643792390824,0.6711795598268508,0.652083158493042,0.645295512676239,0.6190377801656723,0.6068100780248642,0.5796646386384964,0.5562168419361114,0.5275019586086274,0.5152905285358429,0.4868214726448059,0.4585094183683395,0.44587585628032683,0.4208105355501175,0.39060629457235335,0.36729235500097274,0.34885662198066714,0.32726339250802994,0.29251860082149506,0.2698985248804092,0.24543293491005896,0.21050986647605896,0.1935221016407013,0.16231782287359237,0.13890189900994301,0.10740439854562282,0.07868279665708541,0.06603652089834214,0.04208310004323721,0.0,0.04493715446442366,0.06070408895611763,0.08834383375942707,0.11545565836131573,0.12772751040756702,0.16200727298855783,0.18366361707448958,0.21022843793034554,0.23374716565012932,0.26484384536743166,0.28713915646076205,0.31221397817134855,0.3389688327908516,0.36325004547834394,0.3871446907520294,0.4140288695693016,0.44044801145792006,0.46445841193199155,0.4868952751159668,0.5078192368149758,0.5319225907325744,0.5582175403833389,0.5789934664964675,0.5984707355499268,0.6218053221702575,0.6455726712942124,0.6619142383337021,0.6821417063474655,0.7040729135274887,0.718757939338684,0.734355428814888,0.7514330297708511,0.7735959231853485,0.7890277326107025,0.8025580495595932,0.8191500067710876,0.8372884601354599,0.8511037468910218,0.8665530145168304,0.8846107810735703,0.9004700779914856,0.9118468761444092,0.9275275379419327,0.9450344026088715,0.9579806655645371,0.9706885576248169,0.9813604265451431,0.9966310739517212,1.0070087254047393,1.0207884073257447,1.0318348854780197,1.0446036815643311,1.0546093225479125,1.0650519728660583,1.0779889464378356,1.08741238117218,1.0959586381912232,1.1061438620090485,1.1163238286972046,1.1280441403388977,1.1389024198055266,1.1466774821281434,1.154987770318985,1.1624586820602416,1.1713055431842805,1.1764739871025085,1.1840860724449158,1.190044540166855,1.1979373276233674,1.2049980282783508,1.2119397282600404,1.2187325835227967,1.2237715482711793,1.2309189915657044,1.234640121459961,1.2408479869365692,1.2465392470359802,1.251650595664978,1.2553405165672302,1.2604341328144073,1.265431523323059,1.2695023477077485,1.2711302995681764,1.276217097043991,1.2800757050514222,1.283657479286194,1.286952757835388,1.2911266684532166,1.293184232711792,1.297436738014221,1.2997743785381317,1.3018021285533905,1.3044811964035035,1.3071319580078125,1.309490019083023,1.3114529252052307,1.3144577980041503,1.3163873553276062,1.3184176146984101,1.3215397775173188,1.3233369708061218,1.3252653241157533,1.3275639414787292,1.3294894754886628,1.330397403240204,1.3322405636310577,1.3337343454360961,1.33506281375885,1.3371205568313598,1.3377367734909058,1.340076321363449,1.340981024503708,1.341677963733673,1.3417153716087342,1.344869428873062,1.3465978622436523,1.3466214776039123,1.3474217653274536,1.3477001368999482,1.349271261692047,1.3505731165409087,1.350494146347046,1.3522702753543854,1.3529764235019683,1.3536214470863341,1.354763400554657,1.3550089478492737,1.3554843068122864,1.3559634685516357,1.3576219022274016,1.3576497793197633,1.359254574775696,1.3588370561599732,1.3594605326652527,1.360312557220459,1.3600936114788056,1.3607271611690521,1.361711746454239,1.3618212699890138,1.3623825073242188,1.3633517265319823,1.3632847964763641,1.363369446992874,1.3649511218070984,1.3643717825412751,1.365640789270401,1.3657584071159363,1.3652295887470245,1.3655372262001038,1.3666824519634246,1.3672241508960723,1.3677545130252837,1.367288887500763,1.3672599852085114,1.3678643107414246,1.3687476813793182,1.3679859697818757,1.3686813592910767,1.3693413972854613,1.3703775346279143,1.3730046987533568
t_160,0.8225364297628402,0.8068408370018005,0.8085338205099106,0.796157968044281,0.786796972155571,0.7767162173986435,0.7562293142080307,0.7387259989976883,0.7175251632928848,0.707529005408287,0.6898843288421631,0.671095335483551,0.6645006716251374,0.638741797208786,0.626745268702507,0.6001001298427582,0.57701555788517,0.5488578855991364,0.5368555694818496,0.5088650286197662,0.48096330761909484,0.4686876878142357,0.44403706640005114,0.41418931931257247,0.39127107411623,0.37317469120025637,0.35176035314798354,0.31749986559152604,0.2950205683708191,0.2710788920521736,0.2364388018846512,0.2196953758597374,0.18774908408522606,0.16508465856313706,0.1331533081829548,0.1035840630531311,0.09036491960287094,0.061560466326773165,0.04493715446442366,0.0,0.043437231332063675,0.0661065362393856,0.09076257273554802,0.10360350757837296,0.1370196260511875,0.15838438421487808,0.18508928194642066,0.2092149220407009,0.24034949019551277,0.2629765525460243,0.28839730471372604,0.3155129700899124,0.33997007459402084,0.363973930478096,0.39149004966020584,0.418298302590847,0.4428302675485611,0.4652480140328407,0.4863914653658867,0.51140346378088,0.5378853768110275,0.5592444509267807,0.578906062245369,0.6027366995811463,0.6270640850067138,0.6435790657997131,0.6641439020633697,0.6867362260818481,0.7016066610813141,0.7176106125116348,0.7350663274526597,0.7577035844326019,0.77325259745121,0.7871543347835541,0.8041890054941178,0.8226834207773208,0.8368438005447387,0.8526962131261826,0.8711076647043228,0.8872194945812225,0.8988575249910354,0.9147574514150619,0.9327940762042999,0.9459459096193313,0.9589660882949829,0.969965535402298,0.9854610711336136,0.9961475640535354,1.0101865887641908,1.021600529551506,1.0345145761966705,1.0448881804943084,1.0555914103984834,1.0686593115329743,1.0784053087234498,1.0871740996837616,1.0976121723651886,1.108022892475128,1.1199671268463134,1.1310880184173584,1.138942551612854,1.1475549221038819,1.1551678955554963,1.1641766488552094,1.169466894865036,1.1773053467273713,1.1834180295467376,1.191501259803772,1.198690128326416,1.205758011341095,1.2126475334167481,1.2178532421588897,1.2250742256641387,1.2289759516716003,1.2352905750274659,1.2410955786705018,1.2463551819324494,1.2501543939113617,1.255365365743637,1.260426014661789,1.264642947912216,1.2663149774074554,1.2714595317840576,1.2754793286323547,1.2791261315345763,1.2824834823608398,1.2866777420043944,1.2887909173965455,1.2931646347045898,1.2955741167068482,1.2976858913898468,1.3003890633583068,1.3031140625476838,1.3055279731750489,1.3075394928455353,1.3105823516845703,1.3125694692134857,1.3146600306034089,1.3178147554397583,1.319695246219635,1.3216636896133422,1.3239917576313018,1.3259698808193208,1.3269275605678559,1.3287889420986176,1.3303313732147217,1.3316740572452546,1.3337985515594482,1.3344289660453796,1.336776429414749,1.337782859802246,1.3384637475013732,1.3385563910007476,1.3417102992534637,1.3434546709060669,1.3435408473014832,1.344336599111557,1.3446422457695006,1.3462385416030884,1.3475747048854827,1.3475005865097045,1.3492974579334258,1.3500182330608368,1.350683867931366,1.3518572568893432,1.3520801842212677,1.3525765776634215,1.3531011521816254,1.3547837913036347,1.3548242688179015,1.3564264833927155,1.3560303390026092,1.3566541731357575,1.3575185060501098,1.357330071926117,1.3579731106758117,1.3589720487594605,1.3591039299964904,1.359674197435379,1.3606690764427185,1.3605804562568664,1.3607106626033783,1.362310492992401,1.3617163300514221,1.3630212008953095,1.3631328225135804,1.3626350522041322,1.362953817844391,1.364111876487732,1.3646740674972535,1.365199375152588,1.3647740244865418,1.364748775959015,1.3653687179088592,1.3662834107875823,1.365526956319809,1.366233718395233,1.3668949544429778,1.3679420709609986,1.3706313788890838
t_159,0.8316492587327957,0.8161541789770126,0.8178987592458725,0.8057130634784698,0.7964572131633758,0.786622753739357,0.7664030104875564,0.7490986764431,0.7282158404588699,0.7184460192918778,0.7010074257850647,0.6824729144573212,0.6760423094034195,0.6507161527872085,0.6390366137027741,0.612713697552681,0.5900892496109009,0.5623075395822525,0.5505259335041046,0.5230999559164047,0.49571979194879534,0.48348534405231475,0.4593196749687195,0.43006073236465453,0.4074547737836838,0.3896176293492317,0.3687660455703735,0.33487660735845565,0.3129038468003273,0.2890272378921509,0.25494210198521616,0.23815843388438224,0.20726724863052368,0.18434608206152917,0.15231609717011452,0.1225365836173296,0.10857726447284222,0.07794321030378341,0.06070408895611763,0.043437231332063675,0.0,0.04876451957970858,0.07216760255396366,0.08340126499533654,0.11712920814752578,0.1387767754495144,0.16525407880544662,0.18896597623825073,0.22041706070303918,0.24303800836205483,0.2687057599425316,0.295986133813858,0.3207369029521942,0.3450337663292885,0.37271887362003325,0.39977490305900576,0.4245141983032227,0.4474435806274414,0.46891473680734636,0.49401598870754243,0.5210068315267563,0.5425124406814575,0.5625357538461685,0.5866641789674759,0.6112931817770004,0.6281768500804901,0.6491013795137406,0.6719190776348114,0.6870918780565262,0.7032698899507522,0.7210410982370377,0.7440107583999633,0.7600045770406723,0.7740587174892426,0.7913581758737565,0.8101796686649323,0.8245902776718139,0.8406936824321747,0.8594290137290954,0.8758768051862716,0.8877440631389618,0.9040055751800538,0.9223011702299118,0.9357315003871918,0.9489750057458878,0.9600917518138885,0.9759682178497314,0.986793139576912,1.0011248141527176,1.0126985371112824,1.0259375870227814,1.0364069581031798,1.0473332762718202,1.0607449114322662,1.0706150770187377,1.0795070767402648,1.0901729941368103,1.100787776708603,1.1129509150981902,1.1243048071861268,1.132350492477417,1.1410586953163147,1.1488202512264252,1.1580973088741302,1.1634881794452667,1.1714339911937715,1.1776750564575196,1.1859212696552277,1.1932700157165528,1.200473564863205,1.2075459599494933,1.212817406654358,1.2202130377292633,1.2241588950157165,1.2306112468242645,1.2365538358688355,1.241900736093521,1.2457821488380432,1.2510899305343628,1.2562673330307006,1.2605570673942565,1.262299233675003,1.2675732672214508,1.2716512143611909,1.275363677740097,1.278791105747223,1.2831288039684297,1.2852917909622192,1.2897248208522796,1.2921910345554353,1.294356220960617,1.2971267819404602,1.2998860657215119,1.3023686826229095,1.3044211626052857,1.3075233101844788,1.309565156698227,1.311704158782959,1.3149291932582856,1.3168218195438386,1.3188250362873077,1.3212040662765503,1.3232113778591157,1.3241833388805389,1.326119077205658,1.3276785731315612,1.3290669441223144,1.331226122379303,1.3318941593170166,1.3343095421791076,1.3353138089179992,1.3360338985919953,1.3361437439918518,1.3393647611141204,1.341154980659485,1.3412154734134674,1.3420538187026978,1.3423796057701112,1.343986016511917,1.3453605413436889,1.345304650068283,1.3471194684505463,1.3478532254695892,1.3485427737236022,1.3497561872005464,1.3499894917011261,1.3505054533481597,1.3510365068912507,1.3527639269828797,1.352800679206848,1.3544305622577668,1.3540382921695708,1.35468647480011,1.355578875541687,1.3553987383842467,1.35606906414032,1.3570778787136077,1.3572057127952575,1.357789260149002,1.3588100790977478,1.358723223209381,1.3588660538196564,1.360491544008255,1.3599041521549224,1.361238718032837,1.3613537430763245,1.3608467698097229,1.361181026697159,1.362369829416275,1.362942397594452,1.3634930372238159,1.3630498409271241,1.363024264574051,1.363649272918701,1.364580750465393,1.363822489976883,1.3645370125770568,1.3652351558208466,1.3662956714630128,1.3689822018146516
t_158,0.8475439071655273,0.8323736548423767,0.8341778337955474,0.8222665429115296,0.8131873786449433,0.8036388009786606,0.7838799983263016,0.7669100970029831,0.7464983135461807,0.737013778090477,0.7199301660060883,0.7017872035503387,0.6955752015113831,0.670872962474823,0.65952827334404,0.6338065356016159,0.6117503404617309,0.5846021920442581,0.5730840355157852,0.546416637301445,0.5196791797876358,0.5076757311820984,0.4841156035661697,0.4556113213300705,0.4333764463663101,0.41596856266260146,0.39586492627859116,0.3625066488981247,0.34105783700942993,0.3176442369818687,0.28415203243494036,0.2676377072930336,0.2372940979897976,0.2143041633069515,0.18284729421138762,0.15299785435199736,0.13833197504281997,0.10722030140459538,0.08834383375942707,0.0661065362393856,0.04876451957970858,0.0,0.04933159369975328,0.056852375343441966,0.08759432919323444,0.10900453813374042,0.13520869612693787,0.15864177644252778,0.19015182182192802,0.21300369948148729,0.23864585757255555,0.2663284182548523,0.2914552852511406,0.31601418256759645,0.3440271854400635,0.3715864598751068,0.39669906347990036,0.42001097798347475,0.44189674556255343,0.46749405562877655,0.4949753701686859,0.5168549656867981,0.5373060137033463,0.5619278579950333,0.5870860189199447,0.604400235414505,0.6258265674114227,0.6491029858589172,0.664694932103157,0.681277158856392,0.699506413936615,0.7229997932910919,0.7394450694322586,0.7538376718759536,0.7715898334980011,0.7908662736415863,0.8057263791561127,0.82221799492836,0.8414419263601303,0.8583135306835175,0.8705591320991516,0.8872852027416229,0.9060194581747055,0.9198457777500153,0.9334135681390763,0.9448402613401413,0.9611933946609497,0.9722925573587418,0.9870248377323151,0.9989502429962158,1.0125688701868056,1.0233038127422334,1.0345681190490723,1.0483741998672484,1.0585305988788605,1.0676468849182128,1.0786261975765228,1.0895265817642212,1.1020392954349518,1.1137061715126038,1.1219937324523925,1.130944412946701,1.1389240860939025,1.1485088288784027,1.154065376520157,1.1622428238391875,1.1686783254146575,1.1771532714366912,1.1846916794776916,1.1921239256858827,1.1993974924087525,1.2048338294029235,1.2124269664287568,1.2164909064769744,1.2231300532817841,1.2292466461658478,1.2347494959831238,1.2387750804424287,1.2442130267620086,1.2495451986789703,1.2539481103420258,1.2557932615280152,1.2612123608589172,1.2654084980487823,1.2692188382148744,1.2727541148662567,1.2772256553173065,1.2794672012329102,1.283997893333435,1.2865466177463531,1.2887937068939208,1.291662985086441,1.2944837749004363,1.2970608651638031,1.299178558588028,1.302349990606308,1.3044817626476288,1.306687068939209,1.310001701116562,1.3119335770606995,1.3139959573745728,1.3164353370666504,1.318487298488617,1.319517058134079,1.3215196013450623,1.3231251418590546,1.3245720624923707,1.326773339509964,1.3274920761585236,1.3299684405326844,1.3310126185417175,1.3317715883255006,1.3319291412830352,1.335194432735443,1.3370408236980438,1.3371153116226195,1.337972754240036,1.3383465230464935,1.3399846792221068,1.341392320394516,1.3413660764694213,1.343213039636612,1.3439567148685456,1.3446892619132995,1.3459376633167266,1.3461881220340728,1.3467267096042632,1.3472940266132354,1.3490482985973358,1.3490871012210846,1.3507473647594452,1.3503769934177399,1.351050615310669,1.3519631326198578,1.3518093466758727,1.352501428127289,1.3535451531410216,1.353667640686035,1.354280960559845,1.3553305864334106,1.3552576422691345,1.3554159104824066,1.3570648908615113,1.3564910292625427,1.3578501701354981,1.3579880356788636,1.357483869791031,1.3578462660312653,1.3590470492839812,1.3596434891223907,1.3602195382118225,1.359776997566223,1.3597749412059783,1.3604128897190093,1.3613667428493499,1.3606182217597962,1.361358290910721,1.3620846748352051,1.3631671905517577,1.3658811688423156
t_157,0.8633518874645233,0.8484984397888183,0.8503279775381088,0.8386535435914994,0.8297524005174637,0.8204353868961334,0.8010377138853073,0.784418323636055,0.764395797252655,0.7551363468170166,0.7384024322032928,0.72060606777668,0.7145959585905075,0.6904308080673218,0.6793799251317978,0.6541510254144669,0.632536381483078,0.6059363692998886,0.5946717619895935,0.5685984164476394,0.5423603832721711,0.5306153059005737,0.5075537711381912,0.47955559343099596,0.45779284089803696,0.440735824406147,0.4208803609013557,0.38814217001199725,0.3669801354408264,0.3439493179321289,0.3109536498785019,0.2945992037653923,0.2643185555934906,0.24184319600462914,0.21052312329411507,0.18049111738801002,0.16635299026966094,0.13485568016767502,0.11545565836131573,0.09076257273554802,0.07216760255396366,0.04933159369975328,0.0,0.04210621807724237,0.06453986465930939,0.08464106023311616,0.10928981192409992,0.13241081461310386,0.1636037103831768,0.18656743317842484,0.21277626752853393,0.24053661301732063,0.2658098876476288,0.29041051417589187,0.31913854032754896,0.3469447553157806,0.3725050240755081,0.3958913281559944,0.4180083930492401,0.4444791376590729,0.47225010544061663,0.4947430193424225,0.5153642818331718,0.5405030518770217,0.5662039250135422,0.5837581604719162,0.6056035071611404,0.6295758783817291,0.645336189866066,0.6623361229896545,0.6810283631086349,0.7050335973501205,0.7216919839382172,0.7364664673805237,0.7546953499317169,0.7744046688079834,0.789654815196991,0.8065881490707397,0.8262132465839386,0.8434287279844284,0.8559772610664368,0.8729822278022766,0.8923244476318359,0.9063932687044144,0.9203247189521789,0.9320671319961548,0.9487044274806976,0.9601272314786911,0.9751848816871643,0.9874784350395203,1.0013338536024095,1.0124455869197846,1.024008685350418,1.038032478094101,1.0485215306282043,1.0578599214553832,1.069173938035965,1.0803296387195587,1.0930988907814025,1.1050968170166016,1.1134988844394684,1.1227554440498353,1.1308990955352782,1.1407334446907043,1.1464193284511566,1.1548408925533296,1.1614541053771972,1.1701528549194335,1.1778896391391753,1.1854496061801911,1.1928827166557312,1.1984857380390168,1.2061884522438049,1.2104416191577911,1.2172227263450623,1.2234863758087158,1.2291498363018036,1.233312088251114,1.2388751804828644,1.244287919998169,1.2488676249980926,1.2507615685462952,1.2562671720981597,1.2606233417987824,1.2645208477973937,1.26813143491745,1.272680115699768,1.2749770700931549,1.2796411097049714,1.282266628742218,1.2846098959445953,1.2875110030174255,1.2904051661491394,1.2930467545986175,1.2952264606952668,1.2984458744525909,1.3006263196468353,1.3028988540172577,1.3062618255615235,1.3082680106163025,1.3103758335113525,1.3128636240959168,1.314973384141922,1.3160309493541718,1.3180734395980835,1.3197295308113097,1.3212034463882447,1.323473060131073,1.324220561981201,1.3267149865627288,1.3278350114822388,1.3286008894443513,1.3288055121898652,1.332094568014145,1.3339685022830963,1.3340889751911162,1.3349403619766236,1.3353466510772705,1.3370187878608704,1.338457030057907,1.3384412109851838,1.3403233468532563,1.341062593460083,1.3418386638164521,1.343122011423111,1.3433501482009889,1.34391188621521,1.3445209920406342,1.3463110506534577,1.3463577628135681,1.3480431020259858,1.3476762890815734,1.3483483433723449,1.349290317296982,1.3491658091545105,1.3498632967472077,1.3509271562099456,1.3510762333869935,1.351697313785553,1.3527604818344117,1.3526692986488342,1.3528734862804412,1.3545571148395539,1.3539456486701966,1.3553480327129364,1.3554820120334625,1.3550111770629882,1.355381441116333,1.3566005885601045,1.357220458984375,1.3578106105327605,1.3573913276195526,1.3573928356170655,1.3580302357673646,1.3590290427207947,1.358285617828369,1.359033203125,1.3597648859024047,1.360861897468567,1.3636275053024292
t_156,0.868451002240181,0.8537183165550232,0.8555768549442291,0.8440138608217239,0.8351801872253418,0.8260253310203552,0.8068250328302383,0.7903142720460892,0.7705268532037735,0.761403837800026,0.7447953641414642,0.7271839946508407,0.7212697267532349,0.6973884969949722,0.6865459501743316,0.6615668863058091,0.6402577430009841,0.6139152079820633,0.6028240233659744,0.5771390229463578,0.5512754499912262,0.5395424365997314,0.5168388724327088,0.4892710641026497,0.4676708295941353,0.4507704108953476,0.43143661320209503,0.3989964500069618,0.3781080931425095,0.3552181959152222,0.3226620018482208,0.3062829464673996,0.2767370373010635,0.25413769111037254,0.22307446748018264,0.19313326478004456,0.17886656299233436,0.1472860775887966,0.12772751040756702,0.10360350757837296,0.08340126499533654,0.056852375343441966,0.04210621807724237,0.0,0.052751125395298006,0.07150424011051655,0.09587003327906132,0.11846939660608768,0.15030238702893256,0.1728512741625309,0.19899289980530738,0.22693194225430488,0.2526325471699238,0.2774230808019638,0.3060854822397232,0.33416243344545365,0.35980269610881804,0.38349678069353105,0.4059744879603386,0.432321834564209,0.4604760974645615,0.4829245686531067,0.5038366571068764,0.529213884472847,0.5550714582204819,0.572915893793106,0.5949800074100494,0.6190244287252427,0.6350718975067139,0.6521273702383041,0.6710097342729568,0.695237535238266,0.7122563362121582,0.7270838409662247,0.745478892326355,0.765395599603653,0.7807966053485871,0.7978499323129654,0.8177396982908249,0.8351615011692047,0.8478761702775955,0.8651689112186431,0.884608268737793,0.8989000111818314,0.9129505902528763,0.9247671991586686,0.9417173326015472,0.9532113969326019,0.9684769183397293,0.9808655083179474,0.9949550151824951,1.0060993909835816,1.0178094923496246,1.0321021854877472,1.0426638066768645,1.0520776093006134,1.063527727127075,1.0748182475566863,1.0877585470676423,1.0998975157737731,1.1084890902042388,1.1177774608135223,1.1260372161865235,1.1360526025295257,1.1418217182159425,1.1502966165542603,1.1570047080516814,1.1658119857311249,1.1736294746398925,1.1813242375850677,1.1888857305049896,1.194535207748413,1.2023784220218658,1.2066405594348908,1.213530957698822,1.2198985755443572,1.2256172239780425,1.2298390984535217,1.2354654550552369,1.2409710109233856,1.2455986440181732,1.2475504159927369,1.2531509101390839,1.2575293183326721,1.2614788591861725,1.2651478052139282,1.2697898983955382,1.2721288859844209,1.276812309026718,1.2794874548912047,1.2818589448928832,1.2848222076892852,1.2877261996269227,1.2904285967350007,1.2926362872123718,1.2958986163139343,1.298115998506546,1.3004252374172212,1.3038479447364808,1.3058469474315644,1.307994693517685,1.3105223178863525,1.3126513421535493,1.3137357890605927,1.3158275842666627,1.3174865126609803,1.3190052330493927,1.3212779343128205,1.3220472753047943,1.3246005117893218,1.325715219974518,1.326516443490982,1.3267138481140137,1.3300537109375,1.3319576382637024,1.3320548474788665,1.3329572975635529,1.3333730518817901,1.3350491166114806,1.3365129709243775,1.3365200519561768,1.33840155005455,1.3391600489616393,1.3399472832679749,1.341241866350174,1.3415080964565278,1.3420816242694855,1.342687153816223,1.3444984912872315,1.3445482015609742,1.3462378919124602,1.3458901584148406,1.346586436033249,1.3475375711917876,1.3474087595939637,1.3481310606002808,1.3491983890533448,1.349347972869873,1.3499761283397675,1.3510549783706665,1.3509866297245026,1.3511860847473145,1.352882558107376,1.352282351255417,1.3536932826042176,1.3538374304771423,1.3533587515354157,1.3537478864192962,1.354972058534622,1.3556004166603088,1.3562015116214752,1.3557785987854003,1.3557833194732667,1.3564265191555023,1.3574338257312775,1.356693333387375,1.357451891899109,1.3581961631774901,1.3593032956123352,1.362048590183258
t_155,0.8847663462162018,0.870419380068779,0.872338256239891,0.8610838443040848,0.8524606138467788,0.843650621175766,0.824930265545845,0.8088271498680115,0.7895662665367127,0.7807693272829056,0.7645920187234878,0.7474022537469864,0.7417688608169556,0.7186203181743622,0.7081876993179321,0.6838539630174637,0.6632187575101852,0.6376280069351197,0.6268195182085037,0.6020015567541123,0.5768798649311065,0.5654719531536102,0.5434477418661118,0.5167048752307892,0.4957056790590286,0.4793711617588997,0.4606550484895706,0.4288913682103157,0.4087353602051735,0.3863385170698166,0.3546615272760391,0.33863853812217715,0.3099315583705902,0.2874468728899956,0.25703469663858414,0.22739071249961854,0.2132735162973404,0.18164122253656387,0.16200727298855783,0.1370196260511875,0.11712920814752578,0.08759432919323444,0.06453986465930939,0.052751125395298006,0.0,0.046979621052742004,0.06477083638310432,0.08577574267983437,0.11554719470441341,0.13798565715551375,0.1642881453037262,0.19236599579453467,0.21808484196662903,0.24320470690727233,0.27201137393713,0.3005218356847763,0.32660864293575287,0.35067717880010607,0.3736589938402176,0.40044559687376025,0.4290924906730652,0.4522038698196411,0.47351059019565583,0.4994591772556305,0.5257771611213684,0.5441691070795059,0.5669038474559784,0.5915135383605957,0.6079904526472092,0.6255414128303528,0.6450003385543823,0.669815593957901,0.6874132186174393,0.7026136428117752,0.7215922176837921,0.7420395225286484,0.7580001085996628,0.7756066471338272,0.7960477858781815,0.8139929234981537,0.8271796941757202,0.8450108408927918,0.8650209605693817,0.8797890573740006,0.8943049371242523,0.9064510136842727,0.924010255932808,0.9358301252126694,0.951629814505577,0.9644289374351501,0.9789880454540253,0.990463063120842,1.0026016354560852,1.0173950731754302,1.028291791677475,1.037997156381607,1.0498640060424804,1.061527782678604,1.0748750269412994,1.0874140918254853,1.0962990701198578,1.1058881640434266,1.1144180476665497,1.124844390153885,1.1307952284812928,1.139544266462326,1.1465016961097718,1.1555819034576416,1.1636726200580596,1.1716209530830384,1.179473978281021,1.1853063523769378,1.1933997213840484,1.1978316128253936,1.2049375116825103,1.2115122437477113,1.217444384098053,1.2218101441860199,1.2276151657104493,1.233310157060623,1.2381080389022827,1.2401953876018523,1.245965039730072,1.2504920423030854,1.254554307460785,1.2583558678627014,1.263193094730377,1.2656190633773803,1.2704304099082946,1.2732106745243073,1.2756842136383058,1.2787587106227876,1.281736546754837,1.2845357954502106,1.2868382513523102,1.2902040004730224,1.292512047290802,1.2949096083641052,1.298432457447052,1.300481879711151,1.302701485157013,1.3053149580955505,1.3075004398822785,1.3086313724517822,1.3108113765716554,1.3125246345996857,1.3141201257705688,1.3164512038230896,1.317286229133606,1.31992546916008,1.3210768222808837,1.3219172596931457,1.3221623122692108,1.3255700170993805,1.3275607526302338,1.3276645600795747,1.3285819947719575,1.3290546834468842,1.3307623505592345,1.33228000998497,1.3323128998279572,1.3342478930950166,1.3350148320198059,1.3358559310436249,1.337196844816208,1.3374703168869018,1.3380857527256012,1.3387208878993988,1.340588539838791,1.3406458795070648,1.342361867427826,1.3420313715934753,1.3427536189556122,1.3437462270259857,1.3436486959457397,1.3443704783916473,1.3454941987991333,1.3456477761268615,1.3462990999221802,1.3474069893360139,1.34734708070755,1.3475724160671234,1.3492976427078247,1.3487146615982055,1.3501570880413056,1.350317621231079,1.3498533725738526,1.3502609729766846,1.3515331089496612,1.3521852970123291,1.352826601266861,1.3524057745933533,1.352404671907425,1.353080040216446,1.3541255712509155,1.3533962547779084,1.3541780769824983,1.3549600958824157,1.356081223487854,1.3588224530220032
t_154,0.8955951005220413,0.8814813196659088,0.8834223449230194,0.8723442077636718,0.8638576865196228,0.8551947891712188,0.8368075549602508,0.8209690749645233,0.8019950032234192,0.7933441072702407,0.7774407804012299,0.7605310112237931,0.75502008497715,0.7322686523199081,0.7220581948757172,0.6981363326311112,0.6778161108493805,0.6526964634656907,0.6420895218849182,0.6176767617464065,0.5929824262857437,0.5818219691514969,0.5601768136024475,0.5338280200958252,0.5131244719028473,0.4970718681812286,0.4786748856306076,0.4474592819809914,0.42748134583234787,0.40560514479875565,0.3743022337555885,0.3585694894194603,0.32981592118740083,0.3078958407044411,0.277758015692234,0.24848002195358276,0.23423450365662574,0.2031247705221176,0.18366361707448958,0.15838438421487808,0.1387767754495144,0.10900453813374042,0.08464106023311616,0.07150424011051655,0.046979621052742004,0.0,0.048472415469586846,0.06939246654510497,0.09786435179412364,0.11926543787121772,0.14464326575398445,0.17276095747947692,0.19821765497326851,0.22304481640458107,0.2523721754550934,0.28101578950881956,0.3073633834719658,0.331202594935894,0.3541734516620636,0.3817761570215225,0.4103776544332504,0.4336808994412422,0.4551274448633194,0.4814631760120392,0.5083195105195045,0.5267604947090149,0.5496572047472,0.5747801005840302,0.591403329372406,0.6092909336090088,0.6290166497230529,0.6542624682188034,0.6719193309545517,0.6874919146299362,0.7068040937185287,0.7275781542062759,0.7438177734613418,0.7617499232292175,0.7825440645217896,0.8007064819335937,0.814139062166214,0.8322076112031936,0.8526439636945724,0.8676078736782074,0.8823718905448914,0.894817692041397,0.9126075893640518,0.9247083783149719,0.9407516866922379,0.9538872241973877,0.9685891270637512,0.9803848445415497,0.9927606374025345,1.0076942265033721,1.0188892036676407,1.0287945598363877,1.0408875465393066,1.0527658879756927,1.0663114070892334,1.0791045546531677,1.0880935311317443,1.0979490876197815,1.1066225230693818,1.1172049999237061,1.123300302028656,1.1322530329227447,1.139364194869995,1.1486384093761444,1.1568405628204346,1.1649345397949218,1.1728677093982696,1.178881871700287,1.1870524644851685,1.1916524171829224,1.1988657534122467,1.2055772125720978,1.2116257429122925,1.2161294281482697,1.2220300078392028,1.2277956187725068,1.2327133238315582,1.2348607182502747,1.2406972765922546,1.2453428566455842,1.2494764983654023,1.2533556342124939,1.258212810754776,1.2607288122177125,1.265615028142929,1.268457716703415,1.2710291028022767,1.2741381704807282,1.2771989941596984,1.2800501883029938,1.2824051022529601,1.2858002364635468,1.2881721258163452,1.2906403303146363,1.2941834211349488,1.2963093400001526,1.2985547244548798,1.3012075960636138,1.3034282624721527,1.3046127259731293,1.3068244338035584,1.3085734069347381,1.3101935267448426,1.3125784337520598,1.3134390115737915,1.3160869240760804,1.3173068344593049,1.3181566894054413,1.3184501230716705,1.3218661427497864,1.3238598585128785,1.3240200340747834,1.3249649286270142,1.3254590451717376,1.327200448513031,1.3287539958953858,1.3287969827651978,1.3307616889476777,1.3315409958362578,1.3324104785919189,1.3337845265865327,1.3340603530406951,1.334695726633072,1.3353804767131805,1.337258505821228,1.3373514115810394,1.3390758752822876,1.338760381937027,1.3394976139068604,1.3405000686645507,1.3404413878917694,1.3411758244037628,1.3423091411590575,1.3424883663654328,1.343159693479538,1.344283652305603,1.3442181766033172,1.3444901943206786,1.3462302267551423,1.3456415832042694,1.3471147179603578,1.347278541326523,1.3468402087688447,1.347257876396179,1.3485351979732514,1.3492125213146209,1.3498440980911255,1.3494655013084411,1.3494868576526642,1.3501634359359742,1.351239448785782,1.3505213677883148,1.351322102546692,1.3521049916744232,1.3532398402690888,1.3560326874256134
t_153,0.9074703723192215,0.8936664283275604,0.8956600666046143,0.8848154306411743,0.8764839172363281,0.8680790483951568,0.8500451862812042,0.8345320075750351,0.8159566700458527,0.8075608760118484,0.7919762372970581,0.7753894090652466,0.77008635699749,0.747904846072197,0.7380056887865066,0.7146048933267594,0.6947554737329483,0.6702365130186081,0.6598542124032974,0.6361308097839355,0.6120077013969422,0.6010985136032104,0.5799869239330292,0.5543047964572907,0.5340741783380508,0.5184360027313233,0.5005512267351151,0.4699154540896416,0.4504251256585121,0.428919592499733,0.39841419607400896,0.38286827951669694,0.35489064604043963,0.33316949903965,0.30358380228281023,0.2744985431432724,0.26054707914590836,0.22949371710419655,0.21022843793034554,0.18508928194642066,0.16525407880544662,0.13520869612693787,0.10928981192409992,0.09587003327906132,0.06477083638310432,0.048472415469586846,0.0,0.0498390456661582,0.0734865203499794,0.09375256858766079,0.11849876940250396,0.14641859978437424,0.1720867097377777,0.19674920067191123,0.22630343735218048,0.25498031452298164,0.28158086240291597,0.3057613164186478,0.3291162237524986,0.35694593340158465,0.3859937131404877,0.40969514548778535,0.43138219267129896,0.4581753596663475,0.48543375730514526,0.5042799830436706,0.5276105582714081,0.5531921327114105,0.5702022671699524,0.5884222775697708,0.6086199790239334,0.6342515408992767,0.6524015605449677,0.6682552456855774,0.6880177974700927,0.7092158824205399,0.7258419901132583,0.7441397607326508,0.7653848737478256,0.7839585095643997,0.7977315664291382,0.8162055224180221,0.8370822221040726,0.8524108558893204,0.8675188511610031,0.8802441954612732,0.8984726518392563,0.9108353853225708,0.927274203300476,0.9407205551862716,0.9557849645614624,0.9678458511829376,0.9805435687303543,0.9958606094121933,1.0073110282421112,1.0174416542053222,1.0298531889915465,1.042035073041916,1.0558976411819458,1.0690146923065185,1.0782178461551666,1.088306337594986,1.0971842885017395,1.1080631613731384,1.1143241763114928,1.123484867811203,1.130797803401947,1.1403064906597138,1.1487104535102843,1.1570001184940337,1.1651607930660248,1.1713139474391938,1.179689735174179,1.184397953748703,1.1917911350727082,1.1986803710460663,1.2048668205738067,1.2095243275165557,1.2155665397644042,1.2214668273925782,1.2265199720859528,1.2287495255470275,1.2347289860248565,1.239513450860977,1.2437308847904205,1.2477138996124268,1.2527057945728302,1.2553033888339997,1.2602980315685273,1.263236838579178,1.2658748269081115,1.2690727472305299,1.2721885859966278,1.2751281082630157,1.2775479316711427,1.2810067415237427,1.2834448575973512,1.2859793782234192,1.2896039366722107,1.2917800784111022,1.294087952375412,1.2967942714691163,1.2990859687328338,1.3002971708774567,1.3025789558887482,1.3043693900108337,1.3060540676116943,1.3084733724594115,1.3093828737735749,1.3120951533317566,1.3133618175983428,1.3142414331436156,1.3145671367645264,1.3180508255958556,1.3200879335403441,1.3202609956264495,1.3212438523769379,1.321759295463562,1.3235332667827606,1.3251196086406707,1.325194239616394,1.3271888852119447,1.3279760539531709,1.32888822555542,1.3302993655204773,1.33059002161026,1.3312352657318116,1.331951266527176,1.3338763236999511,1.3339844346046448,1.3357194662094116,1.3354263782501221,1.3361722826957703,1.337205421924591,1.3371591448783875,1.3379142522811889,1.3390680730342865,1.3392636597156524,1.3399505019187927,1.3411023497581482,1.3410393178462983,1.3413276970386505,1.3430992901325225,1.3425052285194397,1.3440071642398834,1.3441986382007598,1.3437643110752107,1.3442093014717102,1.3455017924308776,1.3462001621723174,1.3468551635742188,1.3464808285236358,1.346514892578125,1.347201269865036,1.3482940733432769,1.3475780606269836,1.3484048008918763,1.349202996492386,1.350354129076004,1.3531657755374908
t_152,0.9174781531095505,0.903923749923706,0.9059659779071808,0.8953317195177078,0.8871421754360199,0.8789857983589172,0.8613057345151901,0.8460468888282776,0.8278493314981461,0.8196824789047241,0.8043757796287536,0.7881290465593338,0.7829998344182968,0.7612968742847442,0.7517172366380691,0.7287405550479888,0.7094192206859589,0.6853521794080735,0.675237450003624,0.6521038860082626,0.6285627812147141,0.6177785485982895,0.5972053736448288,0.5721474349498749,0.5522511512041092,0.5369440793991089,0.5196621239185333,0.48954694867134096,0.47057985216379167,0.4493930920958519,0.419446112215519,0.40414078533649445,0.3769769608974457,0.35528300404548646,0.32618545591831205,0.2975261673331261,0.28363284915685655,0.25289496779441833,0.23374716565012932,0.2092149220407009,0.18896597623825073,0.15864177644252778,0.13241081461310386,0.11846939660608768,0.08577574267983437,0.06939246654510497,0.0498390456661582,0.0,0.052186858095228675,0.06948908008635044,0.0944591797888279,0.12122553773224354,0.14752628430724143,0.17226044237613677,0.20148673355579377,0.23060146793723107,0.2572027429938316,0.28185551762580874,0.3055863380432129,0.33334639966487883,0.36295547485351565,0.38672185242176055,0.40886702984571455,0.4359514206647873,0.46349077820777895,0.48279616236686707,0.5066001504659653,0.5323623478412628,0.5497594386339187,0.5681824743747711,0.58875992000103,0.6148327559232711,0.6335190147161484,0.6495712578296662,0.6696667432785034,0.6912767827510834,0.7082507997751236,0.7269120723009109,0.7485803306102753,0.7675568729639053,0.781683212518692,0.8006523966789245,0.8218691140413285,0.8375860512256622,0.8529886573553085,0.8659071415662766,0.8846665501594544,0.8971913695335388,0.9140494227409363,0.9277716994285583,0.9432643264532089,0.9554540127515793,0.9684754580259323,0.9842754870653152,0.9959197163581848,1.0062338918447495,1.0189553886651992,1.0314158737659453,1.0455895781517028,1.0590187728404998,1.0685177266597747,1.078752201795578,1.0878459513187408,1.0990990221500396,1.1054992139339448,1.1148185074329375,1.1223214209079742,1.1320362865924836,1.1406565129756927,1.1491716802120209,1.1575713098049163,1.1638367772102356,1.1724516212940217,1.1772433996200562,1.1848278403282166,1.1918898046016693,1.1982287347316742,1.202991133928299,1.2091659307479858,1.2152543306350707,1.2203990757465362,1.2227451741695403,1.2288852632045746,1.2337450087070465,1.2380584001541137,1.2421385943889618,1.2473261773586273,1.2499824166297913,1.2550616025924684,1.2580686807632446,1.260780107975006,1.2640871942043304,1.2672482192516328,1.2702675938606263,1.2727559864521027,1.2763003826141357,1.2788195967674256,1.2814164102077483,1.2851536214351653,1.2873439371585846,1.2897226512432098,1.2925006985664367,1.2948139369487763,1.2960605204105378,1.2984360098838805,1.3002493500709533,1.3020011246204377,1.304457175731659,1.3054285168647766,1.3082271277904511,1.3094879686832428,1.3104286193847656,1.310773503780365,1.3143261611461639,1.3164439022541046,1.3165902733802795,1.3176043331623077,1.3181666553020477,1.319951170682907,1.3215837180614471,1.3216993510723114,1.3237223684787751,1.324530166387558,1.3254683136940002,1.3269204020500183,1.327251523733139,1.3279333591461182,1.3286590874195099,1.3306247472763062,1.3307469308376312,1.3325053989887237,1.332237285375595,1.33302344083786,1.3340975284576415,1.334060823917389,1.3348365783691407,1.3360368967056275,1.3362197041511537,1.3369270801544189,1.3380973637104034,1.338084352016449,1.3383639931678772,1.3401629149913787,1.3395841121673584,1.3411119520664214,1.3413125872612,1.3408765554428101,1.341347235441208,1.3426813721656798,1.3434072136878967,1.3440862774848938,1.3436973929405212,1.3437333583831788,1.3444560527801515,1.3455605328083038,1.3448589026927948,1.345701313018799,1.3465378880500793,1.3477032601833343,1.3504753708839417
t_151,0.9317138850688934,0.9184800446033478,0.9205453157424927,0.9101788759231567,0.9021623343229294,0.8942648440599441,0.8770340323448181,0.86211599111557,0.8443895727396011,0.8364699602127075,0.8215385138988495,0.8056831419467926,0.8007834434509278,0.7796879202127457,0.7703944355249405,0.7480232805013657,0.729266682267189,0.7058269858360291,0.6959992080926896,0.673590463399887,0.6506813943386078,0.6402059197425842,0.6202494919300079,0.5958971977233887,0.576567405462265,0.5617394119501113,0.5449438184499741,0.515574163198471,0.4971456840634346,0.4764856085181236,0.44731808006763457,0.43243481814861295,0.40572784692049024,0.38454965204000474,0.3560666456818581,0.32783187329769137,0.31406376212835313,0.28375625759363177,0.26484384536743166,0.24034949019551277,0.22041706070303918,0.19015182182192802,0.1636037103831768,0.15030238702893256,0.11554719470441341,0.09786435179412364,0.0734865203499794,0.052186858095228675,0.0,0.045314010418951514,0.06682330518960952,0.09144362285733224,0.11686077006161213,0.14117979928851127,0.17080431059002876,0.1996437653899193,0.2264685720205307,0.2512476727366447,0.27518531382083894,0.30347633808851243,0.33352953046560285,0.3578545019030571,0.38034420907497407,0.4079431131482124,0.4358046427369118,0.4555282801389694,0.4798330426216125,0.5062559753656387,0.5238902986049652,0.5428060859441757,0.5638653874397278,0.5905986249446868,0.6097319573163986,0.6261121660470963,0.6467968702316285,0.6688922047615051,0.6863559514284134,0.7055955648422241,0.7277932494878769,0.7472319155931473,0.7618194043636322,0.7812277227640152,0.8030988663434983,0.8192092150449752,0.8351128190755844,0.84835644364357,0.8676476538181305,0.880556383728981,0.8978987663984299,0.9120242953300476,0.9279288917779922,0.9405306428670883,0.9539600878953933,0.9701861172914505,0.9822044461965561,0.9928385496139527,1.0060314595699311,1.0188553750514984,1.0333773016929626,1.047243493795395,1.05699103474617,1.0675414621829986,1.0768846273422241,1.0885543525218964,1.0951309323310852,1.1047386884689332,1.1124966979026794,1.1225009977817535,1.1314245343208313,1.1401258945465087,1.1488190412521362,1.1552737534046174,1.1641199588775635,1.169119644165039,1.1769212901592254,1.1841638386249542,1.1907217025756835,1.1956346929073334,1.202007430791855,1.208231395483017,1.2135864853858949,1.2160422325134277,1.2223153173923493,1.2273774921894074,1.2317990124225617,1.236000794172287,1.241340458393097,1.2440725564956665,1.2493102371692657,1.2524241387844086,1.2552370011806488,1.2586281955242158,1.261866855621338,1.2649717807769776,1.267553162574768,1.2711938321590424,1.2737915456295013,1.2764911890029906,1.280313676595688,1.2825695753097535,1.284999966621399,1.2878830969333648,1.2902519822120666,1.291551524400711,1.2939950823783875,1.29587219953537,1.2976807832717896,1.3002086460590363,1.3012445867061615,1.304092639684677,1.3054294884204865,1.306382703781128,1.3067828834056854,1.3103938579559327,1.3125739693641663,1.3127413034439086,1.3137722313404083,1.3143787205219268,1.3161998450756074,1.3178829371929168,1.3180319547653199,1.320088928937912,1.3209089636802673,1.32188338637352,1.3233946621418,1.323714053630829,1.3244290590286254,1.3251907765865325,1.3272162616252898,1.327344387769699,1.329115277528763,1.3288664758205413,1.3296812713146209,1.3307793378829955,1.33078031539917,1.3315636754035949,1.332797759771347,1.3329941034317017,1.3337136149406432,1.334923768043518,1.3348874211311341,1.335213029384613,1.3370436549186706,1.336459618806839,1.3380131602287293,1.3382326066493988,1.3378111481666566,1.338287490606308,1.3396696388721465,1.3404118895530701,1.3411048889160155,1.3407243192195892,1.3407548129558564,1.3414960145950316,1.3426366686820983,1.3419337451457978,1.342786580324173,1.3436677753925323,1.344826054573059,1.347591018676758
t_150,0.9411053150892258,0.9281203359365463,0.9302183955907821,0.9200531810522079,0.9121853113174438,0.9044965773820877,0.8875815600156785,0.8729211866855622,0.8555455148220062,0.8478201121091843,0.8331655979156494,0.8176165640354156,0.8128769606351852,0.7922451555728912,0.7832370549440384,0.7612735092639923,0.7429608881473542,0.7199896246194839,0.7103994935750961,0.6885252803564071,0.6661487489938736,0.6558433830738067,0.6363854825496673,0.6125786006450653,0.5936069101095199,0.5790976613759995,0.5627644777297973,0.5339257538318634,0.5159278929233551,0.49562395066022874,0.4670433536171913,0.45236274898052214,0.4262811616063118,0.4053323924541473,0.3773007169365883,0.3494411438703537,0.33588314801454544,0.30587040185928344,0.28713915646076205,0.2629765525460243,0.24303800836205483,0.21300369948148729,0.18656743317842484,0.1728512741625309,0.13798565715551375,0.11926543787121772,0.09375256858766079,0.06948908008635044,0.045314010418951514,0.0,0.048954736441373825,0.0696670100092888,0.09468569234013557,0.1185232400894165,0.1475303016602993,0.17648380026221275,0.20343581661581994,0.2282200798392296,0.2526816055178642,0.2809263810515404,0.3113028287887573,0.33574911803007124,0.35854357331991193,0.3865184098482132,0.4146158128976822,0.43469914644956587,0.4593856900930405,0.48609876781702044,0.5040938094258308,0.5232224002480507,0.5446669518947601,0.571793720126152,0.5913631230592727,0.6080020606517792,0.6290784358978272,0.6515191048383713,0.6693324774503708,0.6889468312263489,0.7115510910749435,0.7313651829957962,0.746285817027092,0.7661206960678101,0.7884125858545303,0.8048619210720063,0.8210760235786438,0.8345591187477112,0.85432950258255,0.867464879155159,0.8852018117904663,0.8996079444885254,0.9158825308084488,0.9287081778049469,0.9424628466367722,0.9590618401765824,0.971326008439064,0.9821695148944855,0.9956706494092942,1.0087652117013932,1.0235812366008759,1.0377546489238738,1.0477414309978486,1.0584923028945923,1.0680349469184875,1.0800277531147002,1.0867539644241333,1.0965518712997437,1.1044789910316468,1.1147146463394164,1.1238074719905853,1.1327182173728942,1.1416193783283233,1.1482080459594726,1.1572471678256988,1.162356925010681,1.1703342974185944,1.1777418494224547,1.1844367265701294,1.189463835954666,1.1959623754024507,1.2023314654827117,1.2077971816062927,1.2103479623794555,1.2167584896087646,1.2219032227993012,1.2264171421527863,1.2307130634784698,1.2362010061740876,1.2390030443668365,1.244321346282959,1.247514820098877,1.2504032909870149,1.2538853883743286,1.2571679174900054,1.260355293750763,1.2630043268203734,1.2667050898075103,1.2693802654743194,1.2721307098865509,1.2760371446609498,1.278314083814621,1.280803769826889,1.283754926919937,1.2861643254756927,1.287503832578659,1.2900267958641052,1.2919135391712189,1.293803983926773,1.2963631451129913,1.29745215177536,1.3003636658191682,1.3017199397087098,1.3027227222919464,1.3031376838684081,1.3068134486675262,1.3090452551841736,1.309206050634384,1.3102774560451507,1.3109151482582093,1.3127653419971466,1.3144834339618683,1.3146625995635985,1.3167476177215576,1.3175900518894195,1.3185898303985595,1.3201444685459136,1.3204805433750153,1.3212191760540009,1.3220081806182862,1.3240647792816163,1.324212908744812,1.3260050117969513,1.3257754266262054,1.3266094088554383,1.3277372539043426,1.3277543902397155,1.328557199239731,1.3298201858997345,1.3300260663032533,1.330771917104721,1.3320011854171754,1.331990659236908,1.3323189079761506,1.3341840147972106,1.333611297607422,1.335183048248291,1.335418063402176,1.3350086510181427,1.3355125308036804,1.3369125306606293,1.337674218416214,1.3383882761001586,1.3380126893520354,1.3380451202392578,1.3387980461120605,1.3399619340896607,1.3392666041851045,1.3401475071907043,1.3410464644432067,1.3422226548194884,1.344974148273468
t_149,0.951704916357994,0.9389988631010056,0.9411348462104797,0.9311818063259125,0.9234689146280288,0.9159887492656708,0.8994597405195236,0.8851056784391403,0.8681005030870438,0.8605853617191315,0.846245539188385,0.8310348898172378,0.8264516979455948,0.8063247054815292,0.7975925862789154,0.7761344313621521,0.7582536786794662,0.7358414679765701,0.7264670073986054,0.705187851190567,0.6833377867937088,0.6732955783605575,0.6542953461408615,0.6310682326555253,0.6124731123447418,0.5983439236879349,0.5825307309627533,0.5542953550815582,0.5367149025201797,0.5169199407100677,0.48897578865289687,0.47460920065641404,0.4490709125995636,0.4284678861498833,0.4010474026203156,0.3736507833003998,0.36012210249900817,0.3306586444377899,0.31221397817134855,0.28839730471372604,0.2687057599425316,0.23864585757255555,0.21277626752853393,0.19899289980530738,0.1642881453037262,0.14464326575398445,0.11849876940250396,0.0944591797888279,0.06682330518960952,0.048954736441373825,0.0,0.05002279430627823,0.0723788294941187,0.09468379952013492,0.12236792445182801,0.1514637865126133,0.1781525991857052,0.2028240218758583,0.22735329642891883,0.25578705593943596,0.28627731949090957,0.3106360509991646,0.33371437042951585,0.3620889768004417,0.39053898900747297,0.410922409594059,0.43588458001613617,0.4628975346684456,0.4812216445803642,0.5006431132555008,0.5224387884140015,0.5500090092420578,0.5699660181999207,0.586902517080307,0.608344343304634,0.6311833143234253,0.6493870317935944,0.669326713681221,0.6924167424440384,0.7126188069581986,0.7279153138399124,0.7481782585382462,0.770867931842804,0.7876810371875763,0.8042148053646088,0.818000414967537,0.8382368892431259,0.8516494452953338,0.869783678650856,0.8845315665006638,0.9011591643095016,0.9142545074224472,0.9283429116010666,0.9453349620103836,0.957886067032814,0.9689848184585571,0.9827951073646546,0.9961776196956634,1.011318439245224,1.0258130520582198,1.0360638856887818,1.0470535814762116,1.0568192899227142,1.0691387176513671,1.076053148508072,1.0860791206359863,1.0942190289497375,1.1047120451927186,1.1139929831027984,1.1231273472309113,1.1322467803955079,1.1390359342098235,1.1482583165168763,1.1535111606121062,1.1616777300834655,1.169280654191971,1.1761455237865448,1.1813303530216217,1.1879816710948945,1.194517344236374,1.200127011537552,1.202776265144348,1.2093328714370728,1.214612704515457,1.2192254960536957,1.2236353039741517,1.229253000020981,1.2321583092212678,1.237576574087143,1.2408693790435792,1.243857640028,1.2474394917488099,1.2508070588111877,1.254084187746048,1.2568172633647918,1.260595017671585,1.2633635342121123,1.266198593378067,1.2701923251152039,1.2725479006767273,1.2750937283039092,1.2781018137931823,1.2805796980857849,1.2819793283939362,1.2845685720443725,1.2865190625190734,1.2884652376174928,1.291083025932312,1.2922229588031768,1.295198345184326,1.2966101467609406,1.2976507186889648,1.2981143116950988,1.3018453896045685,1.3041308760643004,1.30433509349823,1.3054474949836732,1.3061225175857545,1.3080111384391784,1.309774774312973,1.3099887192249298,1.3121109843254088,1.312971258163452,1.3140220522880555,1.315612941980362,1.3159787058830261,1.3167446374893188,1.3175625026226043,1.3196516156196594,1.3198292970657348,1.3216341137886047,1.321427482366562,1.3222892463207245,1.3234520077705383,1.323484194278717,1.3243132829666138,1.3255915105342866,1.3258247017860412,1.3265881657600402,1.327844214439392,1.3278427481651307,1.3282107353210448,1.330083465576172,1.329531455039978,1.3311289191246032,1.331380146741867,1.3309907734394073,1.3315204560756684,1.3329356014728546,1.333731120824814,1.3344486474990844,1.334099179506302,1.3341599643230437,1.3349151253700255,1.3361155033111571,1.3354368209838867,1.3363569319248199,1.3372710704803468,1.338472205400467,1.3412560939788818
t_148,0.962624317407608,0.9502313405275344,0.9524169325828552,0.9426992654800415,0.9351439714431763,0.9279302686452866,0.9117697894573211,0.8977316915988922,0.8811312705278397,0.8738535553216934,0.8598382949829102,0.8449910551309585,0.8406157791614532,0.821054881811142,0.8126551032066345,0.7916946083307266,0.7743281364440918,0.752501180768013,0.7433901697397232,0.7227654337882996,0.7015209317207336,0.6917188584804534,0.673277023434639,0.6506819009780884,0.6325283199548721,0.6187959104776383,0.603539326786995,0.575931602716446,0.5588543802499771,0.5395012140274048,0.5122854530811309,0.49820602536201475,0.473430247604847,0.4530967533588409,0.4263129308819771,0.39932825416326523,0.38616449683904647,0.3570467546582222,0.3389688327908516,0.3155129700899124,0.295986133813858,0.2663284182548523,0.24053661301732063,0.22693194225430488,0.19236599579453467,0.17276095747947692,0.14641859978437424,0.12122553773224354,0.09144362285733224,0.0696670100092888,0.05002279430627823,0.0,0.050858312845230104,0.06987405344843864,0.09518240839242935,0.12351116016507149,0.14986306428909302,0.17439441978931428,0.19935234561562537,0.2274177424609661,0.25838983952999117,0.28293598294258115,0.30632824301719663,0.33496959060430526,0.36367733478546144,0.3844758689403534,0.4098793789744377,0.43720358312129975,0.45591403245925904,0.47562534511089327,0.497913134098053,0.525897067785263,0.5463951587677002,0.5635981053113938,0.5854844152927399,0.6087938487529755,0.6274167865514755,0.6477895706892014,0.671370941400528,0.6920424669981002,0.7077154010534287,0.7285187780857086,0.751703628897667,0.7689568847417831,0.7858580261468887,0.7999852657318115,0.820758655667305,0.8344799607992173,0.8530709058046341,0.8681904464960098,0.8852738827466965,0.8986564606428147,0.9131407588720322,0.930633595585823,0.943474504351616,0.9548316985368729,0.9690560221672058,0.9827857136726379,0.9983094930648804,1.0131921768188477,1.0237232148647308,1.034996861219406,1.045030850172043,1.057734775543213,1.0648497462272644,1.0751336514949799,1.0834993898868561,1.094286036491394,1.103822261095047,1.113201028108597,1.1225897192955017,1.1295724034309387,1.1390207529067993,1.144451117515564,1.1528465628623963,1.1606497287750244,1.1676968395709992,1.1730383157730102,1.1798601746559143,1.186577022075653,1.192338889837265,1.1951161623001099,1.2018421232700347,1.2072730839252472,1.2119975447654725,1.2165291786193848,1.2223379135131835,1.225325834751129,1.2308699071407319,1.2342735886573792,1.237357062101364,1.2410564661026,1.2444968402385712,1.2478738486766816,1.250703513622284,1.2545761108398437,1.2574380397796632,1.2603623688220977,1.264466655254364,1.2668795347213746,1.269496214389801,1.2725843787193298,1.2751231849193574,1.2765729486942292,1.2792615950107575,1.2812546014785766,1.2832785606384278,1.2859604358673096,1.287174141407013,1.2902308762073518,1.2916714191436767,1.2927620172500611,1.2932740330696106,1.297078788280487,1.299436354637146,1.299637681245804,1.3007840752601623,1.3015199720859527,1.3034376442432403,1.3052518486976623,1.3054987251758576,1.3076663672924043,1.3085577547550202,1.3096435129642487,1.3112902343273163,1.3116650998592376,1.312466812133789,1.3133095860481263,1.3154462635517121,1.3156486630439759,1.3174790740013123,1.3173054218292237,1.3181872129440309,1.3193971753120421,1.3194476187229156,1.3203103303909303,1.3216137170791626,1.3218696177005769,1.322645914554596,1.3239265918731689,1.3239700615406036,1.3243593275547028,1.3262665629386903,1.3257273972034453,1.3273499369621278,1.327633225917816,1.3272531509399415,1.3278051018714905,1.3292657136917114,1.3300825774669647,1.330826646089554,1.3304863631725312,1.3305557370185852,1.3313328146934509,1.3325609862804413,1.3319093108177185,1.3328446388244628,1.3338015675544739,1.3350272536277772,1.337803268432617
t_147,0.9734845042228699,0.9613881647586823,0.9635759592056274,0.9540856182575226,0.9466978549957276,0.9396971106529236,0.9239142626523972,0.9101776242256164,0.893933641910553,0.8868400305509567,0.8731564015150071,0.8586502462625504,0.8544189542531967,0.8353342711925507,0.8272051960229874,0.8066933184862137,0.7897602438926696,0.768441665172577,0.7595454394817353,0.739414170384407,0.718661367893219,0.7091134309768676,0.691084823012352,0.6689663231372833,0.6512080729007721,0.6378172487020493,0.6228804111480712,0.5958534300327301,0.57914519906044,0.560290077328682,0.5335892796516418,0.5198266506195068,0.4954001948237419,0.4754957124590874,0.44917069673538207,0.4226792335510254,0.40975565314292905,0.381100432574749,0.36325004547834394,0.33997007459402084,0.3207369029521942,0.2914552852511406,0.2658098876476288,0.2526325471699238,0.21808484196662903,0.19821765497326851,0.1720867097377777,0.14752628430724143,0.11686077006161213,0.09468569234013557,0.0723788294941187,0.050858312845230104,0.0,0.05113201905041933,0.0725214246660471,0.09937548004090786,0.1255631059408188,0.14877064973115922,0.17324576750397683,0.20223162770271302,0.23247627690434455,0.25777511671185493,0.28094973862171174,0.30991854071617125,0.3389871880412102,0.35983577221632,0.38566455245018005,0.4135300576686859,0.432233190536499,0.4523986279964447,0.4750589162111282,0.5035469830036163,0.5242032840847969,0.5417619287967682,0.5641096979379654,0.5878726094961166,0.6068940579891204,0.6278156161308288,0.6518079668283463,0.672803595662117,0.688839989900589,0.7099965691566468,0.7337471306324005,0.7513251811265945,0.7686533242464065,0.7831010609865189,0.8043020665645599,0.818338343501091,0.837352278828621,0.8529245436191559,0.870293140411377,0.8840510666370391,0.898927316069603,0.9167062819004059,0.9299652427434921,0.9416025280952454,0.9561618208885193,0.9702017366886139,0.9860711574554444,1.0013124525547028,1.0120374977588653,1.0236746788024902,1.0339303493499756,1.0469477474689484,1.0542405784130096,1.0648203253746034,1.073448395729065,1.084478920698166,1.0942447483539581,1.1038499653339386,1.113417100906372,1.1206469893455506,1.1302390813827514,1.135908806324005,1.144469863176346,1.1524568974971772,1.1597096264362334,1.1652058780193328,1.172202968597412,1.1790620744228364,1.1849939167499541,1.1878774225711823,1.1947304964065553,1.2003280580043794,1.2051639139652253,1.2098124742507934,1.2157355785369872,1.2188199281692504,1.224519771337509,1.2280051350593566,1.23122181892395,1.2349892735481263,1.2385192215442657,1.2419823288917542,1.244900244474411,1.248868477344513,1.251811546087265,1.2548344433307648,1.2590252101421355,1.26152184009552,1.2642043113708497,1.2673767447471618,1.269966906309128,1.271472030878067,1.274225890636444,1.2762810349464417,1.278364896774292,1.2811346888542174,1.2824029266834258,1.285483294725418,1.2870083928108216,1.2881268084049224,1.2887101233005525,1.2925459027290345,1.294964462518692,1.2952274560928345,1.2963804125785827,1.2971773982048034,1.2991390943527221,1.3010038316249848,1.3012849330902099,1.3034906208515167,1.3044079482555389,1.3055355966091156,1.307221519947052,1.3076048851013184,1.3084448873996735,1.3093273401260377,1.311510932445526,1.3117214739322662,1.313601118326187,1.313452684879303,1.3143502056598664,1.3155860483646393,1.3156796216964721,1.316543310880661,1.3178898751735688,1.318164348602295,1.3189578115940095,1.3202815175056457,1.3203139185905457,1.3207530915737151,1.3226863265037536,1.322152417898178,1.3238103926181792,1.3241004824638367,1.3237604439258575,1.32431520819664,1.3258130311965943,1.3266454339027405,1.3274032831192017,1.3271067678928374,1.3271742045879364,1.3279764354228973,1.3292371153831481,1.3286066114902497,1.3295503854751587,1.3305402934551238,1.3317953944206238,1.3345833599567414
t_146,0.9850032806396485,0.9731792479753494,0.9753655076026917,0.9660754114389419,0.9588483303785325,0.9520156353712081,0.936575835943222,0.9231471747159958,0.9072403609752655,0.9003188222646713,0.8869353204965591,0.872748139500618,0.8686369359493256,0.850000986456871,0.8420870691537857,0.8220381408929824,0.8054705113172531,0.7846424371004105,0.7759491443634033,0.7562937885522842,0.7359898835420609,0.726708608865738,0.7090722054243088,0.687427106499672,0.670078980922699,0.656989848613739,0.6423378080129624,0.6158830434083938,0.599469217658043,0.5810719579458237,0.5548670768737793,0.5413997620344162,0.5172521591186523,0.49779760241508486,0.4718627959489822,0.4457833245396614,0.43301819264888763,0.40478953868150713,0.3871446907520294,0.363973930478096,0.3450337663292885,0.31601418256759645,0.29041051417589187,0.2774230808019638,0.24320470690727233,0.22304481640458107,0.19674920067191123,0.17226044237613677,0.14117979928851127,0.1185232400894165,0.09468379952013492,0.06987405344843864,0.05113201905041933,0.0,0.05639693532139063,0.07783356010913849,0.10230398923158646,0.12465981766581535,0.14838608279824256,0.17835559472441673,0.208438478410244,0.2340059131383896,0.2569225259125233,0.2863718718290329,0.3159665778279305,0.3366693288087845,0.3626935318112373,0.39130759686231614,0.4101594612002373,0.4307059243321419,0.4537125438451767,0.48261149078607557,0.5033705979585648,0.5213409021496773,0.5442424088716507,0.5683611541986465,0.5877710312604905,0.6091840595006943,0.6335591107606888,0.6548318833112716,0.671250730752945,0.6926272094249726,0.7170495688915253,0.73484465777874,0.7525784701108933,0.7673799484968186,0.7889071792364121,0.8033244907855988,0.8227044552564621,0.8387244582176209,0.8562957376241684,0.870502695441246,0.8857400447130204,0.9037292808294296,0.9174104690551758,0.9293406248092652,0.9442141950130463,0.9585832774639129,0.9747538983821868,0.9903615176677704,1.0012489795684814,1.0132313281297685,1.0236875891685486,1.036950308084488,1.0444342076778412,1.055278378725052,1.0641463458538056,1.0754440248012542,1.0854030072689056,1.0951774060726165,1.10491201877594,1.1123512983322144,1.1220789670944213,1.1279742002487183,1.1366869986057282,1.14486004114151,1.1522930324077607,1.1579569339752198,1.1650948643684387,1.1720633685588837,1.1781746447086334,1.1811559796333313,1.1881025910377503,1.1938580751419068,1.1988068401813508,1.2035638749599458,1.2095365703105927,1.2127211332321166,1.2185575485229492,1.2221632778644562,1.2254784822463989,1.2293100535869599,1.2329268634319306,1.2364857017993927,1.2394694089889526,1.2434807002544404,1.2465147614479064,1.2496143639087678,1.2538473308086395,1.2564465284347535,1.2591803431510926,1.2624200582504272,1.2650657773017884,1.2666333138942718,1.2694322884082794,1.271552836894989,1.2736836075782776,1.2765088617801665,1.2778197944164276,1.280938720703125,1.2825412571430206,1.2836929500102996,1.2843208491802216,1.2881945550441742,1.2906322181224823,1.290952479839325,1.2921474039554597,1.2929627776145936,1.2949796915054321,1.2968659043312072,1.2971887290477753,1.2994336307048797,1.3003598392009734,1.3015300989151002,1.3032572388648986,1.3036229074001313,1.3044879913330079,1.3054323971271515,1.3076505064964294,1.3078919887542724,1.3097826182842254,1.3096609950065612,1.3105564296245575,1.311831957101822,1.3119644582271577,1.3128329813480377,1.3141953587532043,1.314495587348938,1.31531223654747,1.316663134098053,1.3166791915893554,1.3171683430671692,1.319116735458374,1.3185693562030791,1.3202639758586883,1.3205596268177033,1.320254909992218,1.320836216211319,1.3223323583602906,1.3231982111930847,1.323961091041565,1.3237162709236145,1.3238093495368957,1.3245968520641327,1.3258996844291686,1.3252873063087462,1.3262615621089935,1.32724769115448,1.3285213232040405,1.3313543796539307
t_145,0.995087879896164,0.9835688322782516,0.9858066320419312,0.9767590522766113,0.9696955531835556,0.9631430774927139,0.9481046885251999,0.9349816232919693,0.9195166379213333,0.9128508508205414,0.899809330701828,0.8859824031591416,0.8820725739002228,0.8640196353197098,0.856437286734581,0.8369112223386764,0.8209132194519043,0.8006599873304368,0.7922406911849975,0.7732598274946213,0.753624540567398,0.7445316195487977,0.7274746567010879,0.7065487563610077,0.6896444976329803,0.6769726723432541,0.662961620092392,0.6371200025081635,0.6213111817836762,0.603315556049347,0.5779035031795502,0.5647423535585403,0.5416017472743988,0.5222988665103913,0.49708560705184934,0.4715292051434517,0.45905636101961134,0.43128145933151246,0.4140288695693016,0.39149004966020584,0.37271887362003325,0.3440271854400635,0.31913854032754896,0.3060854822397232,0.27201137393713,0.2523721754550934,0.22630343735218048,0.20148673355579377,0.17080431059002876,0.1475303016602993,0.12236792445182801,0.09518240839242935,0.0725214246660471,0.05639693532139063,0.0,0.05495482347905636,0.07609936073422433,0.09685511365532876,0.12111923173069954,0.148722792416811,0.17860740646719933,0.20419191494584082,0.2277531683444977,0.25745182707905767,0.28654674589633944,0.308240769803524,0.33484506905078887,0.3631743386387825,0.3827286511659622,0.403391495347023,0.42688492238521575,0.4560672089457512,0.4776828169822693,0.4958370983600616,0.5190670490264893,0.543604776263237,0.5634741395711899,0.5853078752756119,0.6101911187171936,0.6320125460624695,0.6488976597785949,0.6710043311119079,0.6957360655069351,0.7140853792428971,0.7322246253490448,0.7471802115440369,0.7695414841175079,0.7841382205486298,0.8040840804576874,0.8203892827033996,0.8385894924402237,0.8529232859611511,0.8686105877161026,0.887308058142662,0.9011803925037384,0.913357013463974,0.92865492105484,0.9433853983879089,0.9600252449512482,0.976028349995613,0.9873661398887634,0.9995018035173416,1.0102898061275483,1.0240720450878142,1.031749564409256,1.0428018271923065,1.0519294321537018,1.0635084211826324,1.073748803138733,1.083844745159149,1.0939317643642426,1.1015165209770204,1.111567533016205,1.1175717890262604,1.1265540063381194,1.1349569499492644,1.1425838351249695,1.1483880162239075,1.1557068288326264,1.1629253506660462,1.1691766560077668,1.1723313868045806,1.1795146405696868,1.1853617310523987,1.1904282689094543,1.195335566997528,1.2016189217567443,1.2048923552036286,1.210818612575531,1.214539361000061,1.2179409205913543,1.2219389021396636,1.2256022930145263,1.2292808890342712,1.23237002491951,1.236515510082245,1.2396596550941468,1.2428411781787871,1.2472273409366608,1.249845314025879,1.2526702165603638,1.2560095608234405,1.2587174415588378,1.2603310346603394,1.263278490304947,1.2654060006141663,1.267661714553833,1.2705420434474946,1.2719309151172637,1.2751894354820252,1.2767781019210815,1.277999073266983,1.2786685883998872,1.2826370000839233,1.2851930856704712,1.2854735672473907,1.286728185415268,1.2876067161560059,1.289648962020874,1.2916008532047272,1.291975724697113,1.294258314371109,1.29521484375,1.2964356184005736,1.298216301202774,1.2986447930335998,1.2995592594146728,1.3004973351955413,1.3027798056602478,1.3030435621738434,1.3049660563468932,1.3048855066299438,1.3058353960514069,1.3071530342102051,1.3072924792766571,1.3081904888153075,1.309611791372299,1.309906506538391,1.3107453882694244,1.3121255397796632,1.3122144281864165,1.3127063274383546,1.3146696150302888,1.3141706168651581,1.3158842265605926,1.3162104427814483,1.3159076511859893,1.3165386497974396,1.3180796027183532,1.3189736783504487,1.3197818219661712,1.3195316672325135,1.319627583026886,1.3204604804515838,1.3217988073825837,1.3211938083171844,1.3222013235092163,1.3232524752616883,1.324535596370697,1.327290451526642
t_144,1.0064856469631196,0.9952568948268891,0.9975204229354858,0.9887014716863632,0.9817939519882202,0.9754564076662063,0.9607762306928634,0.9479725211858749,0.9328952908515931,0.9264342039823532,0.9137158751487732,0.900220975279808,0.896490553021431,0.8789447695016861,0.8716262608766556,0.8525933742523193,0.8370264679193496,0.8173161417245864,0.8091628283262253,0.7907441794872284,0.7716311305761338,0.7628125280141831,0.7462622702121735,0.7258960634469986,0.7094764769077301,0.6971770375967026,0.6835345804691315,0.658396577835083,0.6429866701364517,0.6254647612571717,0.6007827073335648,0.5879054009914398,0.5652896761894226,0.5465180009603501,0.5218542635440826,0.49679411202669144,0.48458097875118256,0.45735574811697005,0.44044801145792006,0.418298302590847,0.39977490305900576,0.3715864598751068,0.3469447553157806,0.33416243344545365,0.3005218356847763,0.28101578950881956,0.25498031452298164,0.23060146793723107,0.1996437653899193,0.17648380026221275,0.1514637865126133,0.12351116016507149,0.09937548004090786,0.07783356010913849,0.05495482347905636,0.0,0.057064626924693586,0.07333027869462967,0.09492057152092456,0.12184959687292576,0.1512770488858223,0.1766202211380005,0.20018161088228226,0.2299622565507889,0.25914657264947893,0.28095981329679487,0.30770509093999865,0.3366643413901329,0.35637269765138624,0.37730698585510253,0.40127927511930467,0.43082928508520124,0.4528700798749924,0.4713189572095871,0.4950772404670715,0.5200296089053154,0.540295147895813,0.5626057177782059,0.5879589557647705,0.6102689951658249,0.6274884402751922,0.6500315725803375,0.6753993481397629,0.6941422522068024,0.7127654284238816,0.7281058520078659,0.7508999556303024,0.7659277558326721,0.7863442093133927,0.8030483990907669,0.8216485649347305,0.8364729911088944,0.8525648683309555,0.8716513484716415,0.8859117865562439,0.8983806788921356,0.914178928732872,0.92928366959095,0.9462955445051193,0.9627484053373336,0.9743066459894181,0.986809253692627,0.9978466689586639,1.0120258003473281,1.0198986649513244,1.031249576807022,1.0406521320343018,1.0525497376918793,1.0630811631679535,1.0733606219291687,1.0837175309658051,1.0915268182754516,1.1018005847930907,1.1080128967761993,1.117214035987854,1.1258387863636017,1.1336830496788024,1.1396782577037812,1.147194468975067,1.154542124271393,1.1610405325889588,1.1643028557300568,1.1716237485408783,1.177692472934723,1.182875645160675,1.1879147350788117,1.1943151473999023,1.1977109491825104,1.2038069248199463,1.2076437771320343,1.2111779928207398,1.2152591049671173,1.2190408527851104,1.2228141844272613,1.2260012090206147,1.2302351415157318,1.2334556818008422,1.2367502748966217,1.2412405729293823,1.2439624309539794,1.2468444466590882,1.250267779827118,1.2530536711215974,1.2547369003295898,1.2577528059482574,1.2599547564983369,1.2622837662696837,1.2651973247528077,1.2666560232639312,1.2699834108352661,1.271673560142517,1.2729207754135132,1.2736254572868346,1.2776823341846466,1.2802868247032166,1.2806071639060974,1.2819033503532409,1.2828309297561646,1.2849163591861725,1.2869081497192383,1.2873457968235016,1.2896565318107605,1.2906408309936523,1.2919082999229432,1.2937444686889648,1.2941582381725312,1.2951075792312623,1.296090543270111,1.2984317243099213,1.2987164795398711,1.3006711542606353,1.3006048381328583,1.3015662848949432,1.3029311180114747,1.3030940115451812,1.3040320932865144,1.3054582059383393,1.3057873368263244,1.3066407501697541,1.3080675840377807,1.308143323659897,1.3086752533912658,1.3106909453868867,1.3101745963096618,1.3119288086891174,1.3122874259948731,1.312005752325058,1.312659388780594,1.314239263534546,1.3151537597179412,1.3159847199916839,1.315760040283203,1.3158816576004029,1.3167271971702577,1.318110203742981,1.317499589920044,1.3185238242149353,1.3195955872535705,1.3208978116512298,1.3237214803695678
t_143,1.0160920560359954,1.0051414757966994,1.0074313759803772,0.9988321512937546,0.9920764744281769,0.9859569728374481,0.9716557323932647,0.9591482967138291,0.9444451659917832,0.938195464015007,0.925779190659523,0.9126211196184159,0.9090405076742172,0.8920006155967712,0.8849558264017106,0.8664018034934997,0.8512902110815048,0.8320995092391967,0.8241595268249512,0.8063102751970291,0.7877284079790116,0.7791120737791062,0.7630248755216599,0.7432351142168045,0.7271972894668579,0.7152347415685654,0.702098947763443,0.6775124847888947,0.6625635653734208,0.6454641819000244,0.6214066296815872,0.6088097125291825,0.5868812203407288,0.5683664500713348,0.5442935317754746,0.5197202086448669,0.5077359080314636,0.48101206719875333,0.46445841193199155,0.4428302675485611,0.4245141983032227,0.39669906347990036,0.3725050240755081,0.35980269610881804,0.32660864293575287,0.3073633834719658,0.28158086240291597,0.2572027429938316,0.2264685720205307,0.20343581661581994,0.1781525991857052,0.14986306428909302,0.1255631059408188,0.10230398923158646,0.07609936073422433,0.057064626924693586,0.0,0.058630958944559095,0.07516892999410629,0.09516966454684735,0.1266871564090252,0.15053270161151885,0.17415432035923004,0.20314296185970307,0.23277042284607888,0.2549227483570576,0.28191337138414385,0.3107414931058884,0.33088539987802507,0.351899117231369,0.37624264806509017,0.4059782400727272,0.42872245609760284,0.4472485274076462,0.4713608846068382,0.496734257042408,0.5173642426729202,0.5400033354759216,0.565804922580719,0.5885706424713135,0.6061999320983886,0.6293029457330703,0.6549942910671234,0.6742478281259536,0.6931997984647751,0.7088091045618057,0.7322196781635284,0.7474874407052994,0.7684091597795486,0.7854383111000061,0.8045678168535233,0.8195741355419159,0.8360836982727051,0.8557605296373367,0.8702554315328598,0.8830085724592209,0.8991795063018799,0.9146417021751404,0.9320880621671677,0.9489221394062042,0.9608318269252777,0.9735606104135514,0.9849087119102478,0.9994973003864288,1.007612693309784,1.0191783785820008,1.028834980726242,1.0410233855247497,1.0517915189266205,1.0623768270015717,1.0730214893817902,1.0810265958309173,1.0915674209594726,1.0979277729988097,1.1073810338974,1.1162313997745514,1.124258142709732,1.1304363846778869,1.138131207227707,1.1456988751888275,1.1523480415344238,1.1557773172855377,1.1632887542247772,1.1694794237613677,1.1748109877109527,1.1799981355667115,1.1866136074066163,1.1901054739952088,1.1963273108005523,1.2002688944339752,1.203911018371582,1.2081272602081299,1.2119761824607849,1.215868079662323,1.2191548764705658,1.2234949588775634,1.226824736595154,1.2302055358886719,1.2348133385181428,1.2375746309757232,1.240551495552063,1.2440751910209655,1.2469245195388794,1.248668360710144,1.2517854571342468,1.2540366888046264,1.2564598262310027,1.259447944164276,1.2609801888465881,1.2644075870513916,1.2661023914813996,1.2674333691596984,1.268180114030838,1.2723139703273774,1.2750150859355927,1.275324523448944,1.2766696512699127,1.277650886774063,1.279766434431076,1.2818215131759643,1.282302987575531,1.2846485555171967,1.2856612145900725,1.2869888246059418,1.2888636648654939,1.2893280863761902,1.29031103849411,1.29132798910141,1.293716198205948,1.2940160989761353,1.2960169911384583,1.2959843218326568,1.2969892501831055,1.2983983874320983,1.2985792279243469,1.2995476722717285,1.301020050048828,1.3013601660728455,1.3022453784942627,1.303695297241211,1.3038202822208405,1.3043599367141723,1.306413048505783,1.305914044380188,1.307707953453064,1.308099228143692,1.3078184843063354,1.3085028111934662,1.310113799571991,1.311065024137497,1.3119256496429443,1.3117024719715118,1.31183220744133,1.312701052427292,1.3141249775886537,1.313529646396637,1.3145834743976592,1.315705382823944,1.3170477747917175,1.3198671638965607
t_142,1.0271960258483888,1.0165126860141753,1.018788069486618,1.0103730261325836,1.0037725031375886,0.9977905690670014,0.9838260859251022,0.9716093838214874,0.9572103708982468,0.9510793387889862,0.9389684230089188,0.9261274337768555,0.9226475477218627,0.9059866666793823,0.8991301149129868,0.8809862524271012,0.8661849707365036,0.8474567919969559,0.8397091656923295,0.822234970331192,0.8040256202220917,0.7956838935613633,0.7799281865358353,0.760493841767311,0.7447597414255143,0.7330939173698425,0.7201906651258468,0.6961564064025879,0.6814265221357345,0.6648202329874039,0.6411410361528397,0.6288623958826065,0.6070503294467926,0.5890630096197128,0.5653750270605087,0.5412176311016083,0.5294548839330673,0.5031907469034195,0.4868952751159668,0.4652480140328407,0.4474435806274414,0.42001097798347475,0.3958913281559944,0.38349678069353105,0.35067717880010607,0.331202594935894,0.3057613164186478,0.28185551762580874,0.2512476727366447,0.2282200798392296,0.2028240218758583,0.17439441978931428,0.14877064973115922,0.12465981766581535,0.09685511365532876,0.07333027869462967,0.058630958944559095,0.0,0.05213995464146137,0.07509993612766266,0.09928191229701042,0.12508510164916514,0.1469750724732876,0.17769515961408616,0.2070571795105934,0.22846953421831132,0.25561277121305465,0.28557236343622205,0.30548785626888275,0.3271281227469444,0.35178104788064957,0.38213066607713697,0.40438816994428634,0.42354167252779007,0.4482846736907959,0.4739916130900383,0.4951144590973854,0.5183730095624923,0.5445956379175186,0.5675155073404312,0.5855746269226074,0.6087525814771653,0.63534696996212,0.654730150103569,0.6740942597389221,0.6903436005115509,0.7139112025499343,0.7297133833169938,0.751028424501419,0.7687047719955444,0.7878934770822525,0.8035937011241913,0.8205079197883606,0.8402488231658936,0.8553934812545776,0.8685100227594376,0.8850813925266265,0.9009057521820069,0.9186451196670532,0.9358807235956192,0.9479002952575684,0.9611432641744614,0.9727023780345917,0.9874921768903733,0.995835331082344,1.0078116238117218,1.017744117975235,1.030253493785858,1.0412112712860107,1.051967239379883,1.0627446115016936,1.07105553150177,1.0816815853118897,1.0884016454219818,1.098014384508133,1.107059007883072,1.1153370022773743,1.1217138767242432,1.1296041309833527,1.1372648656368256,1.14415482878685,1.1476906001567841,1.1552627444267274,1.16169416308403,1.1671546339988708,1.1724715113639832,1.1790738880634308,1.18269082903862,1.1891005516052247,1.1931619048118591,1.1969596922397614,1.2012004375457763,1.205194067955017,1.2091916441917419,1.2125580430030822,1.216945117712021,1.220382386445999,1.2238666832447052,1.2285090029239654,1.2314214050769805,1.2344514310359955,1.23805330991745,1.240970903635025,1.2427994787693024,1.2459612429141997,1.2482933044433593,1.2507222175598145,1.2538282036781312,1.2554041683673858,1.2588221371173858,1.2606677412986755,1.2620046138763428,1.2628439247608185,1.266980242729187,1.2696849405765533,1.2701399147510528,1.2714906573295592,1.2725224018096923,1.2747077524662018,1.2768061339855195,1.2773092150688172,1.2797082185745239,1.280750221014023,1.2821150243282318,1.284040915966034,1.284488219022751,1.2855117559432983,1.286598813533783,1.2890055000782012,1.2893625974655152,1.2913873612880706,1.291384571790695,1.2923909723758698,1.2938201010227204,1.2940761268138885,1.2950433492660522,1.296533578634262,1.2969440400600434,1.2978439390659333,1.2993326485157013,1.299399447441101,1.300048840045929,1.3021216988563538,1.3016062140464784,1.3034469366073609,1.3038288235664368,1.303630644083023,1.304334396123886,1.3059359252452851,1.3069331169128418,1.3077868461608886,1.307638669013977,1.3078079998493195,1.3086718678474427,1.3101456940174103,1.309581458568573,1.3106641888618469,1.3117845475673675,1.3131314098834992,1.3160304307937623
t_141,1.0372829973697661,1.0268470823764801,1.0291063725948333,1.0208731710910797,1.014417153596878,1.008568251132965,0.9949042439460755,0.9829544574022293,0.9688460946083068,0.9628490239381791,0.9510053724050522,0.9384347468614578,0.9350529134273529,0.9187632173299789,0.9120796859264374,0.8943228214979172,0.8798227638006211,0.8614904284477234,0.8539126694202424,0.836804312467575,0.8189641743898392,0.810853835940361,0.795413663983345,0.7763466119766236,0.7609533458948136,0.7495371371507644,0.73682422041893,0.7133135497570038,0.6988148301839828,0.6826361805200577,0.6593776553869247,0.6473658621311188,0.6257400691509247,0.608223170042038,0.5849280267953872,0.561193722486496,0.5496341049671173,0.5238718122243882,0.5078192368149758,0.4863914653658867,0.46891473680734636,0.44189674556255343,0.4180083930492401,0.4059744879603386,0.3736589938402176,0.3541734516620636,0.3291162237524986,0.3055863380432129,0.27518531382083894,0.2526816055178642,0.22735329642891883,0.19935234561562537,0.17324576750397683,0.14838608279824256,0.12111923173069954,0.09492057152092456,0.07516892999410629,0.05213995464146137,0.0,0.06099840998649597,0.07936781086027622,0.1045064814388752,0.12476139180362225,0.1548503689467907,0.1849672496318817,0.20536964014172554,0.2322906494140625,0.26324217617511747,0.28267253935337067,0.30479154288768767,0.3296873912215233,0.3604542911052704,0.3823050245642662,0.4019534558057785,0.4271854430437088,0.4532605916261673,0.47469222843647,0.4985174611210823,0.5250196948647499,0.5481804102659226,0.5664683908224106,0.5897911131381989,0.6171373814344406,0.6366674929857254,0.6565228581428528,0.6731809049844741,0.6969505757093429,0.713217893242836,0.7348364949226379,0.7530826419591904,0.772374501824379,0.7886613547801972,0.8059626966714859,0.8257733076810837,0.8414580672979355,0.854920157790184,0.8718186169862747,0.8879810512065888,0.9060427069664001,0.9236602365970612,0.9357763648033142,0.949498200416565,0.9612543016672135,0.9762633502483368,0.9848061323165893,0.9971476674079895,1.007347160577774,1.0201104789972306,1.0312894582748413,1.0422345578670502,1.0531269490718842,1.061766618490219,1.072454172372818,1.0794911205768585,1.0892627954483032,1.0985070168972015,1.1070205509662627,1.1135835886001586,1.1216421484947205,1.1294055998325347,1.136531364917755,1.1401467382907868,1.1478162169456483,1.154479306936264,1.1600693702697753,1.1654769897460937,1.172128587961197,1.1758456885814668,1.1824403047561645,1.186609697341919,1.1905607223510741,1.1948346197605133,1.1989677369594574,1.2030311822891235,1.2064909875392913,1.2109341681003571,1.2144568800926208,1.2180500388145448,1.222742247581482,1.2257730841636658,1.2288651049137116,1.2325386881828309,1.235530173778534,1.2374243259429931,1.2406165242195129,1.2430365324020385,1.2454995393753052,1.2487073302268983,1.2503251791000367,1.2537434339523315,1.2557265758514404,1.2570665895938873,1.2579859137535094,1.2621326327323914,1.2648867964744568,1.2654246985912323,1.2667865037918091,1.267872965335846,1.2701156616210938,1.2722653985023498,1.2727878630161285,1.275227826833725,1.2762954950332641,1.2777133882045746,1.2796814382076263,1.280093687772751,1.2811495959758759,1.282306867837906,1.2847528994083404,1.2851355433464051,1.2872018694877625,1.2872136116027832,1.2882287323474884,1.2896798193454742,1.289983081817627,1.2909672439098359,1.2924835920333861,1.2929258227348328,1.293849730491638,1.2953735888004303,1.295402717590332,1.2961260616779327,1.2982202291488647,1.297691035270691,1.299575650691986,1.2999697923660278,1.2998262763023376,1.3005389511585235,1.3021638870239258,1.3031927943229675,1.3040494918823242,1.3039716243743897,1.3041452407836913,1.305020385980606,1.3065633654594422,1.3060166835784912,1.307122927904129,1.3082537591457366,1.3096318364143371,1.3125798046588897
t_140,1.0438344299793243,1.0336897373199463,1.0360245645046233,1.0280236065387727,1.0217226266860961,1.0161745488643645,1.0028989374637605,0.9912324398756027,0.9775690972805023,0.9718551784753799,0.9603173822164536,0.9480991899967194,0.9449300855398178,0.9292163729667664,0.9229048877954483,0.9056516647338867,0.8917206257581711,0.8739726662635803,0.8666423678398132,0.8502517610788345,0.8330786645412445,0.8251296311616898,0.8102947801351548,0.791981753706932,0.7770326286554337,0.7660218626260757,0.7540622591972351,0.7311205565929413,0.7173229575157165,0.7015068739652633,0.6791508227586747,0.6674004316329956,0.6470388531684875,0.6295805096626281,0.6071093052625656,0.5839512944221497,0.5727226674556732,0.5474456459283829,0.5319225907325744,0.51140346378088,0.49401598870754243,0.46749405562877655,0.4444791376590729,0.432321834564209,0.40044559687376025,0.3817761570215225,0.35694593340158465,0.33334639966487883,0.30347633808851243,0.2809263810515404,0.25578705593943596,0.2274177424609661,0.20223162770271302,0.17835559472441673,0.148722792416811,0.12184959687292576,0.09516966454684735,0.07509993612766266,0.06099840998649597,0.0,0.06072686742991209,0.07721606157720089,0.09857890233397484,0.12564598098397256,0.1543259985744953,0.17653896287083626,0.2040308140218258,0.23305172696709633,0.25401362031698227,0.27549427151679995,0.30074368566274645,0.3313215360045433,0.35521759539842607,0.3743581086397171,0.399607914686203,0.4260197728872299,0.4478276327252388,0.47170084714889526,0.4987760230898857,0.5226518139243126,0.5415138185024262,0.5659180343151092,0.5929904043674469,0.6134267449378967,0.6334947258234024,0.6501622706651687,0.6750815391540528,0.6913239896297455,0.7136708348989487,0.731911838054657,0.7522618412971497,0.7682818859815598,0.7860430926084518,0.8070717453956604,0.8226624071598053,0.8363006234169006,0.853692376613617,0.8702304571866989,0.8888897359371185,0.9068909972906113,0.9197037488222122,0.9333744943141937,0.945559275150299,0.961296433210373,0.9701029807329178,0.9825018346309662,0.9929853796958923,1.0060661733150482,1.0175857216119766,1.0289581418037415,1.040385663509369,1.0490745544433593,1.0603122234344482,1.0673268735408783,1.0774910628795624,1.0870209813117981,1.095691406726837,1.1024029016494752,1.1106628000736236,1.118816751241684,1.126015406847,1.129901123046875,1.1379010736942292,1.144580227136612,1.150326919555664,1.1559550702571868,1.1630927264690398,1.1669088363647462,1.1735636591911316,1.177836036682129,1.1818408727645875,1.1863783597946167,1.1905352413654327,1.1947406649589538,1.1983600080013275,1.2029742300510406,1.2066280007362367,1.2102858424186707,1.2152091324329377,1.2182192027568817,1.2214309990406036,1.2252424776554107,1.2283030450344086,1.2302403271198272,1.233637672662735,1.2360597014427186,1.2387018024921417,1.2419143438339233,1.24366095662117,1.2473108172416687,1.249170458316803,1.250673246383667,1.2515742540359498,1.2559076964855194,1.2588154673576355,1.2592463672161103,1.2607045710086822,1.2618458986282348,1.2640963256359101,1.2663009762763977,1.2669147431850434,1.2694068551063538,1.270507001876831,1.2719768226146697,1.2740063667297363,1.2745432913303376,1.275642168521881,1.2767710149288178,1.2793002605438233,1.2796931982040405,1.281813496351242,1.2818699300289154,1.2829559862613678,1.2844769060611725,1.2847665190696715,1.285806655883789,1.2873829782009125,1.287805163860321,1.28876993060112,1.2903190553188324,1.2904947578907013,1.2911536276340485,1.2932867407798767,1.2928478598594666,1.2947459757328033,1.2952225804328918,1.295016586780548,1.2958092987537384,1.297508418560028,1.298537939786911,1.2994945108890534,1.2993411302566529,1.299536943435669,1.3004701733589172,1.3020262837409973,1.3015011548995972,1.3026260137557983,1.3038565039634704,1.3052661001682282,1.3080837905406952
t_139,1.056774765253067,1.0469508469104767,1.049263745546341,1.0414794564247132,1.0353569209575653,1.0299734592437744,1.0170727252960206,1.0057442516088486,0.9924225836992264,0.9868693590164185,0.9756814002990722,0.9638010114431381,0.9607416659593582,0.9454925656318665,0.9394045144319534,0.9226176500320434,0.9090615808963776,0.8918383210897446,0.8847244709730149,0.8687541157007217,0.8520412087440491,0.8443840950727463,0.8299291759729386,0.8120613276958466,0.7975008249282837,0.7868268638849258,0.7751248151063919,0.7528254687786102,0.7393042534589768,0.7240220844745636,0.7021591752767563,0.6907538145780563,0.6706419318914414,0.6537342965602875,0.6317224949598312,0.6091081410646438,0.5981548011302948,0.573468005657196,0.5582175403833389,0.5378853768110275,0.5210068315267563,0.4949753701686859,0.47225010544061663,0.4604760974645615,0.4290924906730652,0.4103776544332504,0.3859937131404877,0.36295547485351565,0.33352953046560285,0.3113028287887573,0.28627731949090957,0.25838983952999117,0.23247627690434455,0.208438478410244,0.17860740646719933,0.1512770488858223,0.1266871564090252,0.09928191229701042,0.07936781086027622,0.06072686742991209,0.0,0.05682240072637797,0.06807845421135425,0.09734639003872872,0.12359279245138169,0.14491588175296782,0.1726846918463707,0.2028503581881523,0.22320341765880586,0.2455550864338875,0.27120246440172197,0.30196438282728194,0.3252593830227852,0.34520253241062165,0.37117991000413897,0.39788963049650194,0.4202728793025017,0.44498561024665834,0.472343847155571,0.49642265737056734,0.5156535387039185,0.5402313441038131,0.568330830335617,0.5889504551887512,0.6096666038036347,0.6269375115633011,0.6521373391151428,0.6690197765827179,0.6917932033538818,0.7108235955238342,0.7312749147415161,0.7481051474809647,0.7664295405149459,0.7875278323888779,0.8038781732320786,0.8179743319749833,0.8357941776514053,0.8527723699808121,0.8718281149864197,0.8903194606304169,0.9032854348421097,0.9176150470972061,0.9300669997930526,0.9460604369640351,0.9551542818546295,0.9680355966091156,0.9788828521966935,0.9923234224319458,1.0041082739830016,1.0157239973545074,1.0273111701011657,1.0364126682281494,1.0477273344993592,1.0551871716976167,1.0655233263969421,1.075315886735916,1.0842955470085145,1.0912582576274872,1.0997531831264495,1.108021503686905,1.115535455942154,1.1195226669311524,1.1276403844356537,1.1346227884292603,1.140521341562271,1.1462979078292848,1.1534396946430205,1.15742227435112,1.1643055081367493,1.1687427163124084,1.1729473531246186,1.1775307059288025,1.1818672299385071,1.1861922562122345,1.1899234473705291,1.1946305096149445,1.1984036087989807,1.2021958589553834,1.2071721136569977,1.210365629196167,1.2136423528194427,1.217553836107254,1.2207102954387665,1.2227636933326722,1.2261968910694123,1.2287328600883485,1.2314117014408112,1.2347704410552978,1.2365584790706634,1.240204006433487,1.2422540009021759,1.2437704801559448,1.244795173406601,1.2491279363632202,1.2520675778388977,1.252642673254013,1.2541241288185119,1.2553468704223634,1.257671171426773,1.2599416553974152,1.260593432188034,1.2631446957588195,1.2642841398715974,1.2658189117908478,1.2678955614566803,1.2684166610240937,1.2695757269859314,1.2707924485206603,1.2733524322509766,1.2738059997558593,1.2759621441364288,1.2760663211345673,1.2771649718284608,1.2787192940711976,1.2790953159332275,1.2801397323608399,1.2817540228366853,1.282255518436432,1.2832297444343568,1.28483949303627,1.2849770545959474,1.2857447981834411,1.2878933012485505,1.2874412000179292,1.2893998503684998,1.2898763358592986,1.2897473990917205,1.290553092956543,1.2922746300697328,1.2933545649051665,1.2943020582199096,1.2942443132400512,1.2944778323173523,1.2954054415225982,1.29703249335289,1.2965349555015564,1.2976925849914551,1.2989305317401887,1.300363039970398,1.303288596868515
t_138,1.0644167304039,1.054811453819275,1.0571608006954194,1.0495478153228759,1.043558031320572,1.0383539140224456,1.0257798790931703,1.0146988868713378,1.001707026362419,0.9963324189186096,0.985407155752182,0.9738161236047744,0.970882025361061,0.9560542851686478,0.9501955837011338,0.9338431656360626,0.9206566929817199,0.9038883686065674,0.8969901978969574,0.8815231144428253,0.8653007298707962,0.8578182578086853,0.8438058197498322,0.826469686627388,0.81222605407238,0.8018672108650208,0.7906651645898819,0.76888867020607,0.7557766616344452,0.7408590734004974,0.7196060538291931,0.7084475189447403,0.6889710575342178,0.6723536878824234,0.6509233444929123,0.6288254410028458,0.6179595053195953,0.5938711196184159,0.5789934664964675,0.5592444509267807,0.5425124406814575,0.5168549656867981,0.4947430193424225,0.4829245686531067,0.4522038698196411,0.4336808994412422,0.40969514548778535,0.38672185242176055,0.3578545019030571,0.33574911803007124,0.3106360509991646,0.28293598294258115,0.25777511671185493,0.2340059131383896,0.20419191494584082,0.1766202211380005,0.15053270161151885,0.12508510164916514,0.1045064814388752,0.07721606157720089,0.05682240072637797,0.0,0.05428262352943421,0.07744891010224819,0.1006196066737175,0.1218484565615654,0.14841430112719536,0.17675049901008605,0.19856081232428552,0.220095244795084,0.24572609588503838,0.2769612595438957,0.3011054292321205,0.321068674325943,0.3470906063914299,0.3740033686161041,0.39652990698814394,0.42125804126262667,0.44927009791135786,0.47392082065343855,0.4935759961605072,0.5188312813639641,0.5469756096601486,0.5680910050868988,0.5890445202589035,0.6064513146877288,0.632429638504982,0.6494438350200653,0.6727353483438492,0.6919286757707596,0.7130098611116409,0.7299415856599808,0.748612231016159,0.7704435765743256,0.7869090765714646,0.8012168049812317,0.8194578289985657,0.8367872893810272,0.8562265872955322,0.8751290202140808,0.888563621044159,0.9029711782932281,0.9157433688640595,0.9322301357984543,0.9415827035903931,0.9546195149421692,0.9657121866941452,0.9794895380735398,0.9914932817220687,1.0034412562847137,1.0153584778308868,1.0246443510055543,1.036305433511734,1.0438231885433198,1.0544762849807738,1.064531546831131,1.0736592769622804,1.0808100402355194,1.0894954800605774,1.098020112514496,1.1056571900844574,1.1098197102546692,1.118179702758789,1.1252557575702666,1.1313226103782654,1.1372304618358613,1.1446449160575867,1.1487490832805634,1.1557055950164794,1.1602566421031952,1.1645624876022338,1.1693183422088622,1.1737205326557159,1.1781856000423432,1.182028990983963,1.1868358612060548,1.190729296207428,1.1946216583251954,1.199744176864624,1.2029636323451995,1.2063401222229004,1.210347330570221,1.213584738969803,1.2156948447227478,1.2192837178707123,1.2218488216400147,1.2246532022953034,1.228016722202301,1.2299040973186492,1.2337036967277526,1.2357317566871644,1.2373540699481964,1.2383955657482146,1.242855042219162,1.2458608269691467,1.2464288592338562,1.2480096399784089,1.2492741167545318,1.251634120941162,1.253949862718582,1.2546757102012633,1.2572525024414063,1.2584298968315124,1.2600265860557556,1.2621558010578156,1.2627535223960877,1.2639419674873351,1.2651786625385284,1.267791783809662,1.2682840943336486,1.2704600811004638,1.2706112086772918,1.2717533171176911,1.2733723998069764,1.2737388789653779,1.2748445391654968,1.2764668405055999,1.2770012438297271,1.2780063092708587,1.2796395361423492,1.2798635005950927,1.2806384325027467,1.2828268229961395,1.2823959469795227,1.2844106376171112,1.2849433660507201,1.2848002791404725,1.285672265291214,1.2874207556247712,1.2885454952716828,1.2895318984985351,1.289472633600235,1.2897444427013398,1.2907089710235595,1.2923660278320312,1.2918912410736083,1.293107259273529,1.2944062769412994,1.2958675503730774,1.2988023936748505
t_137,1.0740574836730956,1.0647115170955659,1.0670343279838561,1.0596008837223052,1.0537490010261537,1.048672044277191,1.0363856196403503,1.025567066669464,1.0128465235233306,1.007592076063156,0.9969336718320847,0.9856081604957581,0.9827530145645141,0.9682740569114685,0.9625878959894181,0.9465840041637421,0.9336592733860016,0.9172813475131989,0.9105214267969132,0.8953876316547393,0.8794888317584991,0.872213426232338,0.8584756344556809,0.8414555788040161,0.8275214672088623,0.8173696458339691,0.8063322097063065,0.7850191861391067,0.7720996469259263,0.7575625479221344,0.736682939529419,0.7257397711277008,0.7064973562955856,0.6902606159448623,0.6691806226968765,0.647438257932663,0.6368465781211853,0.6131531119346618,0.5984707355499268,0.578906062245369,0.5625357538461685,0.5373060137033463,0.5153642818331718,0.5038366571068764,0.47351059019565583,0.4551274448633194,0.43138219267129896,0.40886702984571455,0.38034420907497407,0.35854357331991193,0.33371437042951585,0.30632824301719663,0.28094973862171174,0.2569225259125233,0.2277531683444977,0.20018161088228226,0.17415432035923004,0.1469750724732876,0.12476139180362225,0.09857890233397484,0.06807845421135425,0.05428262352943421,0.0,0.05929554514586925,0.0790889523923397,0.09780540615320206,0.12476018704473972,0.15444959923624993,0.17483572214841842,0.19693222343921662,0.22315613627433778,0.2538700133562088,0.2776890143752098,0.2978422850370407,0.32450074702501297,0.35181785225868223,0.3748413652181625,0.4000596761703491,0.4282437011599541,0.4529870882630348,0.47282083332538605,0.4981404945254326,0.5271803602576256,0.5484445273876191,0.5698173552751541,0.5878288090229035,0.6139059633016586,0.6314360976219178,0.655062410235405,0.674940612912178,0.6960990875959396,0.7136512339115143,0.7327698588371276,0.7546442478895188,0.7717589318752289,0.7864209830760955,0.8049824923276901,0.8226845443248749,0.8424990326166153,0.8617888003587723,0.8752881675958634,0.8902905732393265,0.9032670676708221,0.9199436128139495,0.9295247524976731,0.9429969519376755,0.9543976008892059,0.9684463798999786,0.9806708306074142,0.9928427904844284,1.0048835098743438,1.0145032733678818,1.0262468099594115,1.034115493297577,1.0449183881282806,1.055204439163208,1.064580112695694,1.071945494413376,1.0808029890060424,1.0894442975521088,1.0973259210586548,1.1015965521335602,1.110023695230484,1.11734419465065,1.123536503314972,1.1295825719833374,1.1370106101036073,1.1412530958652496,1.1484166443347932,1.1530967235565186,1.1575650036334992,1.1623501181602478,1.1668959200382232,1.1714698851108551,1.175404578447342,1.1802708685398102,1.1842698335647583,1.1882691919803618,1.193445634841919,1.1968102633953095,1.2002634406089783,1.2043467879295349,1.2076561629772187,1.2098555326461793,1.2134730160236358,1.2161311745643615,1.2189623713493347,1.222458153963089,1.2243840456008912,1.2281616568565368,1.230357015132904,1.2319916427135467,1.2331206142902373,1.2375769555568694,1.240616148710251,1.2413100719451904,1.24289813041687,1.24420884847641,1.246631246805191,1.2489953219890595,1.2497444868087768,1.2523794054985047,1.2535738825798035,1.2552223265171052,1.2573887050151824,1.2579637885093689,1.2592067301273346,1.2605169892311097,1.2631670594215394,1.263689512014389,1.2659117221832275,1.2660987019538879,1.267247837781906,1.2688790619373322,1.2693043231964112,1.2704326272010804,1.2720817387104035,1.2726782858371735,1.2736995816230774,1.275375282764435,1.2755560517311095,1.2764147758483886,1.2786238551139832,1.2781886875629425,1.280248910188675,1.2807720243930816,1.2807017385959625,1.281585967540741,1.2833433985710143,1.2845064580440522,1.2854995667934417,1.2855134189128876,1.2858071029186249,1.2867689609527588,1.288505244255066,1.2880368947982788,1.2892765045166015,1.2905629336833955,1.2920453369617462,1.2950592458248138
t_136,1.0837842404842377,1.0747103810310363,1.0770526230335236,1.0698248624801636,1.064128041267395,1.0592512845993043,1.047325724363327,1.0367977142333984,1.0244403541088105,1.0193734765052795,1.0090078294277192,0.9979944199323654,0.995275866985321,0.9812551945447922,0.9758052229881287,0.9602387994527817,0.9477205365896225,0.931844699382782,0.9252782315015793,0.9106440991163254,0.8952368825674057,0.8881653130054474,0.8748346179723739,0.8583236664533616,0.8447505295276642,0.8349192261695861,0.8243074446916581,0.8035074681043625,0.7909942537546157,0.7768653452396392,0.7565463602542877,0.7458920240402221,0.7272632747888566,0.7113391637802124,0.6908270418643951,0.6696026057004929,0.6592701554298401,0.6360961407423019,0.6218053221702575,0.6027366995811463,0.5866641789674759,0.5619278579950333,0.5405030518770217,0.529213884472847,0.4994591772556305,0.4814631760120392,0.4581753596663475,0.4359514206647873,0.4079431131482124,0.3865184098482132,0.3620889768004417,0.33496959060430526,0.30991854071617125,0.2863718718290329,0.25745182707905767,0.2299622565507889,0.20314296185970307,0.17769515961408616,0.1548503689467907,0.12564598098397256,0.09734639003872872,0.07744891010224819,0.05929554514586925,0.0,0.06230530198663473,0.07539440840482711,0.09874461330473423,0.12731140553951265,0.14752855598926545,0.1686631679534912,0.19488316103816034,0.2254453182220459,0.2498645529150963,0.2699296772480011,0.29682025164365766,0.32437766790390016,0.34763066172599794,0.37311623990535736,0.4016683727502823,0.4268209204077721,0.4471016228199005,0.472988997399807,0.5022561445832252,0.5240503028035164,0.5457757234573364,0.5641207426786423,0.5908170014619827,0.608634090423584,0.6328045189380646,0.6530818551778793,0.6748132228851318,0.6926102012395858,0.7121896266937255,0.734683221578598,0.7521164864301682,0.7671305447816849,0.7861360132694244,0.8042302697896957,0.8245503336191178,0.8442670732736588,0.8581606805324554,0.8735050439834595,0.8868312239646912,0.9039805799722671,0.9138504236936569,0.9276383519172668,0.9393569558858872,0.9537379831075669,0.9662670522928238,0.9788015097379684,0.9911697030067443,1.0010844349861145,1.013102838397026,1.0212129443883895,1.0322928488254548,1.0428589046001435,1.0524893164634705,1.0600732445716858,1.0691332161426543,1.0780466854572297,1.0861333847045898,1.090582650899887,1.0992732346057892,1.106762319803238,1.1131185233592986,1.1193451106548309,1.1270273685455323,1.1314006984233855,1.1387337505817414,1.1435491561889648,1.1481652438640595,1.1531087577342987,1.1577692687511445,1.1624770939350129,1.1665417969226837,1.1715587973594666,1.175701028108597,1.1798186719417572,1.1851358473300935,1.1885785341262818,1.1921521961688994,1.1963363409042358,1.1997384905815125,1.2020087897777558,1.2057577669620514,1.2084839284420013,1.2114242315292358,1.215014433860779,1.2170388579368592,1.2209071516990662,1.2231509983539581,1.2248692274093629,1.226060402393341,1.2306030690670013,1.2337468445301056,1.2344672620296477,1.236113429069519,1.2375037670135498,1.2399700999259948,1.2424008905887605,1.243211215734482,1.2459022879600525,1.247136914730072,1.2488526821136474,1.251084989309311,1.2516884207725525,1.2529881179332734,1.2543408572673798,1.2570647656917573,1.25759659409523,1.259884375333786,1.2601149201393127,1.2613018810749055,1.2629914283752441,1.2634563446044922,1.264609944820404,1.266329389810562,1.2669459760189057,1.2680108666419982,1.2697374761104583,1.2699486315250397,1.2708561778068543,1.2730882823467256,1.2726972818374633,1.274799460172653,1.2753542840480805,1.2753124952316284,1.2762385308742523,1.2780446887016297,1.279233992099762,1.2802660286426544,1.2803130745887756,1.280628603696823,1.2816341042518615,1.283406537771225,1.2829689979553223,1.2842374384403228,1.2855803430080415,1.2871007680892945,1.2901021242141724
t_135,1.0930154979228974,1.0842030823230744,1.0865518152713776,1.079543000459671,1.0739961802959441,1.06933953166008,1.0577576994895934,1.0475095689296723,1.03553826212883,1.0306765139102936,1.0206060528755188,1.0099250316619872,1.0073591828346253,0.9938044488430023,0.988598108291626,0.9734929472208023,0.9614437550306321,0.9460257172584534,0.939701709151268,0.9256058603525161,0.9107294201850891,0.9038566619157791,0.8910091131925583,0.8750813186168671,0.8619370609521866,0.8524522542953491,0.8422783613204956,0.8220734089612961,0.8100558876991272,0.796292069554329,0.7766555964946746,0.7662949889898301,0.7483607858419419,0.732780608534813,0.7128466665744781,0.6921797603368759,0.6821356624364853,0.6595037996768951,0.6455726712942124,0.6270640850067138,0.6112931817770004,0.5870860189199447,0.5662039250135422,0.5550714582204819,0.5257771611213684,0.5083195105195045,0.48543375730514526,0.46349077820777895,0.4358046427369118,0.4146158128976822,0.39053898900747297,0.36367733478546144,0.3389871880412102,0.3159665778279305,0.28654674589633944,0.25914657264947893,0.23277042284607888,0.2070571795105934,0.1849672496318817,0.1543259985744953,0.12359279245138169,0.1006196066737175,0.0790889523923397,0.06230530198663473,0.0,0.053293751552700996,0.07540926858782768,0.09816134087741375,0.11911757998168468,0.13948503285646438,0.1661016508936882,0.19577426910400392,0.22156402915716172,0.2411486342549324,0.2681629449129105,0.2956017583608627,0.31943425089120864,0.34535133838653564,0.37417482435703275,0.3998851001262665,0.42067799270153045,0.44732093065977097,0.4768063649535179,0.49921807199716567,0.5214687064290047,0.5398648083209991,0.5675123035907745,0.5855594605207444,0.6104420989751815,0.630951601266861,0.6534309715032578,0.6714496076107025,0.6915966987609863,0.714929461479187,0.73259536921978,0.7478983521461486,0.767521396279335,0.7860684722661972,0.8068698763847351,0.8271037995815277,0.8415569454431534,0.8571022093296051,0.8708157181739807,0.8886363983154297,0.8987617403268814,0.9127834588289261,0.9248486787080765,0.9396013915538788,0.9525241911411285,0.9653698474168777,0.978231680393219,0.9883175641298294,1.0007668673992156,1.009040716290474,1.0204609096050263,1.0312900841236115,1.0411979615688325,1.0489254593849182,1.058269774913788,1.0674390077590943,1.0757486820220947,1.080407303571701,1.089352011680603,1.0969926714897156,1.1035053968429565,1.1099091112613677,1.1179552853107453,1.1224238216876983,1.1298938155174256,1.1348588943481446,1.1395860195159913,1.1447204113006593,1.1494312942028047,1.1543089151382446,1.158508539199829,1.16368510723114,1.1679552793502808,1.1721733152866363,1.1776640295982361,1.1811458766460419,1.184824401140213,1.1891701459884643,1.192634755373001,1.1949862718582154,1.1988585770130158,1.2016374111175536,1.204717606306076,1.2083683788776398,1.2104876577854156,1.2145159900188447,1.216756683588028,1.2185704946517943,1.2198027670383453,1.2244634628295898,1.2277338206768036,1.2284289360046388,1.23013596534729,1.2315856039524078,1.2340933561325074,1.2365980684757232,1.2374704480171204,1.2402245461940766,1.241496640443802,1.2432534992694855,1.2455664694309234,1.2462146520614623,1.247573012113571,1.2489328145980836,1.251730877161026,1.2523059606552125,1.25461745262146,1.254893857240677,1.2561326980590821,1.257871413230896,1.2583813846111298,1.2595594704151154,1.2613276243209839,1.2619540393352509,1.2630491375923156,1.2648255944252014,1.2650979697704314,1.2660044729709625,1.2682932257652282,1.2679337441921235,1.2700638830661775,1.2706577718257903,1.27062446475029,1.27158425450325,1.2734694957733155,1.2746853411197663,1.2757684409618377,1.2758035778999328,1.276121824979782,1.2771758913993836,1.279002422094345,1.2785642445087433,1.2798623442649841,1.2812917232513428,1.282825416326523,1.2857655882835388
t_134,1.10081787109375,1.0922273516654968,1.0945478200912475,1.0876771986484528,1.0822437047958373,1.0776785850524901,1.0663505136966704,1.0563161730766297,1.044556015729904,1.0397781431674957,1.0299224972724914,1.0194644033908844,1.0169561088085175,1.0036800116300584,0.9986035108566285,0.983791846036911,0.9719463586807251,0.956867465376854,0.9506650328636169,0.9368382811546325,0.922225558757782,0.9155508667230606,0.9029400974512101,0.8872442424297333,0.8743481248617172,0.8650483042001724,0.8550109565258026,0.8352262824773788,0.8233526170253753,0.8099608153104783,0.7906247764825821,0.7804963439702988,0.7626873135566712,0.747523057460785,0.7279341489076614,0.7076408207416535,0.697792860865593,0.6756194561719895,0.6619142383337021,0.6435790657997131,0.6281768500804901,0.604400235414505,0.5837581604719162,0.572915893793106,0.5441691070795059,0.5267604947090149,0.5042799830436706,0.48279616236686707,0.4555282801389694,0.43469914644956587,0.410922409594059,0.3844758689403534,0.35983577221632,0.3366693288087845,0.308240769803524,0.28095981329679487,0.2549227483570576,0.22846953421831132,0.20536964014172554,0.17653896287083626,0.14491588175296782,0.1218484565615654,0.09780540615320206,0.07539440840482711,0.053293751552700996,0.0,0.05615226086229086,0.07908992059528827,0.0969765193760395,0.11759940311312675,0.14400656446814536,0.17360893934965133,0.19786351099610328,0.21804704666137695,0.24572931602597237,0.27355566471815107,0.29756866693496703,0.32413862496614454,0.3531011059880257,0.3787460565567017,0.39975632429122926,0.42617026120424273,0.45672110468149185,0.47907253354787827,0.5017313122749328,0.520854702591896,0.5483642071485519,0.567006528377533,0.5921420067548752,0.6134124398231506,0.6357973098754883,0.6546255260705948,0.675157567858696,0.6983622372150421,0.7167770057916641,0.7324799865484237,0.7524481803178787,0.7713535994291305,0.7924763113260269,0.8131404876708984,0.8275524765253067,0.8437688827514649,0.8576838582754135,0.8756146609783173,0.8859879851341248,0.9005025297403335,0.9128734767436981,0.9279581725597381,0.941080316901207,0.9541151255369187,0.9670579731464386,0.9775313943624496,0.9900026977062225,0.998697179555893,1.0102742850780486,1.0213200449943542,1.0314884543418885,1.0394617557525634,1.0489882290363313,1.0582363307476044,1.0668219029903412,1.0715664863586425,1.0805578649044036,1.088500988483429,1.095159924030304,1.1016939461231232,1.1096986770629882,1.1142978549003602,1.122026938199997,1.1271140635013581,1.1320468723773955,1.1371908485889435,1.1420838952064514,1.1470678985118865,1.1513648092746736,1.156586045026779,1.1609719276428223,1.1653048276901246,1.1708206295967103,1.1744900166988372,1.1782362759113312,1.1826508522033692,1.1862140893936157,1.1886542677879333,1.1925601840019227,1.195443481206894,1.1985378324985505,1.2023191332817078,1.2044682443141936,1.2084630250930786,1.2108989179134368,1.2127115964889525,1.2140490591526032,1.2186907589435578,1.2219699442386627,1.2228482782840728,1.2245498061180116,1.226062399148941,1.228645145893097,1.2311974048614502,1.2320961475372314,1.2349031507968902,1.236205267906189,1.238024514913559,1.2403869211673737,1.2409911155700684,1.2424113273620605,1.2438679039478302,1.246693140268326,1.2473181903362274,1.2496742963790894,1.2499794006347655,1.2512189030647278,1.2529745399951935,1.2535672962665558,1.2547514975070952,1.2565430045127868,1.2572547793388367,1.2583588659763336,1.2601804256439209,1.2603919446468352,1.261419653892517,1.2637345612049102,1.2633368492126464,1.2655310451984405,1.2661198377609253,1.2661707520484924,1.2671338260173797,1.2690168738365173,1.270290768146515,1.271368384361267,1.2715030431747436,1.2718564569950104,1.2729055762290955,1.274789673089981,1.2743852317333222,1.275725430250168,1.2771484851837158,1.278712022304535,1.281765353679657
t_133,1.1097642600536346,1.101394486427307,1.1037007868289948,1.0969987094402314,1.091695898771286,1.0872429013252258,1.0762056231498718,1.0664142549037934,1.0549308836460114,1.0502725064754486,1.0406664669513703,1.0304678976535797,1.028043907880783,1.0151107549667358,1.010183322429657,0.9957623302936554,0.9841843783855438,0.9695203691720963,0.9634974062442779,0.9500321030616761,0.9357985854148865,0.9293576270341873,0.9170892000198364,0.901787805557251,0.8892152577638626,0.8801813900470734,0.8704151451587677,0.8511687338352203,0.8395546674728394,0.8265675663948059,0.807739394903183,0.7978647142648697,0.7803914725780488,0.7656994253396988,0.7465608477592468,0.7267670184373856,0.7171007513999939,0.6954945147037506,0.6821417063474655,0.6641439020633697,0.6491013795137406,0.6258265674114227,0.6056035071611404,0.5949800074100494,0.5669038474559784,0.5496572047472,0.5276105582714081,0.5066001504659653,0.4798330426216125,0.4593856900930405,0.43588458001613617,0.4098793789744377,0.38566455245018005,0.3626935318112373,0.33484506905078887,0.30770509093999865,0.28191337138414385,0.25561277121305465,0.2322906494140625,0.2040308140218258,0.1726846918463707,0.14841430112719536,0.12476018704473972,0.09874461330473423,0.07540926858782768,0.05615226086229086,0.0,0.06085715293884277,0.07598547637462616,0.09388198740780354,0.11883426532149315,0.14789491891860962,0.17091839015483856,0.19182154461741446,0.21995089948177338,0.24761646538972854,0.2716116920113564,0.29857565760612487,0.32775490880012514,0.3536627531051636,0.3748857080936432,0.40132020264863966,0.4326696842908859,0.455141918361187,0.4782863914966583,0.49793622344732286,0.525624705851078,0.5448523342609406,0.5703467726707458,0.592166805267334,0.6147057950496674,0.6343255013227462,0.6552424281835556,0.6786316841840744,0.6975895583629608,0.7137416362762451,0.7342103451490403,0.7535536020994187,0.7750003844499588,0.7961857736110687,0.8108195811510086,0.8275445222854614,0.841769203543663,0.8600210845470428,0.8707223266363144,0.8856570005416871,0.8983396381139755,0.9138408362865448,0.9272311508655549,0.940484219789505,0.9536502718925476,0.9645136415958404,0.9771572977304459,0.986182478070259,0.9980119466781616,1.0093437761068345,1.0197805166244507,1.0280197978019714,1.037788951396942,1.0471731901168824,1.0560561418533325,1.0609383523464202,1.0700666546821593,1.0782996594905854,1.0851301670074462,1.091811579465866,1.09987211227417,1.1046416938304902,1.1125864744186402,1.1178449809551239,1.1229453027248382,1.1281651556491852,1.1332351088523864,1.1383518815040587,1.1427587807178496,1.1480546295642853,1.1525641620159148,1.1570384621620178,1.1626511931419372,1.166481500864029,1.1702948570251466,1.1747938632965087,1.1784789979457855,1.1810165405273438,1.1850016355514525,1.1879954278469085,1.191152024269104,1.1950118839740753,1.1972353875637054,1.2012796998023987,1.203863501548767,1.2056929051876069,1.2071337401866913,1.2118076384067535,1.2151206612586976,1.216127598285675,1.2178855538368225,1.2194605410099029,1.2221242249011994,1.2247283220291139,1.2256699681282044,1.2285121500492096,1.229861330986023,1.2317461609840392,1.234177678823471,1.2347707092761993,1.236230045557022,1.2377870976924896,1.2406459152698517,1.2413341462612153,1.2437069177627564,1.2440616130828857,1.2453189373016358,1.2471377193927764,1.2477680683135985,1.2489970743656158,1.2507922649383545,1.2515836656093597,1.2527199983596802,1.2545951426029205,1.2547686457633973,1.2559063494205476,1.2582613229751587,1.2578424096107483,1.2601064920425415,1.2607288300991057,1.2608359932899476,1.2618310868740081,1.2637155175209045,1.2650541245937348,1.266132539510727,1.2663380563259126,1.2667509853839873,1.2677912592887879,1.2697569131851196,1.2693681061267852,1.270769876241684,1.2721916615962983,1.273784154653549,1.27696173787117
t_132,1.1176399350166322,1.1095337390899658,1.111864310503006,1.1053675413131714,1.1002218008041382,1.0959894239902497,1.0852990388870238,1.0757672190666199,1.0646555781364442,1.0602050423622131,1.0508806467056275,1.0410050213336945,1.0387134313583375,1.0262455701828004,1.0215914249420166,1.0076052308082581,0.996480742096901,0.9822951138019562,0.9764783561229706,0.9635549664497376,0.9498556166887283,0.9435638755559921,0.9317430913448334,0.9170208513736725,0.9047833621501923,0.896060648560524,0.8868366837501526,0.8680666893720627,0.8569372117519378,0.8442957490682602,0.8260926842689514,0.8164913475513458,0.7998520374298096,0.7853189408779144,0.7668164879083633,0.7475459665060044,0.7381142854690552,0.7170338273048401,0.7040729135274887,0.6867362260818481,0.6719190776348114,0.6491029858589172,0.6295758783817291,0.6190244287252427,0.5915135383605957,0.5747801005840302,0.5531921327114105,0.5323623478412628,0.5062559753656387,0.48609876781702044,0.4628975346684456,0.43720358312129975,0.4135300576686859,0.39130759686231614,0.3631743386387825,0.3366643413901329,0.3107414931058884,0.28557236343622205,0.26324217617511747,0.23305172696709633,0.2028503581881523,0.17675049901008605,0.15444959923624993,0.12731140553951265,0.09816134087741375,0.07908992059528827,0.06085715293884277,0.0,0.057818603701889515,0.06884491518139839,0.09140021726489067,0.11764930672943592,0.14319222271442414,0.16278146505355834,0.18982331156730653,0.21747438460588456,0.24164803475141525,0.2683901131153107,0.29804144948720934,0.32460328191518784,0.3464484244585037,0.3740977331995964,0.4047946408390999,0.4281733214855194,0.4514209046959877,0.4709935948252678,0.5000152915716172,0.5191137909889221,0.5453619688749314,0.5672367453575134,0.5908650934696198,0.6101372987031937,0.6315864056348801,0.6562136441469193,0.6751598656177521,0.6914829522371292,0.7123941838741302,0.7321721494197846,0.7542677462100983,0.7758708953857422,0.7912661105394363,0.8080056786537171,0.8227119952440262,0.8417065680027008,0.8527532309293747,0.8677968949079513,0.8808099210262299,0.8966838598251343,0.9103992253541946,0.9242030322551728,0.9379082411527634,0.9489241659641265,0.9620846301317215,0.9711443960666657,0.9834116190671921,0.9950696110725403,1.0056951582431792,1.014149084687233,1.0241516411304474,1.033984935283661,1.0429523885250092,1.048135644197464,1.0576487004756927,1.0659205317497253,1.0729516446590424,1.07985320687294,1.0884201586246491,1.0933361291885375,1.101330703496933,1.1067446053028107,1.1119523644447327,1.1174654185771942,1.1225789546966554,1.1278883576393128,1.1324625253677367,1.1379587054252625,1.1426424086093903,1.14721577167511,1.153067946434021,1.156896024942398,1.160850328207016,1.1655140161514281,1.1692550957202912,1.1718853771686555,1.1760795652866363,1.179077786207199,1.182418656349182,1.1863371670246123,1.1887054562568664,1.1929646492004395,1.1954484045505525,1.1974600672721862,1.1988980948925019,1.2037728607654572,1.2072296142578125,1.2081729412078857,1.210031694173813,1.2116746485233307,1.2143849015235901,1.217061275243759,1.2181000351905822,1.2210014939308167,1.2224024772644042,1.2243695497512816,1.22686008810997,1.2275869727134705,1.2290942668914795,1.230660742521286,1.2335828065872192,1.2343170881271361,1.2367318511009215,1.237174355983734,1.2385143160820007,1.2403880476951599,1.2410426318645478,1.2423226535320282,1.2441897988319397,1.2449929773807527,1.2461780190467835,1.2480684638023376,1.2484089076519012,1.2495059549808503,1.2518972098827361,1.2515747368335723,1.2538676798343658,1.2545434534549713,1.2546435177326203,1.255724847316742,1.2576741516590118,1.2590449512004853,1.2602117300033568,1.2603869438171387,1.2608219921588897,1.2619215309619904,1.2639108896255493,1.2635683178901673,1.2649998486042022,1.2665295600891113,1.2681727707386017,1.2712478697299958
t_131,1.124886441230774,1.1169517159461975,1.1192362844944,1.112869518995285,1.1078243374824523,1.1036619424819947,1.093187403678894,1.083838814496994,1.0729308426380157,1.0685585737228394,1.0594221115112306,1.0497472286224365,1.047510415315628,1.0352871894836426,1.0307220697402955,1.0169974148273468,1.0060714721679687,0.9921454578638077,0.9864448100328446,0.9737529784440995,0.9602946996688843,0.9541459947824478,0.9425356239080429,0.9280375897884369,0.9160329580307007,0.9074789047241211,0.8983485609292984,0.8799596279859543,0.8689910620450974,0.8566356211900711,0.8387253761291504,0.8293124556541442,0.8128140538930893,0.7986388862133026,0.7804372131824493,0.7615000575780868,0.7522428870201111,0.731538611650467,0.718757939338684,0.7016066610813141,0.6870918780565262,0.664694932103157,0.645336189866066,0.6350718975067139,0.6079904526472092,0.591403329372406,0.5702022671699524,0.5497594386339187,0.5238902986049652,0.5040938094258308,0.4812216445803642,0.45591403245925904,0.432233190536499,0.4101594612002373,0.3827286511659622,0.35637269765138624,0.33088539987802507,0.30548785626888275,0.28267253935337067,0.25401362031698227,0.22320341765880586,0.19856081232428552,0.17483572214841842,0.14752855598926545,0.11911757998168468,0.0969765193760395,0.07598547637462616,0.057818603701889515,0.0,0.05792446695268154,0.0756122212857008,0.10190748050808907,0.12291230112314225,0.1428384378552437,0.17024508565664292,0.19801413789391517,0.2223307453095913,0.249798284471035,0.2794304460287094,0.30570526272058485,0.3275912508368492,0.35507176369428634,0.38674167841672896,0.4100271642208099,0.43381046056747435,0.45388372540473937,0.48278638124465945,0.5024187445640564,0.5289153218269348,0.5514835506677628,0.5750534743070602,0.5950900971889496,0.616883647441864,0.6413944989442826,0.6610835552215576,0.6777799189090729,0.6990769416093826,0.7191974520683289,0.7415292680263519,0.763591542840004,0.7790143609046936,0.7963998526334762,0.8112431466579437,0.8304404586553573,0.8416272222995758,0.8571861416101456,0.8704910904169083,0.8866385042667388,0.9006366193294525,0.9145826488733292,0.928363236784935,0.9397682458162308,0.9529783338308334,0.9624400585889816,0.9748419314622879,0.9866877496242523,0.9975996911525726,1.0062538355588913,1.0164672642946244,1.0263355433940888,1.035602343082428,1.0408185780048371,1.0504055142402648,1.0589727342128754,1.066117912530899,1.0731261432170869,1.0816976010799408,1.086699616909027,1.0949531137943267,1.1004545152187348,1.1058367311954498,1.1113534331321717,1.1166144132614135,1.1220156729221344,1.1266587555408478,1.1322394728660583,1.1370023727416991,1.1416994988918305,1.1475731790065766,1.1515323102474213,1.1555589854717254,1.1603049397468568,1.164119803905487,1.166821140050888,1.1710296034812928,1.1741440057754517,1.1774931728839875,1.1815476536750793,1.183938556909561,1.1881682872772217,1.1908442556858063,1.1928231358528136,1.1943836331367492,1.1992167711257935,1.2027047634124757,1.2037892758846283,1.205619114637375,1.2073114931583404,1.2101007640361785,1.2128339946269988,1.2138589024543762,1.2168248772621155,1.2182573199272155,1.2202454268932343,1.2228055119514465,1.2234740853309631,1.2250333786010743,1.2266550004482268,1.2296364545822143,1.2304026007652282,1.2328571379184723,1.2333143293857574,1.234646236896515,1.2365418612957,1.237279373407364,1.2385441362857819,1.240463626384735,1.2413169503211976,1.2425053358078002,1.24445538520813,1.2447231233119964,1.2459306597709656,1.2483400583267212,1.2480019748210907,1.2503438889980316,1.2510067164897918,1.251198661327362,1.2522471845149994,1.2542291402816772,1.2556482970714569,1.2567984342575074,1.2570669114589692,1.257503128051758,1.2586092710494996,1.2606770277023316,1.2603550493717193,1.2617939174175263,1.2633482813835144,1.264997375011444,1.2681491374969482
t_130,1.131030160188675,1.1232746541500092,1.1255730867385865,1.1193468749523163,1.1144001305103302,1.1103744626045227,1.100131094455719,1.0909759402275085,1.080317884683609,1.0760703802108764,1.0671304523944856,1.0576676607131958,1.0555262923240663,1.0436053693294525,1.0392029881477356,1.025779777765274,1.0151390492916108,1.0015473634004592,0.995998877286911,0.9836661279201507,0.9705384701490403,0.964516744017601,0.953200563788414,0.9390827864408493,0.9273247748613358,0.9189722210168838,0.9101411372423172,0.8921214282512665,0.8814427971839904,0.8693272352218628,0.8518483191728592,0.8426193803548813,0.8265920013189316,0.8126249015331268,0.7948328286409378,0.7762706816196442,0.767170250415802,0.7468747705221176,0.734355428814888,0.7176106125116348,0.7032698899507522,0.681277158856392,0.6623361229896545,0.6521273702383041,0.6255414128303528,0.6092909336090088,0.5884222775697708,0.5681824743747711,0.5428060859441757,0.5232224002480507,0.5006431132555008,0.47562534511089327,0.4523986279964447,0.4307059243321419,0.403391495347023,0.37730698585510253,0.351899117231369,0.3271281227469444,0.30479154288768767,0.27549427151679995,0.2455550864338875,0.220095244795084,0.19693222343921662,0.1686631679534912,0.13948503285646438,0.11759940311312675,0.09388198740780354,0.06884491518139839,0.05792446695268154,0.0,0.06006143819540739,0.07854365892708301,0.10261537991464138,0.11938372328877449,0.14661815613508225,0.17410481199622155,0.1985834449529648,0.2254720352590084,0.2555548012256622,0.28255412429571153,0.304686413705349,0.33281976282596587,0.36457462757825854,0.38819669634103776,0.4122056171298027,0.43225833475589753,0.46191687881946564,0.4816160395741463,0.5086019545793533,0.5312819391489029,0.5555202752351761,0.575623419880867,0.597856217622757,0.6231032073497772,0.6429178804159165,0.6597784429788589,0.6815360218286515,0.7020302444696427,0.724787038564682,0.7473117530345916,0.7632015466690063,0.780707660317421,0.7958658188581467,0.8156420826911926,0.8270394951105118,0.8428090125322342,0.8564059227705002,0.8728700190782547,0.8871733665466308,0.9014612942934036,0.9155989497900009,0.9271706998348236,0.9407397419214248,0.9502781182527542,0.9629967391490937,0.9751520544290543,0.986233988404274,0.9950708478689194,1.005484589934349,1.0156347274780273,1.025066500902176,1.0304628372192384,1.0402990937232972,1.0489907383918762,1.056318348646164,1.0634888231754303,1.0723445534706115,1.077469027042389,1.0858561515808105,1.0915061831474304,1.0969987273216248,1.1026840388774872,1.1080396890640258,1.1135831415653228,1.1183520793914794,1.124063527584076,1.128953570127487,1.1337680160999297,1.1398206412792207,1.1438147008419037,1.1479587852954865,1.1528124570846559,1.1567252576351166,1.159493637084961,1.1638456344604493,1.1670118808746337,1.1704892754554748,1.174597841501236,1.1770942091941834,1.1814748108386994,1.184143978357315,1.1862173795700073,1.1878139853477478,1.1927785694599151,1.1963689386844636,1.1974377989768983,1.1993508815765381,1.2011090576648713,1.2039394676685333,1.2067334711551667,1.2078252375125884,1.2108222723007203,1.2123065888881683,1.2143537402153015,1.21697399020195,1.2176978170871735,1.219320547580719,1.2209706604480743,1.2240131616592407,1.224798047542572,1.2273073196411133,1.2278068006038665,1.2291936933994294,1.2311480820178986,1.2318808674812316,1.2332084953784943,1.2351610839366913,1.2360403060913085,1.2372554779052733,1.2392642796039581,1.2395928263664246,1.2407931447029115,1.243261557817459,1.2429461658000946,1.2453484773635863,1.2460501194000244,1.2462333500385285,1.2473490178585052,1.2493615925312043,1.2508226096630097,1.2520096719264984,1.2522679209709167,1.2527446091175078,1.2538923084735871,1.2559944987297058,1.2556858360767365,1.2571715533733367,1.2587814450263977,1.2604553699493408,1.263593715429306
t_129,1.137881237268448,1.1303168177604674,1.1325945675373077,1.1265171468257904,1.121680533885956,1.1177667438983918,1.1077866792678832,1.0988350093364716,1.0884310185909272,1.0843075037002563,1.0755881667137146,1.0663714587688446,1.0642992556095123,1.0527020752429963,1.048447608947754,1.0353647887706756,1.0250105798244475,1.0117786884307862,1.0063808292150498,0.9943834364414215,0.981610307097435,0.9757571876049042,0.964764016866684,0.951004683971405,0.9395171910524368,0.9314018905162811,0.9228564351797104,0.9052875488996506,0.8948999851942062,0.8831229209899902,0.866076797246933,0.8570847034454345,0.8414499372243881,0.8278301984071732,0.8104650437831878,0.7923734039068222,0.7834384471178055,0.7636495500802993,0.7514330297708511,0.7350663274526597,0.7210410982370377,0.699506413936615,0.6810283631086349,0.6710097342729568,0.6450003385543823,0.6290166497230529,0.6086199790239334,0.58875992000103,0.5638653874397278,0.5446669518947601,0.5224387884140015,0.497913134098053,0.4750589162111282,0.4537125438451767,0.42688492238521575,0.40127927511930467,0.37624264806509017,0.35178104788064957,0.3296873912215233,0.30074368566274645,0.27120246440172197,0.24572609588503838,0.22315613627433778,0.19488316103816034,0.1661016508936882,0.14400656446814536,0.11883426532149315,0.09140021726489067,0.0756122212857008,0.06006143819540739,0.0,0.0646769292652607,0.08193597383797169,0.09905353933572769,0.1250152349472046,0.15128706023097038,0.17443078756332397,0.20216357633471488,0.23212363198399544,0.25891137421131133,0.2815020576119423,0.3096174329519272,0.34155219942331316,0.3653282061219215,0.3895889475941658,0.4098410174250603,0.439993092417717,0.45995352417230606,0.48740911334753034,0.5104475393891335,0.5349430024623871,0.5554615646600723,0.5780463367700577,0.6036986649036408,0.6239149421453476,0.6411719471216202,0.6633376479148865,0.6842553526163101,0.7073766559362411,0.7303520500659942,0.7465920150279999,0.7644674211740494,0.7799667775630951,0.8001355558633805,0.8118627429008484,0.8279126316308976,0.841831824183464,0.8587028324604035,0.8732679933309555,0.8878624647855758,0.9023134618997574,0.9141916155815124,0.9280224800109863,0.9378617316484451,0.9508571326732635,0.9632632046937942,0.9746306627988816,0.9836657822132111,0.9943394422531128,1.0047393530607223,1.0143791645765305,1.0199625194072723,1.0299966990947724,1.038882464170456,1.0463932991027831,1.0537194907665253,1.0627603650093078,1.0680299818515777,1.0765773475170135,1.082383155822754,1.0880303978919983,1.0938385367393493,1.0993049442768097,1.104996132850647,1.1098874926567077,1.115711408853531,1.1207439184188843,1.1256635367870331,1.131833130121231,1.1359390556812285,1.140173852443695,1.1451472640037537,1.1491469621658326,1.1520008862018585,1.1564491629600524,1.1596947073936463,1.1632597029209137,1.1674537420272828,1.1700218498706818,1.174473875761032,1.1772325456142425,1.1793697774410248,1.181029921770096,1.1860598504543305,1.18972247838974,1.1908694088459015,1.1928254127502442,1.1946483254432678,1.1975380718708037,1.2003955781459807,1.201537650823593,1.2045869290828706,1.2061256647109986,1.2082279860973357,1.2109116792678833,1.2116612076759339,1.2133264660835266,1.2150347113609314,1.218132197856903,1.2189724802970887,1.2214971959590912,1.2220576584339142,1.2234710156917572,1.2254795491695405,1.2262686252593995,1.2276231825351716,1.2296110212802887,1.2305357873439788,1.2317997217178345,1.233829790353775,1.2341723561286926,1.2354455173015595,1.2379433333873748,1.2376412451267242,1.2400763630867004,1.2408094227313995,1.241034698486328,1.242191529273987,1.244219571352005,1.2457375288009644,1.246944785118103,1.247256326675415,1.2477734088897705,1.2489210307598113,1.251089298725128,1.2508298933506012,1.2523420035839081,1.2539906561374665,1.2556998789310456,1.2588744282722473
t_128,1.1475318908691405,1.1402357578277589,1.142518562078476,1.136638766527176,1.1319563210010528,1.128222805261612,1.1185589015483857,1.1098860383033753,1.0998187601566314,1.0958581924438477,1.0874202311038972,1.0784831404685975,1.0765279591083527,1.0653624534606934,1.0613316178321839,1.0486715197563172,1.0386851191520692,1.0259083032608032,1.0206839740276337,1.0091342061758042,0.9968076854944229,0.9911528080701828,0.9805047601461411,0.9672126203775406,0.9560777723789216,0.9482318937778473,0.9400242090225219,0.9229479938745498,0.912907937169075,0.9015123039484024,0.8850141614675522,0.8762477993965149,0.8611985892057419,0.8478661388158798,0.8310231834650039,0.8133912771940232,0.8047742307186126,0.7854666620492935,0.7735959231853485,0.7577035844326019,0.7440107583999633,0.7229997932910919,0.7050335973501205,0.695237535238266,0.669815593957901,0.6542624682188034,0.6342515408992767,0.6148327559232711,0.5905986249446868,0.571793720126152,0.5500090092420578,0.525897067785263,0.5035469830036163,0.48261149078607557,0.4560672089457512,0.43082928508520124,0.4059782400727272,0.38213066607713697,0.3604542911052704,0.3313215360045433,0.30196438282728194,0.2769612595438957,0.2538700133562088,0.2254453182220459,0.19577426910400392,0.17360893934965133,0.14789491891860962,0.11764930672943592,0.10190748050808907,0.07854365892708301,0.0646769292652607,0.0,0.06393775343894958,0.06893377490341664,0.09467269144952298,0.11965847983956338,0.14339782074093818,0.1696469523012638,0.19925722628831863,0.2267867974936962,0.24923692122101784,0.2780915006995201,0.3099682554602623,0.33455574661493304,0.35900851488113406,0.37977349758148193,0.4104785770177841,0.4307271331548691,0.458803491294384,0.4822299093008041,0.5075405538082123,0.5281723022460938,0.5514176160097122,0.5778420358896256,0.5984296560287475,0.6160380214452743,0.6386884391307831,0.6601034939289093,0.6839953154325485,0.7074487119913101,0.7241344660520553,0.742486447095871,0.7584637999534607,0.779142040014267,0.7913195788860321,0.8077349364757538,0.822077852487564,0.8393949627876282,0.8543165326118469,0.8693937540054322,0.88426493704319,0.8965022653341294,0.9107389956712723,0.9208493500947952,0.9342124938964844,0.9469927489757538,0.958651015162468,0.9680020362138748,0.9789497196674347,0.9896925568580628,0.9995844751596451,1.0054446548223495,1.0157824814319611,1.0249012589454651,1.0326469838619232,1.0402251958847046,1.0495694696903228,1.0550688982009888,1.063809484243393,1.0698357820510864,1.0756868541240692,1.0817172467708587,1.0873542726039886,1.0932482302188873,1.0983152210712432,1.1043023645877839,1.1095072746276855,1.114567095041275,1.1209160387516022,1.12515527009964,1.1295508861541748,1.134657973051071,1.1387806415557862,1.1417567074298858,1.1463787496089934,1.1497256636619568,1.1534198582172395,1.1577437281608582,1.1604333400726319,1.1650174617767335,1.1678475737571716,1.1701031088829041,1.1718497455120087,1.17700315117836,1.1807749271392822,1.1819635093212129,1.184002661705017,1.185918641090393,1.1888837277889253,1.191822212934494,1.1930473685264587,1.1961862385272979,1.1977682769298554,1.1999666929244994,1.2027246117591859,1.2035411775112153,1.2052604734897614,1.2070489406585694,1.2102346777915955,1.211116325855255,1.2137086808681488,1.2143409430980683,1.2157962262630462,1.217860758304596,1.2187111258506775,1.2201188862323762,1.2221659243106842,1.2231367170810699,1.224448573589325,1.2265443563461305,1.226947259902954,1.2282672822475433,1.2308195948600769,1.2305674314498902,1.233068233728409,1.2338569223880769,1.2341220557689667,1.235353946685791,1.2374401450157166,1.238988423347473,1.240267378091812,1.240606564283371,1.241173005104065,1.2423743665218354,1.2445942997932433,1.2443921625614167,1.2459571957588196,1.2476601779460907,1.2494112730026246,1.2526423454284668
t_127,1.155587089061737,1.148473310470581,1.1506852328777313,1.1449176728725434,1.1403462946414948,1.136630517244339,1.1271898925304413,1.1187231123447419,1.1088160157203675,1.1048914194107056,1.0966527998447417,1.0879150927066803,1.085978502035141,1.0750308513641358,1.0710551857948303,1.0586799502372741,1.0488340616226197,1.0363528072834014,1.0312376081943513,1.0198551952838897,1.0077352643013,1.0022740840911866,0.9918163537979126,0.9787111967802048,0.9677917420864105,0.960116046667099,0.9519868224859238,0.935332277417183,0.9253886640071869,0.9143504440784455,0.8981142401695251,0.8896096646785736,0.8745678424835205,0.8617217689752579,0.8451714038848877,0.8279345631599426,0.8194977819919587,0.8006517201662063,0.7890277326107025,0.77325259745121,0.7600045770406723,0.7394450694322586,0.7216919839382172,0.7122563362121582,0.6874132186174393,0.6719193309545517,0.6524015605449677,0.6335190147161484,0.6097319573163986,0.5913631230592727,0.5699660181999207,0.5463951587677002,0.5242032840847969,0.5033705979585648,0.4776828169822693,0.4528700798749924,0.42872245609760284,0.40438816994428634,0.3823050245642662,0.35521759539842607,0.3252593830227852,0.3011054292321205,0.2776890143752098,0.2498645529150963,0.22156402915716172,0.19786351099610328,0.17091839015483856,0.14319222271442414,0.12291230112314225,0.10261537991464138,0.08193597383797169,0.06393775343894958,0.0,0.058627312816679475,0.07855521813035012,0.10010920129716397,0.12111958973109722,0.15018271058797836,0.17860096246004104,0.2042338415980339,0.22718263193964958,0.2542650081217289,0.28840371966362,0.3117787688970566,0.33710228502750395,0.35873322039842603,0.38873218148946764,0.410015769302845,0.4380263566970825,0.4627490654587746,0.48707396239042283,0.5094655573368072,0.5330908298492432,0.558571994304657,0.5804854899644851,0.5987250089645386,0.6217114597558975,0.6435936659574508,0.6675407379865647,0.6915523678064346,0.708026897907257,0.727401727437973,0.743527427315712,0.764197438955307,0.7766105473041535,0.7937789231538772,0.808508425951004,0.8262449085712433,0.8413691729307174,0.8565523296594619,0.871369606256485,0.884212002158165,0.8982816696166992,0.9091235935688019,0.9225899964570999,0.9356289386749268,0.9476681917905807,0.9573198139667511,0.9685086458921432,0.979233729839325,0.9895660191774368,0.9954650372266769,1.0057841867208481,1.0153668463230132,1.0232776403427124,1.0309908270835877,1.0401290237903595,1.0457653939723968,1.0548967719078064,1.061069130897522,1.0671858072280884,1.0731562793254852,1.0790477037429809,1.0850431203842164,1.0901892066001893,1.0961965322494507,1.1015583753585816,1.1067832112312317,1.1131042063236236,1.1176177918910981,1.1220580756664276,1.1272586941719056,1.1314754426479339,1.1345733642578124,1.1391870260238648,1.1426716148853302,1.1463621497154235,1.150872528553009,1.153575450181961,1.1580474913120269,1.1611930966377257,1.1633769392967224,1.1653005957603455,1.1703632771968842,1.174103808403015,1.1755948126316071,1.1775994777679444,1.1795654952526093,1.182656079530716,1.1856565475463867,1.1868825733661652,1.1900806963443755,1.191706657409668,1.193960839509964,1.196773773431778,1.1975069046020508,1.1992968320846558,1.201217818260193,1.2044191837310791,1.2053825080394744,1.2079954743385315,1.2086721360683441,1.2101038575172425,1.2121809601783753,1.21314976811409,1.214550107717514,1.2166073381900788,1.2176968336105347,1.2190334498882294,1.2211677968502044,1.2214277982711792,1.222974270582199,1.2255184352397919,1.2252195179462433,1.2277972638607024,1.228554356098175,1.2289662659168243,1.2301770985126494,1.2322377979755401,1.2338728964328767,1.2350998938083648,1.235619181394577,1.2362233817577362,1.2373924791812896,1.2397175431251526,1.2395569384098053,1.2411601841449738,1.2428165078163147,1.244608461856842,1.2480161130428313
t_126,1.1608101904392243,1.1538502633571626,1.1560689449310302,1.1504246890544891,1.1459448158740997,1.1423636078834534,1.133131629228592,1.1248327016830444,1.1151577591896058,1.1113582730293274,1.1032978892326355,1.0947502076625824,1.092898863554001,1.08222638964653,1.078404849767685,1.0662862181663513,1.0567137598991394,1.0444997549057007,1.0395005106925965,1.0284425854682921,1.0166276574134827,1.011254185438156,1.001059529185295,0.9882802337408065,0.9775855869054795,0.9700788944959641,0.9622206628322602,0.94588243663311,0.9362163662910461,0.9253690391778946,0.9095142096281051,0.9011514872312546,0.8865666955709457,0.8738700896501541,0.8576887905597687,0.8407599329948425,0.8324800193309784,0.8139711022377014,0.8025580495595932,0.7871543347835541,0.7740587174892426,0.7538376718759536,0.7364664673805237,0.7270838409662247,0.7026136428117752,0.6874919146299362,0.6682552456855774,0.6495712578296662,0.6261121660470963,0.6080020606517792,0.586902517080307,0.5635981053113938,0.5417619287967682,0.5213409021496773,0.4958370983600616,0.4713189572095871,0.4472485274076462,0.42354167252779007,0.4019534558057785,0.3743581086397171,0.34520253241062165,0.321068674325943,0.2978422850370407,0.2699296772480011,0.2411486342549324,0.21804704666137695,0.19182154461741446,0.16278146505355834,0.1428384378552437,0.11938372328877449,0.09905353933572769,0.06893377490341664,0.058627312816679475,0.0,0.0607520867139101,0.07898782640695572,0.10095825791358948,0.12721686139702798,0.15560018196702002,0.18233086541295052,0.20473288968205453,0.2330983780324459,0.26652265787124635,0.2907767117023468,0.31601692736148834,0.33773533552885054,0.36836861819028854,0.3895132079720497,0.4182146981358528,0.4429122552275658,0.46818730384111407,0.49023028612136843,0.5142260745167733,0.5407264292240143,0.5626462429761887,0.5810090273618698,0.6044316709041595,0.6266508281230927,0.6511823415756226,0.6756153792142868,0.6925711959600449,0.7121006220579147,0.7285462468862534,0.7497933000326157,0.7624222844839096,0.7798006862401963,0.7948014527559281,0.8128241837024689,0.8283037424087525,0.8438717782497406,0.8590881049633026,0.8721047729253769,0.8865903854370117,0.89749074280262,0.9112851023674011,0.9245657324790955,0.9368015319108963,0.9466347634792328,0.9580623149871826,0.9691038608551026,0.979547244310379,0.9856360256671906,0.996254512667656,1.0059287041425704,1.0140045762062073,1.0219089269638062,1.031402838230133,1.0371652603149415,1.0464084446430206,1.0526974678039551,1.0589163243770598,1.0650714993476869,1.0710326850414276,1.0771715462207794,1.082448261976242,1.088615930080414,1.0941056787967682,1.0994343698024749,1.1059201598167419,1.1104610443115235,1.1150251388549806,1.120347797870636,1.1246379554271697,1.1277815043926238,1.1325386881828308,1.136077868938446,1.1398741066455842,1.1444531738758088,1.1472385764122008,1.151866614818573,1.1549848020076752,1.1572701811790467,1.1592258632183075,1.164417850971222,1.1682945728302,1.1697287917137147,1.171800321340561,1.1738138914108276,1.1769458591938018,1.1800148725509643,1.1812924206256867,1.1845508813858032,1.1862082779407501,1.1885094225406647,1.1913811802864074,1.1921736299991608,1.1940128803253174,1.1959334313869476,1.1992123544216156,1.2001830995082856,1.2028493583202362,1.2035687565803528,1.2050591230392456,1.207176500558853,1.2081644594669343,1.2096037983894348,1.2117328226566315,1.2128190338611602,1.2141927778720856,1.2163782179355622,1.2167100250720977,1.2182320952415466,1.2208383142948152,1.2205656051635743,1.2231930911540985,1.2239817261695862,1.2243917286396027,1.2256332516670227,1.227765327692032,1.2294335544109345,1.23071728348732,1.2311996519565582,1.2318199753761292,1.2330540776252747,1.235408902168274,1.2352643609046936,1.2368963003158568,1.2386431217193603,1.2404661655426026,1.2438235998153686
t_125,1.1675478518009186,1.1607857823371888,1.1630030930042268,1.157497227191925,1.1531289517879486,1.1496769309043884,1.140685224533081,1.1325952053070067,1.1231690049171448,1.1195056319236756,1.1116516053676606,1.1033256590366363,1.1015469133853912,1.091189330816269,1.0875258147716522,1.0757313311100005,1.0664251148700714,1.0545597970485687,1.0497008860111237,1.0389850854873657,1.0275022029876708,1.0222762465476989,1.0123652398586274,0.9999505817890167,0.9895079135894775,0.9822203904390335,0.9746603399515152,0.9587129861116409,0.949335190653801,0.9387744456529618,0.9233688682317733,0.9152080059051514,0.901101040840149,0.8886442601680755,0.8729144990444183,0.8564001500606537,0.8483162850141526,0.830246439576149,0.8191500067710876,0.8041890054941178,0.7913581758737565,0.7715898334980011,0.7546953499317169,0.745478892326355,0.7215922176837921,0.7068040937185287,0.6880177974700927,0.6696667432785034,0.6467968702316285,0.6290784358978272,0.608344343304634,0.5854844152927399,0.5641096979379654,0.5442424088716507,0.5190670490264893,0.4950772404670715,0.4713608846068382,0.4482846736907959,0.4271854430437088,0.399607914686203,0.37117991000413897,0.3470906063914299,0.32450074702501297,0.29682025164365766,0.2681629449129105,0.24572931602597237,0.21995089948177338,0.18982331156730653,0.17024508565664292,0.14661815613508225,0.1250152349472046,0.09467269144952298,0.07855521813035012,0.0607520867139101,0.0,0.061470852233469486,0.07959860563278198,0.1020917609333992,0.12990413531661033,0.15577391758561135,0.17806447222828864,0.20762529969215393,0.24006062671542167,0.26456935703754425,0.2899665504693985,0.311576247215271,0.34290465265512465,0.3640029191970825,0.39295204132795336,0.4179336428642273,0.4438222452998161,0.4659637749195099,0.49031559079885484,0.5175647914409638,0.5397244960069656,0.5583240181207657,0.5821627497673034,0.6047822177410126,0.6298308581113815,0.6547375500202179,0.6722144037485123,0.6920504540205001,0.7088354855775834,0.730662414431572,0.7435343950986862,0.7613034188747406,0.7766905426979065,0.7950375527143478,0.8108771026134491,0.8269040822982788,0.8425086319446564,0.8558143228292465,0.8706707000732422,0.8818098485469819,0.8959549039602279,0.909606796503067,0.9221044957637787,0.9322227209806442,0.9438749372959137,0.9552631765604019,0.9659206718206406,0.9722638189792633,0.9831947445869446,0.9930305749177932,1.0013490617275238,1.009443935751915,1.0192920446395874,1.0251838326454163,1.034635877609253,1.0410580098628999,1.047462821006775,1.0538184225559235,1.0599226534366608,1.0662254810333252,1.071646249294281,1.0779989957809448,1.0836536705493927,1.0891401529312135,1.0958115041255951,1.100429254770279,1.1051480889320373,1.110617709159851,1.1149951279163361,1.1182626903057098,1.1231866240501405,1.1267778635025025,1.130728942155838,1.1353906333446502,1.1382938981056214,1.143059891462326,1.1462105989456177,1.1486123979091645,1.1506402254104615,1.155940705537796,1.159947121143341,1.1614103019237518,1.1635488510131835,1.1656636416912078,1.1688557267189026,1.1720177590847016,1.1733724474906921,1.1767009973526001,1.1784148693084717,1.1807780265808105,1.1837396323680878,1.1846051514148712,1.1865172922611236,1.1884829580783844,1.1918474555015564,1.1928485929965973,1.1955753803253173,1.196369481086731,1.1979305803775788,1.2001083254814149,1.2011425137519836,1.2026403665542602,1.20483717918396,1.2059431195259094,1.2073747754096984,1.2096069633960724,1.2100131630897522,1.211571854352951,1.2142070174217223,1.2139951169490815,1.216678261756897,1.2175160944461823,1.2179459929466248,1.2192560374736785,1.2214344978332519,1.2231514155864716,1.2244767725467682,1.2250061511993409,1.2256544530391693,1.2269463896751405,1.2293570339679718,1.2292680144309998,1.2309365451335907,1.2327474653720856,1.2346316218376159,1.2380236208438873
t_124,1.1754718244075775,1.1689022719860076,1.171093189716339,1.1657335996627807,1.1614867448806763,1.1581572115421295,1.1494295179843903,1.1415550708770752,1.1323993921279907,1.1288448810577392,1.121222722530365,1.1131368815898894,1.111437702178955,1.1014024078845979,1.097885674238205,1.0864383935928346,1.0774221003055573,1.0659306704998017,1.0612291514873504,1.0508474707603455,1.0397188425064088,1.0346615850925445,1.0250596463680268,1.0130131006240846,1.0028648048639297,0.9958049654960632,0.9885081082582474,0.9730171352624893,0.963928297162056,0.9536900818347931,0.9387227207422256,0.9307846307754517,0.9170816600322723,0.9049733966588974,0.8896545469760895,0.873580527305603,0.8656925976276397,0.8480929732322693,0.8372884601354599,0.8226834207773208,0.8101796686649323,0.7908662736415863,0.7744046688079834,0.765395599603653,0.7420395225286484,0.7275781542062759,0.7092158824205399,0.6912767827510834,0.6688922047615051,0.6515191048383713,0.6311833143234253,0.6087938487529755,0.5878726094961166,0.5683611541986465,0.543604776263237,0.5200296089053154,0.496734257042408,0.4739916130900383,0.4532605916261673,0.4260197728872299,0.39788963049650194,0.3740033686161041,0.35181785225868223,0.32437766790390016,0.2956017583608627,0.27355566471815107,0.24761646538972854,0.21747438460588456,0.19801413789391517,0.17410481199622155,0.15128706023097038,0.11965847983956338,0.10010920129716397,0.07898782640695572,0.061470852233469486,0.0,0.059921407327055934,0.07829621247947216,0.10299287512898445,0.12794452607631684,0.15054569765925407,0.17961339876055718,0.21213763654232026,0.23605913892388344,0.26218423917889594,0.2836492031812668,0.31575857251882555,0.3370430961251259,0.3666291296482086,0.3919035017490387,0.41813390552997587,0.4408383175730705,0.46576808094978334,0.493447881937027,0.5160953983664512,0.5351326555013657,0.5595593959093094,0.5826864808797836,0.6081851422786713,0.6336288273334503,0.6515864849090576,0.671821242570877,0.6890819102525712,0.7114699095487594,0.7247261583805085,0.7428416609764099,0.7586628824472428,0.7775148540735245,0.7937148928642273,0.8100679486989975,0.8260942161083221,0.839760559797287,0.854920569062233,0.8664387226104736,0.8809398174285888,0.894904163479805,0.9077495723962784,0.9181194543838501,0.9300933003425598,0.9417335242033005,0.952712920308113,0.9592849373817444,0.9704328238964081,0.9805586278438568,0.9890769600868226,0.9973934322595597,1.0074537873268128,1.013547557592392,1.0232117414474486,1.0298468112945556,1.0364472925662995,1.0429445207118988,1.0492150962352753,1.0557030379772185,1.0612930238246918,1.0677832663059235,1.0736079096794129,1.0792341232299805,1.0860698580741883,1.0908149421215056,1.0956322252750397,1.1012678921222687,1.1057481348514557,1.1091263234615325,1.1141785562038422,1.1178561449050903,1.1219285666942596,1.1267084240913392,1.129716169834137,1.1345937967300415,1.1378411948680878,1.1403183162212371,1.142429953813553,1.147810834646225,1.1519118130207062,1.153474175930023,1.1556752622127533,1.1578586459159852,1.161131739616394,1.1643652737140655,1.1657848477363586,1.1691796004772186,1.1709466636180879,1.173404985666275,1.1764200985431672,1.177336537837982,1.1793040573596953,1.1813387870788574,1.1847573339939117,1.1858298897743225,1.1885991871356965,1.1894429266452788,1.1910466432571412,1.1932920694351197,1.19439138174057,1.1959114849567414,1.1981669783592224,1.1993334770202637,1.200808161497116,1.2030853092670442,1.2035126030445098,1.2051517963409424,1.2078413784503936,1.2076486349105835,1.2103918731212615,1.2112672626972198,1.211746299266815,1.2131195068359375,1.215344786643982,1.217102700471878,1.2184713900089263,1.2190476894378661,1.2197374045848846,1.2210739433765412,1.2235455513000488,1.2234942376613618,1.2252247035503387,1.2270726025104524,1.2290000021457672,1.2324204623699189
t_123,1.1809095323085785,1.1744883954524994,1.1766638934612275,1.1714212119579315,1.1672631859779359,1.1640204429626464,1.1554921448230744,1.1477876007556915,1.1388314723968507,1.135379147529602,1.1279204726219176,1.1200239956378937,1.1183864653110505,1.1085991740226746,1.1051958441734313,1.0940109610557556,1.0852064192295074,1.0740030884742737,1.0694269597530366,1.0593224823474885,1.0484676837921143,1.043555635213852,1.0342029333114624,1.0224595069885254,1.012541228532791,1.0056771218776703,0.9986049145460129,0.9835000604391098,0.9746346235275268,0.964669206738472,0.9500947833061218,0.9423465132713318,0.9289844483137131,0.9171705365180969,0.902225112915039,0.8865378320217132,0.8788147419691086,0.8616424471139907,0.8511037468910218,0.8368438005447387,0.8245902776718139,0.8057263791561127,0.789654815196991,0.7807966053485871,0.7580001085996628,0.7438177734613418,0.7258419901132583,0.7082507997751236,0.6863559514284134,0.6693324774503708,0.6493870317935944,0.6274167865514755,0.6068940579891204,0.5877710312604905,0.5634741395711899,0.540295147895813,0.5173642426729202,0.4951144590973854,0.47469222843647,0.4478276327252388,0.4202728793025017,0.39652990698814394,0.3748413652181625,0.34763066172599794,0.31943425089120864,0.29756866693496703,0.2716116920113564,0.24164803475141525,0.2223307453095913,0.1985834449529648,0.17443078756332397,0.14339782074093818,0.12111958973109722,0.10095825791358948,0.07959860563278198,0.059921407327055934,0.0,0.0637388251721859,0.08303980827331543,0.10538736619055271,0.12923865504562854,0.1569226935505867,0.18917378410696983,0.21356281712651254,0.23937263190746308,0.26073024943470957,0.2931680753827095,0.3146333709359169,0.3444922238588333,0.3698882296681404,0.39637416452169416,0.419409242272377,0.44465077817440035,0.47272282391786574,0.49564259499311447,0.5149665534496307,0.5398837149143219,0.5634066373109817,0.5892206221818924,0.6151689171791077,0.6334537625312805,0.6540053188800812,0.6716099292039871,0.6944598019123077,0.7080211639404297,0.726418724656105,0.7425452649593354,0.7618142873048782,0.7783250600099564,0.7949771732091904,0.8113192856311798,0.8253015458583832,0.8407600522041321,0.8525372594594955,0.8673691034317017,0.8816536098718644,0.8947683066129685,0.9053785026073455,0.9176061391830445,0.929500162601471,0.9407350420951843,0.9474796086549759,0.9588714480400086,0.9692445635795593,0.9779557198286056,0.986439099907875,0.9967361003160476,1.002966770529747,1.0128394454717635,1.0196592330932617,1.0264302611351013,1.0330642700195312,1.0394942879676818,1.0461347937583922,1.0518600463867187,1.0584704518318175,1.0644626915454865,1.070224130153656,1.0771955728530884,1.0820707201957702,1.086962240934372,1.0927502810955048,1.0973123252391814,1.1008121490478515,1.1059606790542602,1.1097452640533447,1.1139238834381104,1.118782502412796,1.1218720376491547,1.1268531739711762,1.1301963210105896,1.132725143432617,1.13492294549942,1.1403978168964386,1.1445739150047303,1.1462039291858672,1.1484837114810944,1.1507287204265595,1.1540807425975799,1.1573735654354096,1.158851420879364,1.1623106598854065,1.1641278207302093,1.1666576385498046,1.1697474122047424,1.1706918597221374,1.1727077841758728,1.1748183488845825,1.178301751613617,1.179427582025528,1.1822211861610412,1.1831186234951019,1.1847711026668548,1.1870815098285674,1.188205885887146,1.1897884547710418,1.192069125175476,1.1932774424552917,1.194794738292694,1.1971184730529785,1.1975767731666564,1.1992837369441987,1.2020160555839539,1.2018212914466857,1.2046351850032806,1.2055499792098998,1.206052654981613,1.207475906610489,1.2097349405288695,1.2115564048290253,1.2129620909690857,1.213583952188492,1.2143055319786071,1.2156720459461212,1.2182057321071624,1.2181876242160796,1.2199688673019409,1.2218757271766663,1.223850417137146,1.2273468673229218
t_122,1.1872697174549103,1.1810339629650115,1.183213186264038,1.1781072974205018,1.1740484952926635,1.1709249079227448,1.1626227080821991,1.155121958255768,1.146407687664032,1.143068438768387,1.1358122646808624,1.128122043609619,1.1265527427196502,1.117063695192337,1.113819408416748,1.10294708609581,1.0943812549114227,1.0835254609584808,1.079071033000946,1.0693074703216552,1.0587636172771453,1.0539734959602356,1.044892132282257,1.0334878087043762,1.023791539669037,1.0171213567256927,1.010328507423401,0.9955759882926941,0.986967122554779,0.9772568702697754,0.9630967944860458,0.9555033385753632,0.9425866454839706,0.9309860914945602,0.9164454072713852,0.9011243343353271,0.8935760140419007,0.8768073111772537,0.8665530145168304,0.8526962131261826,0.8406936824321747,0.82221799492836,0.8065881490707397,0.7978499323129654,0.7756066471338272,0.7617499232292175,0.7441397607326508,0.7269120723009109,0.7055955648422241,0.6889468312263489,0.669326713681221,0.6477895706892014,0.6278156161308288,0.6091840595006943,0.5853078752756119,0.5626057177782059,0.5400033354759216,0.5183730095624923,0.4985174611210823,0.47170084714889526,0.44498561024665834,0.42125804126262667,0.4000596761703491,0.37311623990535736,0.34535133838653564,0.32413862496614454,0.29857565760612487,0.2683901131153107,0.249798284471035,0.2254720352590084,0.20216357633471488,0.1696469523012638,0.15018271058797836,0.12721686139702798,0.1020917609333992,0.07829621247947216,0.0637388251721859,0.0,0.059383155032992366,0.08452773354947567,0.10391192696988583,0.13290346264839173,0.16247830390930176,0.18712167888879777,0.21207640543580056,0.23388105630874634,0.2663912445306778,0.2876062512397766,0.3179695501923561,0.3430587500333786,0.3707611531019211,0.3933069214224815,0.4188732266426086,0.4480673849582672,0.47095281779766085,0.49034704864025114,0.5157038539648056,0.5396205127239228,0.5661072820425034,0.5924726814031601,0.6113549411296845,0.6321348249912262,0.6501107424497604,0.6735509812831879,0.6875034660100937,0.7062172710895538,0.7226756483316421,0.7423672050237655,0.7592232137918472,0.7763844221830368,0.7931678503751755,0.8074391037225723,0.8234144747257233,0.8352758824825287,0.8505360066890717,0.8652449280023575,0.878547677397728,0.8895113945007325,0.9020314693450928,0.9142880648374557,0.9257485836744308,0.9327437072992325,0.9444912642240524,0.9550407081842422,0.9640078753232956,0.9727236658334732,0.9833864331245422,0.9898467808961868,0.9998609334230423,1.0068401277065278,1.0137976825237274,1.020672345161438,1.0272500932216644,1.0340805053710938,1.0399949669837951,1.0467894673347473,1.0529317677021026,1.0588806331157685,1.0660617768764495,1.0710073053836822,1.0760888576507568,1.0819810569286346,1.0866818606853486,1.0902664542198182,1.0956144988536836,1.0994799494743348,1.103814160823822,1.1087439239025116,1.1119591534137725,1.1171217560768127,1.1204933762550353,1.1231815457344054,1.1254127621650696,1.1310654819011687,1.1353720366954803,1.1369978070259095,1.139395636320114,1.1417254328727722,1.1451538920402526,1.1485186398029328,1.1501047015190125,1.153629368543625,1.155509924888611,1.1581307888031005,1.1612850546836853,1.162325346469879,1.164413148164749,1.1665880739688874,1.1701557397842408,1.1713211953639984,1.1741742014884948,1.1751637995243072,1.176855742931366,1.1792592108249664,1.1804120421409607,1.1820653319358825,1.1843877255916595,1.1856343269348144,1.1872112154960632,1.1896061599254608,1.190145444869995,1.1918613016605377,1.194665551185608,1.194519293308258,1.1974182188510896,1.1983837604522705,1.1989008069038392,1.2003835439682007,1.202718484401703,1.204582929611206,1.2060492098331452,1.206681877374649,1.2074604332447052,1.2088871121406555,1.2114866733551026,1.2115094602108,1.2133674025535583,1.215337198972702,1.2173714458942413,1.2209372818470001
t_121,1.1957627594470979,1.1897315204143524,1.1918762087821961,1.1869153201580047,1.182976061105728,1.1799678683280945,1.1719077229499817,1.1646263778209687,1.1561655819416046,1.1529310584068297,1.1458896040916442,1.1384251117706299,1.1369260907173158,1.1277386665344238,1.1246198058128356,1.114063572883606,1.1057653844356536,1.0952376484870912,1.090930050611496,1.081462287902832,1.0712379574775697,1.0666092097759248,1.057800143957138,1.04673028588295,1.0373268127441406,1.0308698058128356,1.0242797553539276,1.009961661696434,1.001611691713333,0.9922015547752381,0.9784568905830383,0.9710851967334747,0.9585268557071686,0.9472632586956025,0.9331209540367127,0.918216323852539,0.9109031826257705,0.894585570693016,0.8846107810735703,0.8711076647043228,0.8594290137290954,0.8414419263601303,0.8262132465839386,0.8177396982908249,0.7960477858781815,0.7825440645217896,0.7653848737478256,0.7485803306102753,0.7277932494878769,0.7115510910749435,0.6924167424440384,0.671370941400528,0.6518079668283463,0.6335591107606888,0.6101911187171936,0.5879589557647705,0.565804922580719,0.5445956379175186,0.5250196948647499,0.4987760230898857,0.472343847155571,0.44927009791135786,0.4282437011599541,0.4016683727502823,0.37417482435703275,0.3531011059880257,0.32775490880012514,0.29804144948720934,0.2794304460287094,0.2555548012256622,0.23212363198399544,0.19925722628831863,0.17860096246004104,0.15560018196702002,0.12990413531661033,0.10299287512898445,0.08303980827331543,0.059383155032992366,0.0,0.06319762766361237,0.07806312516331673,0.10498278699815274,0.13294197916984557,0.1570836216211319,0.1822548195719719,0.20412741228938103,0.23659999370574952,0.2581728272140026,0.28871147632598876,0.31434227526187897,0.3422240108251572,0.36539306938648225,0.3915694832801819,0.4209691762924194,0.44446264058351515,0.4643371865153313,0.4902613550424576,0.5146732181310654,0.5416694313287735,0.5686547577381134,0.587788999080658,0.6092704683542252,0.627695494890213,0.6516285836696625,0.6659845322370529,0.6852385371923446,0.7021732330322266,0.7223550885915756,0.7396347314119339,0.7571863919496536,0.7743812918663024,0.7891041338443756,0.8053656548261643,0.8177710145711898,0.8333669424057006,0.848428276181221,0.86214959025383,0.8734399050474166,0.8862780153751373,0.8988504111766815,0.9106717079877853,0.9179049015045166,0.929924875497818,0.9408244252204895,0.9500419467687606,0.9589919328689576,0.9698822557926178,0.9765259325504303,0.9868733137845993,0.9940916240215302,1.0012878477573395,1.0083310455083847,1.0151250630617141,1.0221620142459868,1.0282301306724548,1.0351967096328736,1.0415527284145356,1.0476785182952881,1.0550146281719208,1.0601466715335846,1.0653528690338134,1.0714282870292664,1.0762551188468934,1.0799728155136108,1.0854596138000487,1.0894532799720764,1.0939053416252136,1.099004602432251,1.102336835861206,1.1075717568397523,1.1111044824123382,1.1138701796531678,1.1162269473075868,1.1219713985919952,1.126370906829834,1.1281248688697816,1.13055939078331,1.1330040574073792,1.136527991294861,1.1399933099746704,1.141646283864975,1.1452547550201415,1.147209757566452,1.1499109089374542,1.153170394897461,1.1542084634304046,1.1563876509666442,1.1586483478546143,1.16227730512619,1.1635224580764771,1.1664440333843231,1.167480719089508,1.1692262530326842,1.1716823875904083,1.1729048132896422,1.1746116399765014,1.1770006597042084,1.1783105969429015,1.1799302995204926,1.182400780916214,1.1829388737678528,1.1847678780555726,1.1876299619674682,1.1874899566173553,1.190474134683609,1.191462403535843,1.1920593500137329,1.193592870235443,1.1959743797779083,1.1979027390480042,1.1994072377681733,1.2001319527626038,1.2009497821331023,1.2024253368377686,1.2051172614097596,1.2051921367645264,1.207079565525055,1.2091134071350098,1.2111984372138977,1.214826363325119
t_120,1.2034490287303925,1.1975905299186707,1.1997094810009004,1.1948668122291566,1.1910387694835662,1.188107395172119,1.1802860617637634,1.1731917262077332,1.1649500489234925,1.1617967247962953,1.154955130815506,1.1477071225643158,1.1462439596652985,1.137308770418167,1.1343031346797943,1.1240330815315247,1.1159477412700654,1.1057215809822083,1.101530283689499,1.0923050403594972,1.0823505342006683,1.0778755009174348,1.0692849457263947,1.058478730916977,1.0492969155311584,1.0430127143859864,1.0366260766983033,1.0226794898509979,1.0145334333181382,1.0054255187511445,0.991996556520462,0.9848325401544571,0.9725286871194839,0.9615729361772537,0.9477699279785157,0.9332397848367691,0.9261095434427261,0.9101963967084885,0.9004700779914856,0.8872194945812225,0.8758768051862716,0.8583135306835175,0.8434287279844284,0.8351615011692047,0.8139929234981537,0.8007064819335937,0.7839585095643997,0.7675568729639053,0.7472319155931473,0.7313651829957962,0.7126188069581986,0.6920424669981002,0.672803595662117,0.6548318833112716,0.6320125460624695,0.6102689951658249,0.5885706424713135,0.5675155073404312,0.5481804102659226,0.5226518139243126,0.49642265737056734,0.47392082065343855,0.4529870882630348,0.4268209204077721,0.3998851001262665,0.3787460565567017,0.3536627531051636,0.32460328191518784,0.30570526272058485,0.28255412429571153,0.25891137421131133,0.2267867974936962,0.2042338415980339,0.18233086541295052,0.15577391758561135,0.12794452607631684,0.10538736619055271,0.08452773354947567,0.06319762766361237,0.0,0.06367869358509778,0.08217904828488827,0.10784611068665981,0.13116543218493462,0.15592710748314859,0.17817197293043135,0.21048032566905023,0.2322934791445732,0.2627837836742401,0.289523708820343,0.31668126583099365,0.3409505471587181,0.3674801379442215,0.39650706946849823,0.42109672725200653,0.44145155102014544,0.46761766672134397,0.4924761474132538,0.5197924852371216,0.5472525954246521,0.5665709465742111,0.588869395852089,0.6075910270214081,0.6317472577095031,0.6464423269033432,0.6663354963064194,0.6837645918130875,0.7043423771858215,0.7219182282686234,0.7398282140493393,0.7571971595287323,0.772508618235588,0.7888546317815781,0.8018960237503052,0.8177387148141861,0.8331045091152192,0.8472589671611785,0.8588426291942597,0.871979895234108,0.8847455024719239,0.8969235628843307,0.9043650776147842,0.9165204763412476,0.9277899712324142,0.9372465074062347,0.9464188545942307,0.9573908120393753,0.9642361521720886,0.9748793393373489,0.9822641164064407,0.9897307217121124,0.9968494504690171,1.0038945227861404,1.011092647910118,1.0173181593418121,1.024415671825409,1.0309668242931367,1.0372600853443146,1.0446752727031707,1.0500073850154876,1.055354380607605,1.0615711033344268,1.066490149497986,1.07037011384964,1.0759200930595398,1.080031806230545,1.0845795631408692,1.0898461401462556,1.093271017074585,1.0985032618045807,1.10224130153656,1.1050335943698884,1.1075587928295136,1.1132825136184692,1.1177549421787263,1.1197192192077636,1.1221634328365326,1.124691891670227,1.1283071994781495,1.1318496406078338,1.1335734486579896,1.1372489035129547,1.1392630875110625,1.142039293050766,1.1453651368618012,1.1463883101940155,1.148681491613388,1.1510316491127015,1.1547192752361297,1.1560188412666321,1.1589892506599426,1.160101944208145,1.1618663311004638,1.1643616080284118,1.1656858801841736,1.1674122154712676,1.169873410463333,1.1712550282478333,1.1729221582412719,1.175434595346451,1.175968086719513,1.1779296934604644,1.1808008134365082,1.180702543258667,1.1837222635746003,1.1847224950790405,1.1854299545288085,1.1870065927505493,1.189397794008255,1.1913991510868072,1.192918312549591,1.1937663733959198,1.1946273684501647,1.1961344182491302,1.198888909816742,1.1990585029125214,1.2009758234024048,1.2030349552631379,1.2051764249801635,1.2088829696178436
t_119,1.2085849285125732,1.2028405010700225,1.2049380660057067,1.2001847267150878,1.1964189469814301,1.1935423612594604,1.185855996608734,1.178898811340332,1.1708050131797791,1.167697286605835,1.160994690656662,1.1538798451423644,1.1524589896202087,1.143703681230545,1.1407699942588807,1.1307009518146516,1.1227510690689086,1.112742507457733,1.1086467444896697,1.0996163427829742,1.0898646771907807,1.0854977130889893,1.077085518836975,1.0664965033531189,1.0575004458427428,1.0513525307178497,1.0450805366039275,1.031452476978302,1.023451828956604,1.0145512610673904,1.0014333367347716,0.9943939685821533,0.9823399096727371,0.9716451555490494,0.958123379945755,0.9438927739858627,0.9369201183319091,0.9213594734668732,0.9118468761444092,0.8988575249910354,0.8877440631389618,0.8705591320991516,0.8559772610664368,0.8478761702775955,0.8271796941757202,0.814139062166214,0.7977315664291382,0.781683212518692,0.7618194043636322,0.746285817027092,0.7279153138399124,0.7077154010534287,0.688839989900589,0.671250730752945,0.6488976597785949,0.6274884402751922,0.6061999320983886,0.5855746269226074,0.5664683908224106,0.5415138185024262,0.5156535387039185,0.4935759961605072,0.47282083332538605,0.4471016228199005,0.42067799270153045,0.39975632429122926,0.3748857080936432,0.3464484244585037,0.3275912508368492,0.304686413705349,0.2815020576119423,0.24923692122101784,0.22718263193964958,0.20473288968205453,0.17806447222828864,0.15054569765925407,0.12923865504562854,0.10391192696988583,0.07806312516331673,0.06367869358509778,0.0,0.06758791655302047,0.09006468616425992,0.10975363254547119,0.13388343527913094,0.15704945623874664,0.1873181477189064,0.20962512940168382,0.23980987444519997,0.26697141528129575,0.29435125589370725,0.3190461158752441,0.3458885744214058,0.3749003767967224,0.39999098628759383,0.42040990591049193,0.4470441982150078,0.47230910807847976,0.5000769376754761,0.5280558854341507,0.5473621696233749,0.5703481584787369,0.5893460869789123,0.6137664943933487,0.6287682801485062,0.6491481125354767,0.666867145895958,0.6878343880176544,0.7057447344064712,0.7239720195531845,0.7415701150894165,0.7573208242654801,0.7739050805568695,0.7872870713472366,0.8034379303455352,0.819122713804245,0.8335306465625762,0.8454680949449539,0.8588749974966049,0.8718423962593078,0.8843601942062378,0.8919116258621216,0.9043182790279388,0.9159347742795945,0.9255918025970459,0.9349078088998795,0.9460384339094162,0.9530512452125549,0.9639728248119355,0.9715467363595962,0.9792675763368607,0.9864841520786285,0.993735384941101,1.0010796457529068,1.0074423849582672,1.0146570384502411,1.0213604271411896,1.0278274536132812,1.0353601574897766,1.0408856689929962,1.0463329672813415,1.0526853144168853,1.0577455639839173,1.0617069244384765,1.0673893451690675,1.071623647212982,1.0762254357337953,1.0816477179527282,1.085136705636978,1.0904572248458861,1.0943535387516021,1.097189074754715,1.0998011589050294,1.1056412518024445,1.1101829707622528,1.112238609790802,1.1147383511066438,1.117371416091919,1.1210800230503082,1.124707245826721,1.1264674067497253,1.1302139580249786,1.1322847247123717,1.1351427614688874,1.1385650396347047,1.1395797193050385,1.1419175624847413,1.1443757832050323,1.1481350123882295,1.1495116293430327,1.1525164425373078,1.153688633441925,1.155480444431305,1.158045196533203,1.159407341480255,1.161202871799469,1.1636779487133027,1.1651248157024383,1.1668298900127412,1.1694196045398713,1.169918704032898,1.1719771325588226,1.1749383628368377,1.1747966468334199,1.177942508459091,1.1789652585983277,1.1797120690345764,1.1813065350055694,1.1837627172470093,1.185817003250122,1.187360054254532,1.1882627248764037,1.1891599655151368,1.1906955063343048,1.1935394942760467,1.1937300622463227,1.1957055032253265,1.1977926015853881,1.1999974846839905,1.203866297006607
t_118,1.2166448533535004,1.2110733449459077,1.2131207764148713,1.2084926307201385,1.2048286497592926,1.202005183696747,1.1945270240306853,1.1877775311470031,1.1798676371574401,1.1768288791179657,1.1703146874904633,1.1633893072605133,1.1620102882385255,1.153480863571167,1.1506301522254945,1.1408297717571259,1.1330547988414765,1.123343539237976,1.1193498492240905,1.1105267763137818,1.101000303030014,1.0968090653419496,1.088585102558136,1.0782319605350494,1.0694740951061248,1.063495934009552,1.0573165893554688,1.044077718257904,1.0362300872802734,1.027628082036972,1.0148160338401795,1.0079854756593705,0.996081006526947,0.9857758313417435,0.9725806653499603,0.9587188780307769,0.951946422457695,0.9367994517087936,0.9275275379419327,0.9147574514150619,0.9040055751800538,0.8872852027416229,0.8729822278022766,0.8651689112186431,0.8450108408927918,0.8322076112031936,0.8162055224180221,0.8006523966789245,0.7812277227640152,0.7661206960678101,0.7481782585382462,0.7285187780857086,0.7099965691566468,0.6926272094249726,0.6710043311119079,0.6500315725803375,0.6293029457330703,0.6087525814771653,0.5897911131381989,0.5659180343151092,0.5402313441038131,0.5188312813639641,0.4981404945254326,0.472988997399807,0.44732093065977097,0.42617026120424273,0.40132020264863966,0.3740977331995964,0.35507176369428634,0.33281976282596587,0.3096174329519272,0.2780915006995201,0.2542650081217289,0.2330983780324459,0.20762529969215393,0.17961339876055718,0.1569226935505867,0.13290346264839173,0.10498278699815274,0.08217904828488827,0.06758791655302047,0.0,0.0749916184693575,0.0873340543359518,0.10807438530027866,0.13314367607235908,0.15952179506421088,0.18328431770205497,0.21340407505631448,0.24160888642072678,0.267334409058094,0.2939180493354797,0.3212628155946732,0.3487770467996597,0.37537127137184145,0.3965268298983574,0.42356827259063723,0.4494051307439804,0.4772381454706192,0.5059133291244506,0.5248005509376525,0.5490232020616531,0.5683491051197052,0.5927172780036927,0.6082019239664078,0.6293672740459442,0.6475797683000565,0.6692139714956283,0.6873547494411468,0.7057450950145722,0.7234543949365616,0.739852923154831,0.7564088702201843,0.7706247419118881,0.7870096385478973,0.8030254572629929,0.8179572552442551,0.8302641123533249,0.8440577030181885,0.8570872008800506,0.8701225787401199,0.8778428196907043,0.8902669787406922,0.9024312496185303,0.9123486042022705,0.9219052255153656,0.9328669428825378,0.9401208519935608,0.9514864921569824,0.9593158721923828,0.9673565059900284,0.9745487809181214,0.9821225792169571,0.9896608740091324,0.9961769938468933,1.0034686356782914,1.010344561934471,1.0170301377773285,1.0245707958936692,1.030453085899353,1.0359932422637939,1.0424888551235199,1.0476926565170288,1.0518350720405578,1.0575401961803437,1.0619691908359528,1.066575050354004,1.0722470462322236,1.0757882952690125,1.08103289604187,1.0852859258651733,1.0880996763706208,1.0909202873706818,1.096714437007904,1.1012474477291108,1.1036530792713166,1.1061431467533112,1.108831137418747,1.1126956045627594,1.1163965046405793,1.118190598487854,1.1220407366752625,1.1241553604602814,1.1271065711975097,1.1306088089942932,1.1315656065940858,1.1339712977409362,1.1366020262241363,1.1404026985168456,1.14187992811203,1.1449282824993134,1.1461448788642883,1.1479378283023833,1.1505198419094085,1.1520301043987273,1.1538294494152068,1.1563376665115357,1.1579379737377167,1.1596901535987854,1.1623249173164367,1.1627263605594635,1.1650072991847993,1.1680065155029298,1.1678160071372985,1.171047306060791,1.172076368331909,1.1729790627956391,1.174595683813095,1.177039873600006,1.1791739344596863,1.1807337522506713,1.1818068861961364,1.1827774882316588,1.1842932105064392,1.1872677624225616,1.1875294387340545,1.1895642638206483,1.1916132271289825,1.1938690364360809,1.1979458928108215
t_117,1.2230264842510223,1.2176661491394043,1.2197224140167235,1.2152446508407593,1.211704808473587,1.2090277135372163,1.2018337488174438,1.1952955782413484,1.1876764953136445,1.1847850620746612,1.178501969575882,1.1718322157859802,1.1705321848392487,1.1623624563217163,1.159696340560913,1.1502477884292603,1.1428083300590515,1.1334815979003907,1.1296314120292663,1.1212056159973145,1.1120728611946107,1.1080298900604248,1.100137722492218,1.0902319431304932,1.0817438304424285,1.0760131061077118,1.0702463746070863,1.0574154496192931,1.049948614835739,1.0416370391845704,1.029332846403122,1.022709184885025,1.0114414513111114,1.0013206779956818,0.988613611459732,0.9752186298370361,0.9686420798301697,0.9539470374584198,0.9450344026088715,0.9327940762042999,0.9223011702299118,0.9060194581747055,0.8923244476318359,0.884608268737793,0.8650209605693817,0.8526439636945724,0.8370822221040726,0.8218691140413285,0.8030988663434983,0.7884125858545303,0.770867931842804,0.751703628897667,0.7337471306324005,0.7170495688915253,0.6957360655069351,0.6753993481397629,0.6549942910671234,0.63534696996212,0.6171373814344406,0.5929904043674469,0.568330830335617,0.5469756096601486,0.5271803602576256,0.5022561445832252,0.4768063649535179,0.45672110468149185,0.4326696842908859,0.4047946408390999,0.38674167841672896,0.36457462757825854,0.34155219942331316,0.3099682554602623,0.28840371966362,0.26652265787124635,0.24006062671542167,0.21213763654232026,0.18917378410696983,0.16247830390930176,0.13294197916984557,0.10784611068665981,0.09006468616425992,0.0749916184693575,0.0,0.06833459958434104,0.08211836218833923,0.10291817709803582,0.13048193156719207,0.15109505355358124,0.1812158554792404,0.20806817561388016,0.23573121577501296,0.26036238521337507,0.2875749871134758,0.3176602333784103,0.34335737824440005,0.3645873963832855,0.39207188934087756,0.4180233046412468,0.44693805277347565,0.47566515654325486,0.49607153683900834,0.5199926882982254,0.539923083782196,0.5653884202241898,0.5813458323478699,0.6026057660579681,0.6213306665420533,0.6432485103607177,0.661983746290207,0.6811637639999389,0.6996501892805099,0.7163710325956345,0.7337286025285721,0.747982519865036,0.7649459064006805,0.781431970000267,0.796638423204422,0.8092762559652329,0.8234133452177048,0.8370840400457382,0.8502874433994293,0.8584963053464889,0.8715041041374206,0.8837465673685074,0.8939827889204025,0.903874072432518,0.9156341552734375,0.9231448769569397,0.9345820128917695,0.9425953060388566,0.9508153110742569,0.9584683984518051,0.9661518335342407,0.9739764422178269,0.9807416319847106,0.9883639633655548,0.9954973608255386,1.002352237701416,1.01023770570755,1.01611225605011,1.0219049990177154,1.0285878658294678,1.0338989973068238,1.038212811946869,1.044229084253311,1.0487151086330413,1.053630793094635,1.0593325257301331,1.0630758941173553,1.0686654448509216,1.0727813720703125,1.0758841037750244,1.0787404537200929,1.0848028063774109,1.0895714223384858,1.0918404817581178,1.0945073127746583,1.0973556160926818,1.1012366235256195,1.1050704002380372,1.1070396721363067,1.1109634935855865,1.1131752908229828,1.1162414073944091,1.1198267877101897,1.1209754943847656,1.123524922132492,1.126127415895462,1.1300519168376923,1.1315834164619445,1.134682732820511,1.136033970117569,1.1379660964012146,1.1406688332557677,1.1421792030334472,1.144105988740921,1.146724486351013,1.1483064830303191,1.150132155418396,1.152854138612747,1.1534739136695862,1.1556962609291077,1.1587433815002441,1.1587361454963685,1.1619903504848481,1.1631219983100891,1.1640032231807709,1.165726798772812,1.1682830333709717,1.1704646468162536,1.1721325874328614,1.1731713116168976,1.1741807162761688,1.1758318543434143,1.1788301050662995,1.1791807889938355,1.1812616407871246,1.1834902226924897,1.1858267724514007,1.1898191690444946
t_116,1.22963228225708,1.2244053125381469,1.2264213740825654,1.222044199705124,1.218582570552826,1.2159536004066467,1.2089358270168304,1.2025674998760223,1.1951078116893767,1.1922787785530091,1.1861575245857239,1.179642140865326,1.1783675670623779,1.1703959047794341,1.1677961349487305,1.158575063943863,1.1512669146060943,1.1421776592731476,1.138421404361725,1.1301669478416443,1.1212262332439422,1.1173176288604736,1.1095970928668977,1.0998768210411072,1.091586947441101,1.085986179113388,1.0803112804889679,1.067816185951233,1.0604714035987854,1.0523969054222106,1.0403526723384857,1.033910834789276,1.0227686554193496,1.0129687458276748,1.0005407094955445,0.9874624729156494,0.9810282975435257,0.9667086839675904,0.9579806655645371,0.9459459096193313,0.9357315003871918,0.9198457777500153,0.9063932687044144,0.8989000111818314,0.8797890573740006,0.8676078736782074,0.8524108558893204,0.8375860512256622,0.8192092150449752,0.8048619210720063,0.7876810371875763,0.7689568847417831,0.7513251811265945,0.73484465777874,0.7140853792428971,0.6941422522068024,0.6742478281259536,0.654730150103569,0.6366674929857254,0.6134267449378967,0.5889504551887512,0.5680910050868988,0.5484445273876191,0.5240503028035164,0.49921807199716567,0.47907253354787827,0.455141918361187,0.4281733214855194,0.4100271642208099,0.38819669634103776,0.3653282061219215,0.33455574661493304,0.3117787688970566,0.2907767117023468,0.26456935703754425,0.23605913892388344,0.21356281712651254,0.18712167888879777,0.1570836216211319,0.13116543218493462,0.10975363254547119,0.0873340543359518,0.06833459958434104,0.0,0.06511633731424808,0.08161124512553215,0.1043904896825552,0.1255161963403225,0.15422847494482994,0.1826652057468891,0.20832993164658548,0.23567154482007027,0.26376833617687223,0.2918688043951988,0.3192719742655754,0.340963126718998,0.36881804168224336,0.3954549700021744,0.4241305127739906,0.4537281945347786,0.47384253740310667,0.4989067822694778,0.5190730959177017,0.5446252286434173,0.5609086811542511,0.5829569160938263,0.6022210121154785,0.6247296869754791,0.6437710255384446,0.6631081849336624,0.6816828906536102,0.6990698277950287,0.7163814306259155,0.7314430445432663,0.748624610900879,0.7654920607805252,0.7812018543481827,0.7941790580749511,0.8086729675531388,0.8224387615919113,0.8361564308404923,0.8444936722517014,0.8575619459152222,0.8703308343887329,0.8808241188526154,0.890911516547203,0.9025780498981476,0.9103056252002716,0.922174122929573,0.9304286360740661,0.9389833956956863,0.9466210931539536,0.9546053498983383,0.9625945419073105,0.9695166647434235,0.9772418975830078,0.9845532923936844,0.9916339874267578,0.9995756715536117,1.0057423800230025,1.011637982726097,1.0184946805238724,1.02393895983696,1.0284055322408676,1.0344712853431701,1.0391181588172913,1.044084870815277,1.0500051736831666,1.0538292467594146,1.0593684375286103,1.0637913584709167,1.066878318786621,1.0699197471141815,1.0759481847286225,1.0807313919067383,1.0833059966564178,1.0859783828258514,1.0888862013816833,1.0929271757602692,1.0968464374542237,1.0988440334796905,1.1028620898723602,1.1051299810409545,1.1082813560962677,1.1119513630867004,1.1130540907382964,1.1156814038753509,1.118430310487747,1.1224167048931122,1.1240469872951508,1.1272067546844482,1.1286232769489288,1.130540704727173,1.1332961022853851,1.1349285185337066,1.136870563030243,1.1395336270332337,1.1412463724613189,1.1431186139583587,1.14588662981987,1.1464164972305297,1.148838371038437,1.1519226372241973,1.1518818616867066,1.1552376568317413,1.1563572406768798,1.1573737144470215,1.1591354727745056,1.161688768863678,1.1639523684978486,1.1656194150447845,1.1668130218982697,1.1678881108760835,1.1695312440395356,1.1726486742496491,1.1730478703975677,1.1752294063568116,1.177436000108719,1.1798316955566406,1.184021419286728
t_115,1.2350873291492461,1.230015218257904,1.2320266008377074,1.2277572274208068,1.2243818402290345,1.2218477189540864,1.215024185180664,1.2088127076625823,1.2015408992767334,1.198803186416626,1.192838716506958,1.1865060329437256,1.1852773368358611,1.1775411725044251,1.1750543475151063,1.16609326004982,1.1589705169200897,1.1501566112041473,1.1464870631694795,1.1384793817996979,1.1297833383083344,1.1259827494621277,1.1184690833091735,1.1090110123157502,1.100893461704254,1.0954456865787505,1.0900014221668244,1.0777789652347565,1.0706477820873261,1.0627883315086364,1.051057755947113,1.0447643637657165,1.0339754402637482,1.024340495467186,1.0122403860092164,0.9994503289461136,0.99317187666893,0.9791810750961304,0.9706885576248169,0.9589660882949829,0.9489750057458878,0.9334135681390763,0.9203247189521789,0.9129505902528763,0.8943049371242523,0.8823718905448914,0.8675188511610031,0.8529886573553085,0.8351128190755844,0.8210760235786438,0.8042148053646088,0.7858580261468887,0.7686533242464065,0.7525784701108933,0.7322246253490448,0.7127654284238816,0.6931997984647751,0.6740942597389221,0.6565228581428528,0.6334947258234024,0.6096666038036347,0.5890445202589035,0.5698173552751541,0.5457757234573364,0.5214687064290047,0.5017313122749328,0.4782863914966583,0.4514209046959877,0.43381046056747435,0.4122056171298027,0.3895889475941658,0.35900851488113406,0.33710228502750395,0.31601692736148834,0.2899665504693985,0.26218423917889594,0.23937263190746308,0.21207640543580056,0.1822548195719719,0.15592710748314859,0.13388343527913094,0.10807438530027866,0.08211836218833923,0.06511633731424808,0.0,0.06913811825215817,0.0824568472802639,0.10190017707645893,0.13024995625019073,0.15758100524544716,0.18400710672140122,0.20965095311403276,0.23777707070112228,0.2669798508286476,0.2941533237695694,0.315643709897995,0.34371844977140426,0.3707911789417267,0.40011520236730574,0.4299861267209053,0.45039654821157454,0.47578884959220885,0.49651727080345154,0.5224112391471862,0.5392573833465576,0.5615371525287628,0.581050181388855,0.6040861487388611,0.6232643365859986,0.6432380318641663,0.6622773081064224,0.679995772242546,0.6977752089500427,0.7130230009555817,0.7306922405958176,0.747876501083374,0.7638336271047592,0.7771806627511978,0.7919657766819,0.8062214851379395,0.8200647413730622,0.8287384361028671,0.8421954423189163,0.8551230698823928,0.8659270852804184,0.8762683629989624,0.8883415460586548,0.8962827503681183,0.9083331406116486,0.9167682588100433,0.9255362302064896,0.933446404337883,0.9416041254997254,0.9498315125703811,0.956950917840004,0.9648434340953826,0.9723991423845291,0.9796117931604386,0.9877447247505188,0.9940589219331741,1.0001243084669114,1.0071608245372772,1.012700092792511,1.0172970384359359,1.0235755801200868,1.028316357731819,1.033421555161476,1.0394939601421356,1.043447881937027,1.0491530418395996,1.053608375787735,1.0568752050399781,1.0599795043468476,1.066173404455185,1.0710816264152527,1.073710072040558,1.076477575302124,1.079501473903656,1.0836067140102386,1.0876162886619567,1.0896906793117522,1.0938100397586823,1.0961338818073272,1.0993813097476959,1.1031235337257386,1.1043344140052795,1.1070410370826722,1.1098771870136261,1.113915467262268,1.1156404495239258,1.1188629627227784,1.1203520178794861,1.1223521471023559,1.1251752376556396,1.1268498003482819,1.128879225254059,1.1315982937812805,1.1333674252033235,1.135317075252533,1.1381219387054444,1.1387638807296754,1.141233080625534,1.144371074438095,1.1443833112716675,1.147808849811554,1.1489873290061952,1.1500502407550812,1.1518968045711517,1.1545043528079986,1.1568134129047394,1.15858251452446,1.1598106026649475,1.16094451546669,1.1626563847064972,1.1658111929893493,1.166325956583023,1.1685535848140716,1.17081778049469,1.173305368423462,1.1775342047214508
t_114,1.2389376640319825,1.2339745163917542,1.2359644770622253,1.2317919433116913,1.2284950196743012,1.2260520696640014,1.219395488500595,1.2133236825466156,1.2062447011470794,1.2035950243473053,1.1977744162082673,1.1915966093540191,1.1904292941093444,1.1829071760177612,1.1805131435394287,1.1717818975448608,1.1648940801620484,1.1562984943389893,1.1527355849742889,1.1449686646461488,1.1365463197231294,1.1328169703483582,1.1255271494388581,1.1163664519786836,1.1084517896175385,1.1031594097614288,1.0979229867458344,1.085962325334549,1.0790698826313019,1.071359920501709,1.059948056936264,1.0537862539291383,1.0433588445186615,1.0338545799255372,1.022040793299675,1.0095549017190932,1.0033752977848054,0.989686182141304,0.9813604265451431,0.969965535402298,0.9600917518138885,0.9448402613401413,0.9320671319961548,0.9247671991586686,0.9064510136842727,0.894817692041397,0.8802441954612732,0.8659071415662766,0.84835644364357,0.8345591187477112,0.818000414967537,0.7999852657318115,0.7831010609865189,0.7673799484968186,0.7471802115440369,0.7281058520078659,0.7088091045618057,0.6903436005115509,0.6731809049844741,0.6501622706651687,0.6269375115633011,0.6064513146877288,0.5878288090229035,0.5641207426786423,0.5398648083209991,0.520854702591896,0.49793622344732286,0.4709935948252678,0.45388372540473937,0.43225833475589753,0.4098410174250603,0.37977349758148193,0.35873322039842603,0.33773533552885054,0.311576247215271,0.2836492031812668,0.26073024943470957,0.23388105630874634,0.20412741228938103,0.17817197293043135,0.15704945623874664,0.13314367607235908,0.10291817709803582,0.08161124512553215,0.06913811825215817,0.0,0.07608451656997203,0.08538493402302265,0.11303949095308781,0.13635158762335778,0.16370831727981566,0.18735274970531463,0.21614108458161355,0.2462443269789219,0.27277949303388593,0.2940251335501671,0.3223466783761978,0.3497081145644188,0.37922578006982804,0.4095229968428612,0.43121231347322464,0.4558646261692047,0.47699862718582153,0.5041064411401749,0.5209655910730362,0.543043178319931,0.5629786014556885,0.5862726300954819,0.606003874540329,0.6264218479394913,0.6461209148168564,0.6638905733823777,0.6822758942842484,0.6975236713886261,0.7156145483255386,0.7331928372383117,0.7494062274694443,0.7628616064786911,0.7779315829277038,0.7926443129777908,0.8066809207201004,0.8155983835458755,0.8294877946376801,0.8424940854310989,0.8534877359867096,0.8640369862318039,0.8767230302095413,0.8847756445407867,0.8969287484884262,0.9055484563112259,0.9144362896680832,0.9226234376430511,0.9308113157749176,0.9392283260822296,0.9465052306652069,0.9546566009521484,0.9623948633670807,0.9697443246841431,0.9781890362501144,0.9844667583703994,0.9906753242015839,0.9979276627302169,1.0035272300243379,1.0082033425569534,1.014731913805008,1.0194756537675858,1.024810817837715,1.0309186905622483,1.0350246876478195,1.040997463464737,1.0453400015830994,1.048737770318985,1.051899915933609,1.0582741856575013,1.0633572340011597,1.0659038722515106,1.06879181265831,1.071898341178894,1.0760336518287659,1.0801695227622985,1.082336860895157,1.0865076661109925,1.0889095902442931,1.0922204732894898,1.0960553586483002,1.0973943173885345,1.1001822412014008,1.102981185913086,1.1071227014064788,1.1088749468326569,1.1121525466442108,1.1137227475643159,1.1158214867115022,1.1187159895896912,1.1204028487205506,1.1224960446357728,1.1253178715705872,1.127081072330475,1.1290734350681304,1.1319151401519776,1.1327077805995942,1.1351334869861602,1.1383166790008545,1.1384248077869414,1.141883558034897,1.1431242227554321,1.1441525936126709,1.1460793197155,1.1487795472145081,1.1511270642280578,1.152965259552002,1.1541590988636017,1.1552846014499665,1.157076233625412,1.1602593660354614,1.160798317193985,1.163054382801056,1.1654504060745239,1.1679997861385345,1.1721313655376435
t_113,1.2472592115402221,1.2424603998661041,1.2444136559963226,1.2403463840484619,1.2371382057666778,1.2347292304039001,1.22824826836586,1.222361296415329,1.215447449684143,1.2128413379192353,1.2071958541870118,1.2011889934539794,1.2000420808792114,1.192711842060089,1.1903742015361787,1.1818808436393737,1.1750955998897552,1.166754776239395,1.1632820546627045,1.1556926012039184,1.147433829307556,1.1438872396945954,1.1367646992206573,1.127784651517868,1.120088416337967,1.114942228794098,1.1097728669643403,1.0982025742530823,1.0914179861545563,1.0840171337127686,1.0729059755802155,1.0669323563575746,1.0566403269767761,1.047539186477661,1.036045104265213,1.023925232887268,1.0179564774036407,1.0046988368034362,0.9966310739517212,0.9854610711336136,0.9759682178497314,0.9611933946609497,0.9487044274806976,0.9417173326015472,0.924010255932808,0.9126075893640518,0.8984726518392563,0.8846665501594544,0.8676476538181305,0.85432950258255,0.8382368892431259,0.820758655667305,0.8043020665645599,0.7889071792364121,0.7695414841175079,0.7508999556303024,0.7322196781635284,0.7139112025499343,0.6969505757093429,0.6750815391540528,0.6521373391151428,0.632429638504982,0.6139059633016586,0.5908170014619827,0.5675123035907745,0.5483642071485519,0.525624705851078,0.5000152915716172,0.48278638124465945,0.46191687881946564,0.439993092417717,0.4104785770177841,0.38873218148946764,0.36836861819028854,0.34290465265512465,0.31575857251882555,0.2931680753827095,0.2663912445306778,0.23659999370574952,0.21048032566905023,0.1873181477189064,0.15952179506421088,0.13048193156719207,0.1043904896825552,0.0824568472802639,0.07608451656997203,0.0,0.06309779845178128,0.08286849558353424,0.1082356557250023,0.13074106276035308,0.1583050698041916,0.18622279316186904,0.2134385511279106,0.24219214618206025,0.2640217676758766,0.29286769926548006,0.3204819574952126,0.35015087127685546,0.38123250007629395,0.4016370639204979,0.4286396339535713,0.44977381080389023,0.47631257474422456,0.49384503364562987,0.5174014270305634,0.5378978341817856,0.5618509769439697,0.5819435507059098,0.6024674355983735,0.622077214717865,0.6408697724342346,0.6591431587934494,0.675499340891838,0.6938524454832077,0.7118568480014801,0.7286838591098785,0.7427871346473693,0.7583410769701004,0.773028102517128,0.7878253430128097,0.79692043364048,0.8108255654573441,0.8246810019016266,0.8360376089811326,0.8468439698219299,0.8592623680830002,0.8676529049873352,0.8804870843887329,0.8894047766923905,0.8987941533327103,0.9069292962551116,0.9156471580266953,0.9243106335401535,0.931792026758194,0.9400434911251068,0.9479782402515411,0.9556581556797028,0.96409470140934,0.9708880931138992,0.9772635877132416,0.984634616971016,0.9904964059591294,0.9954117655754089,1.0019444286823274,1.0070283204317092,1.012332758307457,1.018748515844345,1.0229097366333009,1.0287715941667557,1.0336650878190994,1.0370496034622192,1.0404505610466004,1.0468135595321655,1.0518775939941407,1.0548419177532196,1.0577481985092163,1.0609671771526337,1.0653216779232024,1.0695508539676666,1.0717669785022736,1.0760786652565002,1.0785425901412964,1.0819799065589906,1.0859601259231568,1.0871733486652375,1.0900643527507783,1.0931149780750276,1.0973185658454896,1.0992161750793457,1.1025428533554078,1.104185152053833,1.106249886751175,1.1092151165008546,1.1110518276691437,1.1132003605365752,1.1160312235355376,1.1179929852485657,1.120031362771988,1.1230032980442046,1.1236165285110473,1.1263451874256134,1.1296006679534911,1.1296000897884368,1.1332259833812715,1.134470146894455,1.1356976866722106,1.1376073241233826,1.1403349041938782,1.1428080439567565,1.1446223497390746,1.1460274159908295,1.1472810328006744,1.1490593016147614,1.1524064600467683,1.1530222296714783,1.1553697288036346,1.1577336490154266,1.1603754937648774,1.1649166524410248
t_112,1.2510733783245087,1.246401023864746,1.2483440339565277,1.2443823873996736,1.2412557303905487,1.2389403283596039,1.232644933462143,1.2268970429897308,1.2201654255390166,1.2176586389541626,1.2121564269065856,1.206316089630127,1.205209869146347,1.1980971336364745,1.1958661079406738,1.187593513727188,1.181026542186737,1.1729122936725616,1.1695312440395356,1.1621778726577758,1.1541583478450774,1.1506868064403535,1.1437560796737671,1.135047036409378,1.1275133669376374,1.1224992632865907,1.1175628185272217,1.106220644712448,1.0996572613716125,1.0924142241477965,1.0815847098827363,1.0757277309894562,1.0658003687858582,1.0568000555038453,1.0455824851989746,1.0337296366691588,1.0278799116611481,1.0148958355188369,1.0070087254047393,0.9961475640535354,0.986793139576912,0.9722925573587418,0.9601272314786911,0.9532113969326019,0.9358301252126694,0.9247083783149719,0.9108353853225708,0.8971913695335388,0.880556383728981,0.867464879155159,0.8516494452953338,0.8344799607992173,0.818338343501091,0.8033244907855988,0.7841382205486298,0.7659277558326721,0.7474874407052994,0.7297133833169938,0.713217893242836,0.6913239896297455,0.6690197765827179,0.6494438350200653,0.6314360976219178,0.608634090423584,0.5855594605207444,0.567006528377533,0.5448523342609406,0.5191137909889221,0.5024187445640564,0.4816160395741463,0.45995352417230606,0.4307271331548691,0.410015769302845,0.3895132079720497,0.3640029191970825,0.3370430961251259,0.3146333709359169,0.2876062512397766,0.2581728272140026,0.2322934791445732,0.20962512940168382,0.18328431770205497,0.15109505355358124,0.1255161963403225,0.10190017707645893,0.08538493402302265,0.06309779845178128,0.0,0.06748839057981967,0.0853696245700121,0.10975410491228103,0.13158371895551682,0.16094882488250734,0.19037531167268754,0.2180210344493389,0.2391852468252182,0.2680719032883644,0.2960082650184631,0.32628351598978045,0.35765138268470764,0.37926036566495896,0.4056849926710129,0.4272951364517212,0.45483470559120176,0.47260181307792665,0.49600857496261597,0.5169266253709793,0.541202962398529,0.5616677284240723,0.5828952550888061,0.6031575828790665,0.6220924854278564,0.6410300374031067,0.6573845267295837,0.6762197971343994,0.6946304172277451,0.7117331922054291,0.726031094789505,0.7418926268815994,0.7571407854557037,0.7720570534467697,0.7815035909414292,0.7958842694759369,0.8097476333379745,0.8213845610618591,0.832485094666481,0.8455406963825226,0.8540845036506652,0.8670202523469925,0.8760621517896652,0.8856079906225205,0.8940793663263321,0.9028386086225509,0.9117371648550033,0.919440558552742,0.9279480814933777,0.9361097902059555,0.9439273059368134,0.9526495993137359,0.9594384044408798,0.9660190463066101,0.9736002117395401,0.9795179486274719,0.984551078081131,0.9913351446390152,0.9964264661073685,1.0019835859537125,1.0084810316562653,1.01281535923481,1.0189428448677063,1.0237330347299576,1.0273152768611908,1.0307606041431427,1.0373087286949159,1.0425829589366913,1.0454862058162688,1.0485045313835144,1.0518301665782928,1.05621799826622,1.0605567395687103,1.0628816962242127,1.0672654330730438,1.069813108444214,1.073332917690277,1.0773864328861236,1.078756958246231,1.081736296415329,1.0847892999649047,1.0890960574150086,1.0910334467887879,1.0944533467292785,1.0961632907390595,1.0983549296855926,1.1013909101486206,1.1032616734504699,1.1054612755775453,1.108398336172104,1.11037535071373,1.112477868795395,1.1154779374599457,1.1162619233131408,1.1189504981040954,1.1222455143928527,1.1223848283290863,1.126030260324478,1.1273480117321015,1.1285772025585175,1.1305904328823089,1.1334007620811462,1.1359037816524507,1.137822163105011,1.139216959476471,1.1404844999313355,1.1423534393310546,1.1457251012325287,1.14642214179039,1.1488082468509675,1.1513118028640748,1.1540363729000092,1.1584947049617766
t_111,1.2581398725509643,1.25361310839653,1.2555278301239015,1.251665723323822,1.2486288785934447,1.2463633120059967,1.2402370870113373,1.2346588730812074,1.2280946373939514,1.2256487905979156,1.2203028500080109,1.2146191954612733,1.2135469138622283,1.2066330790519715,1.2044636607170105,1.196419793367386,1.189985305070877,1.1821280777454377,1.1788338541984558,1.1716762483119965,1.1638669133186341,1.1605197727680205,1.153771710395813,1.1452731311321258,1.1379386365413666,1.1330619037151337,1.1282531857490539,1.1172440707683564,1.1108236730098724,1.1038241863250733,1.0932841956615449,1.0875911831855773,1.0778738141059876,1.0691725313663483,1.058261799812317,1.046739411354065,1.041057687997818,1.0284506857395173,1.0207884073257447,1.0101865887641908,1.0011248141527176,0.9870248377323151,0.9751848816871643,0.9684769183397293,0.951629814505577,0.9407516866922379,0.927274203300476,0.9140494227409363,0.8978987663984299,0.8852018117904663,0.869783678650856,0.8530709058046341,0.837352278828621,0.8227044552564621,0.8040840804576874,0.7863442093133927,0.7684091597795486,0.751028424501419,0.7348364949226379,0.7136708348989487,0.6917932033538818,0.6727353483438492,0.655062410235405,0.6328045189380646,0.6104420989751815,0.5921420067548752,0.5703467726707458,0.5453619688749314,0.5289153218269348,0.5086019545793533,0.48740911334753034,0.458803491294384,0.4380263566970825,0.4182146981358528,0.39295204132795336,0.3666291296482086,0.3444922238588333,0.3179695501923561,0.28871147632598876,0.2627837836742401,0.23980987444519997,0.21340407505631448,0.1812158554792404,0.15422847494482994,0.13024995625019073,0.11303949095308781,0.08286849558353424,0.06748839057981967,0.0,0.06699291355907917,0.08305239118635654,0.10817834809422493,0.13563439697027208,0.16129585057497026,0.1901484802365303,0.2108282059431076,0.2397937297821045,0.26784018278121946,0.2981400117278099,0.3300919339060783,0.3511306867003441,0.37893496453762054,0.40066182166337966,0.42818261981010436,0.446194526553154,0.47071090936660764,0.4920609310269356,0.5167617708444595,0.5376433938741684,0.5592484831809997,0.5796351075172425,0.599346575140953,0.6182963579893113,0.6354768335819244,0.6546474546194077,0.6735534220933914,0.69108267724514,0.7059616297483444,0.7221367746591568,0.7376721709966659,0.7531107693910599,0.7627555012702942,0.7774498552083969,0.7918660342693329,0.8038383096456527,0.8151480585336686,0.8283299565315246,0.8371355950832366,0.8505470007658005,0.8599093109369278,0.8698375940322876,0.8784226417541504,0.8875716507434845,0.8966932773590088,0.9045555144548416,0.9132393628358841,0.921665295958519,0.9297268778085709,0.938616344332695,0.9456920474767685,0.9524237483739852,0.9602196663618088,0.9662970572710037,0.9715318739414215,0.9784818410873413,0.983753427863121,0.9894155114889145,0.9961464583873749,1.000597995519638,1.0067715644836426,1.0118305385112762,1.0154681354761124,1.0191303580999374,1.0257520496845245,1.031092968583107,1.034239614009857,1.0373017579317092,1.0407869875431062,1.0453261375427245,1.0497822284698486,1.0521665573120118,1.05666583776474,1.0592947781085968,1.062959885597229,1.0671262979507445,1.0684761345386504,1.0715841233730317,1.0748012483119964,1.0791812658309936,1.0812330365180969,1.0846840500831605,1.0865275382995605,1.0887491583824158,1.0918501794338227,1.0938159704208374,1.0961014688014985,1.099086743593216,1.1011785924434663,1.1033555209636687,1.1064334511756897,1.1072025299072266,1.1100732266902924,1.113431066274643,1.1135587692260742,1.1173427522182464,1.118689811229706,1.1200266063213349,1.1220967710018157,1.1249470710754395,1.1275607645511627,1.1294850528240203,1.13102685213089,1.1323805928230286,1.1342901706695556,1.1377831161022187,1.1385644972324371,1.1410240173339843,1.1435665249824525,1.1463861346244812,1.1510758519172668
t_110,1.2616756975650787,1.257267379760742,1.2591754019260406,1.2554185569286347,1.2524530231952666,1.250294941663742,1.2443530678749084,1.2389146149158479,1.2325469315052033,1.2301956772804261,1.2249921977519989,1.219463288784027,1.2184636652469636,1.2117750465869903,1.2097203195095063,1.2019108176231383,1.1957050442695618,1.1880912780761719,1.1849140644073486,1.1780354917049407,1.1705001413822174,1.1672445595264436,1.160743635892868,1.1525544106960297,1.1454381048679352,1.1407390415668488,1.1361668825149536,1.1254602193832397,1.119291716814041,1.112458384037018,1.1022981107234955,1.0967233419418334,1.0874232947826385,1.0788799285888673,1.0683155715465547,1.0570979833602905,1.0515570223331452,1.039268183708191,1.0318348854780197,1.021600529551506,1.0126985371112824,0.9989502429962158,0.9874784350395203,0.9808655083179474,0.9644289374351501,0.9538872241973877,0.9407205551862716,0.9277716994285583,0.9120242953300476,0.8996079444885254,0.8845315665006638,0.8681904464960098,0.8529245436191559,0.8387244582176209,0.8203892827033996,0.8030483990907669,0.7854383111000061,0.7687047719955444,0.7530826419591904,0.731911838054657,0.7108235955238342,0.6919286757707596,0.674940612912178,0.6530818551778793,0.630951601266861,0.6134124398231506,0.592166805267334,0.5672367453575134,0.5514835506677628,0.5312819391489029,0.5104475393891335,0.4822299093008041,0.4627490654587746,0.4429122552275658,0.4179336428642273,0.3919035017490387,0.3698882296681404,0.3430587500333786,0.31434227526187897,0.289523708820343,0.26697141528129575,0.24160888642072678,0.20806817561388016,0.1826652057468891,0.15758100524544716,0.13635158762335778,0.1082356557250023,0.0853696245700121,0.06699291355907917,0.0,0.07007046602666378,0.08142072856426238,0.10736000016331673,0.1375705346465111,0.1621311902999878,0.1811609037220478,0.21118561178445816,0.23954776376485826,0.27006822228431704,0.3024812385439873,0.324942509829998,0.3515412211418152,0.37388686686754224,0.402848382294178,0.4213483527302742,0.4451898217201233,0.4668354332447052,0.492113484442234,0.5135752171278,0.535653030872345,0.5571810930967331,0.5767257183790206,0.596824336051941,0.6136522024869919,0.6335384577512742,0.6529075980186463,0.6706529021263122,0.6857533246278763,0.7024013340473175,0.7185378760099411,0.7341973662376404,0.7442717641592026,0.7595297813415527,0.7740671217441559,0.7863378673791885,0.7979987442493439,0.8119915187358856,0.8210364252328872,0.8345226496458054,0.8441535621881485,0.854169362783432,0.863207221031189,0.8724272519350051,0.8818371623754502,0.8899790912866592,0.8989865690469742,0.9075923442840577,0.915826603770256,0.9251463502645493,0.9322160542011261,0.9391673505306244,0.9471695810556412,0.9534499049186707,0.9587801396846771,0.9660384386777878,0.9713910460472107,0.9773189842700958,0.9840982854366302,0.9887253403663635,0.9953050553798676,1.0002620339393615,1.0041482269763946,1.007770863175392,1.0147666811943055,1.0203324139118195,1.0233059704303742,1.0265956193208694,1.0302000254392625,1.0347769260406494,1.039365953207016,1.0418993830680847,1.0464948773384095,1.0492083549499511,1.052983957529068,1.0572605729103088,1.058816373348236,1.0619801521301269,1.0652281165122985,1.0697307884693146,1.0718474566936493,1.0753876090049743,1.0773019075393677,1.0796539068222046,1.0829043924808501,1.0848360121250153,1.087259727716446,1.0903132259845734,1.0924346387386321,1.094660794734955,1.097830021381378,1.0987995207309722,1.1016018390655518,1.1050795257091521,1.1052964210510254,1.109159243106842,1.1106261134147644,1.1119197368621827,1.1140986680984497,1.1170685052871705,1.1197393238544464,1.121798688173294,1.1232614934444427,1.1246766448020935,1.1266753852367402,1.1302175283432008,1.1310288608074188,1.133584976196289,1.136277574300766,1.1392045497894288,1.1438662111759186
t_109,1.2687916815280915,1.264513611793518,1.2663665592670441,1.2626863777637483,1.259813392162323,1.2576640188694,1.2518751263618468,1.2465994358062744,1.2403507471084594,1.238026362657547,1.2329724371433257,1.2275901019573212,1.226587611436844,1.2200522899627686,1.2180322229862213,1.210426914691925,1.2043141305446625,1.1969144344329834,1.1938133895397187,1.187052696943283,1.1796794533729553,1.1765702307224273,1.1702093660831452,1.1621723175048828,1.155229526758194,1.1506516993045808,1.1461320877075196,1.1357581555843352,1.1296815931797028,1.1231283843517303,1.11318399310112,1.107795822620392,1.0985757946968078,1.090393489599228,1.0800683081150055,1.0691615641117096,1.0637648046016692,1.0518481850624084,1.0446036815643311,1.0345145761966705,1.0259375870227814,1.0125688701868056,1.0013338536024095,0.9949550151824951,0.9789880454540253,0.9685891270637512,0.9557849645614624,0.9432643264532089,0.9279288917779922,0.9158825308084488,0.9011591643095016,0.8852738827466965,0.870293140411377,0.8562957376241684,0.8385894924402237,0.8216485649347305,0.8045678168535233,0.7878934770822525,0.772374501824379,0.7522618412971497,0.7312749147415161,0.7130098611116409,0.6960990875959396,0.6748132228851318,0.6534309715032578,0.6357973098754883,0.6147057950496674,0.5908650934696198,0.5750534743070602,0.5555202752351761,0.5349430024623871,0.5075405538082123,0.48707396239042283,0.46818730384111407,0.4438222452998161,0.41813390552997587,0.39637416452169416,0.3707611531019211,0.3422240108251572,0.31668126583099365,0.29435125589370725,0.267334409058094,0.23573121577501296,0.20832993164658548,0.18400710672140122,0.16370831727981566,0.13074106276035308,0.10975410491228103,0.08305239118635654,0.07007046602666378,0.0,0.07421903349459172,0.09355088770389557,0.10887940004467964,0.139052377641201,0.1591229185461998,0.1880522847175598,0.2163485772907734,0.24529872164130212,0.2783041536808014,0.2994166031479836,0.3284296154975891,0.35056759268045423,0.37861482352018355,0.3974461525678635,0.4228101417422295,0.44519261866807935,0.47104543149471284,0.4926408663392067,0.5146047830581665,0.5356171280145645,0.5565169066190719,0.5758944898843765,0.5944186508655548,0.6142764896154403,0.633994135260582,0.6525528460741044,0.6681861162185669,0.685236644744873,0.7011628150939941,0.7176859200000762,0.7278356194496155,0.7429153501987458,0.7583517491817474,0.7709479331970215,0.7828141957521438,0.7962954461574554,0.8056555896997452,0.8198280781507492,0.8297405987977982,0.8403238475322723,0.8491664290428161,0.8589055985212326,0.8685443550348282,0.8768546223640442,0.8858914047479629,0.8947706401348114,0.9033066809177399,0.9125335663557053,0.9201481193304062,0.9271868199110032,0.9353484600782395,0.941780686378479,0.9473877161741256,0.9546005994081497,0.9602504163980484,0.9661552995443344,0.9732713639736176,0.9779322624206543,0.9842914372682572,0.9898554801940918,0.993627279996872,0.9976060122251511,1.0043787121772767,1.009887120127678,1.013433262705803,1.016671073436737,1.020365473628044,1.0251744866371155,1.029867735505104,1.0324205219745637,1.0371179074048995,1.039908492565155,1.0437955379486084,1.0481724441051483,1.049577569961548,1.052867943048477,1.056371521949768,1.0608872056007386,1.0631674885749818,1.066734004020691,1.0687320590019227,1.0710669100284576,1.0743187010288238,1.0764724493026734,1.0788932025432587,1.0819619059562684,1.0843087017536164,1.0865609765052795,1.0898035287857055,1.0905585765838623,1.093732762336731,1.0971888184547425,1.0973560154438018,1.1013156294822692,1.1027593910694122,1.1042963981628418,1.106482446193695,1.1093968212604524,1.1121873676776886,1.114184957742691,1.1159277200698852,1.1174400866031646,1.119412499666214,1.1231259822845459,1.1240201354026795,1.1266464233398437,1.1292765080928802,1.1322625279426575,1.1372700035572052
t_108,1.2719793379306794,1.2678315699100495,1.26969353556633,1.2661275029182435,1.2633404433727264,1.2613146722316741,1.2557295918464662,1.2505915880203247,1.244558084011078,1.2423509418964387,1.237441647052765,1.2322197139263154,1.2312843084335328,1.2249834835529327,1.223092609643936,1.215715217590332,1.2098544836044312,1.2026911675930023,1.199683177471161,1.1932008564472198,1.186101096868515,1.1830340027809143,1.1768734216690064,1.1691288948059082,1.1623443961143494,1.157899057865143,1.1536509573459626,1.1434631824493409,1.1376429438591003,1.1312025785446167,1.1215293765068055,1.1162543535232543,1.1074924767017365,1.0992987334728241,1.08928080201149,1.0786132633686065,1.0733385741710664,1.0616658270359038,1.0546093225479125,1.0448881804943084,1.0364069581031798,1.0233038127422334,1.0124455869197846,1.0060993909835816,0.990463063120842,0.9803848445415497,0.9678458511829376,0.9554540127515793,0.9405306428670883,0.9287081778049469,0.9142545074224472,0.8986564606428147,0.8840510666370391,0.870502695441246,0.8529232859611511,0.8364729911088944,0.8195741355419159,0.8035937011241913,0.7886613547801972,0.7682818859815598,0.7481051474809647,0.7299415856599808,0.7136512339115143,0.6926102012395858,0.6714496076107025,0.6546255260705948,0.6343255013227462,0.6101372987031937,0.5950900971889496,0.575623419880867,0.5554615646600723,0.5281723022460938,0.5094655573368072,0.49023028612136843,0.4659637749195099,0.4408383175730705,0.419409242272377,0.3933069214224815,0.36539306938648225,0.3409505471587181,0.3190461158752441,0.2939180493354797,0.26036238521337507,0.23567154482007027,0.20965095311403276,0.18735274970531463,0.1583050698041916,0.13158371895551682,0.10817834809422493,0.08142072856426238,0.07421903349459172,0.0,0.06978660896420479,0.09431780949234962,0.11510991975665093,0.1302242748439312,0.15839043259620667,0.18693147525191306,0.217799574136734,0.2503451928496361,0.2736657053232193,0.3004790097475052,0.3234343513846397,0.3531266376376152,0.37245669662952424,0.39658766239881516,0.41923748701810837,0.4452656149864197,0.46728213131427765,0.4905397340655327,0.5128682956099511,0.5333045661449433,0.5541860580444335,0.5717952311038971,0.5925082385540008,0.6127146244049072,0.6312533915042877,0.6470478475093842,0.6643929153680801,0.6814418405294418,0.6976612210273743,0.7084704399108886,0.724447152018547,0.7394881069660186,0.7524158239364624,0.7647261202335358,0.7794738441705704,0.7890324562788009,0.8030543744564056,0.8131041049957275,0.8237468004226685,0.833283519744873,0.8429458022117615,0.8529072850942612,0.8615217953920364,0.8709897756576538,0.8801494657993316,0.8887618660926819,0.8984988421201706,0.9059475749731064,0.9133058667182923,0.9217520356178284,0.9282475382089614,0.9339333027601242,0.9415898621082306,0.9472015976905823,0.9534553587436676,0.9606369942426681,0.9655791908502579,0.9724369794130325,0.9775526136159897,0.9817840844392777,0.9856829166412353,0.9928992182016373,0.9987421870231629,1.0019553482532502,1.0054191946983337,1.0092811971902846,1.014043742418289,1.018879783153534,1.0216230541467666,1.026402732729912,1.0292961418628692,1.0332947760820388,1.037757432460785,1.0394955337047578,1.0428794980049134,1.0462858736515046,1.0509563505649566,1.0532785296440124,1.0569868326187133,1.0590730607509613,1.0616005301475524,1.0649690806865693,1.0671014785766602,1.0696227729320527,1.072878634929657,1.0751446187496185,1.0775154948234558,1.080767285823822,1.081912887096405,1.084884124994278,1.0884063780307769,1.0888105571269988,1.0927723944187164,1.0943631947040557,1.0957814514636994,1.0981390058994294,1.1012259781360627,1.1040074586868287,1.1062102556228637,1.1078328490257263,1.1093604624271394,1.1115188658237458,1.1151896238327026,1.1162336409091949,1.118892365694046,1.1217593610286714,1.1248932003974914,1.1297028243541718
t_107,1.2763590812683105,1.2723313450813294,1.2741575181484222,1.2706888318061829,1.26796498298645,1.2659978806972503,1.2605632841587067,1.255561113357544,1.2496745049953462,1.247531259059906,1.242750698328018,1.2376716792583466,1.236762660741806,1.2306353807449342,1.2288145184516908,1.2216429889202118,1.2159294724464416,1.2089755356311798,1.2060441315174102,1.1997504770755767,1.1928506374359131,1.189879846572876,1.1838964164257049,1.1763680756092072,1.169757789373398,1.1654392421245574,1.1613511145114899,1.1514440536499024,1.1457807838916778,1.1395330905914307,1.1301382184028625,1.1250022113323213,1.1164882063865662,1.1085288524627686,1.0987735271453858,1.088395631313324,1.0832473576068877,1.0718977272510528,1.0650519728660583,1.0555914103984834,1.0473332762718202,1.0345681190490723,1.024008685350418,1.0178094923496246,1.0026016354560852,0.9927606374025345,0.9805435687303543,0.9684754580259323,0.9539600878953933,0.9424628466367722,0.9283429116010666,0.9131407588720322,0.898927316069603,0.8857400447130204,0.8686105877161026,0.8525648683309555,0.8360836982727051,0.8205079197883606,0.8059626966714859,0.7860430926084518,0.7664295405149459,0.748612231016159,0.7327698588371276,0.7121896266937255,0.6915966987609863,0.675157567858696,0.6552424281835556,0.6315864056348801,0.616883647441864,0.597856217622757,0.5780463367700577,0.5514176160097122,0.5330908298492432,0.5142260745167733,0.49031559079885484,0.46576808094978334,0.44465077817440035,0.4188732266426086,0.3915694832801819,0.3674801379442215,0.3458885744214058,0.3212628155946732,0.2875749871134758,0.26376833617687223,0.23777707070112228,0.21614108458161355,0.18622279316186904,0.16094882488250734,0.13563439697027208,0.10736000016331673,0.09355088770389557,0.06978660896420479,0.0,0.08291112706065178,0.09000045992434025,0.10810662768781185,0.13463318943977357,0.16138255670666696,0.19203134030103683,0.22433121800422667,0.2479538232088089,0.2743077740073204,0.29740226864814756,0.3274622604250908,0.34726647585630416,0.3717292919754982,0.3944655880331993,0.42087178230285643,0.4433879941701889,0.46696528047323227,0.489584618806839,0.5105239570140838,0.5318210870027542,0.5498640835285187,0.5709972113370896,0.5915659010410309,0.6104996532201767,0.6267355680465698,0.6445352911949158,0.661887589097023,0.6785390585660934,0.6896099060773849,0.7059606492519379,0.7214312374591827,0.7347027659416199,0.7472660303115845,0.7623566508293151,0.7721986442804336,0.7865223705768585,0.7968326658010483,0.8077738016843796,0.8175169438123703,0.8274819821119308,0.8376892060041428,0.8465496271848678,0.8562191963195801,0.8656207889318466,0.8744801938533783,0.8844427287578582,0.8920945018529892,0.8996400952339172,0.9082810550928115,0.9149528950452804,0.9208305150270462,0.9286563575267792,0.9344367206096649,0.9408665895462036,0.9481826245784759,0.9532381743192673,0.960288354754448,0.9655578583478928,0.9699205100536347,0.9739454984664917,0.981294471025467,0.9872579663991928,0.9906052559614181,0.9941637575626373,0.9981686025857925,1.0030418068170548,1.0080061435699463,1.0108470231294633,1.0157366156578065,1.0187138497829438,1.0228441596031188,1.027417281270027,1.0292258769273759,1.032708066701889,1.0362375497817993,1.0409845888614655,1.043402075767517,1.0471816062927246,1.0493595242500304,1.0519544720649718,1.0554362773895263,1.0576156497001648,1.0602429687976838,1.063560998439789,1.0659257113933562,1.0683376491069794,1.0716847419738769,1.0728761792182921,1.0759581267833709,1.0795587480068207,1.0800132989883422,1.0840671718120576,1.0857332229614258,1.0872112691402436,1.0896557807922362,1.0927964091300963,1.095678597688675,1.0979383051395417,1.0996182322502137,1.1012329936027527,1.1034296095371245,1.1072138488292693,1.1083163261413573,1.1110641658306122,1.1140025496482848,1.1172324001789093,1.1221936821937561
t_106,1.2842725932598114,1.2803674638271332,1.2821369826793672,1.2787208199501037,1.2760761439800263,1.2740934789180756,1.2687896370887757,1.2639352917671203,1.2581502199172974,1.2560136556625365,1.2513681828975678,1.2463994443416595,1.2454824209213258,1.2394785761833191,1.2376711249351502,1.2306792259216308,1.2250220775604248,1.218270182609558,1.2154063940048219,1.2091935217380523,1.2024162650108337,1.1996122777462006,1.193732988834381,1.18632915019989,1.1798954904079437,1.1756811380386352,1.171593475341797,1.1620222687721253,1.1564024090766907,1.150419920682907,1.1412410140037537,1.136269211769104,1.1277672410011292,1.1201826810836792,1.1106660604476928,1.1006009340286256,1.0956253588199616,1.0846543252468108,1.0779889464378356,1.0686593115329743,1.0607449114322662,1.0483741998672484,1.038032478094101,1.0321021854877472,1.0173950731754302,1.0076942265033721,0.9958606094121933,0.9842754870653152,0.9701861172914505,0.9590618401765824,0.9453349620103836,0.930633595585823,0.9167062819004059,0.9037292808294296,0.887308058142662,0.8716513484716415,0.8557605296373367,0.8402488231658936,0.8257733076810837,0.8070717453956604,0.7875278323888779,0.7704435765743256,0.7546442478895188,0.734683221578598,0.714929461479187,0.6983622372150421,0.6786316841840744,0.6562136441469193,0.6413944989442826,0.6231032073497772,0.6036986649036408,0.5778420358896256,0.558571994304657,0.5407264292240143,0.5175647914409638,0.493447881937027,0.47272282391786574,0.4480673849582672,0.4209691762924194,0.39650706946849823,0.3749003767967224,0.3487770467996597,0.3176602333784103,0.2918688043951988,0.2669798508286476,0.2462443269789219,0.2134385511279106,0.19037531167268754,0.16129585057497026,0.1375705346465111,0.10887940004467964,0.09431780949234962,0.08291112706065178,0.0,0.08214733228087426,0.09155927635729313,0.11369362100958824,0.13907314762473105,0.16543081775307655,0.19756267964839935,0.21798670813441276,0.24920911863446235,0.27181471735239027,0.29950881749391556,0.31956632137298585,0.34638563096523284,0.37004777491092683,0.3971207693219185,0.41964316815137864,0.4427462726831436,0.4644903302192688,0.48726536631584166,0.5073918581008912,0.5277016192674637,0.5486421406269073,0.5697060614824295,0.5896083652973175,0.6065956056118011,0.6248554915189743,0.6418073147535324,0.6596195846796036,0.6706578969955445,0.6866779655218125,0.703452080488205,0.7170952737331391,0.7298633605241776,0.7440913856029511,0.7543454647064209,0.769649201631546,0.7803241938352585,0.7920146971940994,0.8014107018709182,0.8120871365070343,0.8225400149822235,0.8315895110368728,0.8412540346384049,0.8509572714567184,0.8602037996053695,0.8699907600879669,0.8784091085195541,0.8860481590032577,0.894862687587738,0.9017819762229919,0.9079882949590683,0.9157122284173965,0.9218849122524262,0.9282136023044586,0.9360175997018814,0.941052708029747,0.9477622926235199,0.9538851827383041,0.9580516576766968,0.9625359952449799,0.9696209043264389,0.9754568755626678,0.9795664519071579,0.983052933216095,0.9871670007705688,0.9923479914665222,0.9974284470081329,1.0002694964408874,1.005297788977623,1.0083711326122284,1.0126077950000762,1.0173123866319655,1.0189024329185485,1.0225400447845459,1.0264124244451522,1.0311713576316834,1.0337996900081634,1.0376018762588501,1.0398940563201904,1.0424325823783875,1.0458952248096467,1.048369973897934,1.0509973168373108,1.0543254733085632,1.056984108686447,1.0594253718852997,1.062872451543808,1.063747227191925,1.067313116788864,1.0709329068660736,1.0712493896484374,1.0754885852336884,1.0770845472812653,1.0789126694202422,1.0813121676445008,1.084415453672409,1.087454968690872,1.089601594209671,1.091677153110504,1.093400639295578,1.0955568611621858,1.0995558023452758,1.100756162405014,1.103612768650055,1.1064374685287475,1.1097453474998473,1.115235036611557
t_105,1.2871274054050446,1.2833355367183685,1.2851056516170503,1.2817996203899384,1.2792174637317657,1.2773435354232787,1.2721962988376618,1.26747305393219,1.2618682742118836,1.2598262190818788,1.2553019881248475,1.2504872798919677,1.2496294856071473,1.2438425362110137,1.2421403646469116,1.2353614747524262,1.2299171149730683,1.223385739326477,1.2206093668937683,1.2146561861038208,1.2081285119056702,1.2053856313228608,1.1997299075126648,1.1925821959972382,1.1863290786743164,1.182258015871048,1.1784113347530365,1.169076156616211,1.1636871695518494,1.1578423857688904,1.1489680051803588,1.144109320640564,1.1359951794147491,1.128504079580307,1.1192731380462646,1.1094643294811248,1.1045872747898102,1.0938760638237,1.08741238117218,1.0784053087234498,1.0706150770187377,1.0585305988788605,1.0485215306282043,1.0426638066768645,1.028291791677475,1.0188892036676407,1.0073110282421112,0.9959197163581848,0.9822044461965561,0.971326008439064,0.957886067032814,0.943474504351616,0.9299652427434921,0.9174104690551758,0.9011803925037384,0.8859117865562439,0.8702554315328598,0.8553934812545776,0.8414580672979355,0.8226624071598053,0.8038781732320786,0.7869090765714646,0.7717589318752289,0.7521164864301682,0.73259536921978,0.7167770057916641,0.6975895583629608,0.6751598656177521,0.6610835552215576,0.6429178804159165,0.6239149421453476,0.5984296560287475,0.5804854899644851,0.5626462429761887,0.5397244960069656,0.5160953983664512,0.49564259499311447,0.47095281779766085,0.44446264058351515,0.42109672725200653,0.39999098628759383,0.37537127137184145,0.34335737824440005,0.3192719742655754,0.2941533237695694,0.27277949303388593,0.24219214618206025,0.2180210344493389,0.1901484802365303,0.1621311902999878,0.139052377641201,0.11510991975665093,0.09000045992434025,0.08214733228087426,0.0,0.07354972399771213,0.09093519635498523,0.11413054056465625,0.13944064155220987,0.1716805048286915,0.19350183010101318,0.22015826106071473,0.24352597445249557,0.27327446043491366,0.29393127709627154,0.31898627430200577,0.34235917776823044,0.3698639705777168,0.39311781227588655,0.416914676129818,0.4402311101555824,0.46231735348701475,0.4839580863714218,0.5033437460660934,0.5252841681241989,0.546685791015625,0.566610699892044,0.5837943434715271,0.602482196688652,0.620416784286499,0.6381322801113128,0.6497847884893417,0.66669941842556,0.6833048701286316,0.6972383618354797,0.7104070782661438,0.7259037792682648,0.736358842253685,0.7515552312135696,0.7625543981790542,0.7742483466863632,0.7843331724405289,0.79498570561409,0.8058046191930771,0.8151227504014968,0.8251640498638153,0.8351179301738739,0.8445285946130753,0.8548243761062622,0.8631489515304566,0.8710141241550445,0.8801107734441758,0.887171158194542,0.8934776306152343,0.9016668289899826,0.9078552007675171,0.9145759403705597,0.9223204284906388,0.9276520550251007,0.934940829873085,0.940736648440361,0.9452711313962936,0.949654969573021,0.9572660595178604,0.9634161531925202,0.9671783834695816,0.9709510385990143,0.975208368897438,0.980390390753746,0.9856042742729187,0.988623496890068,0.9937483578920364,0.9969034850597381,1.0013064295053482,1.0061296820640564,1.007998675107956,1.0117050498723983,1.015544703602791,1.020456427335739,1.023128616809845,1.0270224630832672,1.0294185876846313,1.0321310222148896,1.0357499241828918,1.0381434917449952,1.0409553229808808,1.0443791151046753,1.046994435787201,1.0495408296585083,1.0530481159687042,1.0542737662792205,1.0576645970344543,1.0614266633987426,1.061895978450775,1.066201627254486,1.067968589067459,1.069667434692383,1.0722642481327056,1.075501960515976,1.0785898625850678,1.080935573577881,1.082835078239441,1.0846513867378236,1.0869301557540894,1.090959334373474,1.0922207474708556,1.095159149169922,1.0982203006744384,1.101646935939789,1.1070400476455688
t_104,1.291049098968506,1.2873396456241608,1.2891045212745667,1.2858638048171998,1.2833442091941833,1.281529039144516,1.2765071749687196,1.2718909204006195,1.2664192080497743,1.2644431829452514,1.2600256621837616,1.2553173065185548,1.2544920921325684,1.2488544464111329,1.2472200036048888,1.2406006276607513,1.2352897763252257,1.2289146900177002,1.2262233197689056,1.2204348027706147,1.214059293270111,1.2113796174526215,1.2058543980121612,1.1988897919654846,1.1927513778209686,1.188770979642868,1.1850519895553588,1.175895631313324,1.170643824338913,1.1649109721183777,1.156235808134079,1.1514621555805207,1.1435832023620605,1.1361994087696075,1.1271744251251221,1.1175607025623322,1.1127835750579833,1.1022832334041595,1.0959586381912232,1.0871740996837616,1.0795070767402648,1.0676468849182128,1.0578599214553832,1.0520776093006134,1.037997156381607,1.0287945598363877,1.0174416542053222,1.0062338918447495,0.9928385496139527,0.9821695148944855,0.9689848184585571,0.9548316985368729,0.9416025280952454,0.9293406248092652,0.913357013463974,0.8983806788921356,0.8830085724592209,0.8685100227594376,0.854920157790184,0.8363006234169006,0.8179743319749833,0.8012168049812317,0.7864209830760955,0.7671305447816849,0.7478983521461486,0.7324799865484237,0.7137416362762451,0.6914829522371292,0.6777799189090729,0.6597784429788589,0.6411719471216202,0.6160380214452743,0.5987250089645386,0.5810090273618698,0.5583240181207657,0.5351326555013657,0.5149665534496307,0.49034704864025114,0.4643371865153313,0.44145155102014544,0.42040990591049193,0.3965268298983574,0.3645873963832855,0.340963126718998,0.315643709897995,0.2940251335501671,0.2640217676758766,0.2391852468252182,0.2108282059431076,0.1811609037220478,0.1591229185461998,0.1302242748439312,0.10810662768781185,0.09155927635729313,0.07354972399771213,0.0,0.06547754891216755,0.0878260362893343,0.11462112106382846,0.14707081094384195,0.16832578107714652,0.19596122503280639,0.2191300369799137,0.24982866048812866,0.27016026377677915,0.29502466768026353,0.3187729060649872,0.3466510772705078,0.37001521289348605,0.39456612765789034,0.41871689856052396,0.44080436825752256,0.4631788402795792,0.4824467107653618,0.5049653887748718,0.526972982287407,0.546967750787735,0.5645089596509933,0.58346506357193,0.6020097464323044,0.619923785328865,0.6318590134382248,0.6493879407644272,0.6661334782838821,0.6803653329610825,0.6937833547592163,0.7100046217441559,0.7206214070320129,0.7360320121049881,0.747207635641098,0.7591365188360214,0.7695854574441909,0.7803739696741104,0.7914419770240784,0.8009745150804519,0.8112927138805389,0.8214915215969085,0.8310934692621231,0.8417707502841949,0.8501256912946701,0.8581818521022797,0.8675468802452088,0.8747231841087342,0.8811332613229752,0.8896473675966263,0.8958964347839355,0.9028242319822312,0.91069695353508,0.9161918878555297,0.9237809360027314,0.9295374840497971,0.9342945903539658,0.9387060344219208,0.9466311275959015,0.9529529750347138,0.9566347450017929,0.960545289516449,0.9649586468935013,0.9702010303735733,0.9755282908678055,0.9786583662033081,0.9838927149772644,0.9871155023574829,0.9916418224573136,0.996589919924736,0.9985915899276734,1.0023644477128983,1.0062907218933106,1.0112945169210434,1.0140329480171204,1.0179868459701538,1.0204913675785066,1.0233047544956206,1.0270345270633698,1.0294434309005738,1.0323644161224366,1.0358801275491714,1.0385149717330933,1.0411316335201264,1.044730257987976,1.0461021840572358,1.0494953632354735,1.0533762514591216,1.053887289762497,1.058314073085785,1.060158896446228,1.0618413984775543,1.0645359456539154,1.0678745806217194,1.0710253238677978,1.073481011390686,1.0753577470779419,1.077226424217224,1.0796207189559937,1.0837029814720154,1.0850450575351716,1.0880633473396302,1.0912347435951233,1.0947932004928589,1.1002382576465606
t_103,1.295425134897232,1.2918400406837462,1.2935808777809144,1.2904231607913972,1.287982553243637,1.2862154603004456,1.2813586235046386,1.2768737494945526,1.2715414583683013,1.269625824689865,1.2653496444225312,1.260779905319214,1.2599642336368562,1.2545030057430266,1.2529444932937621,1.2465162873268127,1.241350281238556,1.2352017223834992,1.2325669944286346,1.2269599080085754,1.2207823514938354,1.2181980192661286,1.2128205955028535,1.206064110994339,1.200075924396515,1.1962138056755065,1.1926493346691132,1.1837205410003662,1.1786291241645812,1.1730903267860413,1.1646505355834962,1.160011786222458,1.1523930549621582,1.145188671350479,1.1364447176456451,1.127109283208847,1.1224716246128081,1.112278664112091,1.1061438620090485,1.0976121723651886,1.0901729941368103,1.0786261975765228,1.069173938035965,1.063527727127075,1.0498640060424804,1.0408875465393066,1.0298531889915465,1.0189553886651992,1.0060314595699311,0.9956706494092942,0.9827951073646546,0.9690560221672058,0.9561618208885193,0.9442141950130463,0.92865492105484,0.914178928732872,0.8991795063018799,0.8850813925266265,0.8718186169862747,0.853692376613617,0.8357941776514053,0.8194578289985657,0.8049824923276901,0.7861360132694244,0.767521396279335,0.7524481803178787,0.7342103451490403,0.7123941838741302,0.6990769416093826,0.6815360218286515,0.6633376479148865,0.6386884391307831,0.6217114597558975,0.6044316709041595,0.5821627497673034,0.5595593959093094,0.5398837149143219,0.5157038539648056,0.4902613550424576,0.46761766672134397,0.4470441982150078,0.42356827259063723,0.39207188934087756,0.36881804168224336,0.34371844977140426,0.3223466783761978,0.29286769926548006,0.2680719032883644,0.2397937297821045,0.21118561178445816,0.1880522847175598,0.15839043259620667,0.13463318943977357,0.11369362100958824,0.09093519635498523,0.06547754891216755,0.0,0.06832990720868111,0.09002160727977752,0.12048120573163032,0.1399686299264431,0.16789862737059594,0.19069589376449586,0.22031599059700965,0.2408231057226658,0.2658316448330879,0.2902434840798378,0.31825273782014846,0.3413928598165512,0.366974501311779,0.391188009083271,0.4138855427503586,0.4364657014608383,0.45629324316978453,0.47915126085281373,0.5016978308558464,0.5221565693616868,0.5401230037212372,0.5593913614749908,0.5785221487283707,0.596640208363533,0.6090868085622787,0.6269978761672974,0.643975579738617,0.6586791664361954,0.6725038349628448,0.6890276998281479,0.7000371962785721,0.7157623022794724,0.7272015154361725,0.7395463317632676,0.7503105103969574,0.7614421397447586,0.7728138774633407,0.7826663017272949,0.7932360678911209,0.8038216173648834,0.8136348694562912,0.8245293736457825,0.8331550985574723,0.8415412575006485,0.8511060446500778,0.8584496259689331,0.8651151329278945,0.8738459825515748,0.8802674859762192,0.8873870521783829,0.8955466389656067,0.9012303233146668,0.9089234232902527,0.9147879034280777,0.9197797268629074,0.9244068711996078,0.9323917090892792,0.9388844519853592,0.9428005188703537,0.9468158185482025,0.9513731718063354,0.956768798828125,0.9622537642717361,0.965497824549675,0.970868495106697,0.9742292195558548,0.9788687467575073,0.9838912576436997,0.986041185259819,0.9899923413991928,0.9940086960792541,0.9990927785634994,1.0019765734672545,1.0060337871313094,1.0086820244789123,1.0116115152835845,1.0153864294290542,1.0179426491260528,1.0209262758493423,1.0245824426412582,1.0273286342620849,1.0300660282373428,1.0337074756622315,1.0351966500282288,1.0387109100818634,1.04258451461792,1.0432755887508391,1.0477397978305816,1.0496345698833465,1.0514443457126617,1.0542657732963563,1.0576474964618683,1.0608796179294586,1.0634120941162108,1.0654646456241608,1.0674199104309081,1.0698806643486023,1.0740384459495544,1.075600451231003,1.0786969602108,1.0819645345211029,1.0856651067733765,1.0912524700164794
t_102,1.3002054870128632,1.29673570394516,1.2984529674053191,1.2953733503818512,1.293006533384323,1.2912968277931214,1.2865929067134858,1.2822384417057038,1.2770498096942902,1.275194925069809,1.2710375845432282,1.2666052162647248,1.265814083814621,1.2605138659477233,1.2590208768844604,1.2527745544910431,1.247752732038498,1.2418035686016082,1.239242035150528,1.2337937891483306,1.227797693014145,1.2252969861030578,1.2200659215450287,1.2135004460811616,1.2076658844947814,1.2039167761802674,1.2004810690879821,1.1917835235595704,1.1868383407592773,1.1814492881298064,1.1732467710971832,1.1687210321426391,1.1613325774669647,1.154314637184143,1.1458076000213624,1.1367160022258758,1.1322049975395203,1.122283011674881,1.1163238286972046,1.108022892475128,1.100787776708603,1.0895265817642212,1.0803296387195587,1.0748182475566863,1.061527782678604,1.0527658879756927,1.042035073041916,1.0314158737659453,1.0188553750514984,1.0087652117013932,0.9961776196956634,0.9827857136726379,0.9702017366886139,0.9585832774639129,0.9433853983879089,0.92928366959095,0.9146417021751404,0.9009057521820069,0.8879810512065888,0.8702304571866989,0.8527723699808121,0.8367872893810272,0.8226845443248749,0.8042302697896957,0.7860684722661972,0.7713535994291305,0.7535536020994187,0.7321721494197846,0.7191974520683289,0.7020302444696427,0.6842553526163101,0.6601034939289093,0.6435936659574508,0.6266508281230927,0.6047822177410126,0.5826864808797836,0.5634066373109817,0.5396205127239228,0.5146732181310654,0.4924761474132538,0.47230910807847976,0.4494051307439804,0.4180233046412468,0.3954549700021744,0.3707911789417267,0.3497081145644188,0.3204819574952126,0.2960082650184631,0.26784018278121946,0.23954776376485826,0.2163485772907734,0.18693147525191306,0.16138255670666696,0.13907314762473105,0.11413054056465625,0.0878260362893343,0.06832990720868111,0.0,0.07486270703375339,0.09683276750147343,0.11656205244362354,0.14179407879710199,0.1629893034696579,0.19352251291275024,0.21405216977000235,0.23934869170188905,0.26355560421943663,0.29133165180683135,0.3153343662619591,0.3412849083542824,0.36572215110063555,0.3889070987701416,0.4118303433060646,0.4320352807641029,0.4551843464374542,0.4782373487949371,0.4990081608295441,0.5174608245491982,0.5370609492063523,0.5566316694021225,0.575172758102417,0.5879295855760575,0.6063696622848511,0.6237125903367996,0.6387414574623108,0.6528694182634354,0.6699515134096146,0.6812280535697937,0.6972965240478516,0.7089837670326233,0.7216813892126084,0.7327293008565903,0.7441785722970963,0.7558032840490341,0.7659273654222488,0.7767701238393784,0.787658441066742,0.7977255553007125,0.8089086204767227,0.8176979720592499,0.8263271033763886,0.8361230701208114,0.8436442315578461,0.8505298435688019,0.8595088690519332,0.8660817533731461,0.8734655052423477,0.8817706435918808,0.887632641196251,0.8955654114484787,0.9015377730131149,0.9067188829183579,0.9115026891231537,0.9196616619825363,0.9263404250144959,0.9303395420312881,0.9344830185174942,0.9392412185668946,0.9447267353534698,0.9503495067358017,0.9537326663732528,0.9592187821865081,0.962665119767189,0.9674705892801285,0.9726073443889618,0.9748788058757782,0.9789578914642334,0.9830703616142273,0.9882755637168884,0.9912279903888702,0.9953903824090957,0.9981680989265442,1.001193568110466,1.0050605535507202,1.0077046781778336,1.0107850790023805,1.0145509481430053,1.017366948723793,1.0201794803142548,1.0239055305719376,1.025501909852028,1.0291141271591187,1.033044296503067,1.0338253200054168,1.0383733689785004,1.040371733903885,1.042224681377411,1.045149141550064,1.048612654209137,1.0519311368465423,1.0545428276062012,1.0566490292549133,1.0586733639240264,1.0612436771392821,1.0654570579528808,1.067136424779892,1.0703095734119414,1.0736995697021485,1.0775150775909423,1.08323792219162
t_101,1.306117707490921,1.3027603328227997,1.3044389367103577,1.3014322638511657,1.2991340637207032,1.2974605143070221,1.2928895711898805,1.2886626362800597,1.2836091935634613,1.2818002820014953,1.2777653932571411,1.273463362455368,1.2726937532424927,1.2675486028194427,1.266108226776123,1.2600610554218292,1.255188626050949,1.2494455218315124,1.2469714999198913,1.241690880060196,1.2358987212181092,1.2335031509399415,1.2284523487091064,1.2220827460289,1.2164313554763795,1.2128161132335662,1.2094930052757262,1.20109720826149,1.196295338869095,1.1911133766174316,1.1831631302833556,1.1787976801395417,1.1715962946414948,1.164836770296097,1.1566022753715515,1.147800189256668,1.143410986661911,1.133819717168808,1.1280441403388977,1.1199671268463134,1.1129509150981902,1.1020392954349518,1.0930988907814025,1.0877585470676423,1.0748750269412994,1.0663114070892334,1.0558976411819458,1.0455895781517028,1.0333773016929626,1.0235812366008759,1.011318439245224,0.9983094930648804,0.9860711574554444,0.9747538983821868,0.9600252449512482,0.9462955445051193,0.9320880621671677,0.9186451196670532,0.9060427069664001,0.8888897359371185,0.8718281149864197,0.8562265872955322,0.8424990326166153,0.8245503336191178,0.8068698763847351,0.7924763113260269,0.7750003844499588,0.7542677462100983,0.7415292680263519,0.724787038564682,0.7073766559362411,0.6839953154325485,0.6675407379865647,0.6511823415756226,0.6298308581113815,0.6081851422786713,0.5892206221818924,0.5661072820425034,0.5416694313287735,0.5197924852371216,0.5000769376754761,0.4772381454706192,0.44693805277347565,0.4241305127739906,0.40011520236730574,0.37922578006982804,0.35015087127685546,0.32628351598978045,0.2981400117278099,0.27006822228431704,0.24529872164130212,0.217799574136734,0.19203134030103683,0.16543081775307655,0.13944064155220987,0.11462112106382846,0.09002160727977752,0.07486270703375339,0.0,0.07566354870796203,0.09259123280644417,0.11425905749201774,0.13317424282431603,0.16304573863744737,0.18378417938947678,0.20860789641737937,0.23357580006122589,0.2622462332248688,0.2862888976931572,0.3117272794246674,0.3364562436938286,0.36045808494091036,0.3833289995789528,0.40465630441904066,0.4281961783766747,0.4516462773084641,0.47329366356134417,0.4921339154243469,0.5124134421348572,0.5320898771286011,0.551509502530098,0.5646628856658935,0.5832001268863678,0.6013287305831909,0.6168512403964996,0.6313002824783325,0.648482283949852,0.6600958496332169,0.6768307507038116,0.6889113247394562,0.7021188735961914,0.7133138865232468,0.7251852035522461,0.7371879279613495,0.7476401478052139,0.7587279796600341,0.7699345052242279,0.7804052501916885,0.7917821705341339,0.8009730577468872,0.8097877115011215,0.8199139922857285,0.8276688903570175,0.8348581939935684,0.8439953953027726,0.8508152335882186,0.8583659619092942,0.8669530093669892,0.8730065107345581,0.8809796005487442,0.8873885303735733,0.8926158457994461,0.8976817905902863,0.9058866441249848,0.9126344144344329,0.9170177638530731,0.9212863564491272,0.9261768102645874,0.9318913459777832,0.9376858681440353,0.9411687076091766,0.9467612028121948,0.9503877073526382,0.9553010940551758,0.9606100171804428,0.9629214882850647,0.9671475887298584,0.9714584469795227,0.9767371326684952,0.9799020916223526,0.9840946108102798,0.9870180696249008,0.9901147484779358,0.9940839022397995,0.99688218832016,1.000075787305832,1.003880614042282,1.0069013386964798,1.0097470045089723,1.0135891675949096,1.0151799947023392,1.0190104454755784,1.0230246126651763,1.0238148719072342,1.0285210609436035,1.0305471301078797,1.0326014041900635,1.0355651021003722,1.0390934705734254,1.042564833164215,1.0451898634433747,1.0474953651428223,1.0496289551258087,1.0522166192531586,1.0566330075263977,1.0583920300006866,1.061708265542984,1.0651503086090088,1.0690732419490814,1.0750520825386047
t_100,1.3108588397502898,1.3076159060001373,1.3092786252498627,1.3063479244709015,1.3041292905807496,1.3025168538093568,1.2981120705604554,1.2940180957317353,1.2891163110733033,1.2873762845993042,1.283477431535721,1.279320901632309,1.2785738289356232,1.2736183881759644,1.2722639262676239,1.2664329051971435,1.2617050468921662,1.25618457198143,1.2537771105766295,1.248697829246521,1.2431205987930298,1.2408309936523438,1.235935628414154,1.2297768592834473,1.2242960810661316,1.2207911729812622,1.2176360070705414,1.2094921708106994,1.2048594772815704,1.1998806297779083,1.1921965897083282,1.1879678905010223,1.1810559511184693,1.1744740188121796,1.1665186822414397,1.1579847872257232,1.1537436246871948,1.1444665014743804,1.1389024198055266,1.1310880184173584,1.1243048071861268,1.1137061715126038,1.1050968170166016,1.0998975157737731,1.0874140918254853,1.0791045546531677,1.0690146923065185,1.0590187728404998,1.047243493795395,1.0377546489238738,1.0258130520582198,1.0131921768188477,1.0013124525547028,0.9903615176677704,0.976028349995613,0.9627484053373336,0.9489221394062042,0.9358807235956192,0.9236602365970612,0.9068909972906113,0.8903194606304169,0.8751290202140808,0.8617888003587723,0.8442670732736588,0.8271037995815277,0.8131404876708984,0.7961857736110687,0.7758708953857422,0.763591542840004,0.7473117530345916,0.7303520500659942,0.7074487119913101,0.6915523678064346,0.6756153792142868,0.6547375500202179,0.6336288273334503,0.6151689171791077,0.5924726814031601,0.5686547577381134,0.5472525954246521,0.5280558854341507,0.5059133291244506,0.47566515654325486,0.4537281945347786,0.4299861267209053,0.4095229968428612,0.38123250007629395,0.35765138268470764,0.3300919339060783,0.3024812385439873,0.2783041536808014,0.2503451928496361,0.22433121800422667,0.19756267964839935,0.1716805048286915,0.14707081094384195,0.12048120573163032,0.09683276750147343,0.07566354870796203,0.0,0.07890213504433632,0.0878428403288126,0.10882460586726665,0.13631453067064286,0.15762930363416672,0.18010317757725716,0.20446501225233077,0.23273201435804367,0.25682772770524026,0.2825112730264664,0.30769623517990113,0.33201090395450594,0.35526886880397796,0.37678934782743456,0.40072694420814514,0.4245471656322479,0.4464196413755417,0.46564781218767165,0.4863588809967041,0.5065393164753914,0.5262822061777115,0.5400006175041199,0.5589845955371857,0.577442643046379,0.5933385908603668,0.6081825405359268,0.6259938448667526,0.6380458474159241,0.6548894494771957,0.6672896802425384,0.6808787018060685,0.6924663454294204,0.7046657562255859,0.7169592440128326,0.7278196185827255,0.7391872048377991,0.7507887542247772,0.7614785462617875,0.7731428354978561,0.7825942724943161,0.7916643589735031,0.8020635128021241,0.8099639743566514,0.8174543261528016,0.8268600165843963,0.8338618010282517,0.8416789293289184,0.8504617840051651,0.8567029982805252,0.8649577260017395,0.8714183211326599,0.8769707322120667,0.8822111755609512,0.8905846983194351,0.8975309312343598,0.902029687166214,0.9064572215080261,0.9115705907344818,0.9173808097839355,0.9233187317848206,0.927016094326973,0.9327383726835251,0.9364748656749725,0.9416036903858185,0.9469662547111511,0.9494822949171067,0.953860518336296,0.9582979708909989,0.9636587738990784,0.9669621676206589,0.9712563484907151,0.9743498504161835,0.9775804042816162,0.9816468179225921,0.9845754593610764,0.9878634214401245,0.9918133199214936,0.9949087560176849,0.9978871077299118,1.001804956793785,1.0035656273365021,1.0074930220842362,1.0115341603755952,1.0125233113765717,1.0172627747058869,1.0194318443536758,1.0215570658445359,1.0246639043092727,1.0282785981893539,1.0318018257617951,1.0345748305320739,1.036963814496994,1.0391921997070312,1.0419110774993896,1.0463770151138305,1.0483394980430603,1.051729565858841,1.0553270339965821,1.059418684244156,1.0655393838882445
t_99,1.316209888458252,1.3130520582199097,1.3146739184856415,1.3117944180965424,1.309608405828476,1.3079869866371154,1.303644847869873,1.299640518426895,1.294790893793106,1.2930473864078522,1.289211505651474,1.2851171791553497,1.2843715846538544,1.2794743657112122,1.2781231641769408,1.2723748862743378,1.2676651000976562,1.2622491419315338,1.2598739326000215,1.2548245549201966,1.2492815613746644,1.2470666766166687,1.2422155022621155,1.236093270778656,1.2306973397731782,1.227250736951828,1.2240577518939972,1.2160861313343048,1.211452102661133,1.2066012799739838,1.199012392759323,1.1948626339435577,1.1879359781742096,1.1815701842308044,1.173733401298523,1.1653684616088866,1.1612221598625183,1.1521424114704133,1.1466774821281434,1.138942551612854,1.132350492477417,1.1219937324523925,1.1134988844394684,1.1084890902042388,1.0962990701198578,1.0880935311317443,1.0782178461551666,1.0685177266597747,1.05699103474617,1.0477414309978486,1.0360638856887818,1.0237232148647308,1.0120374977588653,1.0012489795684814,0.9873661398887634,0.9743066459894181,0.9608318269252777,0.9479002952575684,0.9357763648033142,0.9197037488222122,0.9032854348421097,0.888563621044159,0.8752881675958634,0.8581606805324554,0.8415569454431534,0.8275524765253067,0.8108195811510086,0.7912661105394363,0.7790143609046936,0.7632015466690063,0.7465920150279999,0.7241344660520553,0.708026897907257,0.6925711959600449,0.6722144037485123,0.6515864849090576,0.6334537625312805,0.6113549411296845,0.587788999080658,0.5665709465742111,0.5473621696233749,0.5248005509376525,0.49607153683900834,0.47384253740310667,0.45039654821157454,0.43121231347322464,0.4016370639204979,0.37926036566495896,0.3511306867003441,0.324942509829998,0.2994166031479836,0.2736657053232193,0.2479538232088089,0.21798670813441276,0.19350183010101318,0.16832578107714652,0.1399686299264431,0.11656205244362354,0.09259123280644417,0.07890213504433632,0.0,0.08472770266234875,0.09641698561608791,0.11200676038861275,0.1318055622279644,0.1588589683175087,0.18352730572223663,0.21205712780356406,0.23445967212319374,0.25982474982738496,0.2839892998337746,0.3095446974039078,0.33161110132932664,0.3553351253271103,0.37910526990890503,0.40316164642572405,0.4258348599076271,0.44597415179014205,0.46694595366716385,0.48685979247093203,0.5075149416923523,0.5211509808897972,0.5399072259664536,0.5596347123384475,0.5758742719888688,0.5909449964761734,0.6079940378665925,0.6203756183385849,0.6382880717515945,0.6510439455509186,0.6653398752212525,0.6766095846891403,0.6895474821329117,0.7021096557378769,0.7130812346935272,0.7244489282369614,0.7363380253314972,0.7473697662353516,0.758929967880249,0.7691046357154846,0.7783362448215485,0.7888928294181824,0.7970611959695816,0.8047697603702545,0.8141560852527618,0.8215855091810227,0.8292458266019821,0.8385616928339005,0.8447966545820236,0.8527861028909683,0.8600108534097671,0.8654223412275315,0.871023228764534,0.8793208777904511,0.8862158209085464,0.8913084179162979,0.8956586182117462,0.9009377151727677,0.9069720387458802,0.9130546092987061,0.9167261451482773,0.9226471841335296,0.9264303624629975,0.9316911727190018,0.9372574627399445,0.9395471930503845,0.9440232336521148,0.9488064885139466,0.9542457669973373,0.9576900035142899,0.9620803147554398,0.9652198553085327,0.9683887809514999,0.9724914908409119,0.9756377130746842,0.9789571464061737,0.9829470664262772,0.9862706273794174,0.9892942577600479,0.9933310091495514,0.9948054522275924,0.9991474241018296,1.0032882422208786,1.0040979623794555,1.0090717136859895,1.0111873030662537,1.0135732889175415,1.0166893362998963,1.0202701032161712,1.023970052599907,1.0266836047172547,1.029340723156929,1.0317054748535157,1.0343952417373656,1.0390554547309876,1.0411053717136383,1.0445953726768493,1.0481163382530212,1.0523071765899659,1.0589383721351624
t_98,1.3183010518550873,1.3152408301830292,1.3168522119522095,1.3140620052814485,1.3119542121887207,1.3104206323623657,1.306236207485199,1.3023379504680634,1.297661054134369,1.2960127651691438,1.2923083901405334,1.2883566796779633,1.287667715549469,1.2829757511615754,1.281726336479187,1.2761770963668824,1.271680873632431,1.2664770781993866,1.2641961395740509,1.259392249584198,1.2540905356407166,1.2519345819950103,1.2472902715206147,1.2414355814456939,1.2361995816230773,1.232887864112854,1.2299269497394563,1.2221673250198364,1.2177643179893494,1.2130331218242645,1.2057307958602905,1.201695990562439,1.1951364874839783,1.188860785961151,1.1812888264656067,1.1731731832027434,1.1691125273704528,1.1602880001068114,1.154987770318985,1.1475549221038819,1.1410586953163147,1.130944412946701,1.1227554440498353,1.1177774608135223,1.1058881640434266,1.0979490876197815,1.088306337594986,1.078752201795578,1.0675414621829986,1.0584923028945923,1.0470535814762116,1.034996861219406,1.0236746788024902,1.0132313281297685,0.9995018035173416,0.986809253692627,0.9735606104135514,0.9611432641744614,0.949498200416565,0.9333744943141937,0.9176150470972061,0.9029711782932281,0.8902905732393265,0.8735050439834595,0.8571022093296051,0.8437688827514649,0.8275445222854614,0.8080056786537171,0.7963998526334762,0.780707660317421,0.7644674211740494,0.742486447095871,0.727401727437973,0.7121006220579147,0.6920504540205001,0.671821242570877,0.6540053188800812,0.6321348249912262,0.6092704683542252,0.588869395852089,0.5703481584787369,0.5490232020616531,0.5199926882982254,0.4989067822694778,0.47578884959220885,0.4558646261692047,0.4286396339535713,0.4056849926710129,0.37893496453762054,0.3515412211418152,0.3284296154975891,0.3004790097475052,0.2743077740073204,0.24920911863446235,0.22015826106071473,0.19596122503280639,0.16789862737059594,0.14179407879710199,0.11425905749201774,0.0878428403288126,0.08472770266234875,0.0,0.07549902088940144,0.09767303615808487,0.11666496880352498,0.1328880585730076,0.15402837768197059,0.1828841395676136,0.2074517711997032,0.23274991065263748,0.25929815173149107,0.2829053372144699,0.30729980021715164,0.32857740968465804,0.3536120891571045,0.3779268071055412,0.40031604170799256,0.42013674676418306,0.441622194647789,0.4628934979438782,0.48309597969055174,0.4975524559617043,0.5175477474927902,0.5365559369325638,0.5531293004751205,0.5686154723167419,0.587538531422615,0.6000532597303391,0.6174909621477127,0.6305933952331543,0.6447611898183823,0.6569890826940536,0.6696810156106949,0.6826308995485306,0.6940133273601532,0.7058466762304306,0.7180997431278229,0.729261326789856,0.7415481060743332,0.751448130607605,0.7609015941619873,0.7718903869390488,0.7801158666610718,0.7879793703556061,0.7979812800884247,0.8052998542785644,0.8135628908872604,0.8227249175310135,0.8293480962514878,0.8381260812282563,0.8447761863470078,0.8507080346345901,0.8561605662107468,0.865092882514,0.8723712682723999,0.8770093560218811,0.8817308068275451,0.8871433943510055,0.8931766897439957,0.899422150850296,0.9033566266298294,0.9093588143587112,0.9132676094770431,0.9187046468257904,0.924360603094101,0.9271086245775223,0.9316691040992737,0.9363610953092575,0.9419615566730499,0.945479667186737,0.9499482333660125,0.9532526701688766,0.956676134467125,0.9609695494174957,0.9640521317720413,0.96756911277771,0.9717123419046402,0.9749469041824341,0.9781105369329453,0.9821790516376495,0.9841629475355148,0.988246500492096,0.9925054430961608,0.9935990124940872,0.9985659301280976,1.0009437143802642,1.0031291157007218,1.006502029299736,1.01026448905468,1.0139930725097657,1.0169687569141388,1.0194321304559708,1.0218656986951828,1.0247251510620117,1.0293992817401887,1.0315453469753266,1.0351535558700562,1.0389949917793273,1.0433499753475188,1.049777591228485
t_97,1.3221628308296203,1.3191804707050323,1.320766031742096,1.3180250585079194,1.3159640550613403,1.314445322751999,1.3103576719760894,1.3065582096576691,1.3019806444644928,1.3003637611865997,1.2967435002326966,1.2928801596164703,1.292207509279251,1.2876211822032928,1.286405050754547,1.2809888303279877,1.2765816271305084,1.2715082168579102,1.2692771315574647,1.2645731806755065,1.2593994855880737,1.2573042035102844,1.2527656733989716,1.2470235228538513,1.2418964743614196,1.238657546043396,1.2357571482658387,1.2281681716442108,1.2238519310951232,1.2192383110523224,1.2120868682861328,1.2081398010253905,1.2017010927200318,1.1955811262130738,1.188173031806946,1.1802354097366332,1.1762779712677003,1.1676383852958678,1.1624586820602416,1.1551678955554963,1.1488202512264252,1.1389240860939025,1.1308990955352782,1.1260372161865235,1.1144180476665497,1.1066225230693818,1.0971842885017395,1.0878459513187408,1.0768846273422241,1.0680349469184875,1.0568192899227142,1.045030850172043,1.0339303493499756,1.0236875891685486,1.0102898061275483,0.9978466689586639,0.9849087119102478,0.9727023780345917,0.9612543016672135,0.945559275150299,0.9300669997930526,0.9157433688640595,0.9032670676708221,0.8868312239646912,0.8708157181739807,0.8576838582754135,0.841769203543663,0.8227119952440262,0.8112431466579437,0.7958658188581467,0.7799667775630951,0.7584637999534607,0.743527427315712,0.7285462468862534,0.7088354855775834,0.6890819102525712,0.6716099292039871,0.6501107424497604,0.627695494890213,0.6075910270214081,0.5893460869789123,0.5683491051197052,0.539923083782196,0.5190730959177017,0.49651727080345154,0.47699862718582153,0.44977381080389023,0.4272951364517212,0.40066182166337966,0.37388686686754224,0.35056759268045423,0.3234343513846397,0.29740226864814756,0.27181471735239027,0.24352597445249557,0.2191300369799137,0.19069589376449586,0.1629893034696579,0.13317424282431603,0.10882460586726665,0.09641698561608791,0.07549902088940144,0.0,0.0779719516634941,0.09331891350448132,0.10902328602969646,0.13100987523794175,0.1576921358704567,0.18299685269594193,0.20844971984624863,0.23347991034388543,0.25845153257250786,0.2825315222144127,0.3046200886368752,0.32927307337522504,0.35436173528432846,0.37728267461061477,0.39765059649944307,0.4194708451628685,0.44061933010816573,0.461645233631134,0.47619160264730453,0.4963283255696297,0.5159632116556168,0.5329237282276154,0.5486792027950287,0.5676910519599915,0.580574032664299,0.5986188024282455,0.611843129992485,0.6265633553266525,0.6388533324003219,0.6520222008228302,0.6652315646409989,0.6769069910049439,0.6890301764011383,0.7014475971460342,0.7130425781011581,0.7255257934331893,0.7356819689273835,0.7454892516136169,0.7565997749567032,0.7651166081428528,0.7732217937707901,0.7833834230899811,0.7909054964780807,0.7993546932935714,0.8087642759084701,0.815508845448494,0.8243987530469894,0.8314183115959167,0.8374260038137435,0.8431274265050888,0.8520716369152069,0.8595232784748077,0.864416030049324,0.8692884355783462,0.8748200088739395,0.8810776442289352,0.8874277919530869,0.8914947926998138,0.8976335823535919,0.901659095287323,0.9071825861930847,0.9130060940980911,0.9157990723848343,0.9205092459917068,0.925344517827034,0.9310683637857438,0.9346903413534164,0.9393061488866806,0.9426821112632752,0.9461864024400711,0.9505539804697036,0.9537556320428848,0.9573674947023392,0.9615893751382828,0.9649746477603912,0.9681853532791138,0.9724046558141708,0.974361675977707,0.978621956706047,0.9829682916402817,0.9840911626815796,0.9892183095216751,0.9916033923625946,0.9939643800258636,0.9973627775907516,1.0012142688035965,1.0050522714853287,1.0080515205860139,1.0106691777706147,1.0131831496953965,1.0161103308200836,1.0209462106227876,1.0231894075870513,1.0269067585468292,1.0307922959327698,1.0352456271648407,1.0419623911380769
t_96,1.3270337998867034,1.3241387128829956,1.3256903290748596,1.3229925334453583,1.3209814727306366,1.3194598495960235,1.31546790599823,1.3117650032043457,1.3072479248046875,1.3056350529193879,1.3021143555641175,1.2983309745788574,1.2976422965526582,1.2931454122066497,1.2919492781162263,1.286671620607376,1.282298755645752,1.277394312620163,1.2752082705497743,1.270585983991623,1.2655073285102845,1.2635142266750337,1.2590524137020112,1.2534079074859619,1.2484088242053986,1.2452510476112366,1.2423978686332702,1.2350466966629028,1.2307869970798493,1.2263745546340943,1.2194088995456696,1.2155913889408112,1.2092420518398286,1.2033724725246429,1.1961808681488038,1.188487160205841,1.1846460223197937,1.176315426826477,1.1713055431842805,1.1641766488552094,1.1580973088741302,1.1485088288784027,1.1407334446907043,1.1360526025295257,1.124844390153885,1.1172049999237061,1.1080631613731384,1.0990990221500396,1.0885543525218964,1.0800277531147002,1.0691387176513671,1.057734775543213,1.0469477474689484,1.036950308084488,1.0240720450878142,1.0120258003473281,0.9994973003864288,0.9874921768903733,0.9762633502483368,0.961296433210373,0.9460604369640351,0.9322301357984543,0.9199436128139495,0.9039805799722671,0.8886363983154297,0.8756146609783173,0.8600210845470428,0.8417065680027008,0.8304404586553573,0.8156420826911926,0.8001355558633805,0.779142040014267,0.764197438955307,0.7497933000326157,0.730662414431572,0.7114699095487594,0.6944598019123077,0.6735509812831879,0.6516285836696625,0.6317472577095031,0.6137664943933487,0.5927172780036927,0.5653884202241898,0.5446252286434173,0.5224112391471862,0.5041064411401749,0.47631257474422456,0.45483470559120176,0.42818261981010436,0.402848382294178,0.37861482352018355,0.3531266376376152,0.3274622604250908,0.29950881749391556,0.27327446043491366,0.24982866048812866,0.22031599059700965,0.19352251291275024,0.16304573863744737,0.13631453067064286,0.11200676038861275,0.09767303615808487,0.0779719516634941,0.0,0.07424988709390164,0.08906152360141277,0.1074813473969698,0.13307715058326722,0.1545163445174694,0.1793717086315155,0.20182178243994714,0.2292306400835514,0.25173780471086504,0.2763990372419357,0.300611799955368,0.3256142660975456,0.3495385780930519,0.37093508541584014,0.3931720554828644,0.41413423866033555,0.4359773829579353,0.4507899656891823,0.47067041099071505,0.49149810522794724,0.5090563774108887,0.5251796156167984,0.5433427035808563,0.5568834781646729,0.5758831769227981,0.5894954681396485,0.6050713300704956,0.6172041863203048,0.6312629818916321,0.6448376178741455,0.6567982941865921,0.6690342485904693,0.6818766355514526,0.6938500106334686,0.7062157779932022,0.717231222987175,0.7273221671581268,0.7386262357234955,0.7474554657936097,0.7559484601020813,0.7660853952169419,0.7741170793771743,0.7824494749307632,0.792462170124054,0.7992573320865631,0.8079047858715057,0.8156885892152786,0.8217324018478394,0.8278627961874008,0.836709588766098,0.8440815955400467,0.8497060835361481,0.8545776546001435,0.8603219985961914,0.8668587386608124,0.8733819901943207,0.8775304675102233,0.8838600903749466,0.8880421310663223,0.8937472045421601,0.8997169613838196,0.9024115413427353,0.907305097579956,0.9125258833169937,0.918252581357956,0.9221556216478348,0.9268434971570969,0.9303922146558762,0.9338906466960907,0.938290250301361,0.9417724788188935,0.9454446017742157,0.9497220367193222,0.9534130424261094,0.9567099779844284,0.9610247790813446,0.962822151184082,0.9675280570983886,0.971883910894394,0.9730067998170853,0.9782780528068542,0.9806613385677337,0.9833462834358215,0.9867909997701645,0.9906018763780594,0.9946097254753112,0.9976026356220246,1.0005856782197953,1.0032680451869964,1.0062179386615753,1.0112187206745147,1.0136726379394532,1.017499253153801,1.021344056725502,1.0259722828865052,1.0332314312458037
t_95,1.3294542372226714,1.326621228456497,1.3281421840190888,1.32549250125885,1.3235190451145171,1.3220277309417725,1.3181086122989654,1.3144778728485107,1.3100477397441863,1.3084668457508086,1.3050088703632354,1.3012966811656952,1.3006223738193512,1.2961986303329467,1.295033973455429,1.2898585617542266,1.2855830669403077,1.2807715833187103,1.2786173582077027,1.2740813076496125,1.2690931737422944,1.2671451807022094,1.2627605497837067,1.2572123944759368,1.2523050367832185,1.2491940140724183,1.2463903427124023,1.2391640782356261,1.234967041015625,1.2306222021579742,1.2237561523914338,1.2199946880340575,1.2137579143047332,1.2079845488071441,1.2009154379367828,1.1933460175991057,1.189573097229004,1.18138986825943,1.1764739871025085,1.169466894865036,1.1634881794452667,1.154065376520157,1.1464193284511566,1.1418217182159425,1.1307952284812928,1.123300302028656,1.1143241763114928,1.1054992139339448,1.0951309323310852,1.0867539644241333,1.076053148508072,1.0648497462272644,1.0542405784130096,1.0444342076778412,1.031749564409256,1.0198986649513244,1.007612693309784,0.995835331082344,0.9848061323165893,0.9701029807329178,0.9551542818546295,0.9415827035903931,0.9295247524976731,0.9138504236936569,0.8987617403268814,0.8859879851341248,0.8707223266363144,0.8527532309293747,0.8416272222995758,0.8270394951105118,0.8118627429008484,0.7913195788860321,0.7766105473041535,0.7624222844839096,0.7435343950986862,0.7247261583805085,0.7080211639404297,0.6875034660100937,0.6659845322370529,0.6464423269033432,0.6287682801485062,0.6082019239664078,0.5813458323478699,0.5609086811542511,0.5392573833465576,0.5209655910730362,0.49384503364562987,0.47260181307792665,0.446194526553154,0.4213483527302742,0.3974461525678635,0.37245669662952424,0.34726647585630416,0.31956632137298585,0.29393127709627154,0.27016026377677915,0.2408231057226658,0.21405216977000235,0.18378417938947678,0.15762930363416672,0.1318055622279644,0.11666496880352498,0.09331891350448132,0.07424988709390164,0.0,0.07702542468905449,0.09590574279427529,0.11708457134664059,0.13683565184473992,0.16024347767233849,0.18309337571263312,0.20921764075756072,0.2315805025398731,0.25646739453077316,0.28048532754182814,0.30653961598873136,0.3306204602122307,0.35191461592912676,0.37434116154909136,0.39517865926027296,0.4176570802927017,0.4324299514293671,0.45247170627117156,0.4737596407532692,0.49148891866207123,0.5078533798456192,0.5263054475188256,0.5399508565664292,0.5594803243875504,0.5731932252645493,0.589116993546486,0.6013377368450165,0.6156740248203277,0.6294297933578491,0.641605070233345,0.6541310906410217,0.6671532839536667,0.6794667452573776,0.6921336680650712,0.7032643467187881,0.7136245369911194,0.7251600235700607,0.7341429769992829,0.7428168535232544,0.7531666040420533,0.7613132029771805,0.7698854207992554,0.7800938487052917,0.7870336145162582,0.7958846718072892,0.8037888437509537,0.8099591761827469,0.8162373930215836,0.8252137362957,0.8328009098768234,0.8385348796844483,0.8434724241495133,0.8493369698524476,0.8560365110635757,0.8626705229282379,0.8669283449649811,0.8733782887458801,0.8776305168867111,0.8834440737962723,0.8895233720541,0.8922939479351044,0.8973245352506638,0.90261991918087,0.9085113257169724,0.9123959600925445,0.9172274678945541,0.9208820730447769,0.9244841724634171,0.9289660096168518,0.9325230687856674,0.9362562477588654,0.9406933605670929,0.9444152802228928,0.947798901796341,0.9522420287132263,0.9540766894817352,0.9588365942239762,0.96327346265316,0.9644626080989838,0.9698390126228332,0.9722612470388412,0.9750258564949036,0.9785293310880661,0.9824491918087006,0.986514812707901,0.9895653575658798,0.9926427483558655,0.9953763633966446,0.9984019041061402,1.0035547584295272,1.0060584008693696,1.0099821776151656,1.0139569133520125,1.018719917535782,1.0261010766029357
t_94,1.331748253107071,1.3290028870105743,1.3305158615112305,1.3279437184333802,1.3260234773159028,1.3246098458766937,1.3208196461200714,1.3172918856143951,1.3130059719085694,1.311490434408188,1.3081430494785309,1.3045417547225953,1.303909969329834,1.2996614813804626,1.2985887050628662,1.2935856997966766,1.2894752144813537,1.2848454296588898,1.2827818810939788,1.2784265339374543,1.2736447274684906,1.2717643797397613,1.2675463020801545,1.26223184466362,1.2574719488620758,1.2544775664806367,1.2518472492694854,1.2448325634002686,1.2408198416233063,1.2366059243679046,1.2299913883209228,1.226338005065918,1.22038414478302,1.214713943004608,1.207866269350052,1.2005088388919831,1.196823650598526,1.188858687877655,1.1840860724449158,1.1773053467273713,1.1714339911937715,1.1622428238391875,1.1548408925533296,1.1502966165542603,1.139544266462326,1.1322530329227447,1.123484867811203,1.1148185074329375,1.1047386884689332,1.0965518712997437,1.0860791206359863,1.0751336514949799,1.0648203253746034,1.055278378725052,1.0428018271923065,1.031249576807022,1.0191783785820008,1.0078116238117218,0.9971476674079895,0.9825018346309662,0.9680355966091156,0.9546195149421692,0.9429969519376755,0.9276383519172668,0.9127834588289261,0.9005025297403335,0.8856570005416871,0.8677968949079513,0.8571861416101456,0.8428090125322342,0.8279126316308976,0.8077349364757538,0.7937789231538772,0.7798006862401963,0.7613034188747406,0.7428416609764099,0.726418724656105,0.7062172710895538,0.6852385371923446,0.6663354963064194,0.6491481125354767,0.6293672740459442,0.6026057660579681,0.5829569160938263,0.5615371525287628,0.543043178319931,0.5174014270305634,0.49600857496261597,0.47071090936660764,0.4451898217201233,0.4228101417422295,0.39658766239881516,0.3717292919754982,0.34638563096523284,0.31898627430200577,0.29502466768026353,0.2658316448330879,0.23934869170188905,0.20860789641737937,0.18010317757725716,0.1588589683175087,0.1328880585730076,0.10902328602969646,0.08906152360141277,0.07702542468905449,0.0,0.0707551497966051,0.09019529819488525,0.10626660399138928,0.12912788540124892,0.15662962645292283,0.17977821007370948,0.20420661494135856,0.22671413719654082,0.2519886836409569,0.27868214100599287,0.30253537744283676,0.3232323542237282,0.34620779007673264,0.3684184715151787,0.39061782509088516,0.4063857436180115,0.42732393741607666,0.44818698465824125,0.4662579208612442,0.4831637844443321,0.5032678186893463,0.5171992182731628,0.5363215386867524,0.5504593193531037,0.5664040356874466,0.5794813364744187,0.5936802506446839,0.6079103201627731,0.6205672144889831,0.6334977269172668,0.646919259428978,0.6593609690666199,0.6727263987064361,0.6837750554084778,0.694311311841011,0.7063361436128617,0.7154252350330352,0.7243148446083069,0.7352234989404678,0.7433941900730133,0.7524334728717804,0.7626354992389679,0.7699131786823272,0.7794752687215805,0.7870005697011948,0.7936723798513412,0.7998841136693955,0.8094577789306641,0.8173941969871521,0.8228194624185562,0.8281364798545837,0.8341529309749603,0.8408830761909485,0.847725972533226,0.8522481501102448,0.8588306128978729,0.8632131099700928,0.8692326933145523,0.8754656404256821,0.8786375880241394,0.8837282955646515,0.8890521317720413,0.8950901746749877,0.8991450548171998,0.9040646076202392,0.907858070731163,0.9116847485303878,0.916382709145546,0.9199321746826172,0.923862898349762,0.9284172892570496,0.9321634918451309,0.9356545090675354,0.940153780579567,0.9424186795949936,0.9470594435930252,0.9516137272119523,0.9530315130949021,0.9584784090518952,0.9611388474702836,0.9637773782014847,0.9675177216529847,0.9716210693120957,0.9757584244012832,0.9790446370840072,0.9820109307765961,0.9848266392946243,0.9880146503448486,0.9931888163089753,0.995836865901947,0.9998756915330886,1.0040968179702758,1.009042751789093,1.0163919568061828
t_93,1.3343605518341064,1.3316737711429596,1.33316912651062,1.3306354641914369,1.3287569761276246,1.3273670613765716,1.3236566662788392,1.3202000439167023,1.3159941732883453,1.3145089328289032,1.3112232685089111,1.3077082991600038,1.3070970237255097,1.3029353320598602,1.3018879175186158,1.2969898998737335,1.2929684937000274,1.2884377598762513,1.286428201198578,1.2821672916412354,1.2774882376194001,1.275667655467987,1.271551936864853,1.2663457989692688,1.2616823673248292,1.2587756931781768,1.256226772069931,1.2493657410144805,1.2454490840435029,1.2413327991962433,1.2348814845085143,1.2313106417655946,1.225515991449356,1.219965934753418,1.2132741570472718,1.2060941338539124,1.2024860441684724,1.1946986079216004,1.190044540166855,1.1834180295467376,1.1776750564575196,1.1686783254146575,1.1614541053771972,1.1570047080516814,1.1465016961097718,1.139364194869995,1.130797803401947,1.1223214209079742,1.1124966979026794,1.1044789910316468,1.0942190289497375,1.0834993898868561,1.073448395729065,1.0641463458538056,1.0519294321537018,1.0406521320343018,1.028834980726242,1.017744117975235,1.007347160577774,0.9929853796958923,0.9788828521966935,0.9657121866941452,0.9543976008892059,0.9393569558858872,0.9248486787080765,0.9128734767436981,0.8983396381139755,0.8808099210262299,0.8704910904169083,0.8564059227705002,0.841831824183464,0.822077852487564,0.808508425951004,0.7948014527559281,0.7766905426979065,0.7586628824472428,0.7425452649593354,0.7226756483316421,0.7021732330322266,0.6837645918130875,0.666867145895958,0.6475797683000565,0.6213306665420533,0.6022210121154785,0.581050181388855,0.5629786014556885,0.5378978341817856,0.5169266253709793,0.4920609310269356,0.4668354332447052,0.44519261866807935,0.41923748701810837,0.3944655880331993,0.37004777491092683,0.34235917776823044,0.3187729060649872,0.2902434840798378,0.26355560421943663,0.23357580006122589,0.20446501225233077,0.18352730572223663,0.15402837768197059,0.13100987523794175,0.1074813473969698,0.09590574279427529,0.0707551497966051,0.0,0.07288911901414394,0.09052527956664562,0.10867475904524326,0.1345285467803478,0.15726732984185218,0.18268053755164146,0.20327315628528594,0.22917551621794702,0.25472482666373253,0.2784664750099182,0.2995478227734566,0.32291716784238816,0.346040153503418,0.3678364038467407,0.38375758230686186,0.4056774899363518,0.4265667885541916,0.4450098693370819,0.46203131824731825,0.48307173848152163,0.49704226702451704,0.516326054930687,0.5308799415826797,0.5470065236091614,0.560608246922493,0.5750032812356949,0.5895430326461792,0.6024366110563278,0.6156252175569534,0.6294657289981842,0.6421149641275405,0.6558324694633484,0.6670702129602433,0.6777814358472825,0.6901403874158859,0.6994189620018005,0.7084585934877395,0.7197749584913253,0.7280880689620972,0.7373446822166443,0.7477604448795319,0.7552422493696213,0.7651433527469635,0.7726858675479888,0.7795727282762528,0.7858534157276154,0.795836153626442,0.8039782822132111,0.8093662798404694,0.8148704171180725,0.8210819453001023,0.8279151856899262,0.8349385321140289,0.8395443201065064,0.8462893813848495,0.850812304019928,0.857020229101181,0.8633850038051605,0.8666929960250854,0.871879729628563,0.8773486703634262,0.8834919810295105,0.8876894682645797,0.8926885426044464,0.8966316252946853,0.9005582422018051,0.9053981125354766,0.9089929848909378,0.9130943596363068,0.9177275598049164,0.921537560224533,0.9251609891653061,0.9296903818845749,0.9321517705917358,0.9368557631969452,0.9415549755096435,0.9430170655250549,0.9485867142677307,0.9513611704111099,0.9540162533521652,0.9579010218381881,0.9620982885360718,0.9663399964570999,0.9697543829679489,0.9727241426706315,0.975655534863472,0.9789645582437515,0.9842175036668778,0.9869675159454345,0.9911312222480774,0.9955179214477539,1.0006384015083314,1.008154222369194
t_92,1.3381353676319123,1.335535502433777,1.3370060324668884,1.3345401346683503,1.3327137112617493,1.3313622772693634,1.3277597665786742,1.3243979811668396,1.3203025460243225,1.3188621044158935,1.3156762421131134,1.3122491598129273,1.3116535246372223,1.3076255321502686,1.306619679927826,1.3018772184848786,1.2979615390300752,1.2935906767845153,1.2916299402713776,1.287503069639206,1.282959508895874,1.2811955630779266,1.2771830558776855,1.2721234261989594,1.267575204372406,1.264751571416855,1.262293517589569,1.2556073784828186,1.2518021702766418,1.247803121805191,1.2415298700332642,1.2380422949790955,1.2324312806129456,1.2270148038864135,1.2205226123332977,1.2135302782058717,1.210015493631363,1.202450430393219,1.1979373276233674,1.191501259803772,1.1859212696552277,1.1771532714366912,1.1701528549194335,1.1658119857311249,1.1555819034576416,1.1486384093761444,1.1403064906597138,1.1320362865924836,1.1225009977817535,1.1147146463394164,1.1047120451927186,1.094286036491394,1.084478920698166,1.0754440248012542,1.0635084211826324,1.0525497376918793,1.0410233855247497,1.030253493785858,1.0201104789972306,1.0060661733150482,0.9923234224319458,0.9794895380735398,0.9684463798999786,0.9537379831075669,0.9396013915538788,0.9279581725597381,0.9138408362865448,0.8966838598251343,0.8866385042667388,0.8728700190782547,0.8587028324604035,0.8393949627876282,0.8262449085712433,0.8128241837024689,0.7950375527143478,0.7775148540735245,0.7618142873048782,0.7423672050237655,0.7223550885915756,0.7043423771858215,0.6878343880176544,0.6692139714956283,0.6432485103607177,0.6247296869754791,0.6040861487388611,0.5862726300954819,0.5618509769439697,0.541202962398529,0.5167617708444595,0.492113484442234,0.47104543149471284,0.4452656149864197,0.42087178230285643,0.3971207693219185,0.3698639705777168,0.3466510772705078,0.31825273782014846,0.29133165180683135,0.2622462332248688,0.23273201435804367,0.21205712780356406,0.1828841395676136,0.1576921358704567,0.13307715058326722,0.11708457134664059,0.09019529819488525,0.07288911901414394,0.0,0.07632677406072616,0.09138971827924251,0.11150563098490238,0.1338018722832203,0.15815673172473907,0.17774503082036971,0.2023205801844597,0.22815664112567902,0.2515475057065487,0.2729969501495361,0.2963095635175705,0.3199652537703514,0.34180986136198044,0.3580865114927292,0.3808040902018547,0.40167548656463625,0.42037411630153654,0.43769134283065797,0.4596718356013298,0.4739011526107788,0.493469375371933,0.5080615490674972,0.5246718108654023,0.5386456042528153,0.5534226357936859,0.5682058066129685,0.5814393788576127,0.5951251864433289,0.6093008875846863,0.6222626030445099,0.6363555073738099,0.6476787030696869,0.6588500589132309,0.6714974135160446,0.6809551239013671,0.6902323305606842,0.7019053161144256,0.7103895246982574,0.7199719935655594,0.7306601196527481,0.7384008944034577,0.7486029982566833,0.7561767309904098,0.7633886814117432,0.7698756068944931,0.7800842702388764,0.7885144114494324,0.793974906206131,0.7996160596609115,0.8061171382665634,0.8130378812551499,0.820293864607811,0.8250814586877823,0.8319763571023941,0.8366317987442017,0.8430143624544144,0.8495102852582932,0.8530289530754089,0.8584249019622803,0.8639605611562728,0.870257431268692,0.8745253562927247,0.8797143876552582,0.8838177025318146,0.887906602025032,0.8928318172693253,0.8965663999319077,0.9007721602916717,0.9056298583745956,0.9094842731952667,0.9132254153490067,0.9178778469562531,0.9204999297857285,0.9252756059169769,0.9300465524196625,0.9317284673452377,0.9373765081167221,0.9402664512395859,0.9430125832557679,0.9470150083303451,0.9513729870319366,0.9556755423545837,0.9592077225446701,0.9623174160718918,0.9652809858322143,0.9688012480735779,0.974130317568779,0.9770769864320755,0.9813146322965622,0.9859006524085998,0.9912129878997803,0.9988535284996033
t_91,1.3417136371135712,1.3391884207725524,1.3406386017799377,1.3382125318050384,1.3364290058612824,1.3351011216640472,1.33158797621727,1.3283180832862853,1.3242903292179107,1.3228798687458039,1.319771659374237,1.3164292335510255,1.3158322930336,1.3118874371051787,1.3109310209751128,1.3062911927700043,1.302447998523712,1.2982098877429962,1.2962916493415833,1.2922609806060792,1.287827730178833,1.2861351788043975,1.2822153508663177,1.2772789180278779,1.2728357315063477,1.2700833320617675,1.267709642648697,1.2611998081207276,1.2574730396270752,1.2536064088344574,1.247495609521866,1.2440936028957368,1.2386195361614227,1.2333384454250336,1.2270099759101867,1.2201877593994142,1.2167628705501556,1.2093873023986816,1.2049980282783508,1.198690128326416,1.1932700157165528,1.1846916794776916,1.1778896391391753,1.1736294746398925,1.1636726200580596,1.1568405628204346,1.1487104535102843,1.1406565129756927,1.1314245343208313,1.1238074719905853,1.1139929831027984,1.103822261095047,1.0942447483539581,1.0854030072689056,1.073748803138733,1.0630811631679535,1.0517915189266205,1.0412112712860107,1.0312894582748413,1.0175857216119766,1.0041082739830016,0.9914932817220687,0.9806708306074142,0.9662670522928238,0.9525241911411285,0.941080316901207,0.9272311508655549,0.9103992253541946,0.9006366193294525,0.8871733665466308,0.8732679933309555,0.8543165326118469,0.8413691729307174,0.8283037424087525,0.8108771026134491,0.7937148928642273,0.7783250600099564,0.7592232137918472,0.7396347314119339,0.7219182282686234,0.7057447344064712,0.6873547494411468,0.661983746290207,0.6437710255384446,0.6232643365859986,0.606003874540329,0.5819435507059098,0.5616677284240723,0.5376433938741684,0.5135752171278,0.4926408663392067,0.46728213131427765,0.4433879941701889,0.41964316815137864,0.39311781227588655,0.37001521289348605,0.3413928598165512,0.3153343662619591,0.2862888976931572,0.25682772770524026,0.23445967212319374,0.2074517711997032,0.18299685269594193,0.1545163445174694,0.13683565184473992,0.10626660399138928,0.09052527956664562,0.07632677406072616,0.0,0.07216080389916897,0.09378902614116669,0.10871691927313805,0.13254591822624207,0.1528407335281372,0.17760419249534606,0.20392381474375726,0.22756631523370743,0.2488216631114483,0.2718618407845497,0.2958793416619301,0.3177732989192009,0.3348266988992691,0.35723197311162946,0.3784599483013153,0.3976564586162567,0.41547117829322816,0.4373442500829697,0.4520150437951088,0.4719140201807022,0.48677643984556196,0.5038669183850288,0.5180990979075432,0.5332896411418915,0.5484729498624802,0.5620485305786133,0.5757981359958648,0.5904805660247803,0.6036678850650787,0.6180069833993912,0.6297494798898697,0.6411502480506897,0.6540846556425095,0.6636899471282959,0.6733433306217194,0.6852509617805481,0.6939081162214279,0.7036356568336487,0.7146742880344391,0.7226111888885498,0.7329128950834274,0.7406991750001908,0.7482132881879806,0.7549302071332932,0.7652251809835434,0.7737554877996444,0.7795515418052673,0.7853468656539917,0.7920177638530731,0.7991477668285369,0.8065273344516755,0.8114685535430908,0.8184837877750397,0.8233061730861664,0.8298517495393753,0.8364790111780167,0.8401403725147247,0.8456930816173553,0.8514571994543075,0.8577692210674286,0.8622890412807465,0.8675053268671036,0.8718163371086121,0.8759908318519593,0.8810418635606766,0.8848977297544479,0.8892273157835007,0.8941421449184418,0.8981738567352295,0.9020446002483368,0.9067386716604233,0.9094802230596543,0.914477726817131,0.9192322850227356,0.9210387736558914,0.926776459813118,0.9297594100236892,0.9326323360204697,0.9367948055267334,0.9411476522684097,0.945553982257843,0.9491875827312469,0.9524539262056351,0.9556029319763184,0.9591673582792282,0.9645703434944153,0.9677719742059707,0.9721208959817886,0.9767634987831115,0.9822583496570587,0.990203806757927
t_90,1.3454368174076081,1.3429610550403595,1.3443964898586274,1.3420092046260834,1.3402564644813537,1.3389409601688385,1.3354965150356293,1.3322965979576111,1.328343278169632,1.3269414961338044,1.3239069700241088,1.320638757944107,1.320057487487793,1.3161956727504731,1.3152576863765717,1.3107340514659882,1.3069567918777465,1.3028246462345123,1.300961434841156,1.297006183862686,1.292666071653366,1.291047489643097,1.287218201160431,1.2823769330978394,1.2780557155609131,1.275379079580307,1.273032295703888,1.2667060971260071,1.2630504965782166,1.2592918634414674,1.2533396124839782,1.250019484758377,1.2446254253387452,1.2395433068275452,1.233363389968872,1.2267219364643096,1.2233777940273285,1.2162025570869446,1.2119397282600404,1.205758011341095,1.200473564863205,1.1921239256858827,1.1854496061801911,1.1813242375850677,1.1716209530830384,1.1649345397949218,1.1570001184940337,1.1491716802120209,1.1401258945465087,1.1327182173728942,1.1231273472309113,1.113201028108597,1.1038499653339386,1.0951774060726165,1.083844745159149,1.0733606219291687,1.0623768270015717,1.051967239379883,1.0422345578670502,1.0289581418037415,1.0157239973545074,1.0034412562847137,0.9928427904844284,0.9788015097379684,0.9653698474168777,0.9541151255369187,0.940484219789505,0.9242030322551728,0.9145826488733292,0.9014612942934036,0.8878624647855758,0.8693937540054322,0.8565523296594619,0.8438717782497406,0.8269040822982788,0.8100679486989975,0.7949771732091904,0.7763844221830368,0.7571863919496536,0.7398282140493393,0.7239720195531845,0.7057450950145722,0.6811637639999389,0.6631081849336624,0.6432380318641663,0.6264218479394913,0.6024674355983735,0.5828952550888061,0.5592484831809997,0.535653030872345,0.5146047830581665,0.4905397340655327,0.46696528047323227,0.4427462726831436,0.416914676129818,0.39456612765789034,0.366974501311779,0.3412849083542824,0.3117272794246674,0.2825112730264664,0.25982474982738496,0.23274991065263748,0.20844971984624863,0.1793717086315155,0.16024347767233849,0.12912788540124892,0.10867475904524326,0.09138971827924251,0.07216080389916897,0.0,0.0772544015198946,0.08562773205339909,0.1064705267548561,0.1263032365590334,0.15103607922792434,0.17699432224035264,0.20160162672400475,0.22211920842528343,0.246510349214077,0.2688741087913513,0.2928750291466713,0.3098010629415512,0.3314093053340912,0.35442607551813127,0.37379649132490156,0.3918734461069107,0.4132737249135971,0.4283930391073227,0.44917731881141665,0.46456113308668134,0.482251338660717,0.4963113844394684,0.5120877146720886,0.5277013301849365,0.5416573911905289,0.5555928766727447,0.5704682141542434,0.5842033386230469,0.5986624896526337,0.6111059933900833,0.6225628077983856,0.6358804762363434,0.6458388507366181,0.6559007614850998,0.6678217619657516,0.6770035088062286,0.6868272751569748,0.6981776386499405,0.7061744153499603,0.7165660798549652,0.725124204158783,0.7325709521770477,0.7396338820457459,0.7500235676765442,0.7585988014936447,0.7648742169141769,0.7708011627197265,0.7776101589202881,0.7850301712751389,0.7925868898630142,0.7977045208215714,0.8049009084701538,0.8098265379667282,0.8165927082300186,0.8234286576509475,0.8270063817501068,0.8326751500368118,0.8387675821781159,0.8452170491218567,0.8499015152454377,0.8552067369222641,0.8595903426408767,0.8638355165719986,0.869017168879509,0.8730919092893601,0.8775114119052887,0.8824796706438065,0.8867670923471451,0.8906706392765045,0.8955753475427628,0.8981642305850983,0.9034680694341659,0.9084017246961593,0.9101370424032211,0.9160851985216141,0.919126757979393,0.922216248512268,0.9264070570468903,0.930849140882492,0.9354355305433273,0.9390848219394684,0.9425591796636581,0.9458438366651535,0.9494308143854141,0.9551047325134278,0.9583053082227707,0.9628407269716263,0.967558029294014,0.9732031285762787,0.9815971106290817
t_89,1.349675679206848,1.3472678065299988,1.3486699283123016,1.3463082551956176,1.34459046125412,1.3432596564292907,1.3398841857910155,1.336765968799591,1.332858431339264,1.3314612329006195,1.328496789932251,1.3252859175205232,1.324697631597519,1.3208866655826568,1.3199516177177428,1.3155112206935882,1.3117552280426026,1.307737696170807,1.3059015691280365,1.3019919574260712,1.2977161884307862,1.296159303188324,1.2923892974853515,1.2876113831996918,1.2833733975887298,1.28074968457222,1.2784239172935485,1.2722539484500885,1.2686283826828002,1.2650046050548553,1.2591597735881805,1.255923318862915,1.2505716502666473,1.245661473274231,1.239612638950348,1.2331336557865142,1.2298673033714294,1.2228842437267304,1.2187325835227967,1.2126475334167481,1.2075459599494933,1.1993974924087525,1.1928827166557312,1.1888857305049896,1.179473978281021,1.1728677093982696,1.1651607930660248,1.1575713098049163,1.1488190412521362,1.1416193783283233,1.1322467803955079,1.1225897192955017,1.113417100906372,1.10491201877594,1.0939317643642426,1.0837175309658051,1.0730214893817902,1.0627446115016936,1.0531269490718842,1.040385663509369,1.0273111701011657,1.0153584778308868,1.0048835098743438,0.9911697030067443,0.978231680393219,0.9670579731464386,0.9536502718925476,0.9379082411527634,0.928363236784935,0.9155989497900009,0.9023134618997574,0.88426493704319,0.871369606256485,0.8590881049633026,0.8425086319446564,0.8260942161083221,0.8113192856311798,0.7931678503751755,0.7743812918663024,0.7571971595287323,0.7415701150894165,0.7234543949365616,0.6996501892805099,0.6816828906536102,0.6622773081064224,0.6461209148168564,0.622077214717865,0.6031575828790665,0.5796351075172425,0.5571810930967331,0.5356171280145645,0.5128682956099511,0.489584618806839,0.4644903302192688,0.4402311101555824,0.41871689856052396,0.391188009083271,0.36572215110063555,0.3364562436938286,0.30769623517990113,0.2839892998337746,0.25929815173149107,0.23347991034388543,0.20182178243994714,0.18309337571263312,0.15662962645292283,0.1345285467803478,0.11150563098490238,0.09378902614116669,0.0772544015198946,0.0,0.08106425255537034,0.08737263083457947,0.11147941388189793,0.12933716662228106,0.1549346387386322,0.17995503097772597,0.2022620789706707,0.22644121199846268,0.24761086106300353,0.272328744828701,0.28832931220531466,0.30966991037130354,0.3337389975786209,0.3537441775202751,0.3715289071202278,0.3914924681186676,0.4071471869945526,0.42902967631816863,0.44451712518930436,0.46336869597435,0.47685331851243973,0.4936910033226013,0.5094607263803482,0.5236487507820129,0.5376038670539856,0.5529007315635681,0.567121171951294,0.5812962263822555,0.5945498168468475,0.6063333749771118,0.6196972280740738,0.6299852013587952,0.6404435247182846,0.6522654235363007,0.6618336498737335,0.6716123461723328,0.6835327357053756,0.6915722250938415,0.7015914231538772,0.7110215961933136,0.7183997094631195,0.7260011583566666,0.7360362231731414,0.7445283651351928,0.7516563177108765,0.7575747579336166,0.764579227566719,0.7723546922206879,0.7800274729728699,0.7852227628231049,0.7925529897212982,0.7976480394601821,0.8045496970415116,0.8115050256252289,0.8149520665407181,0.8208734363317489,0.8273398041725158,0.8337773203849792,0.8387397289276123,0.8441463738679886,0.848694896697998,0.8529107213020325,0.8581220090389252,0.8624533236026763,0.8669446319341659,0.871939617395401,0.8765591531991959,0.8805323511362075,0.8855482995510101,0.8879215389490127,0.893704178929329,0.8986275553703308,0.9003439277410508,0.9064791172742843,0.9094648450613022,0.9129246264696121,0.9171452939510345,0.9215393096208573,0.9262636840343476,0.929860508441925,0.9337651669979096,0.9372245609760285,0.9408098757266998,0.9467024862766266,0.9501260668039322,0.9547888398170471,0.9594383478164673,0.9652422219514847,0.9742439150810241
t_88,1.3510077476501465,1.3486798644065856,1.3500704348087311,1.3477681934833527,1.3461004436016082,1.3448316395282744,1.3415517210960388,1.3385046482086183,1.3347131669521333,1.333374834060669,1.3304830074310303,1.3273620307445526,1.3267993986606599,1.323135393857956,1.3222486972808838,1.317946445941925,1.3143157958984375,1.3104220807552338,1.3086426615715028,1.3048777103424072,1.3007361710071563,1.2992158591747285,1.2955591797828674,1.290921038389206,1.286789470911026,1.284238976240158,1.2820226550102234,1.2759928464889527,1.2724902749061584,1.268926239013672,1.26324360370636,1.260074907541275,1.2549297332763671,1.2500772058963776,1.24417724609375,1.2378490209579467,1.2346693515777587,1.227825403213501,1.2237715482711793,1.2178532421588897,1.212817406654358,1.2048338294029235,1.1984857380390168,1.194535207748413,1.1853063523769378,1.178881871700287,1.1713139474391938,1.1638367772102356,1.1552737534046174,1.1482080459594726,1.1390359342098235,1.1295724034309387,1.1206469893455506,1.1123512983322144,1.1015165209770204,1.0915268182754516,1.0810265958309173,1.07105553150177,1.061766618490219,1.0490745544433593,1.0364126682281494,1.0246443510055543,1.0145032733678818,1.0010844349861145,0.9883175641298294,0.9775313943624496,0.9645136415958404,0.9489241659641265,0.9397682458162308,0.9271706998348236,0.9141916155815124,0.8965022653341294,0.884212002158165,0.8721047729253769,0.8558143228292465,0.839760559797287,0.8253015458583832,0.8074391037225723,0.7891041338443756,0.772508618235588,0.7573208242654801,0.739852923154831,0.7163710325956345,0.6990698277950287,0.679995772242546,0.6638905733823777,0.6408697724342346,0.6220924854278564,0.599346575140953,0.5767257183790206,0.5565169066190719,0.5333045661449433,0.5105239570140838,0.48726536631584166,0.46231735348701475,0.44080436825752256,0.4138855427503586,0.3889070987701416,0.36045808494091036,0.33201090395450594,0.3095446974039078,0.2829053372144699,0.25845153257250786,0.2292306400835514,0.20921764075756072,0.17977821007370948,0.15726732984185218,0.1338018722832203,0.10871691927313805,0.08562773205339909,0.08106425255537034,0.0,0.07843485176563263,0.08518309518694878,0.10623888298869133,0.12857441157102584,0.1529485560953617,0.17331209108233453,0.19724175706505775,0.21954498514533044,0.24367779791355132,0.2611584022641182,0.2829153001308441,0.3062541842460632,0.3263021230697632,0.3450866863131523,0.3668263107538223,0.38260210752487184,0.40410092622041704,0.42000986337661744,0.43847386837005614,0.4530103400349617,0.46950996071100237,0.4858839467167854,0.5004037782549858,0.5149118483066559,0.5304008483886719,0.5447799801826477,0.559880068898201,0.5729321569204331,0.5850171774625779,0.5988866090774536,0.6093110322952271,0.6199385017156601,0.6323794156312943,0.6420239001512528,0.6523583948612213,0.6642179608345031,0.6726518422365189,0.6835078567266464,0.692480543255806,0.7004401534795761,0.7078615635633468,0.7187206476926804,0.7276872366666793,0.7343485921621322,0.7406623095273972,0.7478001773357391,0.755633196234703,0.7635374397039414,0.7689900904893875,0.776516443490982,0.7817261815071106,0.7888256490230561,0.7959991544485092,0.7998685985803604,0.8058655530214309,0.8123004019260407,0.8190342217683793,0.8240237206220626,0.8296149551868439,0.8342736780643463,0.8387681037187577,0.844187319278717,0.8485333114862442,0.8532073020935058,0.8583996623754502,0.8629848331212997,0.8671240985393525,0.8722721815109253,0.8750515282154083,0.8806450307369232,0.8857959479093551,0.8877143234014511,0.8939494818449021,0.8971847146749496,0.9004972845315933,0.9049707293510437,0.9095886945724487,0.9144042521715164,0.9182564228773117,0.9219884216785431,0.9255624145269394,0.9293305784463882,0.9352979302406311,0.9388107180595398,0.9436460763216019,0.948613366484642,0.9546254396438598,0.9635893672704696
t_87,1.3558705985546111,1.3535912573337554,1.3549509525299073,1.3526743412017823,1.3510447204113007,1.3497565865516663,1.3465446293354035,1.3435683727264405,1.3398052752017975,1.3384613394737244,1.3356407403945922,1.3325761139392853,1.3319989621639252,1.328373098373413,1.3274915754795074,1.3232610642910003,1.319648915529251,1.3158468544483184,1.3140955150127411,1.3103688538074494,1.3062861025333405,1.3048464715480805,1.301231473684311,1.2966374695301055,1.2925871372222901,1.2900807082653045,1.2878671526908874,1.28197101354599,1.278492671251297,1.2750599205493927,1.2694629371166228,1.2663829565048217,1.26125248670578,1.2565827369689941,1.2508139789104462,1.2446418762207032,1.241532999277115,1.2348771512508392,1.2309189915657044,1.2250742256641387,1.2202130377292633,1.2124269664287568,1.2061884522438049,1.2023784220218658,1.1933997213840484,1.1870524644851685,1.179689735174179,1.1724516212940217,1.1641199588775635,1.1572471678256988,1.1482583165168763,1.1390207529067993,1.1302390813827514,1.1220789670944213,1.111567533016205,1.1018005847930907,1.0915674209594726,1.0816815853118897,1.072454172372818,1.0603122234344482,1.0477273344993592,1.036305433511734,1.0262468099594115,1.013102838397026,1.0007668673992156,0.9900026977062225,0.9771572977304459,0.9620846301317215,0.9529783338308334,0.9407397419214248,0.9280224800109863,0.9107389956712723,0.8982816696166992,0.8865903854370117,0.8706707000732422,0.854920569062233,0.8407600522041321,0.8234144747257233,0.8053656548261643,0.7888546317815781,0.7739050805568695,0.7564088702201843,0.7337286025285721,0.7163814306259155,0.6977752089500427,0.6822758942842484,0.6591431587934494,0.6410300374031067,0.6182963579893113,0.596824336051941,0.5758944898843765,0.5541860580444335,0.5318210870027542,0.5073918581008912,0.4839580863714218,0.4631788402795792,0.4364657014608383,0.4118303433060646,0.3833289995789528,0.35526886880397796,0.33161110132932664,0.30729980021715164,0.2825315222144127,0.25173780471086504,0.2315805025398731,0.20420661494135856,0.18268053755164146,0.15815673172473907,0.13254591822624207,0.1064705267548561,0.08737263083457947,0.07843485176563263,0.0,0.07993329800665379,0.08718296587467193,0.11326582878828048,0.13721599131822587,0.155637688934803,0.1782560355961323,0.1981361597776413,0.22446811497211455,0.2409463845193386,0.26114336103200914,0.2867205083370209,0.306703981757164,0.32508435249328616,0.3450577601790428,0.36095153987407685,0.3840850904583931,0.40037567764520643,0.4201123803853989,0.43375981152057647,0.45141535103321073,0.46783801913261414,0.48251534551382064,0.4967069521546364,0.5129717648029327,0.5277706488966942,0.5424973696470261,0.5565654516220093,0.5686874061822891,0.5828496903181076,0.5933748841285705,0.6045365542173385,0.6169210851192475,0.6269374519586564,0.6371166080236434,0.649762573838234,0.6582024693489075,0.6684575259685517,0.6785199046134949,0.686150997877121,0.6943889617919922,0.7046406239271163,0.7134621769189835,0.7213142186403274,0.7273594081401825,0.7347898960113526,0.742981880903244,0.7510642856359482,0.756472134590149,0.7641830950975418,0.7694989591836929,0.7768412113189698,0.7841001331806183,0.7877335846424103,0.7939768224954605,0.8008887380361557,0.8075763255357742,0.8128329694271088,0.8184121727943421,0.8233493536710739,0.8277903437614441,0.8331929117441177,0.8378925234079361,0.8425602167844772,0.8478474676609039,0.8527708560228348,0.8570235759019852,0.862162634730339,0.8646941035985947,0.8708926916122437,0.8759603768587112,0.8778402239084244,0.8842298984527588,0.8873926967382431,0.89112548828125,0.8956427603960038,0.9001551181077957,0.9051501959562301,0.9089038699865342,0.9131594657897949,0.916887703537941,0.9206669896841049,0.9268382400274277,0.9305933147668839,0.9355300754308701,0.9404338657855987,0.9466106206178665,0.9561888188123703
t_86,1.3562488675117492,1.354022777080536,1.3553830564022065,1.3531656980514526,1.3515654265880586,1.3503341317176818,1.3471978783607483,1.3442810893058776,1.3406299471855163,1.3393382132053375,1.336578869819641,1.333593213558197,1.3330474853515626,1.3295342922210693,1.3287002742290497,1.324578982591629,1.3210873246192931,1.3173916339874268,1.3156936407089233,1.3120919048786164,1.3081417560577393,1.3067240059375762,1.303228986263275,1.2987877428531647,1.294810312986374,1.292377656698227,1.2902918875217437,1.284511423110962,1.2811560928821564,1.27777299284935,1.2723449051380158,1.2693004727363586,1.2643995940685273,1.2597573220729827,1.2541466355323792,1.2480912804603577,1.2450357019901275,1.238500291109085,1.234640121459961,1.2289759516716003,1.2241588950157165,1.2164909064769744,1.2104416191577911,1.2066405594348908,1.1978316128253936,1.1916524171829224,1.184397953748703,1.1772433996200562,1.169119644165039,1.162356925010681,1.1535111606121062,1.144451117515564,1.135908806324005,1.1279742002487183,1.1175717890262604,1.1080128967761993,1.0979277729988097,1.0884016454219818,1.0794911205768585,1.0673268735408783,1.0551871716976167,1.0438231885433198,1.034115493297577,1.0212129443883895,1.009040716290474,0.998697179555893,0.986182478070259,0.9711443960666657,0.9624400585889816,0.9502781182527542,0.9378617316484451,0.9208493500947952,0.9091235935688019,0.89749074280262,0.8818098485469819,0.8664387226104736,0.8525372594594955,0.8352758824825287,0.8177710145711898,0.8018960237503052,0.7872870713472366,0.7706247419118881,0.747982519865036,0.7314430445432663,0.7130230009555817,0.6975236713886261,0.675499340891838,0.6573845267295837,0.6354768335819244,0.6136522024869919,0.5944186508655548,0.5717952311038971,0.5498640835285187,0.5277016192674637,0.5033437460660934,0.4824467107653618,0.45629324316978453,0.4320352807641029,0.40465630441904066,0.37678934782743456,0.3553351253271103,0.32857740968465804,0.3046200886368752,0.2763990372419357,0.25646739453077316,0.22671413719654082,0.20327315628528594,0.17774503082036971,0.1528407335281372,0.1263032365590334,0.11147941388189793,0.08518309518694878,0.07993329800665379,0.0,0.07215097621083259,0.09387915618717671,0.10860796645283699,0.12801487371325493,0.15111346915364265,0.1732644647359848,0.19674850925803183,0.21399497911334037,0.23662756383419037,0.25990783199667933,0.2803349122405052,0.2993069112300873,0.322282774746418,0.33833525627851485,0.36021247655153277,0.3764972686767578,0.3956100955605507,0.41088962107896804,0.42795043140649797,0.4448287069797516,0.4600080192089081,0.4750688046216965,0.49114642292261124,0.5062467470765114,0.5220472648739815,0.5355093568563462,0.5481887936592102,0.5626666337251663,0.5734607815742493,0.5846152007579803,0.5977655827999115,0.6077314198017121,0.6185749143362045,0.6308543443679809,0.6398000329732895,0.65132255256176,0.6604228556156159,0.6689784407615662,0.6767039984464646,0.6881919503211975,0.6975346833467484,0.7043641269207,0.7111646890640259,0.7186713248491288,0.7268367946147919,0.7350606232881546,0.7408748239278793,0.7486976891756058,0.7541576117277146,0.7616705864667892,0.7691481560468674,0.7733866989612579,0.7796624183654786,0.7864306181669235,0.7934050559997559,0.798677858710289,0.8045047223567963,0.8095248758792877,0.8142649382352829,0.8199571996927262,0.8244602918624878,0.829473689198494,0.8348313182592392,0.8396839499473572,0.8440548837184906,0.8493949592113494,0.852530351281166,0.8582868069410324,0.8636704087257385,0.8658115565776825,0.8723688364028931,0.8758302420377732,0.8792784422636032,0.8840599238872529,0.8888976454734803,0.893935140967369,0.8980502843856811,0.9019522160291672,0.9057871967554092,0.9098061859607697,0.915997764468193,0.9198376059532165,0.9249769389629364,0.9302608013153076,0.9366788834333419,0.9461665838956833
t_85,1.3597991824150086,1.3576337397098541,1.358971107006073,1.3567806780338287,1.3552203238010407,1.3539918124675752,1.350925773382187,1.3480771243572236,1.3444708645343781,1.3431992292404176,1.3405097067356109,1.3375936686992644,1.3370441377162934,1.3336059749126434,1.3327918291091918,1.3287682354450225,1.3253091812133788,1.3217164039611817,1.320047628879547,1.31651611328125,1.3126394391059875,1.3112818717956543,1.3078516602516175,1.3034904420375824,1.2996116757392884,1.2972287654876709,1.2951849818229675,1.28954735994339,1.286245161294937,1.2829649329185486,1.277651846408844,1.2746825098991394,1.2698572099208831,1.2653554379940033,1.2598649621009828,1.253970217704773,1.2509920358657838,1.2446137547492981,1.2408479869365692,1.2352905750274659,1.2306112468242645,1.2231300532817841,1.2172227263450623,1.213530957698822,1.2049375116825103,1.1988657534122467,1.1917911350727082,1.1848278403282166,1.1769212901592254,1.1703342974185944,1.1616777300834655,1.1528465628623963,1.144469863176346,1.1366869986057282,1.1265540063381194,1.117214035987854,1.1073810338974,1.098014384508133,1.0892627954483032,1.0774910628795624,1.0655233263969421,1.0544762849807738,1.0449183881282806,1.0322928488254548,1.0204609096050263,1.0102742850780486,0.9980119466781616,0.9834116190671921,0.9748419314622879,0.9629967391490937,0.9508571326732635,0.9342124938964844,0.9225899964570999,0.9112851023674011,0.8959549039602279,0.8809398174285888,0.8673691034317017,0.8505360066890717,0.8333669424057006,0.8177387148141861,0.8034379303455352,0.7870096385478973,0.7649459064006805,0.748624610900879,0.7306922405958176,0.7156145483255386,0.6938524454832077,0.6762197971343994,0.6546474546194077,0.6335384577512742,0.6142764896154403,0.5925082385540008,0.5709972113370896,0.5486421406269073,0.5252841681241989,0.5049653887748718,0.47915126085281373,0.4551843464374542,0.4281961783766747,0.40072694420814514,0.37910526990890503,0.3536120891571045,0.32927307337522504,0.300611799955368,0.28048532754182814,0.2519886836409569,0.22917551621794702,0.2023205801844597,0.17760419249534606,0.15103607922792434,0.12933716662228106,0.10623888298869133,0.08718296587467193,0.07215097621083259,0.0,0.08037679977715015,0.09331977255642414,0.10639022551476955,0.12787331640720367,0.14811782762408257,0.17281806841492653,0.19005346298217773,0.21142183467745781,0.2353562518954277,0.25593052059412,0.27501969784498215,0.2971995174884796,0.31385831981897355,0.3364852488040924,0.3529543668031693,0.3729466080665588,0.38787717521190646,0.4057913765311241,0.4228949904441833,0.43837580531835557,0.4536342531442642,0.47009817510843277,0.4856288105249405,0.5015234291553498,0.5155561596155167,0.5285995677113533,0.5432040959596633,0.5543892800807952,0.5659580886363983,0.5791742950677872,0.5895381093025207,0.6004716068506241,0.6132658511400223,0.6223276019096374,0.6337429732084274,0.6435281693935394,0.6521187067031861,0.6603527545928956,0.6716568976640701,0.6811145871877671,0.6885933846235275,0.6954367965459823,0.7031865328550339,0.7116599231958389,0.7200696498155594,0.7260717332363129,0.734059077501297,0.7396961510181427,0.7474008738994599,0.7550252437591553,0.7592657625675201,0.7657906889915467,0.7728357523679733,0.779913654923439,0.7854220300912857,0.7913668274879455,0.7965659618377685,0.8013880521059036,0.8071627914905548,0.8119227468967438,0.8170121282339096,0.8225093126296997,0.8276037752628327,0.8320919215679169,0.8375633269548416,0.8406258583068847,0.8467461794614792,0.8521374642848969,0.8543664366006851,0.8610787272453309,0.8645675003528595,0.8682973146438598,0.873171603679657,0.8780260026454926,0.8832107961177826,0.8873344153165817,0.8915965050458908,0.8955650418996811,0.8996608912944793,0.9060281097888947,0.9100893855094909,0.9153696328401566,0.9207228630781173,0.9273415833711625,0.9372797757387161
t_84,1.3626541912555694,1.3605382442474365,1.361852663755417,1.3596952736377717,1.3581691205501556,1.3569629549980164,1.3539661049842835,1.3511767446994782,1.347646814584732,1.346387267112732,1.3437552869319915,1.34090416431427,1.3403654992580414,1.337002456188202,1.3362013578414917,1.3322668731212617,1.3288884162902832,1.3253897607326508,1.323753160238266,1.3202964246273041,1.3165150701999664,1.3152035295963287,1.3118504166603089,1.3075883328914641,1.3037979185581208,1.301474404335022,1.2994749784469604,1.2939772486686707,1.2907524049282073,1.28757364153862,1.282383781671524,1.2795036554336547,1.2747917175292969,1.270405650138855,1.2650657773017884,1.259308111667633,1.256420797109604,1.2502057194709777,1.2465392470359802,1.2410955786705018,1.2365538358688355,1.2292466461658478,1.2234863758087158,1.2198985755443572,1.2115122437477113,1.2055772125720978,1.1986803710460663,1.1918898046016693,1.1841638386249542,1.1777418494224547,1.169280654191971,1.1606497287750244,1.1524568974971772,1.14486004114151,1.1349569499492644,1.1258387863636017,1.1162313997745514,1.107059007883072,1.0985070168972015,1.0870209813117981,1.075315886735916,1.064531546831131,1.055204439163208,1.0428589046001435,1.0312900841236115,1.0213200449943542,1.0093437761068345,0.9950696110725403,0.9866877496242523,0.9751520544290543,0.9632632046937942,0.9469927489757538,0.9356289386749268,0.9245657324790955,0.909606796503067,0.894904163479805,0.8816536098718644,0.8652449280023575,0.848428276181221,0.8331045091152192,0.819122713804245,0.8030254572629929,0.781431970000267,0.7654920607805252,0.747876501083374,0.7331928372383117,0.7118568480014801,0.6946304172277451,0.6735534220933914,0.6529075980186463,0.633994135260582,0.6127146244049072,0.5915659010410309,0.5697060614824295,0.546685791015625,0.526972982287407,0.5016978308558464,0.4782373487949371,0.4516462773084641,0.4245471656322479,0.40316164642572405,0.3779268071055412,0.35436173528432846,0.3256142660975456,0.30653961598873136,0.27868214100599287,0.25472482666373253,0.22815664112567902,0.20392381474375726,0.17699432224035264,0.1549346387386322,0.12857441157102584,0.11326582878828048,0.09387915618717671,0.08037679977715015,0.0,0.07517322637140751,0.08958393484354019,0.10876625441014767,0.12755972817540168,0.1487558051943779,0.16534876078367233,0.1876199260354042,0.21125847101211548,0.2322583682835102,0.2509840466082096,0.273367215692997,0.2898785799741745,0.31254163235425947,0.3294679865241051,0.3497584268450737,0.36494174897670745,0.38307891637086866,0.40069005340337754,0.41645652502775193,0.43193298727273943,0.44897051751613615,0.4645969271659851,0.4805089607834816,0.49503355622291567,0.5083166420459747,0.5233401224017143,0.5346782475709915,0.5465012073516846,0.5599104285240173,0.5706466615200043,0.5818087249994278,0.5949996262788773,0.6042566657066345,0.6157678991556168,0.6259086996316909,0.6347068399190903,0.6432313919067383,0.6546820789575577,0.6643468528985977,0.6721449136734009,0.6790452063083648,0.687078395485878,0.6956552892923356,0.7043595969676971,0.7104637593030929,0.7186475902795791,0.7245138764381409,0.7323820948600769,0.7401985615491867,0.7445106357336044,0.7512583494186401,0.7584990680217742,0.7656706780195236,0.7714126884937287,0.777505412697792,0.7828718274831772,0.7878250271081925,0.7937036156654358,0.7987050831317901,0.8038699477910995,0.8095635592937469,0.8148134589195252,0.819442093372345,0.8249520599842072,0.8281313240528106,0.8344703108072281,0.8399534314870835,0.8423631995916366,0.8491002649068833,0.8526980638504028,0.8566291391849518,0.8616147369146347,0.8665623009204865,0.8719272583723068,0.8761759549379349,0.8806156873703003,0.8846956551074981,0.8889334797859192,0.8954366832971573,0.8997304141521454,0.9051159471273422,0.9106539845466614,0.9174831598997116,0.9276641935110093
t_83,1.3648755967617034,1.3628105700016022,1.364120864868164,1.3619991660118103,1.3605107545852662,1.359330666065216,1.356409138441086,1.3536795914173125,1.3502246618270874,1.348994255065918,1.3464283645153046,1.3436343252658844,1.343102937936783,1.339829009771347,1.3390604197978973,1.3352272927761077,1.3319220960140228,1.3285368084907532,1.3269417107105255,1.3235696315765382,1.3198992908000946,1.3186279356479644,1.315365093946457,1.3112051844596864,1.3074933469295502,1.3052253007888794,1.3033081889152527,1.2979274451732636,1.2947782278060913,1.2916746497154237,1.2866174817085265,1.283794891834259,1.2792232155799865,1.2749244928359986,1.269725251197815,1.2641027688980102,1.2612793624401093,1.255212426185608,1.251650595664978,1.2463551819324494,1.241900736093521,1.2347494959831238,1.2291498363018036,1.2256172239780425,1.217444384098053,1.2116257429122925,1.2048668205738067,1.1982287347316742,1.1907217025756835,1.1844367265701294,1.1761455237865448,1.1676968395709992,1.1597096264362334,1.1522930324077607,1.1425838351249695,1.1336830496788024,1.124258142709732,1.1153370022773743,1.1070205509662627,1.095691406726837,1.0842955470085145,1.0736592769622804,1.064580112695694,1.0524893164634705,1.0411979615688325,1.0314884543418885,1.0197805166244507,1.0056951582431792,0.9975996911525726,0.986233988404274,0.9746306627988816,0.958651015162468,0.9476681917905807,0.9368015319108963,0.9221044957637787,0.9077495723962784,0.8947683066129685,0.878547677397728,0.86214959025383,0.8472589671611785,0.8335306465625762,0.8179572552442551,0.796638423204422,0.7812018543481827,0.7638336271047592,0.7494062274694443,0.7286838591098785,0.7117331922054291,0.69108267724514,0.6706529021263122,0.6525528460741044,0.6312533915042877,0.6104996532201767,0.5896083652973175,0.566610699892044,0.546967750787735,0.5221565693616868,0.4990081608295441,0.47329366356134417,0.4464196413755417,0.4258348599076271,0.40031604170799256,0.37728267461061477,0.3495385780930519,0.3306204602122307,0.30253537744283676,0.2784664750099182,0.2515475057065487,0.22756631523370743,0.20160162672400475,0.17995503097772597,0.1529485560953617,0.13721599131822587,0.10860796645283699,0.09331977255642414,0.07517322637140751,0.0,0.07698200084269047,0.09133398979902267,0.10921614654362202,0.12574066892266272,0.14017129316926003,0.1648043915629387,0.18728270158171653,0.20816734731197356,0.2265397697687149,0.2507903903722763,0.26730138808488846,0.28926075994968414,0.3061873555183411,0.32642238438129423,0.34250747263431547,0.3606899261474609,0.37849395871162417,0.3945034846663475,0.410414557158947,0.4275925621390343,0.44351796954870226,0.4600769251585007,0.4744695395231247,0.488117478787899,0.5034031584858895,0.5149512588977814,0.5269312500953675,0.5409673094749451,0.5517625480890274,0.5632805019617081,0.5764983505010605,0.5860891103744507,0.598315280675888,0.6080781191587448,0.6174458265304565,0.625916576385498,0.6380673557519912,0.6480563879013062,0.6554877549409867,0.6628470808267594,0.671111798286438,0.679785305261612,0.6886376678943634,0.6950203746557235,0.7033493489027023,0.7093527287244796,0.7175121992826462,0.7254749983549118,0.7301582336425781,0.7370124250650406,0.7443869322538376,0.7516922205686569,0.7575764358043671,0.7637997299432755,0.7693568140268325,0.774528968334198,0.7806582242250443,0.7855753421783447,0.7910504609346389,0.7967967331409455,0.8021232724189759,0.8068837434053421,0.812548553943634,0.8160853743553161,0.8223521798849106,0.8280061513185502,0.8305991023778916,0.8375236243009567,0.8413418292999267,0.8451833903789521,0.8503985524177551,0.8555423587560653,0.8609663784503937,0.8654510080814362,0.869812262058258,0.8740670174360275,0.8785105526447297,0.885066670179367,0.8895478993654251,0.8950976550579071,0.9008698165416718,0.9079399168491363,0.9183627843856812
t_82,1.3656626701354981,1.3636499643325806,1.3649400234222413,1.3628632307052613,1.3614129722118378,1.3602674067020417,1.357423061132431,1.3547567784786225,1.3513812839984893,1.3501781463623046,1.3476711511611938,1.3449464559555053,1.3444389045238494,1.341254872083664,1.3405240595340728,1.3367848336696624,1.3335701823234558,1.3302712857723236,1.328711950778961,1.3254373967647552,1.321872878074646,1.3206369698047637,1.31745787858963,1.313420343399048,1.3097991466522216,1.307601273059845,1.305763977766037,1.3005132853984833,1.297462385892868,1.2944378137588501,1.289510226249695,1.2867455244064332,1.2823113918304443,1.2780903160572052,1.273016446828842,1.2675171613693237,1.2647583961486817,1.2588048815727233,1.2553405165672302,1.2501543939113617,1.2457821488380432,1.2387750804424287,1.233312088251114,1.2298390984535217,1.2218101441860199,1.2161294281482697,1.2095243275165557,1.202991133928299,1.1956346929073334,1.189463835954666,1.1813303530216217,1.1730383157730102,1.1652058780193328,1.1579569339752198,1.1483880162239075,1.1396782577037812,1.1304363846778869,1.1217138767242432,1.1135835886001586,1.1024029016494752,1.0912582576274872,1.0808100402355194,1.071945494413376,1.0600732445716858,1.0489254593849182,1.0394617557525634,1.0280197978019714,1.014149084687233,1.0062538355588913,0.9950708478689194,0.9836657822132111,0.9680020362138748,0.9573198139667511,0.9466347634792328,0.9322227209806442,0.9181194543838501,0.9053785026073455,0.8895113945007325,0.8734399050474166,0.8588426291942597,0.8454680949449539,0.8302641123533249,0.8092762559652329,0.7941790580749511,0.7771806627511978,0.7628616064786911,0.7427871346473693,0.726031094789505,0.7059616297483444,0.6857533246278763,0.6681861162185669,0.6470478475093842,0.6267355680465698,0.6065956056118011,0.5837943434715271,0.5645089596509933,0.5401230037212372,0.5174608245491982,0.4921339154243469,0.46564781218767165,0.44597415179014205,0.42013674676418306,0.39765059649944307,0.37093508541584014,0.35191461592912676,0.3232323542237282,0.2995478227734566,0.2729969501495361,0.2488216631114483,0.22211920842528343,0.2022620789706707,0.17331209108233453,0.155637688934803,0.12801487371325493,0.10639022551476955,0.08958393484354019,0.07698200084269047,0.0,0.07110637426376343,0.08515960238873958,0.10175608061254024,0.12000475637614727,0.14192382916808127,0.16205162853002547,0.18280819356441497,0.20203340351581572,0.2281726509332657,0.24429560229182243,0.2659175455570221,0.28297092467546464,0.30295559763908386,0.31965772062540054,0.3375678315758705,0.35572272092103957,0.3722518727183342,0.3885605841875076,0.4061323940753937,0.4221545398235321,0.43948629349470136,0.45381360352039335,0.4676205009222031,0.48347833156585696,0.49510486871004106,0.5074084892868995,0.5218727707862854,0.5327461749315262,0.5447090715169907,0.5580978333950043,0.5679785937070847,0.5807354927062989,0.5903896391391754,0.6001195669174194,0.6086944609880447,0.6212175756692886,0.631590548157692,0.6389908224344254,0.6465685576200485,0.6550171643495559,0.6638163208961487,0.6729439675807953,0.6795583963394165,0.688074043393135,0.69424287378788,0.7026012122631073,0.7107247203588486,0.7157081246376038,0.72268947660923,0.7301329493522644,0.7376490086317062,0.7436519980430603,0.7500433772802353,0.755767998099327,0.7611179560422897,0.7674274802207947,0.7725110113620758,0.7780601799488067,0.7840707570314407,0.7894508421421051,0.794375079870224,0.8001092433929443,0.803922700881958,0.8102065563201905,0.8159691989421844,0.8188098192214965,0.8257868528366089,0.8297800302505494,0.8336541652679443,0.8390639215707779,0.8443731904029846,0.8499002665281296,0.8545756489038467,0.8589765012264252,0.8632997691631317,0.8679113298654556,0.874595308303833,0.8792229354381561,0.8849143087863922,0.8909737676382065,0.8982436388731003,0.908701840043068
t_81,1.3683437347412108,1.3663896203041077,1.3676584601402282,1.3656187117099763,1.364207649230957,1.3630763292312622,1.360299426317215,1.357696670293808,1.3543807208538055,1.3532131731510162,1.350765722990036,1.3481141269207,1.3476024329662324,1.3444990992546082,1.3437931835651398,1.3401422679424286,1.3369916081428528,1.3337830424308776,1.3322579324245454,1.3290542125701905,1.3255511403083802,1.324368566274643,1.3212442100048065,1.317287939786911,1.3137335360050202,1.3115857899188996,1.3098040997982026,1.3046550512313844,1.301658844947815,1.298720932006836,1.2938851356506347,1.2911809623241424,1.2868394434452057,1.2826935827732087,1.2777324497699738,1.2723553419113158,1.2696469247341156,1.263822203874588,1.2604341328144073,1.255365365743637,1.2510899305343628,1.2442130267620086,1.2388751804828644,1.2354654550552369,1.2276151657104493,1.2220300078392028,1.2155665397644042,1.2091659307479858,1.202007430791855,1.1959623754024507,1.1879816710948945,1.1798601746559143,1.172202968597412,1.1650948643684387,1.1557068288326264,1.147194468975067,1.138131207227707,1.1296041309833527,1.1216421484947205,1.1106628000736236,1.0997531831264495,1.0894954800605774,1.0808029890060424,1.0691332161426543,1.058269774913788,1.0489882290363313,1.037788951396942,1.0241516411304474,1.0164672642946244,1.005484589934349,0.9943394422531128,0.9789497196674347,0.9685086458921432,0.9580623149871826,0.9438749372959137,0.9300933003425598,0.9176061391830445,0.9020314693450928,0.8862780153751373,0.871979895234108,0.8588749974966049,0.8440577030181885,0.8234133452177048,0.8086729675531388,0.7919657766819,0.7779315829277038,0.7583410769701004,0.7418926268815994,0.7221367746591568,0.7024013340473175,0.685236644744873,0.6643929153680801,0.6445352911949158,0.6248554915189743,0.602482196688652,0.58346506357193,0.5593913614749908,0.5370609492063523,0.5124134421348572,0.4863588809967041,0.46694595366716385,0.441622194647789,0.4194708451628685,0.3931720554828644,0.37434116154909136,0.34620779007673264,0.32291716784238816,0.2963095635175705,0.2718618407845497,0.246510349214077,0.22644121199846268,0.19724175706505775,0.1782560355961323,0.15111346915364265,0.12787331640720367,0.10876625441014767,0.09133398979902267,0.07110637426376343,0.0,0.07770596742630005,0.0829086571931839,0.10298900045454502,0.12381392121315002,0.1399725303053856,0.15895783454179763,0.17880859822034836,0.2060033768415451,0.22188580632209778,0.24306432530283928,0.26005749106407167,0.28020783364772794,0.297408738732338,0.3154162481427193,0.33376123011112213,0.3501847580075264,0.36676375567913055,0.3848493680357933,0.4009366348385811,0.418745730817318,0.4330335184931755,0.4472146913409233,0.4633782848715782,0.47502038925886153,0.48752449452877045,0.5025718152523041,0.5134827569127083,0.5256950214505196,0.5394294530153274,0.5496400892734528,0.5627293109893798,0.5722499340772629,0.5823390543460846,0.5911376863718033,0.6039738327264785,0.6146135181188583,0.6220678240060806,0.6298314452171325,0.6385862171649933,0.6475103855133056,0.6568875342607499,0.6636212408542633,0.6722869843244552,0.6786217749118805,0.6872204869985581,0.6954894542694092,0.7007276892662049,0.7079059660434723,0.7155029654502869,0.723147276043892,0.7293061643838883,0.7358168095350266,0.7417960524559021,0.7473457515239715,0.7537396371364593,0.7589170217514039,0.7646791100502014,0.7708365380764007,0.7763103455305099,0.7814146250486373,0.7872026711702347,0.7912873208522797,0.7976671844720841,0.8034961342811584,0.8065267384052277,0.8136520355939865,0.8177921414375305,0.8217205047607422,0.8273526072502136,0.8327623456716537,0.8384218752384186,0.8432363778352737,0.8477923601865769,0.8522599220275879,0.8570468097925186,0.8637905776500702,0.8686972260475159,0.8745482087135314,0.8807633489370346,0.8883115082979203,0.8990078151226044
t_80,1.371699446439743,1.3697726726531982,1.3710185527801513,1.3689998507499694,1.36760573387146,1.3664740741252899,1.3637346088886262,1.3611766636371612,1.3578975677490235,1.3567198276519776,1.354313588142395,1.351689726114273,1.3511712312698365,1.3481020152568817,1.3473943948745728,1.3438022553920745,1.3406625270843506,1.3375088036060334,1.336008483171463,1.3328303754329682,1.329370564222336,1.3282276451587678,1.3251398861408235,1.3212127029895782,1.3177238643169402,1.315606302022934,1.3138078689575194,1.3087798058986664,1.3058032870292664,1.302949959039688,1.2982000350952148,1.2955474078655242,1.2912350475788117,1.2872458517551422,1.282353049516678,1.2770870447158813,1.274445766210556,1.2687572062015533,1.265431523323059,1.260426014661789,1.2562673330307006,1.2495451986789703,1.244287919998169,1.2409710109233856,1.233310157060623,1.2277956187725068,1.2214668273925782,1.2152543306350707,1.208231395483017,1.2023314654827117,1.194517344236374,1.186577022075653,1.1790620744228364,1.1720633685588837,1.1629253506660462,1.154542124271393,1.1456988751888275,1.1372648656368256,1.1294055998325347,1.118816751241684,1.108021503686905,1.098020112514496,1.0894442975521088,1.0780466854572297,1.0674390077590943,1.0582363307476044,1.0471731901168824,1.033984935283661,1.0263355433940888,1.0156347274780273,1.0047393530607223,0.9896925568580628,0.979233729839325,0.9691038608551026,0.9552631765604019,0.9417335242033005,0.929500162601471,0.9142880648374557,0.8988504111766815,0.8847455024719239,0.8718423962593078,0.8570872008800506,0.8370840400457382,0.8224387615919113,0.8062214851379395,0.7926443129777908,0.773028102517128,0.7571407854557037,0.7376721709966659,0.7185378760099411,0.7011628150939941,0.6814418405294418,0.661887589097023,0.6418073147535324,0.620416784286499,0.6020097464323044,0.5785221487283707,0.5566316694021225,0.5320898771286011,0.5065393164753914,0.48685979247093203,0.4628934979438782,0.44061933010816573,0.41413423866033555,0.39517865926027296,0.3684184715151787,0.346040153503418,0.3199652537703514,0.2958793416619301,0.2688741087913513,0.24761086106300353,0.21954498514533044,0.1981361597776413,0.1732644647359848,0.14811782762408257,0.12755972817540168,0.10921614654362202,0.08515960238873958,0.07770596742630005,0.0,0.0774848859757185,0.08808159567415715,0.0975817408412695,0.12105572186410427,0.1395419418811798,0.15833363085985183,0.18079691305756568,0.19729228541254998,0.2204993560910225,0.2375772289931774,0.2585608385503292,0.27421505600214,0.29350790083408357,0.31192360669374464,0.328853140771389,0.3452293500304222,0.36302283853292466,0.3800471186637878,0.39758702367544174,0.4130489870905876,0.4273162677884102,0.44354414492845534,0.45579733699560165,0.46904406100511553,0.4835759997367859,0.49524202942848206,0.5074431538581848,0.5215690359473228,0.5316660463809967,0.5444399297237397,0.5555223971605301,0.5653039991855622,0.574729073047638,0.587167552113533,0.5977234691381454,0.6062253415584564,0.6140419095754623,0.6229133129119873,0.6323548197746277,0.6418052673339844,0.6488020986318588,0.6576911717653274,0.66412173807621,0.672932305932045,0.6814479351043701,0.6864717662334442,0.6938568770885467,0.7019607126712799,0.7097143530845642,0.7161196827888489,0.7226875185966491,0.7287890076637268,0.7343395054340363,0.740886652469635,0.7464304238557815,0.7522442072629929,0.7584266155958176,0.7643354505300521,0.7694301038980484,0.7755864351987839,0.7792508333921433,0.7861869931221008,0.792142254114151,0.7950723975896835,0.8024654120206833,0.806626045703888,0.8109886944293976,0.8165589451789856,0.8220216184854507,0.8278693586587906,0.8326551139354705,0.8375846087932587,0.842282983660698,0.8470504522323609,0.8541754215955735,0.8591075450181961,0.8652164697647095,0.8714357107877732,0.8791368782520295,0.8905944585800171
t_79,1.3729259967803955,1.3710501968860627,1.372289514541626,1.3703075289726256,1.368959939479828,1.3678520917892456,1.3651916623115539,1.3627009034156798,1.3595037043094635,1.358353579044342,1.3560149788856506,1.3534593880176544,1.3529576718807221,1.3499852657318114,1.349316555261612,1.3458277344703675,1.342777168750763,1.3397245705127716,1.3382663965225219,1.3351785719394684,1.3318298876285553,1.3307232022285462,1.3277095913887025,1.3238979756832123,1.3204852402210236,1.318418139219284,1.3167232990264892,1.3117910385131837,1.3089072465896607,1.3061321318149566,1.3014917969703674,1.2988975942134857,1.2947358906269073,1.2907944679260255,1.2860316038131714,1.2808911561965943,1.2782985866069794,1.2727262258529664,1.2695023477077485,1.264642947912216,1.2605570673942565,1.2539481103420258,1.2488676249980926,1.2455986440181732,1.2381080389022827,1.2327133238315582,1.2265199720859528,1.2203990757465362,1.2135864853858949,1.2077971816062927,1.200127011537552,1.192338889837265,1.1849939167499541,1.1781746447086334,1.1691766560077668,1.1610405325889588,1.1523480415344238,1.14415482878685,1.136531364917755,1.126015406847,1.115535455942154,1.1056571900844574,1.0973259210586548,1.0861333847045898,1.0757486820220947,1.0668219029903412,1.0560561418533325,1.0429523885250092,1.035602343082428,1.025066500902176,1.0143791645765305,0.9995844751596451,0.9895660191774368,0.979547244310379,0.9659206718206406,0.952712920308113,0.9407350420951843,0.9257485836744308,0.9106717079877853,0.8969235628843307,0.8843601942062378,0.8701225787401199,0.8502874433994293,0.8361564308404923,0.8200647413730622,0.8066809207201004,0.7878253430128097,0.7720570534467697,0.7531107693910599,0.7341973662376404,0.7176859200000762,0.6976612210273743,0.6785390585660934,0.6596195846796036,0.6381322801113128,0.619923785328865,0.596640208363533,0.575172758102417,0.551509502530098,0.5262822061777115,0.5075149416923523,0.48309597969055174,0.461645233631134,0.4359773829579353,0.4176570802927017,0.39061782509088516,0.3678364038467407,0.34180986136198044,0.3177732989192009,0.2928750291466713,0.272328744828701,0.24367779791355132,0.22446811497211455,0.19674850925803183,0.17281806841492653,0.1487558051943779,0.12574066892266272,0.10175608061254024,0.0829086571931839,0.0774848859757185,0.0,0.07460846677422524,0.0897899329662323,0.09616052992641926,0.11460962854325771,0.13383374288678168,0.16098785474896432,0.17667232528328897,0.1969473645091057,0.21353845074772834,0.23388630002737046,0.25166403949260713,0.2700306624174118,0.2891214549541473,0.3060004010796547,0.32313534170389174,0.34162519723176954,0.3582605108618736,0.37650839388370516,0.39134900122880933,0.4062596753239632,0.42289817333221436,0.43495775312185286,0.44809251427650454,0.4636360391974449,0.4751066520810127,0.4877920806407928,0.5020929530262948,0.5127475678920745,0.526367937028408,0.5363342106342316,0.5470738917589187,0.5562862753868103,0.5696267664432526,0.5806965351104736,0.588566991686821,0.5967829197645187,0.6059613227844238,0.6152976363897323,0.6250378072261811,0.6322379261255264,0.6412877678871155,0.647962749004364,0.6569990694522858,0.665621641278267,0.671210116147995,0.6787817269563675,0.686788585782051,0.6946957916021347,0.7012384325265885,0.7080799996852875,0.7144141852855682,0.7202415227890014,0.7269442677497864,0.7324870347976684,0.738540631532669,0.7449878573417663,0.7508111447095871,0.7561788499355316,0.7622248888015747,0.7665931880474091,0.7733100831508637,0.7793413251638412,0.7827061206102371,0.7900912135839462,0.7944821208715439,0.7987063258886338,0.8046542406082153,0.8103051960468293,0.8161977767944336,0.821315249800682,0.8261504590511322,0.8309451848268509,0.8360098749399185,0.8430391818284988,0.8483585029840469,0.8545543432235718,0.861140039563179,0.8691551178693772,0.8805281221866608
t_78,1.3736952006816865,1.3718251764774323,1.373046225309372,1.3710751235485077,1.3697281777858734,1.36861132979393,1.3659577012062072,1.3634715616703033,1.3602832317352296,1.3591336190700531,1.356796807050705,1.3542556703090667,1.3537535429000855,1.3507795572280883,1.3500999331474304,1.3466345489025116,1.3435857713222503,1.34056299328804,1.33911172747612,1.3360423147678375,1.3327082753181458,1.3316294312477113,1.3286377727985381,1.3248479306697845,1.3214683771133422,1.319425106048584,1.3177164554595948,1.3128708899021149,1.3099978625774384,1.3072574019432068,1.3026728808879853,1.300117439031601,1.2959795117378234,1.2921187102794647,1.287418293952942,1.282355749607086,1.2798004746437073,1.27431218624115,1.2711302995681764,1.2663149774074554,1.262299233675003,1.2557932615280152,1.2507615685462952,1.2475504159927369,1.2401953876018523,1.2348607182502747,1.2287495255470275,1.2227451741695403,1.2160422325134277,1.2103479623794555,1.202776265144348,1.1951161623001099,1.1878774225711823,1.1811559796333313,1.1723313868045806,1.1643028557300568,1.1557773172855377,1.1476906001567841,1.1401467382907868,1.129901123046875,1.1195226669311524,1.1098197102546692,1.1015965521335602,1.090582650899887,1.080407303571701,1.0715664863586425,1.0609383523464202,1.048135644197464,1.0408185780048371,1.0304628372192384,1.0199625194072723,1.0054446548223495,0.9954650372266769,0.9856360256671906,0.9722638189792633,0.9592849373817444,0.9474796086549759,0.9327437072992325,0.9179049015045166,0.9043650776147842,0.8919116258621216,0.8778428196907043,0.8584963053464889,0.8444936722517014,0.8287384361028671,0.8155983835458755,0.79692043364048,0.7815035909414292,0.7627555012702942,0.7442717641592026,0.7278356194496155,0.7084704399108886,0.6896099060773849,0.6706578969955445,0.6497847884893417,0.6318590134382248,0.6090868085622787,0.5879295855760575,0.5646628856658935,0.5400006175041199,0.5211509808897972,0.4975524559617043,0.47619160264730453,0.4507899656891823,0.4324299514293671,0.4063857436180115,0.38375758230686186,0.3580865114927292,0.3348266988992691,0.3098010629415512,0.28832931220531466,0.2611584022641182,0.2409463845193386,0.21399497911334037,0.19005346298217773,0.16534876078367233,0.14017129316926003,0.12000475637614727,0.10298900045454502,0.08808159567415715,0.07460846677422524,0.0,0.0761319413781166,0.08978605084121227,0.1060232963413,0.1180696316063404,0.14496634006500245,0.15875124782323838,0.1799287997186184,0.1970756843686104,0.21804526224732398,0.23481809943914414,0.2541719667613506,0.2726690500974655,0.2897448241710663,0.3066824942827225,0.32540182322263717,0.3425447389483452,0.3606300354003906,0.3760276585817337,0.3909978359937668,0.4076683908700943,0.4201961517333984,0.43342511653900145,0.4490476593375206,0.4608474299311638,0.4734845981001854,0.488185715675354,0.4988075107336044,0.5124500319361687,0.5230554148554802,0.5335732668638229,0.5431309551000595,0.5565224260091781,0.5676601380109787,0.5759258240461349,0.5842296332120895,0.5935502797365189,0.60320343375206,0.6130982160568237,0.6203224748373032,0.6295477211475372,0.6363423079252243,0.6455701440572739,0.6543769061565399,0.659820756316185,0.6675294667482377,0.6758328229188919,0.6839119225740433,0.6905902057886124,0.6975062996149063,0.7039738357067108,0.7098473966121673,0.7166744917631149,0.7222875088453293,0.7285110861063003,0.7349731296300888,0.7410224705934525,0.7464383751153946,0.7526861488819122,0.7569106996059418,0.7639382779598236,0.7701074868440628,0.7733785092830658,0.7810691565275192,0.7854580789804458,0.7898529380559921,0.7958269417285919,0.8015733629465103,0.8076115906238556,0.8127318859100342,0.8177812725305558,0.8226740539073945,0.827808466553688,0.835077565908432,0.8404606133699417,0.8468137383460999,0.8534565061330796,0.8616335093975067,0.8735910385847092
t_77,1.3771000862121583,1.3752659559249878,1.3764576315879822,1.3745111525058746,1.37318012714386,1.3720556676387787,1.3694411516189575,1.3670154631137847,1.3638582706451416,1.3627103745937348,1.3604239404201508,1.3579214990139008,1.3574125945568085,1.354477322101593,1.3537871837615967,1.3503808677196503,1.3473434150218964,1.3443697392940521,1.3429393947124482,1.3399053037166595,1.336605614423752,1.3355761349201203,1.3326264381408692,1.3288772463798524,1.3255470514297485,1.3235429286956788,1.321829342842102,1.317093515396118,1.3142428636550902,1.3115899503231048,1.3070843756198882,1.3045814156532287,1.3004667282104492,1.2967363536357879,1.292136162519455,1.2871733486652375,1.284687489271164,1.2793217420578002,1.276217097043991,1.2714595317840576,1.2675732672214508,1.2612123608589172,1.2562671720981597,1.2531509101390839,1.245965039730072,1.2406972765922546,1.2347289860248565,1.2288852632045746,1.2223153173923493,1.2167584896087646,1.2093328714370728,1.2018421232700347,1.1947304964065553,1.1881025910377503,1.1795146405696868,1.1716237485408783,1.1632887542247772,1.1552627444267274,1.1478162169456483,1.1379010736942292,1.1276403844356537,1.118179702758789,1.110023695230484,1.0992732346057892,1.089352011680603,1.0805578649044036,1.0700666546821593,1.0576487004756927,1.0504055142402648,1.0402990937232972,1.0299966990947724,1.0157824814319611,1.0057841867208481,0.996254512667656,0.9831947445869446,0.9704328238964081,0.9588714480400086,0.9444912642240524,0.929924875497818,0.9165204763412476,0.9043182790279388,0.8902669787406922,0.8715041041374206,0.8575619459152222,0.8421954423189163,0.8294877946376801,0.8108255654573441,0.7958842694759369,0.7774498552083969,0.7595297813415527,0.7429153501987458,0.724447152018547,0.7059606492519379,0.6866779655218125,0.66669941842556,0.6493879407644272,0.6269978761672974,0.6063696622848511,0.5832001268863678,0.5589845955371857,0.5399072259664536,0.5175477474927902,0.4963283255696297,0.47067041099071505,0.45247170627117156,0.42732393741607666,0.4056774899363518,0.3808040902018547,0.35723197311162946,0.3314093053340912,0.30966991037130354,0.2829153001308441,0.26114336103200914,0.23662756383419037,0.21142183467745781,0.1876199260354042,0.1648043915629387,0.14192382916808127,0.12381392121315002,0.0975817408412695,0.0897899329662323,0.0761319413781166,0.0,0.08154391758143902,0.09045424312353134,0.105358299985528,0.11936739645898342,0.1351521298289299,0.15913607478141784,0.17519318237900733,0.19746246114373206,0.21149017363786698,0.23234540671110154,0.25087410733103754,0.2685047373175621,0.2849985286593437,0.30343486070632936,0.321249395608902,0.3390747502446175,0.3559907957911491,0.3708865404129028,0.3878129914402962,0.400702628493309,0.414849454164505,0.42967804372310636,0.4424140781164169,0.4546478658914566,0.47011910527944567,0.48061427026987075,0.49361876100301744,0.5059350401163101,0.5162379771471024,0.5265907019376754,0.5393126398324967,0.550282460451126,0.5598793506622315,0.5681588232517243,0.5775839626789093,0.5877777010202407,0.5977921575307846,0.605302345752716,0.6147530883550644,0.621685791015625,0.6311000883579254,0.6401273041963578,0.6453538417816163,0.653296810388565,0.6621692657470704,0.6702828109264374,0.6773097276687622,0.6843432933092117,0.690893703699112,0.6967801153659821,0.7036535799503326,0.7098285108804703,0.7159602284431458,0.722518789768219,0.7290693879127502,0.7344822227954865,0.7410425394773483,0.7448082774877548,0.7525109738111496,0.7587084174156189,0.7619260370731353,0.7698181748390198,0.7741966664791107,0.7791303336620331,0.7850635379552842,0.7907781302928925,0.7970532029867172,0.8021100550889969,0.8076930969953537,0.8128146260976792,0.8178850591182709,0.8255232542753219,0.831046411395073,0.8376565366983414,0.8442775994539261,0.8526362091302871,0.8653428494930268
t_76,1.3775595366954803,1.3757973074913026,1.376982754468918,1.3750941276550293,1.3738199710845946,1.3727530717849732,1.3702371895313263,1.367889589071274,1.364834827184677,1.3637440919876098,1.361530417203903,1.3591209590435027,1.3586346626281738,1.35583655834198,1.3552099645137787,1.3519268453121185,1.3490102529525756,1.3461580514907836,1.3447799503803253,1.3418623507022858,1.3387032210826875,1.3377062261104584,1.334856289625168,1.3312546372413636,1.3280040681362153,1.326064360141754,1.324492335319519,1.3198654115200044,1.3171273350715638,1.3145453333854675,1.3101525008678436,1.3077188670635223,1.3037928819656373,1.3000959575176239,1.2956184267997741,1.2907744646072388,1.288334184885025,1.2830953776836396,1.2800757050514222,1.2754793286323547,1.2716512143611909,1.2654084980487823,1.2606233417987824,1.2575293183326721,1.2504920423030854,1.2453428566455842,1.239513450860977,1.2337450087070465,1.2273774921894074,1.2219032227993012,1.214612704515457,1.2072730839252472,1.2003280580043794,1.1938580751419068,1.1853617310523987,1.177692472934723,1.1694794237613677,1.16169416308403,1.154479306936264,1.144580227136612,1.1346227884292603,1.1252557575702666,1.11734419465065,1.106762319803238,1.0969926714897156,1.088500988483429,1.0782996594905854,1.0659205317497253,1.0589727342128754,1.0489907383918762,1.038882464170456,1.0249012589454651,1.0153668463230132,1.0059287041425704,0.9930305749177932,0.9805586278438568,0.9692445635795593,0.9550407081842422,0.9408244252204895,0.9277899712324142,0.9159347742795945,0.9024312496185303,0.8837465673685074,0.8703308343887329,0.8551230698823928,0.8424940854310989,0.8246810019016266,0.8097476333379745,0.7918660342693329,0.7740671217441559,0.7583517491817474,0.7394881069660186,0.7214312374591827,0.703452080488205,0.6833048701286316,0.6661334782838821,0.643975579738617,0.6237125903367996,0.6013287305831909,0.577442643046379,0.5596347123384475,0.5365559369325638,0.5159632116556168,0.49149810522794724,0.4737596407532692,0.44818698465824125,0.4265667885541916,0.40167548656463625,0.3784599483013153,0.35442607551813127,0.3337389975786209,0.3062541842460632,0.2867205083370209,0.25990783199667933,0.2353562518954277,0.21125847101211548,0.18728270158171653,0.16205162853002547,0.1399725303053856,0.12105572186410427,0.09616052992641926,0.08978605084121227,0.08154391758143902,0.0,0.06950302496552467,0.0809167392551899,0.1051729392260313,0.11829781495034694,0.13538311198353767,0.1498359888792038,0.16966298818588257,0.18753372728824616,0.20603413358330727,0.22582173943519593,0.24340252652764321,0.26108025908470156,0.27999743074178696,0.2973340958356857,0.31636088341474533,0.3316940560936928,0.3476932793855667,0.3648368716239929,0.37755045890808103,0.39156899601221085,0.4077011406421661,0.4197786167263985,0.4331237494945526,0.4482699319720268,0.4595531404018402,0.4738607853651047,0.48449306190013885,0.4960758060216904,0.5059771120548249,0.5197645127773285,0.5315017223358154,0.5401020318269729,0.5490379989147186,0.558677339553833,0.5686924070119858,0.579024487733841,0.5868501156568527,0.5963835656642914,0.6036353349685669,0.613167119026184,0.6223151803016662,0.6284244686365128,0.6365830898284912,0.6451312005519867,0.6534577488899231,0.6606153398752213,0.6679142534732818,0.6747507691383362,0.6810310870409012,0.6881143808364868,0.6941803753376007,0.7006362587213516,0.7075168460607528,0.7138655990362167,0.7195792078971863,0.7260776251554489,0.7308038979768753,0.7380435109138489,0.7443272352218628,0.7481534540653229,0.7559870928525925,0.7607002139091492,0.7653784692287445,0.7717656373977662,0.7777375698089599,0.7840231776237487,0.789521449804306,0.7948765724897384,0.8001281261444092,0.8055278152227402,0.8130655109882354,0.8190017133951187,0.8257344931364059,0.8328368604183197,0.841562095284462,0.8540174782276153
t_75,1.379387491941452,1.3776662051677704,1.378834956884384,1.3769711792469024,1.3757243037223816,1.3746697843074798,1.3722018122673034,1.369892990589142,1.3668819606304168,1.3658068597316741,1.3636406064033508,1.361267054080963,1.3607866883277893,1.3580318987369537,1.3574205935001373,1.3541935980319977,1.3513140320777892,1.3485252141952515,1.3471739768981934,1.3443171322345733,1.3412102341651917,1.3402445375919343,1.337444543838501,1.3338917732238769,1.330711728334427,1.3288116157054901,1.327264404296875,1.3227140963077546,1.3200188100337982,1.3174885869026185,1.313188272714615,1.3108028411865233,1.3069470882415772,1.30331951379776,1.2989210903644561,1.2941561818122864,1.2917666554450988,1.286607712507248,1.283657479286194,1.2791261315345763,1.275363677740097,1.2692188382148744,1.2645208477973937,1.2614788591861725,1.254554307460785,1.2494764983654023,1.2437308847904205,1.2380584001541137,1.2317990124225617,1.2264171421527863,1.2192254960536957,1.2119975447654725,1.2051639139652253,1.1988068401813508,1.1904282689094543,1.182875645160675,1.1748109877109527,1.1671546339988708,1.1600693702697753,1.150326919555664,1.140521341562271,1.1313226103782654,1.123536503314972,1.1131185233592986,1.1035053968429565,1.095159924030304,1.0851301670074462,1.0729516446590424,1.066117912530899,1.056318348646164,1.0463932991027831,1.0326469838619232,1.0232776403427124,1.0140045762062073,1.0013490617275238,0.9890769600868226,0.9779557198286056,0.9640078753232956,0.9500419467687606,0.9372465074062347,0.9255918025970459,0.9123486042022705,0.8939827889204025,0.8808241188526154,0.8659270852804184,0.8534877359867096,0.8360376089811326,0.8213845610618591,0.8038383096456527,0.7863378673791885,0.7709479331970215,0.7524158239364624,0.7347027659416199,0.7170952737331391,0.6972383618354797,0.6803653329610825,0.6586791664361954,0.6387414574623108,0.6168512403964996,0.5933385908603668,0.5758742719888688,0.5531293004751205,0.5329237282276154,0.5090563774108887,0.49148891866207123,0.4662579208612442,0.4450098693370819,0.42037411630153654,0.3976564586162567,0.37379649132490156,0.3537441775202751,0.3263021230697632,0.306703981757164,0.2803349122405052,0.25593052059412,0.2322583682835102,0.20816734731197356,0.18280819356441497,0.15895783454179763,0.1395419418811798,0.11460962854325771,0.1060232963413,0.09045424312353134,0.06950302496552467,0.0,0.07064650505781174,0.09089003168046475,0.10292421095073223,0.11663857139647008,0.12980203106999397,0.1494700074195862,0.16677523851394654,0.18481755629181862,0.2043592356145382,0.22172651961445808,0.2397438809275627,0.25850126296281817,0.27584207206964495,0.2956913709640503,0.31100159138441086,0.3269326999783516,0.3444556638598442,0.3572473168373108,0.37149124443531034,0.38805260956287385,0.4003779053688049,0.4138675481081009,0.4292493939399719,0.44074302166700363,0.4554338321089745,0.4661953240633011,0.4779523238539696,0.4881178095936775,0.5022224158048629,0.5142601117491722,0.5228661239147187,0.5319902092218399,0.5419335186481475,0.5521298468112945,0.5626734375953675,0.5707435458898544,0.5804937481880188,0.5878389805555344,0.5976913392543792,0.6070295631885528,0.6133130580186844,0.6216435819864273,0.6304020911455155,0.6389389753341674,0.6461999267339706,0.6536467671394348,0.6606743216514588,0.6671488732099533,0.6744061410427094,0.6806418299674988,0.6872492909431458,0.6942994892597198,0.7007938385009765,0.7066887050867081,0.713339963555336,0.7182395607233047,0.7255964517593384,0.7320249408483506,0.7360122114419937,0.7439862847328186,0.7488797813653946,0.7536408215761184,0.7602117419242859,0.7663581073284149,0.7727653920650482,0.7784008234739304,0.7838880151510239,0.7892862647771836,0.7948454916477203,0.802544915676117,0.8086480259895324,0.815566211938858,0.822884413599968,0.8318667382001876,0.8446419954299926
t_74,1.381271356344223,1.3795724749565124,1.3807262420654296,1.378881174325943,1.3776544749736785,1.3766029477119446,1.3741622507572173,1.3718900799751281,1.3689194977283479,1.3678553700447083,1.3657160520553588,1.3633715689182282,1.362896978855133,1.3601736903190613,1.359566468000412,1.356374192237854,1.353527408838272,1.3507819414138793,1.3494528532028198,1.346634328365326,1.3435653746128082,1.3426213800907134,1.339863359928131,1.336359453201294,1.3332250237464904,1.3313481152057647,1.3298202216625215,1.3253596782684327,1.3226962029933929,1.320213508605957,1.3159822344779968,1.313640159368515,1.3098321735858918,1.3062899470329286,1.301959329843521,1.2972806632518767,1.2949140667915344,1.2898510277271271,1.286952757835388,1.2824834823608398,1.278791105747223,1.2727541148662567,1.26813143491745,1.2651478052139282,1.2583558678627014,1.2533556342124939,1.2477138996124268,1.2421385943889618,1.236000794172287,1.2307130634784698,1.2236353039741517,1.2165291786193848,1.2098124742507934,1.2035638749599458,1.195335566997528,1.1879147350788117,1.1799981355667115,1.1724715113639832,1.1654769897460937,1.1559550702571868,1.1462979078292848,1.1372304618358613,1.1295825719833374,1.1193451106548309,1.1099091112613677,1.1016939461231232,1.091811579465866,1.07985320687294,1.0731261432170869,1.0634888231754303,1.0537194907665253,1.0402251958847046,1.0309908270835877,1.0219089269638062,1.009443935751915,0.9973934322595597,0.986439099907875,0.9727236658334732,0.9589919328689576,0.9464188545942307,0.9349078088998795,0.9219052255153656,0.903874072432518,0.890911516547203,0.8762683629989624,0.8640369862318039,0.8468439698219299,0.832485094666481,0.8151480585336686,0.7979987442493439,0.7828141957521438,0.7647261202335358,0.7472660303115845,0.7298633605241776,0.7104070782661438,0.6937833547592163,0.6725038349628448,0.6528694182634354,0.6313002824783325,0.6081825405359268,0.5909449964761734,0.5686154723167419,0.5486792027950287,0.5251796156167984,0.5078533798456192,0.4831637844443321,0.46203131824731825,0.43769134283065797,0.41547117829322816,0.3918734461069107,0.3715289071202278,0.3450866863131523,0.32508435249328616,0.2993069112300873,0.27501969784498215,0.2509840466082096,0.2265397697687149,0.20203340351581572,0.17880859822034836,0.15833363085985183,0.13383374288678168,0.1180696316063404,0.105358299985528,0.0809167392551899,0.07064650505781174,0.0,0.08692338578402996,0.08890366218984128,0.09880296774208545,0.11262419447302818,0.13089950792491437,0.1485580287873745,0.16726333573460578,0.185966856777668,0.20340735465288162,0.22101183012127876,0.24035316556692124,0.2581401042640209,0.27757017910480497,0.29308734089136124,0.30901106595993044,0.32660027891397475,0.33973804116249084,0.3540372341871262,0.3710579305887222,0.38338678181171415,0.39724049866199496,0.41280581057071686,0.4244688093662262,0.43949340730905534,0.4503881365060806,0.4621459499001503,0.47257092744112017,0.4869214028120041,0.4990941196680069,0.507917606830597,0.5172297596931458,0.5274585336446762,0.5378397136926651,0.5485863029956818,0.5567473351955414,0.5665633141994476,0.574114978313446,0.5842549979686738,0.593744820356369,0.6000620663166046,0.6085867166519165,0.6175997108221054,0.626238951086998,0.6337188959121705,0.6412271350622177,0.6484937340021133,0.6550562232732773,0.6624997287988663,0.6687633693218231,0.6756268680095673,0.6827294766902924,0.6893919765949249,0.6953706055879593,0.7021476686000824,0.7071587860584259,0.7147171497344971,0.7212759137153626,0.7252903908491135,0.7335405349731445,0.7384953230619431,0.7433593183755874,0.7500610172748565,0.7563260406255722,0.762887853384018,0.7685945332050323,0.7742585688829422,0.7797769516706466,0.7854617357254028,0.7933287501335144,0.7995868504047394,0.8066700965166091,0.8141418248414993,0.8233543336391449,0.8365535616874695
t_73,1.3847689926624298,1.383088517189026,1.3842178761959076,1.3823625445365906,1.38114173412323,1.3800492942333222,1.3776178061962128,1.3753661334514617,1.372377347946167,1.3712855517864226,1.3691715478897095,1.3668282628059387,1.3663302600383758,1.3635971069335937,1.362957590818405,1.359797763824463,1.3569026231765746,1.3541970133781434,1.3528679728507995,1.3500254034996033,1.3469539999961853,1.3460610389709473,1.343291836977005,1.3397813856601715,1.336687970161438,1.3348290205001831,1.3332466304302215,1.3288828134536743,1.3261938452720643,1.3237975418567658,1.3196035385131837,1.3173012554645538,1.3134478330612183,1.3100570082664489,1.3057845532894135,1.3011994063854218,1.2988925993442535,1.2939587235450745,1.2911266684532166,1.2866777420043944,1.2831288039684297,1.2772256553173065,1.272680115699768,1.2697898983955382,1.263193094730377,1.258212810754776,1.2527057945728302,1.2473261773586273,1.241340458393097,1.2362010061740876,1.229253000020981,1.2223379135131835,1.2157355785369872,1.2095365703105927,1.2016189217567443,1.1943151473999023,1.1866136074066163,1.1790738880634308,1.172128587961197,1.1630927264690398,1.1534396946430205,1.1446449160575867,1.1370106101036073,1.1270273685455323,1.1179552853107453,1.1096986770629882,1.09987211227417,1.0884201586246491,1.0816976010799408,1.0723445534706115,1.0627603650093078,1.0495694696903228,1.0401290237903595,1.031402838230133,1.0192920446395874,1.0074537873268128,0.9967361003160476,0.9833864331245422,0.9698822557926178,0.9573908120393753,0.9460384339094162,0.9328669428825378,0.9156341552734375,0.9025780498981476,0.8883415460586548,0.8767230302095413,0.8592623680830002,0.8455406963825226,0.8283299565315246,0.8119915187358856,0.7962954461574554,0.7794738441705704,0.7623566508293151,0.7440913856029511,0.7259037792682648,0.7100046217441559,0.6890276998281479,0.6699515134096146,0.648482283949852,0.6259938448667526,0.6079940378665925,0.587538531422615,0.5676910519599915,0.5433427035808563,0.5263054475188256,0.5032678186893463,0.48307173848152163,0.4596718356013298,0.4373442500829697,0.4132737249135971,0.3914924681186676,0.3668263107538223,0.3450577601790428,0.322282774746418,0.2971995174884796,0.273367215692997,0.2507903903722763,0.2281726509332657,0.2060033768415451,0.18079691305756568,0.16098785474896432,0.14496634006500245,0.11936739645898342,0.1051729392260313,0.09089003168046475,0.08692338578402996,0.0,0.07371490411460399,0.08802341297268867,0.09953267574310302,0.12209723219275474,0.12946236096322536,0.1517450511455536,0.1701376758515835,0.18698446527123452,0.20263806432485582,0.22150784209370614,0.2402513936161995,0.25743962824344635,0.2762563318014145,0.2921882227063179,0.3092854470014572,0.3231241747736931,0.33855911940336225,0.35352404564619067,0.3675327241420746,0.3799555912613869,0.39695762991905215,0.4079911530017853,0.42105007320642474,0.43531214594841006,0.4461843237280846,0.4579791158437729,0.47072925567626955,0.4820558696985245,0.49356105774641035,0.5026241958141326,0.5127024710178375,0.5240590631961822,0.5347820430994034,0.5430729746818542,0.5531491667032242,0.5608690291643142,0.5710628241300583,0.5807677894830704,0.5864118844270706,0.5952134668827057,0.6051661878824234,0.6136848747730255,0.6217075228691101,0.629324933886528,0.6366301238536834,0.6429781675338745,0.6503065139055252,0.6573602855205536,0.6640745371580123,0.6710397779941559,0.6786070734262466,0.684541791677475,0.6916375160217285,0.6956697642803192,0.7044253349304199,0.710934990644455,0.7146164536476135,0.7232135474681854,0.7279623687267304,0.7337609738111496,0.7402782022953034,0.7462862610816956,0.7531707614660264,0.7585867494344711,0.7651926189661026,0.7710836052894592,0.7765188604593277,0.784922742843628,0.791384419798851,0.7987598538398742,0.8059006989002228,0.8152810543775558,0.8298231810331345
t_72,1.385550421476364,1.3838899672031402,1.3850038051605225,1.3831796288490295,1.3819704353809357,1.380899977684021,1.3785029470920562,1.376277780532837,1.3733334243297577,1.3722568154335022,1.3701662182807923,1.3678590655326843,1.367369282245636,1.3646643459796906,1.364034903049469,1.3609128952026368,1.3580648124217987,1.3553962051868438,1.3540877878665925,1.3512932002544402,1.3482655704021453,1.3473806619644164,1.344659572839737,1.3411965131759644,1.3381374597549438,1.3363117694854736,1.3347523629665374,1.3304382503032683,1.3277843058109284,1.32540482878685,1.3212753236293793,1.3189995050430299,1.3152187526226045,1.311870700120926,1.3076522827148438,1.3031282722949982,1.3008572816848756,1.2959904611110686,1.293184232711792,1.2887909173965455,1.2852917909622192,1.2794672012329102,1.2749770700931549,1.2721288859844209,1.2656190633773803,1.2607288122177125,1.2553033888339997,1.2499824166297913,1.2440725564956665,1.2390030443668365,1.2321583092212678,1.225325834751129,1.2188199281692504,1.2127211332321166,1.2048923552036286,1.1977109491825104,1.1901054739952088,1.18269082903862,1.1758456885814668,1.1669088363647462,1.15742227435112,1.1487490832805634,1.1412530958652496,1.1314006984233855,1.1224238216876983,1.1142978549003602,1.1046416938304902,1.0933361291885375,1.086699616909027,1.077469027042389,1.0680299818515777,1.0550688982009888,1.0457653939723968,1.0371652603149415,1.0251838326454163,1.013547557592392,1.002966770529747,0.9898467808961868,0.9765259325504303,0.9642361521720886,0.9530512452125549,0.9401208519935608,0.9231448769569397,0.9103056252002716,0.8962827503681183,0.8847756445407867,0.8676529049873352,0.8540845036506652,0.8371355950832366,0.8210364252328872,0.8056555896997452,0.7890324562788009,0.7721986442804336,0.7543454647064209,0.736358842253685,0.7206214070320129,0.7000371962785721,0.6812280535697937,0.6600958496332169,0.6380458474159241,0.6203756183385849,0.6000532597303391,0.580574032664299,0.5568834781646729,0.5399508565664292,0.5171992182731628,0.49704226702451704,0.4739011526107788,0.4520150437951088,0.4283930391073227,0.4071471869945526,0.38260210752487184,0.36095153987407685,0.33833525627851485,0.31385831981897355,0.2898785799741745,0.26730138808488846,0.24429560229182243,0.22188580632209778,0.19729228541254998,0.17667232528328897,0.15875124782323838,0.1351521298289299,0.11829781495034694,0.10292421095073223,0.08890366218984128,0.07371490411460399,0.0,0.07834567725658417,0.08747934810817241,0.1054034423083067,0.11369799859821797,0.13467827811837196,0.1510552354156971,0.16838677152991294,0.18305641412734985,0.2035466581583023,0.22225834503769876,0.239370296895504,0.25795414447784426,0.273402738571167,0.2916945219039917,0.3048827588558197,0.3204399511218071,0.3362715467810631,0.34986668825149536,0.3628383457660675,0.38016983717679975,0.3916141390800476,0.4049183264374733,0.41896634101867675,0.42985680848360064,0.4419020041823387,0.4550305873155594,0.4667429581284523,0.47830682396888735,0.4872181832790375,0.4977104991674423,0.5091238245368004,0.5202448219060898,0.5283506423234939,0.5386328250169754,0.5465441286563874,0.5569959700107574,0.5669149398803711,0.5726382583379745,0.5816728621721268,0.591763174533844,0.6004967808723449,0.6085728406906128,0.6162411004304886,0.6238324195146561,0.6303755611181259,0.6378188282251358,0.6449977964162826,0.6518896102905274,0.6591361910104752,0.6666836559772491,0.6728286921977997,0.6798812657594681,0.6841821789741516,0.6930539309978485,0.6997102797031403,0.7035299301147461,0.7122830241918564,0.7171016544103622,0.7229125797748566,0.7296513736248016,0.7358223140239716,0.7428622990846634,0.748441356420517,0.7551104426383972,0.761037802696228,0.7666857689619064,0.7751893699169159,0.7818754702806473,0.7893191814422608,0.7967418193817138,0.806363508105278,0.8210805386304856
t_71,1.386987030506134,1.3853728115558623,1.386474061012268,1.3846895754337312,1.3835174143314362,1.3824772179126739,1.380154287815094,1.3779935598373414,1.375134402513504,1.374093198776245,1.3720617711544036,1.3698236227035523,1.3693413197994233,1.3667376697063447,1.3661509037017823,1.3631402492523192,1.3603774964809419,1.357814884185791,1.3565489888191222,1.3538495361804963,1.3509318470954894,1.3500843524932862,1.3474446833133698,1.3440932929515839,1.3411242067813873,1.3393599927425384,1.3379095673561097,1.3337127923965455,1.3311537861824037,1.328839159011841,1.3248344719409944,1.322617655992508,1.3189741849899292,1.315669846534729,1.3115775644779206,1.3071574151515961,1.304929107427597,1.3001622617244721,1.297436738014221,1.2931646347045898,1.2897248208522796,1.283997893333435,1.2796411097049714,1.276812309026718,1.2704304099082946,1.265615028142929,1.2602980315685273,1.2550616025924684,1.2493102371692657,1.244321346282959,1.237576574087143,1.2308699071407319,1.224519771337509,1.2185575485229492,1.210818612575531,1.2038069248199463,1.1963273108005523,1.1891005516052247,1.1824403047561645,1.1735636591911316,1.1643055081367493,1.1557055950164794,1.1484166443347932,1.1387337505817414,1.1298938155174256,1.122026938199997,1.1125864744186402,1.101330703496933,1.0949531137943267,1.0858561515808105,1.0765773475170135,1.063809484243393,1.0548967719078064,1.0464084446430206,1.034635877609253,1.0232117414474486,1.0128394454717635,0.9998609334230423,0.9868733137845993,0.9748793393373489,0.9639728248119355,0.9514864921569824,0.9345820128917695,0.922174122929573,0.9083331406116486,0.8969287484884262,0.8804870843887329,0.8670202523469925,0.8505470007658005,0.8345226496458054,0.8198280781507492,0.8030543744564056,0.7865223705768585,0.769649201631546,0.7515552312135696,0.7360320121049881,0.7157623022794724,0.6972965240478516,0.6768307507038116,0.6548894494771957,0.6382880717515945,0.6174909621477127,0.5986188024282455,0.5758831769227981,0.5594803243875504,0.5363215386867524,0.516326054930687,0.493469375371933,0.4719140201807022,0.44917731881141665,0.42902967631816863,0.40410092622041704,0.3840850904583931,0.36021247655153277,0.3364852488040924,0.31254163235425947,0.28926075994968414,0.2659175455570221,0.24306432530283928,0.2204993560910225,0.1969473645091057,0.1799287997186184,0.15913607478141784,0.13538311198353767,0.11663857139647008,0.09880296774208545,0.08802341297268867,0.07834567725658417,0.0,0.07362866476178169,0.0850988294929266,0.09477901980280876,0.11076962985098363,0.12817938402295112,0.14499951526522636,0.16054363846778869,0.18099403530359268,0.19806927740573882,0.2166115812957287,0.2337889291346073,0.24976748526096343,0.2675662457942963,0.2813274100422859,0.2965880736708641,0.31363504081964494,0.32700175791978836,0.3408789366483688,0.35757661014795306,0.3695433884859085,0.38448971062898635,0.3970873817801476,0.40913882702589033,0.4207881957292557,0.4349206954240799,0.4472530260682106,0.4577938660979271,0.46766696125268936,0.4784095361828804,0.4896180808544159,0.5009640380740166,0.5097839266061783,0.5200913548469543,0.5282086908817292,0.5390004307031632,0.5489989131689071,0.5555900126695633,0.5647157937288284,0.5746763646602631,0.5835654526948929,0.5919134706258774,0.5997701942920685,0.6076484203338623,0.614551916718483,0.6223517239093781,0.6294342279434204,0.636639979481697,0.6440741181373596,0.6516039490699768,0.6580065548419952,0.6651204347610473,0.6702755928039551,0.6787820279598236,0.6855215549468994,0.6899419039487839,0.6986111462116241,0.7038978725671768,0.7095215737819671,0.7166633069515228,0.7231023341417313,0.7301612764596939,0.7361445128917694,0.7426479399204254,0.7487871319055557,0.7547067821025848,0.7631964027881623,0.7702012538909913,0.7779019743204116,0.7857649594545364,0.7957399070262909,0.8104291975498199
t_70,1.3879810750484467,1.3864054322242736,1.3874944210052491,1.3857329308986663,1.3845775306224823,1.3835463106632233,1.381256455183029,1.3791281938552857,1.3762978076934815,1.3752763628959657,1.3732677698135376,1.371071034669876,1.3705909848213196,1.3680266737937927,1.3674550890922545,1.3644859492778778,1.3617547869682312,1.35923912525177,1.357990574836731,1.3553186774253845,1.352444624900818,1.3516148924827576,1.3490065574645995,1.3457020401954651,1.342770165205002,1.341022676229477,1.3396091341972352,1.3354700028896331,1.3329494774341584,1.3306837737560273,1.3267410337924956,1.3245541453361511,1.320980679988861,1.3177210927009582,1.3136873245239258,1.3093441665172576,1.3071548819541932,1.3024506092071533,1.2997743785381317,1.2955741167068482,1.2921910345554353,1.2865466177463531,1.282266628742218,1.2794874548912047,1.2732106745243073,1.268457716703415,1.263236838579178,1.2580686807632446,1.2524241387844086,1.247514820098877,1.2408693790435792,1.2342735886573792,1.2280051350593566,1.2221632778644562,1.214539361000061,1.2076437771320343,1.2002688944339752,1.1931619048118591,1.186609697341919,1.177836036682129,1.1687427163124084,1.1602566421031952,1.1530967235565186,1.1435491561889648,1.1348588943481446,1.1271140635013581,1.1178449809551239,1.1067446053028107,1.1004545152187348,1.0915061831474304,1.082383155822754,1.0698357820510864,1.061069130897522,1.0526974678039551,1.0410580098628999,1.0298468112945556,1.0196592330932617,1.0068401277065278,0.9940916240215302,0.9822641164064407,0.9715467363595962,0.9593158721923828,0.9425953060388566,0.9304286360740661,0.9167682588100433,0.9055484563112259,0.8894047766923905,0.8760621517896652,0.8599093109369278,0.8441535621881485,0.8297405987977982,0.8131041049957275,0.7968326658010483,0.7803241938352585,0.7625543981790542,0.747207635641098,0.7272015154361725,0.7089837670326233,0.6889113247394562,0.6672896802425384,0.6510439455509186,0.6305933952331543,0.611843129992485,0.5894954681396485,0.5731932252645493,0.5504593193531037,0.5308799415826797,0.5080615490674972,0.48677643984556196,0.46456113308668134,0.44451712518930436,0.42000986337661744,0.40037567764520643,0.3764972686767578,0.3529543668031693,0.3294679865241051,0.3061873555183411,0.28297092467546464,0.26005749106407167,0.2375772289931774,0.21353845074772834,0.1970756843686104,0.17519318237900733,0.1498359888792038,0.12980203106999397,0.11262419447302818,0.09953267574310302,0.08747934810817241,0.07362866476178169,0.0,0.07061614841222763,0.07660708874464035,0.09436793364584446,0.11122977621853351,0.1270520381629467,0.1439317986369133,0.16209769397974014,0.1800762891769409,0.1987089067697525,0.2156319186091423,0.2326301023364067,0.2502550438046455,0.26375017389655114,0.27937903851270673,0.29637002348899844,0.30982218235731124,0.3237935841083527,0.340892431139946,0.3529439106583595,0.36811921298503875,0.38074113726615905,0.39350164234638213,0.4051581084728241,0.4194881960749626,0.43219222575426103,0.44264693558216095,0.4526542693376541,0.4635962650179863,0.4750288426876068,0.48650241792202,0.4956189453601837,0.5060703888535499,0.5143449053168296,0.5252497613430023,0.5354390770196915,0.5422332584857941,0.5516514033079147,0.5617006659507752,0.570765146613121,0.5792088001966477,0.5873381406068802,0.595293727517128,0.6024271607398987,0.6103356271982193,0.6175901591777802,0.6248928755521774,0.6325799107551575,0.6401939392089844,0.646687439084053,0.6540594786405564,0.6593343675136566,0.6678990215063095,0.6747462630271912,0.6794209092855453,0.6882441967725754,0.6935654222965241,0.699350780248642,0.7065648436546326,0.713211590051651,0.7203363597393035,0.7264951527118683,0.7331217646598815,0.7393137097358704,0.7454634934663773,0.7541081488132477,0.7613041698932648,0.7691282480955124,0.7772422224283219,0.7874316781759262,0.8023728281259537
t_69,1.3880638778209686,1.3865132927894592,1.387594985961914,1.385857927799225,1.3847318291664124,1.3837225139141083,1.3814944326877594,1.3793996930122376,1.3766295075416566,1.375629198551178,1.3736675202846527,1.3715156435966491,1.3710509300231934,1.3685473203659058,1.368001824617386,1.3651073813438415,1.3624415218830108,1.3599855542182921,1.3587709665298462,1.3561708629131317,1.3533711791038514,1.3525607764720917,1.3500248670578003,1.3468138754367829,1.3439232766628266,1.342216718196869,1.3408693552017212,1.3367987990379333,1.3343390345573425,1.3321060061454773,1.3282530963420869,1.3261068284511566,1.3226326823234558,1.3194136142730712,1.3154582977294922,1.3111947059631348,1.309036421775818,1.30441814661026,1.3018021285533905,1.2976858913898468,1.294356220960617,1.2887937068939208,1.2846098959445953,1.2818589448928832,1.2756842136383058,1.2710291028022767,1.2658748269081115,1.260780107975006,1.2552370011806488,1.2504032909870149,1.243857640028,1.237357062101364,1.23122181892395,1.2254784822463989,1.2179409205913543,1.2111779928207398,1.203911018371582,1.1969596922397614,1.1905607223510741,1.1818408727645875,1.1729473531246186,1.1645624876022338,1.1575650036334992,1.1481652438640595,1.1395860195159913,1.1320468723773955,1.1229453027248382,1.1119523644447327,1.1058367311954498,1.0969987273216248,1.0880303978919983,1.0756868541240692,1.0671858072280884,1.0589163243770598,1.047462821006775,1.0364472925662995,1.0264302611351013,1.0137976825237274,1.0012878477573395,0.9897307217121124,0.9792675763368607,0.9673565059900284,0.9508153110742569,0.9389833956956863,0.9255362302064896,0.9144362896680832,0.8987941533327103,0.8856079906225205,0.8698375940322876,0.854169362783432,0.8403238475322723,0.8237468004226685,0.8077738016843796,0.7920146971940994,0.7742483466863632,0.7591365188360214,0.7395463317632676,0.7216813892126084,0.7021188735961914,0.6808787018060685,0.6653398752212525,0.6447611898183823,0.6265633553266525,0.6050713300704956,0.589116993546486,0.5664040356874466,0.5470065236091614,0.5246718108654023,0.5038669183850288,0.482251338660717,0.46336869597435,0.43847386837005614,0.4201123803853989,0.3956100955605507,0.3729466080665588,0.3497584268450737,0.32642238438129423,0.30295559763908386,0.28020783364772794,0.2585608385503292,0.23388630002737046,0.21804526224732398,0.19746246114373206,0.16966298818588257,0.1494700074195862,0.13089950792491437,0.12209723219275474,0.1054034423083067,0.0850988294929266,0.07061614841222763,0.0,0.06958687417209149,0.0776690624654293,0.09227947294712066,0.1072535514831543,0.12363167479634285,0.14112990275025367,0.1582507945597172,0.17828213721513747,0.19287607222795486,0.20981114059686662,0.2278412513434887,0.24116304591298104,0.2566078588366508,0.27466556429862976,0.28765109926462173,0.3026234179735184,0.31892137974500656,0.3316455572843552,0.34815140515565873,0.3595430314540863,0.3730380475521088,0.3843319371342659,0.39971703141927717,0.41310404390096667,0.42261179387569425,0.4331974670290947,0.44431363195180895,0.4556814983487129,0.46738560795783995,0.47680349051952364,0.4874414473772049,0.49596732258796694,0.5071001753211022,0.5174540221691132,0.5248873621225357,0.5344269216060639,0.5443314343690873,0.5536749511957169,0.5622471153736115,0.570549076795578,0.5787278681993484,0.5862253308296204,0.5944263219833374,0.6016209274530411,0.6092836111783981,0.6171897888183594,0.6247570514678955,0.6314909964799881,0.6389787465333938,0.6448658585548401,0.6532085567712784,0.6603192031383515,0.6653397858142853,0.6742197334766388,0.6799081772565841,0.6855120807886124,0.6930765897035599,0.6999991446733475,0.7072396159172059,0.7137723058462143,0.7201951146125793,0.7265731215476989,0.7330191016197205,0.7417609691619873,0.7491268545389176,0.7572051823139191,0.7657458454370498,0.7762557476758957,0.7913151443004608
t_68,1.3901436924934387,1.3886037111282348,1.3896659016609192,1.3879332482814788,1.386812335252762,1.3857842087745667,1.383558750152588,1.3814840078353883,1.3787103533744811,1.3777008652687073,1.3757548809051514,1.373613703250885,1.3731448233127594,1.3706439554691314,1.3700908482074738,1.3672159731388092,1.364525520801544,1.3620904862880707,1.3608800172805786,1.3582715332508086,1.3554745972156526,1.354690247774124,1.3521514177322387,1.3489465057849883,1.3461015939712524,1.344412589073181,1.3430234491825104,1.3390320003032685,1.3365697801113128,1.33439199924469,1.3305773854255676,1.3284620225429535,1.3249774634838105,1.3218464851379395,1.3179310381412506,1.3137187302112578,1.3115950167179107,1.3070594906806945,1.3044811964035035,1.3003890633583068,1.2971267819404602,1.291662985086441,1.2875110030174255,1.2848222076892852,1.2787587106227876,1.2741381704807282,1.2690727472305299,1.2640871942043304,1.2586281955242158,1.2538853883743286,1.2474394917488099,1.2410564661026,1.2349892735481263,1.2293100535869599,1.2219389021396636,1.2152591049671173,1.2081272602081299,1.2012004375457763,1.1948346197605133,1.1863783597946167,1.1775307059288025,1.1693183422088622,1.1623501181602478,1.1531087577342987,1.1447204113006593,1.1371908485889435,1.1281651556491852,1.1174654185771942,1.1113534331321717,1.1026840388774872,1.0938385367393493,1.0817172467708587,1.0731562793254852,1.0650714993476869,1.0538184225559235,1.0429445207118988,1.0330642700195312,1.020672345161438,1.0083310455083847,0.9968494504690171,0.9864841520786285,0.9745487809181214,0.9584683984518051,0.9466210931539536,0.933446404337883,0.9226234376430511,0.9069292962551116,0.8940793663263321,0.8784226417541504,0.863207221031189,0.8491664290428161,0.833283519744873,0.8175169438123703,0.8014107018709182,0.7843331724405289,0.7695854574441909,0.7503105103969574,0.7327293008565903,0.7133138865232468,0.6924663454294204,0.6766095846891403,0.6569890826940536,0.6388533324003219,0.6172041863203048,0.6013377368450165,0.5794813364744187,0.560608246922493,0.5386456042528153,0.5180990979075432,0.4963113844394684,0.47685331851243973,0.4530103400349617,0.43375981152057647,0.41088962107896804,0.38787717521190646,0.36494174897670745,0.34250747263431547,0.31965772062540054,0.297408738732338,0.27421505600214,0.25166403949260713,0.23481809943914414,0.21149017363786698,0.18753372728824616,0.16677523851394654,0.1485580287873745,0.12946236096322536,0.11369799859821797,0.09477901980280876,0.07660708874464035,0.06958687417209149,0.0,0.07089630849659442,0.0829829141497612,0.09492198452353477,0.10900490954518319,0.1247314065694809,0.14339079111814498,0.16108086705207825,0.17834297716617584,0.1951708436012268,0.21268003433942795,0.22635676115751266,0.24267781972885133,0.2591302804648876,0.27344220131635666,0.2873498320579529,0.3048435479402542,0.3168616071343422,0.3322097972035408,0.34602746069431306,0.3587794840335846,0.37109058201313017,0.38547154515981674,0.39839388281106947,0.40971195250749587,0.4199868753552437,0.43112277388572695,0.4431620478630066,0.4549693375825882,0.4645037516951561,0.4753872647881508,0.4839827686548233,0.49529059529304503,0.5058965221047401,0.5127889171242714,0.5225686579942703,0.533161249756813,0.5425741970539093,0.5513985276222229,0.5598572969436646,0.5680869907140732,0.5754786849021911,0.5836898475885391,0.5914570540189743,0.598991870880127,0.6069754779338836,0.6150970965623855,0.6218023836612702,0.6295916795730591,0.6348120212554932,0.6439837336540222,0.6511039048433304,0.6559481769800186,0.6651326417922974,0.6707089155912399,0.6768830448389054,0.6843709826469422,0.691241267323494,0.698730981349945,0.7050708204507827,0.712144872546196,0.7187269508838654,0.7250750750303269,0.7341975569725037,0.7417124718427658,0.7499887257814407,0.7584337681531906,0.7691162467002869,0.785070714354515
t_67,1.3908059775829316,1.389303481578827,1.3903551399707794,1.3886573791503907,1.387564331293106,1.3865783274173737,1.3844043791294098,1.3823766231536865,1.3796691358089448,1.3786914765834808,1.3767888426780701,1.3746965289115907,1.3742447793483734,1.3718290328979492,1.371298462152481,1.368499332666397,1.3659086048603057,1.3635407984256744,1.3623626828193665,1.359835571050644,1.3571271121501922,1.356357753276825,1.3538895010948182,1.3507677912712097,1.3479817628860473,1.346329891681671,1.3450149893760681,1.3410926938056946,1.3386996030807494,1.3365504682064056,1.3328133523464203,1.3307405531406402,1.3273460686206817,1.3242519795894623,1.3203979134559631,1.3162550806999207,1.314154279232025,1.3096642196178436,1.3071319580078125,1.3031140625476838,1.2998860657215119,1.2944837749004363,1.2904051661491394,1.2877261996269227,1.281736546754837,1.2771989941596984,1.2721885859966278,1.2672482192516328,1.261866855621338,1.2571679174900054,1.2508070588111877,1.2444968402385712,1.2385192215442657,1.2329268634319306,1.2256022930145263,1.2190408527851104,1.2119761824607849,1.205194067955017,1.1989677369594574,1.1905352413654327,1.1818672299385071,1.1737205326557159,1.1668959200382232,1.1577692687511445,1.1494312942028047,1.1420838952064514,1.1332351088523864,1.1225789546966554,1.1166144132614135,1.1080396890640258,1.0993049442768097,1.0873542726039886,1.0790477037429809,1.0710326850414276,1.0599226534366608,1.0492150962352753,1.0394942879676818,1.0272500932216644,1.0151250630617141,1.0038945227861404,0.993735384941101,0.9821225792169571,0.9661518335342407,0.9546053498983383,0.9416041254997254,0.9308113157749176,0.9156471580266953,0.9028386086225509,0.8875716507434845,0.8724272519350051,0.8589055985212326,0.8429458022117615,0.8274819821119308,0.8120871365070343,0.79498570561409,0.7803739696741104,0.7614421397447586,0.7441785722970963,0.7251852035522461,0.7046657562255859,0.6895474821329117,0.6696810156106949,0.6520222008228302,0.6312629818916321,0.6156740248203277,0.5936802506446839,0.5750032812356949,0.5534226357936859,0.5332896411418915,0.5120877146720886,0.4936910033226013,0.46950996071100237,0.45141535103321073,0.42795043140649797,0.4057913765311241,0.38307891637086866,0.3606899261474609,0.3375678315758705,0.3154162481427193,0.29350790083408357,0.2700306624174118,0.2541719667613506,0.23234540671110154,0.20603413358330727,0.18481755629181862,0.16726333573460578,0.1517450511455536,0.13467827811837196,0.11076962985098363,0.09436793364584446,0.0776690624654293,0.07089630849659442,0.0,0.0721828144043684,0.07947458177804947,0.09436228200793266,0.11013007462024689,0.12440230920910836,0.14549566358327864,0.15827036201953887,0.1755908749997616,0.1939408577978611,0.20671699270606042,0.22288553714752196,0.24061424434185028,0.2536876775324345,0.26887492686510084,0.2855519473552704,0.2983114615082741,0.31508760899305344,0.32721189707517623,0.34095739424228666,0.35270659178495406,0.36815780848264695,0.3817996844649315,0.39197409301996233,0.4028602853417397,0.41414059400558473,0.42601094096899034,0.4380643889307976,0.4479359343647957,0.4588994011282921,0.4676873981952667,0.47917447835206983,0.48994028717279436,0.4975674957036972,0.5074896588921547,0.5178339928388596,0.5275102883577347,0.5364750802516938,0.5450484335422516,0.5535036563873291,0.561275202035904,0.5697445303201676,0.5774582505226136,0.5852461755275726,0.5935234785079956,0.6015245378017425,0.6084666430950165,0.6162825375795364,0.6222223043441772,0.6310631722211838,0.6383512169122696,0.6436515361070633,0.6528302222490311,0.6587245851755142,0.664709597826004,0.6725568056106568,0.679694128036499,0.6872533917427063,0.6939802885055542,0.7008492201566696,0.7075341939926147,0.7141584694385529,0.7233440160751343,0.7310832142829895,0.7395497679710388,0.7484467327594757,0.7594124346971511,0.7752553224563599
t_66,1.391999089717865,1.3905158579349517,1.3915502429008484,1.389864432811737,1.3887861371040344,1.3878065586090087,1.385652369260788,1.3836476922035217,1.3809693992137908,1.3799916505813599,1.3781147658824922,1.3760445535182952,1.375592827796936,1.3732028782367707,1.372673547267914,1.3699184894561767,1.3673452019691468,1.3650267660617827,1.3638545751571656,1.3613565146923066,1.358691781759262,1.357941782474518,1.3555105447769165,1.3524322152137755,1.3496819615364075,1.348058032989502,1.3467582702636718,1.3429011583328248,1.340527480840683,1.3384250283241272,1.334744131565094,1.3326934099197387,1.3293590605258943,1.3263192057609559,1.322520089149475,1.3184400737285613,1.3163860499858857,1.3119704306125641,1.309490019083023,1.3055279731750489,1.3023686826229095,1.2970608651638031,1.2930467545986175,1.2904285967350007,1.2845357954502106,1.2800501883029938,1.2751281082630157,1.2702675938606263,1.2649717807769776,1.260355293750763,1.254084187746048,1.2478738486766816,1.2419823288917542,1.2364857017993927,1.2292808890342712,1.2228141844272613,1.215868079662323,1.2091916441917419,1.2030311822891235,1.1947406649589538,1.1861922562122345,1.1781856000423432,1.1714698851108551,1.1624770939350129,1.1543089151382446,1.1470678985118865,1.1383518815040587,1.1278883576393128,1.1220156729221344,1.1135831415653228,1.104996132850647,1.0932482302188873,1.0850431203842164,1.0771715462207794,1.0662254810333252,1.0557030379772185,1.0461347937583922,1.0340805053710938,1.0221620142459868,1.011092647910118,1.0010796457529068,0.9896608740091324,0.9739764422178269,0.9625945419073105,0.9498315125703811,0.9392283260822296,0.9243106335401535,0.9117371648550033,0.8966932773590088,0.8818371623754502,0.8685443550348282,0.8529072850942612,0.8376892060041428,0.8225400149822235,0.8058046191930771,0.7914419770240784,0.7728138774633407,0.7558032840490341,0.7371879279613495,0.7169592440128326,0.7021096557378769,0.6826308995485306,0.6652315646409989,0.6448376178741455,0.6294297933578491,0.6079103201627731,0.5895430326461792,0.5682058066129685,0.5484729498624802,0.5277013301849365,0.5094607263803482,0.4858839467167854,0.46783801913261414,0.4448287069797516,0.4228949904441833,0.40069005340337754,0.37849395871162417,0.35572272092103957,0.33376123011112213,0.31192360669374464,0.2891214549541473,0.2726690500974655,0.25087410733103754,0.22582173943519593,0.2043592356145382,0.185966856777668,0.1701376758515835,0.1510552354156971,0.12817938402295112,0.11122977621853351,0.09227947294712066,0.0829829141497612,0.0721828144043684,0.0,0.07093777917325497,0.07828735560178757,0.09455382041633129,0.1086456548422575,0.1284658245742321,0.14039649143815042,0.15576610267162322,0.17514067515730858,0.18713779374957085,0.20363128408789635,0.22174266427755357,0.23459043428301812,0.24964725077152253,0.2665443390607834,0.27976323664188385,0.2964469537138939,0.30859203189611434,0.3222477599978447,0.33471671789884566,0.3500029742717743,0.36381941437721255,0.3741889759898186,0.38516929000616074,0.3969333365559578,0.4090353175997734,0.42130516171455384,0.4313529208302498,0.4424158111214638,0.45143068581819534,0.4632112681865692,0.4740176349878311,0.4819014221429825,0.49203615784645083,0.5026086524128914,0.5124116614460945,0.5215319752693176,0.5302707761526108,0.5390150010585785,0.5469889044761658,0.5555935442447663,0.5634309709072113,0.5714144945144654,0.579888841509819,0.5880504757165909,0.5951320767402649,0.60314080119133,0.6093169063329696,0.6182805866003036,0.625674718618393,0.6311486631631851,0.640576821565628,0.6465506762266159,0.6527700453996659,0.6606971085071563,0.6680719554424286,0.6757503062486648,0.6825776994228363,0.6897516429424286,0.6965319693088532,0.7033590227365494,0.7127703815698624,0.7207587152719498,0.7294104784727097,0.7385560959577561,0.7498198717832565,0.7661338686943054
t_65,1.392969810962677,1.3915201604366303,1.3925479173660278,1.3908781826496124,1.389811885356903,1.38883336186409,1.3867107391357423,1.3847386240959167,1.382079815864563,1.3811169564723969,1.379254698753357,1.3772097766399383,1.3767621278762818,1.3744041979312898,1.373883205652237,1.3711531043052674,1.3686060845851897,1.3663179636001588,1.3651617050170899,1.3626823246479034,1.3600407779216765,1.3593093752861023,1.3568998098373413,1.3538451611995697,1.3511358439922332,1.349530291557312,1.3482410967350007,1.3444299459457398,1.3420874655246735,1.3400172948837281,1.3363869965076447,1.3343659877777099,1.3310572743415832,1.3280728101730346,1.3243199169635773,1.3202923774719237,1.3182626605033874,1.3138999581336974,1.3114529252052307,1.3075394928455353,1.3044211626052857,1.299178558588028,1.2952264606952668,1.2926362872123718,1.2868382513523102,1.2824051022529601,1.2775479316711427,1.2727559864521027,1.267553162574768,1.2630043268203734,1.2568172633647918,1.250703513622284,1.244900244474411,1.2394694089889526,1.23237002491951,1.2260012090206147,1.2191548764705658,1.2125580430030822,1.2064909875392913,1.1983600080013275,1.1899234473705291,1.182028990983963,1.175404578447342,1.1665417969226837,1.158508539199829,1.1513648092746736,1.1427587807178496,1.1324625253677367,1.1266587555408478,1.1183520793914794,1.1098874926567077,1.0983152210712432,1.0901892066001893,1.082448261976242,1.071646249294281,1.0612930238246918,1.0518600463867187,1.0399949669837951,1.0282301306724548,1.0173181593418121,1.0074423849582672,0.9961769938468933,0.9807416319847106,0.9695166647434235,0.956950917840004,0.9465052306652069,0.931792026758194,0.919440558552742,0.9045555144548416,0.8899790912866592,0.8768546223640442,0.8615217953920364,0.8465496271848678,0.8315895110368728,0.8151227504014968,0.8009745150804519,0.7826663017272949,0.7659273654222488,0.7476401478052139,0.7278196185827255,0.7130812346935272,0.6940133273601532,0.6769069910049439,0.6567982941865921,0.641605070233345,0.6205672144889831,0.6024366110563278,0.5814393788576127,0.5620485305786133,0.5416573911905289,0.5236487507820129,0.5004037782549858,0.48251534551382064,0.4600080192089081,0.43837580531835557,0.41645652502775193,0.3945034846663475,0.3722518727183342,0.3501847580075264,0.328853140771389,0.3060004010796547,0.2897448241710663,0.2685047373175621,0.24340252652764321,0.22172651961445808,0.20340735465288162,0.18698446527123452,0.16838677152991294,0.14499951526522636,0.1270520381629467,0.1072535514831543,0.09492198452353477,0.07947458177804947,0.07093777917325497,0.0,0.0701626755297184,0.08121612928807735,0.09161433055996895,0.1147438794374466,0.1223738893866539,0.1391892224550247,0.15822665765881538,0.16906689405441283,0.1855297565460205,0.2041422463953495,0.2167294554412365,0.23141326755285263,0.24896557182073592,0.2621881887316704,0.27899183332920074,0.2911800920963287,0.3048595517873764,0.3174456089735031,0.3332232564687729,0.34728376418352125,0.3575996205210686,0.3685416355729103,0.38053023964166643,0.39280734658241273,0.4054055750370026,0.4153336018323898,0.426668681204319,0.43585737943649294,0.4478145182132721,0.4589360773563385,0.46681795865297315,0.4771787002682686,0.4879764527082443,0.49798777997493743,0.5072167083621025,0.5161219835281372,0.5251460164785385,0.5332339882850647,0.5419122606515885,0.5499297529459,0.5581457585096359,0.566789323091507,0.5751251608133316,0.5823600351810455,0.5904652416706085,0.596761417388916,0.6060300409793854,0.6135680347681045,0.6191038250923157,0.6288037836551666,0.6348955035209656,0.6411963939666748,0.6493409663438797,0.6568618476390838,0.6647708863019943,0.6716932535171509,0.6790496796369553,0.6860244244337081,0.693061426281929,0.7026433348655701,0.7108692526817322,0.7197183758020401,0.7290522634983063,0.7406246662139893,0.7574266970157624
t_64,1.3949214160442351,1.3934913575649261,1.394503104686737,1.3928453207015992,1.391791146993637,1.3908065557479858,1.3887006640434265,1.3867506504058837,1.3841051638126374,1.3831466257572174,1.381313294172287,1.3792919039726257,1.3788476884365082,1.3765092611312866,1.3759871184825898,1.3733026146888734,1.3707688093185424,1.368512350320816,1.3673706889152526,1.3649167954921722,1.362309753894806,1.3616049468517304,1.3592301428318023,1.356218832731247,1.3535369336605072,1.3519561409950256,1.3506824970245361,1.3469401895999908,1.3446048498153687,1.3425865411758422,1.33900288939476,1.3370151102542878,1.3337350845336915,1.3308196246623993,1.327121615409851,1.3231551945209503,1.321145361661911,1.3168696999549865,1.3144577980041503,1.3105823516845703,1.3075233101844788,1.302349990606308,1.2984458744525909,1.2958986163139343,1.2902040004730224,1.2858002364635468,1.2810067415237427,1.2763003826141357,1.2711938321590424,1.2667050898075103,1.260595017671585,1.2545761108398437,1.248868477344513,1.2434807002544404,1.236515510082245,1.2302351415157318,1.2234949588775634,1.216945117712021,1.2109341681003571,1.2029742300510406,1.1946305096149445,1.1868358612060548,1.1802708685398102,1.1715587973594666,1.16368510723114,1.156586045026779,1.1480546295642853,1.1379587054252625,1.1322394728660583,1.124063527584076,1.115711408853531,1.1043023645877839,1.0961965322494507,1.088615930080414,1.0779989957809448,1.0677832663059235,1.0584704518318175,1.0467894673347473,1.0351967096328736,1.024415671825409,1.0146570384502411,1.0034686356782914,0.9883639633655548,0.9772418975830078,0.9648434340953826,0.9546566009521484,0.9400434911251068,0.9279480814933777,0.9132393628358841,0.8989865690469742,0.8858914047479629,0.8709897756576538,0.8562191963195801,0.8412540346384049,0.8251640498638153,0.8112927138805389,0.7932360678911209,0.7767701238393784,0.7587279796600341,0.7391872048377991,0.7244489282369614,0.7058466762304306,0.6890301764011383,0.6690342485904693,0.6541310906410217,0.6334977269172668,0.6156252175569534,0.5951251864433289,0.5757981359958648,0.5555928766727447,0.5376038670539856,0.5149118483066559,0.4967069521546364,0.4750688046216965,0.4536342531442642,0.43193298727273943,0.410414557158947,0.3885605841875076,0.36676375567913055,0.3452293500304222,0.32313534170389174,0.3066824942827225,0.2849985286593437,0.26108025908470156,0.2397438809275627,0.22101183012127876,0.20263806432485582,0.18305641412734985,0.16054363846778869,0.1439317986369133,0.12363167479634285,0.10900490954518319,0.09436228200793266,0.07828735560178757,0.0701626755297184,0.0,0.0759381927549839,0.08275232352316379,0.10001649260520935,0.10903559252619743,0.12170007787644863,0.14221642166376114,0.15227904468774794,0.16939446702599525,0.187346214056015,0.20008507296442984,0.21477735191583633,0.23230278566479684,0.24550920724868774,0.261858332157135,0.2750069037079811,0.2880540117621422,0.3015753224492073,0.3167669415473938,0.33046696335077286,0.34209424406290057,0.35295753479003905,0.3651218071579933,0.3778204172849655,0.3905319333076477,0.4004966840147972,0.41190463304519653,0.42121788263320925,0.4336312159895897,0.44480611979961393,0.45259196907281873,0.46304560750722884,0.4744746670126915,0.4844268560409546,0.49412378668785095,0.502855409681797,0.5121467053890228,0.520294526219368,0.5291040658950805,0.537390547990799,0.5457668125629425,0.5543577522039413,0.5631440222263336,0.570541912317276,0.5786741584539413,0.584832364320755,0.5946780383586884,0.6022609561681748,0.6077223718166351,0.6176855325698852,0.6238670915365219,0.6304671406745911,0.6388523787260055,0.6462509512901307,0.6544261306524277,0.6613761961460114,0.669142210483551,0.6764049917459488,0.683424574136734,0.6932779937982559,0.7017420649528503,0.7108811348676681,0.720219099521637,0.7320741146802903,0.7496424496173859
t_63,1.3957195103168487,1.3943100571632385,1.3953155636787415,1.3936707019805907,1.3926342129707336,1.3916647672653197,1.3895887851715087,1.3876697361469268,1.3850634694099426,1.3841119587421418,1.3823096930980683,1.3803113579750061,1.3798700034618379,1.377569967508316,1.3770582318305968,1.3744118869304658,1.3718938529491425,1.369682741165161,1.3685548722743988,1.3661219835281373,1.3635437846183778,1.3628549575805664,1.3605061233043672,1.357525646686554,1.3548823297023773,1.353315931558609,1.3520438492298126,1.3483581364154815,1.3460462868213654,1.344069528579712,1.3405469179153442,1.3385789275169373,1.335343611240387,1.3324856460094452,1.3288421154022216,1.3249388813972474,1.322965180873871,1.3187484264373779,1.3163873553276062,1.3125694692134857,1.309565156698227,1.3044817626476288,1.3006263196468353,1.298115998506546,1.292512047290802,1.2881721258163452,1.2834448575973512,1.2788195967674256,1.2737915456295013,1.2693802654743194,1.2633635342121123,1.2574380397796632,1.251811546087265,1.2465147614479064,1.2396596550941468,1.2334556818008422,1.226824736595154,1.220382386445999,1.2144568800926208,1.2066280007362367,1.1984036087989807,1.190729296207428,1.1842698335647583,1.175701028108597,1.1679552793502808,1.1609719276428223,1.1525641620159148,1.1426424086093903,1.1370023727416991,1.128953570127487,1.1207439184188843,1.1095072746276855,1.1015583753585816,1.0941056787967682,1.0836536705493927,1.0736079096794129,1.0644626915454865,1.0529317677021026,1.0415527284145356,1.0309668242931367,1.0213604271411896,1.010344561934471,0.9954973608255386,0.9845532923936844,0.9723991423845291,0.9623948633670807,0.9479782402515411,0.9361097902059555,0.921665295958519,0.9075923442840577,0.8947706401348114,0.8801494657993316,0.8656207889318466,0.8509572714567184,0.8351179301738739,0.8214915215969085,0.8038216173648834,0.787658441066742,0.7699345052242279,0.7507887542247772,0.7363380253314972,0.7180997431278229,0.7014475971460342,0.6818766355514526,0.6671532839536667,0.646919259428978,0.6294657289981842,0.6093008875846863,0.5904805660247803,0.5704682141542434,0.5529007315635681,0.5304008483886719,0.5129717648029327,0.49114642292261124,0.47009817510843277,0.44897051751613615,0.4275925621390343,0.4061323940753937,0.3848493680357933,0.36302283853292466,0.34162519723176954,0.32540182322263717,0.30343486070632936,0.27999743074178696,0.25850126296281817,0.24035316556692124,0.22150784209370614,0.2035466581583023,0.18099403530359268,0.16209769397974014,0.14112990275025367,0.1247314065694809,0.11013007462024689,0.09455382041633129,0.08121612928807735,0.0759381927549839,0.0,0.06865458339452743,0.08721768222749234,0.09411084800958633,0.10818901024758816,0.12297763265669345,0.13452564999461175,0.15095247328281403,0.1680029645562172,0.18158214315772056,0.19459658190608026,0.21240627765655518,0.22507019340991974,0.24196775257587433,0.25591749846935274,0.2695538341999054,0.2822710111737251,0.29823127835989,0.31233650594949725,0.32323065400123596,0.3348639339208603,0.34670443683862684,0.359930919110775,0.37240940034389497,0.38309945464134215,0.3947875455021858,0.4041395366191864,0.4165829002857208,0.42812821716070176,0.4360506504774094,0.4466579958796501,0.45822705775499345,0.46857535988092425,0.4782796919345856,0.48746204674243926,0.496630023419857,0.5049368888139725,0.5140611231327057,0.5224596977233886,0.5311129033565521,0.5397576451301574,0.5487838745117187,0.5561331689357758,0.565004625916481,0.5710697174072266,0.5809230804443359,0.5889647901058197,0.5944432705640793,0.6048366814851761,0.6111798524856568,0.6179233372211457,0.6263289630413056,0.6341131508350373,0.6424005687236786,0.6495841473340989,0.6573225766420364,0.6648346960544587,0.6720254004001618,0.6822572171688079,0.6906564176082611,0.7001753836870194,0.7097665667533875,0.7218948900699615,0.7400938808918
t_62,1.396296501159668,1.3949111580848694,1.395909559726715,1.3942886173725129,1.3932704389095307,1.3923118352890014,1.3902658224105835,1.388387769460678,1.3858201026916503,1.384887969493866,1.3831103503704072,1.381144791841507,1.3807179152965545,1.3784587562084198,1.3779545545578002,1.375364100933075,1.372888171672821,1.3707217216491698,1.3696193814277648,1.367236328125,1.3647129714488984,1.364040744304657,1.3617420554161073,1.3588179111480714,1.3562172293663024,1.354683941602707,1.3534563302993774,1.349831771850586,1.3475677073001862,1.3456246733665467,1.342177164554596,1.3402333378791809,1.3370691120624543,1.3342451989650725,1.330666172504425,1.3268256187438965,1.324888414144516,1.3207319676876068,1.3184176146984101,1.3146600306034089,1.311704158782959,1.306687068939209,1.3028988540172577,1.3004252374172212,1.2949096083641052,1.2906403303146363,1.2859793782234192,1.2814164102077483,1.2764911890029906,1.2721307098865509,1.266198593378067,1.2603623688220977,1.2548344433307648,1.2496143639087678,1.2428411781787871,1.2367502748966217,1.2302055358886719,1.2238666832447052,1.2180500388145448,1.2102858424186707,1.2021958589553834,1.1946216583251954,1.1882691919803618,1.1798186719417572,1.1721733152866363,1.1653048276901246,1.1570384621620178,1.14721577167511,1.1416994988918305,1.1337680160999297,1.1256635367870331,1.114567095041275,1.1067832112312317,1.0994343698024749,1.0891401529312135,1.0792341232299805,1.070224130153656,1.0588806331157685,1.0476785182952881,1.0372600853443146,1.0278274536132812,1.0170301377773285,1.002352237701416,0.9916339874267578,0.9796117931604386,0.9697443246841431,0.9556581556797028,0.9439273059368134,0.9297268778085709,0.915826603770256,0.9033066809177399,0.8887618660926819,0.8744801938533783,0.8602037996053695,0.8445285946130753,0.8310934692621231,0.8136348694562912,0.7977255553007125,0.7804052501916885,0.7614785462617875,0.7473697662353516,0.729261326789856,0.7130425781011581,0.6938500106334686,0.6794667452573776,0.6593609690666199,0.6421149641275405,0.6222626030445099,0.6036678850650787,0.5842033386230469,0.567121171951294,0.5447799801826477,0.5277706488966942,0.5062467470765114,0.4856288105249405,0.4645969271659851,0.44351796954870226,0.4221545398235321,0.4009366348385811,0.3800471186637878,0.3582605108618736,0.3425447389483452,0.321249395608902,0.2973340958356857,0.27584207206964495,0.2581401042640209,0.2402513936161995,0.22225834503769876,0.19806927740573882,0.1800762891769409,0.1582507945597172,0.14339079111814498,0.12440230920910836,0.1086456548422575,0.09161433055996895,0.08275232352316379,0.06865458339452743,0.0,0.08162247091531753,0.08000746630132198,0.09187481030821801,0.10715773217380047,0.11625674404203892,0.132643623650074,0.15093747451901435,0.16228080913424492,0.17512836903333664,0.19377916157245637,0.2066590115427971,0.2238634467124939,0.23672334775328635,0.2507898598909378,0.2634999454021454,0.28010507822036745,0.29457723498344424,0.30501405745744703,0.31677672266960144,0.3289256140589714,0.34203055053949355,0.3548833906650543,0.3655965492129326,0.37762040048837664,0.3870963826775551,0.3998450353741646,0.4114709094166756,0.4198988348245621,0.43060645908117295,0.4422362297773361,0.4527165606617928,0.46271607279777527,0.4720295548439026,0.48148188441991807,0.49002028703689576,0.4993133097887039,0.5078661933541297,0.5166452676057816,0.5256217837333679,0.5346434414386749,0.5423466980457305,0.5510709047317505,0.5577333629131317,0.5675974309444427,0.5756708860397339,0.5815333485603332,0.5919184178113938,0.5985363245010376,0.6052979528903961,0.6140523791313172,0.622005233168602,0.6303971827030181,0.6378894448280334,0.6457526803016662,0.6534009397029876,0.6608596235513687,0.6711276739835739,0.6799495100975037,0.6896172851324082,0.699554619193077,0.7120806336402893,0.730488708615303
t_61,1.3989121794700623,1.3975341081619264,1.3985246241092681,1.3969040632247924,1.3958899438381196,1.3949180006980897,1.392887282371521,1.391024762392044,1.3884617507457733,1.3875111520290375,1.3857617259025574,1.3837970316410064,1.3833512306213378,1.3810973048210144,1.3805821359157562,1.3780107617378234,1.375524914264679,1.373370999097824,1.3722696840763091,1.3698685765266418,1.3673385441303254,1.3666939854621887,1.3643904745578765,1.3614733159542083,1.3589065968990326,1.3573800325393677,1.3561357378959655,1.352551007270813,1.3502872347831727,1.3483911991119384,1.3449578285217285,1.343060302734375,1.3398813426494598,1.3371329247951507,1.3335900247097014,1.3298068702220918,1.3279040932655335,1.3238169193267821,1.3215397775173188,1.3178147554397583,1.3149291932582856,1.310001701116562,1.3062618255615235,1.3038479447364808,1.298432457447052,1.2941834211349488,1.2896039366722107,1.2851536214351653,1.280313676595688,1.2760371446609498,1.2701923251152039,1.264466655254364,1.2590252101421355,1.2538473308086395,1.2472273409366608,1.2412405729293823,1.2348133385181428,1.2285090029239654,1.222742247581482,1.2152091324329377,1.2071721136569977,1.199744176864624,1.193445634841919,1.1851358473300935,1.1776640295982361,1.1708206295967103,1.1626511931419372,1.153067946434021,1.1475731790065766,1.1398206412792207,1.131833130121231,1.1209160387516022,1.1131042063236236,1.1059201598167419,1.0958115041255951,1.0860698580741883,1.0771955728530884,1.0660617768764495,1.0550146281719208,1.0446752727031707,1.0353601574897766,1.0245707958936692,1.01023770570755,0.9995756715536117,0.9877447247505188,0.9781890362501144,0.96409470140934,0.9526495993137359,0.938616344332695,0.9251463502645493,0.9125335663557053,0.8984988421201706,0.8844427287578582,0.8699907600879669,0.8548243761062622,0.8417707502841949,0.8245293736457825,0.8089086204767227,0.7917821705341339,0.7731428354978561,0.758929967880249,0.7415481060743332,0.7255257934331893,0.7062157779932022,0.6921336680650712,0.6727263987064361,0.6558324694633484,0.6363555073738099,0.6180069833993912,0.5986624896526337,0.5812962263822555,0.559880068898201,0.5424973696470261,0.5220472648739815,0.5015234291553498,0.4805089607834816,0.4600769251585007,0.43948629349470136,0.418745730817318,0.39758702367544174,0.37650839388370516,0.3606300354003906,0.3390747502446175,0.31636088341474533,0.2956913709640503,0.27757017910480497,0.25743962824344635,0.239370296895504,0.2166115812957287,0.1987089067697525,0.17828213721513747,0.16108086705207825,0.14549566358327864,0.1284658245742321,0.1147438794374466,0.10001649260520935,0.08721768222749234,0.08162247091531753,0.0,0.08192689009010792,0.08894808292388916,0.09761835187673569,0.10992511883378028,0.12122254930436611,0.13197354413568974,0.15036509484052657,0.16249177604913712,0.1804517149925232,0.19187040105462075,0.2070336662232876,0.22277460619807243,0.23606019988656043,0.24930790960788726,0.26436619758605956,0.27794907838106153,0.2911535888910294,0.30237042903900146,0.3145517572760582,0.3278989210724831,0.3407876804471016,0.35168332159519194,0.3638281971216202,0.3734502509236336,0.3863077774643898,0.3981248140335083,0.40574395954608916,0.416816683113575,0.4291045323014259,0.4395878866314888,0.4499391958117485,0.4595735937356949,0.46893247961997986,0.4773238942027092,0.48663683235645294,0.49589285254478455,0.5044965848326683,0.5136074900627137,0.5232249677181244,0.5310671716928482,0.5398483961820603,0.5459742724895478,0.5566695868968964,0.564711281657219,0.5706178307533264,0.5810502886772155,0.5876607060432434,0.5950831174850464,0.6038541525602341,0.6116586118936539,0.6202968001365662,0.6277460932731629,0.6362389832735061,0.644146791100502,0.6515783220529556,0.6621520638465881,0.6713381290435791,0.6811733573675156,0.691048938035965,0.7038486331701279,0.7231404811143876
t_60,1.3986543893814087,1.3973291754722594,1.3983062326908111,1.3967314302921294,1.3957415282726289,1.394814956188202,1.3928450703620912,1.3910261034965514,1.3885297536849976,1.3876170754432677,1.3859031975269318,1.3840008616447448,1.3835818111896514,1.3814023971557616,1.380923855304718,1.3784340620040894,1.3760393917560578,1.3739689946174622,1.372900116443634,1.370584911108017,1.3681501686573028,1.3675175130367279,1.3653042674064637,1.3624720633029939,1.3599449455738069,1.3584640324115753,1.3573001205921174,1.3537832617759704,1.3515839457511902,1.3497163772583007,1.3463662981987,1.344493716955185,1.3414410769939422,1.338696300983429,1.3352309226989747,1.3315107107162476,1.3296199321746827,1.325579619407654,1.3233369708061218,1.319695246219635,1.3168218195438386,1.3119335770606995,1.3082680106163025,1.3058469474315644,1.300481879711151,1.2963093400001526,1.2917800784111022,1.2873439371585846,1.2825695753097535,1.278314083814621,1.2725479006767273,1.2668795347213746,1.26152184009552,1.2564465284347535,1.249845314025879,1.2439624309539794,1.2375746309757232,1.2314214050769805,1.2257730841636658,1.2182192027568817,1.210365629196167,1.2029636323451995,1.1968102633953095,1.1885785341262818,1.1811458766460419,1.1744900166988372,1.166481500864029,1.156896024942398,1.1515323102474213,1.1438147008419037,1.1359390556812285,1.12515527009964,1.1176177918910981,1.1104610443115235,1.100429254770279,1.0908149421215056,1.0820707201957702,1.0710073053836822,1.0601466715335846,1.0500073850154876,1.0408856689929962,1.030453085899353,1.01611225605011,1.0057423800230025,0.9940589219331741,0.9844667583703994,0.9708880931138992,0.9594384044408798,0.9456920474767685,0.9322160542011261,0.9201481193304062,0.9059475749731064,0.8920945018529892,0.8784091085195541,0.8631489515304566,0.8501256912946701,0.8331550985574723,0.8176979720592499,0.8009730577468872,0.7825942724943161,0.7691046357154846,0.751448130607605,0.7356819689273835,0.717231222987175,0.7032643467187881,0.6837750554084778,0.6670702129602433,0.6476787030696869,0.6297494798898697,0.6111059933900833,0.5945498168468475,0.5729321569204331,0.5565654516220093,0.5355093568563462,0.5155561596155167,0.49503355622291567,0.4744695395231247,0.45381360352039335,0.4330335184931755,0.4130489870905876,0.39134900122880933,0.3760276585817337,0.3559907957911491,0.3316940560936928,0.31100159138441086,0.29308734089136124,0.2762563318014145,0.25795414447784426,0.2337889291346073,0.2156319186091423,0.19287607222795486,0.17834297716617584,0.15827036201953887,0.14039649143815042,0.1223738893866539,0.10903559252619743,0.09411084800958633,0.08000746630132198,0.08192689009010792,0.0,0.07477717995643615,0.08482410460710525,0.08951845169067382,0.10223186686635018,0.11919735558331013,0.12717747129499912,0.14386550188064576,0.15894973203539847,0.17260141670703888,0.1906351126730442,0.2020336776971817,0.21704724580049514,0.22964167073369027,0.24654016345739366,0.26182067692279815,0.2716377317905426,0.2837921276688576,0.2963153049349785,0.3093488037586212,0.3225314855575562,0.33367065340280533,0.34573244005441667,0.3558270841836929,0.3686492621898651,0.38068810999393465,0.3896255388855934,0.4009813591837883,0.41251581758260725,0.42331564128398896,0.4336216628551483,0.44338138699531554,0.4532801255583763,0.4623038485646248,0.47183312475681305,0.48067315220832824,0.4898663565516472,0.4992835074663162,0.5085893720388412,0.5165235221385955,0.5254981219768524,0.532828202843666,0.5428156584501267,0.5510195702314377,0.5576242119073868,0.5681588768959045,0.5750864982604981,0.582087829709053,0.5912729948759079,0.5995669394731522,0.6082796305418015,0.6161330729722977,0.6243012815713882,0.6322307676076889,0.6401824176311492,0.6507055252790451,0.6601245045661926,0.6702121824026108,0.6807613044977188,0.6938858926296234,0.7129309147596359
t_59,1.399804025888443,1.3984764456748962,1.3994527459144592,1.3978650748729706,1.3968824565410614,1.3959506630897522,1.3939963161945343,1.3921857178211212,1.3897121787071227,1.388795930147171,1.3870988488197327,1.38522008061409,1.3847938358783722,1.382632029056549,1.3821518003940583,1.3796689987182618,1.3772869646549224,1.3752311170101166,1.3741821348667145,1.371882176399231,1.3694736957550049,1.368860012292862,1.3666597843170165,1.3638625502586366,1.3613764107227326,1.3599132895469666,1.3587564289569856,1.3552980303764344,1.3531207740306854,1.351289403438568,1.3479920625686646,1.3461362898349762,1.3431055665016174,1.3404205024242402,1.3370002448558806,1.3333282113075255,1.3314632713794707,1.3274775624275208,1.3252653241157533,1.3216636896133422,1.3188250362873077,1.3139959573745728,1.3103758335113525,1.307994693517685,1.302701485157013,1.2985547244548798,1.294087952375412,1.2897226512432098,1.284999966621399,1.280803769826889,1.2750937283039092,1.269496214389801,1.2642043113708497,1.2591803431510926,1.2526702165603638,1.2468444466590882,1.240551495552063,1.2344514310359955,1.2288651049137116,1.2214309990406036,1.2136423528194427,1.2063401222229004,1.2002634406089783,1.1921521961688994,1.184824401140213,1.1782362759113312,1.1702948570251466,1.160850328207016,1.1555589854717254,1.1479587852954865,1.140173852443695,1.1295508861541748,1.1220580756664276,1.1150251388549806,1.1051480889320373,1.0956322252750397,1.086962240934372,1.0760888576507568,1.0653528690338134,1.055354380607605,1.0463329672813415,1.0359932422637939,1.0219049990177154,1.011637982726097,1.0001243084669114,0.9906753242015839,0.9772635877132416,0.9660190463066101,0.9524237483739852,0.9391673505306244,0.9271868199110032,0.9133058667182923,0.8996400952339172,0.8860481590032577,0.8710141241550445,0.8581818521022797,0.8415412575006485,0.8263271033763886,0.8097877115011215,0.7916643589735031,0.7783362448215485,0.7609015941619873,0.7454892516136169,0.7273221671581268,0.7136245369911194,0.694311311841011,0.6777814358472825,0.6588500589132309,0.6411502480506897,0.6225628077983856,0.6063333749771118,0.5850171774625779,0.5686874061822891,0.5481887936592102,0.5285995677113533,0.5083166420459747,0.488117478787899,0.4676205009222031,0.4472146913409233,0.4273162677884102,0.4062596753239632,0.3909978359937668,0.3708865404129028,0.3476932793855667,0.3269326999783516,0.30901106595993044,0.2921882227063179,0.273402738571167,0.24976748526096343,0.2326301023364067,0.20981114059686662,0.1951708436012268,0.1755908749997616,0.15576610267162322,0.1391892224550247,0.12170007787644863,0.10818901024758816,0.09187481030821801,0.08894808292388916,0.07477717995643615,0.0,0.07984654791653156,0.07557102032005787,0.09158075004816055,0.10674523152410983,0.11519494652748108,0.12928520999848842,0.14351340830326081,0.15769180208444594,0.17529687732458116,0.18660980090498924,0.20012034252285957,0.21427395641803743,0.23075934275984764,0.24502565637230872,0.25588353946805,0.2679510354995728,0.2809335932135582,0.2941063165664673,0.30772061794996264,0.3187230795621872,0.33066717386245725,0.3408245950937271,0.35445388704538344,0.36636438965797424,0.37540790140628816,0.38659601509571073,0.39888100028038026,0.4094861581921577,0.42025708556175234,0.4295429870486259,0.4398996502161026,0.44905871003866193,0.45883947908878325,0.4678764849901199,0.47723439782857896,0.4866273060441017,0.49629998207092285,0.5044182568788529,0.5133057236671448,0.5207064211368561,0.5311723262071609,0.539462023973465,0.5460555911064148,0.5568259805440903,0.5639411270618438,0.5711308270692825,0.5805268466472626,0.5888811707496643,0.5978393584489823,0.6057471245527267,0.6141610950231552,0.6223815858364106,0.6303477019071579,0.6412029147148133,0.6507629811763763,0.6611389368772507,0.6718618482351303,0.6853117555379867,0.7050224304199219
t_58,1.401055932044983,1.399760514497757,1.4007291972637177,1.3991653084754945,1.398200923204422,1.39727224111557,1.3953391194343567,1.3935738027095794,1.3911166429519652,1.3902087032794952,1.3885477364063263,1.3866906642913819,1.3862652778625488,1.3841247379779815,1.3836627781391144,1.381227684020996,1.3788515090942384,1.3768518567085266,1.3758126854896546,1.3735521018505097,1.3711598753929137,1.3705611646175384,1.3683898210525514,1.365622305870056,1.3631677091121674,1.3617150068283081,1.3605861723423005,1.3571667969226837,1.3550026178359986,1.3532066524028779,1.3499503970146178,1.3481201112270356,1.3451304614543915,1.342497819662094,1.3391118466854095,1.3354870319366454,1.333658182621002,1.3297360599040986,1.3275639414787292,1.3239917576313018,1.3212040662765503,1.3164353370666504,1.3128636240959168,1.3105223178863525,1.3053149580955505,1.3012075960636138,1.2967942714691163,1.2925006985664367,1.2878830969333648,1.283754926919937,1.2781018137931823,1.2725843787193298,1.2673767447471618,1.2624200582504272,1.2560095608234405,1.250267779827118,1.2440751910209655,1.23805330991745,1.2325386881828309,1.2252424776554107,1.217553836107254,1.210347330570221,1.2043467879295349,1.1963363409042358,1.1891701459884643,1.1826508522033692,1.1747938632965087,1.1655140161514281,1.1603049397468568,1.1528124570846559,1.1451472640037537,1.134657973051071,1.1272586941719056,1.120347797870636,1.110617709159851,1.1012678921222687,1.0927502810955048,1.0819810569286346,1.0714282870292664,1.0615711033344268,1.0526853144168853,1.0424888551235199,1.0285878658294678,1.0184946805238724,1.0071608245372772,0.9979276627302169,0.984634616971016,0.9736002117395401,0.9602196663618088,0.9471695810556412,0.9353484600782395,0.9217520356178284,0.9082810550928115,0.894862687587738,0.8801107734441758,0.8675468802452088,0.8511060446500778,0.8361230701208114,0.8199139922857285,0.8020635128021241,0.7888928294181824,0.7718903869390488,0.7565997749567032,0.7386262357234955,0.7251600235700607,0.7063361436128617,0.6901403874158859,0.6714974135160446,0.6540846556425095,0.6358804762363434,0.6196972280740738,0.5988866090774536,0.5828496903181076,0.5626666337251663,0.5432040959596633,0.5233401224017143,0.5034031584858895,0.48347833156585696,0.4633782848715782,0.44354414492845534,0.42289817333221436,0.4076683908700943,0.3878129914402962,0.3648368716239929,0.3444556638598442,0.32660027891397475,0.3092854470014572,0.2916945219039917,0.2675662457942963,0.2502550438046455,0.2278412513434887,0.21268003433942795,0.1939408577978611,0.17514067515730858,0.15822665765881538,0.14221642166376114,0.12297763265669345,0.10715773217380047,0.09761835187673569,0.08482410460710525,0.07984654791653156,0.0,0.07411887422204018,0.07687588334083557,0.09174307808279991,0.10177669711411,0.11433292143046855,0.1272928100079298,0.1392175354063511,0.15786107555031775,0.16988659277558327,0.18330997750163078,0.19577510431408882,0.21188836619257928,0.2272772803902626,0.23777543604373932,0.25070692151784896,0.26343826204538345,0.27671296447515487,0.2897679939866066,0.30206633508205416,0.314056807756424,0.32418120503425596,0.33794870525598525,0.34988506585359574,0.3589266836643219,0.3703316360712051,0.38269585371017456,0.3937325835227966,0.40460879504680636,0.4145449548959732,0.42464869171381,0.4338213115930557,0.443942292034626,0.4531722143292427,0.4626648426055908,0.47209303081035614,0.48205059617757795,0.4903497412800789,0.49975856840610505,0.507125836610794,0.5177469789981842,0.5261806339025498,0.532992935180664,0.5439335614442825,0.5512992322444916,0.5587971299886704,0.568285995721817,0.5768503755331039,0.5858329594135284,0.5939760655164719,0.6026199072599411,0.6111470103263855,0.6192826569080353,0.630407276749611,0.640120929479599,0.6508710503578186,0.6617884576320648,0.6755262821912765,0.6959657460451126
t_57,1.4019717454910279,1.400688487291336,1.401653903722763,1.4001020252704621,1.3991450190544128,1.398235136270523,1.3963425934314728,1.3946032643318176,1.3921783506870269,1.3912837505340576,1.3896443963050842,1.3878151178359985,1.3873918294906615,1.3852944314479827,1.3848392367362976,1.3824445307254791,1.3801064372062684,1.378126507997513,1.3771048963069916,1.37486931681633,1.3725235879421234,1.3719349026679992,1.3697946488857269,1.367062222957611,1.3646283864974975,1.3632008910179139,1.3620926976203918,1.3587222456932069,1.3565902709960938,1.3548256933689118,1.3516089558601379,1.3498085737228394,1.3468584954738616,1.3442483246326447,1.3409104108810426,1.3373340487480163,1.335519152879715,1.3316342413425446,1.3294894754886628,1.3259698808193208,1.3232113778591157,1.318487298488617,1.314973384141922,1.3126513421535493,1.3075004398822785,1.3034282624721527,1.2990859687328338,1.2948139369487763,1.2902519822120666,1.2861643254756927,1.2805796980857849,1.2751231849193574,1.269966906309128,1.2650657773017884,1.2587174415588378,1.2530536711215974,1.2469245195388794,1.240970903635025,1.235530173778534,1.2283030450344086,1.2207102954387665,1.213584738969803,1.2076561629772187,1.1997384905815125,1.192634755373001,1.1862140893936157,1.1784789979457855,1.1692550957202912,1.164119803905487,1.1567252576351166,1.1491469621658326,1.1387806415557862,1.1314754426479339,1.1246379554271697,1.1149951279163361,1.1057481348514557,1.0973123252391814,1.0866818606853486,1.0762551188468934,1.066490149497986,1.0577455639839173,1.0476926565170288,1.0338989973068238,1.02393895983696,1.012700092792511,1.0035272300243379,0.9904964059591294,0.9795179486274719,0.9662970572710037,0.9534499049186707,0.941780686378479,0.9282475382089614,0.9149528950452804,0.9017819762229919,0.887171158194542,0.8747231841087342,0.8584496259689331,0.8436442315578461,0.8276688903570175,0.8099639743566514,0.7970611959695816,0.7801158666610718,0.7651166081428528,0.7474554657936097,0.7341429769992829,0.7154252350330352,0.6994189620018005,0.6809551239013671,0.6636899471282959,0.6458388507366181,0.6299852013587952,0.6093110322952271,0.5933748841285705,0.5734607815742493,0.5543892800807952,0.5346782475709915,0.5149512588977814,0.49510486871004106,0.47502038925886153,0.45579733699560165,0.43495775312185286,0.4201961517333984,0.400702628493309,0.37755045890808103,0.3572473168373108,0.33973804116249084,0.3231241747736931,0.3048827588558197,0.2813274100422859,0.26375017389655114,0.24116304591298104,0.22635676115751266,0.20671699270606042,0.18713779374957085,0.16906689405441283,0.15227904468774794,0.13452564999461175,0.11625674404203892,0.10992511883378028,0.08951845169067382,0.07557102032005787,0.07411887422204018,0.0,0.07071133591234684,0.08629447109997272,0.08731590993702412,0.09948039799928665,0.11183969005942344,0.12561055235564708,0.14366888776421546,0.1530730716884136,0.16722282245755196,0.18148916065692902,0.19781433865427972,0.21277894005179404,0.22283179238438605,0.23512510806322098,0.24848027303814887,0.2616901516914368,0.27562931925058365,0.2871173441410065,0.2991774946451187,0.3095508813858032,0.32358537763357165,0.33566908836364745,0.3452975541353226,0.35700746029615404,0.36941341310739517,0.3802607923746109,0.3913462311029434,0.4009904325008392,0.4118502289056778,0.42141580432653425,0.43137928545475007,0.44084839820861815,0.45050228089094163,0.46038068234920504,0.4703109622001648,0.47878814190626146,0.48792956173419955,0.49583387821912767,0.5065774232149124,0.5148956805467606,0.522170004248619,0.5330978572368622,0.5405998915433884,0.5481154441833496,0.5579452186822891,0.5665747225284576,0.5758141607046128,0.5840543776750564,0.5929061293601989,0.601464906334877,0.6098743319511414,0.6210265904664993,0.6312527656555176,0.6420504033565522,0.6532821089029313,0.6673700153827667,0.6878587901592255
t_56,1.4019245207309723,1.400668478012085,1.4016205370426178,1.4000931799411773,1.399148565530777,1.3982580780982972,1.396390289068222,1.3946790754795075,1.392285168170929,1.3914084136486053,1.389792913198471,1.3879830956459045,1.387565553188324,1.385501766204834,1.385056722164154,1.3826957941055298,1.380395519733429,1.3784518718719483,1.377441418170929,1.3752408981323243,1.3729253649711608,1.3723539292812348,1.3702387750148772,1.3675417840480804,1.3651420056819916,1.3637259006500244,1.3626438975334167,1.359304666519165,1.357203483581543,1.355466252565384,1.3522908568382264,1.3505097091197968,1.3475954711437226,1.3450027227401733,1.341691690683365,1.3381494343280793,1.3363596081733704,1.3325149595737458,1.330397403240204,1.3269275605678559,1.3241833388805389,1.319517058134079,1.3160309493541718,1.3137357890605927,1.3086313724517822,1.3046127259731293,1.3002971708774567,1.2960605204105378,1.291551524400711,1.287503832578659,1.2819793283939362,1.2765729486942292,1.271472030878067,1.2666333138942718,1.2603310346603394,1.2547369003295898,1.248668360710144,1.2427994787693024,1.2374243259429931,1.2302403271198272,1.2227636933326722,1.2156948447227478,1.2098555326461793,1.2020087897777558,1.1949862718582154,1.1886542677879333,1.1810165405273438,1.1718853771686555,1.166821140050888,1.159493637084961,1.1520008862018585,1.1417567074298858,1.1345733642578124,1.1277815043926238,1.1182626903057098,1.1091263234615325,1.1008121490478515,1.0902664542198182,1.0799728155136108,1.07037011384964,1.0617069244384765,1.0518350720405578,1.038212811946869,1.0284055322408676,1.0172970384359359,1.0082033425569534,0.9954117655754089,0.984551078081131,0.9715318739414215,0.9587801396846771,0.9473877161741256,0.9339333027601242,0.9208305150270462,0.9079882949590683,0.8934776306152343,0.8811332613229752,0.8651151329278945,0.8505298435688019,0.8348581939935684,0.8174543261528016,0.8047697603702545,0.7879793703556061,0.7732217937707901,0.7559484601020813,0.7428168535232544,0.7243148446083069,0.7084585934877395,0.6902323305606842,0.6733433306217194,0.6559007614850998,0.6404435247182846,0.6199385017156601,0.6045365542173385,0.5846152007579803,0.5659580886363983,0.5465012073516846,0.5269312500953675,0.5074084892868995,0.48752449452877045,0.46904406100511553,0.44809251427650454,0.43342511653900145,0.414849454164505,0.39156899601221085,0.37149124443531034,0.3540372341871262,0.33855911940336225,0.3204399511218071,0.2965880736708641,0.27937903851270673,0.2566078588366508,0.24267781972885133,0.22288553714752196,0.20363128408789635,0.1855297565460205,0.16939446702599525,0.15095247328281403,0.132643623650074,0.12122254930436611,0.10223186686635018,0.09158075004816055,0.07687588334083557,0.07071133591234684,0.0,0.07520679384469986,0.07792128883302211,0.08990622721612454,0.09980639219284057,0.11151939742267132,0.13183460384607315,0.138257297873497,0.15252532735466956,0.16423238590359687,0.18262222334742545,0.19854748174548148,0.20658252611756325,0.21950599402189255,0.23303809389472008,0.2455100916326046,0.2595521718263626,0.2714016690850258,0.2836149126291275,0.2941073372960091,0.3083671346306801,0.32062355875968934,0.3303252384066582,0.3420978128910065,0.35430832803249357,0.36563544273376464,0.37672180980443953,0.3869677409529686,0.3976141080260277,0.4073079004883766,0.4175771504640579,0.42690552622079847,0.4368855744600296,0.44694032818078994,0.45678364485502243,0.4655487224459648,0.4747665569186211,0.4832094103097916,0.49371007531881334,0.5024441331624985,0.5098103657364845,0.5209967941045761,0.5287167012691498,0.5360709577798843,0.5462321162223815,0.5551959961652756,0.5644895285367966,0.5731249004602432,0.5818466633558274,0.5905004292726517,0.5992048472166062,0.6104849338531494,0.6208709657192231,0.6318697094917297,0.6434937000274659,0.6579541206359864,0.6787646919488907
t_55,1.4033371090888977,1.4020813524723053,1.4030225992202758,1.4014908432960511,1.4005505442619324,1.399646383523941,1.397784423828125,1.3960788249969482,1.3936867654323577,1.3928019046783446,1.391187459230423,1.389379358291626,1.3889610528945924,1.3868940949440003,1.3864495158195496,1.384092092514038,1.381772017478943,1.3798342287540435,1.3788267016410827,1.3766189336776733,1.3742963373661041,1.3737406253814697,1.3716159880161285,1.36892791390419,1.3665578246116639,1.3651619791984557,1.3640664219856262,1.3607782185077668,1.3586754024028778,1.356967830657959,1.3538194239139556,1.3520584523677825,1.3491497933864594,1.3466306686401368,1.3433580935001372,1.3398704051971435,1.33810453414917,1.3343270659446715,1.3322405636310577,1.3287889420986176,1.326119077205658,1.3215196013450623,1.3180734395980835,1.3158275842666627,1.3108113765716554,1.3068244338035584,1.3025789558887482,1.2984360098838805,1.2939950823783875,1.2900267958641052,1.2845685720443725,1.2792615950107575,1.274225890636444,1.2694322884082794,1.263278490304947,1.2577528059482574,1.2517854571342468,1.2459612429141997,1.2406165242195129,1.233637672662735,1.2261968910694123,1.2192837178707123,1.2134730160236358,1.2057577669620514,1.1988585770130158,1.1925601840019227,1.1850016355514525,1.1760795652866363,1.1710296034812928,1.1638456344604493,1.1564491629600524,1.1463787496089934,1.1391870260238648,1.1325386881828308,1.1231866240501405,1.1141785562038422,1.1059606790542602,1.0956144988536836,1.0854596138000487,1.0759200930595398,1.0673893451690675,1.0575401961803437,1.044229084253311,1.0344712853431701,1.0235755801200868,1.014731913805008,1.0019444286823274,0.9913351446390152,0.9784818410873413,0.9660384386777878,0.9546005994081497,0.9415898621082306,0.9286563575267792,0.9157122284173965,0.9016668289899826,0.8896473675966263,0.8738459825515748,0.8595088690519332,0.8439953953027726,0.8268600165843963,0.8141560852527618,0.7979812800884247,0.7833834230899811,0.7660853952169419,0.7531666040420533,0.7352234989404678,0.7197749584913253,0.7019053161144256,0.6852509617805481,0.6678217619657516,0.6522654235363007,0.6323794156312943,0.6169210851192475,0.5977655827999115,0.5791742950677872,0.5599104285240173,0.5409673094749451,0.5218727707862854,0.5025718152523041,0.4835759997367859,0.4636360391974449,0.4490476593375206,0.42967804372310636,0.4077011406421661,0.38805260956287385,0.3710579305887222,0.35352404564619067,0.3362715467810631,0.31363504081964494,0.29637002348899844,0.27466556429862976,0.2591302804648876,0.24061424434185028,0.22174266427755357,0.2041422463953495,0.187346214056015,0.1680029645562172,0.15093747451901435,0.13197354413568974,0.11919735558331013,0.10674523152410983,0.09174307808279991,0.08629447109997272,0.07520679384469986,0.0,0.07985285706818104,0.0854659028351307,0.0918188888579607,0.0999651312828064,0.11575982198119164,0.12676894441246986,0.14029150158166886,0.1522027112543583,0.1675625190138817,0.18210525289177895,0.1934224210679531,0.20563043281435966,0.21839786246418952,0.23157386034727095,0.24510961920022964,0.25743053257465365,0.2700461849570274,0.28053170442581177,0.29433648139238355,0.3070127159357071,0.3158809930086136,0.3278563842177391,0.34072759449481965,0.3522175788879395,0.3635272070765495,0.3742789030075073,0.3845099925994873,0.3940545439720154,0.40441139191389086,0.41460456103086474,0.42422063946723937,0.4344046741724014,0.44494484066963197,0.45364080667495726,0.46345452666282655,0.47097027152776716,0.4823882818222046,0.4911185771226883,0.4984861880540848,0.5098202839493752,0.5175026029348373,0.5256468385457993,0.5356538385152817,0.5446155607700348,0.554120472073555,0.5627118438482285,0.5720810443162918,0.581043204665184,0.5897388607263565,0.6015064626932144,0.6120632290840149,0.6233865767717361,0.6350004643201828,0.6497012257575989,0.6716116398572922
t_54,1.4033456325531006,1.4021211981773376,1.403051310777664,1.4015522301197052,1.400634479522705,1.3997562229633331,1.3979341208934783,1.3962660133838654,1.3939219534397125,1.3930488646030426,1.391476756334305,1.3897192478179932,1.3893035411834718,1.3872940242290497,1.3868618607521057,1.3845612764358521,1.3823100864887237,1.3804245173931122,1.3794477880001068,1.3772998332977295,1.375060999393463,1.374510008096695,1.3724448800086975,1.3698246002197265,1.3674868583679198,1.3661169707775116,1.3650902450084685,1.361857408285141,1.3597998380661012,1.3581318736076355,1.3550389409065247,1.3533164381980896,1.3504770159721375,1.3479697704315186,1.344744211435318,1.3412845611572266,1.3395416855812072,1.3357950270175933,1.3337343454360961,1.3303313732147217,1.3276785731315612,1.3231251418590546,1.3197295308113097,1.3174865126609803,1.3125246345996857,1.3085734069347381,1.3043693900108337,1.3002493500709533,1.29587219953537,1.2919135391712189,1.2865190625190734,1.2812546014785766,1.2762810349464417,1.271552836894989,1.2654060006141663,1.2599547564983369,1.2540366888046264,1.2482933044433593,1.2430365324020385,1.2360597014427186,1.2287328600883485,1.2218488216400147,1.2161311745643615,1.2084839284420013,1.2016374111175536,1.195443481206894,1.1879954278469085,1.179077786207199,1.1741440057754517,1.1670118808746337,1.1596947073936463,1.1497256636619568,1.1426716148853302,1.136077868938446,1.1267778635025025,1.1178561449050903,1.1097452640533447,1.0994799494743348,1.0894532799720764,1.080031806230545,1.071623647212982,1.0619691908359528,1.0487151086330413,1.0391181588172913,1.028316357731819,1.0194756537675858,1.0070283204317092,0.9964264661073685,0.983753427863121,0.9713910460472107,0.9602504163980484,0.9472015976905823,0.9344367206096649,0.9218849122524262,0.9078552007675171,0.8958964347839355,0.8802674859762192,0.8660817533731461,0.8508152335882186,0.8338618010282517,0.8215855091810227,0.8052998542785644,0.7909054964780807,0.7741170793771743,0.7613132029771805,0.7433941900730133,0.7280880689620972,0.7103895246982574,0.6939081162214279,0.6770035088062286,0.6618336498737335,0.6420239001512528,0.6269374519586564,0.6077314198017121,0.5895381093025207,0.5706466615200043,0.5517625480890274,0.5327461749315262,0.5134827569127083,0.49524202942848206,0.4751066520810127,0.4608474299311638,0.4424140781164169,0.4197786167263985,0.4003779053688049,0.38338678181171415,0.3675327241420746,0.34986668825149536,0.32700175791978836,0.30982218235731124,0.28765109926462173,0.27344220131635666,0.2536876775324345,0.23459043428301812,0.2167294554412365,0.20008507296442984,0.18158214315772056,0.16228080913424492,0.15036509484052657,0.12717747129499912,0.11519494652748108,0.10177669711411,0.08731590993702412,0.07792128883302211,0.07985285706818104,0.0,0.07709726355969906,0.07794375978410244,0.0891481388360262,0.10537849962711335,0.11080217510461807,0.12400471903383732,0.13636071979999542,0.1524479530751705,0.16881839483976363,0.177364082634449,0.1898707203567028,0.2029910758137703,0.21632848754525186,0.22992803081870078,0.24198734611272812,0.25425339490175247,0.2651857569813728,0.2792225942015648,0.29177833050489427,0.3018015041947365,0.31414158046245577,0.32658722549676894,0.3380107119679451,0.34962831884622575,0.3599545076489449,0.3710183247923851,0.38106777518987656,0.39153996407985686,0.4012946844100952,0.4114604026079178,0.4218970090150833,0.43226211965084077,0.44116881787776946,0.45078880041837693,0.45939798653125763,0.4704350933432579,0.4791499897837639,0.487037667632103,0.4985436722636223,0.5063714563846589,0.5142650246620178,0.524714344739914,0.5338547319173813,0.5435177832841873,0.5524277418851853,0.5617065817117691,0.5707556635141373,0.5797274440526963,0.5915573209524154,0.6024681568145752,0.613989844918251,0.6260540693998337,0.641123428940773,0.6629343301057815
t_53,1.4046798646450043,1.4034583151340485,1.4043777942657472,1.4028728008270264,1.4019538283348083,1.4010508716106416,1.3992308020591735,1.397565245628357,1.3952126026153564,1.3943271040916443,1.3927513420581819,1.3909840524196624,1.390561044216156,1.388534915447235,1.3880873322486877,1.3857823848724364,1.3834892868995667,1.3816097497940063,1.3806178331375123,1.3784552693367005,1.3761922895908356,1.375653898715973,1.373572987318039,1.3709412753582,1.3686174035072327,1.3672455072402954,1.3661828458309173,1.362967312335968,1.3609087646007538,1.3592532515525817,1.3561718702316283,1.354453682899475,1.3515915632247926,1.3491456985473633,1.3459404051303863,1.3425172924995423,1.3407949805259705,1.33709557056427,1.33506281375885,1.3316740572452546,1.3290669441223144,1.3245720624923707,1.3212034463882447,1.3190052330493927,1.3141201257705688,1.3101935267448426,1.3060540676116943,1.3020011246204377,1.2976807832717896,1.293803983926773,1.2884652376174928,1.2832785606384278,1.278364896774292,1.2736836075782776,1.267661714553833,1.2622837662696837,1.2564598262310027,1.2507222175598145,1.2454995393753052,1.2387018024921417,1.2314117014408112,1.2246532022953034,1.2189623713493347,1.2114242315292358,1.204717606306076,1.1985378324985505,1.191152024269104,1.182418656349182,1.1774931728839875,1.1704892754554748,1.1632597029209137,1.1534198582172395,1.1463621497154235,1.1398741066455842,1.130728942155838,1.1219285666942596,1.1139238834381104,1.103814160823822,1.0939053416252136,1.0845795631408692,1.0762254357337953,1.066575050354004,1.053630793094635,1.044084870815277,1.033421555161476,1.024810817837715,1.012332758307457,1.0019835859537125,0.9894155114889145,0.9773189842700958,0.9661552995443344,0.9534553587436676,0.9408665895462036,0.9282136023044586,0.9145759403705597,0.9028242319822312,0.8873870521783829,0.8734655052423477,0.8583659619092942,0.8416789293289184,0.8292458266019821,0.8135628908872604,0.7993546932935714,0.7824494749307632,0.7698854207992554,0.7524334728717804,0.7373446822166443,0.7199719935655594,0.7036356568336487,0.6868272751569748,0.6716123461723328,0.6523583948612213,0.6371166080236434,0.6185749143362045,0.6004716068506241,0.5818087249994278,0.5632805019617081,0.5447090715169907,0.5256950214505196,0.5074431538581848,0.4877920806407928,0.4734845981001854,0.4546478658914566,0.4331237494945526,0.4138675481081009,0.39724049866199496,0.3799555912613869,0.3628383457660675,0.3408789366483688,0.3237935841083527,0.3026234179735184,0.2873498320579529,0.26887492686510084,0.24964725077152253,0.23141326755285263,0.21477735191583633,0.19459658190608026,0.17512836903333664,0.16249177604913712,0.14386550188064576,0.12928520999848842,0.11433292143046855,0.09948039799928665,0.08990622721612454,0.0854659028351307,0.07709726355969906,0.0,0.07786602862179279,0.08216155134141445,0.08949563913047313,0.09913421496748924,0.11014654971659184,0.12332749031484128,0.13891912177205085,0.15238182842731476,0.16220898926258087,0.17341248840093612,0.18582153543829918,0.20065266862511635,0.21418182775378228,0.22553087174892425,0.23902950435876846,0.24949581250548364,0.26368549913167955,0.2764458000659943,0.2857761114835739,0.29802712947130205,0.3116746753454208,0.3228152930736542,0.3349726513028145,0.34565106183290484,0.35667651146650314,0.3664186879992485,0.376732724905014,0.3872871965169907,0.39739746451377866,0.40780525356531144,0.4188766196370125,0.42775499224662783,0.4377047583460808,0.44569770693778993,0.45766741037368774,0.4666102766990662,0.47409816533327104,0.48614798188209535,0.49393458366394044,0.5024330645799637,0.5128436774015427,0.5220796167850494,0.5320244014263154,0.5409404754638671,0.5508997976779938,0.5601449221372604,0.5692392468452454,0.5814362376928329,0.5927152544260025,0.6045283883810043,0.6165256112813949,0.6319996893405915,0.6550424635410309
t_52,1.404832011461258,1.4036478579044342,1.4045700788497926,1.4030886948108674,1.4021888196468353,1.401318508386612,1.3995469629764556,1.3979273974895476,1.3956369638442994,1.3947821617126466,1.3932545006275177,1.3915340960025788,1.3911282539367675,1.3891692876815795,1.3887559711933135,1.3865221321582795,1.384293645620346,1.382485717535019,1.3815341532230376,1.3794441998004914,1.3772681534290314,1.3767594158649445,1.37474125623703,1.372193443775177,1.3699153065681458,1.3685875236988068,1.3676019608974457,1.3644554436206817,1.362456089258194,1.3608471214771272,1.357851618528366,1.356168007850647,1.3533941805362701,1.3509633719921113,1.3478261947631835,1.344464236497879,1.342754030227661,1.3391125619411468,1.3371205568313598,1.3337985515594482,1.331226122379303,1.326773339509964,1.323473060131073,1.3212779343128205,1.3164512038230896,1.3125784337520598,1.3084733724594115,1.304457175731659,1.3002086460590363,1.2963631451129913,1.291083025932312,1.2859604358673096,1.2811346888542174,1.2765088617801665,1.2705420434474946,1.2651973247528077,1.259447944164276,1.2538282036781312,1.2487073302268983,1.2419143438339233,1.2347704410552978,1.228016722202301,1.222458153963089,1.215014433860779,1.2083683788776398,1.2023191332817078,1.1950118839740753,1.1863371670246123,1.1815476536750793,1.174597841501236,1.1674537420272828,1.1577437281608582,1.150872528553009,1.1444531738758088,1.1353906333446502,1.1267084240913392,1.118782502412796,1.1087439239025116,1.099004602432251,1.0898461401462556,1.0816477179527282,1.0722470462322236,1.0593325257301331,1.0500051736831666,1.0394939601421356,1.0309186905622483,1.018748515844345,1.0084810316562653,0.9961464583873749,0.9840982854366302,0.9732713639736176,0.9606369942426681,0.9481826245784759,0.9360175997018814,0.9223204284906388,0.91069695353508,0.8955466389656067,0.8817706435918808,0.8669530093669892,0.8504617840051651,0.8385616928339005,0.8227249175310135,0.8087642759084701,0.792462170124054,0.7800938487052917,0.7626354992389679,0.7477604448795319,0.7306601196527481,0.7146742880344391,0.6981776386499405,0.6835327357053756,0.6642179608345031,0.649762573838234,0.6308543443679809,0.6132658511400223,0.5949996262788773,0.5764983505010605,0.5580978333950043,0.5394294530153274,0.5215690359473228,0.5020929530262948,0.488185715675354,0.47011910527944567,0.4482699319720268,0.4292493939399719,0.41280581057071686,0.39695762991905215,0.38016983717679975,0.35757661014795306,0.340892431139946,0.31892137974500656,0.3048435479402542,0.2855519473552704,0.2665443390607834,0.24896557182073592,0.23230278566479684,0.21240627765655518,0.19377916157245637,0.1804517149925232,0.15894973203539847,0.14351340830326081,0.1272928100079298,0.11183969005942344,0.09980639219284057,0.0918188888579607,0.07794375978410244,0.07786602862179279,0.0,0.0697472982108593,0.08334096260368824,0.08108550086617469,0.0947756826877594,0.10667666345834732,0.12332875579595566,0.13816873952746392,0.14331439584493638,0.15775834023952484,0.1705250062048435,0.18347240015864372,0.19706522449851036,0.21006742343306542,0.22196494787931442,0.23293869495391845,0.24758993238210678,0.26016450971364974,0.270962692797184,0.283015301823616,0.29592744559049605,0.30747164189815523,0.3194513708353043,0.33007021993398666,0.3412448361515999,0.35171622335910796,0.36263871341943743,0.372613351047039,0.3833386301994324,0.39362831860780717,0.4046912595629692,0.4136395290493965,0.4239490941166878,0.4328219726681709,0.44411867260932925,0.45327898412942885,0.4614617720246315,0.4734753057360649,0.481847083568573,0.4899676725268364,0.5007748901844025,0.5103738933801651,0.5204010039567948,0.5296446561813355,0.5391619145870209,0.5488091200590134,0.5581376075744628,0.5705063223838807,0.5817048400640488,0.5940047770738601,0.6065970003604889,0.6223765313625336,0.6455234229564667
t_51,1.4051966786384582,1.4040139973163606,1.40492781996727,1.4034416794776916,1.4025412261486054,1.4016628086566925,1.3998872101306916,1.3982661426067353,1.3959731698036193,1.395107388496399,1.393577402830124,1.3918528139591217,1.3914414525032044,1.389478474855423,1.389053875207901,1.3868239402770997,1.3845881342887878,1.3827831089496612,1.3818384826183319,1.37974973320961,1.3775655925273895,1.3770597875118256,1.3750500857830048,1.3725014448165893,1.3702427685260772,1.3689148008823395,1.3679177582263946,1.3648091554641724,1.3628028750419616,1.3612219572067261,1.358247274160385,1.35657799243927,1.3538117706775665,1.3514408588409423,1.3483270227909088,1.3449966430664062,1.3433032214641571,1.3397049963474275,1.3377367734909058,1.3344289660453796,1.3318941593170166,1.3274920761585236,1.324220561981201,1.3220472753047943,1.317286229133606,1.3134390115737915,1.3093828737735749,1.3054285168647766,1.3012445867061615,1.29745215177536,1.2922229588031768,1.287174141407013,1.2824029266834258,1.2778197944164276,1.2719309151172637,1.2666560232639312,1.2609801888465881,1.2554041683673858,1.2503251791000367,1.24366095662117,1.2365584790706634,1.2299040973186492,1.2243840456008912,1.2170388579368592,1.2104876577854156,1.2044682443141936,1.1972353875637054,1.1887054562568664,1.183938556909561,1.1770942091941834,1.1700218498706818,1.1604333400726319,1.153575450181961,1.1472385764122008,1.1382938981056214,1.129716169834137,1.1218720376491547,1.1119591534137725,1.102336835861206,1.093271017074585,1.085136705636978,1.0757882952690125,1.0630758941173553,1.0538292467594146,1.043447881937027,1.0350246876478195,1.0229097366333009,1.01281535923481,1.000597995519638,0.9887253403663635,0.9779322624206543,0.9655791908502579,0.9532381743192673,0.941052708029747,0.9276520550251007,0.9161918878555297,0.9012303233146668,0.887632641196251,0.8730065107345581,0.8567029982805252,0.8447966545820236,0.8293480962514878,0.815508845448494,0.7992573320865631,0.7870336145162582,0.7699131786823272,0.7552422493696213,0.7384008944034577,0.7226111888885498,0.7061744153499603,0.6915722250938415,0.6726518422365189,0.6582024693489075,0.6398000329732895,0.6223276019096374,0.6042566657066345,0.5860891103744507,0.5679785937070847,0.5496400892734528,0.5316660463809967,0.5127475678920745,0.4988075107336044,0.48061427026987075,0.4595531404018402,0.44074302166700363,0.4244688093662262,0.4079911530017853,0.3916141390800476,0.3695433884859085,0.3529439106583595,0.3316455572843552,0.3168616071343422,0.2983114615082741,0.27976323664188385,0.2621881887316704,0.24550920724868774,0.22507019340991974,0.2066590115427971,0.19187040105462075,0.17260141670703888,0.15769180208444594,0.1392175354063511,0.12561055235564708,0.11151939742267132,0.0999651312828064,0.0891481388360262,0.08216155134141445,0.0697472982108593,0.0,0.0747570388019085,0.07977934293448925,0.08709021843969822,0.09506697431206704,0.11220247074961662,0.12621479257941245,0.13215216025710105,0.14588122963905334,0.15778543278574944,0.17080884873867036,0.1841313898563385,0.19758351296186447,0.21028480529785157,0.2206271469593048,0.23554088845849036,0.24854683727025986,0.2581810593605042,0.27026572078466415,0.28379995077848436,0.2957237437367439,0.30780395567417146,0.3187134310603142,0.3295852020382881,0.33979072570800783,0.35104145407676696,0.36137658804655076,0.37199516892433165,0.38238724768161775,0.39383622258901596,0.4029014572501183,0.4135839655995369,0.4218433678150177,0.43376056998968127,0.4431870743632317,0.45116508156061175,0.463454133272171,0.4719389393925667,0.4803534045815468,0.49122013747692106,0.5008958265185356,0.5111156433820725,0.5204063266515732,0.5301927715539932,0.5401147961616516,0.5495076388120651,0.5622012466192245,0.5734218329191207,0.5859701871871948,0.5986602962017059,0.614723065495491,0.6387658059597016
t_50,1.4078182697296142,1.4066417932510376,1.4075347542762757,1.4060411691665649,1.4051466047763825,1.4042344331741332,1.402440857887268,1.4008291840553284,1.3985158801078796,1.397630947828293,1.3961056768894196,1.394368040561676,1.393936562538147,1.3919398605823516,1.391490203142166,1.3892441272735596,1.3869663178920746,1.385151022672653,1.3841889917850494,1.3820545196533203,1.3798383593559265,1.3793410122394563,1.3772986292839051,1.3747108101844787,1.3724550426006317,1.3711270809173584,1.3700873017311097,1.3669939160346984,1.3649616837501526,1.363400673866272,1.3604130864143371,1.3587570250034333,1.3559483230113982,1.353631454706192,1.3505336880683898,1.3472309052944182,1.3455710351467132,1.342020684480667,1.340076321363449,1.336776429414749,1.3343095421791076,1.3299684405326844,1.3267149865627288,1.3246005117893218,1.31992546916008,1.3160869240760804,1.3120951533317566,1.3082271277904511,1.304092639684677,1.3003636658191682,1.295198345184326,1.2902308762073518,1.285483294725418,1.280938720703125,1.2751894354820252,1.2699834108352661,1.2644075870513916,1.2588221371173858,1.2537434339523315,1.2473108172416687,1.240204006433487,1.2337036967277526,1.2281616568565368,1.2209071516990662,1.2145159900188447,1.2084630250930786,1.2012796998023987,1.1929646492004395,1.1881682872772217,1.1814748108386994,1.174473875761032,1.1650174617767335,1.1580474913120269,1.151866614818573,1.143059891462326,1.1345937967300415,1.1268531739711762,1.1171217560768127,1.1075717568397523,1.0985032618045807,1.0904572248458861,1.08103289604187,1.0686654448509216,1.0593684375286103,1.0491530418395996,1.040997463464737,1.0287715941667557,1.0189428448677063,1.0067715644836426,0.9953050553798676,0.9842914372682572,0.9724369794130325,0.960288354754448,0.9477622926235199,0.934940829873085,0.9237809360027314,0.9089234232902527,0.8955654114484787,0.8809796005487442,0.8649577260017395,0.8527861028909683,0.8381260812282563,0.8243987530469894,0.8079047858715057,0.7958846718072892,0.7794752687215805,0.7651433527469635,0.7486029982566833,0.7329128950834274,0.7165660798549652,0.7015914231538772,0.6835078567266464,0.6684575259685517,0.65132255256176,0.6337429732084274,0.6157678991556168,0.598315280675888,0.5807354927062989,0.5627293109893798,0.5444399297237397,0.526367937028408,0.5124500319361687,0.49361876100301744,0.4738607853651047,0.4554338321089745,0.43949340730905534,0.42105007320642474,0.4049183264374733,0.38448971062898635,0.36811921298503875,0.34815140515565873,0.3322097972035408,0.31508760899305344,0.2964469537138939,0.27899183332920074,0.261858332157135,0.24196775257587433,0.2238634467124939,0.2070336662232876,0.1906351126730442,0.17529687732458116,0.15786107555031775,0.14366888776421546,0.13183460384607315,0.11575982198119164,0.10537849962711335,0.08949563913047313,0.08334096260368824,0.0747570388019085,0.0,0.08054906837642192,0.07916832193732262,0.09421869702637195,0.09885090328752995,0.10849977880716324,0.12332228496670723,0.13247658610343932,0.14334268867969513,0.15911812856793403,0.17151105776429176,0.18327104225754737,0.19684528931975365,0.2072046749293804,0.22127077206969262,0.23446773439645768,0.24237289056181907,0.25509266257286073,0.2701244443655014,0.2813894346356392,0.2941738277673721,0.3052187740802765,0.3161233052611351,0.32581441551446916,0.33642380237579345,0.348333078622818,0.3583204969763756,0.36892723888158796,0.3813510239124298,0.39044394344091415,0.4012032672762871,0.4082008808851242,0.42181769460439683,0.4308992475271225,0.4386525571346283,0.4511952430009842,0.4592041149735451,0.4690846785902977,0.4796192482113838,0.4890163138508797,0.49957871437072754,0.5085898980498313,0.5198107421398163,0.529938605427742,0.5392563730478287,0.5525186657905579,0.5643774420022964,0.5771249413490296,0.5895917922258377,0.6059832006692887,0.6314476937055588
t_49,1.4059979438781738,1.4048662960529328,1.4057661890983582,1.4043291449546813,1.4034729897975922,1.4026267290115357,1.4009260058403015,1.3993677735328673,1.3971452593803406,1.3963187158107757,1.3948533535003662,1.3931988179683685,1.3927908003330232,1.3909255504608153,1.3905408143997193,1.3883951485157013,1.386237519979477,1.3845087587833405,1.3835916101932526,1.3815848112106324,1.3794922351837158,1.379015177488327,1.377077329158783,1.374628484249115,1.3724314630031587,1.3711584985256196,1.3702376902103424,1.3672045588493347,1.3652756810188293,1.3637589275836945,1.360882544517517,1.3592672228813172,1.3566062688827514,1.3542728662490844,1.3512737154960632,1.3480243861675263,1.3463907897472382,1.34287930727005,1.340981024503708,1.337782859802246,1.3353138089179992,1.3310126185417175,1.3278350114822388,1.325715219974518,1.3210768222808837,1.3173068344593049,1.3133618175983428,1.3094879686832428,1.3054294884204865,1.3017199397087098,1.2966101467609406,1.2916714191436767,1.2870083928108216,1.2825412571430206,1.2767781019210815,1.271673560142517,1.2661023914813996,1.2606677412986755,1.2557265758514404,1.249170458316803,1.2422540009021759,1.2357317566871644,1.230357015132904,1.2231509983539581,1.216756683588028,1.2108989179134368,1.203863501548767,1.1954484045505525,1.1908442556858063,1.184143978357315,1.1772325456142425,1.1678475737571716,1.1611930966377257,1.1549848020076752,1.1462105989456177,1.1378411948680878,1.1301963210105896,1.1204933762550353,1.1111044824123382,1.10224130153656,1.0943535387516021,1.0852859258651733,1.0727813720703125,1.0637913584709167,1.053608375787735,1.0453400015830994,1.0336650878190994,1.0237330347299576,1.0118305385112762,1.0002620339393615,0.9898554801940918,0.9775526136159897,0.9655578583478928,0.9538851827383041,0.940736648440361,0.9295374840497971,0.9147879034280777,0.9015377730131149,0.8873885303735733,0.8714183211326599,0.8600108534097671,0.8447761863470078,0.8314183115959167,0.8156885892152786,0.8037888437509537,0.7870005697011948,0.7726858675479888,0.7561767309904098,0.7406991750001908,0.725124204158783,0.7110215961933136,0.692480543255806,0.6785199046134949,0.6604228556156159,0.6435281693935394,0.6259086996316909,0.6080781191587448,0.5903896391391754,0.5722499340772629,0.5555223971605301,0.5363342106342316,0.5230554148554802,0.5059350401163101,0.48449306190013885,0.4661953240633011,0.4503881365060806,0.43531214594841006,0.41896634101867675,0.3970873817801476,0.38074113726615905,0.3595430314540863,0.34602746069431306,0.32721189707517623,0.30859203189611434,0.2911800920963287,0.2750069037079811,0.25591749846935274,0.23672334775328635,0.22277460619807243,0.2020336776971817,0.18660980090498924,0.16988659277558327,0.1530730716884136,0.138257297873497,0.12676894441246986,0.11080217510461807,0.09913421496748924,0.08108550086617469,0.07977934293448925,0.08054906837642192,0.0,0.07130358144640922,0.07796223126351834,0.09246567972004413,0.10435503125190734,0.10352691039443015,0.11638732105493546,0.12947474047541618,0.14050559401512147,0.15465255528688432,0.1668126940727234,0.17891823574900628,0.1900814488530159,0.20494156703352928,0.21731236949563026,0.22918440252542496,0.24129609316587447,0.2542911313474178,0.2656870514154434,0.2783568695187569,0.2895486131310463,0.3012332409620285,0.3120961219072342,0.32311784774065017,0.33361002504825593,0.34471492618322375,0.35566970705986023,0.36707550585269927,0.3766190320253372,0.38684936463832853,0.3967885211110115,0.40839601755142213,0.41758008152246473,0.4266682744026184,0.43893932849168776,0.4477678626775742,0.45623117685317993,0.4677910372614861,0.4778239741921425,0.4882334068417549,0.49816125482320783,0.5082838281989097,0.5183401226997375,0.5283541947603225,0.5411170661449433,0.5535246908664704,0.5663636922836304,0.5797803372144699,0.5966675817966461,0.6211463004350662
t_48,1.4068836629390717,1.405742084980011,1.4066268026828765,1.405176144838333,1.4043106853961944,1.4034461498260498,1.4017232060432434,1.4001599729061127,1.3979219198226929,1.397067940235138,1.3956012725830078,1.3939334332942963,1.3935219168663024,1.3916253745555878,1.3912174820899963,1.3890596687793733,1.3868861556053163,1.3851557672023773,1.3842326402664185,1.382209587097168,1.3800997257232666,1.3796317756175995,1.3776823163032532,1.375221961736679,1.373047059774399,1.3717760562896728,1.370824122428894,1.367819184064865,1.3658723413944245,1.3643724083900453,1.3614908576011657,1.3598760902881621,1.3571831166744233,1.3548986613750458,1.3518970310688019,1.3486682653427124,1.3470421135425568,1.343572551012039,1.341677963733673,1.3384637475013732,1.3360338985919953,1.3317715883255006,1.3286008894443513,1.326516443490982,1.3219172596931457,1.3181566894054413,1.3142414331436156,1.3104286193847656,1.306382703781128,1.3027227222919464,1.2976507186889648,1.2927620172500611,1.2881268084049224,1.2836929500102996,1.277999073266983,1.2729207754135132,1.2674333691596984,1.2620046138763428,1.2570665895938873,1.250673246383667,1.2437704801559448,1.2373540699481964,1.2319916427135467,1.2248692274093629,1.2185704946517943,1.2127115964889525,1.2056929051876069,1.1974600672721862,1.1928231358528136,1.1862173795700073,1.1793697774410248,1.1701031088829041,1.1633769392967224,1.1572701811790467,1.1486123979091645,1.1403183162212371,1.132725143432617,1.1231815457344054,1.1138701796531678,1.1050335943698884,1.097189074754715,1.0880996763706208,1.0758841037750244,1.066878318786621,1.0568752050399781,1.048737770318985,1.0370496034622192,1.0273152768611908,1.0154681354761124,1.0041482269763946,0.993627279996872,0.9817840844392777,0.9699205100536347,0.9580516576766968,0.9452711313962936,0.9342945903539658,0.9197797268629074,0.9067188829183579,0.8926158457994461,0.8769707322120667,0.8654223412275315,0.8507080346345901,0.8374260038137435,0.8217324018478394,0.8099591761827469,0.7936723798513412,0.7795727282762528,0.7633886814117432,0.7482132881879806,0.7325709521770477,0.7183997094631195,0.7004401534795761,0.686150997877121,0.6689784407615662,0.6521187067031861,0.6347068399190903,0.6174458265304565,0.6001195669174194,0.5823390543460846,0.5653039991855622,0.5470738917589187,0.5335732668638229,0.5162379771471024,0.4960758060216904,0.4779523238539696,0.4621459499001503,0.4461843237280846,0.42985680848360064,0.40913882702589033,0.39350164234638213,0.3730380475521088,0.3587794840335846,0.34095739424228666,0.3222477599978447,0.3048595517873764,0.2880540117621422,0.2695538341999054,0.2507898598909378,0.23606019988656043,0.21704724580049514,0.20012034252285957,0.18330997750163078,0.16722282245755196,0.15252532735466956,0.14029150158166886,0.12400471903383732,0.11014654971659184,0.0947756826877594,0.08709021843969822,0.07916832193732262,0.07130358144640922,0.0,0.07454444095492363,0.07704708836972714,0.08715876117348671,0.09335366897284984,0.10255250744521618,0.11497479006648063,0.12797748371958734,0.14205667600035668,0.1525955989956856,0.164499618858099,0.17567807361483573,0.1912134937942028,0.20339026153087617,0.213312791287899,0.22583805099129678,0.24024411514401436,0.25140632390975953,0.2644434466958046,0.27511216402053834,0.28730577379465105,0.2979128360748291,0.30884363651275637,0.3199698209762573,0.3308988600969315,0.3418717265129089,0.35413406789302826,0.3637411788105965,0.3739830881357193,0.3830105349421501,0.3960340067744255,0.4051693856716156,0.41381263732910156,0.42655413001775744,0.43518792688846586,0.444584833085537,0.4560316979885101,0.4659398585557938,0.4768125578761101,0.486375167965889,0.4975424215197563,0.5078550234436989,0.5178367704153061,0.5312548190355301,0.5437400430440903,0.5569648414850235,0.570373073220253,0.5876036912202836,0.6133729547262192
t_47,1.4057363033294679,1.404621285200119,1.405511635541916,1.4040798008441926,1.4032335579395294,1.4023930847644805,1.400697785615921,1.3991625547409057,1.3969657838344574,1.3961335957050323,1.3946859121322632,1.3930472075939178,1.3926529705524444,1.390796858072281,1.390410453081131,1.3882982850074768,1.3861697912216187,1.3844723343849181,1.3835736870765687,1.3815946400165557,1.3795284986495973,1.3790697038173676,1.3771625280380249,1.374753910303116,1.372603189945221,1.3713516235351562,1.3704387366771698,1.3674718856811523,1.3655607044696807,1.364071923494339,1.361256629228592,1.3596637487411498,1.3570394277572633,1.3547721266746522,1.3518220782279968,1.3486322343349457,1.3470171213150024,1.343583530187607,1.3417153716087342,1.3385563910007476,1.3361437439918518,1.3319291412830352,1.3288055121898652,1.3267138481140137,1.3221623122692108,1.3184501230716705,1.3145671367645264,1.310773503780365,1.3067828834056854,1.3031376838684081,1.2981143116950988,1.2932740330696106,1.2887101233005525,1.2843208491802216,1.2786685883998872,1.2736254572868346,1.268180114030838,1.2628439247608185,1.2579859137535094,1.2515742540359498,1.244795173406601,1.2383955657482146,1.2331206142902373,1.226060402393341,1.2198027670383453,1.2140490591526032,1.2071337401866913,1.1988980948925019,1.1943836331367492,1.1878139853477478,1.181029921770096,1.1718497455120087,1.1653005957603455,1.1592258632183075,1.1506402254104615,1.142429953813553,1.13492294549942,1.1254127621650696,1.1162269473075868,1.1075587928295136,1.0998011589050294,1.0909202873706818,1.0787404537200929,1.0699197471141815,1.0599795043468476,1.051899915933609,1.0404505610466004,1.0307606041431427,1.0191303580999374,1.007770863175392,0.9976060122251511,0.9856829166412353,0.9739454984664917,0.9625359952449799,0.949654969573021,0.9387060344219208,0.9244068711996078,0.9115026891231537,0.8976817905902863,0.8822111755609512,0.871023228764534,0.8561605662107468,0.8431274265050888,0.8278627961874008,0.8162373930215836,0.7998841136693955,0.7858534157276154,0.7698756068944931,0.7549302071332932,0.7396338820457459,0.7260011583566666,0.7078615635633468,0.6943889617919922,0.6767039984464646,0.6603527545928956,0.6432313919067383,0.625916576385498,0.6086944609880447,0.5911376863718033,0.574729073047638,0.5562862753868103,0.5431309551000595,0.5265907019376754,0.5059771120548249,0.4881178095936775,0.47257092744112017,0.4579791158437729,0.4419020041823387,0.4207881957292557,0.4051581084728241,0.3843319371342659,0.37109058201313017,0.35270659178495406,0.33471671789884566,0.3174456089735031,0.3015753224492073,0.2822710111737251,0.2634999454021454,0.24930790960788726,0.22964167073369027,0.21427395641803743,0.19577510431408882,0.18148916065692902,0.16423238590359687,0.1522027112543583,0.13636071979999542,0.12332749031484128,0.10667666345834732,0.09506697431206704,0.09421869702637195,0.07796223126351834,0.07454444095492363,0.0,0.0794481385499239,0.09057039022445679,0.08410368673503399,0.09561266079545021,0.10586526691913604,0.11551740169525146,0.12746016792953013,0.14039313346147536,0.15269136652350426,0.162875734269619,0.17847563549876214,0.19094643965363503,0.2012744091451168,0.21328846588730813,0.2265164978802204,0.23889100551605225,0.2514460518956184,0.26314226984977723,0.2743524268269539,0.28500387370586394,0.2968434691429138,0.30710365027189257,0.31861342042684554,0.32962382435798643,0.34130407124757767,0.3512240633368492,0.36184331178665163,0.3718436315655708,0.3836906239390373,0.39372718185186384,0.4024903208017349,0.415503191947937,0.424706856906414,0.4331479802727699,0.4451832786202431,0.45561573952436446,0.46642681807279585,0.4767660528421402,0.4869048669934273,0.4975078657269478,0.5078025206923484,0.5212330967187881,0.5336616933345795,0.5472217947244644,0.5611225098371506,0.5787188291549683,0.6045806854963303
t_46,1.4085318207740785,1.407419902086258,1.4082843959331512,1.4068535447120667,1.4060122966766357,1.4051492035388946,1.4034679353237152,1.4019420206546784,1.3997335970401763,1.3988905489444732,1.397459626197815,1.3958395302295685,1.395425909757614,1.3935693085193634,1.3931683778762818,1.3910663843154907,1.3889150619506836,1.387236350774765,1.386338824033737,1.3843653619289398,1.3822989463806152,1.3818680047988892,1.3799647212028503,1.377549308538437,1.3754315316677093,1.374189817905426,1.3732700884342193,1.3703448057174683,1.368446981906891,1.3669972836971283,1.3641890347003938,1.3626293241977692,1.359980708360672,1.3577618956565858,1.3548301339149476,1.3516821563243866,1.350090891122818,1.3467123091220856,1.344869428873062,1.3417102992534637,1.3393647611141204,1.335194432735443,1.332094568014145,1.3300537109375,1.3255700170993805,1.3218661427497864,1.3180508255958556,1.3143261611461639,1.3103938579559327,1.3068134486675262,1.3018453896045685,1.297078788280487,1.2925459027290345,1.2881945550441742,1.2826370000839233,1.2776823341846466,1.2723139703273774,1.266980242729187,1.2621326327323914,1.2559076964855194,1.2491279363632202,1.242855042219162,1.2375769555568694,1.2306030690670013,1.2244634628295898,1.2186907589435578,1.2118076384067535,1.2037728607654572,1.1992167711257935,1.1927785694599151,1.1860598504543305,1.17700315117836,1.1703632771968842,1.164417850971222,1.155940705537796,1.147810834646225,1.1403978168964386,1.1310654819011687,1.1219713985919952,1.1132825136184692,1.1056412518024445,1.096714437007904,1.0848028063774109,1.0759481847286225,1.066173404455185,1.0582741856575013,1.0468135595321655,1.0373087286949159,1.0257520496845245,1.0147666811943055,1.0043787121772767,0.9928992182016373,0.981294471025467,0.9696209043264389,0.9572660595178604,0.9466311275959015,0.9323917090892792,0.9196616619825363,0.9058866441249848,0.8905846983194351,0.8793208777904511,0.865092882514,0.8520716369152069,0.836709588766098,0.8252137362957,0.8094577789306641,0.795836153626442,0.7800842702388764,0.7652251809835434,0.7500235676765442,0.7360362231731414,0.7187206476926804,0.7046406239271163,0.6881919503211975,0.6716568976640701,0.6546820789575577,0.6380673557519912,0.6212175756692886,0.6039738327264785,0.587167552113533,0.5696267664432526,0.5565224260091781,0.5393126398324967,0.5197645127773285,0.5022224158048629,0.4869214028120041,0.47072925567626955,0.4550305873155594,0.4349206954240799,0.4194881960749626,0.39971703141927717,0.38547154515981674,0.36815780848264695,0.3500029742717743,0.3332232564687729,0.3167669415473938,0.29823127835989,0.28010507822036745,0.26436619758605956,0.24654016345739366,0.23075934275984764,0.21188836619257928,0.19781433865427972,0.18262222334742545,0.1675625190138817,0.1524479530751705,0.13891912177205085,0.12332875579595566,0.11220247074961662,0.09885090328752995,0.09246567972004413,0.07704708836972714,0.0794481385499239,0.0,0.07268247939646244,0.08341838754713535,0.08710529133677483,0.09586229361593723,0.10750674158334732,0.11851712800562382,0.13044124022126197,0.14056640043854712,0.1513557828962803,0.16632886230945587,0.1776934012770653,0.18685171604156495,0.19969787672162057,0.21390061676502228,0.22542168870568274,0.23865421190857888,0.24979959651827813,0.26159375309944155,0.27208675593137743,0.2833500176668167,0.29534605890512466,0.305712154507637,0.3172446027398109,0.3298648089170456,0.3399660050868988,0.35038613229990007,0.35930821895599363,0.372939233481884,0.3818294733762741,0.39117107093334197,0.40376102924346924,0.4126098737120628,0.4229044884443283,0.43454739898443223,0.4445236071944237,0.4555561751127243,0.4653685256838799,0.4773850366473198,0.4881947532296181,0.49833804070949556,0.5124162852764129,0.5254438102245331,0.5392938047647476,0.5531113892793655,0.5709615588188172,0.5979766756296158
t_45,1.410033404827118,1.4089185357093812,1.4097816050052643,1.4083407700061799,1.4074968814849853,1.4066095054149628,1.4049258708953858,1.4033986151218414,1.40118328332901,1.4003404438495637,1.398904275894165,1.3972781300544739,1.3968618273735047,1.3950008511543275,1.3945875644683838,1.3924889981746673,1.390326577425003,1.388660764694214,1.387763249874115,1.385778784751892,1.3837121963500976,1.3832961082458497,1.3814018011093139,1.3789900302886964,1.3768858015537262,1.375655508041382,1.3747199714183806,1.3718250691890717,1.3699159145355224,1.3684939801692964,1.3657013595104217,1.3641550898551942,1.361500895023346,1.3593341052532195,1.356436586380005,1.353318691253662,1.3517446279525758,1.3484136939048768,1.3465978622436523,1.3434546709060669,1.341154980659485,1.3370408236980438,1.3339685022830963,1.3319576382637024,1.3275607526302338,1.3238598585128785,1.3200879335403441,1.3164439022541046,1.3125739693641663,1.3090452551841736,1.3041308760643004,1.299436354637146,1.294964462518692,1.2906322181224823,1.2851930856704712,1.2802868247032166,1.2750150859355927,1.2696849405765533,1.2648867964744568,1.2588154673576355,1.2520675778388977,1.2458608269691467,1.240616148710251,1.2337468445301056,1.2277338206768036,1.2219699442386627,1.2151206612586976,1.2072296142578125,1.2027047634124757,1.1963689386844636,1.18972247838974,1.1807749271392822,1.174103808403015,1.1682945728302,1.159947121143341,1.1519118130207062,1.1445739150047303,1.1353720366954803,1.126370906829834,1.1177549421787263,1.1101829707622528,1.1012474477291108,1.0895714223384858,1.0807313919067383,1.0710816264152527,1.0633572340011597,1.0518775939941407,1.0425829589366913,1.031092968583107,1.0203324139118195,1.009887120127678,0.9987421870231629,0.9872579663991928,0.9754568755626678,0.9634161531925202,0.9529529750347138,0.9388844519853592,0.9263404250144959,0.9126344144344329,0.8975309312343598,0.8862158209085464,0.8723712682723999,0.8595232784748077,0.8440815955400467,0.8328009098768234,0.8173941969871521,0.8039782822132111,0.7885144114494324,0.7737554877996444,0.7585988014936447,0.7445283651351928,0.7276872366666793,0.7134621769189835,0.6975346833467484,0.6811145871877671,0.6643468528985977,0.6480563879013062,0.631590548157692,0.6146135181188583,0.5977234691381454,0.5806965351104736,0.5676601380109787,0.550282460451126,0.5315017223358154,0.5142601117491722,0.4990941196680069,0.4820558696985245,0.4667429581284523,0.4472530260682106,0.43219222575426103,0.41310404390096667,0.39839388281106947,0.3817996844649315,0.36381941437721255,0.34728376418352125,0.33046696335077286,0.31233650594949725,0.29457723498344424,0.27794907838106153,0.26182067692279815,0.24502565637230872,0.2272772803902626,0.21277894005179404,0.19854748174548148,0.18210525289177895,0.16881839483976363,0.15238182842731476,0.13816873952746392,0.12621479257941245,0.10849977880716324,0.10435503125190734,0.08715876117348671,0.09057039022445679,0.07268247939646244,0.0,0.08290815241634845,0.08443994075059891,0.0902162604033947,0.10095181837677955,0.11052862480282784,0.12116545476019383,0.13011763319373132,0.1410986639559269,0.15506611466407777,0.1666027881205082,0.17458268031477928,0.18687566593289376,0.20293353572487832,0.21303238347172737,0.22743260040879248,0.23775793388485908,0.2497758984565735,0.26008169203996656,0.27095998972654345,0.28375500738620757,0.29412792474031446,0.30504306554794314,0.3189140990376472,0.32875672578811643,0.33919248878955843,0.34735399633646014,0.3622154012322426,0.3709601417183876,0.38001073598861695,0.3929575115442276,0.4016982078552246,0.4128324121236801,0.4243912875652313,0.4341220289468765,0.4455776959657669,0.45516609102487565,0.468057481944561,0.4792323067784309,0.48920354545116423,0.5037445038557052,0.5171217262744904,0.5313520312309266,0.5449918001890183,0.5632023245096207,0.5914348244667054
t_44,1.4084083974361419,1.4073365569114684,1.408200877904892,1.4067991077899933,1.4059857368469237,1.4051555275917054,1.4035212457180024,1.4020370304584504,1.399891471862793,1.3990829348564149,1.397694331407547,1.3961161851882935,1.3957269668579102,1.39394508600235,1.3935725510120391,1.3915398955345153,1.3894645035266877,1.3878582656383514,1.3869983673095703,1.3850910902023315,1.3830927729606628,1.382677388191223,1.380842423439026,1.3785107016563416,1.3764392614364624,1.3752336621284484,1.3743717193603515,1.3715101778507233,1.3696615099906921,1.368250584602356,1.3655278742313386,1.363990169763565,1.3614401817321777,1.359248900413513,1.3563932716846465,1.3533051133155822,1.351740151643753,1.3484204590320588,1.3466214776039123,1.3435408473014832,1.3412154734134674,1.3371153116226195,1.3340889751911162,1.3320548474788665,1.3276645600795747,1.3240200340747834,1.3202609956264495,1.3165902733802795,1.3127413034439086,1.309206050634384,1.30433509349823,1.299637681245804,1.2952274560928345,1.290952479839325,1.2854735672473907,1.2806071639060974,1.275324523448944,1.2701399147510528,1.2654246985912323,1.2592463672161103,1.252642673254013,1.2464288592338562,1.2413100719451904,1.2344672620296477,1.2284289360046388,1.2228482782840728,1.216127598285675,1.2081729412078857,1.2037892758846283,1.1974377989768983,1.1908694088459015,1.1819635093212129,1.1755948126316071,1.1697287917137147,1.1614103019237518,1.153474175930023,1.1462039291858672,1.1369978070259095,1.1281248688697816,1.1197192192077636,1.112238609790802,1.1036530792713166,1.0918404817581178,1.0833059966564178,1.073710072040558,1.0659038722515106,1.0548419177532196,1.0454862058162688,1.034239614009857,1.0233059704303742,1.013433262705803,1.0019553482532502,0.9906052559614181,0.9795664519071579,0.9671783834695816,0.9566347450017929,0.9428005188703537,0.9303395420312881,0.9170177638530731,0.902029687166214,0.8913084179162979,0.8770093560218811,0.864416030049324,0.8497060835361481,0.8385348796844483,0.8228194624185562,0.8093662798404694,0.793974906206131,0.7795515418052673,0.7648742169141769,0.7516563177108765,0.7343485921621322,0.7213142186403274,0.7043641269207,0.6885933846235275,0.6721449136734009,0.6554877549409867,0.6389908224344254,0.6220678240060806,0.6062253415584564,0.588566991686821,0.5759258240461349,0.5598793506622315,0.5401020318269729,0.5228661239147187,0.507917606830597,0.49356105774641035,0.47830682396888735,0.4577938660979271,0.44264693558216095,0.42261179387569425,0.40971195250749587,0.39197409301996233,0.3741889759898186,0.3575996205210686,0.34209424406290057,0.32323065400123596,0.30501405745744703,0.2911535888910294,0.2716377317905426,0.25588353946805,0.23777543604373932,0.22283179238438605,0.20658252611756325,0.1934224210679531,0.177364082634449,0.16220898926258087,0.14331439584493638,0.13215216025710105,0.12332228496670723,0.10352691039443015,0.09335366897284984,0.08410368673503399,0.08341838754713535,0.08290815241634845,0.0,0.06636005118489266,0.07544894628226757,0.07820519246160984,0.08990276791155338,0.10308103077113628,0.11102575100958348,0.12078849822282792,0.13744762688875198,0.147648224234581,0.16023085564374923,0.17196620255708694,0.18523351922631265,0.1962093397974968,0.21012632697820663,0.22133410945534707,0.23324211835861205,0.24466948881745337,0.25639825463294985,0.2670765891671181,0.27917712181806564,0.29012581557035444,0.3028446674346924,0.3126283198595047,0.32383531481027605,0.3344938263297081,0.34686427414417265,0.3567246302962303,0.3665020868182182,0.3799060046672821,0.38949848115444186,0.3987876161932945,0.4111240401864052,0.4220916539430618,0.43339150696992873,0.4440892577171326,0.45514634251594543,0.4663427621126175,0.4772209018468857,0.49144977480173113,0.5047801807522774,0.5192892968654632,0.534056031703949,0.55275958776474,0.5804375439882279
t_43,1.409547209739685,1.4084661781787873,1.4093196213245391,1.407919132709503,1.4070900857448578,1.4062494158744812,1.40460461974144,1.4031113028526305,1.400963044166565,1.400140368938446,1.3987443566322326,1.3971592605113983,1.3967598736286164,1.3949543058872222,1.3945561289787292,1.392500138282776,1.3904061317443848,1.3887666463851929,1.3878956854343414,1.3859578490257263,1.383945345878601,1.3835230469703674,1.381680327653885,1.3793242752552033,1.3772521793842316,1.3760422885417938,1.3751535654067992,1.3722952425479888,1.370439064502716,1.369030910730362,1.3662844240665435,1.364757776260376,1.3621784448623657,1.360012447834015,1.3571565270423889,1.3540722906589509,1.3525278985500335,1.349217301607132,1.3474217653274536,1.344336599111557,1.3420538187026978,1.337972754240036,1.3349403619766236,1.3329572975635529,1.3285819947719575,1.3249649286270142,1.3212438523769379,1.3176043331623077,1.3137722313404083,1.3102774560451507,1.3054474949836732,1.3007840752601623,1.2963804125785827,1.2921474039554597,1.286728185415268,1.2819033503532409,1.2766696512699127,1.2714906573295592,1.2667865037918091,1.2607045710086822,1.2541241288185119,1.2480096399784089,1.24289813041687,1.236113429069519,1.23013596534729,1.2245498061180116,1.2178855538368225,1.210031694173813,1.205619114637375,1.1993508815765381,1.1928254127502442,1.184002661705017,1.1775994777679444,1.171800321340561,1.1635488510131835,1.1556752622127533,1.1484837114810944,1.139395636320114,1.13055939078331,1.1221634328365326,1.1147383511066438,1.1061431467533112,1.0945073127746583,1.0859783828258514,1.076477575302124,1.06879181265831,1.0577481985092163,1.0485045313835144,1.0373017579317092,1.0265956193208694,1.016671073436737,1.0054191946983337,0.9941637575626373,0.983052933216095,0.9709510385990143,0.960545289516449,0.9468158185482025,0.9344830185174942,0.9212863564491272,0.9064572215080261,0.8956586182117462,0.8817308068275451,0.8692884355783462,0.8545776546001435,0.8434724241495133,0.8281364798545837,0.8148704171180725,0.7996160596609115,0.7853468656539917,0.7708011627197265,0.7575747579336166,0.7406623095273972,0.7273594081401825,0.7111646890640259,0.6954367965459823,0.6790452063083648,0.6628470808267594,0.6465685576200485,0.6298314452171325,0.6140419095754623,0.5967829197645187,0.5842296332120895,0.5681588232517243,0.5490379989147186,0.5319902092218399,0.5172297596931458,0.5026241958141326,0.4872181832790375,0.46766696125268936,0.4526542693376541,0.4331974670290947,0.4199868753552437,0.4028602853417397,0.38516929000616074,0.3685416355729103,0.35295753479003905,0.3348639339208603,0.31677672266960144,0.30237042903900146,0.2837921276688576,0.2679510354995728,0.25070692151784896,0.23512510806322098,0.21950599402189255,0.20563043281435966,0.1898707203567028,0.17341248840093612,0.15775834023952484,0.14588122963905334,0.13247658610343932,0.11638732105493546,0.10255250744521618,0.09561266079545021,0.08710529133677483,0.08443994075059891,0.06636005118489266,0.0,0.06966885700821876,0.07116863094270229,0.0836484856903553,0.09096668884158135,0.10040455870330334,0.10808171033859253,0.12563382647931576,0.13526700139045716,0.145624977350235,0.15801505446434022,0.17263516187667846,0.18300992399454116,0.19668900966644287,0.20770676359534263,0.2201952800154686,0.23136265203356743,0.2425134465098381,0.25424533188343046,0.2657513990998268,0.27760475873947144,0.2904950439929962,0.3005534648895264,0.31142921894788744,0.321355938911438,0.33500839918851855,0.3446416050195694,0.35441945493221283,0.3678932756185532,0.37720765471458434,0.38722955733537673,0.39958335310220716,0.4105519652366638,0.4221262365579605,0.43272486627101897,0.44460070729255674,0.4557920008897781,0.46704345047473905,0.48150871098041537,0.4953052490949631,0.5098338201642036,0.5248259276151657,0.54388547539711,0.5723817437887192
t_42,1.4090219974517821,1.407958096265793,1.408804053068161,1.407406097650528,1.4066001296043396,1.405757737159729,1.4041437745094298,1.4026622235774995,1.4005303502082824,1.3997196555137634,1.3983358442783356,1.3967697858810424,1.3963668584823608,1.3945810317993164,1.3941945075988769,1.3921752214431762,1.3901094913482666,1.3885051369667054,1.3876457214355469,1.3857387065887452,1.3837589025497437,1.3833504796028138,1.3815269947052002,1.379209041595459,1.3771659672260284,1.3759753465652467,1.375107181072235,1.3722878396511078,1.3704549372196198,1.3690730452537536,1.3663661420345306,1.3648564100265503,1.3623103082180024,1.3601736664772033,1.3573467791080476,1.354292619228363,1.3527520895004272,1.3494802117347717,1.3477001368999482,1.3446422457695006,1.3423796057701112,1.3383465230464935,1.3353466510772705,1.3333730518817901,1.3290546834468842,1.3254590451717376,1.321759295463562,1.3181666553020477,1.3143787205219268,1.3109151482582093,1.3061225175857545,1.3015199720859527,1.2971773982048034,1.2929627776145936,1.2876067161560059,1.2828309297561646,1.277650886774063,1.2725224018096923,1.267872965335846,1.2618458986282348,1.2553468704223634,1.2492741167545318,1.24420884847641,1.2375037670135498,1.2315856039524078,1.226062399148941,1.2194605410099029,1.2116746485233307,1.2073114931583404,1.2011090576648713,1.1946483254432678,1.185918641090393,1.1795654952526093,1.1738138914108276,1.1656636416912078,1.1578586459159852,1.1507287204265595,1.1417254328727722,1.1330040574073792,1.124691891670227,1.117371416091919,1.108831137418747,1.0973556160926818,1.0888862013816833,1.079501473903656,1.071898341178894,1.0609671771526337,1.0518301665782928,1.0407869875431062,1.0302000254392625,1.020365473628044,1.0092811971902846,0.9981686025857925,0.9871670007705688,0.975208368897438,0.9649586468935013,0.9513731718063354,0.9392412185668946,0.9261768102645874,0.9115705907344818,0.9009377151727677,0.8871433943510055,0.8748200088739395,0.8603219985961914,0.8493369698524476,0.8341529309749603,0.8210819453001023,0.8061171382665634,0.7920177638530731,0.7776101589202881,0.764579227566719,0.7478001773357391,0.7347898960113526,0.7186713248491288,0.7031865328550339,0.687078395485878,0.671111798286438,0.6550171643495559,0.6385862171649933,0.6229133129119873,0.6059613227844238,0.5935502797365189,0.5775839626789093,0.558677339553833,0.5419335186481475,0.5274585336446762,0.5127024710178375,0.4977104991674423,0.4784095361828804,0.4635962650179863,0.44431363195180895,0.43112277388572695,0.41414059400558473,0.3969333365559578,0.38053023964166643,0.3651218071579933,0.34670443683862684,0.3289256140589714,0.3145517572760582,0.2963153049349785,0.2809335932135582,0.26343826204538345,0.24848027303814887,0.23303809389472008,0.21839786246418952,0.2029910758137703,0.18582153543829918,0.1705250062048435,0.15778543278574944,0.14334268867969513,0.12947474047541618,0.11497479006648063,0.10586526691913604,0.09586229361593723,0.0902162604033947,0.07544894628226757,0.06966885700821876,0.0,0.0703175574541092,0.07359527759253978,0.07992586717009545,0.0920917171984911,0.09799914620816708,0.11110136471688747,0.12293895930051804,0.13257897198200225,0.14562890082597732,0.15869596228003502,0.17011243402957915,0.18374765962362288,0.19511859342455865,0.20705542638897895,0.21783319488167763,0.22885436564683914,0.24143051877617835,0.25264373421669006,0.26441773772239685,0.2778624758124352,0.28768265545368193,0.2992657497525215,0.3087890923023224,0.32268321663141253,0.33251888304948807,0.3422190651297569,0.3560770511627197,0.36555779427289964,0.37573631256818774,0.38826534152030945,0.3992816865444183,0.4110981062054634,0.42187639474868777,0.4339100494980812,0.44549487084150313,0.4566332921385765,0.47160355001688004,0.4854860186576843,0.5005151063203812,0.5156658083200455,0.5350422471761703,0.5643713712692261
t_41,1.409739124774933,1.4086969494819641,1.4095392286777497,1.4081643879413606,1.4073653161525725,1.4065442562103272,1.404947578907013,1.4034916460514069,1.4013895094394684,1.4005896031856537,1.3992244899272919,1.39769144654274,1.3973040223121642,1.3955546379089356,1.3951820194721223,1.3931958734989167,1.3911623060703278,1.389582520723343,1.3887398779392242,1.3868657946586609,1.3849104702472688,1.384510624408722,1.3827221274375916,1.380430316925049,1.3784176707267761,1.3772393882274627,1.3763908326625824,1.373598963022232,1.3717916011810303,1.3704227805137634,1.3677477419376374,1.3662563145160675,1.363752156496048,1.361629033088684,1.3588258028030396,1.3558037638664246,1.3542755663394928,1.3510293364524841,1.349271261692047,1.3462385416030884,1.343986016511917,1.3399846792221068,1.3370187878608704,1.3350491166114806,1.3307623505592345,1.327200448513031,1.3235332667827606,1.319951170682907,1.3161998450756074,1.3127653419971466,1.3080111384391784,1.3034376442432403,1.2991390943527221,1.2949796915054321,1.289648962020874,1.2849163591861725,1.279766434431076,1.2747077524662018,1.2701156616210938,1.2640963256359101,1.257671171426773,1.251634120941162,1.246631246805191,1.2399700999259948,1.2340933561325074,1.228645145893097,1.2221242249011994,1.2143849015235901,1.2101007640361785,1.2039394676685333,1.1975380718708037,1.1888837277889253,1.182656079530716,1.1769458591938018,1.1688557267189026,1.161131739616394,1.1540807425975799,1.1451538920402526,1.136527991294861,1.1283071994781495,1.1210800230503082,1.1126956045627594,1.1012366235256195,1.0929271757602692,1.0836067140102386,1.0760336518287659,1.0653216779232024,1.05621799826622,1.0453261375427245,1.0347769260406494,1.0251744866371155,1.014043742418289,1.0030418068170548,0.9923479914665222,0.980390390753746,0.9702010303735733,0.956768798828125,0.9447267353534698,0.9318913459777832,0.9173808097839355,0.9069720387458802,0.8931766897439957,0.8810776442289352,0.8668587386608124,0.8560365110635757,0.8408830761909485,0.8279151856899262,0.8130378812551499,0.7991477668285369,0.7850301712751389,0.7723546922206879,0.755633196234703,0.742981880903244,0.7268367946147919,0.7116599231958389,0.6956552892923356,0.679785305261612,0.6638163208961487,0.6475103855133056,0.6323548197746277,0.6152976363897323,0.60320343375206,0.5877777010202407,0.5686924070119858,0.5521298468112945,0.5378397136926651,0.5240590631961822,0.5091238245368004,0.4896180808544159,0.4750288426876068,0.4556814983487129,0.4431620478630066,0.42601094096899034,0.4090353175997734,0.39280734658241273,0.3778204172849655,0.359930919110775,0.34203055053949355,0.3278989210724831,0.3093488037586212,0.2941063165664673,0.27671296447515487,0.2616901516914368,0.2455100916326046,0.23157386034727095,0.21632848754525186,0.20065266862511635,0.18347240015864372,0.17080884873867036,0.15911812856793403,0.14050559401512147,0.12797748371958734,0.11551740169525146,0.10750674158334732,0.10095181837677955,0.07820519246160984,0.07116863094270229,0.0703175574541092,0.0,0.06838635988533497,0.07538247443735599,0.07900969013571739,0.0853053316473961,0.10253495201468468,0.11091859191656113,0.12203165888786316,0.1330787070095539,0.14582947865128518,0.15651156455278398,0.17034169510006905,0.18220353797078132,0.19363447576761245,0.2050664432346821,0.2168795071542263,0.22852409780025482,0.24026136174798013,0.2522504352033138,0.2652081027626991,0.2755504041910172,0.28641176223754883,0.2974753022193909,0.3105637222528458,0.3204561352729797,0.3310363829135895,0.34439668953418734,0.35444899648427963,0.3641973569989204,0.3772798880934715,0.38865323215723035,0.40046285688877103,0.41174100488424303,0.4233606785535812,0.43506254106760023,0.44668598771095275,0.4614779785275459,0.4757478579878807,0.4909421309828758,0.5067044883966446,0.5265428245067596,0.5558866411447525
t_40,1.4101836502552032,1.4091597735881805,1.4099946796894074,1.4086339592933654,1.407850992679596,1.4070428729057312,1.4054734647274016,1.4040404856204987,1.4019631505012513,1.4011783301830292,1.399828553199768,1.3983169853687287,1.3979319095611573,1.3962188124656678,1.395853054523468,1.3939009487628937,1.3918848216533661,1.3903403103351593,1.3895036697387695,1.3876621007919312,1.3857260942459106,1.3853427410125732,1.3835756599903106,1.3813064634799956,1.3793137490749359,1.3781527757644654,1.377324068546295,1.3745727479457854,1.3727874517440797,1.371443772315979,1.368810087442398,1.36733518242836,1.3648694813251496,1.3627783536911011,1.3600201249122619,1.3570239186286925,1.3555192351341248,1.3523115932941436,1.3505731165409087,1.3475747048854827,1.3453605413436889,1.341392320394516,1.338457030057907,1.3365129709243775,1.33228000998497,1.3287539958953858,1.3251196086406707,1.3215837180614471,1.3178829371929168,1.3144834339618683,1.309774774312973,1.3052518486976623,1.3010038316249848,1.2968659043312072,1.2916008532047272,1.2869081497192383,1.2818215131759643,1.2768061339855195,1.2722653985023498,1.2663009762763977,1.2599416553974152,1.253949862718582,1.2489953219890595,1.2424008905887605,1.2365980684757232,1.2311974048614502,1.2247283220291139,1.217061275243759,1.2128339946269988,1.2067334711551667,1.2003955781459807,1.191822212934494,1.1856565475463867,1.1800148725509643,1.1720177590847016,1.1643652737140655,1.1573735654354096,1.1485186398029328,1.1399933099746704,1.1318496406078338,1.124707245826721,1.1163965046405793,1.1050704002380372,1.0968464374542237,1.0876162886619567,1.0801695227622985,1.0695508539676666,1.0605567395687103,1.0497822284698486,1.039365953207016,1.029867735505104,1.018879783153534,1.0080061435699463,0.9974284470081329,0.9856042742729187,0.9755282908678055,0.9622537642717361,0.9503495067358017,0.9376858681440353,0.9233187317848206,0.9130546092987061,0.899422150850296,0.8874277919530869,0.8733819901943207,0.8626705229282379,0.847725972533226,0.8349385321140289,0.820293864607811,0.8065273344516755,0.7925868898630142,0.7800274729728699,0.7635374397039414,0.7510642856359482,0.7350606232881546,0.7200696498155594,0.7043595969676971,0.6886376678943634,0.6729439675807953,0.6568875342607499,0.6418052673339844,0.6250378072261811,0.6130982160568237,0.5977921575307846,0.579024487733841,0.5626734375953675,0.5485863029956818,0.5347820430994034,0.5202448219060898,0.5009640380740166,0.48650241792202,0.46738560795783995,0.4549693375825882,0.4380643889307976,0.42130516171455384,0.4054055750370026,0.3905319333076477,0.37240940034389497,0.3548833906650543,0.3407876804471016,0.3225314855575562,0.30772061794996264,0.2897679939866066,0.27562931925058365,0.2595521718263626,0.24510961920022964,0.22992803081870078,0.21418182775378228,0.19706522449851036,0.1841313898563385,0.17151105776429176,0.15465255528688432,0.14205667600035668,0.12746016792953013,0.11851712800562382,0.11052862480282784,0.08990276791155338,0.0836484856903553,0.07359527759253978,0.06838635988533497,0.0,0.06886461973190308,0.07599757425487041,0.0789359699934721,0.0916449211537838,0.09989148452877998,0.10793081521987916,0.12020165696740151,0.1317737214267254,0.14379006251692772,0.15689780712127685,0.16977533772587777,0.17998625487089157,0.19077110141515732,0.2030768059194088,0.21493517234921455,0.22632244229316711,0.2384069927036762,0.25148132666945455,0.26194537729024886,0.2735067427158356,0.2843734949827194,0.29744099676609037,0.3076282113790512,0.31822444796562194,0.33192462027072905,0.34216071516275404,0.35208861231803895,0.36535106003284457,0.3769129678606987,0.38864600509405134,0.4003229647874832,0.4119791328907013,0.42416368424892426,0.43590377271175385,0.45110244750976564,0.4654507294297218,0.4811817541718483,0.4971894085407257,0.5173960834741592,0.5476892590522766
t_39,1.4100443184375764,1.4090149879455567,1.4098490178585052,1.4084762752056121,1.4076898455619813,1.4068718671798706,1.405300635099411,1.403857421875,1.4017810761928557,1.4009862184524535,1.399629133939743,1.3981219947338104,1.3977306187152863,1.3960082411766053,1.3956347823143005,1.393671202659607,1.3916570007801057,1.390120255947113,1.3892825722694397,1.3874351799488067,1.3855114817619323,1.3851190149784087,1.3833571434020997,1.3810878276824952,1.3791035830974578,1.3779478907585143,1.3771049976348877,1.3743752121925354,1.372591930627823,1.371258693933487,1.3686327457427978,1.3671651244163514,1.3646964728832245,1.3626286685466766,1.3598808526992798,1.3569100379943848,1.3554093956947326,1.3522184491157532,1.350494146347046,1.3475005865097045,1.345304650068283,1.3413660764694213,1.3384412109851838,1.3365200519561768,1.3323128998279572,1.3287969827651978,1.325194239616394,1.3216993510723114,1.3180319547653199,1.3146625995635985,1.3099887192249298,1.3054987251758576,1.3012849330902099,1.2971887290477753,1.291975724697113,1.2873457968235016,1.282302987575531,1.2773092150688172,1.2727878630161285,1.2669147431850434,1.260593432188034,1.2546757102012633,1.2497444868087768,1.243211215734482,1.2374704480171204,1.2320961475372314,1.2256699681282044,1.2181000351905822,1.2138589024543762,1.2078252375125884,1.201537650823593,1.1930473685264587,1.1868825733661652,1.1812924206256867,1.1733724474906921,1.1657848477363586,1.158851420879364,1.1501047015190125,1.141646283864975,1.1335734486579896,1.1264674067497253,1.118190598487854,1.1070396721363067,1.0988440334796905,1.0896906793117522,1.082336860895157,1.0717669785022736,1.0628816962242127,1.0521665573120118,1.0418993830680847,1.0324205219745637,1.0216230541467666,1.0108470231294633,1.0002694964408874,0.988623496890068,0.9786583662033081,0.965497824549675,0.9537326663732528,0.9411687076091766,0.927016094326973,0.9167261451482773,0.9033566266298294,0.8914947926998138,0.8775304675102233,0.8669283449649811,0.8522481501102448,0.8395443201065064,0.8250814586877823,0.8114685535430908,0.7977045208215714,0.7852227628231049,0.7689900904893875,0.756472134590149,0.7408748239278793,0.7260717332363129,0.7104637593030929,0.6950203746557235,0.6795583963394165,0.6636212408542633,0.6488020986318588,0.6322379261255264,0.6203224748373032,0.605302345752716,0.5868501156568527,0.5707435458898544,0.5567473351955414,0.5430729746818542,0.5283506423234939,0.5097839266061783,0.4956189453601837,0.47680349051952364,0.4645037516951561,0.4479359343647957,0.4313529208302498,0.4153336018323898,0.4004966840147972,0.38309945464134215,0.3655965492129326,0.35168332159519194,0.33367065340280533,0.3187230795621872,0.30206633508205416,0.2871173441410065,0.2714016690850258,0.25743053257465365,0.24198734611272812,0.22553087174892425,0.21006742343306542,0.19758351296186447,0.18327104225754737,0.1668126940727234,0.1525955989956856,0.14039313346147536,0.13044124022126197,0.12116545476019383,0.10308103077113628,0.09096668884158135,0.07992586717009545,0.07538247443735599,0.06886461973190308,0.0,0.06921259239315987,0.07300344668328762,0.07905276603996754,0.09089415594935417,0.09758513607084751,0.10948677659034729,0.12065576314926148,0.1318204440176487,0.14507689327001572,0.15646930411458015,0.16868190318346024,0.17890069037675857,0.18991887643933297,0.20214978083968163,0.2140251249074936,0.22611473351716996,0.23975928202271463,0.24991484358906746,0.26103957295417785,0.27171302735805514,0.2858317345380783,0.29605523496866226,0.3061561957001686,0.3204730451107025,0.3303699865937233,0.3405243203043938,0.3539305359125137,0.36544175297021864,0.3778406694531441,0.3892888769507408,0.40149619430303574,0.4137247815728188,0.42577432096004486,0.4410901591181755,0.45603030174970627,0.47182917296886445,0.4879303574562073,0.5086099445819855,0.539762544631958
t_38,1.4109905779361724,1.409976029396057,1.410802459716797,1.409454083442688,1.408671486377716,1.4078617095947266,1.4063039064407348,1.4048835337162018,1.4028311610221862,1.4020499467849732,1.4007184147834777,1.3992279648780823,1.398843026161194,1.3971420109272004,1.396770453453064,1.394851851463318,1.3928654551506043,1.3913489043712617,1.3905314087867737,1.3887150406837463,1.3868289113044738,1.3864524424076081,1.3847263693809508,1.3824986875057221,1.3805377900600433,1.3794012367725372,1.3785928010940551,1.3758956909179687,1.3741338849067688,1.3728255212306977,1.3702285408973693,1.3687710225582124,1.3663265645503997,1.3642810225486754,1.361556488275528,1.3586140811443328,1.3571228444576264,1.3539780139923097,1.3522702753543854,1.3492974579334258,1.3471194684505463,1.343213039636612,1.3403233468532563,1.33840155005455,1.3342478930950166,1.3307616889476777,1.3271888852119447,1.3237223684787751,1.320088928937912,1.3167476177215576,1.3121109843254088,1.3076663672924043,1.3034906208515167,1.2994336307048797,1.294258314371109,1.2896565318107605,1.2846485555171967,1.2797082185745239,1.275227826833725,1.2694068551063538,1.2631446957588195,1.2572525024414063,1.2523794054985047,1.2459022879600525,1.2402245461940766,1.2349031507968902,1.2285121500492096,1.2210014939308167,1.2168248772621155,1.2108222723007203,1.2045869290828706,1.1961862385272979,1.1900806963443755,1.1845508813858032,1.1767009973526001,1.1691796004772186,1.1623106598854065,1.153629368543625,1.1452547550201415,1.1372489035129547,1.1302139580249786,1.1220407366752625,1.1109634935855865,1.1028620898723602,1.0938100397586823,1.0865076661109925,1.0760786652565002,1.0672654330730438,1.05666583776474,1.0464948773384095,1.0371179074048995,1.026402732729912,1.0157366156578065,1.005297788977623,0.9937483578920364,0.9838927149772644,0.970868495106697,0.9592187821865081,0.9467612028121948,0.9327383726835251,0.9226471841335296,0.9093588143587112,0.8976335823535919,0.8838600903749466,0.8733782887458801,0.8588306128978729,0.8462893813848495,0.8319763571023941,0.8184837877750397,0.8049009084701538,0.7925529897212982,0.776516443490982,0.7641830950975418,0.7486976891756058,0.734059077501297,0.7186475902795791,0.7033493489027023,0.688074043393135,0.6722869843244552,0.6576911717653274,0.6412877678871155,0.6295477211475372,0.6147530883550644,0.5963835656642914,0.5804937481880188,0.5665633141994476,0.5531491667032242,0.5386328250169754,0.5200913548469543,0.5060703888535499,0.4874414473772049,0.4753872647881508,0.4588994011282921,0.4424158111214638,0.426668681204319,0.41190463304519653,0.3947875455021858,0.37762040048837664,0.3638281971216202,0.34573244005441667,0.33066717386245725,0.314056807756424,0.2991774946451187,0.2836149126291275,0.2700461849570274,0.25425339490175247,0.23902950435876846,0.22196494787931442,0.21028480529785157,0.19684528931975365,0.17891823574900628,0.164499618858099,0.15269136652350426,0.14056640043854712,0.13011763319373132,0.11102575100958348,0.10040455870330334,0.0920917171984911,0.07900969013571739,0.07599757425487041,0.06921259239315987,0.0,0.06792264617979527,0.0757969293743372,0.08016575388610363,0.09051170833408832,0.09950461313128471,0.11083174683153629,0.1187096294015646,0.13388048857450485,0.14376577585935593,0.15624711215496062,0.16812077835202216,0.17921752408146857,0.19028572365641594,0.20318933501839637,0.21437321081757546,0.22851352542638778,0.238641856610775,0.24917808398604394,0.2610556721687317,0.2748974710702896,0.28452468365430833,0.2955812826752663,0.30962745398283004,0.3196289226412773,0.33002132177352905,0.34374850392341616,0.35522795021533965,0.36776482313871384,0.3793388694524765,0.3918465808033943,0.4042946994304657,0.41636318266391753,0.4319796532392502,0.44723241627216337,0.4633845999836922,0.47983662188053133,0.5008428037166596,0.5323861390352249
t_37,1.4116008520126342,1.4105959117412568,1.411419188976288,1.4100726187229156,1.4092973113059997,1.4084889769554139,1.4069433450698852,1.405534464120865,1.4034846663475036,1.4027032792568206,1.4013766407966615,1.3998932480812072,1.3995155990123749,1.3978169322013856,1.3974525034427643,1.3955309212207794,1.3935419857501983,1.3920322239398957,1.3912145793437958,1.3893961250782012,1.3875084817409515,1.387132042646408,1.3853968501091003,1.3831580579280853,1.3812069833278655,1.3800636053085327,1.379245501756668,1.376549381017685,1.374788761138916,1.3734758496284485,1.3708769500255584,1.3694271326065064,1.3669831037521363,1.3649494051933289,1.3622377574443818,1.3593036890029908,1.35782031416893,1.3546782970428466,1.3529764235019683,1.3500182330608368,1.3478532254695892,1.3439567148685456,1.341062593460083,1.3391600489616393,1.3350148320198059,1.3315409958362578,1.3279760539531709,1.324530166387558,1.3209089636802673,1.3175900518894195,1.312971258163452,1.3085577547550202,1.3044079482555389,1.3003598392009734,1.29521484375,1.2906408309936523,1.2856612145900725,1.280750221014023,1.2762954950332641,1.270507001876831,1.2642841398715974,1.2584298968315124,1.2535738825798035,1.247136914730072,1.241496640443802,1.236205267906189,1.229861330986023,1.2224024772644042,1.2182573199272155,1.2123065888881683,1.2061256647109986,1.1977682769298554,1.191706657409668,1.1862082779407501,1.1784148693084717,1.1709466636180879,1.1641278207302093,1.155509924888611,1.147209757566452,1.1392630875110625,1.1322847247123717,1.1241553604602814,1.1131752908229828,1.1051299810409545,1.0961338818073272,1.0889095902442931,1.0785425901412964,1.069813108444214,1.0592947781085968,1.0492083549499511,1.039908492565155,1.0292961418628692,1.0187138497829438,1.0083711326122284,0.9969034850597381,0.9871155023574829,0.9742292195558548,0.962665119767189,0.9503877073526382,0.9364748656749725,0.9264303624629975,0.9132676094770431,0.901659095287323,0.8880421310663223,0.8776305168867111,0.8632131099700928,0.850812304019928,0.8366317987442017,0.8233061730861664,0.8098265379667282,0.7976480394601821,0.7817261815071106,0.7694989591836929,0.7541576117277146,0.7396961510181427,0.7245138764381409,0.7093527287244796,0.69424287378788,0.6786217749118805,0.66412173807621,0.647962749004364,0.6363423079252243,0.621685791015625,0.6036353349685669,0.5878389805555344,0.574114978313446,0.5608690291643142,0.5465441286563874,0.5282086908817292,0.5143449053168296,0.49596732258796694,0.4839827686548233,0.4676873981952667,0.45143068581819534,0.43585737943649294,0.42121788263320925,0.4041395366191864,0.3870963826775551,0.3734502509236336,0.3558270841836929,0.3408245950937271,0.32418120503425596,0.3095508813858032,0.2941073372960091,0.28053170442581177,0.2651857569813728,0.24949581250548364,0.23293869495391845,0.2206271469593048,0.2072046749293804,0.1900814488530159,0.17567807361483573,0.162875734269619,0.1513557828962803,0.1410986639559269,0.12078849822282792,0.10808171033859253,0.09799914620816708,0.0853053316473961,0.0789359699934721,0.07300344668328762,0.06792264617979527,0.0,0.07404685951769352,0.07157369591295719,0.08158720508217812,0.08934469781816005,0.10207934603095055,0.10873126648366452,0.12266818396747112,0.1328856162726879,0.14429758191108705,0.15566063150763512,0.1667627826333046,0.17835891395807266,0.19070993289351462,0.20247381255030633,0.21642179638147355,0.22674583792686462,0.23769304007291794,0.24893279671669005,0.2630060315132141,0.2730552971363068,0.2836993828415871,0.2983017563819885,0.3086714446544647,0.3188051268458366,0.3328298658132553,0.34451062232255936,0.3570834264159203,0.36891867965459824,0.3812986671924591,0.39402604252099993,0.40633403062820433,0.42223344594240186,0.43749646842479706,0.4539763793349266,0.47070292234420774,0.49207513481378556,0.5243839800357819
t_36,1.411588340997696,1.4105979919433593,1.4114168465137482,1.4100754022598267,1.4093103945255279,1.4085064589977265,1.4069786369800568,1.4055783569812774,1.4035543560981751,1.4027808070182801,1.401472407579422,1.4000071227550506,1.3996231377124786,1.3979517102241517,1.3975959718227386,1.3956995189189911,1.3937360286712646,1.3922483325004578,1.3914312481880189,1.3896367251873016,1.3877664744853973,1.3873983204364777,1.385676348209381,1.3834664165973662,1.3815434277057648,1.3804083704948424,1.3796093165874481,1.3769444704055787,1.3752062320709229,1.3739086389541626,1.3713425755500794,1.3699085354804992,1.3674978196620942,1.3654831886291503,1.362801879644394,1.3599012851715089,1.3584341049194335,1.355308222770691,1.3536214470863341,1.350683867931366,1.3485427737236022,1.3446892619132995,1.3418386638164521,1.3399472832679749,1.3358559310436249,1.3324104785919189,1.32888822555542,1.3254683136940002,1.32188338637352,1.3185898303985595,1.3140220522880555,1.3096435129642487,1.3055355966091156,1.3015300989151002,1.2964356184005736,1.2919082999229432,1.2869888246059418,1.2821150243282318,1.2777133882045746,1.2719768226146697,1.2658189117908478,1.2600265860557556,1.2552223265171052,1.2488526821136474,1.2432534992694855,1.238024514913559,1.2317461609840392,1.2243695497512816,1.2202454268932343,1.2143537402153015,1.2082279860973357,1.1999666929244994,1.193960839509964,1.1885094225406647,1.1807780265808105,1.173404985666275,1.1666576385498046,1.1581307888031005,1.1499109089374542,1.142039293050766,1.1351427614688874,1.1271065711975097,1.1162414073944091,1.1082813560962677,1.0993813097476959,1.0922204732894898,1.0819799065589906,1.073332917690277,1.062959885597229,1.052983957529068,1.0437955379486084,1.0332947760820388,1.0228441596031188,1.0126077950000762,1.0013064295053482,0.9916418224573136,0.9788687467575073,0.9674705892801285,0.9553010940551758,0.9416036903858185,0.9316911727190018,0.9187046468257904,0.9071825861930847,0.8937472045421601,0.8834440737962723,0.8692326933145523,0.857020229101181,0.8430143624544144,0.8298517495393753,0.8165927082300186,0.8045496970415116,0.7888256490230561,0.7768412113189698,0.7616705864667892,0.7474008738994599,0.7323820948600769,0.7175121992826462,0.7026012122631073,0.6872204869985581,0.672932305932045,0.6569990694522858,0.6455701440572739,0.6311000883579254,0.613167119026184,0.5976913392543792,0.5842549979686738,0.5710628241300583,0.5569959700107574,0.5390004307031632,0.5252497613430023,0.5071001753211022,0.49529059529304503,0.47917447835206983,0.4632112681865692,0.4478145182132721,0.4336312159895897,0.4165829002857208,0.3998450353741646,0.3863077774643898,0.3686492621898651,0.35445388704538344,0.33794870525598525,0.32358537763357165,0.3083671346306801,0.29433648139238355,0.2792225942015648,0.26368549913167955,0.24758993238210678,0.23554088845849036,0.22127077206969262,0.20494156703352928,0.1912134937942028,0.17847563549876214,0.16632886230945587,0.15506611466407777,0.13744762688875198,0.12563382647931576,0.11110136471688747,0.10253495201468468,0.0916449211537838,0.07905276603996754,0.0757969293743372,0.07404685951769352,0.0,0.07368743345141411,0.07810150235891342,0.08487704806029797,0.09033138565719127,0.10047392435371875,0.1119601421058178,0.1211801003664732,0.13362930044531823,0.14432795494794845,0.15407078564167023,0.1661180779337883,0.17804388254880904,0.19004372507333755,0.2038512222468853,0.21339884251356125,0.22573172226548194,0.2365714393556118,0.2506374530494213,0.2606977432966232,0.271720652282238,0.2863589644432068,0.29635088294744494,0.30704935938119887,0.3206598937511444,0.33272807002067567,0.3455690830945969,0.35750550776720047,0.3701906889677048,0.38296291828155515,0.3955180913209915,0.4117398574948311,0.42738865613937377,0.4441327899694443,0.4612055093050003,0.4829635739326477,0.5159269243478775
t_35,1.411713922023773,1.4107406556606292,1.411552321910858,1.4102280199527741,1.4094727754592895,1.4086828708648682,1.4071761846542359,1.4057976841926574,1.4037977278232574,1.4030300736427308,1.4017492651939392,1.4003114879131318,1.3999294459819793,1.3982928037643432,1.397951477766037,1.3960929811000824,1.3941461086273192,1.3927046537399292,1.3919031500816346,1.3901520907878875,1.3883188724517823,1.3879668653011321,1.3862790405750274,1.3841017365455628,1.3822039127349854,1.3810960352420807,1.3803294122219085,1.3777122378349305,1.3760002553462982,1.374741792678833,1.3722110629081725,1.3708057701587677,1.3684353828430176,1.366444319486618,1.3638003587722778,1.3609409630298615,1.3594964027404786,1.3564208686351775,1.354763400554657,1.3518572568893432,1.3497561872005464,1.3459376633167266,1.343122011423111,1.341241866350174,1.337196844816208,1.3337845265865327,1.3302993655204773,1.3269204020500183,1.3233946621418,1.3201444685459136,1.315612941980362,1.3112902343273163,1.307221519947052,1.3032572388648986,1.298216301202774,1.2937444686889648,1.2888636648654939,1.284040915966034,1.2796814382076263,1.2740063667297363,1.2678955614566803,1.2621558010578156,1.2573887050151824,1.251084989309311,1.2455664694309234,1.2403869211673737,1.234177678823471,1.22686008810997,1.2228055119514465,1.21697399020195,1.2109116792678833,1.2027246117591859,1.196773773431778,1.1913811802864074,1.1837396323680878,1.1764200985431672,1.1697474122047424,1.1612850546836853,1.153170394897461,1.1453651368618012,1.1385650396347047,1.1306088089942932,1.1198267877101897,1.1119513630867004,1.1031235337257386,1.0960553586483002,1.0859601259231568,1.0773864328861236,1.0671262979507445,1.0572605729103088,1.0481724441051483,1.037757432460785,1.027417281270027,1.0173123866319655,1.0061296820640564,0.996589919924736,0.9838912576436997,0.9726073443889618,0.9606100171804428,0.9469662547111511,0.9372574627399445,0.924360603094101,0.9130060940980911,0.8997169613838196,0.8895233720541,0.8754656404256821,0.8633850038051605,0.8495102852582932,0.8364790111780167,0.8234286576509475,0.8115050256252289,0.7959991544485092,0.7841001331806183,0.7691481560468674,0.7550252437591553,0.7401985615491867,0.7254749983549118,0.7107247203588486,0.6954894542694092,0.6814479351043701,0.665621641278267,0.6543769061565399,0.6401273041963578,0.6223151803016662,0.6070295631885528,0.593744820356369,0.5807677894830704,0.5669149398803711,0.5489989131689071,0.5354390770196915,0.5174540221691132,0.5058965221047401,0.48994028717279436,0.4740176349878311,0.4589360773563385,0.44480611979961393,0.42812821716070176,0.4114709094166756,0.3981248140335083,0.38068810999393465,0.36636438965797424,0.34988506585359574,0.33566908836364745,0.32062355875968934,0.3070127159357071,0.29177833050489427,0.2764458000659943,0.26016450971364974,0.24854683727025986,0.23446773439645768,0.21731236949563026,0.20339026153087617,0.19094643965363503,0.1776934012770653,0.1666027881205082,0.147648224234581,0.13526700139045716,0.12293895930051804,0.11091859191656113,0.09989148452877998,0.09089415594935417,0.08016575388610363,0.07157369591295719,0.07368743345141411,0.0,0.07399665042757989,0.07900369837880135,0.08390128500759601,0.08510575704276561,0.10130097270011902,0.11033153980970382,0.1210524845868349,0.13281056210398673,0.1413974307477474,0.15331415310502053,0.16527052149176596,0.1768461637198925,0.19170922487974168,0.20136118084192275,0.21212660446763038,0.22429844960570336,0.23822728991508485,0.24730734452605246,0.2592210456728935,0.2735042229294777,0.28379016518592837,0.2947759315371513,0.30889749974012376,0.3207742229104042,0.33353677242994306,0.34570425748825073,0.3588885381817818,0.37186927497386935,0.38456208258867264,0.40096853375434877,0.4171004995703697,0.4342309758067131,0.4516587808728218,0.4738505944609642,0.5072532281279564
t_34,1.4130025029182434,1.4120043098926545,1.412809133529663,1.4114655196666717,1.4106921672821044,1.4098748087882995,1.4083303093910218,1.4069330811500549,1.4048977196216583,1.4041038274765014,1.4027822196483613,1.4013080656528474,1.400914293527603,1.399216467142105,1.3988377809524537,1.3969445645809173,1.394949209690094,1.3934540450572968,1.3926429271697998,1.3908346712589263,1.3889587998390198,1.388595163822174,1.3868670880794525,1.3846454322338104,1.382736623287201,1.3816080272197724,1.3807710886001587,1.378140276670456,1.3764011442661286,1.3751214623451233,1.3725673377513885,1.3711472630500794,1.3687133848667146,1.36674684882164,1.3640807688236236,1.3611998677253723,1.3597586154937744,1.3566859006881713,1.3550089478492737,1.3520801842212677,1.3499894917011261,1.3461881220340728,1.3433501482009889,1.3415080964565278,1.3374703168869018,1.3340603530406951,1.33059002161026,1.327251523733139,1.323714053630829,1.3204805433750153,1.3159787058830261,1.3116650998592376,1.3076048851013184,1.3036229074001313,1.2986447930335998,1.2941582381725312,1.2893280863761902,1.284488219022751,1.280093687772751,1.2745432913303376,1.2684166610240937,1.2627535223960877,1.2579637885093689,1.2516884207725525,1.2462146520614623,1.2409911155700684,1.2347707092761993,1.2275869727134705,1.2234740853309631,1.2176978170871735,1.2116612076759339,1.2035411775112153,1.1975069046020508,1.1921736299991608,1.1846051514148712,1.177336537837982,1.1706918597221374,1.162325346469879,1.1542084634304046,1.1463883101940155,1.1395797193050385,1.1315656065940858,1.1209754943847656,1.1130540907382964,1.1043344140052795,1.0973943173885345,1.0871733486652375,1.078756958246231,1.0684761345386504,1.058816373348236,1.049577569961548,1.0394955337047578,1.0292258769273759,1.0189024329185485,1.007998675107956,0.9985915899276734,0.986041185259819,0.9748788058757782,0.9629214882850647,0.9494822949171067,0.9395471930503845,0.9271086245775223,0.9157990723848343,0.9024115413427353,0.8922939479351044,0.8786375880241394,0.8666929960250854,0.8530289530754089,0.8401403725147247,0.8270063817501068,0.8149520665407181,0.7998685985803604,0.7877335846424103,0.7733866989612579,0.7592657625675201,0.7445106357336044,0.7301582336425781,0.7157081246376038,0.7007276892662049,0.6864717662334442,0.671210116147995,0.659820756316185,0.6453538417816163,0.6284244686365128,0.6133130580186844,0.6000620663166046,0.5864118844270706,0.5726382583379745,0.5555900126695633,0.5422332584857941,0.5248873621225357,0.5127889171242714,0.4975674957036972,0.4819014221429825,0.46681795865297315,0.45259196907281873,0.4360506504774094,0.4198988348245621,0.40574395954608916,0.3896255388855934,0.37540790140628816,0.3589266836643219,0.3452975541353226,0.3303252384066582,0.3158809930086136,0.3018015041947365,0.2857761114835739,0.270962692797184,0.2581810593605042,0.24237289056181907,0.22918440252542496,0.213312791287899,0.2012744091451168,0.18685171604156495,0.17458268031477928,0.16023085564374923,0.145624977350235,0.13257897198200225,0.12203165888786316,0.10793081521987916,0.09758513607084751,0.09051170833408832,0.08158720508217812,0.07810150235891342,0.07399665042757989,0.0,0.0689252533018589,0.07376447282731532,0.0818259708583355,0.09415563978254796,0.1043817363679409,0.11292033977806568,0.11917654871940613,0.12934577725827695,0.14293115809559823,0.15307670831680298,0.1656617321074009,0.18044204711914064,0.19079526513814926,0.20190854370594025,0.2115121826529503,0.22740288376808165,0.23748127669095992,0.24782661944627762,0.26282919347286227,0.2724887982010841,0.2844828426837921,0.2983254224061966,0.31028161495923995,0.3233952075242996,0.3353385075926781,0.3492900922894478,0.36264483630657196,0.3753299847245216,0.3924105942249298,0.4084987908601761,0.4257641419768333,0.44307364374399183,0.4656046435236931,0.5008381396532059
t_33,1.4128757059574126,1.411888712644577,1.4126848101615905,1.4113456070423127,1.4105797052383422,1.4097619235515595,1.408229511976242,1.4068417072296142,1.4048179864883423,1.4040241360664367,1.402722030878067,1.4012614727020263,1.4008753657341004,1.3991925954818725,1.3988193809986114,1.396937793493271,1.3949604988098145,1.3934914112091064,1.392691695690155,1.390904074907303,1.3890393793582916,1.3886973857879639,1.3869910061359405,1.3847939133644105,1.382902103662491,1.3817886710166931,1.3809676349163056,1.3783654868602753,1.3766373634338378,1.3753763556480407,1.3728586375713348,1.3714525818824768,1.3690465271472931,1.367106705904007,1.3644601583480835,1.361610871553421,1.360189300775528,1.3571413993835448,1.3554843068122864,1.3525765776634215,1.3505054533481597,1.3467267096042632,1.34391188621521,1.3420816242694855,1.3380857527256012,1.334695726633072,1.3312352657318116,1.3279333591461182,1.3244290590286254,1.3212191760540009,1.3167446374893188,1.312466812133789,1.3084448873996735,1.3044879913330079,1.2995592594146728,1.2951075792312623,1.29031103849411,1.2855117559432983,1.2811495959758759,1.275642168521881,1.2695757269859314,1.2639419674873351,1.2592067301273346,1.2529881179332734,1.247573012113571,1.2424113273620605,1.236230045557022,1.2290942668914795,1.2250333786010743,1.219320547580719,1.2133264660835266,1.2052604734897614,1.1992968320846558,1.1940128803253174,1.1865172922611236,1.1793040573596953,1.1727077841758728,1.164413148164749,1.1563876509666442,1.148681491613388,1.1419175624847413,1.1339712977409362,1.123524922132492,1.1156814038753509,1.1070410370826722,1.1001822412014008,1.0900643527507783,1.081736296415329,1.0715841233730317,1.0619801521301269,1.052867943048477,1.0428794980049134,1.032708066701889,1.0225400447845459,1.0117050498723983,1.0023644477128983,0.9899923413991928,0.9789578914642334,0.9671475887298584,0.953860518336296,0.9440232336521148,0.9316691040992737,0.9205092459917068,0.907305097579956,0.8973245352506638,0.8837282955646515,0.871879729628563,0.8584249019622803,0.8456930816173553,0.8326751500368118,0.8208734363317489,0.8058655530214309,0.7939768224954605,0.7796624183654786,0.7657906889915467,0.7512583494186401,0.7370124250650406,0.72268947660923,0.7079059660434723,0.6938568770885467,0.6787817269563675,0.6675294667482377,0.653296810388565,0.6365830898284912,0.6216435819864273,0.6085867166519165,0.5952134668827057,0.5816728621721268,0.5647157937288284,0.5516514033079147,0.5344269216060639,0.5225686579942703,0.5074896588921547,0.49203615784645083,0.4771787002682686,0.46304560750722884,0.4466579958796501,0.43060645908117295,0.416816683113575,0.4009813591837883,0.38659601509571073,0.3703316360712051,0.35700746029615404,0.3420978128910065,0.3278563842177391,0.31414158046245577,0.29802712947130205,0.283015301823616,0.27026572078466415,0.25509266257286073,0.24129609316587447,0.22583805099129678,0.21328846588730813,0.19969787672162057,0.18687566593289376,0.17196620255708694,0.15801505446434022,0.14562890082597732,0.1330787070095539,0.12020165696740151,0.10948677659034729,0.09950461313128471,0.08934469781816005,0.08487704806029797,0.07900369837880135,0.0689252533018589,0.0,0.07391656823456287,0.0762272585183382,0.08197702206671238,0.0944868091493845,0.09993858486413956,0.1086077019572258,0.1195509061217308,0.1308789372444153,0.1421459436416626,0.15243219658732415,0.16863438859581947,0.17886196747422217,0.1895790472626686,0.1991924986243248,0.2153094969689846,0.22565665543079377,0.2357371985912323,0.2509349167346954,0.2612613201141357,0.2729820817708969,0.28739462345838546,0.2992189720273018,0.3123435631394386,0.3247101753950119,0.3385336875915527,0.35225448459386827,0.36501684337854384,0.38230892419815066,0.39853223115205766,0.41636898219585416,0.43385943323373793,0.45687088221311567,0.49301026463508607
t_32,1.411872637271881,1.410921287536621,1.4117157757282257,1.4104066908359527,1.4096624374389648,1.4088818907737732,1.4073994696140288,1.4060448050498962,1.4040794789791107,1.4033177256584168,1.4020541906356812,1.4006314635276795,1.400264358520508,1.3986422896385193,1.3982984244823455,1.3964737236499787,1.3945697784423827,1.393154263496399,1.3923790812492371,1.390664428472519,1.3888682067394256,1.3885375201702117,1.3868842542171478,1.384748286008835,1.3828952729701995,1.3818187177181245,1.3810530841350555,1.3784921765327454,1.3768157005310058,1.3755828738212585,1.373110944032669,1.3717262983322143,1.3693906962871552,1.3674506008625031,1.364851039648056,1.3620403468608857,1.3606315672397613,1.3576031863689422,1.3559634685516357,1.3531011521816254,1.3510365068912507,1.3472940266132354,1.3445209920406342,1.342687153816223,1.3387208878993988,1.3353804767131805,1.331951266527176,1.3286590874195099,1.3251907765865325,1.3220081806182862,1.3175625026226043,1.3133095860481263,1.3093273401260377,1.3054323971271515,1.3004973351955413,1.296090543270111,1.29132798910141,1.286598813533783,1.282306867837906,1.2767710149288178,1.2707924485206603,1.2651786625385284,1.2605169892311097,1.2543408572673798,1.2489328145980836,1.2438679039478302,1.2377870976924896,1.230660742521286,1.2266550004482268,1.2209706604480743,1.2150347113609314,1.2070489406585694,1.201217818260193,1.1959334313869476,1.1884829580783844,1.1813387870788574,1.1748183488845825,1.1665880739688874,1.1586483478546143,1.1510316491127015,1.1443757832050323,1.1366020262241363,1.126127415895462,1.118430310487747,1.1098771870136261,1.102981185913086,1.0931149780750276,1.0847892999649047,1.0748012483119964,1.0652281165122985,1.056371521949768,1.0462858736515046,1.0362375497817993,1.0264124244451522,1.015544703602791,1.0062907218933106,0.9940086960792541,0.9830703616142273,0.9714584469795227,0.9582979708909989,0.9488064885139466,0.9363610953092575,0.925344517827034,0.9125258833169937,0.90261991918087,0.8890521317720413,0.8773486703634262,0.8639605611562728,0.8514571994543075,0.8387675821781159,0.8273398041725158,0.8123004019260407,0.8008887380361557,0.7864306181669235,0.7728357523679733,0.7584990680217742,0.7443869322538376,0.7301329493522644,0.7155029654502869,0.7019607126712799,0.686788585782051,0.6758328229188919,0.6621692657470704,0.6451312005519867,0.6304020911455155,0.6175997108221054,0.6051661878824234,0.591763174533844,0.5746763646602631,0.5617006659507752,0.5443314343690873,0.533161249756813,0.5178339928388596,0.5026086524128914,0.4879764527082443,0.4744746670126915,0.45822705775499345,0.4422362297773361,0.4291045323014259,0.41251581758260725,0.39888100028038026,0.38269585371017456,0.36941341310739517,0.35430832803249357,0.34072759449481965,0.32658722549676894,0.3116746753454208,0.29592744559049605,0.28379995077848436,0.2701244443655014,0.2542911313474178,0.24024411514401436,0.2265164978802204,0.21390061676502228,0.20293353572487832,0.18523351922631265,0.17263516187667846,0.15869596228003502,0.14582947865128518,0.1317737214267254,0.12065576314926148,0.11083174683153629,0.10207934603095055,0.09033138565719127,0.08390128500759601,0.07376447282731532,0.07391656823456287,0.0,0.06955221854150295,0.07591260895133019,0.08695913106203079,0.09189384169876576,0.09529923237860202,0.10736541152000427,0.11848684772849083,0.12777124606072904,0.14083236455917358,0.15389212891459464,0.16478013694286348,0.1754184417426586,0.1879000335931778,0.201117804646492,0.21132714971899985,0.22321025282144547,0.23734023347496985,0.24818192720413207,0.25921711772680284,0.2738416209816933,0.286656354367733,0.299450458586216,0.3124835789203644,0.32558968365192414,0.33927841037511824,0.3526672378182411,0.36987651586532594,0.38641180992126467,0.4044421032071114,0.42293414324522016,0.44638857841491697,0.48223547339439393
t_31,1.4129686236381531,1.4120133221149445,1.412813001871109,1.4114984929561616,1.4107566118240356,1.4099644362926482,1.4084885001182557,1.4071389794349671,1.4051721036434173,1.4044050335884095,1.403147715330124,1.4017384111881257,1.4013700366020203,1.39974707365036,1.39940687417984,1.3975994825363158,1.395695185661316,1.3943025052547455,1.3935366690158844,1.3918378949165344,1.3900620937347412,1.3897339165210725,1.3881020843982697,1.3859834492206573,1.3841391623020172,1.383074027299881,1.3823250591754914,1.3798082947731019,1.3781360268592835,1.3769417345523833,1.3744978547096252,1.3731431126594544,1.3708312690258027,1.3689172685146331,1.3663642585277558,1.3635937213897704,1.3622039973735809,1.3592295348644257,1.3576219022274016,1.3547837913036347,1.3527639269828797,1.3490482985973358,1.3463110506534577,1.3444984912872315,1.340588539838791,1.337258505821228,1.3338763236999511,1.3306247472763062,1.3272162616252898,1.3240647792816163,1.3196516156196594,1.3154462635517121,1.311510932445526,1.3076505064964294,1.3027798056602478,1.2984317243099213,1.293716198205948,1.2890055000782012,1.2847528994083404,1.2793002605438233,1.2733524322509766,1.267791783809662,1.2631670594215394,1.2570647656917573,1.251730877161026,1.246693140268326,1.2406459152698517,1.2335828065872192,1.2296364545822143,1.2240131616592407,1.218132197856903,1.2102346777915955,1.2044191837310791,1.1992123544216156,1.1918474555015564,1.1847573339939117,1.178301751613617,1.1701557397842408,1.16227730512619,1.1547192752361297,1.1481350123882295,1.1404026985168456,1.1300519168376923,1.1224167048931122,1.113915467262268,1.1071227014064788,1.0973185658454896,1.0890960574150086,1.0791812658309936,1.0697307884693146,1.0608872056007386,1.0509563505649566,1.0409845888614655,1.0311713576316834,1.020456427335739,1.0112945169210434,0.9990927785634994,0.9882755637168884,0.9767371326684952,0.9636587738990784,0.9542457669973373,0.9419615566730499,0.9310683637857438,0.918252581357956,0.9085113257169724,0.8950901746749877,0.8834919810295105,0.870257431268692,0.8577692210674286,0.8452170491218567,0.8337773203849792,0.8190342217683793,0.8075763255357742,0.7934050559997559,0.779913654923439,0.7656706780195236,0.7516922205686569,0.7376490086317062,0.723147276043892,0.7097143530845642,0.6946957916021347,0.6839119225740433,0.6702828109264374,0.6534577488899231,0.6389389753341674,0.626238951086998,0.6136848747730255,0.6004967808723449,0.5835654526948929,0.570765146613121,0.5536749511957169,0.5425741970539093,0.5275102883577347,0.5124116614460945,0.49798777997493743,0.4844268560409546,0.46857535988092425,0.4527165606617928,0.4395878866314888,0.42331564128398896,0.4094861581921577,0.3937325835227966,0.3802607923746109,0.36563544273376464,0.3522175788879395,0.3380107119679451,0.3228152930736542,0.30747164189815523,0.2957237437367439,0.2813894346356392,0.2656870514154434,0.25140632390975953,0.23889100551605225,0.22542168870568274,0.21303238347172737,0.1962093397974968,0.18300992399454116,0.17011243402957915,0.15651156455278398,0.14379006251692772,0.1318204440176487,0.1187096294015646,0.10873126648366452,0.10047392435371875,0.08510575704276561,0.0818259708583355,0.0762272585183382,0.06955221854150295,0.0,0.07206924930214882,0.07726323455572129,0.08120824955403805,0.08984022699296475,0.09592433497309685,0.10607883669435977,0.11823317334055901,0.12760274410247802,0.14466377347707748,0.15329069942235946,0.1624954253435135,0.17522079423069953,0.19010208398103715,0.19875282049179077,0.21092191860079765,0.22538833022117616,0.23582434877753258,0.24767901971936226,0.26237343400716784,0.27462386041879655,0.2882462590932846,0.3008428364992142,0.31491671651601794,0.3288582593202591,0.34224618822336195,0.35969787985086443,0.37705138325691223,0.39549518525600436,0.4140338659286499,0.43794681280851366,0.474745936691761
t_30,1.4127147555351258,1.411778634786606,1.4125689566135406,1.4112733244895934,1.410545289516449,1.4097766876220703,1.4083204984664917,1.406987488269806,1.4050517141819001,1.4042991757392884,1.403058159351349,1.4016608238220214,1.4012966811656953,1.399698293209076,1.3993597090244294,1.3975671231746674,1.3956900000572205,1.3942993581295013,1.3935377180576325,1.3918498516082765,1.3900703072547913,1.3897482454776764,1.3881142675876617,1.3860086441040038,1.3841861665248871,1.383118224143982,1.3823727726936341,1.379841834306717,1.3781836807727814,1.3769721210002899,1.3745345711708068,1.3731806576251984,1.3708787262439728,1.3689674139022827,1.366408008337021,1.3636303007602693,1.362247222661972,1.3592607975006104,1.3576497793197633,1.3548242688179015,1.352800679206848,1.3490871012210846,1.3463577628135681,1.3445482015609742,1.3406458795070648,1.3373514115810394,1.3339844346046448,1.3307469308376312,1.327344387769699,1.324212908744812,1.3198292970657348,1.3156486630439759,1.3117214739322662,1.3078919887542724,1.3030435621738434,1.2987164795398711,1.2940160989761353,1.2893625974655152,1.2851355433464051,1.2796931982040405,1.2738059997558593,1.2682840943336486,1.263689512014389,1.25759659409523,1.2523059606552125,1.2473181903362274,1.2413341462612153,1.2343170881271361,1.2304026007652282,1.224798047542572,1.2189724802970887,1.211116325855255,1.2053825080394744,1.2001830995082856,1.1928485929965973,1.1858298897743225,1.179427582025528,1.1713211953639984,1.1635224580764771,1.1560188412666321,1.1495116293430327,1.14187992811203,1.1315834164619445,1.1240469872951508,1.1156404495239258,1.1088749468326569,1.0992161750793457,1.0910334467887879,1.0812330365180969,1.0718474566936493,1.0631674885749818,1.0532785296440124,1.043402075767517,1.0337996900081634,1.023128616809845,1.0140329480171204,1.0019765734672545,0.9912279903888702,0.9799020916223526,0.9669621676206589,0.9576900035142899,0.945479667186737,0.9346903413534164,0.9221556216478348,0.9123959600925445,0.8991450548171998,0.8876894682645797,0.8745253562927247,0.8622890412807465,0.8499015152454377,0.8387397289276123,0.8240237206220626,0.8128329694271088,0.798677858710289,0.7854220300912857,0.7714126884937287,0.7575764358043671,0.7436519980430603,0.7293061643838883,0.7161196827888489,0.7012384325265885,0.6905902057886124,0.6773097276687622,0.6606153398752213,0.6461999267339706,0.6337188959121705,0.6217075228691101,0.6085728406906128,0.5919134706258774,0.5792088001966477,0.5622471153736115,0.5513985276222229,0.5364750802516938,0.5215319752693176,0.5072167083621025,0.49412378668785095,0.4782796919345856,0.46271607279777527,0.4499391958117485,0.4336216628551483,0.42025708556175234,0.40460879504680636,0.3913462311029434,0.37672180980443953,0.3635272070765495,0.34962831884622575,0.3349726513028145,0.3194513708353043,0.30780395567417146,0.2941738277673721,0.2783568695187569,0.2644434466958046,0.2514460518956184,0.23865421190857888,0.22743260040879248,0.21012632697820663,0.19668900966644287,0.18374765962362288,0.17034169510006905,0.15689780712127685,0.14507689327001572,0.13388048857450485,0.12266818396747112,0.1119601421058178,0.10130097270011902,0.09415563978254796,0.08197702206671238,0.07591260895133019,0.07206924930214882,0.0,0.07579816728830338,0.07543753944337368,0.08308777473866939,0.08914318084716796,0.09686593636870384,0.10755158178508281,0.11841850839555264,0.13310007005929947,0.1419004186987877,0.15247209891676902,0.16435390263795852,0.1777278885245323,0.1870587795972824,0.19981675297021867,0.21433588042855262,0.2252386450767517,0.23620596006512642,0.25095671266317365,0.26406646221876146,0.27718008160591123,0.2901075556874275,0.30369196832180023,0.31752525120973585,0.33166920095682145,0.3491364598274231,0.3663848087191582,0.38500194400548937,0.40422110706567765,0.4284604400396347,0.4657621756196022
t_29,1.4138003170490265,1.4128602385520934,1.4136517763137817,1.412354177236557,1.4116304039955139,1.4108537197113038,1.4094026625156402,1.4080676436424255,1.4061381995677948,1.4053778290748595,1.404149627685547,1.4027656972408296,1.4023953080177307,1.4008075892925262,1.400467473268509,1.3986884236335755,1.396816509962082,1.3954530656337738,1.3947023451328278,1.393031108379364,1.3912811577320099,1.3909671366214753,1.3893597424030304,1.3872740864753723,1.3854609727859497,1.384409737586975,1.3836843490600585,1.3811985313892365,1.3795514702796936,1.3783730208873748,1.375960350036621,1.3746195793151856,1.3723329186439515,1.3704516470432282,1.3679079294204712,1.3651714384555818,1.3637793958187103,1.3608371257781982,1.359254574775696,1.3564264833927155,1.3544305622577668,1.3507473647594452,1.3480431020259858,1.3462378919124602,1.342361867427826,1.3390758752822876,1.3357194662094116,1.3325053989887237,1.329115277528763,1.3260050117969513,1.3216341137886047,1.3174790740013123,1.313601118326187,1.3097826182842254,1.3049660563468932,1.3006711542606353,1.2960169911384583,1.2913873612880706,1.2872018694877625,1.281813496351242,1.2759621441364288,1.2704600811004638,1.2659117221832275,1.259884375333786,1.25461745262146,1.2496742963790894,1.2437069177627564,1.2367318511009215,1.2328571379184723,1.2273073196411133,1.2214971959590912,1.2137086808681488,1.2079954743385315,1.2028493583202362,1.1955753803253173,1.1885991871356965,1.1822211861610412,1.1741742014884948,1.1664440333843231,1.1589892506599426,1.1525164425373078,1.1449282824993134,1.134682732820511,1.1272067546844482,1.1188629627227784,1.1121525466442108,1.1025428533554078,1.0944533467292785,1.0846840500831605,1.0753876090049743,1.066734004020691,1.0569868326187133,1.0471816062927246,1.0376018762588501,1.0270224630832672,1.0179868459701538,1.0060337871313094,0.9953903824090957,0.9840946108102798,0.9712563484907151,0.9620803147554398,0.9499482333660125,0.9393061488866806,0.9268434971570969,0.9172274678945541,0.9040646076202392,0.8926885426044464,0.8797143876552582,0.8675053268671036,0.8552067369222641,0.8441463738679886,0.8296149551868439,0.8184121727943421,0.8045047223567963,0.7913668274879455,0.777505412697792,0.7637997299432755,0.7500433772802353,0.7358168095350266,0.7226875185966491,0.7080799996852875,0.6975062996149063,0.6843432933092117,0.6679142534732818,0.6536467671394348,0.6412271350622177,0.629324933886528,0.6162411004304886,0.5997701942920685,0.5873381406068802,0.570549076795578,0.5598572969436646,0.5450484335422516,0.5302707761526108,0.5161219835281372,0.502855409681797,0.48746204674243926,0.4720295548439026,0.4595735937356949,0.44338138699531554,0.4295429870486259,0.4145449548959732,0.4009904325008392,0.3869677409529686,0.3742789030075073,0.3599545076489449,0.34565106183290484,0.33007021993398666,0.3187134310603142,0.3052187740802765,0.2895486131310463,0.27511216402053834,0.26314226984977723,0.24979959651827813,0.23775793388485908,0.22133410945534707,0.20770676359534263,0.19511859342455865,0.18220353797078132,0.16977533772587777,0.15646930411458015,0.14376577585935593,0.1328856162726879,0.1211801003664732,0.11033153980970382,0.1043817363679409,0.0944868091493845,0.08695913106203079,0.07726323455572129,0.07579816728830338,0.0,0.07274727001786233,0.08004607856273652,0.08372673541307449,0.09010282903909683,0.10253820270299911,0.11025032363831996,0.12465288564562797,0.1309059113264084,0.14144974648952485,0.15321814641356468,0.168979249894619,0.17635479420423508,0.18889740630984306,0.20356930568814277,0.21450152471661568,0.22560810372233392,0.2402399778366089,0.252652195841074,0.2670154109597206,0.27922598123550413,0.2934472218155861,0.3076515763998032,0.32159673869609834,0.33940126895904543,0.3570331081748009,0.3761036619544029,0.395424510538578,0.4200349792838097,0.4580338940024376
t_28,1.4134775817394256,1.412541002035141,1.4133259415626527,1.412030166387558,1.4113020479679108,1.4105284631252288,1.4090812742710113,1.4077499747276305,1.4058223903179168,1.4050646781921388,1.4038336277008057,1.40244762301445,1.4020827829837799,1.4004905939102172,1.4001463949680328,1.3983745753765107,1.39650257229805,1.3951247334480286,1.3943680822849274,1.3926959753036499,1.3909391403198241,1.3906212031841279,1.3890065908432008,1.3869121730327607,1.3850988864898681,1.3840405285358428,1.38329176902771,1.38080695271492,1.3791549026966095,1.3779621601104737,1.375549304485321,1.3741979956626893,1.3719010770320892,1.3700217306613922,1.3674889981746674,1.3647450268268586,1.3633803606033326,1.3604291737079621,1.3588370561599732,1.3560303390026092,1.3540382921695708,1.3503769934177399,1.3476762890815734,1.3458901584148406,1.3420313715934753,1.338760381937027,1.3354263782501221,1.332237285375595,1.3288664758205413,1.3257754266262054,1.321427482366562,1.3173054218292237,1.313452684879303,1.3096609950065612,1.3048855066299438,1.3006048381328583,1.2959843218326568,1.291384571790695,1.2872136116027832,1.2818699300289154,1.2760663211345673,1.2706112086772918,1.2660987019538879,1.2601149201393127,1.254893857240677,1.2499794006347655,1.2440616130828857,1.237174355983734,1.2333143293857574,1.2278068006038665,1.2220576584339142,1.2143409430980683,1.2086721360683441,1.2035687565803528,1.196369481086731,1.1894429266452788,1.1831186234951019,1.1751637995243072,1.167480719089508,1.160101944208145,1.153688633441925,1.1461448788642883,1.136033970117569,1.1286232769489288,1.1203520178794861,1.1137227475643159,1.104185152053833,1.0961632907390595,1.0865275382995605,1.0773019075393677,1.0687320590019227,1.0590730607509613,1.0493595242500304,1.0398940563201904,1.0294185876846313,1.0204913675785066,1.0086820244789123,0.9981680989265442,0.9870180696249008,0.9743498504161835,0.9652198553085327,0.9532526701688766,0.9426821112632752,0.9303922146558762,0.9208820730447769,0.907858070731163,0.8966316252946853,0.8838177025318146,0.8718163371086121,0.8595903426408767,0.848694896697998,0.8342736780643463,0.8233493536710739,0.8095248758792877,0.7965659618377685,0.7828718274831772,0.7693568140268325,0.755767998099327,0.7417960524559021,0.7287890076637268,0.7144141852855682,0.7039738357067108,0.690893703699112,0.6747507691383362,0.6606743216514588,0.6484937340021133,0.6366301238536834,0.6238324195146561,0.6076484203338623,0.595293727517128,0.5787278681993484,0.5680869907140732,0.5535036563873291,0.5390150010585785,0.5251460164785385,0.5121467053890228,0.496630023419857,0.48148188441991807,0.46893247961997986,0.4532801255583763,0.4398996502161026,0.42464869171381,0.4118502289056778,0.3976141080260277,0.3845099925994873,0.3710183247923851,0.35667651146650314,0.3412448361515999,0.3295852020382881,0.3161233052611351,0.3012332409620285,0.28730577379465105,0.2743524268269539,0.26159375309944155,0.2497758984565735,0.23324211835861205,0.2201952800154686,0.20705542638897895,0.19363447576761245,0.17998625487089157,0.16868190318346024,0.15624711215496062,0.14429758191108705,0.13362930044531823,0.1210524845868349,0.11292033977806568,0.09993858486413956,0.09189384169876576,0.08120824955403805,0.07543753944337368,0.07274727001786233,0.0,0.07228830270469189,0.07794653587043285,0.08203156590461731,0.09120001047849655,0.09826461784541607,0.11165186278522014,0.12165700793266296,0.13042721450328826,0.1411761946976185,0.1546856179833412,0.16435566246509553,0.17680399119853973,0.19112355038523673,0.20219892337918283,0.21337679922580718,0.22872037887573243,0.24139853268861772,0.2548309721052647,0.26831188052892685,0.2816460892558098,0.296482615172863,0.3104385882616043,0.32875113040208814,0.34606758058071135,0.365646967291832,0.3853818982839584,0.41045003682374953,0.4496605470776558
t_27,1.414094966650009,1.4131637275218965,1.4139381051063538,1.4126398146152497,1.4119153499603272,1.4111337840557099,1.4096760213375092,1.4083408415317535,1.4064129710197448,1.4056495904922486,1.4044093072414399,1.4030196249485016,1.4026459991931914,1.4010411322116851,1.4006851315498352,1.3989052474498749,1.3970209062099457,1.3956424474716187,1.3948850333690643,1.393207037448883,1.3914372444152832,1.3911275446414948,1.3895129084587097,1.387417048215866,1.3856089293956757,1.3845486044883728,1.3837895810604095,1.3813140213489532,1.3796574234962464,1.378480041027069,1.376078474521637,1.3747462630271912,1.372448843717575,1.3705901682376862,1.3680662870407105,1.3653323829174042,1.363974928855896,1.361042606830597,1.3594605326652527,1.3566541731357575,1.35468647480011,1.351050615310669,1.3483483433723449,1.346586436033249,1.3427536189556122,1.3394976139068604,1.3361722826957703,1.33302344083786,1.3296812713146209,1.3266094088554383,1.3222892463207245,1.3181872129440309,1.3143502056598664,1.3105564296245575,1.3058353960514069,1.3015662848949432,1.2969892501831055,1.2923909723758698,1.2882287323474884,1.2829559862613678,1.2771649718284608,1.2717533171176911,1.267247837781906,1.2613018810749055,1.2561326980590821,1.2512189030647278,1.2453189373016358,1.2385143160820007,1.234646236896515,1.2291936933994294,1.2234710156917572,1.2157962262630462,1.2101038575172425,1.2050591230392456,1.1979305803775788,1.1910466432571412,1.1847711026668548,1.176855742931366,1.1692262530326842,1.1618663311004638,1.155480444431305,1.1479378283023833,1.1379660964012146,1.130540704727173,1.1223521471023559,1.1158214867115022,1.106249886751175,1.0983549296855926,1.0887491583824158,1.0796539068222046,1.0710669100284576,1.0616005301475524,1.0519544720649718,1.0424325823783875,1.0321310222148896,1.0233047544956206,1.0116115152835845,1.001193568110466,0.9901147484779358,0.9775804042816162,0.9683887809514999,0.956676134467125,0.9461864024400711,0.9338906466960907,0.9244841724634171,0.9116847485303878,0.9005582422018051,0.887906602025032,0.8759908318519593,0.8638355165719986,0.8529107213020325,0.8387681037187577,0.8277903437614441,0.8142649382352829,0.8013880521059036,0.7878250271081925,0.774528968334198,0.7611179560422897,0.7473457515239715,0.7343395054340363,0.7202415227890014,0.7098473966121673,0.6967801153659821,0.6810310870409012,0.6671488732099533,0.6550562232732773,0.6429781675338745,0.6303755611181259,0.614551916718483,0.6024271607398987,0.5862253308296204,0.5754786849021911,0.561275202035904,0.5469889044761658,0.5332339882850647,0.520294526219368,0.5049368888139725,0.49002028703689576,0.4773238942027092,0.4623038485646248,0.44905871003866193,0.4338213115930557,0.42141580432653425,0.4073079004883766,0.3940545439720154,0.38106777518987656,0.3664186879992485,0.35171622335910796,0.33979072570800783,0.32581441551446916,0.3120961219072342,0.2979128360748291,0.28500387370586394,0.27208675593137743,0.26008169203996656,0.24466948881745337,0.23136265203356743,0.21783319488167763,0.2050664432346821,0.19077110141515732,0.17890069037675857,0.16812077835202216,0.15566063150763512,0.14432795494794845,0.13281056210398673,0.11917654871940613,0.1086077019572258,0.09529923237860202,0.08984022699296475,0.08308777473866939,0.08004607856273652,0.07228830270469189,0.0,0.06927400417625904,0.07733487747609616,0.07822944223880768,0.08944814167916774,0.09991243034601212,0.11090349331498146,0.11901204399764538,0.12902391254901885,0.1438904210925102,0.1533903770148754,0.16426347196102142,0.17850902751088144,0.18992819115519524,0.20156657695770264,0.21670618355274202,0.22977008819580078,0.2428349919617176,0.2567515566945076,0.27039536237716677,0.2856512159109116,0.299654945731163,0.3184137105941772,0.33590755313634874,0.35577004253864286,0.3755524933338165,0.4011091932654381,0.4418428480625153
t_26,1.4146430850028993,1.4137149930000306,1.4144867360591888,1.4131917893886565,1.4124664783477783,1.4116843163967132,1.4102349281311035,1.4089081227779388,1.4069862484931945,1.4062231123447417,1.4049984812736511,1.403619760274887,1.4032439589500427,1.4016476571559906,1.401301497220993,1.399529939889908,1.3976483821868897,1.3962832510471344,1.3955272436141968,1.3938692331314086,1.3921106100082397,1.3918005764484405,1.390197616815567,1.388103002309799,1.3862997770309449,1.385235059261322,1.3844778001308442,1.382022923231125,1.3803654432296752,1.3791989266872406,1.3768080949783326,1.3754866242408752,1.3731930911540986,1.3713403820991517,1.36883744597435,1.3661260545253753,1.364781129360199,1.3618740737438202,1.360312557220459,1.3575185060501098,1.355578875541687,1.3519631326198578,1.349290317296982,1.3475375711917876,1.3437462270259857,1.3405000686645507,1.337205421924591,1.3340975284576415,1.3307793378829955,1.3277372539043426,1.3234520077705383,1.3193971753120421,1.3155860483646393,1.311831957101822,1.3071530342102051,1.3029311180114747,1.2983983874320983,1.2938201010227204,1.2896798193454742,1.2844769060611725,1.2787192940711976,1.2733723998069764,1.2688790619373322,1.2629914283752441,1.257871413230896,1.2529745399951935,1.2471377193927764,1.2403880476951599,1.2365418612957,1.2311480820178986,1.2254795491695405,1.217860758304596,1.2121809601783753,1.207176500558853,1.2001083254814149,1.1932920694351197,1.1870815098285674,1.1792592108249664,1.1716823875904083,1.1643616080284118,1.158045196533203,1.1505198419094085,1.1406688332557677,1.1332961022853851,1.1251752376556396,1.1187159895896912,1.1092151165008546,1.1013909101486206,1.0918501794338227,1.0829043924808501,1.0743187010288238,1.0649690806865693,1.0554362773895263,1.0458952248096467,1.0357499241828918,1.0270345270633698,1.0153864294290542,1.0050605535507202,0.9940839022397995,0.9816468179225921,0.9724914908409119,0.9609695494174957,0.9505539804697036,0.938290250301361,0.9289660096168518,0.916382709145546,0.9053981125354766,0.8928318172693253,0.8810418635606766,0.869017168879509,0.8581220090389252,0.844187319278717,0.8331929117441177,0.8199571996927262,0.8071627914905548,0.7937036156654358,0.7806582242250443,0.7674274802207947,0.7537396371364593,0.740886652469635,0.7269442677497864,0.7166744917631149,0.7036535799503326,0.6881143808364868,0.6744061410427094,0.6624997287988663,0.6503065139055252,0.6378188282251358,0.6223517239093781,0.6103356271982193,0.5944263219833374,0.5836898475885391,0.5697445303201676,0.5555935442447663,0.5419122606515885,0.5291040658950805,0.5140611231327057,0.4993133097887039,0.48663683235645294,0.47183312475681305,0.45883947908878325,0.443942292034626,0.43137928545475007,0.4175771504640579,0.40441139191389086,0.39153996407985686,0.376732724905014,0.36263871341943743,0.35104145407676696,0.33642380237579345,0.32311784774065017,0.30884363651275637,0.2968434691429138,0.2833500176668167,0.27095998972654345,0.25639825463294985,0.2425134465098381,0.22885436564683914,0.2168795071542263,0.2030768059194088,0.18991887643933297,0.17921752408146857,0.1667627826333046,0.15407078564167023,0.1413974307477474,0.12934577725827695,0.1195509061217308,0.10736541152000427,0.09592433497309685,0.08914318084716796,0.08372673541307449,0.07794653587043285,0.06927400417625904,0.0,0.07192961908876896,0.0715403437614441,0.07854073382914066,0.09553652480244637,0.09817787371575833,0.10841743722558021,0.11432229653000832,0.13208728581666945,0.1397301323711872,0.1494913436472416,0.16588661447167397,0.1754328653216362,0.18823475018143654,0.20262672156095504,0.21525733917951584,0.2298921562731266,0.24258514642715454,0.25778221189975736,0.27276497334241867,0.28707075119018555,0.30610510259866713,0.3244960084557533,0.34457316547632216,0.3642933800816536,0.3903352484107018,0.4321087598800659
t_25,1.4133922576904296,1.4124852478504182,1.413263738155365,1.4119883477687836,1.4112755239009858,1.4105140388011932,1.4090879082679748,1.4077879726886748,1.4058946251869202,1.405145102739334,1.4039398550987243,1.4025864481925965,1.4022219955921174,1.4006705939769746,1.400342011451721,1.398618358373642,1.3967822253704072,1.3954563975334167,1.3947189331054688,1.3930902898311615,1.3913752853870391,1.391078919172287,1.3895065188407898,1.3874554097652436,1.3856848299503326,1.3846496880054473,1.3839308500289917,1.38151016831398,1.379881536960602,1.3787359952926637,1.3763839304447174,1.3750785887241364,1.3728444457054139,1.3710045218467712,1.368540734052658,1.3658561706542969,1.3645141899585724,1.3616317331790924,1.3600936114788056,1.357330071926117,1.3553987383842467,1.3518093466758727,1.3491658091545105,1.3474087595939637,1.3436486959457397,1.3404413878917694,1.3371591448783875,1.334060823917389,1.33078031539917,1.3277543902397155,1.323484194278717,1.3194476187229156,1.3156796216964721,1.3119644582271577,1.3072924792766571,1.3030940115451812,1.2985792279243469,1.2940761268138885,1.289983081817627,1.2847665190696715,1.2790953159332275,1.2737388789653779,1.2693043231964112,1.2634563446044922,1.2583813846111298,1.2535672962665558,1.2477680683135985,1.2410426318645478,1.237279373407364,1.2318808674812316,1.2262686252593995,1.2187111258506775,1.21314976811409,1.2081644594669343,1.2011425137519836,1.19439138174057,1.188205885887146,1.1804120421409607,1.1729048132896422,1.1656858801841736,1.159407341480255,1.1520301043987273,1.1421792030334472,1.1349285185337066,1.1268498003482819,1.1204028487205506,1.1110518276691437,1.1032616734504699,1.0938159704208374,1.0848360121250153,1.0764724493026734,1.0671014785766602,1.0576156497001648,1.048369973897934,1.0381434917449952,1.0294434309005738,1.0179426491260528,1.0077046781778336,0.99688218832016,0.9845754593610764,0.9756377130746842,0.9640521317720413,0.9537556320428848,0.9417724788188935,0.9325230687856674,0.9199321746826172,0.9089929848909378,0.8965663999319077,0.8848977297544479,0.8730919092893601,0.8624533236026763,0.8485333114862442,0.8378925234079361,0.8244602918624878,0.8119227468967438,0.7987050831317901,0.7855753421783447,0.7725110113620758,0.7589170217514039,0.7464304238557815,0.7324870347976684,0.7222875088453293,0.7098285108804703,0.6941803753376007,0.6806418299674988,0.6687633693218231,0.6573602855205536,0.6449977964162826,0.6294342279434204,0.6175901591777802,0.6016209274530411,0.5914570540189743,0.5774582505226136,0.5634309709072113,0.5499297529459,0.537390547990799,0.5224596977233886,0.5078661933541297,0.49589285254478455,0.48067315220832824,0.4678764849901199,0.4531722143292427,0.44084839820861815,0.42690552622079847,0.41460456103086474,0.4012946844100952,0.3872871965169907,0.372613351047039,0.36137658804655076,0.348333078622818,0.33361002504825593,0.3199698209762573,0.30710365027189257,0.29534605890512466,0.28375500738620757,0.2670765891671181,0.25424533188343046,0.24143051877617835,0.22852409780025482,0.21493517234921455,0.20214978083968163,0.19028572365641594,0.17835891395807266,0.1661180779337883,0.15331415310502053,0.14293115809559823,0.1308789372444153,0.11848684772849083,0.10607883669435977,0.09686593636870384,0.09010282903909683,0.08203156590461731,0.07733487747609616,0.07192961908876896,0.0,0.07226523235440255,0.06903676055371762,0.08560096994042396,0.08794835656881332,0.09699773043394089,0.10722552016377448,0.12104260437190532,0.12974915653467178,0.14024937003850937,0.15675485655665397,0.16661223098635675,0.1771388381719589,0.19254479557275772,0.20572946295142175,0.2202073149383068,0.23367370516061783,0.24700015485286714,0.26213576048612597,0.2769727692008018,0.2957321271300316,0.31401084214448927,0.3344328001141548,0.3549620985984802,0.3814664125442505,0.42353409081697463
t_24,1.4139612555503844,1.4130535364151,1.4138247787952423,1.4125519216060638,1.4118381023406983,1.4110748410224914,1.4096521437168121,1.4083552598953246,1.4064625918865203,1.405709683895111,1.4045077681541442,1.4031550705432891,1.4027899563312531,1.4012385725975036,1.4008975505828858,1.399178248643875,1.3973372995853424,1.396022415161133,1.3952824890613555,1.3936593949794769,1.3919431507587432,1.3916496515274048,1.3900819897651673,1.3880342304706574,1.3862574577331543,1.385225635766983,1.384496545791626,1.3820750713348389,1.3804485380649567,1.379309594631195,1.3769636869430542,1.3756576418876647,1.373427140712738,1.3716032087802887,1.3691463470458984,1.3664657115936278,1.3651420950889588,1.362275618314743,1.3607271611690521,1.3579731106758117,1.35606906414032,1.352501428127289,1.3498632967472077,1.3481310606002808,1.3443704783916473,1.3411758244037628,1.3379142522811889,1.3348365783691407,1.3315636754035949,1.328557199239731,1.3243132829666138,1.3203103303909303,1.316543310880661,1.3128329813480377,1.3081904888153075,1.3040320932865144,1.2995476722717285,1.2950433492660522,1.2909672439098359,1.285806655883789,1.2801397323608399,1.2748445391654968,1.2704326272010804,1.264609944820404,1.2595594704151154,1.2547514975070952,1.2489970743656158,1.2423226535320282,1.2385441362857819,1.2332084953784943,1.2276231825351716,1.2201188862323762,1.214550107717514,1.2096037983894348,1.2026403665542602,1.1959114849567414,1.1897884547710418,1.1820653319358825,1.1746116399765014,1.1674122154712676,1.161202871799469,1.1538294494152068,1.144105988740921,1.136870563030243,1.128879225254059,1.1224960446357728,1.1132003605365752,1.1054612755775453,1.0961014688014985,1.087259727716446,1.0788932025432587,1.0696227729320527,1.0602429687976838,1.0509973168373108,1.0409553229808808,1.0323644161224366,1.0209262758493423,1.0107850790023805,1.000075787305832,0.9878634214401245,0.9789571464061737,0.96756911277771,0.9573674947023392,0.9454446017742157,0.9362562477588654,0.923862898349762,0.9130943596363068,0.9007721602916717,0.8892273157835007,0.8775114119052887,0.8669446319341659,0.8532073020935058,0.8425602167844772,0.829473689198494,0.8170121282339096,0.8038699477910995,0.7910504609346389,0.7780601799488067,0.7646791100502014,0.7522442072629929,0.738540631532669,0.7285110861063003,0.7159602284431458,0.7006362587213516,0.6872492909431458,0.6756268680095673,0.6640745371580123,0.6518896102905274,0.636639979481697,0.6248928755521774,0.6092836111783981,0.598991870880127,0.5852461755275726,0.5714144945144654,0.5581457585096359,0.5457668125629425,0.5311129033565521,0.5166452676057816,0.5044965848326683,0.4898663565516472,0.47723439782857896,0.4626648426055908,0.45050228089094163,0.4368855744600296,0.42422063946723937,0.4114604026079178,0.39739746451377866,0.3833386301994324,0.37199516892433165,0.3583204969763756,0.34471492618322375,0.3308988600969315,0.31861342042684554,0.305712154507637,0.29412792474031446,0.27917712181806564,0.2657513990998268,0.25264373421669006,0.24026136174798013,0.22632244229316711,0.2140251249074936,0.20318933501839637,0.19070993289351462,0.17804388254880904,0.16527052149176596,0.15307670831680298,0.1421459436416626,0.12777124606072904,0.11823317334055901,0.10755158178508281,0.10253820270299911,0.09120001047849655,0.07822944223880768,0.0715403437614441,0.07226523235440255,0.0,0.07068828009068966,0.08027732819318771,0.08489407449960709,0.08961823135614395,0.0997110765427351,0.11250487230718136,0.1184372428804636,0.13000937327742576,0.14412020072340964,0.1542138747870922,0.1663912519812584,0.18128475025296212,0.19449832662940025,0.20800465419888498,0.22163858264684677,0.2359813168644905,0.2514059416949749,0.2661027178168297,0.28537403643131254,0.30389738231897356,0.32454571425914763,0.34536663591861727,0.3722726613283157,0.4152586475014687
t_23,1.4145539045333861,1.4136527180671692,1.4144199013710022,1.4131449162960052,1.4124339461326598,1.411663419008255,1.4102386593818665,1.4089508652687073,1.4070606291294099,1.4063067376613616,1.4051139891147613,1.403769564628601,1.4034018695354462,1.4018555641174317,1.401522022485733,1.3998039782047271,1.3979679822921753,1.3966602683067322,1.3959274411201477,1.3943078577518464,1.3926112651824951,1.3923289120197295,1.3907729387283325,1.3887409508228301,1.3869879961013794,1.3859634935855865,1.3852421998977662,1.3828601777553557,1.3812358677387238,1.3801147758960723,1.377799493074417,1.37650985121727,1.3742821931838989,1.3724900305271148,1.3700516164302825,1.367397516965866,1.366072130203247,1.3632288873195648,1.361711746454239,1.3589720487594605,1.3570778787136077,1.3535451531410216,1.3509271562099456,1.3491983890533448,1.3454941987991333,1.3423091411590575,1.3390680730342865,1.3360368967056275,1.332797759771347,1.3298201858997345,1.3255915105342866,1.3216137170791626,1.3178898751735688,1.3141953587532043,1.309611791372299,1.3054582059383393,1.301020050048828,1.296533578634262,1.2924835920333861,1.2873829782009125,1.2817540228366853,1.2764668405055999,1.2720817387104035,1.266329389810562,1.2613276243209839,1.2565430045127868,1.2507922649383545,1.2441897988319397,1.240463626384735,1.2351610839366913,1.2296110212802887,1.2221659243106842,1.2166073381900788,1.2117328226566315,1.20483717918396,1.1981669783592224,1.192069125175476,1.1843877255916595,1.1770006597042084,1.169873410463333,1.1636779487133027,1.1563376665115357,1.146724486351013,1.1395336270332337,1.1315982937812805,1.1253178715705872,1.1160312235355376,1.108398336172104,1.099086743593216,1.0903132259845734,1.0819619059562684,1.072878634929657,1.063560998439789,1.0543254733085632,1.0443791151046753,1.0358801275491714,1.0245824426412582,1.0145509481430053,1.003880614042282,0.9918133199214936,0.9829470664262772,0.9717123419046402,0.9615893751382828,0.9497220367193222,0.9406933605670929,0.9284172892570496,0.9177275598049164,0.9056298583745956,0.8941421449184418,0.8824796706438065,0.871939617395401,0.8583996623754502,0.8478474676609039,0.8348313182592392,0.8225093126296997,0.8095635592937469,0.7967967331409455,0.7840707570314407,0.7708365380764007,0.7584266155958176,0.7449878573417663,0.7349731296300888,0.722518789768219,0.7075168460607528,0.6942994892597198,0.6827294766902924,0.6710397779941559,0.6591361910104752,0.6440741181373596,0.6325799107551575,0.6171897888183594,0.6069754779338836,0.5935234785079956,0.579888841509819,0.566789323091507,0.5543577522039413,0.5397576451301574,0.5256217837333679,0.5136074900627137,0.4992835074663162,0.4866273060441017,0.47209303081035614,0.46038068234920504,0.44694032818078994,0.4344046741724014,0.4218970090150833,0.40780525356531144,0.39362831860780717,0.38238724768161775,0.36892723888158796,0.35566970705986023,0.3418717265129089,0.32962382435798643,0.3172446027398109,0.30504306554794314,0.29012581557035444,0.27760475873947144,0.26441773772239685,0.2522504352033138,0.2384069927036762,0.22611473351716996,0.21437321081757546,0.20247381255030633,0.19004372507333755,0.1768461637198925,0.1656617321074009,0.15243219658732415,0.14083236455917358,0.12760274410247802,0.11841850839555264,0.11025032363831996,0.09826461784541607,0.08944814167916774,0.07854073382914066,0.06903676055371762,0.07068828009068966,0.0,0.07807924076914788,0.0743897583335638,0.07928551249206066,0.08478257805109024,0.1014692097902298,0.10715516023337841,0.11627555191516876,0.13227302506566047,0.141994009912014,0.15419348999857901,0.16949913576245307,0.1812550753355026,0.19627498015761374,0.20954175293445587,0.2241164304316044,0.24014104828238486,0.2543081410229206,0.27414376884698866,0.29277161210775376,0.3143038064241409,0.3348566949367523,0.3622056320309639,0.40690852999687194
t_22,1.4141037225723267,1.4132167994976044,1.4139814913272857,1.412730187177658,1.4120338141918183,1.4112844169139862,1.4098931550979614,1.40862375497818,1.4067690432071687,1.4060279905796051,1.4048471570014953,1.4035192608833313,1.403165352344513,1.401649969816208,1.4013254404067994,1.3996432304382325,1.3978430390357972,1.3965625286102294,1.3958415627479552,1.3942527294158935,1.392563033103943,1.3922812998294831,1.3907525002956391,1.3887374639511108,1.3869997143745423,1.3859894752502442,1.3852779865264893,1.3828977406024934,1.3812893092632295,1.380177801847458,1.377857506275177,1.3765760660171509,1.3743804097175598,1.3725719809532166,1.3701534986495971,1.367501324415207,1.366187983751297,1.3633505880832673,1.3618212699890138,1.3591039299964904,1.3572057127952575,1.353667640686035,1.3510762333869935,1.349347972869873,1.3456477761268615,1.3424883663654328,1.3392636597156524,1.3362197041511537,1.3329941034317017,1.3300260663032533,1.3258247017860412,1.3218696177005769,1.318164348602295,1.314495587348938,1.309906506538391,1.3057873368263244,1.3013601660728455,1.2969440400600434,1.2929258227348328,1.287805163860321,1.282255518436432,1.2770012438297271,1.2726782858371735,1.2669459760189057,1.2619540393352509,1.2572547793388367,1.2515836656093597,1.2449929773807527,1.2413169503211976,1.2360403060913085,1.2305357873439788,1.2231367170810699,1.2176968336105347,1.2128190338611602,1.2059431195259094,1.1993334770202637,1.1932774424552917,1.1856343269348144,1.1783105969429015,1.1712550282478333,1.1651248157024383,1.1579379737377167,1.1483064830303191,1.1412463724613189,1.1333674252033235,1.127081072330475,1.1179929852485657,1.11037535071373,1.1011785924434663,1.0924346387386321,1.0843087017536164,1.0751446187496185,1.0659257113933562,1.056984108686447,1.046994435787201,1.0385149717330933,1.0273286342620849,1.017366948723793,1.0069013386964798,0.9949087560176849,0.9862706273794174,0.9749469041824341,0.9649746477603912,0.9534130424261094,0.9444152802228928,0.9321634918451309,0.921537560224533,0.9094842731952667,0.8981738567352295,0.8867670923471451,0.8765591531991959,0.8629848331212997,0.8527708560228348,0.8396839499473572,0.8276037752628327,0.8148134589195252,0.8021232724189759,0.7894508421421051,0.7763103455305099,0.7643354505300521,0.7508111447095871,0.7410224705934525,0.7290693879127502,0.7138655990362167,0.7007938385009765,0.6893919765949249,0.6786070734262466,0.6666836559772491,0.6516039490699768,0.6401939392089844,0.6247570514678955,0.6150970965623855,0.6015245378017425,0.5880504757165909,0.5751251608133316,0.5631440222263336,0.5487838745117187,0.5346434414386749,0.5232249677181244,0.5085893720388412,0.49629998207092285,0.48205059617757795,0.4703109622001648,0.45678364485502243,0.44494484066963197,0.43226211965084077,0.4188766196370125,0.4046912595629692,0.39383622258901596,0.3813510239124298,0.36707550585269927,0.35413406789302826,0.34130407124757767,0.3298648089170456,0.3189140990376472,0.3028446674346924,0.2904950439929962,0.2778624758124352,0.2652081027626991,0.25148132666945455,0.23975928202271463,0.22851352542638778,0.21642179638147355,0.2038512222468853,0.19170922487974168,0.18044204711914064,0.16863438859581947,0.15389212891459464,0.14466377347707748,0.13310007005929947,0.12465288564562797,0.11165186278522014,0.09991243034601212,0.09553652480244637,0.08560096994042396,0.08027732819318771,0.07807924076914788,0.0,0.07919462323188782,0.08092086277902126,0.09021456614136696,0.0936155665665865,0.10380919575691223,0.11342422850430012,0.12498053163290024,0.1361363098025322,0.14483481869101525,0.16028187349438666,0.17419228777289392,0.18592551052570344,0.20142178758978843,0.21338719874620438,0.2291663706302643,0.24431295841932296,0.26340271532535553,0.2819636031985283,0.3031332403421402,0.32491562962532045,0.35275249034166334,0.3970913290977478
t_21,1.4142533540725708,1.4133804857730865,1.4141414880752563,1.4128970801830292,1.4122064471244813,1.4114577889442443,1.4100738644599915,1.4088111102581025,1.4069520652294158,1.406220006942749,1.4050436437129974,1.4037309646606446,1.4033780694007874,1.4018748819828033,1.4015476822853088,1.3998815953731536,1.398085242509842,1.3968196988105774,1.3961093544960022,1.3945342421531677,1.3928714334964751,1.3925898730754853,1.391072964668274,1.3890783488750458,1.387342917919159,1.3863364815711976,1.385642683506012,1.383287525177002,1.3816892981529236,1.380579847097397,1.3782933831214905,1.3770212471485137,1.374835056066513,1.3730492532253264,1.370650726556778,1.3680214405059814,1.3667045295238496,1.3638913691043855,1.3623825073242188,1.359674197435379,1.357789260149002,1.354280960559845,1.351697313785553,1.3499761283397675,1.3462990999221802,1.343159693479538,1.3399505019187927,1.3369270801544189,1.3337136149406432,1.330771917104721,1.3265881657600402,1.322645914554596,1.3189578115940095,1.31531223654747,1.3107453882694244,1.3066407501697541,1.3022453784942627,1.2978439390659333,1.293849730491638,1.28876993060112,1.2832297444343568,1.2780063092708587,1.2736995816230774,1.2680108666419982,1.2630491375923156,1.2583588659763336,1.2527199983596802,1.2461780190467835,1.2425053358078002,1.2372554779052733,1.2317997217178345,1.224448573589325,1.2190334498882294,1.2141927778720856,1.2073747754096984,1.200808161497116,1.194794738292694,1.1872112154960632,1.1799302995204926,1.1729221582412719,1.1668298900127412,1.1596901535987854,1.150132155418396,1.1431186139583587,1.135317075252533,1.1290734350681304,1.120031362771988,1.112477868795395,1.1033555209636687,1.094660794734955,1.0865609765052795,1.0775154948234558,1.0683376491069794,1.0594253718852997,1.0495408296585083,1.0411316335201264,1.0300660282373428,1.0201794803142548,1.0097470045089723,0.9978871077299118,0.9892942577600479,0.9781105369329453,0.9681853532791138,0.9567099779844284,0.947798901796341,0.9356545090675354,0.9251609891653061,0.9132254153490067,0.9020446002483368,0.8906706392765045,0.8805323511362075,0.8671240985393525,0.8570235759019852,0.8440548837184906,0.8320919215679169,0.819442093372345,0.8068837434053421,0.794375079870224,0.7814146250486373,0.7694301038980484,0.7561788499355316,0.7464383751153946,0.7344822227954865,0.7195792078971863,0.7066887050867081,0.6953706055879593,0.684541791677475,0.6728286921977997,0.6580065548419952,0.646687439084053,0.6314909964799881,0.6218023836612702,0.6084666430950165,0.5951320767402649,0.5823600351810455,0.570541912317276,0.5561331689357758,0.5423466980457305,0.5310671716928482,0.5165235221385955,0.5044182568788529,0.4903497412800789,0.47878814190626146,0.4655487224459648,0.45364080667495726,0.44116881787776946,0.42775499224662783,0.4136395290493965,0.4029014572501183,0.39044394344091415,0.3766190320253372,0.3637411788105965,0.3512240633368492,0.3399660050868988,0.32875672578811643,0.3126283198595047,0.3005534648895264,0.28768265545368193,0.2755504041910172,0.26194537729024886,0.24991484358906746,0.238641856610775,0.22674583792686462,0.21339884251356125,0.20136118084192275,0.19079526513814926,0.17886196747422217,0.16478013694286348,0.15329069942235946,0.1419004186987877,0.1309059113264084,0.12165700793266296,0.11090349331498146,0.09817787371575833,0.08794835656881332,0.08489407449960709,0.0743897583335638,0.07919462323188782,0.0,0.07682464197278023,0.07638150788843631,0.08880672119557857,0.09236425049602985,0.09870831184089184,0.11571600213646889,0.12417105622589589,0.13374894857406616,0.1454165019094944,0.16005543246865273,0.17538295984268187,0.18839361295104026,0.20156845524907113,0.21640675142407417,0.23233908861875535,0.25208398550748823,0.27080282717943194,0.29247131645679475,0.31427667289972305,0.34242180436849595,0.3881705358624458
t_20,1.4147345840930938,1.4138637959957123,1.414624035358429,1.413385772705078,1.4126959323883057,1.4119530320167542,1.4105633616447448,1.4093091249465943,1.407466286420822,1.4067396461963653,1.4055732250213624,1.4042750597000122,1.4039169192314147,1.4024278223514557,1.4021112501621247,1.4004630208015443,1.3986868977546691,1.3974364519119262,1.3967288494110108,1.3951655626296997,1.3935258448123933,1.393252170085907,1.39175323843956,1.3897749423980712,1.388060200214386,1.3870691895484923,1.3863851726055145,1.3840490281581879,1.3824720561504364,1.3813786327838897,1.3791159868240357,1.3778551399707795,1.3756948471069337,1.3739242017269135,1.371539866924286,1.3689365208148956,1.367631310224533,1.3648437321186067,1.3633517265319823,1.3606690764427185,1.3588100790977478,1.3553305864334106,1.3527604818344117,1.3510549783706665,1.3474069893360139,1.344283652305603,1.3411023497581482,1.3380973637104034,1.334923768043518,1.3320011854171754,1.327844214439392,1.3239265918731689,1.3202815175056457,1.316663134098053,1.3121255397796632,1.3080675840377807,1.303695297241211,1.2993326485157013,1.2953735888004303,1.2903190553188324,1.28483949303627,1.2796395361423492,1.275375282764435,1.2697374761104583,1.2648255944252014,1.2601804256439209,1.2545951426029205,1.2480684638023376,1.24445538520813,1.2392642796039581,1.233829790353775,1.2265443563461305,1.2211677968502044,1.2163782179355622,1.2096069633960724,1.2030853092670442,1.1971184730529785,1.1896061599254608,1.182400780916214,1.175434595346451,1.1694196045398713,1.1623249173164367,1.152854138612747,1.14588662981987,1.1381219387054444,1.1319151401519776,1.1230032980442046,1.1154779374599457,1.1064334511756897,1.097830021381378,1.0898035287857055,1.080767285823822,1.0716847419738769,1.062872451543808,1.0530481159687042,1.044730257987976,1.0337074756622315,1.0239055305719376,1.0135891675949096,1.001804956793785,0.9933310091495514,0.9821790516376495,0.9724046558141708,0.9610247790813446,0.9522420287132263,0.940153780579567,0.9296903818845749,0.9178778469562531,0.9067386716604233,0.8955753475427628,0.8855482995510101,0.8722721815109253,0.862162634730339,0.8493949592113494,0.8375633269548416,0.8249520599842072,0.812548553943634,0.8001092433929443,0.7872026711702347,0.7755864351987839,0.7622248888015747,0.7526861488819122,0.7410425394773483,0.7260776251554489,0.713339963555336,0.7021476686000824,0.6916375160217285,0.6798812657594681,0.6651204347610473,0.6540594786405564,0.6389787465333938,0.6295916795730591,0.6162825375795364,0.60314080119133,0.5904652416706085,0.5786741584539413,0.565004625916481,0.5510709047317505,0.5398483961820603,0.5254981219768524,0.5133057236671448,0.49975856840610505,0.48792956173419955,0.4747665569186211,0.46345452666282655,0.45078880041837693,0.4377047583460808,0.4239490941166878,0.4135839655995369,0.4012032672762871,0.38684936463832853,0.3739830881357193,0.36184331178665163,0.35038613229990007,0.33919248878955843,0.32383531481027605,0.31142921894788744,0.2992657497525215,0.28641176223754883,0.2735067427158356,0.26103957295417785,0.24917808398604394,0.23769304007291794,0.22573172226548194,0.21212660446763038,0.20190854370594025,0.1895790472626686,0.1754184417426586,0.1624954253435135,0.15247209891676902,0.14144974648952485,0.13042721450328826,0.11901204399764538,0.10841743722558021,0.09699773043394089,0.08961823135614395,0.07928551249206066,0.08092086277902126,0.07682464197278023,0.0,0.0769511427730322,0.08041087239980697,0.07800714075565338,0.090583823248744,0.09831960424780846,0.1092354703694582,0.11817615628242492,0.13615933582186698,0.14717530235648155,0.16111709848046302,0.17563584744930266,0.1887285254895687,0.20504285395145416,0.2200373686850071,0.2391241356730461,0.2593617275357246,0.28145545572042463,0.3037847429513931,0.33266599029302596,0.37858791202306746
t_19,1.4158918142318726,1.4149981260299682,1.4157473742961884,1.4144731521606446,1.4137658417224883,1.4129831850528718,1.4115587532520295,1.4102796912193298,1.408387291431427,1.4076293885707856,1.4064325273036957,1.4050902545452117,1.4047155976295471,1.4031672418117522,1.4028142094612122,1.401117992401123,1.3992707848548889,1.3979717671871186,1.3972409665584564,1.3956154882907867,1.3939055860042573,1.393625557422638,1.3920770645141602,1.3900375843048096,1.3882958054542542,1.3872760713100434,1.3865337312221526,1.3841810703277588,1.3825573742389679,1.3814595580101012,1.379162985086441,1.3778863966464996,1.3756565570831298,1.3739174365997315,1.3715080618858337,1.368887722492218,1.3675858139991761,1.3647977888584137,1.3632847964763641,1.3605804562568664,1.358723223209381,1.3552576422691345,1.3526692986488342,1.3509866297245026,1.34734708070755,1.3442181766033172,1.3410393178462983,1.338084352016449,1.3348874211311341,1.331990659236908,1.3278427481651307,1.3239700615406036,1.3203139185905457,1.3166791915893554,1.3122144281864165,1.308143323659897,1.3038202822208405,1.299399447441101,1.295402717590332,1.2904947578907013,1.2849770545959474,1.2798635005950927,1.2755560517311095,1.2699486315250397,1.2650979697704314,1.2603919446468352,1.2547686457633973,1.2484089076519012,1.2447231233119964,1.2395928263664246,1.2341723561286926,1.226947259902954,1.2214277982711792,1.2167100250720977,1.2100131630897522,1.2035126030445098,1.1975767731666564,1.190145444869995,1.1829388737678528,1.175968086719513,1.169918704032898,1.1627263605594635,1.1534739136695862,1.1464164972305297,1.1387638807296754,1.1327077805995942,1.1236165285110473,1.1162619233131408,1.1072025299072266,1.0987995207309722,1.0905585765838623,1.081912887096405,1.0728761792182921,1.063747227191925,1.0542737662792205,1.0461021840572358,1.0351966500282288,1.025501909852028,1.0151799947023392,1.0035656273365021,0.9948054522275924,0.9841629475355148,0.974361675977707,0.962822151184082,0.9540766894817352,0.9424186795949936,0.9321517705917358,0.9204999297857285,0.9094802230596543,0.8981642305850983,0.8879215389490127,0.8750515282154083,0.8646941035985947,0.852530351281166,0.8406258583068847,0.8281313240528106,0.8160853743553161,0.803922700881958,0.7912873208522797,0.7792508333921433,0.7665931880474091,0.7569106996059418,0.7448082774877548,0.7308038979768753,0.7182395607233047,0.7071587860584259,0.6956697642803192,0.6841821789741516,0.6702755928039551,0.6593343675136566,0.6448658585548401,0.6348120212554932,0.6222223043441772,0.6093169063329696,0.596761417388916,0.584832364320755,0.5710697174072266,0.5577333629131317,0.5459742724895478,0.532828202843666,0.5207064211368561,0.507125836610794,0.49583387821912767,0.4832094103097916,0.47097027152776716,0.45939798653125763,0.44569770693778993,0.4328219726681709,0.4218433678150177,0.4082008808851242,0.3967885211110115,0.3830105349421501,0.3718436315655708,0.35930821895599363,0.34735399633646014,0.3344938263297081,0.321355938911438,0.3087890923023224,0.2974753022193909,0.2843734949827194,0.27171302735805514,0.2610556721687317,0.24893279671669005,0.2365714393556118,0.22429844960570336,0.2115121826529503,0.1991924986243248,0.1879000335931778,0.17522079423069953,0.16435390263795852,0.15321814641356468,0.1411761946976185,0.12902391254901885,0.11432229653000832,0.10722552016377448,0.0997110765427351,0.08478257805109024,0.09021456614136696,0.07638150788843631,0.0769511427730322,0.0,0.08025841750204563,0.0798051580786705,0.0781142596155405,0.0956147164106369,0.10117105394601822,0.11415335536003113,0.12564730010926722,0.135928875207901,0.1525606982409954,0.16411468386650085,0.1800270102918148,0.19601939097046853,0.21066672578454018,0.23157981485128404,0.25088703334331514,0.2732421085238457,0.2943830668926239,0.32333194017410277,0.3729034498333931
t_18,1.4143412292003632,1.4134802103042603,1.4142397224903107,1.4130075335502625,1.4123198568820954,1.4115848302841187,1.4102111876010894,1.4089672029018403,1.4071408987045289,1.4064159452915193,1.4052562832832336,1.4039710342884064,1.4036235511302948,1.4021456480026244,1.4018302500247954,1.400200617313385,1.3984304308891295,1.3971998929977416,1.3965005695819854,1.3949560046195983,1.3933143675327302,1.3930504739284515,1.3915514945983887,1.3895931541919708,1.387890213727951,1.3869050025939942,1.386218547821045,1.383904403448105,1.3823313474655152,1.3812489807605743,1.3790078997611999,1.3777534067630768,1.3756056427955627,1.3738528192043304,1.3714955627918244,1.368904423713684,1.3676170349121093,1.3648550987243653,1.363369446992874,1.3607106626033783,1.3588660538196564,1.3554159104824066,1.3528734862804412,1.3511860847473145,1.3475724160671234,1.3444901943206786,1.3413276970386505,1.3383639931678772,1.335213029384613,1.3323189079761506,1.3282107353210448,1.3243593275547028,1.3207530915737151,1.3171683430671692,1.3127063274383546,1.3086752533912658,1.3043599367141723,1.300048840045929,1.2961260616779327,1.2911536276340485,1.2857447981834411,1.2806384325027467,1.2764147758483886,1.2708561778068543,1.2660044729709625,1.261419653892517,1.2559063494205476,1.2495059549808503,1.2459306597709656,1.2407931447029115,1.2354455173015595,1.2282672822475433,1.222974270582199,1.2182320952415466,1.211571854352951,1.2051517963409424,1.1992837369441987,1.1918613016605377,1.1847678780555726,1.1779296934604644,1.1719771325588226,1.1650072991847993,1.1556962609291077,1.148838371038437,1.141233080625534,1.1351334869861602,1.1263451874256134,1.1189504981040954,1.1100732266902924,1.1016018390655518,1.093732762336731,1.084884124994278,1.0759581267833709,1.067313116788864,1.0576645970344543,1.0494953632354735,1.0387109100818634,1.0291141271591187,1.0190104454755784,1.0074930220842362,0.9991474241018296,0.988246500492096,0.978621956706047,0.9675280570983886,0.9588365942239762,0.9470594435930252,0.9368557631969452,0.9252756059169769,0.914477726817131,0.9034680694341659,0.893704178929329,0.8806450307369232,0.8708926916122437,0.8582868069410324,0.8467461794614792,0.8344703108072281,0.8223521798849106,0.8102065563201905,0.7976671844720841,0.7861869931221008,0.7733100831508637,0.7639382779598236,0.7525109738111496,0.7380435109138489,0.7255964517593384,0.7147171497344971,0.7044253349304199,0.6930539309978485,0.6787820279598236,0.6678990215063095,0.6532085567712784,0.6439837336540222,0.6310631722211838,0.6182805866003036,0.6060300409793854,0.5946780383586884,0.5809230804443359,0.5675974309444427,0.5566695868968964,0.5428156584501267,0.5311723262071609,0.5177469789981842,0.5065774232149124,0.49371007531881334,0.4823882818222046,0.4704350933432579,0.45766741037368774,0.44411867260932925,0.43376056998968127,0.42181769460439683,0.40839601755142213,0.3960340067744255,0.3836906239390373,0.372939233481884,0.3622154012322426,0.34686427414417265,0.33500839918851855,0.32268321663141253,0.3105637222528458,0.29744099676609037,0.2858317345380783,0.2748974710702896,0.2630060315132141,0.2506374530494213,0.23822728991508485,0.22740288376808165,0.2153094969689846,0.201117804646492,0.19010208398103715,0.1777278885245323,0.168979249894619,0.1546856179833412,0.1438904210925102,0.13208728581666945,0.12104260437190532,0.11250487230718136,0.1014692097902298,0.0936155665665865,0.08880672119557857,0.08041087239980697,0.08025841750204563,0.0,0.07788852341473103,0.08000654764473439,0.08944351337850094,0.09558749347925186,0.1014646302908659,0.11726144179701806,0.12937861829996108,0.14089629501104356,0.15595520213246344,0.16596242040395737,0.1823219507932663,0.19777833223342894,0.21744908019900322,0.23650596886873246,0.2591459766030312,0.2821810215711594,0.31170544475317,0.3600885421037674
t_17,1.4152631878852844,1.4144251585006713,1.4151730298995973,1.4139534950256347,1.4132756888866425,1.412540853023529,1.4111926794052123,1.4099689364433288,1.4081605851650238,1.4074425876140595,1.4063089609146118,1.4050374984741212,1.4046880006790161,1.4032386481761931,1.4029355943202972,1.4013331711292267,1.3995799481868745,1.3983771741390227,1.3976826250553132,1.3961570978164672,1.394543868303299,1.3942930102348328,1.3928223550319672,1.3908793330192566,1.3891931056976319,1.3882197976112365,1.3875618040561677,1.3852745175361634,1.3837085366249084,1.382658839225769,1.3804341316223145,1.3792020082473755,1.3770735681056976,1.375343096256256,1.3729969024658204,1.370440697669983,1.3691570043563843,1.366415548324585,1.3649511218070984,1.362310492992401,1.360491544008255,1.3570648908615113,1.3545571148395539,1.352882558107376,1.3492976427078247,1.3462302267551423,1.3430992901325225,1.3401629149913787,1.3370436549186706,1.3341840147972106,1.330083465576172,1.3262665629386903,1.3226863265037536,1.319116735458374,1.3146696150302888,1.3106909453868867,1.306413048505783,1.3021216988563538,1.2982202291488647,1.2932867407798767,1.2878933012485505,1.2828268229961395,1.2786238551139832,1.2730882823467256,1.2682932257652282,1.2637345612049102,1.2582613229751587,1.2518972098827361,1.2483400583267212,1.243261557817459,1.2379433333873748,1.2308195948600769,1.2255184352397919,1.2208383142948152,1.2142070174217223,1.2078413784503936,1.2020160555839539,1.194665551185608,1.1876299619674682,1.1808008134365082,1.1749383628368377,1.1680065155029298,1.1587433815002441,1.1519226372241973,1.144371074438095,1.1383166790008545,1.1296006679534911,1.1222455143928527,1.113431066274643,1.1050795257091521,1.0971888184547425,1.0884063780307769,1.0795587480068207,1.0709329068660736,1.0614266633987426,1.0533762514591216,1.04258451461792,1.033044296503067,1.0230246126651763,1.0115341603755952,1.0032882422208786,0.9925054430961608,0.9829682916402817,0.971883910894394,0.96327346265316,0.9516137272119523,0.9415549755096435,0.9300465524196625,0.9192322850227356,0.9084017246961593,0.8986275553703308,0.8857959479093551,0.8759603768587112,0.8636704087257385,0.8521374642848969,0.8399534314870835,0.8280061513185502,0.8159691989421844,0.8034961342811584,0.792142254114151,0.7793413251638412,0.7701074868440628,0.7587084174156189,0.7443272352218628,0.7320249408483506,0.7212759137153626,0.710934990644455,0.6997102797031403,0.6855215549468994,0.6747462630271912,0.6603192031383515,0.6511039048433304,0.6383512169122696,0.625674718618393,0.6135680347681045,0.6022609561681748,0.5889647901058197,0.5756708860397339,0.564711281657219,0.5510195702314377,0.539462023973465,0.5261806339025498,0.5148956805467606,0.5024441331624985,0.4911185771226883,0.4791499897837639,0.4666102766990662,0.45327898412942885,0.4431870743632317,0.4308992475271225,0.41758008152246473,0.4051693856716156,0.39372718185186384,0.3818294733762741,0.3709601417183876,0.3567246302962303,0.3446416050195694,0.33251888304948807,0.3204561352729797,0.3076282113790512,0.29605523496866226,0.28452468365430833,0.2730552971363068,0.2606977432966232,0.24730734452605246,0.23748127669095992,0.22565665543079377,0.21132714971899985,0.19875282049179077,0.1870587795972824,0.17635479420423508,0.16435566246509553,0.1533903770148754,0.1397301323711872,0.12974915653467178,0.1184372428804636,0.10715516023337841,0.10380919575691223,0.09236425049602985,0.07800714075565338,0.0798051580786705,0.07788852341473103,0.0,0.07293622717261314,0.07460757046937942,0.08105137050151826,0.09124310910701752,0.10380234941840172,0.11332421377301216,0.12716311812400818,0.13936723321676253,0.1543562591075897,0.17004988193511963,0.18496220409870148,0.2049785651266575,0.22570395544171334,0.24847539141774178,0.2717936098575592,0.301714026927948,0.35058969259262085
t_16,1.4154333233833314,1.4145779490470887,1.415327250957489,1.4140799582004546,1.4133928656578063,1.4126435220241547,1.4112595438957214,1.4100169241428375,1.408179098367691,1.40743927359581,1.406273353099823,1.4049774050712585,1.404622769355774,1.403133362531662,1.4028025269508362,1.4011707246303557,1.3993712723255158,1.3981429576873778,1.3974372029304505,1.395879864692688,1.3942253530025481,1.3939645409584045,1.3924697935581207,1.39049431681633,1.3887961685657502,1.3878101408481598,1.387100052833557,1.3848007142543792,1.3832152962684632,1.382152497768402,1.3799185931682587,1.3786727845668794,1.3765009701251985,1.3747928202152253,1.3724357306957244,1.3698735058307647,1.3685777604579925,1.3658529996871949,1.3643717825412751,1.3617163300514221,1.3599041521549224,1.3564910292625427,1.3539456486701966,1.352282351255417,1.3487146615982055,1.3456415832042694,1.3425052285194397,1.3395841121673584,1.336459618806839,1.333611297607422,1.329531455039978,1.3257273972034453,1.322152417898178,1.3185693562030791,1.3141706168651581,1.3101745963096618,1.305914044380188,1.3016062140464784,1.297691035270691,1.2928478598594666,1.2874412000179292,1.2823959469795227,1.2781886875629425,1.2726972818374633,1.2679337441921235,1.2633368492126464,1.2578424096107483,1.2515747368335723,1.2480019748210907,1.2429461658000946,1.2376412451267242,1.2305674314498902,1.2252195179462433,1.2205656051635743,1.2139951169490815,1.2076486349105835,1.2018212914466857,1.194519293308258,1.1874899566173553,1.180702543258667,1.1747966468334199,1.1678160071372985,1.1587361454963685,1.1518818616867066,1.1443833112716675,1.1384248077869414,1.1296000897884368,1.1223848283290863,1.1135587692260742,1.1052964210510254,1.0973560154438018,1.0888105571269988,1.0800132989883422,1.0712493896484374,1.061895978450775,1.053887289762497,1.0432755887508391,1.0338253200054168,1.0238148719072342,1.0125233113765717,1.0040979623794555,0.9935990124940872,0.9840911626815796,0.9730067998170853,0.9644626080989838,0.9530315130949021,0.9430170655250549,0.9317284673452377,0.9210387736558914,0.9101370424032211,0.9003439277410508,0.8877143234014511,0.8778402239084244,0.8658115565776825,0.8543664366006851,0.8423631995916366,0.8305991023778916,0.8188098192214965,0.8065267384052277,0.7950723975896835,0.7827061206102371,0.7733785092830658,0.7619260370731353,0.7481534540653229,0.7360122114419937,0.7252903908491135,0.7146164536476135,0.7035299301147461,0.6899419039487839,0.6794209092855453,0.6653397858142853,0.6559481769800186,0.6436515361070633,0.6311486631631851,0.6191038250923157,0.6077223718166351,0.5944432705640793,0.5815333485603332,0.5706178307533264,0.5576242119073868,0.5460555911064148,0.532992935180664,0.522170004248619,0.5098103657364845,0.4984861880540848,0.487037667632103,0.47409816533327104,0.4614617720246315,0.45116508156061175,0.4386525571346283,0.4266682744026184,0.41381263732910156,0.4024903208017349,0.39117107093334197,0.38001073598861695,0.3665020868182182,0.35441945493221283,0.3422190651297569,0.3310363829135895,0.31822444796562194,0.3061561957001686,0.2955812826752663,0.2836993828415871,0.271720652282238,0.2592210456728935,0.24782661944627762,0.2357371985912323,0.22321025282144547,0.21092191860079765,0.19981675297021867,0.18889740630984306,0.17680399119853973,0.16426347196102142,0.1494913436472416,0.14024937003850937,0.13000937327742576,0.11627555191516876,0.11342422850430012,0.09870831184089184,0.090583823248744,0.0781142596155405,0.08000654764473439,0.07293622717261314,0.0,0.07471542805433273,0.07381927110254764,0.08182819336652755,0.0913672275841236,0.10049151591956615,0.11605053991079331,0.12695382609963418,0.1417706660926342,0.15709516331553458,0.1718194715678692,0.1934318207204342,0.21307520493865012,0.23673569709062575,0.2585267052054405,0.28895086646080015,0.3412023112177849
t_15,1.4158302128314972,1.4149863481521607,1.4157282531261444,1.414498323202133,1.4138238966464995,1.4130893886089324,1.4117352724075318,1.4105088114738464,1.4086887776851653,1.4079667568206786,1.4068285882472993,1.4055629074573517,1.40520339012146,1.4037399768829346,1.403427654504776,1.401826399564743,1.4000683426856995,1.3988714635372161,1.3981794655323028,1.3966518461704254,1.3950421988964081,1.3947995185852051,1.3933254420757293,1.3913891732692718,1.3897162616252898,1.3887484312057494,1.38807755112648,1.3858091235160828,1.3842637300491334,1.383222186565399,1.3810092329978942,1.3797894418239594,1.3776613652706147,1.3759643733501434,1.3736269116401671,1.3710927009582519,1.3698161840438843,1.3671043276786805,1.365640789270401,1.3630212008953095,1.361238718032837,1.3578501701354981,1.3553480327129364,1.3536932826042176,1.3501570880413056,1.3471147179603578,1.3440071642398834,1.3411119520664214,1.3380131602287293,1.335183048248291,1.3311289191246032,1.3273499369621278,1.3238103926181792,1.3202639758586883,1.3158842265605926,1.3119288086891174,1.307707953453064,1.3034469366073609,1.299575650691986,1.2947459757328033,1.2893998503684998,1.2844106376171112,1.280248910188675,1.274799460172653,1.2700638830661775,1.2655310451984405,1.2601064920425415,1.2538676798343658,1.2503438889980316,1.2453484773635863,1.2400763630867004,1.233068233728409,1.2277972638607024,1.2231930911540985,1.216678261756897,1.2103918731212615,1.2046351850032806,1.1974182188510896,1.190474134683609,1.1837222635746003,1.177942508459091,1.171047306060791,1.1619903504848481,1.1552376568317413,1.147808849811554,1.141883558034897,1.1332259833812715,1.126030260324478,1.1173427522182464,1.109159243106842,1.1013156294822692,1.0927723944187164,1.0840671718120576,1.0754885852336884,1.066201627254486,1.058314073085785,1.0477397978305816,1.0383733689785004,1.0285210609436035,1.0172627747058869,1.0090717136859895,0.9985659301280976,0.9892183095216751,0.9782780528068542,0.9698390126228332,0.9584784090518952,0.9485867142677307,0.9373765081167221,0.926776459813118,0.9160851985216141,0.9064791172742843,0.8939494818449021,0.8842298984527588,0.8723688364028931,0.8610787272453309,0.8491002649068833,0.8375236243009567,0.8257868528366089,0.8136520355939865,0.8024654120206833,0.7900912135839462,0.7810691565275192,0.7698181748390198,0.7559870928525925,0.7439862847328186,0.7335405349731445,0.7232135474681854,0.7122830241918564,0.6986111462116241,0.6882441967725754,0.6742197334766388,0.6651326417922974,0.6528302222490311,0.640576821565628,0.6288037836551666,0.6176855325698852,0.6048366814851761,0.5919184178113938,0.5810502886772155,0.5681588768959045,0.5568259805440903,0.5439335614442825,0.5330978572368622,0.5209967941045761,0.5098202839493752,0.4985436722636223,0.48614798188209535,0.4734753057360649,0.463454133272171,0.4511952430009842,0.43893932849168776,0.42655413001775744,0.415503191947937,0.40376102924346924,0.3929575115442276,0.3799060046672821,0.3678932756185532,0.3560770511627197,0.34439668953418734,0.33192462027072905,0.3204730451107025,0.30962745398283004,0.2983017563819885,0.2863589644432068,0.2735042229294777,0.26282919347286227,0.2509349167346954,0.23734023347496985,0.22538833022117616,0.21433588042855262,0.20356930568814277,0.19112355038523673,0.17850902751088144,0.16588661447167397,0.15675485655665397,0.14412020072340964,0.13227302506566047,0.12498053163290024,0.11571600213646889,0.09831960424780846,0.0956147164106369,0.08944351337850094,0.07460757046937942,0.07471542805433273,0.0,0.06922271847724915,0.07635233998298645,0.08790737353265285,0.09173679426312446,0.1008778054267168,0.11664045862853527,0.12957404926419258,0.1463558293879032,0.15991391539573668,0.17978850305080413,0.20005056485533715,0.2237843669950962,0.24733336567878722,0.2780158489942551,0.32976592481136324
t_14,1.4162560164928437,1.4154074966907502,1.416142737865448,1.4148975670337678,1.4142159581184388,1.4134622514247894,1.4120913684368133,1.4108632147312163,1.4090339243412018,1.4082969069480895,1.4071453869342805,1.4058783054351807,1.4055247485637665,1.4040437400341035,1.4037112772464753,1.4021075308322906,1.4003365635871887,1.399120604991913,1.398416244983673,1.3968693912029266,1.3952382802963257,1.3949877083301545,1.3935039043426514,1.3915542125701905,1.3898691892623902,1.3888924539089202,1.3882047653198242,1.3859329998493195,1.3843714714050293,1.3833288192749023,1.3811071038246154,1.3798859655857085,1.3777465403079987,1.3760608613491059,1.3737238883972167,1.371181571483612,1.3699187219142914,1.367219913005829,1.3657584071159363,1.3631328225135804,1.3613537430763245,1.3579880356788636,1.3554820120334625,1.3538374304771423,1.350317621231079,1.347278541326523,1.3441986382007598,1.3413125872612,1.3382326066493988,1.335418063402176,1.331380146741867,1.327633225917816,1.3241004824638367,1.3205596268177033,1.3162104427814483,1.3122874259948731,1.308099228143692,1.3038288235664368,1.2999697923660278,1.2952225804328918,1.2898763358592986,1.2849433660507201,1.2807720243930816,1.2753542840480805,1.2706577718257903,1.2661198377609253,1.2607288300991057,1.2545434534549713,1.2510067164897918,1.2460501194000244,1.2408094227313995,1.2338569223880769,1.228554356098175,1.2239817261695862,1.2175160944461823,1.2112672626972198,1.2055499792098998,1.1983837604522705,1.191462403535843,1.1847224950790405,1.1789652585983277,1.172076368331909,1.1631219983100891,1.1563572406768798,1.1489873290061952,1.1431242227554321,1.134470146894455,1.1273480117321015,1.118689811229706,1.1106261134147644,1.1027593910694122,1.0943631947040557,1.0857332229614258,1.0770845472812653,1.067968589067459,1.060158896446228,1.0496345698833465,1.040371733903885,1.0305471301078797,1.0194318443536758,1.0111873030662537,1.0009437143802642,0.9916033923625946,0.9806613385677337,0.9722612470388412,0.9611388474702836,0.9513611704111099,0.9402664512395859,0.9297594100236892,0.919126757979393,0.9094648450613022,0.8971847146749496,0.8873926967382431,0.8758302420377732,0.8645675003528595,0.8526980638504028,0.8413418292999267,0.8297800302505494,0.8177921414375305,0.806626045703888,0.7944821208715439,0.7854580789804458,0.7741966664791107,0.7607002139091492,0.7488797813653946,0.7384953230619431,0.7279623687267304,0.7171016544103622,0.7038978725671768,0.6935654222965241,0.6799081772565841,0.6707089155912399,0.6587245851755142,0.6465506762266159,0.6348955035209656,0.6238670915365219,0.6111798524856568,0.5985363245010376,0.5876607060432434,0.5750864982604981,0.5639411270618438,0.5512992322444916,0.5405998915433884,0.5287167012691498,0.5175026029348373,0.5063714563846589,0.49393458366394044,0.481847083568573,0.4719389393925667,0.4592041149735451,0.4477678626775742,0.43518792688846586,0.424706856906414,0.4126098737120628,0.4016982078552246,0.38949848115444186,0.37720765471458434,0.36555779427289964,0.35444899648427963,0.34216071516275404,0.3303699865937233,0.3196289226412773,0.3086714446544647,0.29635088294744494,0.28379016518592837,0.2724887982010841,0.2612613201141357,0.24818192720413207,0.23582434877753258,0.2252386450767517,0.21450152471661568,0.20219892337918283,0.18992819115519524,0.1754328653216362,0.16661223098635675,0.1542138747870922,0.141994009912014,0.1361363098025322,0.12417105622589589,0.1092354703694582,0.10117105394601822,0.09558749347925186,0.08105137050151826,0.07381927110254764,0.06922271847724915,0.0,0.0680150531232357,0.07801836058497429,0.08072673492133617,0.09184918217360974,0.10313693024218082,0.11770511046051979,0.13428373858332635,0.14713684767484664,0.16847068592905998,0.18905041366815567,0.21282270699739456,0.2357597269117832,0.2667936757206917,0.32032724320888517
t_13,1.4146890699863435,1.4138619303703308,1.4146004736423492,1.413378155231476,1.4127174079418183,1.4119873464107513,1.4106515288352965,1.409449166059494,1.4076581239700316,1.4069506347179412,1.4058204531669616,1.4045825242996215,1.4042433679103852,1.4028163373470306,1.4025079488754273,1.4009373903274536,1.3992029190063477,1.3980335354804994,1.397343647480011,1.3958548545837401,1.3942591428756714,1.3940126538276671,1.3925717771053314,1.3906720519065856,1.3890197813510894,1.3880643784999847,1.38741192817688,1.3851708114147185,1.3836450636386872,1.3826137363910675,1.3804331243038177,1.3792254447937011,1.3771369099617004,1.37545303106308,1.3731445848941803,1.370621883869171,1.3693583965301515,1.3666728019714356,1.3652295887470245,1.3626350522041322,1.3608467698097229,1.357483869791031,1.3550111770629882,1.3533587515354157,1.3498533725738526,1.3468402087688447,1.3437643110752107,1.3408765554428101,1.3378111481666566,1.3350086510181427,1.3309907734394073,1.3272531509399415,1.3237604439258575,1.320254909992218,1.3159076511859893,1.312005752325058,1.3078184843063354,1.303630644083023,1.2998262763023376,1.295016586780548,1.2897473990917205,1.2848002791404725,1.2807017385959625,1.2753124952316284,1.27062446475029,1.2661707520484924,1.2608359932899476,1.2546435177326203,1.251198661327362,1.2462333500385285,1.241034698486328,1.2341220557689667,1.2289662659168243,1.2243917286396027,1.2179459929466248,1.211746299266815,1.206052654981613,1.1989008069038392,1.1920593500137329,1.1854299545288085,1.1797120690345764,1.1729790627956391,1.1640032231807709,1.1573737144470215,1.1500502407550812,1.1441525936126709,1.1356976866722106,1.1285772025585175,1.1200266063213349,1.1119197368621827,1.1042963981628418,1.0957814514636994,1.0872112691402436,1.0789126694202422,1.069667434692383,1.0618413984775543,1.0514443457126617,1.042224681377411,1.0326014041900635,1.0215570658445359,1.0135732889175415,1.0031291157007218,0.9939643800258636,0.9833462834358215,0.9750258564949036,0.9637773782014847,0.9540162533521652,0.9430125832557679,0.9326323360204697,0.922216248512268,0.9129246264696121,0.9004972845315933,0.89112548828125,0.8792784422636032,0.8682973146438598,0.8566291391849518,0.8451833903789521,0.8336541652679443,0.8217205047607422,0.8109886944293976,0.7987063258886338,0.7898529380559921,0.7791303336620331,0.7653784692287445,0.7536408215761184,0.7433593183755874,0.7337609738111496,0.7229125797748566,0.7095215737819671,0.699350780248642,0.6855120807886124,0.6768830448389054,0.664709597826004,0.6527700453996659,0.6411963939666748,0.6304671406745911,0.6179233372211457,0.6052979528903961,0.5950831174850464,0.582087829709053,0.5711308270692825,0.5587971299886704,0.5481154441833496,0.5360709577798843,0.5256468385457993,0.5142650246620178,0.5024330645799637,0.4899676725268364,0.4803534045815468,0.4690846785902977,0.45623117685317993,0.444584833085537,0.4331479802727699,0.4229044884443283,0.4128324121236801,0.3987876161932945,0.38722955733537673,0.37573631256818774,0.3641973569989204,0.35208861231803895,0.3405243203043938,0.33002132177352905,0.3188051268458366,0.30704935938119887,0.2947759315371513,0.2844828426837921,0.2729820817708969,0.25921711772680284,0.24767901971936226,0.23620596006512642,0.22560810372233392,0.21337679922580718,0.20156657695770264,0.18823475018143654,0.1771388381719589,0.1663912519812584,0.15419348999857901,0.14483481869101525,0.13374894857406616,0.11817615628242492,0.11415335536003113,0.1014646302908659,0.09124310910701752,0.08182819336652755,0.07635233998298645,0.0680150531232357,0.0,0.07509275525808334,0.07654230557382107,0.08515319861471653,0.09843226671218872,0.10303508043289185,0.12101323120296001,0.13495882824063302,0.15455236434936523,0.17460859715938568,0.19857197552919387,0.22289814949035644,0.254759681224823,0.30809500962495806
t_12,1.4150825023651123,1.4142529368400574,1.4149840295314788,1.4137641489505768,1.4130896985530854,1.4123580276966095,1.4110192775726318,1.4098071098327636,1.408018672466278,1.407303261756897,1.4061674237251283,1.4049235105514526,1.4045779645442962,1.403134036064148,1.402816516160965,1.4012458086013795,1.399503231048584,1.39832501411438,1.397636502981186,1.3961419463157654,1.3945465743541718,1.394301813840866,1.3928491950035096,1.3909402191638947,1.3892838478088378,1.388328444957733,1.387665754556656,1.385438197851181,1.3839065194129945,1.3828801214694977,1.380698126554489,1.379489141702652,1.3773886740207673,1.3757248044013977,1.373424243927002,1.3709176182746887,1.3696507096290589,1.3669835567474364,1.3655372262001038,1.362953817844391,1.361181026697159,1.3578462660312653,1.355381441116333,1.3537478864192962,1.3502609729766846,1.347257876396179,1.3442093014717102,1.341347235441208,1.338287490606308,1.3355125308036804,1.3315204560756684,1.3278051018714905,1.32431520819664,1.320836216211319,1.3165386497974396,1.312659388780594,1.3085028111934662,1.304334396123886,1.3005389511585235,1.2958092987537384,1.290553092956543,1.285672265291214,1.281585967540741,1.2762385308742523,1.27158425450325,1.2671338260173797,1.2618310868740081,1.255724847316742,1.2522471845149994,1.2473490178585052,1.242191529273987,1.235353946685791,1.2301770985126494,1.2256332516670227,1.2192560374736785,1.2131195068359375,1.207475906610489,1.2003835439682007,1.193592870235443,1.1870065927505493,1.1813065350055694,1.174595683813095,1.165726798772812,1.1591354727745056,1.1518968045711517,1.1460793197155,1.1376073241233826,1.1305904328823089,1.1220967710018157,1.1140986680984497,1.106482446193695,1.0981390058994294,1.0896557807922362,1.0813121676445008,1.0722642481327056,1.0645359456539154,1.0542657732963563,1.045149141550064,1.0355651021003722,1.0246639043092727,1.0166893362998963,1.006502029299736,0.9973627775907516,0.9867909997701645,0.9785293310880661,0.9675177216529847,0.9579010218381881,0.9470150083303451,0.9367948055267334,0.9264070570468903,0.9171452939510345,0.9049707293510437,0.8956427603960038,0.8840599238872529,0.873171603679657,0.8616147369146347,0.8503985524177551,0.8390639215707779,0.8273526072502136,0.8165589451789856,0.8046542406082153,0.7958269417285919,0.7850635379552842,0.7717656373977662,0.7602117419242859,0.7500610172748565,0.7402782022953034,0.7296513736248016,0.7166633069515228,0.7065648436546326,0.6930765897035599,0.6843709826469422,0.6725568056106568,0.6606971085071563,0.6493409663438797,0.6388523787260055,0.6263289630413056,0.6140523791313172,0.6038541525602341,0.5912729948759079,0.5805268466472626,0.568285995721817,0.5579452186822891,0.5462321162223815,0.5356538385152817,0.524714344739914,0.5128436774015427,0.5007748901844025,0.49122013747692106,0.4796192482113838,0.4677910372614861,0.4560316979885101,0.4451832786202431,0.43454739898443223,0.4243912875652313,0.4111240401864052,0.39958335310220716,0.38826534152030945,0.3772798880934715,0.36535106003284457,0.3539305359125137,0.34374850392341616,0.3328298658132553,0.3206598937511444,0.30889749974012376,0.2983254224061966,0.28739462345838546,0.2738416209816933,0.26237343400716784,0.25095671266317365,0.2402399778366089,0.22872037887573243,0.21670618355274202,0.20262672156095504,0.19254479557275772,0.18128475025296212,0.16949913576245307,0.16028187349438666,0.1454165019094944,0.13615933582186698,0.12564730010926722,0.11726144179701806,0.10380234941840172,0.0913672275841236,0.08790737353265285,0.07801836058497429,0.07509275525808334,0.0,0.07143245674669743,0.08184257820248604,0.0867045447230339,0.0971904031932354,0.10601589493453503,0.12372465245425701,0.14371872320771217,0.16323870345950126,0.18619186282157899,0.20970398783683777,0.2415964797139168,0.29733569622039796
t_11,1.4160284459590913,1.4152022182941437,1.4159358322620392,1.414704728126526,1.4140430688858032,1.4133044123649596,1.411956250667572,1.4107510089874267,1.4089490175247192,1.408230710029602,1.4071025729179383,1.405864030122757,1.405512171983719,1.4040734231472016,1.4037582457065583,1.4021930396556854,1.4004403114318849,1.3992803037166595,1.3985920786857604,1.397084605693817,1.3954886198043823,1.3952503204345703,1.3938038289546966,1.391903805732727,1.3902554750442504,1.3893028974533081,1.388643628358841,1.3864234507083892,1.384892338514328,1.3838878989219665,1.3817146301269532,1.3805157840251923,1.3784162104129791,1.37677361369133,1.3744960188865663,1.372005170583725,1.3707574129104614,1.36811306476593,1.3666824519634246,1.364111876487732,1.362369829416275,1.3590470492839812,1.3566005885601045,1.354972058534622,1.3515331089496612,1.3485351979732514,1.3455017924308776,1.3426813721656798,1.3396696388721465,1.3369125306606293,1.3329356014728546,1.3292657136917114,1.3258130311965943,1.3223323583602906,1.3180796027183532,1.314239263534546,1.310113799571991,1.3059359252452851,1.3021638870239258,1.297508418560028,1.2922746300697328,1.2874207556247712,1.2833433985710143,1.2780446887016297,1.2734694957733155,1.2690168738365173,1.2637155175209045,1.2576741516590118,1.2542291402816772,1.2493615925312043,1.244219571352005,1.2374401450157166,1.2322377979755401,1.227765327692032,1.2214344978332519,1.215344786643982,1.2097349405288695,1.202718484401703,1.1959743797779083,1.189397794008255,1.1837627172470093,1.177039873600006,1.1682830333709717,1.161688768863678,1.1545043528079986,1.1487795472145081,1.1403349041938782,1.1334007620811462,1.1249470710754395,1.1170685052871705,1.1093968212604524,1.1012259781360627,1.0927964091300963,1.084415453672409,1.075501960515976,1.0678745806217194,1.0576474964618683,1.048612654209137,1.0390934705734254,1.0282785981893539,1.0202701032161712,1.01026448905468,1.0012142688035965,0.9906018763780594,0.9824491918087006,0.9716210693120957,0.9620982885360718,0.9513729870319366,0.9411476522684097,0.930849140882492,0.9215393096208573,0.9095886945724487,0.9001551181077957,0.8888976454734803,0.8780260026454926,0.8665623009204865,0.8555423587560653,0.8443731904029846,0.8327623456716537,0.8220216184854507,0.8103051960468293,0.8015733629465103,0.7907781302928925,0.7777375698089599,0.7663581073284149,0.7563260406255722,0.7462862610816956,0.7358223140239716,0.7231023341417313,0.713211590051651,0.6999991446733475,0.691241267323494,0.679694128036499,0.6680719554424286,0.6568618476390838,0.6462509512901307,0.6341131508350373,0.622005233168602,0.6116586118936539,0.5995669394731522,0.5888811707496643,0.5768503755331039,0.5665747225284576,0.5551959961652756,0.5446155607700348,0.5338547319173813,0.5220796167850494,0.5103738933801651,0.5008958265185356,0.4890163138508797,0.4778239741921425,0.4659398585557938,0.45561573952436446,0.4445236071944237,0.4341220289468765,0.4220916539430618,0.4105519652366638,0.3992816865444183,0.38865323215723035,0.3769129678606987,0.36544175297021864,0.35522795021533965,0.34451062232255936,0.33272807002067567,0.3207742229104042,0.31028161495923995,0.2992189720273018,0.286656354367733,0.27462386041879655,0.26406646221876146,0.252652195841074,0.24139853268861772,0.22977008819580078,0.21525733917951584,0.20572946295142175,0.19449832662940025,0.1812550753355026,0.17419228777289392,0.16005543246865273,0.14717530235648155,0.135928875207901,0.12937861829996108,0.11332421377301216,0.10049151591956615,0.09173679426312446,0.08072673492133617,0.07654230557382107,0.07143245674669743,0.0,0.07359051518142223,0.07315261363983154,0.0875261414796114,0.09933804534375668,0.10983932316303253,0.12980116605758668,0.15113626644015313,0.17507697492837906,0.19699773117899894,0.22925403118133544,0.286644934117794
t_10,1.4160603940486909,1.4152513980865478,1.4159724056720733,1.4147591590881348,1.4141029596328736,1.413377857208252,1.4120553076267242,1.4108639419078828,1.4090911209583283,1.4083778977394104,1.4072727262973785,1.4060586750507356,1.4057118356227876,1.4042904853820801,1.403985470533371,1.4024392545223237,1.4007093846797942,1.3995724737644195,1.3988888800144195,1.3974046885967255,1.3958285927772522,1.3955941557884217,1.3941611289978026,1.3922772228717804,1.3906354904174805,1.3896970272064209,1.3890492558479308,1.3868359267711639,1.3853092312812805,1.3843248307704925,1.3821666955947876,1.3809745252132415,1.3788972198963165,1.3772549211978913,1.3750054240226746,1.3725162744522095,1.3712853968143464,1.3686474323272706,1.3672241508960723,1.3646740674972535,1.362942397594452,1.3596434891223907,1.357220458984375,1.3556004166603088,1.3521852970123291,1.3492125213146209,1.3462001621723174,1.3434072136878967,1.3404118895530701,1.337674218416214,1.333731120824814,1.3300825774669647,1.3266454339027405,1.3231982111930847,1.3189736783504487,1.3151537597179412,1.311065024137497,1.3069331169128418,1.3031927943229675,1.298537939786911,1.2933545649051665,1.2885454952716828,1.2845064580440522,1.279233992099762,1.2746853411197663,1.270290768146515,1.2650541245937348,1.2590449512004853,1.2556482970714569,1.2508226096630097,1.2457375288009644,1.238988423347473,1.2338728964328767,1.2294335544109345,1.2231514155864716,1.217102700471878,1.2115564048290253,1.204582929611206,1.1979027390480042,1.1913991510868072,1.185817003250122,1.1791739344596863,1.1704646468162536,1.1639523684978486,1.1568134129047394,1.1511270642280578,1.1428080439567565,1.1359037816524507,1.1275607645511627,1.1197393238544464,1.1121873676776886,1.1040074586868287,1.095678597688675,1.087454968690872,1.0785898625850678,1.0710253238677978,1.0608796179294586,1.0519311368465423,1.042564833164215,1.0318018257617951,1.023970052599907,1.0139930725097657,1.0050522714853287,0.9946097254753112,0.986514812707901,0.9757584244012832,0.9663399964570999,0.9556755423545837,0.945553982257843,0.9354355305433273,0.9262636840343476,0.9144042521715164,0.9051501959562301,0.893935140967369,0.8832107961177826,0.8719272583723068,0.8609663784503937,0.8499002665281296,0.8384218752384186,0.8278693586587906,0.8161977767944336,0.8076115906238556,0.7970532029867172,0.7840231776237487,0.7727653920650482,0.762887853384018,0.7531707614660264,0.7428622990846634,0.7301612764596939,0.7203363597393035,0.7072396159172059,0.698730981349945,0.6872533917427063,0.6757503062486648,0.6647708863019943,0.6544261306524277,0.6424005687236786,0.6303971827030181,0.6202968001365662,0.6082796305418015,0.5978393584489823,0.5858329594135284,0.5758141607046128,0.5644895285367966,0.554120472073555,0.5435177832841873,0.5320244014263154,0.5204010039567948,0.5111156433820725,0.49957871437072754,0.4882334068417549,0.4768125578761101,0.46642681807279585,0.4555561751127243,0.4455776959657669,0.43339150696992873,0.4221262365579605,0.4110981062054634,0.40046285688877103,0.38864600509405134,0.3778406694531441,0.36776482313871384,0.3570834264159203,0.3455690830945969,0.33353677242994306,0.3233952075242996,0.3123435631394386,0.299450458586216,0.2882462590932846,0.27718008160591123,0.2670154109597206,0.2548309721052647,0.2428349919617176,0.2298921562731266,0.2202073149383068,0.20800465419888498,0.19627498015761374,0.18592551052570344,0.17538295984268187,0.16111709848046302,0.1525606982409954,0.14089629501104356,0.12716311812400818,0.11605053991079331,0.1008778054267168,0.09184918217360974,0.08515319861471653,0.08184257820248604,0.07359051518142223,0.0,0.07457181215286254,0.08047055341303348,0.09183537550270557,0.10082816369831563,0.12023651078343392,0.13866102024912835,0.1625637337565422,0.18588973581790924,0.21804201528429984,0.2754595637321472
t_9,1.416493284702301,1.4156803607940673,1.416400295495987,1.415185272693634,1.414526927471161,1.4137919306755067,1.4124610662460326,1.411278212070465,1.4094994366168976,1.4087777018547059,1.4076681911945343,1.4064481675624847,1.4060965716838836,1.4046753644943237,1.4043643355369568,1.4028317272663116,1.401088833808899,1.3999557495117188,1.3992845296859742,1.3977961838245392,1.3962175011634828,1.3959994614124298,1.3945676565170289,1.3926809072494506,1.391050785779953,1.3901149153709411,1.389459991455078,1.3872791528701782,1.3857466161251069,1.384765386581421,1.382616549730301,1.3814393699169158,1.379344743490219,1.3777397990226745,1.3754826784133911,1.373012775182724,1.371777069568634,1.369165050983429,1.3677545130252837,1.365199375152588,1.3634930372238159,1.3602195382118225,1.3578106105327605,1.3562015116214752,1.352826601266861,1.3498440980911255,1.3468551635742188,1.3440862774848938,1.3411048889160155,1.3383882761001586,1.3344486474990844,1.330826646089554,1.3274032831192017,1.323961091041565,1.3197818219661712,1.3159847199916839,1.3119256496429443,1.3077868461608886,1.3040494918823242,1.2994945108890534,1.2943020582199096,1.2895318984985351,1.2854995667934417,1.2802660286426544,1.2757684409618377,1.271368384361267,1.266132539510727,1.2602117300033568,1.2567984342575074,1.2520096719264984,1.246944785118103,1.240267378091812,1.2350998938083648,1.23071728348732,1.2244767725467682,1.2184713900089263,1.2129620909690857,1.2060492098331452,1.1994072377681733,1.192918312549591,1.187360054254532,1.1807337522506713,1.1721325874328614,1.1656194150447845,1.15858251452446,1.152965259552002,1.1446223497390746,1.137822163105011,1.1294850528240203,1.121798688173294,1.114184957742691,1.1062102556228637,1.0979383051395417,1.089601594209671,1.080935573577881,1.073481011390686,1.0634120941162108,1.0545428276062012,1.0451898634433747,1.0345748305320739,1.0266836047172547,1.0169687569141388,1.0080515205860139,0.9976026356220246,0.9895653575658798,0.9790446370840072,0.9697543829679489,0.9592077225446701,0.9491875827312469,0.9390848219394684,0.929860508441925,0.9182564228773117,0.9089038699865342,0.8980502843856811,0.8873344153165817,0.8761759549379349,0.8654510080814362,0.8545756489038467,0.8432363778352737,0.8326551139354705,0.821315249800682,0.8127318859100342,0.8021100550889969,0.789521449804306,0.7784008234739304,0.7685945332050323,0.7585867494344711,0.748441356420517,0.7361445128917694,0.7264951527118683,0.7137723058462143,0.7050708204507827,0.6939802885055542,0.6825776994228363,0.6716932535171509,0.6613761961460114,0.6495841473340989,0.6378894448280334,0.6277460932731629,0.6161330729722977,0.6057471245527267,0.5939760655164719,0.5840543776750564,0.5731249004602432,0.5627118438482285,0.5524277418851853,0.5409404754638671,0.5296446561813355,0.5204063266515732,0.5085898980498313,0.49816125482320783,0.486375167965889,0.4767660528421402,0.4653685256838799,0.45516609102487565,0.4440892577171326,0.43272486627101897,0.42187639474868777,0.41174100488424303,0.4003229647874832,0.3892888769507408,0.3793388694524765,0.36891867965459824,0.35750550776720047,0.34570425748825073,0.3353385075926781,0.3247101753950119,0.3124835789203644,0.3008428364992142,0.2901075556874275,0.27922598123550413,0.26831188052892685,0.2567515566945076,0.24258514642715454,0.23367370516061783,0.22163858264684677,0.20954175293445587,0.20142178758978843,0.18839361295104026,0.17563584744930266,0.16411468386650085,0.15595520213246344,0.13936723321676253,0.12695382609963418,0.11664045862853527,0.10313693024218082,0.09843226671218872,0.0867045447230339,0.07315261363983154,0.07457181215286254,0.0,0.07710032239556312,0.08272887207567692,0.08982859551906586,0.11014747396111488,0.12923644930124284,0.15291709899902345,0.17371613681316375,0.2056537725031376,0.265440060198307
t_8,1.4153225302696228,1.414515393972397,1.4152397811412811,1.4140363454818725,1.4133861243724823,1.4126670360565186,1.4113719582557678,1.4102051079273223,1.408467137813568,1.407771933078766,1.4066780149936675,1.4054939150810242,1.4051579535007477,1.4037732362747193,1.4034784495830537,1.4019788205623627,1.4002804279327392,1.3991734504699707,1.3985095202922821,1.3970551133155822,1.3955111503601074,1.3952861070632934,1.3938771963119507,1.3920295178890227,1.3904148936271667,1.3894792258739472,1.388860386610031,1.3866765260696412,1.3851731300354004,1.384183394908905,1.3820722639560699,1.380894011259079,1.3788347244262695,1.3772246062755584,1.3749866425991057,1.372523456811905,1.3712921559810638,1.3686942756175995,1.367288887500763,1.3647740244865418,1.3630498409271241,1.359776997566223,1.3573913276195526,1.3557785987854003,1.3524057745933533,1.3494655013084411,1.3464808285236358,1.3436973929405212,1.3407243192195892,1.3380126893520354,1.334099179506302,1.3304863631725312,1.3271067678928374,1.3237162709236145,1.3195316672325135,1.315760040283203,1.3117024719715118,1.307638669013977,1.3039716243743897,1.2993411302566529,1.2942443132400512,1.289472633600235,1.2855134189128876,1.2803130745887756,1.2758035778999328,1.2715030431747436,1.2663380563259126,1.2603869438171387,1.2570669114589692,1.2522679209709167,1.247256326675415,1.240606564283371,1.235619181394577,1.2311996519565582,1.2250061511993409,1.2190476894378661,1.213583952188492,1.206681877374649,1.2001319527626038,1.1937663733959198,1.1882627248764037,1.1818068861961364,1.1731713116168976,1.1668130218982697,1.1598106026649475,1.1541590988636017,1.1460274159908295,1.139216959476471,1.13102685213089,1.1232614934444427,1.1159277200698852,1.1078328490257263,1.0996182322502137,1.091677153110504,1.082835078239441,1.0753577470779419,1.0654646456241608,1.0566490292549133,1.0474953651428223,1.036963814496994,1.029340723156929,1.0194321304559708,1.0106691777706147,1.0005856782197953,0.9926427483558655,0.9820109307765961,0.9727241426706315,0.9623174160718918,0.9524539262056351,0.9425591796636581,0.9337651669979096,0.9219884216785431,0.9131594657897949,0.9019522160291672,0.8915965050458908,0.8806156873703003,0.869812262058258,0.8589765012264252,0.8477923601865769,0.8375846087932587,0.8261504590511322,0.8177812725305558,0.8076930969953537,0.7948765724897384,0.7838880151510239,0.7742585688829422,0.7651926189661026,0.7551104426383972,0.7426479399204254,0.7331217646598815,0.7201951146125793,0.712144872546196,0.7008492201566696,0.6897516429424286,0.6790496796369553,0.669142210483551,0.6573225766420364,0.6457526803016662,0.6362389832735061,0.6243012815713882,0.6141610950231552,0.6026199072599411,0.5929061293601989,0.5818466633558274,0.5720810443162918,0.5617065817117691,0.5508997976779938,0.5391619145870209,0.5301927715539932,0.5198107421398163,0.5082838281989097,0.4975424215197563,0.4869048669934273,0.4773850366473198,0.468057481944561,0.45514634251594543,0.44460070729255674,0.4339100494980812,0.4233606785535812,0.4119791328907013,0.40149619430303574,0.3918465808033943,0.3812986671924591,0.3701906889677048,0.3588885381817818,0.3492900922894478,0.3385336875915527,0.32558968365192414,0.31491671651601794,0.30369196832180023,0.2934472218155861,0.2816460892558098,0.27039536237716677,0.25778221189975736,0.24700015485286714,0.2359813168644905,0.2241164304316044,0.21338719874620438,0.20156845524907113,0.1887285254895687,0.1800270102918148,0.16596242040395737,0.1543562591075897,0.1417706660926342,0.12957404926419258,0.11770511046051979,0.10303508043289185,0.0971904031932354,0.0875261414796114,0.08047055341303348,0.07710032239556312,0.0,0.07149139977991581,0.07760816849768162,0.09301099739968777,0.10606465972959996,0.1313603065907955,0.1561070203781128,0.1883772850036621,0.2482868030667305
t_7,1.4149618804454804,1.4141696453094483,1.4148843705654144,1.4136909306049348,1.413046842813492,1.4123386919498444,1.4110564172267914,1.4098912239074708,1.408173108100891,1.40747589468956,1.4063998103141784,1.4052200257778167,1.4048956036567688,1.4035261869430542,1.4032329857349395,1.4017465889453888,1.400076872110367,1.3989734709262849,1.398316705226898,1.3968789458274842,1.3953484535217284,1.3951194524765014,1.3937252163887024,1.391884207725525,1.3902776181697845,1.3893523871898652,1.3887247681617736,1.3865519642829895,1.3850553154945373,1.3840813219547272,1.381974995136261,1.3808088839054107,1.378768640756607,1.3771623909473418,1.3749356269836426,1.3724767088890075,1.3712614178657532,1.368662464618683,1.3672599852085114,1.364748775959015,1.363024264574051,1.3597749412059783,1.3573928356170655,1.3557833194732667,1.352404671907425,1.3494868576526642,1.346514892578125,1.3437333583831788,1.3407548129558564,1.3380451202392578,1.3341599643230437,1.3305557370185852,1.3271742045879364,1.3238093495368957,1.319627583026886,1.3158816576004029,1.31183220744133,1.3078079998493195,1.3041452407836913,1.299536943435669,1.2944778323173523,1.2897444427013398,1.2858071029186249,1.280628603696823,1.276121824979782,1.2718564569950104,1.2667509853839873,1.2608219921588897,1.257503128051758,1.2527446091175078,1.2477734088897705,1.241173005104065,1.2362233817577362,1.2318199753761292,1.2256544530391693,1.2197374045848846,1.2143055319786071,1.2074604332447052,1.2009497821331023,1.1946273684501647,1.1891599655151368,1.1827774882316588,1.1741807162761688,1.1678881108760835,1.16094451546669,1.1552846014499665,1.1472810328006744,1.1404844999313355,1.1323805928230286,1.1246766448020935,1.1174400866031646,1.1093604624271394,1.1012329936027527,1.093400639295578,1.0846513867378236,1.077226424217224,1.0674199104309081,1.0586733639240264,1.0496289551258087,1.0391921997070312,1.0317054748535157,1.0218656986951828,1.0131831496953965,1.0032680451869964,0.9953763633966446,0.9848266392946243,0.975655534863472,0.9652809858322143,0.9556029319763184,0.9458438366651535,0.9372245609760285,0.9255624145269394,0.916887703537941,0.9057871967554092,0.8955650418996811,0.8846956551074981,0.8740670174360275,0.8632997691631317,0.8522599220275879,0.842282983660698,0.8309451848268509,0.8226740539073945,0.8128146260976792,0.8001281261444092,0.7892862647771836,0.7797769516706466,0.7710836052894592,0.761037802696228,0.7487871319055557,0.7393137097358704,0.7265731215476989,0.7187269508838654,0.7075341939926147,0.6965319693088532,0.6860244244337081,0.6764049917459488,0.6648346960544587,0.6534009397029876,0.644146791100502,0.6322307676076889,0.6223815858364106,0.6111470103263855,0.601464906334877,0.5905004292726517,0.581043204665184,0.5707556635141373,0.5601449221372604,0.5488091200590134,0.5401147961616516,0.529938605427742,0.5183401226997375,0.5078550234436989,0.4975078657269478,0.4881947532296181,0.4792323067784309,0.4663427621126175,0.4557920008897781,0.44549487084150313,0.43506254106760023,0.42416368424892426,0.4137247815728188,0.4042946994304657,0.39402604252099993,0.38296291828155515,0.37186927497386935,0.36264483630657196,0.35225448459386827,0.33927841037511824,0.3288582593202591,0.31752525120973585,0.3076515763998032,0.296482615172863,0.2856512159109116,0.27276497334241867,0.26213576048612597,0.2514059416949749,0.24014104828238486,0.2291663706302643,0.21640675142407417,0.20504285395145416,0.19601939097046853,0.1823219507932663,0.17004988193511963,0.15709516331553458,0.1463558293879032,0.13428373858332635,0.12101323120296001,0.10601589493453503,0.09933804534375668,0.09183537550270557,0.08272887207567692,0.07149139977991581,0.0,0.07300462126731873,0.08360067717730998,0.09632049947977066,0.11708789579570293,0.14050785303115845,0.1728470265865326,0.23298105150461196
t_6,1.4153150260448455,1.414530521631241,1.4152400016784668,1.414053165912628,1.4134059429168702,1.4126916825771332,1.4114150822162628,1.4102655053138733,1.4085482895374297,1.4078574180603027,1.406786674261093,1.4056205570697784,1.405290240049362,1.403926020860672,1.4036307036876678,1.4021547794342042,1.400470221042633,1.3993791162967681,1.3987266719341278,1.3972933173179627,1.395767968893051,1.3955548882484436,1.3941653847694397,1.3923397839069367,1.390746933221817,1.3898323059082032,1.3892137944698333,1.3870646893978118,1.3855654358863831,1.3845997214317323,1.3825040340423584,1.381342703104019,1.3792998909950256,1.3777170538902284,1.3755026042461396,1.3730574548244476,1.3718412518501282,1.3692660629749298,1.3678643107414246,1.3653687179088592,1.363649272918701,1.3604128897190093,1.3580302357673646,1.3564265191555023,1.353080040216446,1.3501634359359742,1.347201269865036,1.3444560527801515,1.3414960145950316,1.3387980461120605,1.3349151253700255,1.3313328146934509,1.3279764354228973,1.3245968520641327,1.3204604804515838,1.3167271971702577,1.312701052427292,1.3086718678474427,1.305020385980606,1.3004701733589172,1.2954054415225982,1.2907089710235595,1.2867689609527588,1.2816341042518615,1.2771758913993836,1.2729055762290955,1.2677912592887879,1.2619215309619904,1.2586092710494996,1.2538923084735871,1.2489210307598113,1.2423743665218354,1.2373924791812896,1.2330540776252747,1.2269463896751405,1.2210739433765412,1.2156720459461212,1.2088871121406555,1.2024253368377686,1.1961344182491302,1.1906955063343048,1.1842932105064392,1.1758318543434143,1.1695312440395356,1.1626563847064972,1.157076233625412,1.1490593016147614,1.1423534393310546,1.1342901706695556,1.1266753852367402,1.119412499666214,1.1115188658237458,1.1034296095371245,1.0955568611621858,1.0869301557540894,1.0796207189559937,1.0698806643486023,1.0612436771392821,1.0522166192531586,1.0419110774993896,1.0343952417373656,1.0247251510620117,1.0161103308200836,1.0062179386615753,0.9984019041061402,0.9880146503448486,0.9789645582437515,0.9688012480735779,0.9591673582792282,0.9494308143854141,0.9408098757266998,0.9293305784463882,0.9206669896841049,0.9098061859607697,0.8996608912944793,0.8889334797859192,0.8785105526447297,0.8679113298654556,0.8570468097925186,0.8470504522323609,0.8360098749399185,0.827808466553688,0.8178850591182709,0.8055278152227402,0.7948454916477203,0.7854617357254028,0.7765188604593277,0.7666857689619064,0.7547067821025848,0.7454634934663773,0.7330191016197205,0.7250750750303269,0.7141584694385529,0.7033590227365494,0.693061426281929,0.683424574136734,0.6720254004001618,0.6608596235513687,0.6515783220529556,0.6401824176311492,0.6303477019071579,0.6192826569080353,0.6098743319511414,0.5992048472166062,0.5897388607263565,0.5797274440526963,0.5692392468452454,0.5581376075744628,0.5495076388120651,0.5392563730478287,0.5283541947603225,0.5178367704153061,0.5078025206923484,0.49833804070949556,0.48920354545116423,0.4772209018468857,0.46704345047473905,0.4566332921385765,0.44668598771095275,0.43590377271175385,0.42577432096004486,0.41636318266391753,0.40633403062820433,0.3955180913209915,0.38456208258867264,0.3753299847245216,0.36501684337854384,0.3526672378182411,0.34224618822336195,0.33166920095682145,0.32159673869609834,0.3104385882616043,0.299654945731163,0.28707075119018555,0.2769727692008018,0.2661027178168297,0.2543081410229206,0.24431295841932296,0.23233908861875535,0.2200373686850071,0.21066672578454018,0.19777833223342894,0.18496220409870148,0.1718194715678692,0.15991391539573668,0.14713684767484664,0.13495882824063302,0.12372465245425701,0.10983932316303253,0.10082816369831563,0.08982859551906586,0.07760816849768162,0.07300462126731873,0.0,0.07416636645793914,0.08377525731921195,0.10590444765985012,0.12580553144216539,0.15747298151254654,0.21880603283643724
t_5,1.4153031945228576,1.4145410656929016,1.4152490735054015,1.4140840530395509,1.4134557664394378,1.4127535045146942,1.411503553390503,1.4103861510753632,1.4087040662765502,1.4080273628234863,1.4069778501987458,1.4058421313762666,1.4055176675319672,1.4041871547698974,1.4039127945899963,1.4024727404117585,1.4008254170417787,1.3997772812843323,1.399131280183792,1.3977393746376037,1.3962395131587981,1.3960327863693238,1.394675886631012,1.3928703546524048,1.3912965595722198,1.3903973877429963,1.3898097276687622,1.3876823723316192,1.386206978559494,1.3852607369422913,1.3832044839859008,1.3820671439170837,1.3800602734088898,1.378491061925888,1.3763042986392975,1.373883980512619,1.3726717233657837,1.3701299011707306,1.3687476813793182,1.3662834107875823,1.364580750465393,1.3613667428493499,1.3590290427207947,1.3574338257312775,1.3541255712509155,1.351239448785782,1.3482940733432769,1.3455605328083038,1.3426366686820983,1.3399619340896607,1.3361155033111571,1.3325609862804413,1.3292371153831481,1.3258996844291686,1.3217988073825837,1.318110203742981,1.3141249775886537,1.3101456940174103,1.3065633654594422,1.3020262837409973,1.29703249335289,1.2923660278320312,1.288505244255066,1.283406537771225,1.279002422094345,1.274789673089981,1.2697569131851196,1.2639108896255493,1.2606770277023316,1.2559944987297058,1.251089298725128,1.2445942997932433,1.2397175431251526,1.235408902168274,1.2293570339679718,1.2235455513000488,1.2182057321071624,1.2114866733551026,1.2051172614097596,1.198888909816742,1.1935394942760467,1.1872677624225616,1.1788301050662995,1.1726486742496491,1.1658111929893493,1.1602593660354614,1.1524064600467683,1.1457251012325287,1.1377831161022187,1.1302175283432008,1.1231259822845459,1.1151896238327026,1.1072138488292693,1.0995558023452758,1.090959334373474,1.0837029814720154,1.0740384459495544,1.0654570579528808,1.0566330075263977,1.0463770151138305,1.0390554547309876,1.0293992817401887,1.0209462106227876,1.0112187206745147,1.0035547584295272,0.9931888163089753,0.9842175036668778,0.974130317568779,0.9645703434944153,0.9551047325134278,0.9467024862766266,0.9352979302406311,0.9268382400274277,0.915997764468193,0.9060281097888947,0.8954366832971573,0.885066670179367,0.874595308303833,0.8637905776500702,0.8541754215955735,0.8430391818284988,0.835077565908432,0.8255232542753219,0.8130655109882354,0.802544915676117,0.7933287501335144,0.784922742843628,0.7751893699169159,0.7631964027881623,0.7541081488132477,0.7417609691619873,0.7341975569725037,0.7233440160751343,0.7127703815698624,0.7026433348655701,0.6932779937982559,0.6822572171688079,0.6711276739835739,0.6621520638465881,0.6507055252790451,0.6412029147148133,0.630407276749611,0.6210265904664993,0.6104849338531494,0.6015064626932144,0.5915573209524154,0.5814362376928329,0.5705063223838807,0.5622012466192245,0.5525186657905579,0.5411170661449433,0.5312548190355301,0.5212330967187881,0.5124162852764129,0.5037445038557052,0.49144977480173113,0.48150871098041537,0.47160355001688004,0.4614779785275459,0.45110244750976564,0.4410901591181755,0.4319796532392502,0.42223344594240186,0.4117398574948311,0.40096853375434877,0.3924105942249298,0.38230892419815066,0.36987651586532594,0.35969787985086443,0.3491364598274231,0.33940126895904543,0.32875113040208814,0.3184137105941772,0.30610510259866713,0.2957321271300316,0.28537403643131254,0.27414376884698866,0.26340271532535553,0.25208398550748823,0.2391241356730461,0.23157981485128404,0.21744908019900322,0.2049785651266575,0.1934318207204342,0.17978850305080413,0.16847068592905998,0.15455236434936523,0.14371872320771217,0.12980116605758668,0.12023651078343392,0.11014747396111488,0.09301099739968777,0.08360067717730998,0.07416636645793914,0.0,0.07496039606630803,0.089245630428195,0.10884236916899681,0.140293238312006,0.20013150423765183
t_4,1.4142285346984864,1.4134678423404694,1.4141725957393647,1.413002187013626,1.4123710513114929,1.4116743087768555,1.4104319989681244,1.4093129098415376,1.4076428413391113,1.4069621086120605,1.4059196352958678,1.4047958195209502,1.4044818162918091,1.4031552791595459,1.4028833866119386,1.4014662683010102,1.3998246312141418,1.3987868189811707,1.3981533110141755,1.396773087978363,1.3952901840209961,1.3950886845588684,1.3937397658824922,1.3919576585292817,1.3904011726379395,1.389514034986496,1.3889178216457367,1.3868158221244813,1.385354506969452,1.384410375356674,1.38237344622612,1.3812299489974975,1.3792392373085023,1.3776896715164184,1.3755113363265992,1.3730964601039886,1.3718894362449645,1.3693561553955078,1.3679859697818757,1.365526956319809,1.363822489976883,1.3606182217597962,1.358285617828369,1.356693333387375,1.3533962547779084,1.3505213677883148,1.3475780606269836,1.3448589026927948,1.3419337451457978,1.3392666041851045,1.3354368209838867,1.3319093108177185,1.3286066114902497,1.3252873063087462,1.3211938083171844,1.317499589920044,1.313529646396637,1.309581458568573,1.3060166835784912,1.3015011548995972,1.2965349555015564,1.2918912410736083,1.2880368947982788,1.2829689979553223,1.2785642445087433,1.2743852317333222,1.2693681061267852,1.2635683178901673,1.2603550493717193,1.2556858360767365,1.2508298933506012,1.2443921625614167,1.2395569384098053,1.2352643609046936,1.2292680144309998,1.2234942376613618,1.2181876242160796,1.2115094602108,1.2051921367645264,1.1990585029125214,1.1937300622463227,1.1875294387340545,1.1791807889938355,1.1730478703975677,1.166325956583023,1.160798317193985,1.1530222296714783,1.14642214179039,1.1385644972324371,1.1310288608074188,1.1240201354026795,1.1162336409091949,1.1083163261413573,1.100756162405014,1.0922207474708556,1.0850450575351716,1.075600451231003,1.067136424779892,1.0583920300006866,1.0483394980430603,1.0411053717136383,1.0315453469753266,1.0231894075870513,1.0136726379394532,1.0060584008693696,0.995836865901947,0.9869675159454345,0.9770769864320755,0.9677719742059707,0.9583053082227707,0.9501260668039322,0.9388107180595398,0.9305933147668839,0.9198376059532165,0.9100893855094909,0.8997304141521454,0.8895478993654251,0.8792229354381561,0.8686972260475159,0.8591075450181961,0.8483585029840469,0.8404606133699417,0.831046411395073,0.8190017133951187,0.8086480259895324,0.7995868504047394,0.791384419798851,0.7818754702806473,0.7702012538909913,0.7613041698932648,0.7491268545389176,0.7417124718427658,0.7310832142829895,0.7207587152719498,0.7108692526817322,0.7017420649528503,0.6906564176082611,0.6799495100975037,0.6713381290435791,0.6601245045661926,0.6507629811763763,0.640120929479599,0.6312527656555176,0.6208709657192231,0.6120632290840149,0.6024681568145752,0.5927152544260025,0.5817048400640488,0.5734218329191207,0.5643774420022964,0.5535246908664704,0.5437400430440903,0.5336616933345795,0.5254438102245331,0.5171217262744904,0.5047801807522774,0.4953052490949631,0.4854860186576843,0.4757478579878807,0.4654507294297218,0.45603030174970627,0.44723241627216337,0.43749646842479706,0.42738865613937377,0.4171004995703697,0.4084987908601761,0.39853223115205766,0.38641180992126467,0.37705138325691223,0.3663848087191582,0.3570331081748009,0.34606758058071135,0.33590755313634874,0.3244960084557533,0.31401084214448927,0.30389738231897356,0.29277161210775376,0.2819636031985283,0.27080282717943194,0.2593617275357246,0.25088703334331514,0.23650596886873246,0.22570395544171334,0.21307520493865012,0.20005056485533715,0.18905041366815567,0.17460859715938568,0.16323870345950126,0.15113626644015313,0.13866102024912835,0.12923644930124284,0.10606465972959996,0.09632049947977066,0.08377525731921195,0.07496039606630803,0.0,0.07477317117154599,0.09429575651884078,0.12007857076823711,0.18189519122242928
t_3,1.41449716091156,1.4137430548667909,1.4144399046897889,1.413287979364395,1.4126616597175599,1.4119784712791443,1.410752034187317,1.4096450567245484,1.4079979181289672,1.4073343515396117,1.4063004493713378,1.4051851987838746,1.404875499010086,1.4035569369792937,1.403290057182312,1.4018797993659973,1.4002579748630524,1.3992322444915772,1.3986104607582093,1.3972472965717315,1.3957730650901794,1.3955824077129364,1.394240415096283,1.3924723029136659,1.3909220099449158,1.3900389671325684,1.3894456326961517,1.38736532330513,1.3859161734580994,1.3849894523620605,1.3829566299915315,1.381831121444702,1.3798456013202667,1.3783082008361816,1.3761491239070893,1.3737483501434327,1.3725673794746398,1.3700464069843292,1.3686813592910767,1.366233718395233,1.3645370125770568,1.361358290910721,1.359033203125,1.357451891899109,1.3541780769824983,1.351322102546692,1.3484048008918763,1.345701313018799,1.342786580324173,1.3401475071907043,1.3363569319248199,1.3328446388244628,1.3295503854751587,1.3262615621089935,1.3222013235092163,1.3185238242149353,1.3145834743976592,1.3106641888618469,1.307122927904129,1.3026260137557983,1.2976925849914551,1.293107259273529,1.2892765045166015,1.2842374384403228,1.2798623442649841,1.275725430250168,1.270769876241684,1.2649998486042022,1.2617939174175263,1.2571715533733367,1.2523420035839081,1.2459571957588196,1.2411601841449738,1.2368963003158568,1.2309365451335907,1.2252247035503387,1.2199688673019409,1.2133674025535583,1.207079565525055,1.2009758234024048,1.1957055032253265,1.1895642638206483,1.1812616407871246,1.1752294063568116,1.1685535848140716,1.163054382801056,1.1553697288036346,1.1488082468509675,1.1410240173339843,1.133584976196289,1.1266464233398437,1.118892365694046,1.1110641658306122,1.103612768650055,1.095159149169922,1.0880633473396302,1.0786969602108,1.0703095734119414,1.061708265542984,1.051729565858841,1.0445953726768493,1.0351535558700562,1.0269067585468292,1.017499253153801,1.0099821776151656,0.9998756915330886,0.9911312222480774,0.9813146322965622,0.9721208959817886,0.9628407269716263,0.9547888398170471,0.9436460763216019,0.9355300754308701,0.9249769389629364,0.9153696328401566,0.9051159471273422,0.8950976550579071,0.8849143087863922,0.8745482087135314,0.8652164697647095,0.8545543432235718,0.8468137383460999,0.8376565366983414,0.8257344931364059,0.815566211938858,0.8066700965166091,0.7987598538398742,0.7893191814422608,0.7779019743204116,0.7691282480955124,0.7572051823139191,0.7499887257814407,0.7395497679710388,0.7294104784727097,0.7197183758020401,0.7108811348676681,0.7001753836870194,0.6896172851324082,0.6811733573675156,0.6702121824026108,0.6611389368772507,0.6508710503578186,0.6420504033565522,0.6318697094917297,0.6233865767717361,0.613989844918251,0.6045283883810043,0.5940047770738601,0.5859701871871948,0.5771249413490296,0.5663636922836304,0.5569648414850235,0.5472217947244644,0.5392938047647476,0.5313520312309266,0.5192892968654632,0.5098338201642036,0.5005151063203812,0.4909421309828758,0.4811817541718483,0.47182917296886445,0.4633845999836922,0.4539763793349266,0.4441327899694443,0.4342309758067131,0.4257641419768333,0.41636898219585416,0.4044421032071114,0.39549518525600436,0.38500194400548937,0.3761036619544029,0.365646967291832,0.35577004253864286,0.34457316547632216,0.3344328001141548,0.32454571425914763,0.3143038064241409,0.3031332403421402,0.29247131645679475,0.28145545572042463,0.2732421085238457,0.2591459766030312,0.24847539141774178,0.23673569709062575,0.2237843669950962,0.21282270699739456,0.19857197552919387,0.18619186282157899,0.17507697492837906,0.1625637337565422,0.15291709899902345,0.1313603065907955,0.11708789579570293,0.10590444765985012,0.089245630428195,0.07477317117154599,0.0,0.07645204998552799,0.10212333388626575,0.16076208651065826
t_2,1.4152500927448273,1.4145051836967468,1.4152038455009461,1.4140409350395202,1.413409525156021,1.412718403339386,1.4114923775196075,1.4103900790214539,1.408726167678833,1.4080507159233093,1.4070157349109649,1.4058948457241058,1.4055815279483794,1.4042517483234405,1.4039765059947968,1.4025653541088103,1.4009103894233703,1.3998833477497101,1.3992552697658538,1.3978729844093323,1.3963736593723297,1.3961995899677277,1.3948374271392823,1.3930609941482544,1.3915101349353791,1.3906277596950531,1.3900212287902831,1.3879604458808898,1.3864846169948577,1.38557208776474,1.383534836769104,1.3824149429798127,1.3804061233997345,1.3789066314697265,1.3767587959766387,1.374366396665573,1.3731911897659301,1.3706997752189636,1.3693413972854613,1.3668949544429778,1.3652351558208466,1.3620846748352051,1.3597648859024047,1.3581961631774901,1.3549600958824157,1.3521049916744232,1.349202996492386,1.3465378880500793,1.3436677753925323,1.3410464644432067,1.3372710704803468,1.3338015675544739,1.3305402934551238,1.32724769115448,1.3232524752616883,1.3195955872535705,1.315705382823944,1.3117845475673675,1.3082537591457366,1.3038565039634704,1.2989305317401887,1.2944062769412994,1.2905629336833955,1.2855803430080415,1.2812917232513428,1.2771484851837158,1.2721916615962983,1.2665295600891113,1.2633482813835144,1.2587814450263977,1.2539906561374665,1.2476601779460907,1.2428165078163147,1.2386431217193603,1.2327474653720856,1.2270726025104524,1.2218757271766663,1.215337198972702,1.2091134071350098,1.2030349552631379,1.1977926015853881,1.1916132271289825,1.1834902226924897,1.177436000108719,1.17081778049469,1.1654504060745239,1.1577336490154266,1.1513118028640748,1.1435665249824525,1.136277574300766,1.1292765080928802,1.1217593610286714,1.1140025496482848,1.1064374685287475,1.0982203006744384,1.0912347435951233,1.0819645345211029,1.0736995697021485,1.0651503086090088,1.0553270339965821,1.0481163382530212,1.0389949917793273,1.0307922959327698,1.021344056725502,1.0139569133520125,1.0040968179702758,0.9955179214477539,0.9859006524085998,0.9767634987831115,0.967558029294014,0.9594383478164673,0.948613366484642,0.9404338657855987,0.9302608013153076,0.9207228630781173,0.9106539845466614,0.9008698165416718,0.8909737676382065,0.8807633489370346,0.8714357107877732,0.861140039563179,0.8534565061330796,0.8442775994539261,0.8328368604183197,0.822884413599968,0.8141418248414993,0.8059006989002228,0.7967418193817138,0.7857649594545364,0.7772422224283219,0.7657458454370498,0.7584337681531906,0.7484467327594757,0.7385560959577561,0.7290522634983063,0.720219099521637,0.7097665667533875,0.699554619193077,0.691048938035965,0.6807613044977188,0.6718618482351303,0.6617884576320648,0.6532821089029313,0.6434937000274659,0.6350004643201828,0.6260540693998337,0.6165256112813949,0.6065970003604889,0.5986602962017059,0.5895917922258377,0.5797803372144699,0.570373073220253,0.5611225098371506,0.5531113892793655,0.5449918001890183,0.534056031703949,0.5248259276151657,0.5156658083200455,0.5067044883966446,0.4971894085407257,0.4879303574562073,0.47983662188053133,0.47070292234420774,0.4612055093050003,0.4516587808728218,0.44307364374399183,0.43385943323373793,0.42293414324522016,0.4140338659286499,0.40422110706567765,0.395424510538578,0.3853818982839584,0.3755524933338165,0.3642933800816536,0.3549620985984802,0.34536663591861727,0.3348566949367523,0.32491562962532045,0.31427667289972305,0.3037847429513931,0.2943830668926239,0.2821810215711594,0.2717936098575592,0.2585267052054405,0.24733336567878722,0.2357597269117832,0.22289814949035644,0.20970398783683777,0.19699773117899894,0.18588973581790924,0.17371613681316375,0.1561070203781128,0.14050785303115845,0.12580553144216539,0.10884236916899681,0.09429575651884078,0.07645204998552799,0.0,0.07872158102691174,0.13940851613879204
t_1,1.415657216310501,1.4149381697177887,1.4156339466571808,1.4144885182380675,1.4138676643371582,1.4131878554821014,1.411985033750534,1.4109017908573152,1.409259182214737,1.4085973381996155,1.40759157538414,1.4064924538135528,1.406183135509491,1.4048890829086305,1.4046230733394622,1.4032534897327422,1.401619517803192,1.4006134271621704,1.3999911487102508,1.3986412763595581,1.3971678614616394,1.3969994187355042,1.3956672132015229,1.393910551071167,1.3923732936382294,1.3915043830871583,1.39091614484787,1.3888695120811463,1.3873999059200286,1.3865053713321687,1.3844947040081024,1.3833863496780396,1.3813815474510194,1.3798971891403198,1.3777640640735627,1.3753830671310425,1.3742152392864226,1.3717329382896424,1.3703775346279143,1.3679420709609986,1.3662956714630128,1.3631671905517577,1.360861897468567,1.3593032956123352,1.356081223487854,1.3532398402690888,1.350354129076004,1.3477032601833343,1.344826054573059,1.3422226548194884,1.338472205400467,1.3350272536277772,1.3317953944206238,1.3285213232040405,1.324535596370697,1.3208978116512298,1.3170477747917175,1.3131314098834992,1.3096318364143371,1.3052661001682282,1.300363039970398,1.2958675503730774,1.2920453369617462,1.2871007680892945,1.282825416326523,1.278712022304535,1.273784154653549,1.2681727707386017,1.264997375011444,1.2604553699493408,1.2556998789310456,1.2494112730026246,1.244608461856842,1.2404661655426026,1.2346316218376159,1.2290000021457672,1.223850417137146,1.2173714458942413,1.2111984372138977,1.2051764249801635,1.1999974846839905,1.1938690364360809,1.1858267724514007,1.1798316955566406,1.173305368423462,1.1679997861385345,1.1603754937648774,1.1540363729000092,1.1463861346244812,1.1392045497894288,1.1322625279426575,1.1248932003974914,1.1172324001789093,1.1097453474998473,1.101646935939789,1.0947932004928589,1.0856651067733765,1.0775150775909423,1.0690732419490814,1.059418684244156,1.0523071765899659,1.0433499753475188,1.0352456271648407,1.0259722828865052,1.018719917535782,1.009042751789093,1.0006384015083314,0.9912129878997803,0.9822583496570587,0.9732031285762787,0.9652422219514847,0.9546254396438598,0.9466106206178665,0.9366788834333419,0.9273415833711625,0.9174831598997116,0.9079399168491363,0.8982436388731003,0.8883115082979203,0.8791368782520295,0.8691551178693772,0.8616335093975067,0.8526362091302871,0.841562095284462,0.8318667382001876,0.8233543336391449,0.8152810543775558,0.806363508105278,0.7957399070262909,0.7874316781759262,0.7762557476758957,0.7691162467002869,0.7594124346971511,0.7498198717832565,0.7406246662139893,0.7320741146802903,0.7218948900699615,0.7120806336402893,0.7038486331701279,0.6938858926296234,0.6853117555379867,0.6755262821912765,0.6673700153827667,0.6579541206359864,0.6497012257575989,0.641123428940773,0.6319996893405915,0.6223765313625336,0.614723065495491,0.6059832006692887,0.5966675817966461,0.5876036912202836,0.5787188291549683,0.5709615588188172,0.5632023245096207,0.55275958776474,0.54388547539711,0.5350422471761703,0.5265428245067596,0.5173960834741592,0.5086099445819855,0.5008428037166596,0.49207513481378556,0.4829635739326477,0.4738505944609642,0.4656046435236931,0.45687088221311567,0.44638857841491697,0.43794681280851366,0.4284604400396347,0.4200349792838097,0.41045003682374953,0.4011091932654381,0.3903352484107018,0.3814664125442505,0.3722726613283157,0.3622056320309639,0.35275249034166334,0.34242180436849595,0.33266599029302596,0.32333194017410277,0.31170544475317,0.301714026927948,0.28895086646080015,0.2780158489942551,0.2667936757206917,0.254759681224823,0.2415964797139168,0.22925403118133544,0.21804201528429984,0.2056537725031376,0.1883772850036621,0.1728470265865326,0.15747298151254654,0.140293238312006,0.12007857076823711,0.10212333388626575,0.07872158102691174,0.0,0.10803726501762867
t_0,1.4154218077659606,1.414796668291092,1.415492832660675,1.4144339442253113,1.4138691842556,1.4132679760456086,1.4121906220912934,1.4112015962600708,1.409685981273651,1.4090961694717408,1.4081861853599549,1.4071967661380769,1.4069380700588225,1.4057882130146027,1.4055757522583008,1.4043283998966216,1.4028425216674805,1.4019405841827393,1.4013552725315095,1.4001396596431732,1.3987896919250489,1.398645716905594,1.3974072694778443,1.3957647144794465,1.3942947089672089,1.3934753358364105,1.3929860711097717,1.391003715991974,1.3896240592002869,1.3887644171714784,1.3868107140064239,1.3857471942901611,1.3838670909404756,1.3823520183563232,1.3802882194519044,1.3779567241668702,1.3767986655235291,1.3743477880954742,1.3730046987533568,1.3706313788890838,1.3689822018146516,1.3658811688423156,1.3636275053024292,1.362048590183258,1.3588224530220032,1.3560326874256134,1.3531657755374908,1.3504753708839417,1.347591018676758,1.344974148273468,1.3412560939788818,1.337803268432617,1.3345833599567414,1.3313543796539307,1.327290451526642,1.3237214803695678,1.3198671638965607,1.3160304307937623,1.3125798046588897,1.3080837905406952,1.303288596868515,1.2988023936748505,1.2950592458248138,1.2901021242141724,1.2857655882835388,1.281765353679657,1.27696173787117,1.2712478697299958,1.2681491374969482,1.263593715429306,1.2588744282722473,1.2526423454284668,1.2480161130428313,1.2438235998153686,1.2380236208438873,1.2324204623699189,1.2273468673229218,1.2209372818470001,1.214826363325119,1.2088829696178436,1.203866297006607,1.1979458928108215,1.1898191690444946,1.184021419286728,1.1775342047214508,1.1721313655376435,1.1649166524410248,1.1584947049617766,1.1510758519172668,1.1438662111759186,1.1372700035572052,1.1297028243541718,1.1221936821937561,1.115235036611557,1.1070400476455688,1.1002382576465606,1.0912524700164794,1.08323792219162,1.0750520825386047,1.0655393838882445,1.0589383721351624,1.049777591228485,1.0419623911380769,1.0332314312458037,1.0261010766029357,1.0163919568061828,1.008154222369194,0.9988535284996033,0.990203806757927,0.9815971106290817,0.9742439150810241,0.9635893672704696,0.9561888188123703,0.9461665838956833,0.9372797757387161,0.9276641935110093,0.9183627843856812,0.908701840043068,0.8990078151226044,0.8905944585800171,0.8805281221866608,0.8735910385847092,0.8653428494930268,0.8540174782276153,0.8446419954299926,0.8365535616874695,0.8298231810331345,0.8210805386304856,0.8104291975498199,0.8023728281259537,0.7913151443004608,0.785070714354515,0.7752553224563599,0.7661338686943054,0.7574266970157624,0.7496424496173859,0.7400938808918,0.730488708615303,0.7231404811143876,0.7129309147596359,0.7050224304199219,0.6959657460451126,0.6878587901592255,0.6787646919488907,0.6716116398572922,0.6629343301057815,0.6550424635410309,0.6455234229564667,0.6387658059597016,0.6314476937055588,0.6211463004350662,0.6133729547262192,0.6045806854963303,0.5979766756296158,0.5914348244667054,0.5804375439882279,0.5723817437887192,0.5643713712692261,0.5558866411447525,0.5476892590522766,0.539762544631958,0.5323861390352249,0.5243839800357819,0.5159269243478775,0.5072532281279564,0.5008381396532059,0.49301026463508607,0.48223547339439393,0.474745936691761,0.4657621756196022,0.4580338940024376,0.4496605470776558,0.4418428480625153,0.4321087598800659,0.42353409081697463,0.4152586475014687,0.40690852999687194,0.3970913290977478,0.3881705358624458,0.37858791202306746,0.3729034498333931,0.3600885421037674,0.35058969259262085,0.3412023112177849,0.32976592481136324,0.32032724320888517,0.30809500962495806,0.29733569622039796,0.286644934117794,0.2754595637321472,0.265440060198307,0.2482868030667305,0.23298105150461196,0.21880603283643724,0.20013150423765183,0.18189519122242928,0.16076208651065826,0.13940851613879204,0.10803726501762867,0.0
